"Fecha","Open","High","Low","Close","Adj.Close","Volume"
2007-01-02,497.910003662109,501.390014648438,497.859985351562,501,501,68535200
2007-01-03,501.480010986328,501.799987792969,499.850006103516,501.350006103516,501.350006103516,96484400
2007-01-04,498.200012207031,500.959991455078,497.929992675781,500.329986572266,500.329986572266,117535300
2007-01-05,498.390014648438,499.209991455078,494.040008544922,494.049987792969,494.049987792969,125123300
2007-01-08,495.369995117188,495.880004882812,491.420013427734,492.809997558594,492.809997558594,113168100
2007-01-09,495.040008544922,497.970001220703,494.359985351562,495.869995117188,495.869995117188,139352700
2007-01-10,493.899993896484,494.200012207031,490.929992675781,492.489990234375,492.489990234375,122569400
2007-01-11,495.5,500.320007324219,493.220001220703,500.160003662109,500.160003662109,137645400
2007-01-12,499.440002441406,503.309997558594,499.179992675781,502.839996337891,502.839996337891,119340200
2007-01-15,504.880004882812,506.109985351562,504.75,505.380004882812,505.380004882812,113805600
2007-01-16,505.940002441406,506.720001220703,504.25,504.809997558594,504.809997558594,111554500
2007-01-17,505.880004882812,506.049987792969,502.470001220703,505.260009765625,505.260009765625,127747600
2007-01-18,506.709991455078,508.640014648438,504.239990234375,505.529998779297,505.529998779297,141957400
2007-01-19,504.5,507.190002441406,502.75,507.119995117188,507.119995117188,131767800
2007-01-22,508.399993896484,509,502.329986572266,503.510009765625,503.510009765625,118759300
2007-01-23,503.839996337891,504.269989013672,498.970001220703,502.820007324219,502.820007324219,120595100
2007-01-24,504.440002441406,507.010009765625,503.260009765625,506.549987792969,506.549987792969,105489200
2007-01-25,506.790008544922,508.519989013672,502.149993896484,503.029998779297,503.029998779297,130900200
2007-01-26,499.649993896484,501.609985351562,496.619995117188,499.799987792969,499.799987792969,155112500
2007-01-29,499.690002441406,501.769989013672,498.470001220703,500.309997558594,500.309997558594,89481200
2007-01-30,500.010009765625,503.570007324219,499.130004882812,502.829986572266,502.829986572266,108027500
2007-01-31,502,502.959991455078,499.309997558594,499.809997558594,499.809997558594,133050500
2007-02-01,505.089996337891,507.920013427734,504.470001220703,505.589996337891,505.589996337891,153543400
2007-02-02,507.230010986328,508.390014648438,505.910003662109,506.779998779297,506.779998779297,133909900
2007-02-05,506.880004882812,506.880004882812,505.390014648438,506.190002441406,506.190002441406,93891600
2007-02-06,506.209991455078,509.350006103516,506.209991455078,507.399993896484,507.399993896484,133345400
2007-02-07,507.809997558594,509.880004882812,507.5,509.079986572266,509.079986572266,117011600
2007-02-08,508.350006103516,508.709991455078,503.809997558594,504.779998779297,504.779998779297,147673300
2007-02-09,507.320007324219,508.660003662109,507.029998779297,507.299987792969,507.299987792969,114508400
2007-02-12,504.630004882812,505.5,502.5,503.769989013672,503.769989013672,112818200
2007-02-13,504.070007324219,507,504.070007324219,506.660003662109,506.660003662109,117255100
2007-02-14,508.010009765625,508.640014648438,506.339996337891,508.070007324219,508.070007324219,127858800
2007-02-15,508.670013427734,509.179992675781,506.179992675781,507.769989013672,507.769989013672,133146500
2007-02-16,507.070007324219,508.5,505.790008544922,506.100006103516,506.100006103516,131989300
2007-02-19,507,510.869995117188,507,509.220001220703,509.220001220703,103708200
2007-02-20,509.470001220703,509.549987792969,504.910003662109,508.019989013672,508.019989013672,115672800
2007-02-21,509.839996337891,511.25,507.350006103516,508.779998779297,508.779998779297,240897800
2007-02-22,510.700012207031,512.469970703125,509.329986572266,509.329986572266,509.329986572266,168291200
2007-02-23,510.559997558594,511.450012207031,508.730010986328,510.609985351562,510.609985351562,127564700
2007-02-26,511.029998779297,512.380004882812,510.239990234375,511.170013427734,511.170013427734,126222300
2007-02-27,507.399993896484,507.399993896484,499.010009765625,500.329986572266,500.329986572266,213662300
2007-02-28,491.760009765625,496.220001220703,490.049987792969,490.209991455078,490.209991455078,283289500
2007-03-01,489.579986572266,493.709991455078,477.489990234375,481.959991455078,481.959991455078,355417500
2007-03-02,484.059997558594,486.190002441406,477.070007324219,480.200012207031,480.200012207031,215757000
2007-03-05,471.160003662109,476.769989013672,469.850006103516,475.589996337891,475.589996337891,201966200
2007-03-06,479.559997558594,479.769989013672,476.489990234375,478.160003662109,478.160003662109,170620900
2007-03-07,480.279998779297,483.519989013672,477.510009765625,481.899993896484,481.899993896484,171946600
2007-03-08,486.029998779297,489.369995117188,484.769989013672,489.029998779297,489.029998779297,179275500
2007-03-09,489.040008544922,492.019989013672,486.160003662109,490.350006103516,490.350006103516,160777700
2007-03-12,493.850006103516,494.399993896484,488.25,489.540008544922,489.540008544922,154905800
2007-03-13,489.980010986328,490.290008544922,484.380004882812,484.380004882812,484.380004882812,162629900
2007-03-14,476.559997558594,478.869995117188,473.079986572266,473.380004882812,473.380004882812,232179300
2007-03-15,480.239990234375,483.390014648438,477.130004882812,483.390014648438,483.390014648438,216574000
2007-03-16,482.420013427734,485.700012207031,480.630004882812,482.140014648438,482.140014648438,236076000
2007-03-19,490.049987792969,492.440002441406,486.970001220703,492.440002441406,492.440002441406,206039700
2007-03-20,494.820007324219,498.959991455078,490.880004882812,498.290008544922,498.290008544922,205115100
2007-03-21,497.940002441406,501.929992675781,497.929992675781,500.890014648438,500.890014648438,155302400
2007-03-22,507.920013427734,511.059997558594,505.890014648438,509.010009765625,509.010009765625,197468600
2007-03-23,508.850006103516,515.330017089844,507.350006103516,513.840026855469,513.840026855469,177462400
2007-03-26,514.72998046875,515.859985351562,507.25,508.799987792969,508.799987792969,183330000
2007-03-27,511.649993896484,511.980010986328,506.709991455078,508.209991455078,508.209991455078,131042800
2007-03-28,505.899993896484,506.720001220703,503,505.109985351562,505.109985351562,137438100
2007-03-29,507.5,511.880004882812,507.420013427734,511.850006103516,511.850006103516,121546300
2007-03-30,510.540008544922,514.460021972656,509.109985351562,510.5,510.5,139576200
2007-04-02,510.5,513.330017089844,509.760009765625,512.02001953125,512.02001953125,140558300
2007-04-03,514.679992675781,516.039978027344,512.489990234375,516.039978027344,516.039978027344,128129300
2007-04-04,517.799987792969,517.919982910156,515.669982910156,517.599975585938,517.599975585938,147280200
2007-04-05,517.260009765625,519.309997558594,516.169982910156,519.289978027344,519.289978027344,112099400
2007-04-10,519.260009765625,525.349975585938,519.130004882812,524.090026855469,524.090026855469,128617100
2007-04-11,524.150024414062,526.809997558594,521.429992675781,522.099975585938,522.099975585938,138388800
2007-04-12,520.72998046875,521.739990234375,516.049987792969,518.909973144531,518.909973144531,136836900
2007-04-13,519.799987792969,524.210021972656,519.719970703125,523.679992675781,523.679992675781,133290400
2007-04-16,528.530029296875,532.22998046875,527.320007324219,532.090026855469,532.090026855469,184434800
2007-04-17,531.429992675781,533.590026855469,529.210021972656,532.679992675781,532.679992675781,158149300
2007-04-18,531.580017089844,532.349975585938,528.469970703125,531.239990234375,531.239990234375,170435300
2007-04-19,525.909973144531,529,523.75,528.659973144531,528.659973144531,142974500
2007-04-20,531.190002441406,539.080017089844,530.929992675781,536.359985351562,536.359985351562,207597200
2007-04-23,538.609985351562,538.869995117188,534.090026855469,535.469970703125,535.469970703125,160507600
2007-04-24,535.25,536.359985351562,530.640014648438,532.559997558594,532.559997558594,162182200
2007-04-25,535.630004882812,536.679992675781,532.830017089844,535.330017089844,535.330017089844,188322100
2007-04-26,536.880004882812,537.809997558594,533.469970703125,534.039978027344,534.039978027344,168571700
2007-04-27,533.179992675781,534.380004882812,529.049987792969,530.489990234375,530.489990234375,158913000
2007-04-30,528.359985351562,532.469970703125,528.359985351562,530.809997558594,530.809997558594,99775800
2007-05-02,532.090026855469,534.460021972656,529.650024414062,532.22998046875,532.22998046875,166085700
2007-05-03,536.559997558594,537.130004882812,533.039978027344,536.119995117188,536.119995117188,234043900
2007-05-04,536.859985351562,540.77001953125,536.450012207031,539.640014648438,539.640014648438,174792300
2007-05-07,540.049987792969,540.320007324219,537.320007324219,540.030029296875,540.030029296875,101585400
2007-05-08,539.239990234375,539.239990234375,535.080017089844,535.700012207031,535.700012207031,148472400
2007-05-09,535.400024414062,537.090026855469,532.960021972656,534.299987792969,534.299987792969,153898800
2007-05-10,535.159973144531,535.659973144531,528.630004882812,529.22998046875,529.22998046875,139112200
2007-05-11,525.409973144531,532,521.099975585938,531.200012207031,531.200012207031,162643300
2007-05-14,533,533.719970703125,528.72998046875,529.890014648438,529.890014648438,106450100
2007-05-15,528.030029296875,532.940002441406,525.650024414062,531.390014648438,531.390014648438,141626300
2007-05-16,530.900024414062,531.840026855469,526.820007324219,527.549987792969,527.549987792969,141523600
2007-05-17,528.880004882812,532.27001953125,527.929992675781,531.530029296875,531.530029296875,98501800
2007-05-18,531.409973144531,538.289978027344,531.409973144531,536.690002441406,536.690002441406,160936300
2007-05-21,538.400024414062,539.739990234375,535.72998046875,538.380004882812,538.380004882812,129338200
2007-05-22,538.25,541.799987792969,536.890014648438,540.570007324219,540.570007324219,149628800
2007-05-23,541.030029296875,542.070007324219,540.299987792969,541.609985351562,541.609985351562,146214200
2007-05-24,538.780029296875,540.75,535.75,535.989990234375,535.989990234375,146951500
2007-05-25,532.619995117188,535.890014648438,531.650024414062,535.47998046875,535.47998046875,118664300
2007-05-28,536.299987792969,537.780029296875,536,537.559997558594,537.559997558594,19438000
2007-05-29,538.419982910156,538.419982910156,535.820007324219,537.190002441406,537.190002441406,124436100
2007-05-30,533.380004882812,535.400024414062,531.309997558594,535.010009765625,535.010009765625,130803700
2007-05-31,538.900024414062,541.640014648438,538.510009765625,540.390014648438,540.390014648438,160073300
2007-06-01,541.010009765625,544.27001953125,540.669982910156,543.929992675781,543.929992675781,136479200
2007-06-04,543.700012207031,545.890014648438,543.080017089844,545.690002441406,545.690002441406,125954300
2007-06-05,546,547.820007324219,543.590026855469,544.75,544.75,149120500
2007-06-06,543.929992675781,545.010009765625,536.890014648438,537.510009765625,537.510009765625,152173600
2007-06-07,539.260009765625,540.960021972656,533.909973144531,535.049987792969,535.049987792969,199462300
2007-06-08,532.27001953125,535.989990234375,530.799987792969,534.690002441406,534.690002441406,181317100
2007-06-11,537.640014648438,538.280029296875,536.070007324219,537.799987792969,537.799987792969,131470300
2007-06-12,536.809997558594,538.650024414062,532.539978027344,534.109985351562,534.109985351562,132654400
2007-06-13,532.760009765625,537.320007324219,530.530029296875,536.400024414062,536.400024414062,136489300
2007-06-14,540.940002441406,545.340026855469,540.489990234375,545.340026855469,545.340026855469,152324400
2007-06-15,546.690002441406,552.369995117188,546.219970703125,551.909973144531,551.909973144531,223243400
2007-06-18,552.059997558594,553.059997558594,549.760009765625,551.27001953125,551.27001953125,128694800
2007-06-19,550.630004882812,552.400024414062,549.5,550.359985351562,550.359985351562,117116900
2007-06-20,551.830017089844,554.960021972656,551.309997558594,552.140014648438,552.140014648438,158714200
2007-06-21,550.070007324219,551.690002441406,547.219970703125,550.539978027344,550.539978027344,162410600
2007-06-22,551.820007324219,552.619995117188,548.099975585938,548.75,548.75,145762900
2007-06-25,545.179992675781,548.700012207031,543.72998046875,548.219970703125,548.219970703125,147895600
2007-06-26,544.539978027344,546.150024414062,542.880004882812,543.260009765625,543.260009765625,182182800
2007-06-27,540.559997558594,542.140014648438,538.739990234375,539.619995117188,539.619995117188,175506400
2007-06-28,543.659973144531,546.02001953125,542.760009765625,546.02001953125,546.02001953125,149063200
2007-06-29,547.349975585938,548.210021972656,543.849975585938,548.210021972656,548.210021972656,132685100
2007-07-02,545.5,550.359985351562,545.5,549.840026855469,549.840026855469,112914000
2007-07-03,553.190002441406,553.880004882812,552.409973144531,553.039978027344,553.039978027344,130698500
2007-07-04,553.450012207031,554.619995117188,552.200012207031,554.25,554.25,83335200
2007-07-05,555.609985351562,555.630004882812,549.919982910156,550.799987792969,550.799987792969,110271800
2007-07-06,550.969970703125,555,550.460021972656,555,555,103658100
2007-07-09,556.799987792969,558.260009765625,556.080017089844,557.429992675781,557.429992675781,104575200
2007-07-10,558.77001953125,559.950012207031,553.760009765625,554.950012207031,554.950012207031,242535000
2007-07-11,550.539978027344,554.47998046875,549.340026855469,553.559997558594,553.559997558594,152200600
2007-07-12,554.549987792969,560.140014648438,551.340026855469,560.140014648438,560.140014648438,183003900
2007-07-13,563.469970703125,563.97998046875,560.359985351562,560.929992675781,560.929992675781,168671600
2007-07-16,563.02001953125,563.659973144531,560.380004882812,561.900024414062,561.900024414062,167635600
2007-07-17,560.309997558594,561.559997558594,558.049987792969,560.789978027344,560.789978027344,145071800
2007-07-18,556.789978027344,559.830017089844,555.630004882812,555.630004882812,555.630004882812,146705400
2007-07-19,559.25,561.169982910156,557.789978027344,560.25,560.25,127232500
2007-07-20,559.710021972656,561.570007324219,554.989990234375,555.02001953125,555.02001953125,152503800
2007-07-23,554.710021972656,558.950012207031,554.669982910156,558.950012207031,558.950012207031,117853900
2007-07-24,557.97998046875,558.830017089844,551.030029296875,551.590026855469,551.590026855469,144856900
2007-07-25,547.320007324219,551.669982910156,544.559997558594,546.880004882812,546.880004882812,165118800
2007-07-26,549.580017089844,549.840026855469,533.039978027344,533.039978027344,533.039978027344,235731200
2007-07-27,528.549987792969,535.940002441406,525.780029296875,526.690002441406,526.690002441406,228100600
2007-07-30,527.109985351562,530.739990234375,523.760009765625,525.760009765625,525.760009765625,167581100
2007-07-31,529.440002441406,534.039978027344,528.5,533.989990234375,533.989990234375,166511300
2007-08-01,523.460021972656,528.780029296875,519.039978027344,524.450012207031,524.450012207031,201121300
2007-08-02,530.159973144531,530.489990234375,525.210021972656,527.760009765625,527.760009765625,167892900
2007-08-03,528.130004882812,528.359985351562,520.099975585938,521.52001953125,521.52001953125,154538100
2007-08-06,515.719970703125,519.859985351562,515.080017089844,516.039978027344,516.039978027344,167681100
2007-08-07,521.739990234375,522.080017089844,517.619995117188,521.429992675781,521.429992675781,154788300
2007-08-08,526.320007324219,532.830017089844,525.460021972656,530.97998046875,530.97998046875,211924800
2007-08-09,530.239990234375,530.239990234375,514.440002441406,517.849975585938,517.849975585938,261515200
2007-08-10,507.820007324219,509.279998779297,497.790008544922,502.040008544922,502.040008544922,375684100
2007-08-13,508.209991455078,513.919982910156,506.540008544922,513.25,513.25,191575500
2007-08-14,511.940002441406,515.340026855469,507.059997558594,508.429992675781,508.429992675781,189871200
2007-08-15,503.209991455078,507.600006103516,501.269989013672,506.040008544922,506.040008544922,188768000
2007-08-16,496.899993896484,497.549987792969,487.059997558594,487.059997558594,487.059997558594,275254800
2007-08-17,485.350006103516,506.899993896484,479.489990234375,499,499,527820900
2007-08-20,503.850006103516,508.170013427734,503.220001220703,504.570007324219,504.570007324219,155789400
2007-08-21,506.179992675781,507.869995117188,499.829986572266,505.609985351562,505.609985351562,143303000
2007-08-22,507.950012207031,515.440002441406,507.709991455078,514.299987792969,514.299987792969,147495700
2007-08-23,519.299987792969,521.150024414062,514.75,514.75,514.75,132155000
2007-08-24,512.650024414062,520.47998046875,512.650024414062,518.099975585938,518.099975585938,133959700
2007-08-27,519.789978027344,521.210021972656,517.809997558594,518.119995117188,518.119995117188,68825400
2007-08-28,517.299987792969,517.510009765625,506.959991455078,508.010009765625,508.010009765625,144155100
2007-08-29,504.320007324219,511.350006103516,503.140014648438,510.790008544922,510.790008544922,132189800
2007-08-30,515.909973144531,518.780029296875,510.350006103516,517.669982910156,517.669982910156,132542500
2007-08-31,521.320007324219,525.27001953125,519.719970703125,522.72998046875,522.72998046875,141200200
2007-09-03,523.77001953125,525.929992675781,522.919982910156,525.359985351562,525.359985351562,72701400
2007-09-04,524.340026855469,531.75,522.320007324219,531,531,131164100
2007-09-05,530.239990234375,530.239990234375,522.919982910156,523.02001953125,523.02001953125,144836900
2007-09-06,526.039978027344,527.289978027344,520.809997558594,527.210021972656,527.210021972656,142599100
2007-09-07,526.169982910156,529.25,516.489990234375,517.429992675781,517.429992675781,185333600
2007-09-10,517.47998046875,520.049987792969,512.419982910156,512.900024414062,512.900024414062,157286800
2007-09-11,518.070007324219,521.880004882812,516.679992675781,521.530029296875,521.530029296875,145000100
2007-09-12,522.429992675781,524.179992675781,518.590026855469,523.380004882812,523.380004882812,126811600
2007-09-13,522.780029296875,531.719970703125,521.650024414062,530.960021972656,530.960021972656,145220600
2007-09-14,529.140014648438,530.239990234375,524.380004882812,528.359985351562,528.359985351562,140624700
2007-09-17,527.510009765625,527.510009765625,521.710021972656,522.989990234375,522.989990234375,133209900
2007-09-18,522.030029296875,531.349975585938,521.559997558594,531,531,184056500
2007-09-19,541.169982910156,545.059997558594,537.809997558594,543.539978027344,543.539978027344,208262000
2007-09-20,540.25,543.030029296875,539.409973144531,542.450012207031,542.450012207031,143398300
2007-09-21,540.690002441406,546.559997558594,540.690002441406,544.650024414062,544.650024414062,247930900
2007-09-24,543.880004882812,544.429992675781,540.630004882812,541.630004882812,541.630004882812,142766900
2007-09-25,539.299987792969,539.77001953125,533.460021972656,534.989990234375,534.989990234375,209139700
2007-09-26,536.650024414062,541.510009765625,536.650024414062,539.369995117188,539.369995117188,171118600
2007-09-27,542.549987792969,544.419982910156,541.590026855469,542.239990234375,542.239990234375,170159000
2007-09-28,542.140014648438,542.75,537.719970703125,540.97998046875,540.97998046875,237318200
2007-10-01,538.409973144531,545.849975585938,537.510009765625,545.570007324219,545.570007324219,184260000
2007-10-02,548.679992675781,549.02001953125,542.140014648438,542.929992675781,542.929992675781,238202600
2007-10-03,543.469970703125,543.849975585938,539.030029296875,540.530029296875,540.530029296875,193650900
2007-10-04,538.109985351562,542.929992675781,537.760009765625,541.75,541.75,259056800
2007-10-05,542.630004882812,546.710021972656,542.289978027344,546.599975585938,546.599975585938,314890100
2007-10-08,547.299987792969,548.450012207031,545.640014648438,545.789978027344,545.789978027344,225027800
2007-10-09,545.539978027344,551.309997558594,544.22998046875,550.719970703125,550.719970703125,440142200
2007-10-10,551.260009765625,557.030029296875,549.349975585938,554.570007324219,554.570007324219,303458500
2007-10-11,555.039978027344,559.429992675781,555.039978027344,558.010009765625,558.010009765625,235363200
2007-10-12,553.640014648438,559.140014648438,552.030029296875,559.140014648438,559.140014648438,198090800
2007-10-15,558.010009765625,558.830017089844,552.780029296875,553.070007324219,553.070007324219,144199000
2007-10-16,551.559997558594,552.239990234375,547.679992675781,550.299987792969,550.299987792969,155250800
2007-10-17,549.52001953125,556.030029296875,549.179992675781,554.549987792969,554.549987792969,167357700
2007-10-18,555.890014648438,556.989990234375,549.02001953125,551.530029296875,551.530029296875,144024500
2007-10-19,550.25,554.380004882812,549.440002441406,551.049987792969,551.049987792969,148765000
2007-10-22,541.440002441406,543.400024414062,538.510009765625,541.429992675781,541.429992675781,150378700
2007-10-23,545.630004882812,548.599975585938,544.719970703125,546.369995117188,546.369995117188,127949900
2007-10-24,546.760009765625,547.52001953125,542.140014648438,543.340026855469,543.340026855469,163524100
2007-10-25,546.409973144531,548.590026855469,544.650024414062,545.940002441406,545.940002441406,255782800
2007-10-26,546.280029296875,548.289978027344,542.77001953125,547.159973144531,547.159973144531,166630100
2007-10-29,551.150024414062,551.690002441406,549.380004882812,550.849975585938,550.849975585938,112905700
2007-10-30,548.580017089844,549.789978027344,544.77001953125,545.25,545.25,141023200
2007-10-31,543.580017089844,547.849975585938,543.030029296875,547.849975585938,547.849975585938,141121600
2007-11-01,549.719970703125,549.780029296875,537.900024414062,540.919982910156,540.919982910156,165745300
2007-11-02,536.549987792969,539.950012207031,534.299987792969,537.25,537.25,196700500
2007-11-05,534.260009765625,535.789978027344,531.47998046875,534.02001953125,534.02001953125,132173200
2007-11-06,535.700012207031,536.489990234375,533.169982910156,533.700012207031,533.700012207031,119542300
2007-11-07,535.150024414062,535.929992675781,526.349975585938,530.27001953125,530.27001953125,146251600
2007-11-08,522.02001953125,526.590026855469,520.969970703125,523.169982910156,523.169982910156,199378700
2007-11-09,524.070007324219,525.200012207031,506.739990234375,510.649993896484,510.649993896484,213865500
2007-11-12,506.609985351562,509.029998779297,502.920013427734,508.320007324219,508.320007324219,190267000
2007-11-13,505.760009765625,509.510009765625,504,507.890014648438,507.890014648438,152125900
2007-11-14,514.630004882812,515.669982910156,510.529998779297,512.320007324219,512.320007324219,169116800
2007-11-15,511.339996337891,513,504.959991455078,506.779998779297,506.779998779297,155155800
2007-11-16,500.809997558594,503.420013427734,496.920013427734,500.079986572266,500.079986572266,179220700
2007-11-19,501.929992675781,504.630004882812,490.089996337891,491.089996337891,491.089996337891,181757000
2007-11-20,492.470001220703,495.040008544922,484.920013427734,493.839996337891,493.839996337891,213583900
2007-11-21,487.100006103516,488.529998779297,480.869995117188,483.529998779297,483.529998779297,187726500
2007-11-22,484.470001220703,487.570007324219,481.839996337891,484.929992675781,484.929992675781,108383600
2007-11-23,484.720001220703,493.149993896484,484.720001220703,492.470001220703,492.470001220703,156418300
2007-11-26,497.160003662109,499.510009765625,491.299987792969,491.820007324219,491.820007324219,148395500
2007-11-27,487.980010986328,494.829986572266,486.730010986328,492.239990234375,492.239990234375,146575500
2007-11-28,494.309997558594,501.390014648438,487.989990234375,500.209991455078,500.209991455078,148925400
2007-11-29,503.869995117188,504.309997558594,497.980010986328,501.910003662109,501.910003662109,166936200
2007-11-30,502.850006103516,509.869995117188,502.339996337891,507.579986572266,507.579986572266,187686700
2007-12-03,506.859985351562,508.910003662109,501.959991455078,502.880004882812,502.880004882812,141934000
2007-12-04,503.609985351562,503.730010986328,495.489990234375,497.519989013672,497.519989013672,137127100
2007-12-05,499.670013427734,508.649993896484,499.480010986328,507.799987792969,507.799987792969,124585600
2007-12-06,510.459991455078,515.340026855469,506.779998779297,510.429992675781,510.429992675781,153210000
2007-12-07,512.820007324219,516.390014648438,512.25,513.590026855469,513.590026855469,137234500
2007-12-10,512,518.239990234375,511.980010986328,516.840026855469,516.840026855469,105936400
2007-12-11,518.690002441406,518.820007324219,513.450012207031,515.489990234375,515.489990234375,99237200
2007-12-12,510.040008544922,521.489990234375,509.320007324219,516.200012207031,516.200012207031,243238600
2007-12-13,511.390014648438,511.980010986328,507.100006103516,507.899993896484,507.899993896484,150641000
2007-12-14,510.429992675781,512.239990234375,506.329986572266,511.279998779297,511.279998779297,130287300
2007-12-17,505.660003662109,506.160003662109,502.380004882812,503.459991455078,503.459991455078,132503200
2007-12-18,502.049987792969,508.690002441406,501.790008544922,502.720001220703,502.720001220703,128413000
2007-12-19,504.459991455078,505.850006103516,499,502.630004882812,502.630004882812,139756900
2007-12-20,504.130004882812,508.299987792969,503.929992675781,506.790008544922,506.790008544922,100080500
2007-12-21,512.030029296875,514.799987792969,510.440002441406,513.710021972656,513.710021972656,181485500
2007-12-24,515.289978027344,516.440002441406,514.789978027344,516.190002441406,516.190002441406,18503600
2007-12-27,517.950012207031,519.080017089844,515.52001953125,516.429992675781,516.429992675781,64300400
2007-12-28,514.070007324219,516.919982910156,514.070007324219,515.690002441406,515.690002441406,46832800
2007-12-31,516.059997558594,516.320007324219,515.070007324219,515.77001953125,515.77001953125,16254600
2008-01-02,514.679992675781,518.27001953125,509.119995117188,509.769989013672,509.769989013672,93435400
2008-01-03,509.700012207031,510.329986572266,504.809997558594,508.670013427734,508.670013427734,121804400
2008-01-04,507.700012207031,511.160003662109,498.950012207031,500.600006103516,500.600006103516,174988000
2008-01-07,498.730010986328,501.799987792969,496.049987792969,500.630004882812,500.630004882812,149724600
2008-01-08,502.320007324219,502.720001220703,496.679992675781,497.230010986328,497.230010986328,133286000
2008-01-09,492.809997558594,493.760009765625,489.079986572266,491.739990234375,491.739990234375,174002300
2008-01-10,494.540008544922,494.540008544922,483.459991455078,484.100006103516,484.100006103516,141923400
2008-01-11,482.890014648438,483.829986572266,479.829986572266,481.829986572266,481.829986572266,148508500
2008-01-14,480.179992675781,487.179992675781,479.989990234375,484.720001220703,484.720001220703,100980400
2008-01-15,483.579986572266,484.390014648438,470.540008544922,470.540008544922,470.540008544922,160011900
2008-01-16,466.989990234375,468.149993896484,458.420013427734,462.609985351562,462.609985351562,221409900
2008-01-17,465.980010986328,469.220001220703,459.589996337891,460.25,460.25,178221000
2008-01-18,456.359985351562,463.700012207031,450.079986572266,450.079986572266,450.079986572266,263734900
2008-01-21,444.410003662109,444.760009765625,421.209991455078,422.450012207031,422.450012207031,295448400
2008-01-22,404.049987792969,437.660003662109,401.450012207031,433.269989013672,433.269989013672,354003000
2008-01-23,442.5,442.730010986328,413.480010986328,417.130004882812,417.130004882812,268992000
2008-01-24,435.350006103516,444.230010986328,430.410003662109,444.230010986328,444.230010986328,225106300
2008-01-25,453.690002441406,453.690002441406,437.019989013672,438.690002441406,438.690002441406,223008100
2008-01-28,433.079986572266,440.279998779297,429.790008544922,439.320007324219,439.320007324219,174494600
2008-01-29,443.149993896484,448.489990234375,440.660003662109,446.079986572266,446.079986572266,160314200
2008-01-30,442.600006103516,445.540008544922,439.980010986328,443.040008544922,443.040008544922,135643500
2008-01-31,440.390014648438,443.119995117188,430.140014648438,441.329986572266,441.329986572266,218028000
2008-02-01,445.070007324219,454.059997558594,443.910003662109,451.609985351562,451.609985351562,194184200
2008-02-04,456.850006103516,457.130004882812,449.910003662109,451.910003662109,451.910003662109,107809300
2008-02-05,450.260009765625,453.25,436.320007324219,436.809997558594,436.809997558594,203805100
2008-02-06,431.329986572266,442.690002441406,431.239990234375,442.329986572266,442.329986572266,151295400
2008-02-07,438.940002441406,440.190002441406,428.940002441406,432.149993896484,432.149993896484,163215200
2008-02-08,436.829986572266,439.190002441406,429.279998779297,432.100006103516,432.100006103516,122235900
2008-02-11,428.220001220703,434.899993896484,425.829986572266,427.739990234375,427.739990234375,142444100
2008-02-12,431.510009765625,444,425.350006103516,443.890014648438,443.890014648438,197216500
2008-02-13,439.720001220703,447.320007324219,437.630004882812,444.179992675781,444.179992675781,144155700
2008-02-14,449.549987792969,450.489990234375,441.630004882812,442.529998779297,442.529998779297,145438300
2008-02-15,442.709991455078,445.359985351562,433.700012207031,434.809997558594,434.809997558594,155019000
2008-02-18,438.119995117188,446.200012207031,438.119995117188,444.619995117188,444.619995117188,92056600
2008-02-19,443.690002441406,452.380004882812,439.820007324219,448.769989013672,448.769989013672,176120800
2008-02-20,444.829986572266,450.670013427734,444.040008544922,446.690002441406,446.690002441406,198636900
2008-02-21,451.149993896484,457.549987792969,449.510009765625,453.140014648438,453.140014648438,166185400
2008-02-22,450.850006103516,456.670013427734,448.739990234375,451.630004882812,451.630004882812,148290400
2008-02-25,457.089996337891,461.709991455078,454.619995117188,459.010009765625,459.010009765625,115440900
2008-02-26,461.010009765625,464.470001220703,459.100006103516,464.339996337891,464.339996337891,133929300
2008-02-27,465.459991455078,466.109985351562,455.769989013672,462.579986572266,462.579986572266,151087400
2008-02-28,460.25,461.130004882812,452.739990234375,452.910003662109,452.910003662109,137231200
2008-02-29,450.880004882812,452.880004882812,443.850006103516,446.529998779297,446.529998779297,149991600
2008-03-03,439.070007324219,444.329986572266,437.029998779297,441.480010986328,441.480010986328,198424900
2008-03-04,442.010009765625,446.140014648438,434.089996337891,436.299987792969,436.299987792969,150395500
2008-03-05,440.489990234375,444.959991455078,436.75,444.399993896484,444.399993896484,130265000
2008-03-06,444.359985351562,444.450012207031,436.149993896484,437.269989013672,437.269989013672,146494900
2008-03-07,431.709991455078,437.989990234375,430.019989013672,435.089996337891,435.089996337891,194898600
2008-03-10,432.380004882812,434.140014648438,425.940002441406,427.959991455078,427.959991455078,137828000
2008-03-11,429.119995117188,439.429992675781,427.799987792969,433.640014648438,433.640014648438,281206100
2008-03-12,440.839996337891,442.820007324219,437.399993896484,439.809997558594,439.809997558594,249802300
2008-03-13,432.730010986328,435.350006103516,428.019989013672,434.549987792969,434.549987792969,326924100
2008-03-14,433.739990234375,441.609985351562,429.320007324219,432.299987792969,432.299987792969,294868500
2008-03-17,419.200012207031,423.929992675781,414.299987792969,415.920013427734,415.920013427734,347553600
2008-03-18,422.339996337891,428.079986572266,419.880004882812,427.480010986328,427.480010986328,263613300
2008-03-19,432.299987792969,433.420013427734,424.200012207031,426.940002441406,426.940002441406,351201900
2008-03-20,422.820007324219,426.670013427734,421.809997558594,425.790008544922,425.790008544922,405071600
2008-03-25,437.839996337891,439.209991455078,433.109985351562,437,437,310061300
2008-03-26,435.149993896484,438.109985351562,434.359985351562,438.109985351562,438.109985351562,219838000
2008-03-27,437.079986572266,445.239990234375,437.079986572266,441.980010986328,441.980010986328,213249100
2008-03-28,441.089996337891,443.679992675781,439.220001220703,440.989990234375,440.989990234375,165086100
2008-03-31,437.720001220703,442.880004882812,434.880004882812,442.429992675781,442.429992675781,184411400
2008-04-01,440.649993896484,454.119995117188,440.140014648438,453.619995117188,453.619995117188,262117600
2008-04-02,456.869995117188,457.410003662109,450.25,456.950012207031,456.950012207031,265945900
2008-04-03,457.929992675781,458.070007324219,452.630004882812,455.299987792969,455.299987792969,219678100
2008-04-04,456.929992675781,460.899993896484,456.279998779297,460.809997558594,460.809997558594,225549600
2008-04-07,464.149993896484,466.179992675781,462.899993896484,465.380004882812,465.380004882812,210126000
2008-04-08,462,464.440002441406,460.649993896484,464.440002441406,464.440002441406,187134800
2008-04-09,462.170013427734,465.359985351562,460.890014648438,461.269989013672,461.269989013672,223677400
2008-04-10,460.160003662109,461.489990234375,453.5,459.480010986328,459.480010986328,244524800
2008-04-11,461.470001220703,462.880004882812,450.549987792969,453.429992675781,453.429992675781,241611100
2008-04-14,448.209991455078,452.010009765625,447.600006103516,450.760009765625,450.760009765625,171718600
2008-04-15,453.269989013672,455.899993896484,449.100006103516,453.279998779297,453.279998779297,195763400
2008-04-16,457.209991455078,463.220001220703,455.589996337891,463.220001220703,463.220001220703,234408900
2008-04-17,463.920013427734,465.440002441406,460.040008544922,462.540008544922,462.540008544922,213006900
2008-04-18,464.160003662109,476.309997558594,464.130004882812,474.75,474.75,282627900
2008-04-21,474.579986572266,475.230010986328,468.950012207031,470.670013427734,470.670013427734,209760800
2008-04-22,468.149993896484,470.950012207031,463.890014648438,466.079986572266,466.079986572266,232234500
2008-04-23,466.640014648438,471.709991455078,463.920013427734,471.239990234375,471.239990234375,258581100
2008-04-24,466.619995117188,467.359985351562,461.010009765625,466.140014648438,466.140014648438,240675800
2008-04-25,468.440002441406,470.690002441406,466.640014648438,467.839996337891,467.839996337891,199336000
2008-04-28,468.420013427734,473.950012207031,468.320007324219,472.200012207031,472.200012207031,163491900
2008-04-29,470.350006103516,473.950012207031,469.720001220703,471.220001220703,471.220001220703,187760700
2008-04-30,471.679992675781,476.390014648438,469.829986572266,475.559997558594,475.559997558594,190597300
2008-05-02,478.959991455078,483.420013427734,476.510009765625,481.209991455078,481.209991455078,227779600
2008-05-05,480.209991455078,482.269989013672,479.459991455078,481.380004882812,481.380004882812,92884800
2008-05-06,481.149993896484,483.390014648438,477.019989013672,480.660003662109,480.660003662109,213567400
2008-05-07,481.609985351562,487.380004882812,480.559997558594,485.299987792969,485.299987792969,124300300
2008-05-08,481.369995117188,484.790008544922,481.200012207031,484.609985351562,484.609985351562,115022000
2008-05-09,482.130004882812,482.450012207031,478.309997558594,480.399993896484,480.399993896484,106643800
2008-05-12,483.600006103516,484.920013427734,481.079986572266,482.070007324219,482.070007324219,52699400
2008-05-13,484.369995117188,484.369995117188,476.350006103516,480.480010986328,480.480010986328,117282800
2008-05-14,481.869995117188,489.459991455078,481.690002441406,488.390014648438,488.390014648438,112004200
2008-05-15,486.339996337891,490.640014648438,485.929992675781,489.899993896484,489.899993896484,91879600
2008-05-16,492.359985351562,494.929992675781,489.690002441406,490.779998779297,490.779998779297,127926500
2008-05-19,491.709991455078,496.119995117188,490.839996337891,496.119995117188,496.119995117188,95491000
2008-05-20,492.679992675781,493.579986572266,487.269989013672,487.269989013672,487.269989013672,100392800
2008-05-21,488.440002441406,490.260009765625,485.679992675781,487.619995117188,487.619995117188,141621500
2008-05-22,483.670013427734,487.200012207031,483.079986572266,485.609985351562,485.609985351562,110745400
2008-05-23,485.109985351562,485.239990234375,478.390014648438,478.390014648438,478.390014648438,99802400
2008-05-26,479.260009765625,480.839996337891,478.290008544922,478.290008544922,478.290008544922,35315800
2008-05-27,480.040008544922,480.799987792969,473.019989013672,473.839996337891,473.839996337891,93747200
2008-05-28,475.459991455078,484.529998779297,475.040008544922,481.660003662109,481.660003662109,99548400
2008-05-29,484.470001220703,486.109985351562,480.799987792969,483.809997558594,483.809997558594,86137600
2008-05-30,484.920013427734,487.859985351562,484.880004882812,485.519989013672,485.519989013672,107736400
2008-06-02,483.850006103516,483.940002441406,477.040008544922,479.149993896484,479.149993896484,88191400
2008-06-03,480.019989013672,484.070007324219,479.029998779297,483.899993896484,483.899993896484,123282800
2008-06-04,480.339996337891,480.339996337891,474.739990234375,478.570007324219,478.570007324219,113932700
2008-06-05,481.600006103516,483.790008544922,479.299987792969,482.260009765625,482.260009765625,117924700
2008-06-06,486.179992675781,487.320007324219,471.230010986328,471.230010986328,471.230010986328,142864400
2008-06-09,469.309997558594,472.470001220703,468.559997558594,469.820007324219,469.820007324219,116486700
2008-06-10,466.559997558594,467.130004882812,462.269989013672,464.190002441406,464.190002441406,140215700
2008-06-11,465.390014648438,467.839996337891,455.700012207031,456.339996337891,456.339996337891,144677700
2008-06-12,456.5,460.950012207031,456.5,459.109985351562,459.109985351562,130433500
2008-06-13,458.239990234375,460.600006103516,452.480010986328,459.959991455078,459.959991455078,104004800
2008-06-16,459.779998779297,460.989990234375,454.640014648438,458.700012207031,458.700012207031,101934700
2008-06-17,459.769989013672,464.320007324219,459.75,459.829986572266,459.829986572266,107437300
2008-06-18,457.899993896484,458.339996337891,448.440002441406,450.570007324219,450.570007324219,121417700
2008-06-19,448.980010986328,452.779998779297,446.679992675781,446.679992675781,446.679992675781,139839500
2008-06-20,448.619995117188,449.940002441406,434.790008544922,437.329986572266,437.329986572266,206386100
2008-06-23,436.760009765625,440.630004882812,435.279998779297,437.440002441406,437.440002441406,108527000
2008-06-24,437.429992675781,440.170013427734,428.940002441406,437.380004882812,437.380004882812,158250600
2008-06-25,439.190002441406,441.100006103516,436.700012207031,439.559997558594,439.559997558594,109573600
2008-06-26,436.019989013672,436.709991455078,426.029998779297,426.029998779297,426.029998779297,258669600
2008-06-27,426.299987792969,428.540008544922,419.350006103516,425.920013427734,425.920013427734,182556200
2008-06-30,427.489990234375,428.790008544922,419.100006103516,425.929992675781,425.929992675781,187358200
2008-07-01,424.209991455078,424.209991455078,413.720001220703,414.519989013672,414.519989013672,174313700
2008-07-02,413.940002441406,417.690002441406,408.399993896484,408.399993896484,408.399993896484,151929700
2008-07-03,401.579986572266,409.929992675781,400.239990234375,408.549987792969,408.549987792969,180223100
2008-07-04,410.119995117188,410.149993896484,403.320007324219,403.359985351562,403.359985351562,75595400
2008-07-07,407.279998779297,412.200012207031,404.390014648438,411.119995117188,411.119995117188,90702200
2008-07-08,402.100006103516,404.959991455078,397.670013427734,402.790008544922,402.790008544922,140285500
2008-07-09,407.170013427734,411.179992675781,405.709991455078,410.829986572266,410.829986572266,126240500
2008-07-10,404.209991455078,407.950012207031,399.290008544922,401.929992675781,401.929992675781,143509100
2008-07-11,404.410003662109,405.890014648438,391.980010986328,391.980010986328,391.980010986328,145577300
2008-07-14,397.480010986328,399.649993896484,394.549987792969,395.350006103516,395.350006103516,127677100
2008-07-15,391.309997558594,391.410003662109,379.350006103516,383.660003662109,383.660003662109,251291100
2008-07-16,385.029998779297,385.029998779297,374.089996337891,383.989990234375,383.989990234375,218291600
2008-07-17,390.589996337891,396.739990234375,388.529998779297,392.660003662109,392.660003662109,183419000
2008-07-18,388.510009765625,395.940002441406,385.540008544922,395.940002441406,395.940002441406,179102200
2008-07-21,395.390014648438,403.160003662109,390.739990234375,400.359985351562,400.359985351562,131788100
2008-07-22,396.209991455078,400.559997558594,392.519989013672,400.200012207031,400.200012207031,154615100
2008-07-23,405.989990234375,407.579986572266,403.459991455078,405.380004882812,405.380004882812,151925900
2008-07-24,407.329986572266,408.279998779297,395.369995117188,396.649993896484,396.649993896484,125073800
2008-07-25,391.850006103516,397.230010986328,390.799987792969,395.769989013672,395.769989013672,156458400
2008-07-28,394.929992675781,396.959991455078,391.390014648438,392.980010986328,392.980010986328,106533200
2008-07-29,388.529998779297,396.779998779297,387.040008544922,395.100006103516,395.100006103516,132712400
2008-07-30,403.570007324219,405.350006103516,400.929992675781,404.390014648438,404.390014648438,132223600
2008-07-31,405.549987792969,406.220001220703,398.739990234375,399.950012207031,399.950012207031,163272000
2008-08-01,396.679992675781,399.029998779297,392.5,394.529998779297,394.529998779297,131411400
2008-08-04,393.440002441406,400.119995117188,391.75,392.480010986328,392.480010986328,123245100
2008-08-05,392.709991455078,403.459991455078,392.010009765625,403.459991455078,403.459991455078,153391600
2008-08-06,405.700012207031,410.619995117188,405.010009765625,410.510009765625,410.510009765625,132102200
2008-08-07,408.350006103516,412.380004882812,404.679992675781,405.690002441406,405.690002441406,140378700
2008-08-08,402.920013427734,408.519989013672,400.480010986328,408.519989013672,408.519989013672,140961700
2008-08-11,409.600006103516,412.570007324219,408.859985351562,412.130004882812,412.130004882812,113138100
2008-08-12,411.059997558594,416.720001220703,409.730010986328,415.559997558594,415.559997558594,137382900
2008-08-13,414.920013427734,417.420013427734,410.320007324219,410.329986572266,410.329986572266,128579800
2008-08-14,413.070007324219,413.190002441406,405.920013427734,409.410003662109,409.410003662109,110771500
2008-08-15,410.649993896484,414.230010986328,408.079986572266,409.859985351562,409.859985351562,94451000
2008-08-18,409,414.470001220703,407.920013427734,410.510009765625,410.510009765625,76784600
2008-08-19,405.869995117188,405.869995117188,398.75,398.75,398.75,106967800
2008-08-20,401.209991455078,404.149993896484,399.570007324219,402.589996337891,402.589996337891,93463600
2008-08-21,400.040008544922,403.089996337891,396.799987792969,400.230010986328,400.230010986328,92701200
2008-08-22,402.369995117188,408.200012207031,400.450012207031,408.190002441406,408.190002441406,88902600
2008-08-25,406.179992675781,407.910003662109,402.700012207031,402.700012207031,402.700012207031,46902000
2008-08-26,400.920013427734,405.209991455078,397.089996337891,403.239990234375,403.239990234375,85749200
2008-08-27,403.149993896484,407.690002441406,400.320007324219,406.119995117188,406.119995117188,82625000
2008-08-28,405.450012207031,412.769989013672,403.470001220703,411.130004882812,411.130004882812,109407000
2008-08-29,411.779998779297,415.109985351562,410.329986572266,412.839996337891,412.839996337891,100540800
2008-09-01,409.380004882812,413.420013427734,408.679992675781,412.089996337891,412.089996337891,63036000
2008-09-02,410.519989013672,416.279998779297,409.640014648438,414.700012207031,414.700012207031,137273200
2008-09-03,411.510009765625,413.059997558594,406.320007324219,406.320007324219,406.320007324219,95590200
2008-09-04,408.709991455078,409.839996337891,397.170013427734,397.170013427734,397.170013427734,162637600
2008-09-05,393.470001220703,395.489990234375,388.350006103516,389.220001220703,389.220001220703,163027700
2008-09-08,405.059997558594,405.269989013672,395.959991455078,398.790008544922,398.790008544922,165165700
2008-09-09,398.059997558594,402.299987792969,393.609985351562,395.730010986328,395.730010986328,140859300
2008-09-10,394.869995117188,397.209991455078,391.559997558594,393.899993896484,393.899993896484,126395400
2008-09-11,394.100006103516,395.25,387.670013427734,392.559997558594,392.559997558594,125931600
2008-09-12,397.850006103516,399.570007324219,392.619995117188,399.570007324219,399.570007324219,117328800
2008-09-15,386.700012207031,388.690002441406,379.209991455078,385.040008544922,385.040008544922,221328800
2008-09-16,378.5,381.130004882812,364.980010986328,371.200012207031,371.200012207031,290254500
2008-09-17,380.559997558594,380.559997558594,356.980010986328,356.980010986328,356.980010986328,272589800
2008-09-18,354.910003662109,361.739990234375,349.760009765625,351.660003662109,351.660003662109,244054500
2008-09-19,370.850006103516,381.829986572266,367.700012207031,381.829986572266,381.829986572266,359715000
2008-09-22,383.179992675781,385.429992675781,375.190002441406,375.190002441406,375.190002441406,155184600
2008-09-23,373.369995117188,374.339996337891,365.779998779297,367.640014648438,367.640014648438,163042000
2008-09-24,368.190002441406,370.089996337891,360.619995117188,360.619995117188,360.619995117188,126150000
2008-09-25,360,369.350006103516,359.149993896484,369.350006103516,369.350006103516,191599200
2008-09-26,364.709991455078,364.709991455078,354.579986572266,354.579986572266,354.579986572266,212461800
2008-09-29,354.220001220703,354.220001220703,323.549987792969,323.549987792969,323.549987792969,258933000
2008-09-30,316.799987792969,333.420013427734,310.670013427734,331.450012207031,331.450012207031,245744500
2008-10-01,335.660003662109,336.730010986328,328.769989013672,334.239990234375,334.239990234375,180034600
2008-10-02,334.070007324219,342.980010986328,330.829986572266,330.829986572266,330.829986572266,190642000
2008-10-03,331.950012207031,344.230010986328,328.640014648438,344.019989013672,344.019989013672,159718200
2008-10-06,328.119995117188,329.890014648438,310.779998779297,312.559997558594,312.559997558594,188518000
2008-10-07,320.059997558594,320.519989013672,306.779998779297,309.440002441406,309.440002441406,182098200
2008-10-08,293.660003662109,308.290008544922,280.820007324219,285.660003662109,285.660003662109,269515600
2008-10-09,287.420013427734,296.570007324219,278.649993896484,281.970001220703,281.970001220703,178049100
2008-10-10,261.779998779297,270.899993896484,254.360000610352,258.049987792969,258.049987792969,302432400
2008-10-13,272.959991455078,285.269989013672,269.940002441406,285.269989013672,285.269989013672,207244900
2008-10-14,299.170013427734,302.769989013672,280.459991455078,284.510009765625,284.510009765625,400084000
2008-10-15,280.959991455078,281.429992675781,261.829986572266,263,263,233306100
2008-10-16,249.149993896484,262.209991455078,244.720001220703,248.039993286133,248.039993286133,260793700
2008-10-17,259.950012207031,260.970001220703,242.369995117188,252.259994506836,252.259994506836,278312900
2008-10-20,258.260009765625,269.410003662109,257.619995117188,269.410003662109,269.410003662109,221768100
2008-10-21,275.320007324219,275.730010986328,267.109985351562,269.359985351562,269.359985351562,151555600
2008-10-22,262.970001220703,265.940002441406,254.720001220703,255.080001831055,255.080001831055,167685300
2008-10-23,255.630004882812,258.950012207031,247.190002441406,257.850006103516,257.850006103516,177522400
2008-10-24,243.970001220703,247.229995727539,232.429992675781,245.919998168945,245.919998168945,246668900
2008-10-27,235.339996337891,241.809997558594,231.5,237.100006103516,237.100006103516,166640300
2008-10-28,244.339996337891,244.369995117188,233.020004272461,237.960006713867,237.960006713867,191043500
2008-10-29,254.080001831055,259.630004882812,249.369995117188,259.579986572266,259.579986572266,198330700
2008-10-30,265.820007324219,266.209991455078,253.470001220703,257.649993896484,257.649993896484,191155800
2008-10-31,258.299987792969,267.690002441406,253.020004272461,267.690002441406,267.690002441406,156322800
2008-11-03,269.570007324219,273.010009765625,266.470001220703,273.010009765625,273.010009765625,124275100
2008-11-04,274.619995117188,291.130004882812,272.070007324219,291.130004882812,291.130004882812,167169900
2008-11-05,287.899993896484,287.899993896484,277.519989013672,279.440002441406,279.440002441406,156209100
2008-11-06,271.679992675781,275.420013427734,260.609985351562,260.609985351562,260.609985351562,167561700
2008-11-07,262.190002441406,268.570007324219,257.649993896484,265.720001220703,265.720001220703,128372300
2008-11-10,273.029998779297,278.190002441406,265.950012207031,267.130004882812,267.130004882812,105351400
2008-11-11,262.510009765625,264.399993896484,256.790008544922,257.130004882812,257.130004882812,110374600
2008-11-12,261.709991455078,262.869995117188,247.850006103516,249.25,249.25,120940800
2008-11-13,245.080001831055,251.839996337891,243.649993896484,249.960006713867,249.960006713867,116407500
2008-11-14,258.529998779297,258.929992675781,250.820007324219,252.470001220703,252.470001220703,119698200
2008-11-17,252.320007324219,254.059997558594,245.25,246.330001831055,246.330001831055,109152200
2008-11-18,247.139999389648,250.779998779297,239.289993286133,250.619995117188,250.619995117188,114921200
2008-11-19,250.210006713867,250.210006713867,238.119995117188,238.119995117188,238.119995117188,133170300
2008-11-20,231.089996337891,232.770004272461,223.850006103516,227.820007324219,227.820007324219,156642200
2008-11-21,228.039993286133,232.940002441406,220.119995117188,222.929992675781,222.929992675781,170651100
2008-11-24,226.720001220703,245.860000610352,226.429992675781,245.860000610352,245.860000610352,141606900
2008-11-25,243.800003051758,251.009994506836,240.309997558594,245.839996337891,245.839996337891,162667800
2008-11-26,243.940002441406,249.320007324219,238.190002441406,245.160003662109,245.160003662109,107416600
2008-11-27,248.130004882812,253.259994506836,247.990005493164,253.259994506836,253.259994506836,116172300
2008-11-28,253.149993896484,254.380004882812,247.639999389648,252.550003051758,252.550003051758,125724700
2008-12-01,252.820007324219,252.820007324219,235.5,235.5,235.5,112823200
2008-12-02,230.660003662109,241.669998168945,229.360000610352,241.339996337891,241.339996337891,130866800
2008-12-03,241.139999389648,243.339996337891,233.940002441406,242.039993286133,242.039993286133,118456300
2008-12-04,240.570007324219,248.559997558594,237.039993286133,240.800003051758,240.800003051758,139855400
2008-12-05,238.190002441406,239.199996948242,227.770004272461,229.440002441406,229.440002441406,119857500
2008-12-08,245.910003662109,249.130004882812,241.880004882812,248.119995117188,248.119995117188,136252300
2008-12-09,245.320007324219,256.410003662109,244.029998779297,253.389999389648,253.389999389648,138601200
2008-12-10,254.279998779297,257.220001220703,251.100006103516,256.149993896484,256.149993896484,127950400
2008-12-11,256.959991455078,257.529998779297,252.020004272461,254.770004272461,254.770004272461,159926000
2008-12-12,241.470001220703,250.380004882812,240.270004272461,247.75,247.75,0
2008-12-15,250.639999389648,252.410003662109,245.419998168945,247.110000610352,247.110000610352,87054200
2008-12-16,247.410003662109,249.529998779297,245.050003051758,248.259994506836,248.259994506836,84055800
2008-12-17,250.899993896484,251.169998168945,243.539993286133,247.759994506836,247.759994506836,151654500
2008-12-18,247.919998168945,251.259994506836,247.399993896484,249.880004882812,249.880004882812,141497200
2008-12-19,247.080001831055,253.110000610352,245.059997558594,249.539993286133,249.539993286133,189311800
2008-12-22,248.020004272461,248.020004272461,243.410003662109,243.440002441406,243.440002441406,89908200
2008-12-23,242.369995117188,248.889999389648,242.369995117188,244.5,244.5,63468600
2008-12-24,242.470001220703,242.800003051758,240.600006103516,241.899993896484,241.899993896484,22285200
2008-12-29,243.309997558594,245.25,239.369995117188,240.809997558594,240.809997558594,52346400
2008-12-30,243.559997558594,246.580001831055,241.720001220703,246.580001831055,246.580001831055,42942200
2008-12-31,248.419998168945,249.070007324219,245.940002441406,245.940002441406,245.940002441406,18705800
2009-01-02,248.970001220703,258.230010986328,247.830001831055,258.230010986328,258.230010986328,59006800
2009-01-05,261.25,262.200012207031,256.709991455078,261.779998779297,261.779998779297,87560000
2009-01-06,262.709991455078,271.910003662109,259.420013427734,269.269989013672,269.269989013672,114453700
2009-01-07,268.239990234375,269.519989013672,262.869995117188,265.040008544922,265.040008544922,115155700
2009-01-08,261.040008544922,266.100006103516,260.260009765625,264.589996337891,264.589996337891,86064000
2009-01-09,265.260009765625,269.739990234375,263.309997558594,266.179992675781,266.179992675781,98712600
2009-01-12,264.950012207031,266.799987792969,260.540008544922,261.799987792969,261.799987792969,94920800
2009-01-13,259.890014648438,262.059997558594,256.209991455078,260.739990234375,260.739990234375,164604600
2009-01-14,262.489990234375,263.010009765625,245.080001831055,247.320007324219,247.320007324219,161467100
2009-01-15,246.839996337891,248.960006713867,241.559997558594,243.600006103516,243.600006103516,158784700
2009-01-16,249.630004882812,254.020004272461,248.070007324219,248.550003051758,248.550003051758,130931600
2009-01-19,252.309997558594,255.300003051758,241.869995117188,245.220001220703,245.220001220703,108763900
2009-01-20,244.339996337891,246.690002441406,238.970001220703,240.110000610352,240.110000610352,123617400
2009-01-21,237.270004272461,240.5,232.910003662109,237.710006713867,237.710006713867,175112900
2009-01-22,243.039993286133,243.210006713867,234.009994506836,235.460006713867,235.460006713867,134541200
2009-01-23,234.229995727539,235.509994506836,227.529998779297,234.139999389648,234.139999389648,127680700
2009-01-26,234.690002441406,248.419998168945,234,247.880004882812,247.880004882812,178831100
2009-01-27,248.75,248.770004272461,242.789993286133,248.589996337891,248.589996337891,149606100
2009-01-28,252.690002441406,258.369995117188,252.690002441406,257.160003662109,257.160003662109,163963800
2009-01-29,255.410003662109,256.010009765625,249.759994506836,252.350006103516,252.350006103516,123636900
2009-01-30,252.350006103516,253.199996948242,247.039993286133,248.600006103516,248.600006103516,114763800
2009-02-02,245.419998168945,247.279998779297,241.710006713867,245.960006713867,245.960006713867,148893000
2009-02-03,247.559997558594,251.490005493164,242.809997558594,250.830001831055,250.830001831055,116323100
2009-02-04,251.600006103516,257.779998779297,250.289993286133,254.789993286133,254.789993286133,141940200
2009-02-05,249.490005493164,253.149993896484,246.190002441406,252.509994506836,252.509994506836,133400300
2009-02-06,255,262.559997558594,253.919998168945,261.350006103516,261.350006103516,158739600
2009-02-09,259.399993896484,263.950012207031,257.920013427734,262.720001220703,262.720001220703,131502800
2009-02-10,259.450012207031,260.220001220703,251.369995117188,251.369995117188,251.369995117188,136340500
2009-02-11,250.190002441406,253.940002441406,249.669998168945,253.279998779297,253.279998779297,93625400
2009-02-12,249.330001831055,249.470001220703,244.960006713867,248.270004272461,248.270004272461,161230400
2009-02-13,251.25,254.190002441406,249.330001831055,251.119995117188,251.119995117188,103423400
2009-02-16,249.220001220703,250.399993896484,246.440002441406,247.149993896484,247.149993896484,67992200
2009-02-17,244.330001831055,244.440002441406,236.940002441406,238.169998168945,238.169998168945,109558800
2009-02-18,239.210006713867,239.770004272461,234.369995117188,238.300003051758,238.300003051758,127107600
2009-02-19,240.360000610352,241.699996948242,237.259994506836,237.669998168945,237.669998168945,117828000
2009-02-20,234.130004882812,234.199996948242,228.479995727539,229.130004882812,229.130004882812,143123200
2009-02-23,232.880004882812,233.339996337891,223.330001831055,223.979995727539,223.979995727539,117583800
2009-02-24,221.860000610352,223.080001831055,218.009994506836,222.550003051758,222.550003051758,157371500
2009-02-25,226.970001220703,227.669998168945,218.339996337891,220.690002441406,220.690002441406,136425900
2009-02-26,222.860000610352,225.600006103516,220.369995117188,223.669998168945,223.669998168945,148143500
2009-02-27,220.419998168945,220.860000610352,214.960006713867,219.809997558594,219.809997558594,162742000
2009-03-02,214.449996948242,214.449996948242,208.529998779297,208.839996337891,208.839996337891,210658900
2009-03-03,209.759994506836,211.169998168945,202.410003662109,202.570007324219,202.570007324219,154676000
2009-03-04,205.449996948242,211.710006713867,205.289993286133,211.580001831055,211.580001831055,137272400
2009-03-05,208.580001831055,209.669998168945,200.580001831055,200.580001831055,200.580001831055,145570200
2009-03-06,199.940002441406,204.320007324219,198.220001220703,199.5,199.5,140071100
2009-03-09,200.740005493164,200.740005493164,194.990005493164,199.25,199.25,112949300
2009-03-10,199.339996337891,211.550003051758,198.720001220703,210.440002441406,210.440002441406,138654600
2009-03-11,211.009994506836,214.369995117188,205.770004272461,210.330001831055,210.330001831055,151186000
2009-03-12,208.160003662109,211.979995727539,204.210006713867,211.309997558594,211.309997558594,125232300
2009-03-13,214.949996948242,216.279998779297,210.710006713867,211.740005493164,211.740005493164,124837900
2009-03-16,215.960006713867,216.979995727539,212.009994506836,215.789993286133,215.789993286133,116521500
2009-03-17,212.949996948242,213.630004882812,209.050003051758,210.869995117188,210.869995117188,111750200
2009-03-18,213.070007324219,214.029998779297,206.929992675781,209.339996337891,209.339996337891,108275400
2009-03-19,211,214.970001220703,208.940002441406,210.380004882812,210.380004882812,188466300
2009-03-20,209.149993896484,213.330001831055,208.440002441406,212.710006713867,212.710006713867,156675200
2009-03-23,217.699996948242,221.300003051758,215.789993286133,220.899993896484,220.899993896484,139020900
2009-03-24,224.830001831055,225.210006713867,218.600006103516,221.470001220703,221.470001220703,162213700
2009-03-25,220.5,226.179992675781,220.350006103516,225.550003051758,225.550003051758,118585100
2009-03-26,226.690002441406,226.770004272461,222.449996948242,224.800003051758,224.800003051758,98368600
2009-03-27,224.830001831055,225.169998168945,220.369995117188,221.729995727539,221.729995727539,95518400
2009-03-30,216.179992675781,216.509994506836,211.110000610352,211.110000610352,211.110000610352,90808000
2009-03-31,213.259994506836,217.059997558594,213.25,216.979995727539,216.979995727539,98962200
2009-04-01,216.270004272461,220.759994506836,212.770004272461,220.699996948242,220.699996948242,111547400
2009-04-02,226.169998168945,232.589996337891,225.869995117188,232.050003051758,232.050003051758,149949900
2009-04-03,231.080001831055,235.279998779297,229.320007324219,230.759994506836,230.759994506836,142367600
2009-04-06,233.649993896484,235.960006713867,227.410003662109,228.850006103516,228.850006103516,125800600
2009-04-07,229.850006103516,230.5,224.600006103516,227.389999389648,227.389999389648,99476000
2009-04-08,222.779998779297,229.869995117188,222.25,228.240005493164,228.240005493164,101413600
2009-04-09,230.759994506836,233.720001220703,228.470001220703,232.839996337891,232.839996337891,138297100
2009-04-14,234.539993286133,238.470001220703,232.979995727539,235.449996948242,235.449996948242,144872000
2009-04-15,231.839996337891,237.550003051758,231.720001220703,235.899993896484,235.899993896484,101118200
2009-04-16,238.059997558594,240.020004272461,234.990005493164,238.490005493164,238.490005493164,112487200
2009-04-17,240.559997558594,244.979995727539,239.440002441406,243.809997558594,243.809997558594,139339200
2009-04-20,242.289993286133,242.919998168945,232.910003662109,233.770004272461,233.770004272461,111752600
2009-04-21,232.889999389648,236.320007324219,228.190002441406,234.720001220703,234.720001220703,120511200
2009-04-22,235.550003051758,237.630004882812,230.570007324219,236.880004882812,236.880004882812,122608700
2009-04-23,235.369995117188,240.149993896484,234.820007324219,235.300003051758,235.300003051758,103560800
2009-04-24,235.669998168945,239.490005493164,235.039993286133,239.339996337891,239.339996337891,99254000
2009-04-27,235.160003662109,238.850006103516,233.509994506836,238.139999389648,238.139999389648,83088800
2009-04-28,233.699996948242,236.449996948242,231.229995727539,234.830001831055,234.830001831055,87995800
2009-04-29,235.149993896484,238.720001220703,234.380004882812,238.070007324219,238.070007324219,138371000
2009-04-30,240.899993896484,243.940002441406,240.720001220703,240.759994506836,240.759994506836,180466300
2009-05-04,244.990005493164,251.600006103516,244.619995117188,251.470001220703,251.470001220703,113616200
2009-05-05,253.029998779297,254.320007324219,250.279998779297,252.160003662109,252.160003662109,137269600
2009-05-06,251.440002441406,257.589996337891,251.029998779297,255.279998779297,255.279998779297,141015900
2009-05-07,257.579986572266,263.25,255.270004272461,256.690002441406,256.690002441406,170586900
2009-05-08,259.970001220703,263.75,258.980010986328,261.350006103516,261.350006103516,127166400
2009-05-11,260.869995117188,260.869995117188,254.949996948242,256.470001220703,256.470001220703,107835500
2009-05-12,254.429992675781,259.269989013672,254.259994506836,255.330001831055,255.330001831055,115554800
2009-05-13,256.149993896484,257.609985351562,249.5,250.190002441406,250.190002441406,154552100
2009-05-14,250.649993896484,251.350006103516,247.460006713867,249.020004272461,249.020004272461,121986100
2009-05-15,251.850006103516,253.820007324219,249.240005493164,252.919998168945,252.919998168945,99849200
2009-05-18,249.589996337891,259.489990234375,248.820007324219,259.170013427734,259.170013427734,94844200
2009-05-19,262.410003662109,263.630004882812,259.619995117188,262.230010986328,262.230010986328,126535000
2009-05-20,261.559997558594,267.149993896484,261.559997558594,266.299987792969,266.299987792969,109472100
2009-05-21,262.459991455078,263.609985351562,258.390014648438,259.019989013672,259.019989013672,78579200
2009-05-22,260.549987792969,262.480010986328,258.209991455078,260.140014648438,260.140014648438,74919400
2009-05-25,261.109985351562,261.480010986328,257.279998779297,260.660003662109,260.660003662109,29799400
2009-05-26,259.359985351562,263.619995117188,255.059997558594,263.429992675781,263.429992675781,83544600
2009-05-27,265.290008544922,265.670013427734,262.119995117188,264.200012207031,264.200012207031,87207600
2009-05-28,260.420013427734,262.980010986328,258.109985351562,260.899993896484,260.899993896484,99635600
2009-05-29,265.170013427734,265.170013427734,258.619995117188,259.450012207031,259.450012207031,110807500
2009-06-01,265.239990234375,268.910003662109,265.029998779297,268.420013427734,268.420013427734,78745800
2009-06-02,267.149993896484,270.089996337891,266.170013427734,268.989990234375,268.989990234375,87892000
2009-06-03,271.119995117188,271.119995117188,263.25,264.369995117188,264.369995117188,80143400
2009-06-04,264.269989013672,266.109985351562,262.239990234375,263.799987792969,263.799987792969,75724200
2009-06-05,266.260009765625,270.049987792969,265.350006103516,266.929992675781,266.929992675781,110923800
2009-06-08,266.100006103516,266.119995117188,261.450012207031,262.390014648438,262.390014648438,73216000
2009-06-09,264.730010986328,266.179992675781,261.619995117188,263.029998779297,263.029998779297,81331800
2009-06-10,267.109985351562,269.829986572266,266.140014648438,266.959991455078,266.959991455078,96109400
2009-06-11,266.869995117188,268.640014648438,266.190002441406,268.109985351562,268.109985351562,73237200
2009-06-12,267.619995117188,268.119995117188,264.279998779297,265.480010986328,265.480010986328,74380800
2009-06-15,262.950012207031,263.140014648438,257.929992675781,258.260009765625,258.260009765625,94405600
2009-06-16,258.809997558594,259.709991455078,256.450012207031,257.010009765625,257.010009765625,86754200
2009-06-17,255.649993896484,256.109985351562,248.929992675781,251.229995727539,251.229995727539,122136000
2009-06-18,253.169998168945,254.429992675781,249.470001220703,253.520004272461,253.520004272461,97596400
2009-06-19,254.210006713867,257.809997558594,253.169998168945,257.160003662109,257.160003662109,122154900
2009-06-22,257.470001220703,257.690002441406,249.089996337891,249.089996337891,249.089996337891,85637800
2009-06-23,247.100006103516,250.429992675781,247.029998779297,248.690002441406,248.690002441406,97648000
2009-06-24,250.220001220703,255.199996948242,248.110000610352,254.630004882812,254.630004882812,91692600
2009-06-25,254.619995117188,254.619995117188,249.089996337891,254.119995117188,254.119995117188,82366000
2009-06-26,256.480010986328,257.839996337891,253.110000610352,254.429992675781,254.429992675781,78619800
2009-06-29,253.919998168945,258.760009765625,253.410003662109,258.239990234375,258.239990234375,64146400
2009-06-30,258.890014648438,258.890014648438,253.339996337891,254.710006713867,254.710006713867,81960000
2009-07-01,256.329986572266,261.440002441406,256.200012207031,260.290008544922,260.290008544922,82659000
2009-07-02,258.450012207031,258.450012207031,252.690002441406,252.690002441406,252.690002441406,92910200
2009-07-03,253.279998779297,253.869995117188,251.080001831055,253.699996948242,253.699996948242,58630200
2009-07-06,251.589996337891,251.589996337891,247.809997558594,249.639999389648,249.639999389648,75298800
2009-07-07,251.270004272461,252.710006713867,248.529998779297,249.039993286133,249.039993286133,82887400
2009-07-08,247.440002441406,248.190002441406,244.210006713867,244.630004882812,244.630004882812,82051000
2009-07-09,246.360000610352,248.910003662109,245.660003662109,247.110000610352,247.110000610352,69269800
2009-07-10,245.639999389648,246.190002441406,243.199996948242,243.199996948242,243.199996948242,68814600
2009-07-13,242.610000610352,249.789993286133,241.360000610352,249.789993286133,249.789993286133,76351400
2009-07-14,250.800003051758,252.509994506836,249.919998168945,251.910003662109,251.910003662109,80926000
2009-07-15,253.679992675781,260.820007324219,253.679992675781,260.820007324219,260.820007324219,96700400
2009-07-16,260.880004882812,265.540008544922,259.760009765625,263.480010986328,263.480010986328,96304600
2009-07-17,265.320007324219,267.690002441406,264.470001220703,266.399993896484,266.399993896484,94879600
2009-07-20,268.739990234375,270.459991455078,267.529998779297,269.480010986328,269.480010986328,72630600
2009-07-21,269.5,273.320007324219,269.059997558594,270.679992675781,270.679992675781,87295600
2009-07-22,270.890014648438,271.299987792969,267.850006103516,271.190002441406,271.190002441406,87864600
2009-07-23,271.850006103516,276.559997558594,269.209991455078,276.149993896484,276.149993896484,101493700
2009-07-24,275.339996337891,278.700012207031,274.200012207031,276.149993896484,276.149993896484,89582800
2009-07-27,279.140014648438,279.679992675781,276.170013427734,278.140014648438,278.140014648438,95425400
2009-07-28,278.359985351562,279.519989013672,273.570007324219,274.239990234375,274.239990234375,103062600
2009-07-29,272.989990234375,278.809997558594,272.670013427734,277.320007324219,277.320007324219,112472800
2009-07-30,278.950012207031,284.690002441406,277.480010986328,283.820007324219,283.820007324219,126417200
2009-07-31,282.630004882812,285.239990234375,281.480010986328,283.170013427734,283.170013427734,122819200
2009-08-03,283.630004882812,289.339996337891,283.190002441406,287.489990234375,287.489990234375,105462200
2009-08-04,287.510009765625,287.510009765625,283.450012207031,286.910003662109,286.910003662109,99058600
2009-08-05,285.630004882812,289.109985351562,283.920013427734,285.239990234375,285.239990234375,103624000
2009-08-06,288.179992675781,290.149993896484,287.170013427734,288.109985351562,288.109985351562,97833800
2009-08-07,286.670013427734,291.839996337891,284.809997558594,290.5,290.5,102890200
2009-08-10,289.570007324219,289.910003662109,287.029998779297,288.609985351562,288.609985351562,64582000
2009-08-11,288.899993896484,290.049987792969,283.239990234375,284.170013427734,284.170013427734,89584600
2009-08-12,283.720001220703,288.950012207031,280.790008544922,288.950012207031,288.950012207031,119372800
2009-08-13,288.190002441406,293.25,288.190002441406,290.019989013672,290.019989013672,164334800
2009-08-14,290.600006103516,292.390014648438,286.779998779297,288.019989013672,288.019989013672,112516300
2009-08-17,286.089996337891,286.089996337891,281.109985351562,282.010009765625,282.010009765625,104254400
2009-08-18,283.329986572266,284.459991455078,282.049987792969,284.459991455078,284.459991455078,76182200
2009-08-19,282.630004882812,284.959991455078,280.149993896484,284.049987792969,284.049987792969,84555600
2009-08-20,287.720001220703,288.869995117188,285.649993896484,288.119995117188,288.119995117188,91179200
2009-08-21,287.019989013672,295.709991455078,286.790008544922,294.489990234375,294.489990234375,117345600
2009-08-24,297.100006103516,298.809997558594,295.920013427734,297.880004882812,297.880004882812,93762800
2009-08-25,294.820007324219,300.540008544922,294.670013427734,300.029998779297,300.029998779297,91900000
2009-08-26,299.410003662109,302.260009765625,297.820007324219,298.640014648438,298.640014648438,103288000
2009-08-27,298,300.820007324219,295.890014648438,296.899993896484,296.899993896484,80679400
2009-08-28,299.290008544922,302.760009765625,298.730010986328,300.200012207031,300.200012207031,88754400
2009-08-31,297.480010986328,298.290008544922,295.760009765625,296.269989013672,296.269989013672,66260000
2009-09-01,298.029998779297,298.929992675781,291,291,291,103718800
2009-09-02,289.839996337891,289.839996337891,286.239990234375,289.049987792969,289.049987792969,111996000
2009-09-03,290.119995117188,291.989990234375,288.230010986328,289.010009765625,289.010009765625,88504600
2009-09-04,291.329986572266,293.640014648438,290.579986572266,293.160003662109,293.160003662109,97720600
2009-09-07,295.329986572266,298.470001220703,295.160003662109,298.410003662109,298.410003662109,67699000
2009-09-08,299.239990234375,301.320007324219,298.200012207031,300.809997558594,300.809997558594,100188800
2009-09-09,299.480010986328,304.25,299.380004882812,304.25,304.25,95993800
2009-09-10,306.369995117188,307.100006103516,302.850006103516,305.970001220703,305.970001220703,108246000
2009-09-11,307.089996337891,309.200012207031,306.649993896484,308,308,110349700
2009-09-14,304.170013427734,307.029998779297,303.029998779297,306.899993896484,306.899993896484,87067400
2009-09-15,307.559997558594,309.660003662109,305.709991455078,308.369995117188,308.369995117188,127607700
2009-09-16,310.170013427734,313.299987792969,310.170013427734,312.760009765625,312.760009765625,132192100
2009-09-17,315.260009765625,315.260009765625,311.820007324219,313.880004882812,313.880004882812,127552900
2009-09-18,312.089996337891,315.480010986328,311.829986572266,313.630004882812,313.630004882812,152586500
2009-09-21,313.540008544922,313.739990234375,309.670013427734,311.339996337891,311.339996337891,79404800
2009-09-22,312.119995117188,314.670013427734,312.119995117188,312.720001220703,312.720001220703,75172200
2009-09-23,313,314.549987792969,312.079986572266,313.359985351562,313.359985351562,76317400
2009-09-24,311.540008544922,314.799987792969,308.059997558594,308.519989013672,308.519989013672,112397100
2009-09-25,309.209991455078,309.570007324219,305.630004882812,305.630004882812,305.630004882812,83484200
2009-09-28,304.940002441406,311.899993896484,302.170013427734,311.899993896484,311.899993896484,82099600
2009-09-29,312.820007324219,313.970001220703,310.220001220703,312.119995117188,312.119995117188,81566600
2009-09-30,312.690002441406,314.390014648438,308.950012207031,311.350006103516,311.350006103516,111197500
2009-10-01,312.309997558594,313.670013427734,305.5,305.739990234375,305.739990234375,107061300
2009-10-02,302.450012207031,303.079986572266,296.5,299.299987792969,299.299987792969,144723900
2009-10-05,300.25,301.730010986328,298.309997558594,301.220001220703,301.220001220703,84676400
2009-10-06,303.190002441406,309.630004882812,302.920013427734,309.279998779297,309.279998779297,106777800
2009-10-07,309.029998779297,312.209991455078,308.160003662109,309.209991455078,309.209991455078,91963400
2009-10-08,314.290008544922,314.799987792969,312.029998779297,314.760009765625,314.760009765625,104770000
2009-10-09,313.380004882812,316.739990234375,313.329986572266,315.549987792969,315.549987792969,100226000
2009-10-12,318.179992675781,321.75,318.179992675781,320.709991455078,320.709991455078,107928200
2009-10-13,320.739990234375,322.029998779297,318.640014648438,319.529998779297,319.529998779297,104849800
2009-10-14,324,326.540008544922,323.799987792969,325.470001220703,325.470001220703,124771100
2009-10-15,326.640014648438,326.839996337891,323.779998779297,325.190002441406,325.190002441406,100830300
2009-10-16,326.609985351562,328.510009765625,321.649993896484,322.309997558594,322.309997558594,129853700
2009-10-19,323.75,327.279998779297,323.75,327.029998779297,327.029998779297,78361400
2009-10-20,328.290008544922,328.470001220703,324.470001220703,324.920013427734,324.920013427734,90667000
2009-10-21,326.420013427734,327.149993896484,320.850006103516,325.5,325.5,102183700
2009-10-22,321.059997558594,321.790008544922,318.709991455078,320.690002441406,320.690002441406,100144000
2009-10-23,323.970001220703,325.369995117188,319.609985351562,320.140014648438,320.140014648438,87012200
2009-10-26,321.209991455078,321.899993896484,312.149993896484,312.649993896484,312.649993896484,182684200
2009-10-27,312.480010986328,314.730010986328,310.130004882812,311.130004882812,311.130004882812,216416900
2009-10-28,309.720001220703,310,303.149993896484,303.290008544922,303.290008544922,193980800
2009-10-29,301.859985351562,309.829986572266,301.25,309.649993896484,309.649993896484,180214100
2009-10-30,310.089996337891,310.790008544922,301.410003662109,302.359985351562,302.359985351562,144037000
2009-11-02,302.109985351562,304.690002441406,299.880004882812,302.820007324219,302.820007324219,115698400
2009-11-03,300.779998779297,301.679992675781,296.980010986328,300.109985351562,300.109985351562,101547000
2009-11-04,302.660003662109,306.790008544922,302.100006103516,305.880004882812,305.880004882812,113159100
2009-11-05,302.329986572266,309.119995117188,299.630004882812,307.829986572266,307.829986572266,131985200
2009-11-06,308.440002441406,309.75,303.549987792969,307.140014648438,307.140014648438,100537100
2009-11-09,310.5,314.600006103516,310.410003662109,314.459991455078,314.459991455078,81492000
2009-11-10,314.910003662109,315.519989013672,312.619995117188,313.260009765625,313.260009765625,81811400
2009-11-11,316.670013427734,320.059997558594,316.670013427734,317.970001220703,317.970001220703,114100500
2009-11-12,316.940002441406,320.059997558594,316.570007324219,317.059997558594,317.059997558594,107104000
2009-11-13,316.779998779297,317.989990234375,314.720001220703,317.369995117188,317.369995117188,77293600
2009-11-16,320.739990234375,322.480010986328,319.820007324219,322.160003662109,322.160003662109,73991600
2009-11-17,320.859985351562,323.179992675781,320.540008544922,321.079986572266,321.079986572266,73131600
2009-11-18,322.440002441406,322.910003662109,318.179992675781,319.420013427734,319.420013427734,84714200
2009-11-19,317.940002441406,319.329986572266,312.579986572266,313.309997558594,313.309997558594,91286800
2009-11-20,314.429992675781,315.839996337891,309.399993896484,310.029998779297,310.029998779297,96077400
2009-11-23,312.730010986328,318.420013427734,312.690002441406,317.040008544922,317.040008544922,66368000
2009-11-24,314.730010986328,318.760009765625,314.269989013672,315.859985351562,315.859985351562,73339200
2009-11-25,317.980010986328,319.160003662109,315.459991455078,318.239990234375,318.239990234375,70649800
2009-11-26,315.839996337891,316.040008544922,306.160003662109,306.720001220703,306.720001220703,104469400
2009-11-27,300.920013427734,311.600006103516,300.540008544922,309.519989013672,309.519989013672,136355100
2009-11-30,311.049987792969,311.049987792969,305.179992675781,305.899993896484,305.899993896484,145440200
2009-12-01,309.140014648438,315.440002441406,308.869995117188,315.440002441406,315.440002441406,135457300
2009-12-02,315.820007324219,317.980010986328,315.029998779297,316.440002441406,316.440002441406,148638600
2009-12-03,319.299987792969,320.130004882812,316.450012207031,317.609985351562,317.609985351562,135486300
2009-12-04,316.630004882812,323.950012207031,315.390014648438,321.130004882812,321.130004882812,153572500
2009-12-07,320.459991455078,321.920013427734,318.529998779297,320.25,320.25,106229100
2009-12-08,319.390014648438,321.600006103516,313.239990234375,315.429992675781,315.429992675781,171078900
2009-12-09,314.470001220703,316.059997558594,311.160003662109,312.880004882812,312.880004882812,152549300
2009-12-10,313.359985351562,318,312.709991455078,317.690002441406,317.690002441406,193640300
2009-12-11,318.320007324219,322.339996337891,318.320007324219,320.140014648438,320.140014648438,200272800
2009-12-14,323.200012207031,323.989990234375,321.190002441406,322.510009765625,322.510009765625,153209300
2009-12-15,323.679992675781,325.329986572266,321.380004882812,325.190002441406,325.190002441406,141831700
2009-12-16,325.420013427734,328.609985351562,325.420013427734,328.609985351562,328.609985351562,166674500
2009-12-17,326.190002441406,329.059997558594,325.519989013672,326.679992675781,326.679992675781,130191000
2009-12-18,326.640014648438,328.359985351562,323.779998779297,324.630004882812,324.630004882812,152385400
2009-12-21,326.290008544922,330.630004882812,325.440002441406,330.510009765625,330.510009765625,70627200
2009-12-22,331.630004882812,334.480010986328,331.489990234375,332.480010986328,332.480010986328,72328400
2009-12-23,334.660003662109,335.100006103516,331.690002441406,332.829986572266,332.829986572266,56098200
2009-12-24,333.630004882812,334.160003662109,333.119995117188,333.600006103516,333.600006103516,12198800
2009-12-28,336.019989013672,336.570007324219,335.230010986328,336.109985351562,336.109985351562,0
2009-12-29,336.839996337891,338.220001220703,336.399993896484,337.279998779297,337.279998779297,45764800
2009-12-30,336.209991455078,337.320007324219,333.929992675781,335.140014648438,335.140014648438,37276200
2009-12-31,336.700012207031,336.790008544922,335.209991455078,335.329986572266,335.329986572266,14204800
2010-01-04,336.959991455078,343.049987792969,336.959991455078,343.029998779297,343.029998779297,90515200
2010-01-05,343.519989013672,343.589996337891,340.989990234375,342.019989013672,342.019989013672,106369100
2010-01-06,341.579986572266,342.769989013672,339.320007324219,341.480010986328,341.480010986328,78921400
2010-01-07,340.559997558594,340.959991455078,337.940002441406,340.549987792969,340.549987792969,103411000
2010-01-08,341.980010986328,343.290008544922,338.230010986328,341.940002441406,341.940002441406,127867400
2010-01-11,344.200012207031,345.559997558594,340.100006103516,340.519989013672,340.519989013672,123004900
2010-01-12,340.690002441406,341.510009765625,334.970001220703,336.769989013672,336.769989013672,110926400
2010-01-13,335.359985351562,339.010009765625,335.320007324219,338.179992675781,338.179992675781,95424000
2010-01-14,341.200012207031,341.769989013672,339.070007324219,340.609985351562,340.609985351562,85885200
2010-01-15,341.410003662109,343.079986572266,337.480010986328,337.989990234375,337.989990234375,129802300
2010-01-18,339.179992675781,339.589996337891,336.679992675781,339.029998779297,339.029998779297,56837400
2010-01-19,338.679992675781,342.269989013672,335.720001220703,341.609985351562,341.609985351562,83807600
2010-01-20,340.890014648438,342.399993896484,335.070007324219,336.299987792969,336.299987792969,111977300
2010-01-21,338.829986572266,339.679992675781,331.970001220703,332.170013427734,332.170013427734,106124100
2010-01-22,330.130004882812,332.790008544922,326.899993896484,329.480010986328,329.480010986328,156662600
2010-01-25,327.369995117188,332.070007324219,327.369995117188,328.510009765625,328.510009765625,106317800
2010-01-26,326.279998779297,329.649993896484,324.920013427734,329.649993896484,329.649993896484,113794000
2010-01-27,326.679992675781,328.980010986328,325.160003662109,327.260009765625,327.260009765625,100255400
2010-01-28,331.570007324219,331.570007324219,323.950012207031,323.950012207031,323.950012207031,124292500
2010-01-29,325.519989013672,329.839996337891,324.239990234375,327.899993896484,327.899993896484,111574300
2010-02-01,325.940002441406,331.739990234375,325.350006103516,331.309997558594,331.309997558594,95260600
2010-02-02,331.980010986328,334.359985351562,329.420013427734,334.040008544922,334.040008544922,99983600
2010-02-03,335.040008544922,335.679992675781,332.369995117188,333.029998779297,333.029998779297,92634200
2010-02-04,331.790008544922,333.140014648438,322.220001220703,323.230010986328,323.230010986328,172226100
2010-02-05,320.809997558594,321.589996337891,313.839996337891,315.040008544922,315.040008544922,223513800
2010-02-08,317.690002441406,318.769989013672,311.529998779297,316.5,316.5,135640500
2010-02-09,316.239990234375,318.600006103516,314.679992675781,317.059997558594,317.059997558594,127248000
2010-02-10,317.290008544922,318.760009765625,314.700012207031,316.100006103516,316.100006103516,144502700
2010-02-11,317.730010986328,319.329986572266,314.029998779297,316.799987792969,316.799987792969,133594700
2010-02-12,319.309997558594,320.239990234375,314.010009765625,315.739990234375,315.739990234375,106093500
2010-02-15,317.700012207031,318.809997558594,315.040008544922,315.859985351562,315.859985351562,56399400
2010-02-16,318.440002441406,318.910003662109,315.119995117188,318.839996337891,318.839996337891,88971400
2010-02-17,320.959991455078,324.559997558594,320.799987792969,323.130004882812,323.130004882812,129201900
2010-02-18,322.309997558594,324.529998779297,321.279998779297,324.299987792969,324.299987792969,107873800
2010-02-19,321.510009765625,325.769989013672,321.290008544922,325.600006103516,325.600006103516,100457500
2010-02-22,327,327.140014648438,324.609985351562,325.119995117188,325.119995117188,81735000
2010-02-23,327.290008544922,327.549987792969,320.220001220703,320.989990234375,320.989990234375,112250100
2010-02-24,321.450012207031,322.049987792969,317.859985351562,320.920013427734,320.920013427734,100426600
2010-02-25,319.450012207031,321.410003662109,314.549987792969,314.850006103516,314.850006103516,123469400
2010-02-26,317.839996337891,318.040008544922,313.350006103516,317.739990234375,317.739990234375,127710900
2010-03-01,320.75,324.799987792969,320.100006103516,324.369995117188,324.369995117188,165347700
2010-03-02,324.869995117188,328.359985351562,324.339996337891,328.239990234375,328.239990234375,103775900
2010-03-03,327.769989013672,332.579986572266,326.929992675781,331.859985351562,331.859985351562,104224000
2010-03-04,330.25,333.679992675781,329.859985351562,332.450012207031,332.450012207031,105004600
2010-03-05,334.089996337891,338.679992675781,333.829986572266,338.679992675781,338.679992675781,112566800
2010-03-08,340.209991455078,340.660003662109,336.890014648438,338.170013427734,338.170013427734,88485400
2010-03-09,338.910003662109,339.470001220703,336.309997558594,339.089996337891,339.089996337891,80780600
2010-03-10,338.660003662109,341.510009765625,337.980010986328,340.970001220703,340.970001220703,95100400
2010-03-11,339.450012207031,341.179992675781,337.709991455078,339.019989013672,339.019989013672,83670800
2010-03-12,339.679992675781,342.290008544922,338.75,339.570007324219,339.570007324219,96038600
2010-03-15,338.829986572266,339.230010986328,334.910003662109,335.109985351562,335.109985351562,74466000
2010-03-16,336.829986572266,340.149993896484,336.829986572266,339.260009765625,339.260009765625,88415800
2010-03-17,340.890014648438,343.760009765625,340.359985351562,343.059997558594,343.059997558594,102312900
2010-03-18,341.510009765625,343.109985351562,341.220001220703,341.950012207031,341.950012207031,81610600
2010-03-19,343.079986572266,343.299987792969,338.299987792969,338.649993896484,338.649993896484,151817300
2010-03-22,337.579986572266,338.529998779297,334,338.130004882812,338.130004882812,88797400
2010-03-23,338.329986572266,342.410003662109,338.309997558594,341.510009765625,341.510009765625,92427200
2010-03-24,342.739990234375,343.329986572266,338.989990234375,341.739990234375,341.739990234375,83862800
2010-03-25,341.489990234375,346,341.489990234375,345.609985351562,345.609985351562,108690400
2010-03-26,344.100006103516,345.390014648438,343.329986572266,343.809997558594,343.809997558594,85028600
2010-03-29,344.029998779297,345.390014648438,342.510009765625,343.959991455078,343.959991455078,72582200
2010-03-30,345.239990234375,346.079986572266,343.269989013672,343.600006103516,343.600006103516,77048000
2010-03-31,343.420013427734,345.660003662109,342.160003662109,344.220001220703,344.220001220703,85742400
2010-04-01,345.899993896484,351.459991455078,345.899993896484,351.440002441406,351.440002441406,103664000
2010-04-06,353.140014648438,355.609985351562,352.869995117188,355.609985351562,355.609985351562,101898300
2010-04-07,355.839996337891,356.130004882812,353.489990234375,353.890014648438,353.890014648438,94269400
2010-04-08,352.269989013672,352.570007324219,349.510009765625,350.890014648438,350.890014648438,101033400
2010-04-09,353.910003662109,356.25,353.910003662109,355.890014648438,355.890014648438,89993600
2010-04-12,358.049987792969,358.200012207031,354.390014648438,355.339996337891,355.339996337891,72827000
2010-04-13,353.660003662109,355.709991455078,352.75,354.429992675781,354.429992675781,84824000
2010-04-14,356.339996337891,357.920013427734,355.920013427734,356.670013427734,356.670013427734,95541600
2010-04-15,356.489990234375,356.760009765625,353.179992675781,355.570007324219,355.570007324219,96165400
2010-04-16,354.149993896484,356.600006103516,349.220001220703,349.75,349.75,142228300
2010-04-19,348.880004882812,350.799987792969,346.970001220703,348.570007324219,348.570007324219,142228300
2010-04-20,350.25,354.980010986328,349.429992675781,354.859985351562,354.859985351562,117475400
2010-04-21,356.380004882812,356.480010986328,352.940002441406,353.660003662109,353.660003662109,104444200
2010-04-22,353.769989013672,356.75,349.880004882812,351.309997558594,351.309997558594,132257200
2010-04-23,352.720001220703,355.140014648438,351.059997558594,353.380004882812,353.380004882812,127389800
2010-04-26,356.929992675781,358.230010986328,355.799987792969,357.429992675781,357.429992675781,103423500
2010-04-27,356.700012207031,356.859985351562,349.119995117188,349.119995117188,349.119995117188,143744200
2010-04-28,346.579986572266,349.019989013672,341.950012207031,344.549987792969,344.549987792969,200962700
2010-04-29,345.459991455078,349.369995117188,342.720001220703,348.459991455078,348.459991455078,142780200
2010-04-30,348.309997558594,351.320007324219,344.130004882812,345.910003662109,345.910003662109,130848300
2010-05-03,345.410003662109,348.170013427734,342.450012207031,346.940002441406,346.940002441406,72889600
2010-05-04,347.859985351562,348.859985351562,334.880004882812,335.859985351562,335.859985351562,170587900
2010-05-05,335.459991455078,336.760009765625,328.730010986328,330.779998779297,330.779998779297,168153100
2010-05-06,327.149993896484,333.450012207031,325.179992675781,326.190002441406,326.190002441406,195235800
2010-05-07,316.779998779297,323.209991455078,307.709991455078,312.350006103516,312.350006103516,293486300
2010-05-10,323.910003662109,335.239990234375,322.359985351562,335.239990234375,335.239990234375,278265300
2010-05-11,331.459991455078,334.010009765625,327.790008544922,333.480010986328,333.480010986328,145978500
2010-05-12,332.779998779297,338.760009765625,330.790008544922,336.899993896484,336.899993896484,177803500
2010-05-13,340.049987792969,340.049987792969,335.540008544922,337.799987792969,337.799987792969,97972800
2010-05-14,336.260009765625,336.260009765625,326.100006103516,327.239990234375,327.239990234375,153943900
2010-05-17,324.100006103516,330.230010986328,323.200012207031,326.570007324219,326.570007324219,130447400
2010-05-18,331.019989013672,333.029998779297,327.799987792969,331,331,115618800
2010-05-19,326.170013427734,327.929992675781,320.730010986328,321.450012207031,321.450012207031,164436200
2010-05-20,323.279998779297,324.720001220703,308.75,314.859985351562,314.859985351562,205013100
2010-05-21,312.839996337891,315.480010986328,306.290008544922,313.410003662109,313.410003662109,217943200
2010-05-24,315.799987792969,317.619995117188,310.339996337891,313.570007324219,313.570007324219,92782000
2010-05-25,303.950012207031,306.390014648438,301.480010986328,305.029998779297,305.029998779297,172128800
2010-05-26,310.450012207031,315.440002441406,308.040008544922,312,312,164578600
2010-05-27,314.630004882812,321.200012207031,314.380004882812,321.160003662109,321.160003662109,134945600
2010-05-28,323.829986572266,324.029998779297,319.910003662109,320.640014648438,320.640014648438,96900000
2010-05-31,320.059997558594,322.869995117188,319.519989013672,320.700012207031,320.700012207031,43268400
2010-06-01,319.489990234375,322.989990234375,314.470001220703,321.209991455078,321.209991455078,121512900
2010-06-02,318.769989013672,322.839996337891,316.450012207031,322.559997558594,322.559997558594,95636600
2010-06-03,328.480010986328,329.820007324219,326.589996337891,327.029998779297,327.029998779297,110031400
2010-06-04,328.179992675781,331.299987792969,320.290008544922,321.220001220703,321.220001220703,142577200
2010-06-07,315.700012207031,320.579986572266,315.339996337891,317.540008544922,317.540008544922,108029700
2010-06-08,318.709991455078,318.970001220703,311.820007324219,314.829986572266,314.829986572266,127059300
2010-06-09,317.5,320.709991455078,313.700012207031,320.630004882812,320.630004882812,110800100
2010-06-10,318.709991455078,326.709991455078,317.980010986328,325.420013427734,325.420013427734,114396600
2010-06-11,326.970001220703,327.309997558594,321.809997558594,325.559997558594,325.559997558594,120467200
2010-06-14,328.859985351562,331.5,328.570007324219,331.450012207031,331.450012207031,100438900
2010-06-15,329.119995117188,334.630004882812,328.910003662109,333.820007324219,333.820007324219,101829600
2010-06-16,336.470001220703,336.470001220703,332.429992675781,334.760009765625,334.760009765625,112382000
2010-06-17,334.660003662109,336.910003662109,333.25,335.260009765625,335.260009765625,100285100
2010-06-18,335.929992675781,336.890014648438,334.170013427734,336.059997558594,336.059997558594,114690000
2010-06-21,341.549987792969,343.320007324219,340.109985351562,341.040008544922,341.040008544922,91305600
2010-06-22,338.640014648438,340.369995117188,336.899993896484,339.799987792969,339.799987792969,88625400
2010-06-23,336.049987792969,339.070007324219,333.720001220703,335.109985351562,335.109985351562,84037000
2010-06-24,337.390014648438,337.420013427734,328.489990234375,329.220001220703,329.220001220703,86777600
2010-06-25,329.670013427734,330.339996337891,325.260009765625,325.989990234375,325.989990234375,86201800
2010-06-28,327.329986572266,331.040008544922,325.390014648438,330.459991455078,330.459991455078,73886400
2010-06-29,326.350006103516,326.5,318.140014648438,319.029998779297,319.029998779297,115780300
2010-06-30,319.850006103516,320.309997558594,315.809997558594,316.809997558594,316.809997558594,115476500
2010-07-01,313.049987792969,314.809997558594,306.420013427734,307.869995117188,307.869995117188,129509600
2010-07-02,310.380004882812,312.640014648438,308.179992675781,308.200012207031,308.200012207031,96298000
2010-07-05,309.220001220703,309.579986572266,306.269989013672,306.269989013672,306.269989013672,53436200
2010-07-06,308.329986572266,316.829986572266,307.890014648438,314.429992675781,314.429992675781,92714000
2010-07-07,311.160003662109,317.839996337891,308.600006103516,317.559997558594,317.559997558594,104637600
2010-07-08,320.709991455078,323.480010986328,318.540008544922,322.619995117188,322.619995117188,107209000
2010-07-09,324.630004882812,325.940002441406,322.989990234375,324.420013427734,324.420013427734,72469400
2010-07-12,325.700012207031,328.359985351562,323.899993896484,326.559997558594,326.559997558594,63699800
2010-07-13,327.390014648438,334.399993896484,327.329986572266,333.760009765625,333.760009765625,84712000
2010-07-14,336.420013427734,336.730010986328,332.739990234375,335.029998779297,335.029998779297,76180800
2010-07-15,334.160003662109,335.309997558594,328.089996337891,329.760009765625,329.760009765625,97641200
2010-07-16,330.290008544922,332.119995117188,322.700012207031,323.989990234375,323.989990234375,107765800
2010-07-19,322.329986572266,325.760009765625,321.119995117188,322,322,71898000
2010-07-20,324.140014648438,324.350006103516,317.309997558594,320.459991455078,320.459991455078,82120800
2010-07-21,323.730010986328,328.809997558594,323.609985351562,326.359985351562,326.359985351562,82998600
2010-07-22,325.100006103516,335.25,324.549987792969,335.200012207031,335.200012207031,101607200
2010-07-23,335.630004882812,338.130004882812,333.899993896484,337.140014648438,337.140014648438,86904800
2010-07-26,339.730010986328,339.869995117188,335.619995117188,337.820007324219,337.820007324219,89384400
2010-07-27,339.309997558594,340.589996337891,337.109985351562,338.079986572266,338.079986572266,134230100
2010-07-28,338.700012207031,339.970001220703,333.929992675781,335.029998779297,335.029998779297,108849700
2010-07-29,335.190002441406,336.730010986328,331.950012207031,332.130004882812,332.130004882812,103932800
2010-07-30,331.019989013672,334.299987792969,327.339996337891,330.640014648438,330.640014648438,125405800
2010-08-02,333.299987792969,339.970001220703,332.450012207031,339.660003662109,339.660003662109,95889400
2010-08-03,339.549987792969,339.940002441406,336.369995117188,339,339,88658800
2010-08-04,337.660003662109,341,335.119995117188,339.200012207031,339.200012207031,85440600
2010-08-05,339.070007324219,340.609985351562,335.660003662109,336.570007324219,336.570007324219,93499000
2010-08-06,337.519989013672,338.929992675781,329.760009765625,331.190002441406,331.190002441406,100212200
2010-08-09,334.559997558594,336.559997558594,334.119995117188,335.890014648438,335.890014648438,58964000
2010-08-10,334.709991455078,335.440002441406,331.309997558594,333.140014648438,333.140014648438,76304000
2010-08-11,330.230010986328,331.019989013672,324.839996337891,324.989990234375,324.989990234375,108752700
2010-08-12,323.070007324219,326.220001220703,321.470001220703,324.119995117188,324.119995117188,112963500
2010-08-13,326.140014648438,326.510009765625,321.260009765625,323.920013427734,323.920013427734,94724600
2010-08-16,324.5,325.369995117188,320.190002441406,323.140014648438,323.140014648438,63165000
2010-08-17,324.359985351562,328.549987792969,323.899993896484,328.450012207031,328.450012207031,92528000
2010-08-18,327.059997558594,328.470001220703,325.100006103516,327.670013427734,327.670013427734,70209200
2010-08-19,329.359985351562,330.269989013672,321.760009765625,322.369995117188,322.369995117188,91019400
2010-08-20,321.649993896484,323.220001220703,317.459991455078,318.019989013672,318.019989013672,92365800
2010-08-23,318.329986572266,320.920013427734,316.950012207031,318.540008544922,318.540008544922,73090200
2010-08-24,315.880004882812,315.950012207031,310.130004882812,313.390014648438,313.390014648438,98986800
2010-08-25,312.399993896484,314.589996337891,308.470001220703,311.720001220703,311.720001220703,111118100
2010-08-26,314.779998779297,315.359985351562,312.329986572266,314.220001220703,314.220001220703,84652200
2010-08-27,312.809997558594,317.209991455078,311.269989013672,317.040008544922,317.040008544922,90542600
2010-08-30,318.640014648438,318.859985351562,314.570007324219,315.549987792969,315.549987792969,44056800
2010-08-31,311.359985351562,316.470001220703,311.049987792969,316.470001220703,316.470001220703,95528800
2010-09-01,318.079986572266,325.920013427734,315.510009765625,325.519989013672,325.519989013672,122826500
2010-09-02,324.679992675781,327.690002441406,323.869995117188,326.570007324219,326.570007324219,82334000
2010-09-03,327.869995117188,332.480010986328,326.820007324219,329.350006103516,329.350006103516,99893800
2010-09-06,331.279998779297,331.380004882812,329.380004882812,330.529998779297,330.529998779297,46173400
2010-09-07,329.730010986328,330.170013427734,325.859985351562,327.760009765625,327.760009765625,75309400
2010-09-08,326.320007324219,332.049987792969,324.910003662109,331.429992675781,331.429992675781,83656200
2010-09-09,330.839996337891,335.179992675781,329.859985351562,334.589996337891,334.589996337891,78874000
2010-09-10,333.320007324219,335.239990234375,332.760009765625,334.959991455078,334.959991455078,71080800
2010-09-13,338.739990234375,339.399993896484,336.899993896484,337.269989013672,337.269989013672,79352000
2010-09-14,336.940002441406,337.809997558594,335.119995117188,336.730010986328,336.730010986328,88485200
2010-09-15,336.980010986328,337.480010986328,333.769989013672,335.859985351562,335.859985351562,85552200
2010-09-16,335.839996337891,336.609985351562,334.279998779297,334.670013427734,334.670013427734,71353400
2010-09-17,337.630004882812,338.940002441406,334.420013427734,334.540008544922,334.540008544922,198627100
2010-09-20,336.269989013672,340.190002441406,336.269989013672,339.809997558594,339.809997558594,75173000
2010-09-21,339.279998779297,342.350006103516,338.940002441406,338.940002441406,338.940002441406,90934800
2010-09-22,339.549987792969,339.549987792969,334.079986572266,334.350006103516,334.350006103516,92999800
2010-09-23,336.399993896484,336.790008544922,329.380004882812,332.820007324219,332.820007324219,88555200
2010-09-24,330.890014648438,338.480010986328,330.779998779297,337.850006103516,337.850006103516,91019000
2010-09-27,338.910003662109,340.010009765625,337.019989013672,337.170013427734,337.170013427734,65661800
2010-09-28,336.399993896484,338.820007324219,333.410003662109,338.170013427734,338.170013427734,81359400
2010-09-29,339.600006103516,340.989990234375,334.970001220703,335.850006103516,335.850006103516,78795800
2010-09-30,333.829986572266,339.510009765625,333.040008544922,334.390014648438,334.390014648438,103625800
2010-10-01,335.269989013672,336.739990234375,332.269989013672,333.779998779297,333.779998779297,88498400
2010-10-04,334.029998779297,334.029998779297,329.829986572266,330.399993896484,330.399993896484,74631600
2010-10-05,329.890014648438,335.600006103516,328.609985351562,335.029998779297,335.029998779297,89253800
2010-10-06,336.489990234375,338.459991455078,336.029998779297,336.970001220703,336.970001220703,95389400
2010-10-07,337.160003662109,339.170013427734,333.859985351562,337.670013427734,337.670013427734,87693400
2010-10-08,337.019989013672,337.339996337891,334.459991455078,336.529998779297,336.529998779297,83426200
2010-10-11,337.290008544922,338.089996337891,336.559997558594,337.040008544922,337.040008544922,57987400
2010-10-12,334.799987792969,335.489990234375,332.369995117188,335.089996337891,335.089996337891,77975800
2010-10-13,336.570007324219,342.230010986328,336.529998779297,341.720001220703,341.720001220703,85500800
2010-10-14,342.869995117188,344.440002441406,341.209991455078,341.329986572266,341.329986572266,108375500
2010-10-15,342.519989013672,343.079986572266,339.739990234375,341.450012207031,341.450012207031,89513400
2010-10-18,339.899993896484,342.549987792969,339.019989013672,341.720001220703,341.720001220703,79025200
2010-10-19,341.339996337891,341.869995117188,337.850006103516,339.149993896484,339.149993896484,94758800
2010-10-20,338.100006103516,340.029998779297,337.730010986328,339.709991455078,339.709991455078,65378000
2010-10-21,338.850006103516,343.309997558594,338.149993896484,341.920013427734,341.920013427734,88238000
2010-10-22,340.799987792969,342.649993896484,340.529998779297,341.070007324219,341.070007324219,67598800
2010-10-25,343.269989013672,344.230010986328,342.079986572266,342.529998779297,342.529998779297,64778200
2010-10-26,340.790008544922,342.119995117188,338.660003662109,340.760009765625,340.760009765625,99988200
2010-10-27,339.429992675781,340.859985351562,337.670013427734,337.989990234375,337.989990234375,82013600
2010-10-28,339.470001220703,340.619995117188,337.570007324219,338.100006103516,338.100006103516,76769400
2010-10-29,337.279998779297,338.600006103516,335.329986572266,337.230010986328,337.230010986328,95734600
2010-11-01,339.649993896484,340.769989013672,337.390014648438,339.350006103516,339.350006103516,78333800
2010-11-02,339.029998779297,342.529998779297,338.760009765625,342.019989013672,342.019989013672,76909400
2010-11-03,342.570007324219,343,338.390014648438,339.049987792969,339.049987792969,84695200
2010-11-04,342.640014648438,346.109985351562,342.570007324219,345.149993896484,345.149993896484,128069700
2010-11-05,346.25,348.429992675781,345.089996337891,346.899993896484,346.899993896484,104020400
2010-11-08,346.959991455078,347.459991455078,346.149993896484,346.690002441406,346.690002441406,71384800
2010-11-09,346.160003662109,348.820007324219,346.010009765625,347.739990234375,347.739990234375,81694600
2010-11-10,346.339996337891,348.019989013672,344.880004882812,346.089996337891,346.089996337891,125179600
2010-11-11,347.670013427734,347.820007324219,343.619995117188,344.829986572266,344.829986572266,114070500
2010-11-12,340.690002441406,344.230010986328,339.329986572266,343.200012207031,343.200012207031,96614600
2010-11-15,341.670013427734,346.230010986328,341.339996337891,345.529998779297,345.529998779297,67913600
2010-11-16,343.809997558594,343.809997558594,339.190002441406,339.209991455078,339.209991455078,94170200
2010-11-17,338.920013427734,341.970001220703,338.589996337891,341.5,341.5,74830400
2010-11-18,343.720001220703,346.869995117188,343.320007324219,346.269989013672,346.269989013672,113535500
2010-11-19,346.339996337891,346.380004882812,342.049987792969,344.579986572266,344.579986572266,90640800
2010-11-22,347.010009765625,347.399993896484,341.320007324219,342.420013427734,342.420013427734,85382400
2010-11-23,339.970001220703,341.399993896484,334.820007324219,334.820007324219,334.820007324219,126564900
2010-11-24,336.119995117188,338.109985351562,332.679992675781,337.200012207031,337.200012207031,101647900
2010-11-25,337.730010986328,339.380004882812,337.209991455078,338.769989013672,338.769989013672,71044200
2010-11-26,336.649993896484,338.119995117188,332.670013427734,336.260009765625,336.260009765625,103360500
2010-11-29,337.75,339.369995117188,329.619995117188,329.670013427734,329.670013427734,120391400
2010-11-30,330.029998779297,331,325.140014648438,327.410003662109,327.410003662109,159073600
2010-12-01,329.910003662109,336.200012207031,329.059997558594,335.799987792969,335.799987792969,135147000
2010-12-02,337.980010986328,341.839996337891,334.880004882812,341.450012207031,341.450012207031,146581400
2010-12-03,340.829986572266,343.619995117188,340.130004882812,342.190002441406,342.190002441406,101053000
2010-12-06,343.049987792969,343.510009765625,340.609985351562,342.339996337891,342.339996337891,76717200
2010-12-07,343.709991455078,348.100006103516,343.519989013672,346.209991455078,346.209991455078,107639000
2010-12-08,344.640014648438,348.429992675781,344.339996337891,346.720001220703,346.720001220703,92602200
2010-12-09,349.549987792969,350.179992675781,348.279998779297,349.380004882812,349.380004882812,120894200
2010-12-10,350.540008544922,350.859985351562,349.299987792969,350.209991455078,350.209991455078,82430400
2010-12-13,351.149993896484,352.799987792969,350.989990234375,351.299987792969,351.299987792969,71143200
2010-12-14,351.220001220703,351.980010986328,350.029998779297,351.820007324219,351.820007324219,69079000
2010-12-15,350.769989013672,351.670013427734,349.320007324219,350.790008544922,350.790008544922,74681400
2010-12-16,350.760009765625,351.880004882812,349.940002441406,351.880004882812,351.880004882812,83479200
2010-12-17,352.779998779297,353.279998779297,351.220001220703,352.049987792969,352.049987792969,114123200
2010-12-20,352.200012207031,355.510009765625,351.970001220703,353.149993896484,353.149993896484,61055000
2010-12-21,355.279998779297,356.869995117188,354.970001220703,356.140014648438,356.140014648438,58953000
2010-12-22,356.059997558594,357.089996337891,355.329986572266,356.170013427734,356.170013427734,54469200
2010-12-23,356.420013427734,356.899993896484,355.769989013672,356.209991455078,356.209991455078,42477600
2010-12-24,356.25,356.679992675781,355.709991455078,355.920013427734,355.920013427734,7882000
2010-12-27,355.760009765625,356.119995117188,353.100006103516,355.570007324219,355.570007324219,27092400
2010-12-28,356.450012207031,357.480010986328,356.290008544922,356.690002441406,356.690002441406,24132600
2010-12-29,357.579986572266,358.799987792969,357.329986572266,358.320007324219,358.320007324219,33458200
2010-12-30,358.070007324219,358.119995117188,355.579986572266,356.359985351562,356.359985351562,32270800
2011-01-03,357.910003662109,360.559997558594,357.029998779297,359.859985351562,359.859985351562,50319800
2011-01-04,359.820007324219,360.869995117188,358.410003662109,358.859985351562,358.859985351562,81055400
2011-01-05,358.200012207031,358.200012207031,352.559997558594,357.279998779297,357.279998779297,96302000
2011-01-06,358.540008544922,359.589996337891,356.279998779297,356.890014648438,356.890014648438,102314000
2011-01-07,356.589996337891,358.149993896484,354.309997558594,356.440002441406,356.440002441406,100756000
2011-01-10,355.5,355.739990234375,353.630004882812,354.209991455078,354.209991455078,87760400
2011-01-11,355.579986572266,359.299987792969,355.290008544922,358.299987792969,358.299987792969,92243200
2011-01-12,359.059997558594,362.410003662109,359.049987792969,362.410003662109,362.410003662109,105356400
2011-01-13,362.049987792969,362.049987792969,359.089996337891,360.790008544922,360.790008544922,114797600
2011-01-14,359.480010986328,361.549987792969,357.809997558594,361.320007324219,361.320007324219,95853200
2011-01-17,361.730010986328,362.399993896484,360.309997558594,361.079986572266,361.079986572266,67498800
2011-01-18,362.320007324219,363.890014648438,362.059997558594,363.730010986328,363.730010986328,92859600
2011-01-19,364.399993896484,364.410003662109,357.660003662109,357.959991455078,357.959991455078,111219600
2011-01-20,357.230010986328,357.660003662109,354.679992675781,356.140014648438,356.140014648438,122252800
2011-01-21,358.600006103516,363.970001220703,357.640014648438,361.049987792969,361.049987792969,148964400
2011-01-24,360.970001220703,361.75,358.119995117188,360.989990234375,360.989990234375,102270800
2011-01-25,362.049987792969,362.529998779297,358.299987792969,358.760009765625,358.760009765625,109793000
2011-01-26,360.920013427734,363.429992675781,360.100006103516,362.049987792969,362.049987792969,116690000
2011-01-27,361.959991455078,365.079986572266,361.549987792969,364.329986572266,364.329986572266,141833800
2011-01-28,363.809997558594,364.690002441406,361.160003662109,361.160003662109,361.160003662109,121584200
2011-01-31,360.010009765625,361.890014648438,357.269989013672,360.75,360.75,122457600
2011-02-01,363.029998779297,367.459991455078,361.920013427734,367.109985351562,367.109985351562,113894000
2011-02-02,367.980010986328,368.899993896484,365.760009765625,367.390014648438,367.390014648438,117478600
2011-02-03,365.970001220703,366.279998779297,363.059997558594,364.890014648438,364.890014648438,106570200
2011-02-04,366.369995117188,366.880004882812,364.269989013672,365.510009765625,365.510009765625,105276600
2011-02-07,366.390014648438,370.329986572266,366.079986572266,369.850006103516,369.850006103516,103890600
2011-02-08,370.239990234375,371.299987792969,369.399993896484,371.109985351562,371.109985351562,115387800
2011-02-09,370.170013427734,370.679992675781,368.790008544922,369.179992675781,369.179992675781,84296200
2011-02-10,368.149993896484,370.609985351562,366.359985351562,370.609985351562,370.609985351562,111940400
2011-02-11,369.420013427734,370.980010986328,366.829986572266,369.649993896484,369.649993896484,93754200
2011-02-14,371.660003662109,372.100006103516,369.010009765625,370.170013427734,370.170013427734,81661200
2011-02-15,370.079986572266,371.350006103516,369.320007324219,370.510009765625,370.510009765625,84206400
2011-02-16,371.109985351562,372.390014648438,370.559997558594,371.489990234375,371.489990234375,101725200
2011-02-17,371.850006103516,373.149993896484,370.929992675781,372.989990234375,372.989990234375,110667200
2011-02-18,373.940002441406,374.190002441406,372.079986572266,374.190002441406,374.190002441406,111131000
2011-02-21,373.260009765625,374.019989013672,370.200012207031,370.920013427734,370.920013427734,85208200
2011-02-22,368.959991455078,370.220001220703,366.089996337891,368.829986572266,368.829986572266,103675000
2011-02-23,367.190002441406,369.089996337891,364.910003662109,365.239990234375,365.239990234375,108518600
2011-02-24,362.959991455078,364.809997558594,362.959991455078,363.730010986328,363.730010986328,137349200
2011-02-25,364.529998779297,367.609985351562,363.450012207031,366.769989013672,366.769989013672,100680800
2011-02-28,366.739990234375,370.700012207031,365.369995117188,369.130004882812,369.130004882812,93485200
2011-03-01,370.690002441406,372.200012207031,366.869995117188,367.950012207031,367.950012207031,101474800
2011-03-02,364.670013427734,365.970001220703,363.559997558594,364.859985351562,364.859985351562,92607800
2011-03-03,366.350006103516,369.049987792969,365,367.600006103516,367.600006103516,75019800
2011-03-04,368.589996337891,370.730010986328,366.670013427734,367.950012207031,367.950012207031,65144000
2011-03-07,366.25,370.230010986328,365.540008544922,366.079986572266,366.079986572266,55613200
2011-03-08,367.140014648438,367.730010986328,362.940002441406,366.380004882812,366.380004882812,75483600
2011-03-09,366.739990234375,368.459991455078,365.649993896484,366.25,366.25,76641000
2011-03-10,363.390014648438,364.540008544922,360.980010986328,362.140014648438,362.140014648438,56979200
2011-03-11,358.989990234375,360.440002441406,358.269989013672,359.070007324219,359.070007324219,64347200
2011-03-14,357.239990234375,359.320007324219,355.540008544922,356.320007324219,356.320007324219,62314600
2011-03-15,349.799987792969,351.410003662109,343.929992675781,348.089996337891,348.089996337891,126473800
2011-03-16,350.540008544922,350.910003662109,343.200012207031,343.200012207031,343.200012207031,86892600
2011-03-17,345.299987792969,350.070007324219,344.549987792969,349.260009765625,349.260009765625,88731400
2011-03-18,351.429992675781,353.260009765625,350.049987792969,350.410003662109,350.410003662109,92057600
2011-03-21,355.390014648438,356.959991455078,354.309997558594,356.700012207031,356.700012207031,74506200
2011-03-22,357.100006103516,357.970001220703,355.359985351562,356.380004882812,356.380004882812,61553200
2011-03-23,354.950012207031,359.739990234375,354.950012207031,359.739990234375,359.739990234375,56703400
2011-03-24,359.519989013672,363.769989013672,358.589996337891,363.390014648438,363.390014648438,52108200
2011-03-25,365.309997558594,365.399993896484,363.459991455078,364.649993896484,364.649993896484,49350800
2011-03-28,364.309997558594,365.820007324219,363.700012207031,364.570007324219,364.570007324219,66330200
2011-03-29,364.609985351562,365.940002441406,362.899993896484,365.910003662109,365.910003662109,75828800
2011-03-30,368.989990234375,369.070007324219,366.890014648438,367.869995117188,367.869995117188,105182000
2011-03-31,368.220001220703,368.739990234375,365.619995117188,365.619995117188,365.619995117188,97767000
2011-04-01,367.470001220703,369.609985351562,366.700012207031,369.450012207031,369.450012207031,86005800
2011-04-04,368.390014648438,370.359985351562,367.720001220703,369.010009765625,369.010009765625,62628800
2011-04-05,369.220001220703,369.859985351562,367.529998779297,368.959991455078,368.959991455078,67687600
2011-04-06,370.160003662109,371.100006103516,368.540008544922,369.640014648438,369.640014648438,71902200
2011-04-07,370.019989013672,370.890014648438,367.390014648438,367.390014648438,367.390014648438,77291200
2011-04-08,368.100006103516,369.160003662109,366.100006103516,366.940002441406,366.940002441406,83439400
2011-04-11,366.450012207031,367.809997558594,366.309997558594,366.470001220703,366.470001220703,56094000
2011-04-12,364.089996337891,365.630004882812,359.660003662109,360.769989013672,360.769989013672,80294800
2011-04-13,361.559997558594,365.329986572266,361.010009765625,362.760009765625,362.760009765625,65783200
2011-04-14,361.380004882812,361.450012207031,358.230010986328,359.480010986328,359.480010986328,93770800
2011-04-15,359.929992675781,360.510009765625,357.450012207031,359,359,90164200
2011-04-18,359.059997558594,359.559997558594,350.790008544922,352.679992675781,352.679992675781,117725400
2011-04-19,353.869995117188,354.790008544922,352.75,353.170013427734,353.170013427734,75950200
2011-04-20,356.130004882812,360.190002441406,356.130004882812,359.869995117188,359.869995117188,87295800
2011-04-21,360.269989013672,360.570007324219,358.359985351562,359.010009765625,359.010009765625,104171200
2011-04-26,357.429992675781,360.100006103516,357.279998779297,359.549987792969,359.549987792969,80401000
2011-04-27,359.420013427734,361.140014648438,357.109985351562,359.709991455078,359.709991455078,93895400
2011-04-28,360.619995117188,361.510009765625,358.019989013672,359.489990234375,359.489990234375,98323400
2011-04-29,358.149993896484,359.940002441406,357.899993896484,359.940002441406,359.940002441406,53538200
2011-05-02,362.260009765625,363.309997558594,361.420013427734,361.559997558594,361.559997558594,54289000
2011-05-03,360.649993896484,361.529998779297,359.109985351562,360.420013427734,360.420013427734,76959600
2011-05-04,359.290008544922,361.170013427734,355.029998779297,355.910003662109,355.910003662109,94597600
2011-05-05,355.640014648438,357.399993896484,353.109985351562,354.820007324219,354.820007324219,92288400
2011-05-06,355.070007324219,359.709991455078,353.510009765625,359.119995117188,359.119995117188,94634800
2011-05-09,358.119995117188,359.450012207031,354.399993896484,355.929992675781,355.929992675781,88879200
2011-05-10,356.769989013672,361.640014648438,356.279998779297,361.049987792969,361.049987792969,112126600
2011-05-11,361.480010986328,363.109985351562,360.140014648438,360.549987792969,360.549987792969,108732600
2011-05-12,357.510009765625,357.769989013672,355.109985351562,357.519989013672,357.519989013672,115768000
2011-05-13,358.890014648438,358.959991455078,354.339996337891,354.859985351562,354.859985351562,86683000
2011-05-16,352.440002441406,353.190002441406,349.209991455078,352.299987792969,352.299987792969,99765600
2011-05-17,350.619995117188,352.700012207031,347.720001220703,347.720001220703,347.720001220703,85657200
2011-05-18,350.320007324219,350.5,346.670013427734,349.100006103516,349.100006103516,80833400
2011-05-19,350.660003662109,352.290008544922,348.399993896484,350.839996337891,350.839996337891,82085000
2011-05-20,351.070007324219,352.480010986328,346.459991455078,348.239990234375,348.239990234375,109168600
2011-05-23,344.619995117188,344.619995117188,341.839996337891,342.459991455078,342.459991455078,110649600
2011-05-24,342.769989013672,344.790008544922,342.480010986328,343.200012207031,343.200012207031,86778200
2011-05-25,340.820007324219,345.730010986328,340.329986572266,344.910003662109,344.910003662109,90405600
2011-05-26,345.910003662109,346.779998779297,343.380004882812,344.470001220703,344.470001220703,84888000
2011-05-27,347.200012207031,348.329986572266,344.769989013672,346.059997558594,346.059997558594,105550800
2011-05-30,345.769989013672,347.339996337891,345.470001220703,346.200012207031,346.200012207031,30043600
2011-05-31,348.799987792969,351.100006103516,348.559997558594,349.440002441406,349.440002441406,91869000
2011-06-01,350.290008544922,350.380004882812,344.290008544922,345.950012207031,345.950012207031,91849600
2011-06-02,343.640014648438,343.679992675781,340.640014648438,340.640014648438,340.640014648438,63640000
2011-06-03,341.470001220703,341.910003662109,337.350006103516,340.239990234375,340.239990234375,76171600
2011-06-06,339.019989013672,340.480010986328,338.160003662109,339.179992675781,339.179992675781,65953000
2011-06-07,339.179992675781,341.160003662109,338.369995117188,338.929992675781,338.929992675781,76712800
2011-06-08,337.630004882812,338.309997558594,334.239990234375,335.649993896484,335.649993896484,83346800
2011-06-09,335.429992675781,338.440002441406,334.010009765625,338.040008544922,338.040008544922,91726800
2011-06-10,337.459991455078,338.209991455078,333.079986572266,333.829986572266,333.829986572266,92143000
2011-06-13,334.040008544922,335.450012207031,333.329986572266,334.029998779297,334.029998779297,49898000
2011-06-14,335.929992675781,338.269989013672,335.730010986328,337.519989013672,337.519989013672,82821600
2011-06-15,336.890014648438,337.220001220703,333.75,334.040008544922,334.040008544922,88463200
2011-06-16,332,332.649993896484,329.359985351562,332.350006103516,332.350006103516,118990000
2011-06-17,331.600006103516,335.359985351562,329,333.109985351562,333.109985351562,153198200
2011-06-20,329.049987792969,332.609985351562,329.049987792969,331.640014648438,331.640014648438,77482000
2011-06-21,333.570007324219,336.160003662109,332.980010986328,336.140014648438,336.140014648438,67983800
2011-06-22,335.260009765625,335.399993896484,332.459991455078,334.170013427734,334.170013427734,113871400
2011-06-23,332.730010986328,332.790008544922,326.859985351562,328.570007324219,328.570007324219,96452000
2011-06-24,332.049987792969,332.850006103516,328.290008544922,328.739990234375,328.739990234375,109266600
2011-06-27,327.679992675781,329.299987792969,326.970001220703,328.510009765625,328.510009765625,76561200
2011-06-28,329.089996337891,331.220001220703,327.649993896484,329.899993896484,329.899993896484,106990400
2011-06-29,331.660003662109,335.839996337891,331.570007324219,335.279998779297,335.279998779297,98987400
2011-06-30,336.429992675781,339.649993896484,335.380004882812,339.649993896484,339.649993896484,94348400
2011-07-01,340.130004882812,343.369995117188,338.470001220703,342.820007324219,342.820007324219,82647000
2011-07-04,342.760009765625,343.829986572266,341.959991455078,343.5,343.5,53992800
2011-07-05,342.640014648438,344.670013427734,342.640014648438,343.100006103516,343.100006103516,65395400
2011-07-06,343.019989013672,343.200012207031,340.440002441406,341.619995117188,341.619995117188,76188200
2011-07-07,342.950012207031,347.010009765625,342.040008544922,345.160003662109,345.160003662109,78420200
2011-07-08,346.190002441406,346.850006103516,342.119995117188,342.480010986328,342.480010986328,99886200
2011-07-11,340.279998779297,340.940002441406,334.720001220703,336.160003662109,336.160003662109,113855200
2011-07-12,331.450012207031,333.040008544922,329.040008544922,332.119995117188,332.119995117188,146090800
2011-07-13,329.609985351562,333.359985351562,329.609985351562,332.980010986328,332.980010986328,108293000
2011-07-14,330.25,332.290008544922,329.769989013672,330.459991455078,330.459991455078,82419200
2011-07-15,328.799987792969,330.829986572266,327.720001220703,329.489990234375,329.489990234375,90348200
2011-07-18,327.410003662109,328.350006103516,323.059997558594,323.170013427734,323.170013427734,102318200
2011-07-19,324.690002441406,326.649993896484,324.140014648438,326.170013427734,326.170013427734,97314800
2011-07-20,328.459991455078,330.760009765625,327.769989013672,330.649993896484,330.649993896484,93599400
2011-07-21,331.670013427734,338.160003662109,328.480010986328,336.859985351562,336.859985351562,118899200
2011-07-22,339.200012207031,340.209991455078,337.179992675781,338.600006103516,338.600006103516,96738400
2011-07-25,336.410003662109,338.829986572266,336.160003662109,337.269989013672,337.269989013672,73307000
2011-07-26,337.570007324219,339.010009765625,335.369995117188,336.739990234375,336.739990234375,83750600
2011-07-27,336.190002441406,336.420013427734,330.579986572266,333.100006103516,333.100006103516,91214800
2011-07-28,328.640014648438,333.179992675781,328.25,332.559997558594,332.559997558594,106739600
2011-07-29,328.660003662109,330.799987792969,326.589996337891,329.220001220703,329.220001220703,94881400
2011-08-01,333.630004882812,333.730010986328,324.350006103516,324.589996337891,324.589996337891,110140600
2011-08-02,323.600006103516,324.839996337891,319.959991455078,320,320,109428400
2011-08-03,315.529998779297,316.420013427734,309.290008544922,310.690002441406,310.690002441406,158899000
2011-08-04,316.109985351562,316.109985351562,300.850006103516,300.850006103516,300.850006103516,185312800
2011-08-05,292.630004882812,304.880004882812,292.630004882812,296.350006103516,296.350006103516,213778000
2011-08-08,291.529998779297,298.239990234375,282.989990234375,283.359985351562,283.359985351562,191924200
2011-08-09,282.850006103516,287.820007324219,265.850006103516,287.049987792969,287.049987792969,275735000
2011-08-10,292.850006103516,292.920013427734,276.329986572266,277.269989013672,277.269989013672,216754000
2011-08-11,284.470001220703,284.470001220703,269.190002441406,282.790008544922,282.790008544922,236101800
2011-08-12,283.820007324219,292.170013427734,278.260009765625,291.899993896484,291.899993896484,169501400
2011-08-15,294.299987792969,295.940002441406,291.869995117188,293.700012207031,293.700012207031,102044800
2011-08-16,291.109985351562,292.019989013672,287.290008544922,291.510009765625,291.510009765625,106346000
2011-08-17,289.459991455078,294.839996337891,286.880004882812,292.649993896484,292.649993896484,97705600
2011-08-18,288.940002441406,291,275.779998779297,279.579986572266,279.579986572266,174833800
2011-08-19,278.440002441406,278.440002441406,268.739990234375,274.149993896484,274.149993896484,196154400
2011-08-22,271.720001220703,282.489990234375,271.690002441406,276.369995117188,276.369995117188,102025200
2011-08-23,279.549987792969,281.75,275.880004882812,278.320007324219,278.320007324219,109074200
2011-08-24,278.989990234375,283.660003662109,275.5,281.579986572266,281.579986572266,106235400
2011-08-25,283.619995117188,284.589996337891,277.149993896484,278.489990234375,278.489990234375,125870400
2011-08-26,278.410003662109,278.410003662109,269.859985351562,276.600006103516,276.600006103516,106333200
2011-08-29,280.899993896484,282.540008544922,278.309997558594,281.260009765625,281.260009765625,60634000
2011-08-30,283.730010986328,284.809997558594,280.329986572266,283.640014648438,283.640014648438,90234800
2011-08-31,285.380004882812,294.140014648438,284.209991455078,292.929992675781,292.929992675781,124026000
2011-09-01,294.339996337891,295.809997558594,289.739990234375,293.959991455078,293.959991455078,102485200
2011-09-02,290.529998779297,291.179992675781,284.200012207031,286.429992675781,286.429992675781,100520600
2011-09-05,280,281.160003662109,272.459991455078,274.450012207031,274.450012207031,118899200
2011-09-06,273.899993896484,277.299987792969,270.350006103516,273.329986572266,273.329986572266,136170600
2011-09-07,279.570007324219,281.049987792969,276.799987792969,281.049987792969,281.049987792969,102960000
2011-09-08,281.010009765625,284.279998779297,279.209991455078,283.390014648438,283.390014648438,98067400
2011-09-09,281.640014648438,283.350006103516,275.429992675781,276.100006103516,276.100006103516,118262800
2011-09-12,269.429992675781,270.890014648438,265.290008544922,268.480010986328,268.480010986328,142869400
2011-09-13,272.359985351562,272.679992675781,263.950012207031,270.049987792969,270.049987792969,151932600
2011-09-14,267.070007324219,274.230010986328,266.739990234375,273.559997558594,273.559997558594,136788000
2011-09-15,275.109985351562,279.940002441406,274.5,278.519989013672,278.519989013672,152102200
2011-09-16,281.130004882812,284.149993896484,278.190002441406,281.730010986328,281.730010986328,185231200
2011-09-19,275.600006103516,277.739990234375,273.5,274.630004882812,274.630004882812,91571200
2011-09-20,272.820007324219,279.839996337891,272.410003662109,279.540008544922,279.540008544922,93162200
2011-09-21,278.829986572266,279.230010986328,275.239990234375,275.679992675781,275.679992675781,94398400
2011-09-22,269.260009765625,269.980010986328,262.790008544922,263.440002441406,263.440002441406,146282000
2011-09-23,266.630004882812,267.220001220703,256.359985351562,264.720001220703,264.720001220703,155833000
2011-09-26,260.200012207031,272.339996337891,260.200012207031,269.829986572266,269.829986572266,143753000
2011-09-27,276.130004882812,282.329986572266,274.190002441406,282.040008544922,282.040008544922,139973800
2011-09-28,279.410003662109,283.369995117188,276.950012207031,278.309997558594,278.309997558594,107920600
2011-09-29,276.910003662109,285.070007324219,276.609985351562,283.980010986328,283.980010986328,124843400
2011-09-30,282.529998779297,282.850006103516,277.279998779297,280.179992675781,280.179992675781,116008600
2011-10-03,273.510009765625,276.869995117188,271.989990234375,275.640014648438,275.640014648438,91960800
2011-10-04,272.130004882812,272.75,266.130004882812,270.059997558594,270.059997558594,123630200
2011-10-05,275.049987792969,278.420013427734,272.390014648438,278.089996337891,278.089996337891,119610400
2011-10-06,279.820007324219,285.809997558594,278.739990234375,285.809997558594,285.809997558594,146275000
2011-10-07,286.239990234375,290.239990234375,283.640014648438,288.309997558594,288.309997558594,125842400
2011-10-10,289.920013427734,293.899993896484,287.709991455078,293.339996337891,293.339996337891,94941600
2011-10-11,292.290008544922,293.230010986328,289.570007324219,292.880004882812,292.880004882812,95894200
2011-10-12,292.269989013672,300.790008544922,291.059997558594,300.140014648438,300.140014648438,129037200
2011-10-13,298.230010986328,301.450012207031,296.140014648438,297.390014648438,297.390014648438,120817200
2011-10-14,298.420013427734,305.059997558594,297.420013427734,302.410003662109,302.410003662109,105170600
2011-10-17,305.220001220703,307.519989013672,297.75,299.239990234375,299.239990234375,108366000
2011-10-18,296.510009765625,300.010009765625,294.480010986328,298.679992675781,298.679992675781,109975000
2011-10-19,301.089996337891,304.200012207031,299.899993896484,301.679992675781,301.679992675781,116682400
2011-10-20,297.970001220703,302.029998779297,296.369995117188,299.010009765625,299.010009765625,116746400
2011-10-21,300.709991455078,305.839996337891,299.399993896484,305.700012207031,305.700012207031,112242600
2011-10-24,307.260009765625,308.709991455078,303.570007324219,308.320007324219,308.320007324219,100214200
2011-10-25,307.440002441406,309.589996337891,302.470001220703,304.980010986328,304.980010986328,111304400
2011-10-26,304.929992675781,307.929992675781,301.649993896484,303.839996337891,303.839996337891,101109800
2011-10-27,312.010009765625,316.100006103516,309.859985351562,315.450012207031,315.450012207031,185273800
2011-10-28,316.989990234375,318.179992675781,311.109985351562,313.010009765625,313.010009765625,133139600
2011-10-31,310.359985351562,311.959991455078,307.5,307.5,307.5,112093800
2011-11-01,301.019989013672,301.130004882812,292.630004882812,296.190002441406,296.190002441406,203235400
2011-11-02,298.850006103516,298.920013427734,293.029998779297,298.209991455078,298.209991455078,131778600
2011-11-03,292.829986572266,305.320007324219,292.510009765625,304.5,304.5,172721000
2011-11-04,306.390014648438,306.869995117188,300.299987792969,301.970001220703,301.970001220703,128799200
2011-11-07,299.769989013672,302.470001220703,296.410003662109,299.75,299.75,99567400
2011-11-08,300.299987792969,308.190002441406,300.070007324219,303.980010986328,303.980010986328,107163000
2011-11-09,306.029998779297,306.670013427734,293.589996337891,294.399993896484,294.399993896484,162635400
2011-11-10,289.480010986328,297.540008544922,289.059997558594,294.320007324219,294.320007324219,134264800
2011-11-11,295.190002441406,301.730010986328,294.190002441406,300.980010986328,300.980010986328,95317400
2011-11-14,302.320007324219,302.720001220703,296.149993896484,296.899993896484,296.899993896484,93224200
2011-11-15,294.820007324219,296.790008544922,290.040008544922,292.929992675781,292.929992675781,115537400
2011-11-16,291.890014648438,296.929992675781,291.019989013672,294.470001220703,294.470001220703,107635400
2011-11-17,293.160003662109,294.339996337891,288.959991455078,290.209991455078,290.209991455078,112802800
2011-11-18,288.230010986328,292.25,287.429992675781,288.010009765625,288.010009765625,92410800
2011-11-21,286.670013427734,286.670013427734,278.829986572266,278.839996337891,278.839996337891,99384000
2011-11-22,281.119995117188,281.790008544922,276.910003662109,276.910003662109,276.910003662109,95448000
2011-11-23,274.649993896484,278.350006103516,272.790008544922,272.790008544922,272.790008544922,98200800
2011-11-24,274.339996337891,276.399993896484,270.070007324219,271.609985351562,271.609985351562,93202600
2011-11-25,271,275.209991455078,268.739990234375,274.369995117188,274.369995117188,91361600
2011-11-28,276.709991455078,285.070007324219,276.709991455078,285.070007324219,285.070007324219,116346600
2011-11-29,284.149993896484,287.690002441406,282.140014648438,287.549987792969,287.549987792969,105383600
2011-11-30,285.170013427734,300.910003662109,284.179992675781,299.679992675781,299.679992675781,190304000
2011-12-01,300.140014648438,300.279998779297,296.820007324219,296.970001220703,296.970001220703,105608400
2011-12-02,300.459991455078,303.820007324219,299.769989013672,300.769989013672,300.769989013672,135475800
2011-12-05,303.5,306.75,301.940002441406,305.100006103516,305.100006103516,110054000
2011-12-06,302.579986572266,306.279998779297,302.579986572266,304.799987792969,304.799987792969,108112800
2011-12-07,308.260009765625,309.130004882812,300.630004882812,304.309997558594,304.309997558594,138195400
2011-12-08,306,307.559997558594,299.790008544922,299.790008544922,299.790008544922,108878800
2011-12-09,297.489990234375,305.829986572266,297.309997558594,304.579986572266,304.579986572266,101938600
2011-12-12,302.869995117188,303.079986572266,297.390014648438,297.390014648438,297.390014648438,100613600
2011-12-13,297.549987792969,300.850006103516,296.140014648438,298.559997558594,298.559997558594,92054600
2011-12-14,297.179992675781,298.459991455078,292.149993896484,292.149993896484,292.149993896484,98761600
2011-12-15,293.010009765625,296.540008544922,292.109985351562,294.619995117188,294.619995117188,96279800
2011-12-16,295.660003662109,296.869995117188,293.859985351562,294.029998779297,294.029998779297,130270800
2011-12-19,291.799987792969,296.799987792969,291.350006103516,293.899993896484,293.899993896484,66697400
2011-12-20,293.359985351562,301.790008544922,292.630004882812,301.790008544922,301.790008544922,73409400
2011-12-21,304.230010986328,306.850006103516,300.470001220703,300.799987792969,300.799987792969,91055000
2011-12-22,302.220001220703,305.839996337891,302.220001220703,305.179992675781,305.179992675781,56088600
2011-12-23,307.429992675781,308.200012207031,306.059997558594,307.790008544922,307.790008544922,42050800
2011-12-27,308.070007324219,311.529998779297,307.809997558594,309.369995117188,309.369995117188,31153000
2011-12-28,309.160003662109,310.779998779297,306.760009765625,306.760009765625,306.760009765625,49832400
2011-12-29,307.660003662109,310.760009765625,305.359985351562,310.760009765625,310.760009765625,47085600
2011-12-30,311.709991455078,312.470001220703,310,312.470001220703,312.470001220703,37153800
2012-01-02,NA,NA,NA,NA,NA,NA
2012-01-03,317.559997558594,318.200012207031,314.790008544922,318.040008544922,318.040008544922,84076400
2012-01-04,316.320007324219,317.75,314.239990234375,314.529998779297,314.529998779297,77441400
2012-01-05,315.589996337891,315.619995117188,310.859985351562,311.920013427734,311.920013427734,87483000
2012-01-06,312.5,313.850006103516,309.679992675781,311.109985351562,311.109985351562,81929800
2012-01-09,311.290008544922,313.739990234375,311.119995117188,311.760009765625,311.760009765625,71083800
2012-01-10,313.269989013672,317.130004882812,312.929992675781,315.5,315.5,110316800
2012-01-11,314.670013427734,315.190002441406,310.670013427734,311.649993896484,311.649993896484,115491800
2012-01-12,311.209991455078,314.309997558594,309.359985351562,310.299987792969,310.299987792969,138561000
2012-01-13,312.529998779297,313.029998779297,305.549987792969,309.279998779297,309.279998779297,121001800
2012-01-16,307.910003662109,313.559997558594,307.320007324219,313.230010986328,313.230010986328,80219600
2012-01-17,316.329986572266,318.320007324219,314.140014648438,315.640014648438,315.640014648438,122878200
2012-01-18,315.489990234375,317.600006103516,312.640014648438,315.519989013672,315.519989013672,118631600
2012-01-19,316.690002441406,320.480010986328,315.859985351562,320.480010986328,320.480010986328,145371400
2012-01-20,320.899993896484,321.220001220703,318.630004882812,320.309997558594,320.309997558594,120543000
2012-01-23,320.690002441406,323.829986572266,319.950012207031,323.019989013672,323.019989013672,92669400
2012-01-24,320.529998779297,321.25,318.510009765625,320.970001220703,320.970001220703,107869200
2012-01-25,321.959991455078,322.619995117188,317.600006103516,319.440002441406,319.440002441406,106146800
2012-01-26,320.450012207031,323.380004882812,319.239990234375,322.820007324219,322.820007324219,108513000
2012-01-27,321.369995117188,322.459991455078,319.220001220703,319.359985351562,319.359985351562,86164400
2012-01-30,316.760009765625,317.790008544922,314.369995117188,315.630004882812,315.630004882812,87277400
2012-01-31,317.809997558594,319.950012207031,317.450012207031,318.470001220703,318.470001220703,98624000
2012-02-01,319.959991455078,325.450012207031,319.959991455078,325.149993896484,325.149993896484,106329400
2012-02-02,324.720001220703,325.559997558594,322.269989013672,323.059997558594,323.059997558594,117743400
2012-02-03,323.059997558594,326.329986572266,320.690002441406,326.329986572266,326.329986572266,96509400
2012-02-06,325.959991455078,325.959991455078,323.410003662109,325.059997558594,325.059997558594,74005600
2012-02-07,325.559997558594,326.279998779297,323.570007324219,325.970001220703,325.970001220703,83166800
2012-02-08,327,327.970001220703,325.329986572266,325.329986572266,325.329986572266,92167000
2012-02-09,325.019989013672,327.410003662109,324.040008544922,325.119995117188,325.119995117188,126722000
2012-02-10,323.209991455078,323.600006103516,319.609985351562,320.089996337891,320.089996337891,107501800
2012-02-13,322.109985351562,323.609985351562,321.809997558594,322.609985351562,322.609985351562,76385800
2012-02-14,321.589996337891,324.75,320.790008544922,321.869995117188,321.869995117188,79669200
2012-02-15,323.619995117188,324.700012207031,322.119995117188,322.859985351562,322.859985351562,95667200
2012-02-16,319.839996337891,325.309997558594,319.769989013672,325.179992675781,325.179992675781,93207200
2012-02-17,327.230010986328,330.100006103516,327.079986572266,327.929992675781,327.929992675781,111202800
2012-02-20,328.910003662109,333.079986572266,328.850006103516,332.579986572266,332.579986572266,119425000
2012-02-21,332.720001220703,332.720001220703,329.320007324219,330.510009765625,330.510009765625,102874400
2012-02-22,330.880004882812,331.130004882812,326.600006103516,326.769989013672,326.769989013672,87036800
2012-02-23,326.160003662109,328.25,324.119995117188,326.220001220703,326.220001220703,94693000
2012-02-24,326.910003662109,327.540008544922,324.320007324219,324.910003662109,324.910003662109,91005400
2012-02-27,323.739990234375,325.640014648438,321.209991455078,324.980010986328,324.980010986328,90573200
2012-02-28,325.670013427734,326.309997558594,322.920013427734,325.549987792969,325.549987792969,100999200
2012-02-29,326.450012207031,328.089996337891,323.920013427734,324.25,324.25,105433800
2012-03-01,323.809997558594,326.549987792969,322.660003662109,326.549987792969,326.549987792969,92614800
2012-03-02,327.040008544922,328.869995117188,326.190002441406,327.850006103516,327.850006103516,96245000
2012-03-05,326.730010986328,327.690002441406,324.130004882812,325.640014648438,325.640014648438,80678400
2012-03-06,324.470001220703,324.570007324219,317.529998779297,317.529998779297,317.529998779297,115983800
2012-03-07,317.690002441406,320.170013427734,316.670013427734,319.640014648438,319.640014648438,83942800
2012-03-08,321.140014648438,325.269989013672,320.910003662109,325.109985351562,325.109985351562,89478000
2012-03-09,325.410003662109,327.820007324219,323.869995117188,326.029998779297,326.029998779297,91016600
2012-03-12,325.529998779297,327.420013427734,324.660003662109,326.100006103516,326.100006103516,67275600
2012-03-13,327.559997558594,331.959991455078,327.559997558594,331.489990234375,331.489990234375,85488000
2012-03-14,332.75,334.829986572266,332.579986572266,333.200012207031,333.200012207031,119402200
2012-03-15,333.160003662109,335.100006103516,332.489990234375,335.100006103516,335.100006103516,116343600
2012-03-16,335.339996337891,337.200012207031,335,336.170013427734,336.170013427734,160498600
2012-03-19,336.149993896484,336.410003662109,334.190002441406,336.119995117188,336.119995117188,101957600
2012-03-20,334.410003662109,334.700012207031,331.369995117188,332.049987792969,332.049987792969,92677400
2012-03-21,332.809997558594,334.040008544922,329.200012207031,330.779998779297,330.779998779297,89384600
2012-03-22,329.679992675781,330.149993896484,325.720001220703,326.920013427734,326.920013427734,119486800
2012-03-23,326.859985351562,328.369995117188,323.859985351562,326.190002441406,326.190002441406,86264200
2012-03-26,327.700012207031,330.369995117188,326.049987792969,330.230010986328,330.230010986328,70655400
2012-03-27,331.160003662109,332.440002441406,328.549987792969,328.989990234375,328.989990234375,83340200
2012-03-28,328.220001220703,330.359985351562,325.619995117188,325.619995117188,325.619995117188,81107200
2012-03-29,324.760009765625,326.010009765625,320.179992675781,321.089996337891,321.089996337891,99890600
2012-03-30,323.489990234375,324.760009765625,321.589996337891,323.510009765625,323.510009765625,102032800
2012-04-02,324.209991455078,326.450012207031,320.940002441406,326.390014648438,326.390014648438,114356600
2012-04-03,326.089996337891,327.230010986328,322.029998779297,322.029998779297,322.029998779297,96273800
2012-04-04,321.130004882812,321.440002441406,313.510009765625,313.869995117188,313.869995117188,141167000
2012-04-05,315.459991455078,315.809997558594,310.880004882812,314.910003662109,314.910003662109,119496000
2012-04-10,311.890014648438,312.260009765625,305.910003662109,305.910003662109,305.910003662109,122652200
2012-04-11,305.559997558594,309.459991455078,304.579986572266,307.769989013672,307.769989013672,122204000
2012-04-12,308.619995117188,311.700012207031,304.040008544922,310.880004882812,310.880004882812,149015800
2012-04-13,310.239990234375,311.510009765625,305.359985351562,306.119995117188,306.119995117188,110735000
2012-04-16,305.100006103516,309.390014648438,304.369995117188,306.019989013672,306.019989013672,113582000
2012-04-17,305.760009765625,313.420013427734,305.760009765625,313.179992675781,313.179992675781,110154600
2012-04-18,312.700012207031,313.149993896484,309.040008544922,309.989990234375,309.989990234375,108162600
2012-04-19,311.160003662109,313.459991455078,306.760009765625,306.760009765625,306.760009765625,128679600
2012-04-20,307.230010986328,309.640014648438,305.899993896484,309.200012207031,309.200012207031,151169600
2012-04-23,306.559997558594,306.559997558594,299.920013427734,301.269989013672,301.269989013672,163766400
2012-04-24,302.75,304.850006103516,300.959991455078,304.679992675781,304.679992675781,114523400
2012-04-25,305.369995117188,309.470001220703,305.190002441406,308,308,100802800
2012-04-26,309.519989013672,312.420013427734,307.940002441406,310.549987792969,310.549987792969,113254200
2012-04-27,307.720001220703,312.130004882812,306.220001220703,310.75,310.75,104245000
2012-04-30,311.869995117188,312.059997558594,307.910003662109,308.299987792969,308.299987792969,72813400
2012-05-02,311.820007324219,312.299987792969,305.470001220703,306.869995117188,306.869995117188,102849600
2012-05-03,308.209991455078,310.559997558594,305.489990234375,306.440002441406,306.440002441406,84195600
2012-05-04,306.029998779297,307.209991455078,300.549987792969,300.950012207031,300.950012207031,91919000
2012-05-07,295.600006103516,305.320007324219,295.369995117188,304.739990234375,304.739990234375,79223800
2012-05-08,305.5,306.010009765625,299.779998779297,300.589996337891,300.589996337891,161464600
2012-05-09,301.359985351562,302.089996337891,296.420013427734,300.070007324219,300.070007324219,132175400
2012-05-10,302.839996337891,304.609985351562,297.609985351562,302.940002441406,302.940002441406,136235200
2012-05-11,301.239990234375,305.690002441406,300.260009765625,305.279998779297,305.279998779297,89844800
2012-05-14,302.220001220703,302.25,296.709991455078,298.049987792969,298.049987792969,115545200
2012-05-15,299.570007324219,301.290008544922,294.679992675781,296.239990234375,296.239990234375,101390800
2012-05-16,293.529998779297,297.260009765625,292.260009765625,294.989990234375,294.989990234375,121059000
2012-05-17,295.320007324219,295.589996337891,288.739990234375,290.230010986328,290.230010986328,100845200
2012-05-18,287.739990234375,291.549987792969,286.890014648438,288.769989013672,288.769989013672,139169000
2012-05-21,287.929992675781,292.220001220703,287.570007324219,290.540008544922,290.540008544922,80239800
2012-05-22,292.690002441406,296.769989013672,291.179992675781,295.950012207031,295.950012207031,116285200
2012-05-23,292.959991455078,293.519989013672,288.269989013672,289.160003662109,289.160003662109,113571800
2012-05-24,291.600006103516,293.130004882812,288.75,292.079986572266,292.079986572266,94192400
2012-05-25,292.989990234375,295.239990234375,290.470001220703,292.760009765625,292.760009765625,85003600
2012-05-28,294.920013427734,296.239990234375,291.989990234375,292.760009765625,292.760009765625,47432400
2012-05-29,294.619995117188,296.769989013672,292.579986572266,295.269989013672,295.269989013672,80422800
2012-05-30,293.470001220703,295.190002441406,289.880004882812,290.660003662109,290.660003662109,83670400
2012-05-31,291.399993896484,292.739990234375,287.700012207031,290.089996337891,290.089996337891,72107800
2012-06-01,291.209991455078,291.209991455078,281.029998779297,283.769989013672,283.769989013672,176852200
2012-06-04,281.25,285.700012207031,281,283.070007324219,283.070007324219,80075800
2012-06-05,284.690002441406,285.880004882812,283.429992675781,284.989990234375,284.989990234375,71823200
2012-06-06,286.899993896484,291.950012207031,286.709991455078,291.390014648438,291.390014648438,138444400
2012-06-07,292.440002441406,295.399993896484,291.070007324219,292.899993896484,292.899993896484,125841200
2012-06-08,290.829986572266,292.470001220703,288.970001220703,291.730010986328,291.730010986328,110795000
2012-06-11,297.149993896484,297.730010986328,291.079986572266,291.390014648438,291.390014648438,127359600
2012-06-12,291.609985351562,292.809997558594,289.339996337891,292.010009765625,292.010009765625,119324600
2012-06-13,292.619995117188,293.609985351562,289.660003662109,291.600006103516,291.600006103516,99881200
2012-06-14,290.730010986328,292.100006103516,288.899993896484,291.980010986328,291.980010986328,94901200
2012-06-15,293.149993896484,297.649993896484,293.149993896484,297.579986572266,297.579986572266,184297200
2012-06-18,301.200012207031,301.470001220703,295.959991455078,297.010009765625,297.010009765625,122867000
2012-06-19,297.459991455078,302.5,296.290008544922,301.809997558594,301.809997558594,110073600
2012-06-20,302.109985351562,303.290008544922,300.209991455078,302.950012207031,302.950012207031,104203000
2012-06-21,300.5,304.700012207031,300.239990234375,301.640014648438,301.640014648438,162692400
2012-06-22,298.869995117188,300.209991455078,298.230010986328,298.760009765625,298.760009765625,115385000
2012-06-25,297.230010986328,297.459991455078,292.980010986328,294.279998779297,294.279998779297,102098600
2012-06-26,294.700012207031,295.790008544922,293.410003662109,294.049987792969,294.049987792969,92113000
2012-06-27,295.070007324219,298.25,293.339996337891,298.070007324219,298.070007324219,106310600
2012-06-28,298.429992675781,298.839996337891,294.380004882812,297.220001220703,297.220001220703,87455000
2012-06-29,303.309997558594,307.809997558594,301.859985351562,307.309997558594,307.309997558594,136936000
2012-07-02,307.410003662109,310.570007324219,306.470001220703,310.269989013672,310.269989013672,103769600
2012-07-03,310.989990234375,314.339996337891,310.799987792969,314.339996337891,314.339996337891,122904800
2012-07-04,314.100006103516,315.179992675781,312.5,314.829986572266,314.829986572266,75400200
2012-07-05,314.109985351562,316.220001220703,310.910003662109,312.970001220703,312.970001220703,119292200
2012-07-06,311.790008544922,313.390014648438,309.730010986328,309.839996337891,309.839996337891,83492400
2012-07-09,309.609985351562,310.130004882812,307.75,308.399993896484,308.399993896484,77305200
2012-07-10,310.239990234375,313.980010986328,309.440002441406,312.410003662109,312.410003662109,88873400
2012-07-11,310.980010986328,313.679992675781,310.529998779297,312.549987792969,312.549987792969,79175400
2012-07-12,310.890014648438,312.869995117188,309.970001220703,311.420013427734,311.420013427734,93962600
2012-07-13,312.489990234375,315.190002441406,311.600006103516,314.600006103516,314.600006103516,79924200
2012-07-16,314.450012207031,316.410003662109,313.989990234375,315.980010986328,315.980010986328,74197000
2012-07-17,316.739990234375,317.480010986328,314.559997558594,315.299987792969,315.299987792969,70588200
2012-07-18,316.459991455078,319.309997558594,315.809997558594,319.160003662109,319.160003662109,67444800
2012-07-19,320.260009765625,322.640014648438,319.850006103516,322.480010986328,322.480010986328,81730400
2012-07-20,321.839996337891,322.730010986328,319.190002441406,319.75,319.75,126955600
2012-07-23,316.839996337891,317.510009765625,311.390014648438,312.929992675781,312.929992675781,126573200
2012-07-24,314.100006103516,314.390014648438,311.739990234375,311.739990234375,311.739990234375,112746200
2012-07-25,311.25,315.799987792969,311.130004882812,313.089996337891,313.089996337891,95338400
2012-07-26,314.019989013672,320.929992675781,311.970001220703,320.489990234375,320.489990234375,157620200
2012-07-27,321.779998779297,323.470001220703,318.160003662109,323.309997558594,323.309997558594,104253600
2012-07-30,324.959991455078,329.459991455078,324.350006103516,328.649993896484,328.649993896484,109915800
2012-07-31,328.329986572266,329.309997558594,326.470001220703,326.470001220703,326.470001220703,94018600
2012-08-01,327,328.989990234375,326.720001220703,327.709991455078,327.709991455078,80919400
2012-08-02,327.720001220703,331.420013427734,321.769989013672,322.160003662109,322.160003662109,165718000
2012-08-03,322.480010986328,330.480010986328,322.329986572266,330.429992675781,330.429992675781,119594200
2012-08-06,330.130004882812,332.220001220703,328.149993896484,330.399993896484,330.399993896484,103102400
2012-08-07,329.920013427734,334.320007324219,329.440002441406,334.320007324219,334.320007324219,111491200
2012-08-08,331.579986572266,332.579986572266,330.260009765625,332.040008544922,332.040008544922,100624800
2012-08-09,333.640014648438,334.929992675781,332.160003662109,334.660003662109,334.660003662109,112698600
2012-08-10,332.940002441406,334.450012207031,332.079986572266,333.5,333.5,80400200
2012-08-13,333.010009765625,333.779998779297,330.100006103516,331.380004882812,331.380004882812,76532800
2012-08-14,332.390014648438,334.279998779297,332.170013427734,332.890014648438,332.890014648438,72877800
2012-08-15,331.660003662109,334.140014648438,331.059997558594,333.179992675781,333.179992675781,60749400
2012-08-16,333.589996337891,333.75,331.890014648438,333.75,333.75,72304600
2012-08-17,334.709991455078,336.609985351562,334.070007324219,335.769989013672,335.769989013672,96914200
2012-08-20,335.480010986328,336.459991455078,333.170013427734,333.850006103516,333.850006103516,77264200
2012-08-21,334.350006103516,336.690002441406,334.350006103516,335.920013427734,335.920013427734,78408800
2012-08-22,333,333.880004882812,331.839996337891,332.079986572266,332.079986572266,77845200
2012-08-23,333.549987792969,333.899993896484,329.059997558594,330.059997558594,330.059997558594,85256200
2012-08-24,329.470001220703,330.25,327.209991455078,329.640014648438,329.640014648438,85640800
2012-08-27,329.329986572266,332.850006103516,328.709991455078,332.350006103516,332.350006103516,46647800
2012-08-28,330.549987792969,330.739990234375,328.480010986328,329.230010986328,329.230010986328,64151800
2012-08-29,329.390014648438,330.670013427734,328.010009765625,330.149993896484,330.149993896484,62045400
2012-08-30,329.170013427734,329.899993896484,326.859985351562,327.540008544922,327.540008544922,94639800
2012-08-31,327.579986572266,331.290008544922,326.980010986328,329.279998779297,329.279998779297,100207800
2012-09-03,328.570007324219,332.029998779297,328.029998779297,331.890014648438,331.890014648438,52787600
2012-09-04,332.529998779297,332.579986572266,328.350006103516,328.660003662109,328.660003662109,65902000
2012-09-05,328.170013427734,330.269989013672,327.209991455078,328.829986572266,328.829986572266,101267200
2012-09-06,329.559997558594,336.429992675781,329,336.429992675781,336.429992675781,118307600
2012-09-07,337.5,340.220001220703,337.079986572266,337.570007324219,337.570007324219,147102000
2012-09-10,336.329986572266,337.489990234375,335.299987792969,335.5,335.5,87062400
2012-09-11,334.260009765625,336.109985351562,332.880004882812,336.109985351562,336.109985351562,100785600
2012-09-12,336.880004882812,339.359985351562,334.920013427734,336.100006103516,336.100006103516,114589600
2012-09-13,335.640014648438,335.959991455078,333.299987792969,334.600006103516,334.600006103516,76774200
2012-09-14,340.070007324219,340.070007324219,336.929992675781,338.279998779297,338.279998779297,142561800
2012-09-17,336.690002441406,338.059997558594,336.519989013672,337.149993896484,337.149993896484,81312200
2012-09-18,335.089996337891,336.929992675781,334.559997558594,335.470001220703,335.470001220703,94232200
2012-09-19,336.720001220703,337.309997558594,334.519989013672,335.709991455078,335.709991455078,89900400
2012-09-20,333.410003662109,334.619995117188,332.519989013672,334.239990234375,334.239990234375,91627200
2012-09-21,335.369995117188,335.730010986328,333.649993896484,334.149993896484,334.149993896484,136178000
2012-09-24,332.279998779297,333.149993896484,330.910003662109,331.839996337891,331.839996337891,78062800
2012-09-25,331.859985351562,335.059997558594,331.619995117188,334.5,334.5,74484000
2012-09-26,331.559997558594,331.709991455078,327.890014648438,328.049987792969,328.049987792969,98427400
2012-09-27,329.309997558594,329.829986572266,328.079986572266,329.119995117188,329.119995117188,77959200
2012-09-28,330.510009765625,330.640014648438,323.179992675781,323.179992675781,323.179992675781,105058200
2012-10-01,322.190002441406,327.899993896484,321.829986572266,327.519989013672,327.519989013672,85113800
2012-10-02,325.549987792969,329.209991455078,324.890014648438,327.239990234375,327.239990234375,78948200
2012-10-03,326.269989013672,328.540008544922,325.720001220703,327.980010986328,327.980010986328,66678400
2012-10-04,329.049987792969,330.109985351562,326.600006103516,327.660003662109,327.660003662109,85302600
2012-10-05,328.589996337891,332.899993896484,328.399993896484,332.529998779297,332.529998779297,86590600
2012-10-08,330.390014648438,330.700012207031,329.420013427734,329.570007324219,329.570007324219,65237000
2012-10-09,330.470001220703,330.600006103516,327.269989013672,327.709991455078,327.709991455078,62645400
2012-10-10,326.429992675781,328.119995117188,326.089996337891,326.799987792969,326.799987792969,62011200
2012-10-11,325.480010986328,330.440002441406,325.350006103516,329.549987792969,329.549987792969,75538200
2012-10-12,328.790008544922,330.299987792969,327.940002441406,327.950012207031,327.950012207031,69539200
2012-10-15,327.600006103516,331.230010986328,327.600006103516,329.450012207031,329.450012207031,64854600
2012-10-16,331.519989013672,334.070007324219,330.690002441406,333.709991455078,333.709991455078,88500400
2012-10-17,333.399993896484,335.839996337891,333.040008544922,335.690002441406,335.690002441406,105558200
2012-10-18,334.839996337891,335.649993896484,333.160003662109,335.320007324219,335.320007324219,100138200
2012-10-19,334.910003662109,335.809997558594,333.869995117188,334.170013427734,334.170013427734,105372800
2012-10-22,334.089996337891,336.540008544922,333.660003662109,334.459991455078,334.459991455078,84763600
2012-10-23,334.320007324219,334.670013427734,326.25,326.75,326.75,111215200
2012-10-24,327.549987792969,329.269989013672,325.339996337891,328.489990234375,328.489990234375,81286000
2012-10-25,329.619995117188,331.609985351562,328.730010986328,329.25,329.25,85726000
2012-10-26,327.440002441406,330.369995117188,326.320007324219,329.450012207031,329.450012207031,86331000
2012-10-29,328.540008544922,329.25,326.940002441406,328.390014648438,328.390014648438,51212200
2012-10-30,328.510009765625,332.350006103516,328.510009765625,332.350006103516,332.350006103516,53503200
2012-10-31,332.519989013672,334.239990234375,330.760009765625,330.760009765625,330.760009765625,104028400
2012-11-01,330.5,336.049987792969,330.239990234375,335.429992675781,335.429992675781,79460600
2012-11-02,335.779998779297,338.549987792969,334.940002441406,337.600006103516,337.600006103516,90651400
2012-11-05,335.75,336.529998779297,334.670013427734,335.079986572266,335.079986572266,70566000
2012-11-06,335.519989013672,338.070007324219,335.119995117188,337.369995117188,337.369995117188,91591000
2012-11-07,338.709991455078,339.429992675781,332.600006103516,332.869995117188,332.869995117188,118532200
2012-11-08,334.489990234375,335.100006103516,332.019989013672,332.420013427734,332.420013427734,98730200
2012-11-09,332.190002441406,332.850006103516,328.619995117188,331.929992675781,331.929992675781,88821400
2012-11-12,332.049987792969,333.459991455078,331.239990234375,332.329986572266,332.329986572266,57660600
2012-11-13,330.980010986328,334.339996337891,330.010009765625,334.040008544922,334.040008544922,73531800
2012-11-14,332.790008544922,334.029998779297,330.130004882812,330.670013427734,330.670013427734,65837800
2012-11-15,328.640014648438,328.679992675781,324.559997558594,324.760009765625,324.760009765625,103811000
2012-11-16,324.619995117188,325.040008544922,319.75,319.839996337891,319.839996337891,126825800
2012-11-19,321.630004882812,325,320.829986572266,324.739990234375,324.739990234375,94586800
2012-11-20,324.049987792969,326.230010986328,323.459991455078,326.019989013672,326.019989013672,73885200
2012-11-21,325.390014648438,327.049987792969,324.769989013672,326.410003662109,326.410003662109,80058600
2012-11-22,327.549987792969,328.239990234375,327.070007324219,327.700012207031,327.700012207031,58988400
2012-11-23,328.470001220703,331.5,327.109985351562,331.5,331.5,68478000
2012-11-26,329.619995117188,332.179992675781,329.619995117188,330.899993896484,330.899993896484,75527200
2012-11-27,332.390014648438,334.329986572266,332.130004882812,332.920013427734,332.920013427734,93027400
2012-11-28,331.529998779297,334.450012207031,331.309997558594,334.279998779297,334.279998779297,80300600
2012-11-29,335.859985351562,338.420013427734,335.709991455078,338.100006103516,338.100006103516,85307800
2012-11-30,337.989990234375,339.459991455078,336.549987792969,336.549987792969,336.549987792969,97920000
2012-12-03,337.170013427734,340.470001220703,336.720001220703,337.279998779297,337.279998779297,71947800
2012-12-04,336.660003662109,339.440002441406,336.630004882812,337.619995117188,337.619995117188,69539400
2012-12-05,338.959991455078,339.380004882812,337.410003662109,338.850006103516,338.850006103516,81337200
2012-12-06,339.880004882812,342.160003662109,339.489990234375,341.290008544922,341.290008544922,95616400
2012-12-07,341.519989013672,343.630004882812,341.140014648438,342.609985351562,342.609985351562,76344200
2012-12-10,341.369995117188,343.170013427734,340.480010986328,342.910003662109,342.910003662109,57410600
2012-12-11,343,344.769989013672,342.25,344.119995117188,344.119995117188,68893800
2012-12-12,344.369995117188,344.730010986328,343.170013427734,344.350006103516,344.350006103516,71236000
2012-12-13,344.309997558594,344.899993896484,343.079986572266,343.829986572266,343.829986572266,75160000
2012-12-14,344.149993896484,345.350006103516,343.890014648438,344.390014648438,344.390014648438,69084000
2012-12-17,343.839996337891,344.390014648438,342.489990234375,343.339996337891,343.339996337891,101138400
2012-12-18,344.230010986328,344.929992675781,343.079986572266,343.600006103516,343.600006103516,117254600
2012-12-19,344.429992675781,345.859985351562,343.850006103516,345.140014648438,345.140014648438,95510800
2012-12-20,344.600006103516,346.859985351562,344.399993896484,346.600006103516,346.600006103516,93854000
2012-12-21,344.769989013672,346.140014648438,342.369995117188,344.119995117188,344.119995117188,119081400
2012-12-24,344.010009765625,344.799987792969,343.670013427734,344.519989013672,344.519989013672,19940600
2012-12-27,343.299987792969,346.070007324219,343.299987792969,344.709991455078,344.709991455078,49856800
2012-12-28,345.369995117188,345.519989013672,341.670013427734,342,342,43384800
2012-12-31,340.309997558594,344,339.5,342.709991455078,342.709991455078,20353400
2013-01-02,348.529998779297,350.769989013672,347.010009765625,350.209991455078,350.209991455078,83580000
2013-01-03,350.429992675781,351.059997558594,349.339996337891,350.739990234375,350.739990234375,58392400
2013-01-04,349.980010986328,351.799987792969,349.630004882812,351.730010986328,351.730010986328,63817800
2013-01-07,351.75,352.299987792969,350.619995117188,351.239990234375,351.239990234375,86563200
2013-01-08,350.079986572266,351.579986572266,349.059997558594,349.109985351562,349.109985351562,80951400
2013-01-09,350.529998779297,350.760009765625,348.839996337891,350,350,107106600
2013-01-10,350.910003662109,352.329986572266,349.75,350.690002441406,350.690002441406,125769600
2013-01-11,351.329986572266,351.739990234375,349.269989013672,350.130004882812,350.130004882812,88248600
2013-01-14,351.709991455078,351.709991455078,346.579986572266,347.339996337891,347.339996337891,104309600
2013-01-15,346.429992675781,348.390014648438,346.049987792969,347.859985351562,347.859985351562,118214800
2013-01-16,347.519989013672,349.290008544922,346.690002441406,348.839996337891,348.839996337891,99408000
2013-01-17,348.059997558594,351.390014648438,347.660003662109,351.190002441406,351.190002441406,119558600
2013-01-18,352.220001220703,352.609985351562,350.779998779297,350.890014648438,350.890014648438,108914000
2013-01-21,351.839996337891,353.359985351562,351.839996337891,353.070007324219,353.070007324219,82257400
2013-01-22,352.790008544922,353.790008544922,351.339996337891,353.450012207031,353.450012207031,93624200
2013-01-23,355.140014648438,355.540008544922,352.640014648438,353.010009765625,353.010009765625,90304400
2013-01-24,353.269989013672,354.739990234375,352.25,354.130004882812,354.130004882812,79897000
2013-01-25,353.730010986328,356.209991455078,353.519989013672,355.739990234375,355.739990234375,87449400
2013-01-28,356.450012207031,357.549987792969,356.170013427734,356.679992675781,356.679992675781,87806000
2013-01-29,356.489990234375,358.109985351562,356.119995117188,358.079986572266,358.079986572266,74906400
2013-01-30,358.450012207031,358.920013427734,356.679992675781,357.540008544922,357.540008544922,82635000
2013-01-31,356.220001220703,357.230010986328,354,354.350006103516,354.350006103516,100973600
2013-02-01,354.420013427734,356.880004882812,354.380004882812,355.549987792969,355.549987792969,97750400
2013-02-04,356.029998779297,356.230010986328,349.570007324219,349.690002441406,349.690002441406,103853200
2013-02-05,350.130004882812,350.380004882812,347.989990234375,348.429992675781,348.429992675781,161739400
2013-02-06,348.619995117188,349.529998779297,345.200012207031,345.859985351562,345.859985351562,121992800
2013-02-07,346.700012207031,347.399993896484,343.700012207031,343.700012207031,343.700012207031,91040000
2013-02-08,344.559997558594,345.959991455078,343.660003662109,345.130004882812,345.130004882812,78043200
2013-02-11,345.970001220703,346.359985351562,344.549987792969,344.989990234375,344.989990234375,80139800
2013-02-12,344.619995117188,346.200012207031,343.519989013672,346.200012207031,346.200012207031,78136200
2013-02-13,346.359985351562,347.299987792969,344.950012207031,345.829986572266,345.829986572266,115788800
2013-02-14,345.570007324219,346.739990234375,344.040008544922,345.839996337891,345.839996337891,92975400
2013-02-15,345.540008544922,346.230010986328,343.339996337891,343.450012207031,343.450012207031,105412800
2013-02-18,343.220001220703,343.470001220703,342.309997558594,343.230010986328,343.230010986328,69931200
2013-02-19,342.820007324219,348.140014648438,342.5,347.630004882812,347.630004882812,85959400
2013-02-20,346.760009765625,347.019989013672,342.950012207031,343.609985351562,343.609985351562,138377200
2013-02-21,341.010009765625,341.170013427734,335.529998779297,336.380004882812,336.380004882812,136173400
2013-02-22,337.399993896484,340.630004882812,337.170013427734,339.869995117188,339.869995117188,99065200
2013-02-25,341.010009765625,343.940002441406,338.790008544922,340.260009765625,340.260009765625,137686200
2013-02-26,332.989990234375,337.720001220703,332.989990234375,335.290008544922,335.290008544922,133287600
2013-02-27,336.739990234375,337.690002441406,333.160003662109,337.369995117188,337.369995117188,107256600
2013-02-28,338.75,340.820007324219,337.959991455078,340.529998779297,340.529998779297,124829200
2013-03-01,339.709991455078,340.829986572266,336.5,339.730010986328,339.730010986328,117155200
2013-03-04,337.910003662109,340.079986572266,337.510009765625,339.579986572266,339.579986572266,85514400
2013-03-05,341.480010986328,347.230010986328,341.359985351562,346.5,346.5,111865200
2013-03-06,346.329986572266,349.079986572266,346.130004882812,347.359985351562,347.359985351562,98551000
2013-03-07,347.950012207031,349.429992675781,347.480010986328,347.869995117188,347.869995117188,84931400
2013-03-08,349.420013427734,352.940002441406,349.149993896484,352.429992675781,352.429992675781,96977400
2013-03-11,351.429992675781,351.950012207031,350.760009765625,351.559997558594,351.559997558594,71618600
2013-03-12,351.170013427734,352.910003662109,351.160003662109,352.059997558594,352.059997558594,87399200
2013-03-13,351.760009765625,352.179992675781,350.829986572266,352.019989013672,352.019989013672,77175400
2013-03-14,353.149993896484,355.850006103516,352.600006103516,355.850006103516,355.850006103516,100965000
2013-03-15,356.160003662109,356.160003662109,352.670013427734,353.579986572266,353.579986572266,147229600
2013-03-18,348.570007324219,353.320007324219,348.570007324219,353.010009765625,353.010009765625,90166200
2013-03-19,352.230010986328,354.329986572266,350.540008544922,352.049987792969,352.049987792969,104899000
2013-03-20,353.760009765625,355.329986572266,353.339996337891,354.369995117188,354.369995117188,88312400
2013-03-21,354.25,354.25,351.329986572266,352.410003662109,352.410003662109,80921600
2013-03-22,351,353.149993896484,349.549987792969,350.739990234375,350.739990234375,100061600
2013-03-25,354.040008544922,354.709991455078,347.850006103516,348.720001220703,348.720001220703,121888200
2013-03-26,349.649993896484,350.070007324219,347.980010986328,349.269989013672,349.269989013672,102772000
2013-03-27,350.630004882812,350.690002441406,344.809997558594,346.160003662109,346.160003662109,114561400
2013-03-28,346.440002441406,350.339996337891,346.440002441406,348.100006103516,348.100006103516,125879800
2013-04-02,347.779998779297,352.850006103516,347.670013427734,352.5,352.5,120428800
2013-04-03,351.670013427734,353.010009765625,349.420013427734,349.600006103516,349.600006103516,105823800
2013-04-04,350.029998779297,351.170013427734,345.950012207031,346.529998779297,346.529998779297,144898600
2013-04-05,346.470001220703,346.760009765625,337.940002441406,340.709991455078,340.709991455078,135761800
2013-04-08,341.529998779297,342.260009765625,340.529998779297,340.910003662109,340.910003662109,84821000
2013-04-09,342.940002441406,342.940002441406,340.049987792969,341.350006103516,341.350006103516,96734600
2013-04-10,342.260009765625,349.540008544922,342.260009765625,348.529998779297,348.529998779297,130841200
2013-04-11,348.160003662109,351.970001220703,347.890014648438,351.279998779297,351.279998779297,114778600
2013-04-12,350.420013427734,350.940002441406,347.869995117188,348.649993896484,348.649993896484,145841600
2013-04-15,348.529998779297,349.5,344.869995117188,346.299987792969,346.299987792969,103799600
2013-04-16,344.649993896484,348.25,344.230010986328,345.790008544922,345.790008544922,108895200
2013-04-17,347.519989013672,347.679992675781,340.230010986328,340.839996337891,340.839996337891,146022000
2013-04-18,341.970001220703,342.549987792969,339.239990234375,340.720001220703,340.720001220703,117506400
2013-04-19,341.940002441406,342.690002441406,339.619995117188,341.679992675781,341.679992675781,118461400
2013-04-22,342.630004882812,343.700012207031,338.690002441406,340.070007324219,340.070007324219,96574800
2013-04-23,340.230010986328,349.339996337891,340.130004882812,349.149993896484,349.149993896484,131768600
2013-04-24,348.429992675781,353.299987792969,348.359985351562,352.940002441406,352.940002441406,120070000
2013-04-25,352.070007324219,355.010009765625,351.739990234375,354.040008544922,354.040008544922,148938000
2013-04-26,352.570007324219,352.589996337891,349.950012207031,351.5,351.5,142494200
2013-04-29,351.899993896484,354.510009765625,351.730010986328,354.149993896484,354.149993896484,117949000
2013-04-30,354.299987792969,354.390014648438,350.339996337891,351.390014648438,351.390014648438,152995800
2013-05-02,351.519989013672,355.630004882812,351.220001220703,354.799987792969,354.799987792969,178641800
2013-05-03,354.619995117188,358.660003662109,353.420013427734,357.609985351562,357.609985351562,147760600
2013-05-06,357.609985351562,358.730010986328,357.179992675781,357.440002441406,357.440002441406,81449000
2013-05-07,357.070007324219,358.170013427734,356.070007324219,356.480010986328,356.480010986328,143225200
2013-05-08,357.029998779297,358.450012207031,356.369995117188,357.929992675781,357.929992675781,161838600
2013-05-09,357.529998779297,359.869995117188,357.029998779297,359.149993896484,359.149993896484,97538000
2013-05-10,359.359985351562,362.359985351562,359.320007324219,361.170013427734,361.170013427734,141886800
2013-05-13,361,362.260009765625,360.429992675781,361.119995117188,361.119995117188,127893000
2013-05-14,362.320007324219,363.690002441406,361.089996337891,363.690002441406,363.690002441406,123495000
2013-05-15,363.720001220703,366.450012207031,363.209991455078,366.070007324219,366.070007324219,141411200
2013-05-16,365.730010986328,366.420013427734,364.75,365.369995117188,365.369995117188,96149600
2013-05-17,364.440002441406,368.720001220703,364.029998779297,368.079986572266,368.079986572266,149396400
2013-05-20,369.049987792969,369.989990234375,367.989990234375,369.970001220703,369.970001220703,79705400
2013-05-21,369.339996337891,370.440002441406,367.730010986328,370.440002441406,370.440002441406,118504400
2013-05-22,370.350006103516,372.670013427734,370,372.109985351562,372.109985351562,113252800
2013-05-23,366.040008544922,367.410003662109,363.279998779297,365.220001220703,365.220001220703,177983200
2013-05-24,365.809997558594,366.5,362.570007324219,364.630004882812,364.630004882812,79414200
2013-05-27,365.679992675781,366.700012207031,365.160003662109,366.559997558594,366.559997558594,40529200
2013-05-28,368.170013427734,373.309997558594,368.170013427734,371.5,371.5,128747200
2013-05-29,369.140014648438,369.760009765625,365.790008544922,366.25,366.25,104347800
2013-05-30,365.329986572266,368.790008544922,365.329986572266,367.690002441406,367.690002441406,126386600
2013-05-31,367.380004882812,367.380004882812,362.559997558594,363.380004882812,363.380004882812,210093400
2013-06-03,361.269989013672,364.920013427734,359.089996337891,361.070007324219,361.070007324219,151136600
2013-06-04,362.809997558594,363.660003662109,359.899993896484,360.420013427734,360.420013427734,127351600
2013-06-05,357.929992675781,359.320007324219,352.690002441406,353.059997558594,353.059997558594,133484600
2013-06-06,353.519989013672,355.220001220703,349.579986572266,349.579986572266,349.579986572266,129671800
2013-06-07,350.220001220703,353.510009765625,347.239990234375,352.690002441406,352.690002441406,151603000
2013-06-10,352.450012207031,353.859985351562,351.190002441406,352.859985351562,352.859985351562,92275600
2013-06-11,351.619995117188,351.619995117188,346.109985351562,350.299987792969,350.299987792969,117271000
2013-06-12,349.429992675781,351.890014648438,347.309997558594,347.679992675781,347.679992675781,100945200
2013-06-13,343.390014648438,347.940002441406,341.970001220703,347.230010986328,347.230010986328,121010000
2013-06-14,349.510009765625,350.010009765625,347.089996337891,347.980010986328,347.980010986328,90233000
2013-06-17,349.640014648438,353.239990234375,349.230010986328,350.809997558594,350.809997558594,120447000
2013-06-18,349.859985351562,351.959991455078,348.920013427734,351.089996337891,351.089996337891,101293400
2013-06-19,352.339996337891,352.989990234375,349.690002441406,351.079986572266,351.079986572266,133976400
2013-06-20,346.5,347.470001220703,340.959991455078,341.880004882812,341.880004882812,168092600
2013-06-21,342.570007324219,345.329986572266,337.640014648438,337.640014648438,337.640014648438,169706800
2013-06-24,337.220001220703,338.420013427734,330.980010986328,332.25,332.25,154001200
2013-06-25,335.510009765625,336.149993896484,332.869995117188,335.399993896484,335.399993896484,119866800
2013-06-26,336.25,341.399993896484,335.630004882812,340.820007324219,340.820007324219,114977600
2013-06-27,341.579986572266,346.170013427734,339.700012207031,344.75,344.75,117180200
2013-06-28,345.549987792969,346.890014648438,343.640014648438,344.589996337891,344.589996337891,135761600
2013-07-01,345.910003662109,348.869995117188,343.100006103516,347.369995117188,347.369995117188,110675600
2013-07-02,348.209991455078,348.209991455078,345.519989013672,347.799987792969,347.799987792969,91066800
2013-07-03,345.25,345.880004882812,342.799987792969,345.820007324219,345.820007324219,131521800
2013-07-04,348,354.679992675781,347.890014648438,354.510009765625,354.510009765625,119780800
2013-07-05,355.019989013672,357.549987792969,352.179992675781,352.529998779297,352.529998779297,129622400
2013-07-08,355.309997558594,358.519989013672,354.869995117188,357.149993896484,357.149993896484,90668800
2013-07-09,358.75,361.109985351562,358.170013427734,360.109985351562,360.109985351562,101596200
2013-07-10,359.779998779297,362.119995117188,358.970001220703,362.040008544922,362.040008544922,91641800
2013-07-11,365.700012207031,365.880004882812,362.929992675781,364.049987792969,364.049987792969,121043600
2013-07-12,365.299987792969,367.010009765625,364.489990234375,364.950012207031,364.950012207031,86490400
2013-07-15,365.959991455078,368.190002441406,365.959991455078,366.769989013672,366.769989013672,65907200
2013-07-16,366.790008544922,367.029998779297,363.899993896484,364.119995117188,364.119995117188,82836200
2013-07-17,364.890014648438,367.279998779297,362.5,366.059997558594,366.059997558594,99474800
2013-07-18,365.559997558594,369.5,364.859985351562,368.760009765625,368.760009765625,106821000
2013-07-19,367.670013427734,369.929992675781,366.440002441406,369.760009765625,369.760009765625,118924400
2013-07-22,370.640014648438,371.670013427734,369.760009765625,370.390014648438,370.390014648438,206370400
2013-07-23,371.079986572266,371.640014648438,368.720001220703,368.720001220703,368.720001220703,252839800
2013-07-24,369.600006103516,373.130004882812,369.600006103516,371.959991455078,371.959991455078,161728000
2013-07-25,371.049987792969,371.679992675781,367.920013427734,370.359985351562,370.359985351562,117445000
2013-07-26,371.739990234375,372.279998779297,367.260009765625,368.309997558594,368.309997558594,107978000
2013-07-29,369.489990234375,371.010009765625,367.720001220703,368.329986572266,368.329986572266,141623000
2013-07-30,369.730010986328,371.070007324219,368.390014648438,368.989990234375,368.989990234375,101902800
2013-07-31,367.890014648438,370.579986572266,366.899993896484,369.809997558594,369.809997558594,105431600
2013-08-01,370.200012207031,372.390014648438,369.230010986328,372.390014648438,372.390014648438,165214600
2013-08-02,373.859985351562,374.119995117188,370.480010986328,371.339996337891,371.339996337891,132185400
2013-08-05,371.910003662109,373.390014648438,370.970001220703,372.519989013672,372.519989013672,98819900
2013-08-06,371.820007324219,373.429992675781,369.470001220703,371.380004882812,371.380004882812,105706900
2013-08-07,369.660003662109,370.950012207031,368.850006103516,369.609985351562,369.609985351562,139704600
2013-08-08,370.799987792969,373.519989013672,369.880004882812,372.140014648438,372.140014648438,128573800
2013-08-09,373.649993896484,375.75,372.380004882812,375.399993896484,375.399993896484,319723100
2013-08-12,376.230010986328,376.839996337891,373.670013427734,375.609985351562,375.609985351562,166683500
2013-08-13,376.549987792969,377.899993896484,376.200012207031,377.640014648438,377.640014648438,122951700
2013-08-14,377.679992675781,380.179992675781,377.320007324219,379.619995117188,379.619995117188,132458100
2013-08-15,378.899993896484,378.899993896484,373.200012207031,375.579986572266,375.579986572266,98720900
2013-08-16,374.609985351562,375.230010986328,372.510009765625,374.75,374.75,114158400
2013-08-19,374.880004882812,375.149993896484,372.790008544922,373.799987792969,373.799987792969,74221600
2013-08-20,371.950012207031,372.079986572266,366.769989013672,368.929992675781,368.929992675781,113346700
2013-08-21,368.690002441406,369.350006103516,367.329986572266,367.510009765625,367.510009765625,79300500
2013-08-22,367.589996337891,373.170013427734,367.589996337891,371.940002441406,371.940002441406,111765900
2013-08-23,372.579986572266,375.529998779297,370.859985351562,374.670013427734,374.670013427734,83387600
2013-08-26,375.109985351562,375.109985351562,372.029998779297,373.489990234375,373.489990234375,103228500
2013-08-27,371.059997558594,372.399993896484,364.089996337891,364.869995117188,364.869995117188,148184800
2013-08-28,363.170013427734,365.100006103516,362.329986572266,364.470001220703,364.470001220703,123825000
2013-08-29,366.579986572266,367.559997558594,364.559997558594,367.130004882812,367.130004882812,95172000
2013-08-30,366.929992675781,367.350006103516,362.679992675781,362.929992675781,362.929992675781,213108400
2013-09-02,366.309997558594,369.700012207031,366.309997558594,369.260009765625,369.260009765625,92015800
2013-09-03,369.869995117188,369.869995117188,365.579986572266,367.089996337891,367.089996337891,85254600
2013-09-04,367.859985351562,369.010009765625,365.160003662109,368.260009765625,368.260009765625,83704900
2013-09-05,368.869995117188,370.600006103516,366.290008544922,369.950012207031,369.950012207031,96958700
2013-09-06,369.619995117188,372.799987792969,367.399993896484,371.040008544922,371.040008544922,102762000
2013-09-09,371.489990234375,371.829986572266,369.019989013672,369.779998779297,369.779998779297,84520500
2013-09-10,372.269989013672,376.790008544922,372.269989013672,376.309997558594,376.309997558594,128190200
2013-09-11,375.899993896484,376.25,374.100006103516,375.049987792969,375.049987792969,109691200
2013-09-12,375.940002441406,377.579986572266,375.059997558594,376.660003662109,376.660003662109,107064400
2013-09-13,376.029998779297,377.290008544922,375.359985351562,376.839996337891,376.839996337891,80898400
2013-09-16,380.709991455078,381.100006103516,379.200012207031,379.890014648438,379.890014648438,127263000
2013-09-17,378.980010986328,380.480010986328,378.540008544922,379.809997558594,379.809997558594,99817700
2013-09-18,380.320007324219,381.320007324219,379.079986572266,380.920013427734,380.920013427734,106874200
2013-09-19,384.829986572266,385.899993896484,381.559997558594,382.579986572266,382.579986572266,163356700
2013-09-20,381.529998779297,383.730010986328,381.529998779297,382.070007324219,382.070007324219,200717700
2013-09-23,381.450012207031,383.190002441406,378.390014648438,379.549987792969,379.549987792969,104721800
2013-09-24,379.160003662109,380.959991455078,379.149993896484,380.670013427734,380.670013427734,83785600
2013-09-25,379.670013427734,380.739990234375,377.910003662109,379.600006103516,379.600006103516,86206500
2013-09-26,379.640014648438,380.339996337891,377.109985351562,377.950012207031,377.950012207031,74992100
2013-09-27,377.890014648438,378.649993896484,374.049987792969,375.769989013672,375.769989013672,79653300
2013-09-30,372.910003662109,375.040008544922,372.440002441406,374.920013427734,374.920013427734,95206800
2013-10-01,373.940002441406,377.630004882812,373.869995117188,377.630004882812,377.630004882812,99454700
2013-10-02,376.519989013672,376.820007324219,374.029998779297,376.170013427734,376.170013427734,92474600
2013-10-03,376.799987792969,377.399993896484,374.309997558594,374.829986572266,374.829986572266,75108500
2013-10-04,374.570007324219,376.690002441406,373.850006103516,376.029998779297,376.029998779297,61981100
2013-10-07,374.589996337891,374.589996337891,370.570007324219,373.75,373.75,70719600
2013-10-08,373.320007324219,373.890014648438,370.980010986328,370.980010986328,370.980010986328,68682300
2013-10-09,369.809997558594,370,366.059997558594,367.190002441406,367.190002441406,82082600
2013-10-10,369.570007324219,374.269989013672,368.549987792969,373.910003662109,373.910003662109,97145000
2013-10-11,376.059997558594,376.559997558594,375.070007324219,376.109985351562,376.109985351562,78038400
2013-10-14,375.149993896484,376.269989013672,374.309997558594,376.269989013672,376.269989013672,67160600
2013-10-15,378.480010986328,382.25,378.480010986328,381.950012207031,381.950012207031,103871300
2013-10-16,380.739990234375,383.929992675781,380.410003662109,383.329986572266,383.329986572266,88277900
2013-10-17,382.239990234375,382.730010986328,380.209991455078,382.510009765625,382.510009765625,155449700
2013-10-18,384.040008544922,385.730010986328,382.929992675781,385.730010986328,385.730010986328,115974900
2013-10-21,387.720001220703,388.920013427734,387.190002441406,388.279998779297,388.279998779297,117174500
2013-10-22,387.739990234375,391.410003662109,387.679992675781,390.190002441406,390.190002441406,128848400
2013-10-23,388.160003662109,388.929992675781,387.429992675781,388.559997558594,388.559997558594,88157100
2013-10-24,389.070007324219,390.380004882812,389,390.209991455078,390.209991455078,82481400
2013-10-25,389.010009765625,389.980010986328,388.239990234375,389.190002441406,389.190002441406,73734300
2013-10-28,389.950012207031,390.339996337891,387.980010986328,388.799987792969,388.799987792969,73746700
2013-10-29,388.470001220703,391.309997558594,388.470001220703,391.130004882812,391.130004882812,74629300
2013-10-30,391.660003662109,393.040008544922,390.359985351562,391.200012207031,391.200012207031,89007800
2013-10-31,388.470001220703,391.920013427734,388.470001220703,391.920013427734,391.920013427734,109775400
2013-11-01,392.5,392.519989013672,390.600006103516,391.200012207031,391.200012207031,85567800
2013-11-04,391.920013427734,394.410003662109,391.869995117188,393.149993896484,393.149993896484,110955100
2013-11-05,393.980010986328,393.980010986328,389.540008544922,391.25,391.25,125288400
2013-11-06,392.589996337891,395.839996337891,392.519989013672,393.970001220703,393.970001220703,143211500
2013-11-07,394.700012207031,398.309997558594,392.579986572266,393.220001220703,393.220001220703,192736600
2013-11-08,391.700012207031,394.410003662109,390.660003662109,394.070007324219,394.070007324219,131522900
2013-11-11,395.130004882812,395.730010986328,393.839996337891,395.450012207031,395.450012207031,100820900
2013-11-12,395.239990234375,396.109985351562,393.320007324219,393.380004882812,393.380004882812,91714200
2013-11-13,391.25,392.489990234375,388.429992675781,391.179992675781,391.179992675781,104740100
2013-11-14,394.760009765625,395.470001220703,393.730010986328,394.869995117188,394.869995117188,107661300
2013-11-15,395.149993896484,396.260009765625,394.619995117188,395.339996337891,395.339996337891,84441800
2013-11-18,394.899993896484,398.040008544922,394.279998779297,396.980010986328,396.980010986328,82159200
2013-11-19,396.309997558594,396.760009765625,395,395.480010986328,395.480010986328,79588800
2013-11-20,394.459991455078,398.040008544922,394.059997558594,396.540008544922,396.540008544922,87813500
2013-11-21,394.799987792969,396.730010986328,393.649993896484,395.329986572266,395.329986572266,81661000
2013-11-22,396.279998779297,397.920013427734,394.579986572266,395.799987792969,395.799987792969,72764600
2013-11-25,397.660003662109,398.589996337891,397.130004882812,397.459991455078,397.459991455078,68131800
2013-11-26,396.859985351562,397.450012207031,394.109985351562,394.109985351562,394.109985351562,79087800
2013-11-27,394.480010986328,396.700012207031,394.480010986328,396.220001220703,396.220001220703,60577400
2013-11-28,396.399993896484,397.559997558594,396.299987792969,396.75,396.75,43792400
2013-11-29,396.140014648438,397.299987792969,395.899993896484,396.549987792969,396.549987792969,52823700
2013-12-02,396.619995117188,397.859985351562,395.459991455078,395.989990234375,395.989990234375,62694500
2013-12-03,395.579986572266,395.890014648438,390.570007324219,390.570007324219,390.570007324219,82038200
2013-12-04,391.690002441406,391.869995117188,385.510009765625,388.140014648438,388.140014648438,87818400
2013-12-05,387.079986572266,387.950012207031,383.709991455078,383.709991455078,383.709991455078,82258900
2013-12-06,384.910003662109,387.739990234375,383.700012207031,387.010009765625,387.010009765625,106749800
2013-12-09,388.260009765625,388.260009765625,385.899993896484,387.380004882812,387.380004882812,71635200
2013-12-10,386.839996337891,389.679992675781,385.100006103516,385.559997558594,385.559997558594,68228300
2013-12-11,384.700012207031,387.260009765625,383.029998779297,383.149993896484,383.149993896484,71520400
2013-12-12,381.600006103516,381.859985351562,377.799987792969,377.820007324219,377.820007324219,92197300
2013-12-13,377.440002441406,378.959991455078,376.450012207031,376.859985351562,376.859985351562,76932300
2013-12-16,375.980010986328,382.450012207031,375.899993896484,381.440002441406,381.440002441406,90762500
2013-12-17,380.489990234375,380.519989013672,378.170013427734,378.170013427734,378.170013427734,75134400
2013-12-18,379.660003662109,381.320007324219,378.359985351562,381.170013427734,381.170013427734,78628400
2013-12-19,385.170013427734,387.510009765625,385.170013427734,386.450012207031,386.450012207031,66689600
2013-12-20,388.339996337891,391.920013427734,388.339996337891,391.559997558594,391.559997558594,160593600
2013-12-23,392.880004882812,395.519989013672,392.809997558594,395.519989013672,395.519989013672,63200800
2013-12-24,395.269989013672,397.529998779297,395.269989013672,396.609985351562,396.609985351562,17970000
2013-12-27,399.109985351562,400.989990234375,399.109985351562,400.989990234375,400.989990234375,52895100
2013-12-30,401.529998779297,401.950012207031,399.079986572266,399.769989013672,399.769989013672,58061400
2013-12-31,400.600006103516,401.920013427734,400.230010986328,401.790008544922,401.790008544922,21421900
2014-01-02,403.369995117188,404.429992675781,399.640014648438,399.820007324219,399.820007324219,92568700
2014-01-03,400.380004882812,402.600006103516,399.130004882812,401.970001220703,401.970001220703,84297800
2014-01-06,401.709991455078,402.709991455078,399.600006103516,399.850006103516,399.850006103516,107202300
2014-01-07,400.579986572266,403.269989013672,399.230010986328,402.970001220703,402.970001220703,105892600
2014-01-08,403.559997558594,403.899993896484,402.630004882812,403.859985351562,403.859985351562,105349800
2014-01-09,403.519989013672,405,401.109985351562,401.970001220703,401.970001220703,117485000
2014-01-10,404.010009765625,405.950012207031,402.970001220703,403.950012207031,403.950012207031,109900800
2014-01-13,404.940002441406,405.380004882812,403.309997558594,404.929992675781,404.929992675781,103018300
2014-01-14,401.309997558594,406.570007324219,400.459991455078,406.570007324219,406.570007324219,108658100
2014-01-15,407.589996337891,408.929992675781,406.649993896484,408.619995117188,408.619995117188,100182900
2014-01-16,408.510009765625,408.720001220703,407.079986572266,407.589996337891,407.589996337891,122942600
2014-01-17,404.850006103516,408.549987792969,404.850006103516,408.260009765625,408.260009765625,123338600
2014-01-20,407.179992675781,408.029998779297,406.540008544922,408,408,70342000
2014-01-21,408.429992675781,408.809997558594,404.260009765625,405.190002441406,405.190002441406,101069100
2014-01-22,406.920013427734,408.369995117188,405.470001220703,407.450012207031,407.450012207031,101324600
2014-01-23,405.929992675781,408.100006103516,403.140014648438,403.890014648438,403.890014648438,99214600
2014-01-24,404.170013427734,404.980010986328,393.540008544922,393.850006103516,393.850006103516,139983700
2014-01-27,392.769989013672,393.890014648438,389.820007324219,390.790008544922,390.790008544922,124849800
2014-01-28,391.880004882812,393.140014648438,390.220001220703,392.230010986328,392.230010986328,111529100
2014-01-29,395.350006103516,396.510009765625,384.679992675781,389.329986572266,389.329986572266,131908800
2014-01-30,388.769989013672,392.109985351562,386.380004882812,389.609985351562,389.609985351562,127927000
2014-01-31,388.720001220703,389.089996337891,381.720001220703,386.850006103516,386.850006103516,123710100
2014-02-03,385.859985351562,388.540008544922,383.279998779297,383.630004882812,383.630004882812,137213900
2014-02-04,380.570007324219,384.260009765625,379.510009765625,382.980010986328,382.980010986328,173334600
2014-02-05,381.75,384.609985351562,380.959991455078,382.649993896484,382.649993896484,119588300
2014-02-06,384.799987792969,389.670013427734,383.510009765625,388.410003662109,388.410003662109,118451900
2014-02-07,389.519989013672,391.109985351562,387.679992675781,389.540008544922,389.540008544922,136668600
2014-02-10,390.799987792969,391.059997558594,388.799987792969,389.640014648438,389.640014648438,91561800
2014-02-11,391.070007324219,394.959991455078,390.589996337891,394.959991455078,394.959991455078,92426900
2014-02-12,396.390014648438,399.529998779297,396.220001220703,397.420013427734,397.420013427734,153180400
2014-02-13,396.940002441406,397.519989013672,394.769989013672,397,397,91933700
2014-02-14,397.549987792969,399.640014648438,397.420013427734,398.950012207031,398.950012207031,78995300
2014-02-17,400.010009765625,401.820007324219,399.640014648438,401.239990234375,401.239990234375,61210200
2014-02-18,402.089996337891,402.459991455078,399.619995117188,401.619995117188,401.619995117188,90100400
2014-02-19,400.980010986328,402.359985351562,399.739990234375,401.540008544922,401.540008544922,98511100
2014-02-20,397.040008544922,398.760009765625,395.779998779297,398.760009765625,398.760009765625,115999400
2014-02-21,400.220001220703,400.890014648438,399.429992675781,400.359985351562,400.359985351562,97100200
2014-02-24,399.570007324219,401.760009765625,398.799987792969,401.760009765625,401.760009765625,111984200
2014-02-25,400.899993896484,401.029998779297,398.579986572266,400.769989013672,400.769989013672,87132900
2014-02-26,400.910003662109,401.480010986328,397.320007324219,398.640014648438,398.640014648438,91268800
2014-02-27,398.760009765625,400.170013427734,394.839996337891,398.279998779297,398.279998779297,99536500
2014-02-28,398.890014648438,399.769989013672,396.609985351562,398.540008544922,398.540008544922,86478100
2014-03-03,392.140014648438,394,386.660003662109,388.190002441406,388.190002441406,146924300
2014-03-04,392.459991455078,398.890014648438,392.309997558594,398.730010986328,398.730010986328,114857500
2014-03-05,398.380004882812,399.529998779297,397.559997558594,398.619995117188,398.619995117188,85466900
2014-03-06,399.559997558594,400.829986572266,398.579986572266,400.059997558594,400.059997558594,92635900
2014-03-07,399.630004882812,400.929992675781,396,396.279998779297,396.279998779297,109070200
2014-03-10,395.489990234375,399.059997558594,392.010009765625,393.399993896484,393.399993896484,96464700
2014-03-11,394.589996337891,396.339996337891,392.579986572266,394.290008544922,394.290008544922,84611600
2014-03-12,391.950012207031,392.540008544922,388.510009765625,391.410003662109,391.410003662109,95306500
2014-03-13,392.040008544922,392.040008544922,386.059997558594,386.059997558594,386.059997558594,99311800
2014-03-14,383.410003662109,383.890014648438,379.799987792969,382.649993896484,382.649993896484,151840900
2014-03-17,383.429992675781,388.339996337891,382.730010986328,386.920013427734,386.920013427734,90990400
2014-03-18,386.279998779297,391.350006103516,384.140014648438,389.369995117188,389.369995117188,109534400
2014-03-19,389.670013427734,390.5,388.010009765625,388.880004882812,388.880004882812,93898500
2014-03-20,386.980010986328,390.820007324219,385.670013427734,390.820007324219,390.820007324219,115391700
2014-03-21,391.720001220703,393.549987792969,390.019989013672,391.359985351562,391.359985351562,213252000
2014-03-24,391.820007324219,392.399993896484,387.239990234375,388.230010986328,388.230010986328,100768800
2014-03-25,389.109985351562,393.480010986328,389.109985351562,393.130004882812,393.130004882812,94531000
2014-03-26,394.670013427734,398.089996337891,394.079986572266,396.890014648438,396.890014648438,89500500
2014-03-27,396.070007324219,398.589996337891,395.579986572266,398.589996337891,398.589996337891,77744500
2014-03-28,399.859985351562,401.950012207031,399.559997558594,401.790008544922,401.790008544922,86568800
2014-03-31,403.790008544922,405.089996337891,402.779998779297,403.209991455078,403.209991455078,90978500
2014-04-01,404.829986572266,406.420013427734,403.420013427734,405.619995117188,405.619995117188,94127600
2014-04-02,406.220001220703,406.970001220703,405.660003662109,406.140014648438,406.140014648438,85264900
2014-04-03,406.790008544922,406.950012207031,404.730010986328,405.690002441406,405.690002441406,87342000
2014-04-04,406.239990234375,408.420013427734,405.640014648438,407.459991455078,407.459991455078,79767000
2014-04-07,404.200012207031,406.220001220703,403.230010986328,404.040008544922,404.040008544922,69685200
2014-04-08,404.190002441406,404.609985351562,399.540008544922,402.540008544922,402.540008544922,113023400
2014-04-09,403.130004882812,404.170013427734,402.519989013672,403.390014648438,403.390014648438,72091100
2014-04-10,404.859985351562,405.279998779297,401.149993896484,401.899993896484,401.899993896484,66703600
2014-04-11,398.589996337891,399.040008544922,394.160003662109,395.640014648438,395.640014648438,102778000
2014-04-14,393.929992675781,395.690002441406,391.290008544922,395.540008544922,395.540008544922,102356900
2014-04-15,395.640014648438,396.329986572266,392.609985351562,392.660003662109,392.660003662109,95438900
2014-04-16,394.779998779297,395.989990234375,393.109985351562,395.989990234375,395.989990234375,87788500
2014-04-17,396.220001220703,396.910003662109,393.809997558594,396.760009765625,396.760009765625,86712000
2014-04-22,396.130004882812,399.290008544922,395.269989013672,398.299987792969,398.299987792969,88478500
2014-04-23,398.040008544922,398.160003662109,396.890014648438,397.339996337891,397.339996337891,65201100
2014-04-24,399.070007324219,399.410003662109,393.320007324219,397.100006103516,397.100006103516,89719200
2014-04-25,394.859985351562,395.510009765625,391.829986572266,392.850006103516,392.850006103516,77416000
2014-04-28,393.489990234375,395.230010986328,392.190002441406,393.730010986328,393.730010986328,65912600
2014-04-29,394.920013427734,398.510009765625,394.290008544922,398.470001220703,398.470001220703,69049600
2014-04-30,399.649993896484,401.350006103516,399.290008544922,400.549987792969,400.549987792969,102535800
2014-05-02,400.049987792969,400.839996337891,398.450012207031,399.230010986328,399.230010986328,99030000
2014-05-05,396.869995117188,397.649993896484,392.720001220703,397.440002441406,397.440002441406,59799100
2014-05-06,398.260009765625,398.720001220703,395.220001220703,396.540008544922,396.540008544922,70545000
2014-05-07,394.720001220703,399.369995117188,394.720001220703,398.589996337891,398.589996337891,82801700
2014-05-08,399.279998779297,403.170013427734,398.359985351562,402.980010986328,402.980010986328,87812400
2014-05-09,401.920013427734,402.380004882812,400.880004882812,401.929992675781,401.929992675781,73164200
2014-05-12,402.399993896484,404.339996337891,401.510009765625,403.779998779297,403.779998779297,65479100
2014-05-13,405.279998779297,405.399993896484,404.059997558594,404.649993896484,404.649993896484,75389000
2014-05-14,404.459991455078,404.459991455078,402.75,403.329986572266,403.329986572266,70333800
2014-05-15,403.029998779297,404.890014648438,399.070007324219,400.25,400.25,109601900
2014-05-16,400.260009765625,400.929992675781,397.709991455078,399.559997558594,399.559997558594,113534700
2014-05-19,399.369995117188,401.279998779297,397.940002441406,401.040008544922,401.040008544922,80808000
2014-05-20,401.109985351562,402.049987792969,399.570007324219,400.799987792969,400.799987792969,75588400
2014-05-21,400.040008544922,403.269989013672,398.899993896484,402.899993896484,402.899993896484,74143900
2014-05-22,405.209991455078,405.209991455078,403.029998779297,404.140014648438,404.140014648438,79720300
2014-05-23,404.220001220703,405.589996337891,403.540008544922,405.140014648438,405.140014648438,57337900
2014-05-26,406.100006103516,407.100006103516,405.820007324219,406.880004882812,406.880004882812,34395000
2014-05-27,406.700012207031,407.760009765625,406.429992675781,406.809997558594,406.809997558594,74811500
2014-05-28,405.950012207031,406.149993896484,404.609985351562,405.940002441406,405.940002441406,73617400
2014-05-29,405.390014648438,407.739990234375,405.390014648438,407.440002441406,407.440002441406,46905400
2014-05-30,407.510009765625,408.339996337891,406.589996337891,407.209991455078,407.209991455078,82608400
2014-06-02,408.600006103516,409.290008544922,407.799987792969,408.769989013672,408.769989013672,54417300
2014-06-03,408.880004882812,408.950012207031,407.359985351562,408.609985351562,408.609985351562,55829500
2014-06-04,407.75,408.850006103516,406.5,408.070007324219,408.070007324219,64879900
2014-06-05,408.059997558594,413.290008544922,406.589996337891,410.970001220703,410.970001220703,104927700
2014-06-06,411.459991455078,413.489990234375,411.040008544922,413.260009765625,413.260009765625,111005600
2014-06-09,413.809997558594,415.459991455078,413.769989013672,415.459991455078,415.459991455078,49037700
2014-06-10,414.940002441406,415.859985351562,414.589996337891,415.859985351562,415.859985351562,65822400
2014-06-11,415.130004882812,415.519989013672,412.690002441406,414.450012207031,414.450012207031,65336300
2014-06-12,414.899993896484,415.910003662109,414.040008544922,414.739990234375,414.739990234375,60270000
2014-06-13,414.769989013672,414.959991455078,412.25,414.049987792969,414.049987792969,66157800
2014-06-16,413.179992675781,414.109985351562,412.239990234375,412.540008544922,412.540008544922,62941700
2014-06-17,414.350006103516,414.829986572266,412.880004882812,414.579986572266,414.579986572266,75322200
2014-06-18,415.220001220703,416.769989013672,414.929992675781,415.480010986328,415.480010986328,72855800
2014-06-19,418.549987792969,419.040008544922,417.450012207031,417.980010986328,417.980010986328,77935700
2014-06-20,417.649993896484,419.570007324219,417.140014648438,417.899993896484,417.899993896484,105818500
2014-06-23,418.299987792969,418.299987792969,414.869995117188,415.589996337891,415.589996337891,59951100
2014-06-24,416.829986572266,416.970001220703,414.739990234375,415.779998779297,415.779998779297,53930400
2014-06-25,413.970001220703,413.970001220703,410.540008544922,411.929992675781,411.929992675781,73673400
2014-06-26,412.700012207031,412.739990234375,408.600006103516,410.809997558594,410.809997558594,72748700
2014-06-27,411.329986572266,411.829986572266,410.029998779297,410.859985351562,410.859985351562,56788400
2014-06-30,411.350006103516,413.940002441406,411.149993896484,413.149993896484,413.149993896484,70823500
2014-07-01,413.799987792969,415.690002441406,413.440002441406,415.480010986328,415.480010986328,57038800
2014-07-02,415.579986572266,417.200012207031,415.25,415.850006103516,415.850006103516,97988300
2014-07-03,416.730010986328,419.850006103516,415.950012207031,419.529998779297,419.529998779297,89848700
2014-07-04,419.290008544922,419.940002441406,418.700012207031,418.700012207031,418.700012207031,43856700
2014-07-07,418.299987792969,418.470001220703,414.119995117188,414.119995117188,414.119995117188,68959100
2014-07-08,414.109985351562,414.859985351562,409.760009765625,409.760009765625,409.760009765625,79517000
2014-07-09,410.540008544922,411.149993896484,408.799987792969,410.489990234375,410.489990234375,69390500
2014-07-10,409.890014648438,410.070007324219,402.149993896484,403.390014648438,403.390014648438,108150400
2014-07-11,404.220001220703,405.040008544922,402.309997558594,403.609985351562,403.609985351562,70488600
2014-07-14,404.160003662109,407.100006103516,403.779998779297,406.549987792969,406.549987792969,60775500
2014-07-15,405.480010986328,406.779998779297,404.010009765625,404.010009765625,404.010009765625,74484700
2014-07-16,404.410003662109,408.779998779297,404.410003662109,408.779998779297,408.779998779297,73496100
2014-07-17,407.089996337891,408.510009765625,404.600006103516,404.839996337891,404.839996337891,77667800
2014-07-18,403.399993896484,404.489990234375,401.559997558594,404.399993896484,404.399993896484,85661500
2014-07-21,404.480010986328,404.600006103516,401.899993896484,403.709991455078,403.709991455078,66018400
2014-07-22,405.820007324219,408.260009765625,405.450012207031,407.950012207031,407.950012207031,67154700
2014-07-23,407.200012207031,409.920013427734,406.459991455078,408.529998779297,408.529998779297,65800100
2014-07-24,407.929992675781,410.299987792969,405.809997558594,409.980010986328,409.980010986328,68916400
2014-07-25,408.959991455078,409.829986572266,403.730010986328,404.839996337891,404.839996337891,62247100
2014-07-28,405.820007324219,406.220001220703,401.880004882812,404.679992675781,404.679992675781,70373900
2014-07-29,405.890014648438,408.630004882812,403.869995117188,407.309997558594,407.309997558594,76706500
2014-07-30,407.239990234375,410.399993896484,405.769989013672,407.959991455078,407.959991455078,104371100
2014-07-31,408.700012207031,409.390014648438,403.420013427734,404.290008544922,404.290008544922,107941600
2014-08-01,403.350006103516,404.619995117188,397.25,398.559997558594,398.559997558594,118150100
2014-08-04,400.480010986328,400.480010986328,394.739990234375,395.950012207031,395.950012207031,79801600
2014-08-05,397.040008544922,399.130004882812,396.540008544922,398.380004882812,398.380004882812,79029500
2014-08-06,396.230010986328,398.100006103516,393.350006103516,397.209991455078,397.209991455078,95424600
2014-08-07,396.980010986328,398.660003662109,394.040008544922,394.200012207031,394.200012207031,99485000
2014-08-08,390.579986572266,391.779998779297,388.140014648438,390.25,390.25,107061300
2014-08-11,393.390014648438,397.309997558594,392.839996337891,396.649993896484,396.649993896484,73846000
2014-08-12,396.339996337891,396.899993896484,393.660003662109,394.220001220703,394.220001220703,64555500
2014-08-13,395.190002441406,396.390014648438,393.929992675781,395.269989013672,395.269989013672,60435600
2014-08-14,394.040008544922,396.799987792969,393.790008544922,395.839996337891,395.839996337891,69528400
2014-08-15,396.869995117188,400.529998779297,395.239990234375,395.350006103516,395.350006103516,84144100
2014-08-18,398.529998779297,400.200012207031,398.529998779297,399.910003662109,399.910003662109,51156700
2014-08-19,401.130004882812,403.679992675781,400.829986572266,403.309997558594,403.309997558594,48463300
2014-08-20,403.809997558594,404.809997558594,402.170013427734,403.320007324219,403.320007324219,51431300
2014-08-21,403.369995117188,405.769989013672,402.679992675781,405.769989013672,405.769989013672,58317400
2014-08-22,406.390014648438,406.410003662109,402.540008544922,404.480010986328,404.480010986328,56290800
2014-08-25,407.25,409.470001220703,406.350006103516,409.320007324219,409.320007324219,39145200
2014-08-26,409.119995117188,413.019989013672,408.420013427734,412.929992675781,412.929992675781,70093300
2014-08-27,412.369995117188,413.600006103516,412.029998779297,413.190002441406,413.190002441406,60581500
2014-08-28,412.279998779297,412.720001220703,410.619995117188,412.140014648438,412.140014648438,64857200
2014-08-29,412.779998779297,413.339996337891,410.079986572266,413.130004882812,413.130004882812,66867200
2014-09-01,413.399993896484,414.230010986328,413.130004882812,414.230010986328,414.230010986328,48680000
2014-09-02,415,416.190002441406,413.880004882812,415,415,61128800
2014-09-03,416.279998779297,418.880004882812,415.890014648438,417.209991455078,417.209991455078,86742900
2014-09-04,416.640014648438,422.769989013672,416.350006103516,421.589996337891,421.589996337891,100323600
2014-09-05,421.109985351562,421.769989013672,419.609985351562,421.109985351562,421.109985351562,81440000
2014-09-08,421.290008544922,421.290008544922,418.410003662109,420.600006103516,420.600006103516,57578700
2014-09-09,419.970001220703,420.600006103516,418.059997558594,418.399993896484,418.399993896484,66992300
2014-09-10,417.220001220703,419.359985351562,416.459991455078,418.950012207031,418.950012207031,66632500
2014-09-11,420.239990234375,420.459991455078,416.170013427734,418.010009765625,418.010009765625,59238300
2014-09-12,418.649993896484,419.140014648438,417.070007324219,417.799987792969,417.799987792969,47744700
2014-09-15,416.709991455078,418.429992675781,415.709991455078,417.649993896484,417.649993896484,57978700
2014-09-16,417.809997558594,417.989990234375,415.869995117188,417.399993896484,417.399993896484,60538600
2014-09-17,418.940002441406,419.970001220703,417.790008544922,417.839996337891,417.839996337891,77777800
2014-09-18,418.540008544922,422.179992675781,418.179992675781,422.049987792969,422.049987792969,77069200
2014-09-19,424.769989013672,425.739990234375,422.790008544922,425.739990234375,425.739990234375,153644100
2014-09-22,422.929992675781,423.519989013672,421.649993896484,422.049987792969,422.049987792969,83651300
2014-09-23,421.880004882812,422.329986572266,417.049987792969,418.829986572266,418.829986572266,81591800
2014-09-24,418.890014648438,421.480010986328,417.230010986328,421.420013427734,421.420013427734,96240900
2014-09-25,421.829986572266,422.839996337891,416.570007324219,417.25,417.25,88315500
2014-09-26,417.649993896484,419.410003662109,415.220001220703,418.489990234375,418.489990234375,74394700
2014-09-29,418.630004882812,419.450012207031,415.700012207031,418.179992675781,418.179992675781,65205700
2014-09-30,419.260009765625,421.950012207031,418.600006103516,421.140014648438,421.140014648438,81314800
2014-10-01,419.679992675781,421.480010986328,415.929992675781,416.799987792969,416.799987792969,88382800
2014-10-02,415.309997558594,415.670013427734,406.220001220703,406.220001220703,406.220001220703,116016500
2014-10-03,409.859985351562,412.510009765625,408.850006103516,411.190002441406,411.190002441406,78795400
2014-10-06,413.260009765625,414.399993896484,410.980010986328,412.239990234375,412.239990234375,68638000
2014-10-07,411.079986572266,411.079986572266,406.510009765625,406.510009765625,406.510009765625,73192300
2014-10-08,404.010009765625,405.399993896484,402.320007324219,403.459991455078,403.459991455078,90200300
2014-10-09,407.989990234375,408.200012207031,401.190002441406,402.660003662109,402.660003662109,101431300
2014-10-10,399.100006103516,400.309997558594,394.279998779297,395.679992675781,395.679992675781,119192500
2014-10-13,391.959991455078,396.510009765625,390.600006103516,394.329986572266,394.329986572266,100273200
2014-10-14,391.290008544922,393.970001220703,386.399993896484,393.299987792969,393.299987792969,108929800
2014-10-15,393.239990234375,394.279998779297,379.529998779297,379.690002441406,379.690002441406,159125100
2014-10-16,381.950012207031,383.890014648438,366.839996337891,376.269989013672,376.269989013672,216165900
2014-10-17,378.470001220703,387.660003662109,376.179992675781,387.059997558594,387.059997558594,158549600
2014-10-20,386.309997558594,387.160003662109,380.859985351562,384.399993896484,384.399993896484,108544500
2014-10-21,383.609985351562,394.489990234375,381.559997558594,394.489990234375,394.489990234375,119190600
2014-10-22,395.510009765625,396.170013427734,392.450012207031,396.010009765625,396.010009765625,100218600
2014-10-23,392.369995117188,397.390014648438,389.420013427734,396.890014648438,396.890014648438,100392800
2014-10-24,395.839996337891,396.489990234375,393.450012207031,396.119995117188,396.119995117188,85380000
2014-10-27,400.209991455078,400.679992675781,392.690002441406,395.049987792969,395.049987792969,99774900
2014-10-28,397.329986572266,401.980010986328,397.329986572266,401.260009765625,401.260009765625,90952000
2014-10-29,403.279998779297,403.5,400.399993896484,401.100006103516,401.100006103516,94302500
2014-10-30,404.339996337891,405.010009765625,396.299987792969,403.709991455078,403.709991455078,113772800
2014-10-31,408.730010986328,411.809997558594,407.25,411.320007324219,411.320007324219,119203000
2014-11-03,411.279998779297,412.809997558594,408.339996337891,409.040008544922,409.040008544922,79093600
2014-11-04,408.489990234375,410.309997558594,403.149993896484,403.779998779297,403.779998779297,101763900
2014-11-05,407.309997558594,411.160003662109,406.040008544922,410.660003662109,410.660003662109,106328200
2014-11-06,409.140014648438,415.739990234375,408.760009765625,413.149993896484,413.149993896484,123331200
2014-11-07,414.730010986328,414.970001220703,409.459991455078,411.429992675781,411.429992675781,92772600
2014-11-10,410.769989013672,415.019989013672,410.769989013672,414.959991455078,414.959991455078,87446100
2014-11-11,416.109985351562,417.410003662109,414.049987792969,415.179992675781,415.179992675781,85074900
2014-11-12,413.929992675781,415.619995117188,411.140014648438,411.929992675781,411.929992675781,98544100
2014-11-13,412.769989013672,413.829986572266,408.869995117188,411.410003662109,411.410003662109,110072300
2014-11-14,412.559997558594,412.559997558594,408.989990234375,411.970001220703,411.970001220703,75836800
2014-11-17,408.829986572266,414.799987792969,408.609985351562,414.070007324219,414.070007324219,72971700
2014-11-18,414.390014648438,417.809997558594,413.809997558594,417.160003662109,417.160003662109,76088700
2014-11-19,416.980010986328,419.440002441406,416.130004882812,417.790008544922,417.790008544922,75945100
2014-11-20,417.989990234375,418.329986572266,414.369995117188,416.809997558594,416.809997558594,87192300
2014-11-21,417.890014648438,424.730010986328,417.299987792969,423.459991455078,423.459991455078,141684200
2014-11-24,423.609985351562,425.839996337891,422.320007324219,422.910003662109,422.910003662109,90747100
2014-11-25,423.130004882812,425.75,421.660003662109,423.179992675781,423.179992675781,100857900
2014-11-26,424.019989013672,425.480010986328,423.5,423.970001220703,423.970001220703,60791800
2014-11-27,425.089996337891,426.989990234375,425.040008544922,425.75,425.75,73926900
2014-11-28,425.559997558594,426.019989013672,422.970001220703,425.859985351562,425.859985351562,85080500
2014-12-01,422.820007324219,424.450012207031,421.609985351562,423.470001220703,423.470001220703,75867000
2014-12-02,424.859985351562,428.839996337891,424.640014648438,428.480010986328,428.480010986328,88318800
2014-12-03,428.529998779297,429.929992675781,428.290008544922,428.609985351562,428.609985351562,70375300
2014-12-04,430.25,432.220001220703,422.859985351562,423.679992675781,423.679992675781,106427900
2014-12-05,426.730010986328,431.220001220703,426.690002441406,431.059997558594,431.059997558594,80066600
2014-12-08,429.649993896484,430.619995117188,427.269989013672,427.269989013672,427.269989013672,60126800
2014-12-09,423.309997558594,424.369995117188,418.160003662109,418.429992675781,418.429992675781,99858400
2014-12-10,419.309997558594,421.390014648438,415.640014648438,416.709991455078,416.709991455078,89327900
2014-12-11,415.350006103516,418.519989013672,413.890014648438,416.769989013672,416.769989013672,82329000
2014-12-12,413.660003662109,414.350006103516,405.630004882812,406.170013427734,406.170013427734,100317800
2014-12-15,405.209991455078,408.890014648438,395.609985351562,396.089996337891,396.089996337891,106704700
2014-12-16,397.660003662109,404.170013427734,389.309997558594,403.790008544922,403.790008544922,177484100
2014-12-17,399.160003662109,404.529998779297,397.089996337891,403.459991455078,403.459991455078,107624500
2014-12-18,410.089996337891,416.559997558594,407.970001220703,416.440002441406,416.440002441406,128151200
2014-12-19,420.660003662109,421.350006103516,414.390014648438,418.369995117188,418.369995117188,148871400
2014-12-22,419.760009765625,424.079986572266,419.760009765625,421.579986572266,421.579986572266,65074900
2014-12-23,423.040008544922,426.769989013672,422.640014648438,426.769989013672,426.769989013672,55699200
2014-12-24,425.970001220703,427.440002441406,425.329986572266,425.570007324219,425.570007324219,10041400
2014-12-29,427.390014648438,428.320007324219,422.859985351562,426.890014648438,426.890014648438,47405700
2014-12-30,425.130004882812,425.130004882812,421.559997558594,421.589996337891,421.589996337891,40620300
2014-12-31,422.839996337891,424.700012207031,422.269989013672,424.470001220703,424.470001220703,13497900
2015-01-02,425.890014648438,428.089996337891,420.350006103516,422.279998779297,422.279998779297,53349500
2015-01-05,420.059997558594,424.579986572266,410.489990234375,410.940002441406,410.940002441406,99101900
2015-01-06,411.670013427734,414.619995117188,406.299987792969,408.429992675781,408.429992675781,99159200
2015-01-07,411.010009765625,413.959991455078,408.600006103516,411.209991455078,411.209991455078,88338000
2015-01-08,416.600006103516,424.140014648438,415.440002441406,423.070007324219,423.070007324219,104709000
2015-01-09,422.410003662109,424.230010986328,412.760009765625,415.589996337891,415.589996337891,96722800
2015-01-12,417.049987792969,421.5,413.630004882812,418.410003662109,418.410003662109,88791800
2015-01-13,415.760009765625,424.920013427734,414.820007324219,423.790008544922,423.790008544922,101178900
2015-01-14,418.440002441406,425.299987792969,416.869995117188,418.329986572266,418.329986572266,116680600
2015-01-15,422.600006103516,426.619995117188,411.459991455078,425.320007324219,425.320007324219,146101900
2015-01-16,423.369995117188,433.619995117188,422.940002441406,432.980010986328,432.980010986328,149963200
2015-01-19,433.839996337891,436.200012207031,432.029998779297,435.309997558594,435.309997558594,84174300
2015-01-20,435.970001220703,439.390014648438,435.600006103516,437.920013427734,437.920013427734,110112400
2015-01-21,439.989990234375,441.089996337891,435.839996337891,441.089996337891,441.089996337891,118571800
2015-01-22,442.040008544922,449.029998779297,440.410003662109,447.769989013672,447.769989013672,146101500
2015-01-23,451.019989013672,457.100006103516,450.279998779297,454.559997558594,454.559997558594,154310000
2015-01-26,452.619995117188,459.440002441406,452.619995117188,459.140014648438,459.140014648438,105834300
2015-01-27,458.339996337891,459.059997558594,451.489990234375,454.459991455078,454.459991455078,96891500
2015-01-28,457.029998779297,457.570007324219,450.25,452.299987792969,452.299987792969,105376300
2015-01-29,447.829986572266,453.160003662109,447.829986572266,452.470001220703,452.470001220703,104978200
2015-01-30,454,454.649993896484,448.899993896484,450.390014648438,450.390014648438,125282400
2015-02-02,450.600006103516,451.910003662109,446.440002441406,450.760009765625,450.760009765625,104744400
2015-02-03,453.239990234375,457.660003662109,452.779998779297,455.820007324219,455.820007324219,130565900
2015-02-04,456.420013427734,456.839996337891,450.790008544922,454.880004882812,454.880004882812,142297500
2015-02-05,450.859985351562,455.420013427734,450.140014648438,455.299987792969,455.299987792969,98394700
2015-02-06,455.059997558594,456.160003662109,452.959991455078,454.690002441406,454.690002441406,92308900
2015-02-09,451.100006103516,451.640014648438,447.239990234375,450.959991455078,450.959991455078,97745600
2015-02-10,451.5,456.029998779297,449.540008544922,453.799987792969,453.799987792969,110455700
2015-02-11,455.649993896484,459.059997558594,454.829986572266,458.269989013672,458.269989013672,120710400
2015-02-12,457.709991455078,463.790008544922,457.709991455078,460.429992675781,460.429992675781,135525800
2015-02-13,462.429992675781,466.059997558594,461.859985351562,464.899993896484,464.899993896484,135799800
2015-02-16,465.140014648438,465.369995117188,462,462.820007324219,462.820007324219,80126900
2015-02-17,460.179992675781,464.410003662109,457.869995117188,463.420013427734,463.420013427734,100293100
2015-02-18,465.880004882812,467.320007324219,465.279998779297,467.320007324219,467.320007324219,111159200
2015-02-19,466.929992675781,470.450012207031,465.459991455078,469.790008544922,469.790008544922,106342600
2015-02-20,468.980010986328,469.850006103516,466.149993896484,469.850006103516,469.850006103516,115006900
2015-02-23,474.119995117188,475.220001220703,472.5,475.220001220703,475.220001220703,94271700
2015-02-24,476.049987792969,480.600006103516,475.75,479.940002441406,479.940002441406,94866800
2015-02-25,479.799987792969,481.089996337891,477.059997558594,478.529998779297,478.529998779297,84780000
2015-02-26,478.790008544922,482.609985351562,477.899993896484,482.470001220703,482.470001220703,82254300
2015-02-27,482.380004882812,483.929992675781,479.929992675781,483.929992675781,483.929992675781,95273800
2015-03-02,484.359985351562,487.010009765625,483.369995117188,485.839996337891,485.839996337891,85491200
2015-03-03,486.309997558594,486.790008544922,479.549987792969,480.059997558594,480.059997558594,98364700
2015-03-04,481.220001220703,483.570007324219,478.799987792969,483.570007324219,483.570007324219,101371200
2015-03-05,484.959991455078,489.359985351562,484.829986572266,488.959991455078,488.959991455078,79817500
2015-03-06,488.549987792969,492.359985351562,488.070007324219,489.839996337891,489.839996337891,110716400
2015-03-09,487.399993896484,488.209991455078,484.760009765625,488.209991455078,488.209991455078,89295300
2015-03-10,486.880004882812,488.510009765625,482.130004882812,483.100006103516,483.100006103516,96944600
2015-03-11,484.179992675781,492.600006103516,484.049987792969,491.929992675781,491.929992675781,96996800
2015-03-12,492.589996337891,494.570007324219,490.910003662109,491.640014648438,491.640014648438,78826400
2015-03-13,493.209991455078,493.619995117188,489.320007324219,492.480010986328,492.480010986328,77285400
2015-03-16,493.950012207031,498.660003662109,493.950012207031,498.029998779297,498.029998779297,82430100
2015-03-17,498.480010986328,499.299987792969,492.700012207031,494.399993896484,494.399993896484,99724400
2015-03-18,495.440002441406,496.649993896484,492.309997558594,496.630004882812,496.630004882812,94895000
2015-03-19,497.079986572266,499.940002441406,494.700012207031,496.010009765625,496.010009765625,99857700
2015-03-20,497.170013427734,500.660003662109,495.450012207031,499.119995117188,499.119995117188,170578000
2015-03-23,499.559997558594,499.649993896484,495.320007324219,497.549987792969,497.549987792969,71253400
2015-03-24,495.75,500.440002441406,494.989990234375,498.660003662109,498.660003662109,81554200
2015-03-25,497.350006103516,499.679992675781,490.920013427734,491.640014648438,491.640014648438,96226300
2015-03-26,486.279998779297,487.480010986328,480.959991455078,486.369995117188,486.369995117188,110830600
2015-03-27,488.399993896484,488.600006103516,483.440002441406,485.730010986328,485.730010986328,111671100
2015-03-30,489.529998779297,495.029998779297,488.589996337891,494.690002441406,494.690002441406,80553700
2015-03-31,495.119995117188,496.269989013672,487.570007324219,489.410003662109,489.410003662109,108299100
2015-04-01,486.839996337891,494.799987792969,485.829986572266,490.040008544922,490.040008544922,97932300
2015-04-02,491.010009765625,493.140014648438,489.910003662109,492.380004882812,492.380004882812,74049700
2015-04-07,496.049987792969,504.179992675781,495.859985351562,503.029998779297,503.029998779297,114511800
2015-04-08,500.609985351562,500.869995117188,496.589996337891,497.160003662109,497.160003662109,97091500
2015-04-09,499.760009765625,501.970001220703,498.540008544922,501.970001220703,501.970001220703,78055500
2015-04-10,504.369995117188,507.190002441406,503.260009765625,507.170013427734,507.170013427734,77894400
2015-04-13,507.5,509.640014648438,505.619995117188,508.660003662109,508.660003662109,72246100
2015-04-14,507.630004882812,510.369995117188,503.839996337891,505.859985351562,505.859985351562,95598800
2015-04-15,506.480010986328,510.350006103516,505.279998779297,507.429992675781,507.429992675781,90513700
2015-04-16,508.220001220703,509.510009765625,503.850006103516,504.380004882812,504.380004882812,101450400
2015-04-17,502.980010986328,503.880004882812,493.279998779297,495.029998779297,495.029998779297,130622000
2015-04-20,497.279998779297,501.410003662109,496.970001220703,500.730010986328,500.730010986328,87543800
2015-04-21,503.410003662109,506.850006103516,501.130004882812,503.809997558594,503.809997558594,84037900
2015-04-22,507.549987792969,508.730010986328,502.350006103516,505.720001220703,505.720001220703,88955000
2015-04-23,504.989990234375,506.820007324219,499.269989013672,503,503,88960000
2015-04-24,504.070007324219,506.209991455078,502.619995117188,504.010009765625,504.010009765625,107028900
2015-04-27,504.450012207031,510.549987792969,499.160003662109,509.239990234375,509.239990234375,97413900
2015-04-28,507.790008544922,507.970001220703,498.329986572266,501.660003662109,501.660003662109,104561400
2015-04-29,502.25,503.670013427734,488.5,489.260009765625,489.260009765625,116066100
2015-04-30,490.029998779297,491.320007324219,484.799987792969,487.850006103516,487.850006103516,122221200
2015-05-04,488.239990234375,493.359985351562,484.549987792969,491.170013427734,491.170013427734,72416200
2015-05-05,490.489990234375,495.160003662109,482.320007324219,482.609985351562,482.609985351562,103424200
2015-05-06,482.290008544922,483.869995117188,476.959991455078,478.149993896484,478.149993896484,103794900
2015-05-07,474.839996337891,479.890014648438,469.820007324219,478.779998779297,478.779998779297,127422500
2015-05-08,482.380004882812,491.100006103516,481.559997558594,490.790008544922,490.790008544922,101057500
2015-05-11,491.399993896484,493.470001220703,489.410003662109,492.75,492.75,84403400
2015-05-12,490.739990234375,490.799987792969,486.019989013672,488.970001220703,488.970001220703,104353800
2015-05-13,490.079986572266,492.579986572266,484.850006103516,486.690002441406,486.690002441406,96336000
2015-05-14,484.309997558594,491.940002441406,481.059997558594,490.690002441406,490.690002441406,81562800
2015-05-15,492.380004882812,495.440002441406,489.079986572266,490.959991455078,490.959991455078,93059100
2015-05-18,491.130004882812,492.829986572266,484.239990234375,490.149993896484,490.149993896484,67486400
2015-05-19,493.130004882812,499.700012207031,492.940002441406,499.179992675781,499.179992675781,86346600
2015-05-20,499.839996337891,503.019989013672,498.470001220703,501.899993896484,501.899993896484,104570100
2015-05-21,500.75,502.480010986328,499.510009765625,502.049987792969,502.049987792969,66673500
2015-05-22,502.100006103516,503.209991455078,500.029998779297,501.890014648438,501.890014648438,59764700
2015-05-25,502.690002441406,503.049987792969,498.950012207031,501.140014648438,501.140014648438,17657800
2015-05-26,500.089996337891,502.690002441406,495,496.350006103516,496.350006103516,71142400
2015-05-27,496.929992675781,504.769989013672,496.679992675781,503.519989013672,503.519989013672,87319900
2015-05-28,503.059997558594,504.799987792969,499.859985351562,502.239990234375,502.239990234375,73871700
2015-05-29,502.5,503.010009765625,493.489990234375,493.559997558594,493.559997558594,111145800
2015-06-01,496.880004882812,498.829986572266,491.359985351562,492.25,492.25,77769200
2015-06-02,493.850006103516,493.850006103516,485.589996337891,486.5,486.5,98114800
2015-06-03,487.269989013672,492.769989013672,485.440002441406,487.739990234375,487.739990234375,98481100
2015-06-04,485.829986572266,489.399993896484,478.399993896484,485.290008544922,485.290008544922,109888200
2015-06-05,481.739990234375,483.029998779297,477.140014648438,479.380004882812,479.380004882812,100617500
2015-06-08,479.420013427734,479.429992675781,474.820007324219,475.130004882812,475.130004882812,75033600
2015-06-09,473.559997558594,475.100006103516,468.589996337891,474.700012207031,474.700012207031,100220300
2015-06-10,473.899993896484,483.119995117188,471.869995117188,481.450012207031,481.450012207031,97224400
2015-06-11,480.470001220703,489.320007324219,479.600006103516,484.880004882812,484.880004882812,93894300
2015-06-12,483.179992675781,483.739990234375,474.010009765625,477.760009765625,477.760009765625,84200600
2015-06-15,472.940002441406,475.290008544922,470.910003662109,472.890014648438,472.890014648438,77025800
2015-06-16,469.399993896484,476.730010986328,466.700012207031,475.170013427734,475.170013427734,99485100
2015-06-17,476.649993896484,477.399993896484,470.119995117188,471.559997558594,471.559997558594,82570300
2015-06-18,469.589996337891,472.989990234375,464.600006103516,472.970001220703,472.970001220703,94451600
2015-06-19,472.790008544922,479.760009765625,472.440002441406,475.429992675781,475.429992675781,121695200
2015-06-22,485.170013427734,490.149993896484,484.350006103516,489.720001220703,489.720001220703,115736900
2015-06-23,494.279998779297,497.170013427734,492.519989013672,494.450012207031,494.450012207031,89996400
2015-06-24,494.760009765625,495.940002441406,490.769989013672,492.619995117188,492.619995117188,101579700
2015-06-25,488.910003662109,497.290008544922,488.769989013672,492.390014648438,492.390014648438,107525700
2015-06-26,490.130004882812,496.779998779297,488.269989013672,494.470001220703,494.470001220703,85222300
2015-06-29,474.5,483.510009765625,473.529998779297,477.149993896484,477.149993896484,132012500
2015-06-30,475.549987792969,480.109985351562,471.320007324219,472.579986572266,472.579986572266,144468900
2015-07-01,477.839996337891,486.329986572266,474.209991455078,482.829986572266,482.829986572266,119725600
2015-07-02,482.489990234375,483.380004882812,476.75,476.959991455078,476.959991455078,81516700
2015-07-03,476.959991455078,478.059997558594,471.820007324219,474.140014648438,474.140014648438,64875700
2015-07-06,465.179992675781,471.720001220703,463.899993896484,467.25,467.25,95713800
2015-07-07,468.369995117188,468.369995117188,456.320007324219,456.640014648438,456.640014648438,115306400
2015-07-08,457.779998779297,461.880004882812,454.859985351562,459.040008544922,459.040008544922,98647400
2015-07-09,460.709991455078,471.239990234375,459.579986572266,469.970001220703,469.970001220703,82580900
2015-07-10,480.730010986328,482.75,477.410003662109,481.390014648438,481.390014648438,105245800
2015-07-13,487.029998779297,490.309997558594,485.579986572266,489.899993896484,489.899993896484,90269500
2015-07-14,489.980010986328,493.839996337891,489.299987792969,493.839996337891,493.839996337891,77151300
2015-07-15,494.399993896484,497.489990234375,493.179992675781,497.130004882812,497.130004882812,74721200
2015-07-16,499.649993896484,503.609985351562,498.959991455078,501.010009765625,501.010009765625,92174800
2015-07-17,501.540008544922,502.350006103516,499.760009765625,500.429992675781,500.429992675781,83795700
2015-07-20,502.570007324219,506.049987792969,500.519989013672,502.079986572266,502.079986572266,66820600
2015-07-21,504.149993896484,504.230010986328,497.970001220703,498.760009765625,498.760009765625,66275500
2015-07-22,494.720001220703,498.049987792969,494.5,496.119995117188,496.119995117188,75634100
2015-07-23,501.040008544922,501.040008544922,493.970001220703,496.350006103516,496.350006103516,68364600
2015-07-24,494.670013427734,498.589996337891,489.260009765625,490.040008544922,490.040008544922,75790000
2015-07-27,488.220001220703,489.089996337891,480.809997558594,481.519989013672,481.519989013672,84770000
2015-07-28,484.730010986328,487.510009765625,482.309997558594,485.769989013672,485.769989013672,74750900
2015-07-29,488.049987792969,490.459991455078,484.920013427734,489.290008544922,489.290008544922,94252700
2015-07-30,493.480010986328,495.559997558594,491.350006103516,495.170013427734,495.170013427734,89706700
2015-07-31,496.309997558594,496.640014648438,491.839996337891,495.230010986328,495.230010986328,96356400
2015-08-03,495.399993896484,501.519989013672,495.399993896484,500.429992675781,500.429992675781,75052800
2015-08-04,500.140014648438,500.839996337891,496.980010986328,500.019989013672,500.019989013672,67761800
2015-08-05,501.730010986328,504,499.779998779297,503.480010986328,503.480010986328,105442600
2015-08-06,501.720001220703,503.220001220703,500.489990234375,501.230010986328,501.230010986328,66293800
2015-08-07,499.290008544922,500.089996337891,496.390014648438,496.609985351562,496.609985351562,69585600
2015-08-10,499.239990234375,500.119995117188,492.179992675781,500.040008544922,500.040008544922,63346900
2015-08-11,499.320007324219,499.549987792969,493.850006103516,494.359985351562,494.359985351562,90357700
2015-08-12,488.410003662109,488.410003662109,475.309997558594,477.420013427734,477.420013427734,117192300
2015-08-13,483.559997558594,484.140014648438,475.769989013672,476.989990234375,476.989990234375,105526500
2015-08-14,477.049987792969,479.630004882812,471.850006103516,473.890014648438,473.890014648438,79049100
2015-08-17,477.420013427734,479.209991455078,469.399993896484,474.299987792969,474.299987792969,76798600
2015-08-18,474.049987792969,480.850006103516,473.149993896484,479.010009765625,479.010009765625,76719200
2015-08-19,476.200012207031,476.869995117188,468.679992675781,469.239990234375,469.239990234375,75872700
2015-08-20,468,468.799987792969,458.170013427734,459.170013427734,459.170013427734,100505200
2015-08-21,451.179992675781,456.839996337891,442.869995117188,442.869995117188,442.869995117188,148517600
2015-08-24,427.220001220703,431.75,401.869995117188,419.679992675781,419.679992675781,268394200
2015-08-25,425.660003662109,440.730010986328,423.160003662109,436.679992675781,436.679992675781,184958900
2015-08-26,430.459991455078,438.850006103516,422.760009765625,428.730010986328,428.730010986328,141056900
2015-08-27,440.209991455078,445.850006103516,437.200012207031,443.359985351562,443.359985351562,126403800
2015-08-28,445.290008544922,446.059997558594,440.399993896484,445.959991455078,445.959991455078,97245000
2015-08-31,442.390014648438,446.029998779297,440.390014648438,445.029998779297,445.029998779297,74763900
2015-09-01,439.950012207031,441.549987792969,430.029998779297,433.529998779297,433.529998779297,109179900
2015-09-02,434.630004882812,438.260009765625,429.679992675781,433.559997558594,433.559997558594,91882300
2015-09-03,438.519989013672,447.980010986328,437.350006103516,444.549987792969,444.549987792969,102951200
2015-09-04,440.799987792969,440.859985351562,430.459991455078,432.940002441406,432.940002441406,109392200
2015-09-07,437.170013427734,439.339996337891,434.320007324219,435.5,435.5,55523100
2015-09-08,438.079986572266,445.350006103516,437.600006103516,439.480010986328,439.480010986328,79092800
2015-09-09,449.489990234375,451.410003662109,443.899993896484,444.260009765625,444.260009765625,98156000
2015-09-10,439.799987792969,443.190002441406,433.75,436.209991455078,436.209991455078,153672400
2015-09-11,437.839996337891,437.839996337891,429.679992675781,430.230010986328,430.230010986328,88294200
2015-09-14,430.790008544922,435.549987792969,426.679992675781,427.880004882812,427.880004882812,85783100
2015-09-15,428.739990234375,434.25,425.269989013672,432.149993896484,432.149993896484,81204600
2015-09-16,435.829986572266,439.109985351562,435.220001220703,438.5,438.5,85335300
2015-09-17,440.660003662109,441.570007324219,436.660003662109,437.630004882812,437.630004882812,81881100
2015-09-18,434.980010986328,434.980010986328,422.890014648438,427.320007324219,427.320007324219,183918200
2015-09-21,426.679992675781,435.130004882812,426.679992675781,432.799987792969,432.799987792969,87214600
2015-09-22,432.730010986328,432.869995117188,419.299987792969,419.980010986328,419.980010986328,122391800
2015-09-23,419.510009765625,425.390014648438,417.480010986328,419.119995117188,419.119995117188,95202500
2015-09-24,418.75,420.779998779297,406.640014648438,409.859985351562,409.859985351562,119916100
2015-09-25,416.820007324219,425.040008544922,415.989990234375,422.799987792969,422.799987792969,119053500
2015-09-28,421.220001220703,422.989990234375,411.279998779297,412.320007324219,412.320007324219,102262000
2015-09-29,406.480010986328,414.959991455078,405.010009765625,412.109985351562,412.109985351562,113878700
2015-09-30,419.640014648438,422.959991455078,418.25,421.140014648438,421.140014648438,108274900
2015-10-01,426.769989013672,428.109985351562,416.829986572266,418.829986572266,418.829986572266,139887800
2015-10-02,423.179992675781,428.970001220703,415.519989013672,422.579986572266,422.579986572266,128784200
2015-10-05,430.489990234375,438.029998779297,428.980010986328,436.899993896484,436.899993896484,120812400
2015-10-06,437.570007324219,443.260009765625,434.429992675781,440.720001220703,440.720001220703,105975800
2015-10-07,443.309997558594,446.470001220703,439.350006103516,440.589996337891,440.589996337891,151202100
2015-10-08,440.390014648438,442.179992675781,438.769989013672,442.079986572266,442.079986572266,111485800
2015-10-09,446.540008544922,446.820007324219,440.309997558594,441.649993896484,441.649993896484,119474100
2015-10-12,442.570007324219,443.359985351562,438.609985351562,440.049987792969,440.049987792969,88114800
2015-10-13,438.989990234375,439.190002441406,433.089996337891,438.25,438.25,107046900
2015-10-14,433.570007324219,438.239990234375,431.230010986328,434.320007324219,434.320007324219,96155600
2015-10-15,440.309997558594,445.029998779297,439.079986572266,443.700012207031,443.700012207031,101996800
2015-10-16,446.809997558594,448.339996337891,445.489990234375,447.859985351562,447.859985351562,99391400
2015-10-19,447.380004882812,452.220001220703,447.329986572266,449.309997558594,449.309997558594,68719700
2015-10-20,449.089996337891,449.799987792969,444.989990234375,447.269989013672,447.269989013672,104258900
2015-10-21,448.760009765625,451.429992675781,444.839996337891,449.779998779297,449.779998779297,96430400
2015-10-22,448.170013427734,459.109985351562,447.429992675781,457.970001220703,457.970001220703,115604300
2015-10-23,461.899993896484,468.640014648438,460.929992675781,465.049987792969,465.049987792969,127559200
2015-10-26,463.489990234375,466.149993896484,461.559997558594,462.869995117188,462.869995117188,80470500
2015-10-27,462.589996337891,463.799987792969,458.429992675781,458.429992675781,458.429992675781,105915800
2015-10-28,459.510009765625,464.290008544922,458.730010986328,463.209991455078,463.209991455078,96604600
2015-10-29,463.809997558594,464.769989013672,460.260009765625,462.989990234375,462.989990234375,101859200
2015-10-30,464.170013427734,464.959991455078,458.269989013672,462.119995117188,462.119995117188,88366500
2015-11-02,457.839996337891,465.570007324219,457.839996337891,464.579986572266,464.579986572266,82590000
2015-11-03,465.589996337891,466.850006103516,464.079986572266,466.850006103516,466.850006103516,89326100
2015-11-04,469.779998779297,473.029998779297,468.559997558594,468.839996337891,468.839996337891,113463600
2015-11-05,470.010009765625,471.309997558594,465.579986572266,466.600006103516,466.600006103516,105636400
2015-11-06,466.540008544922,472.489990234375,465.049987792969,469.829986572266,469.829986572266,116988700
2015-11-09,470.899993896484,471.989990234375,464.609985351562,465.010009765625,465.010009765625,91737300
2015-11-10,467.130004882812,467.829986572266,461.130004882812,465.200012207031,465.200012207031,113174500
2015-11-11,466.429992675781,472.070007324219,466.410003662109,469.200012207031,469.200012207031,118475300
2015-11-12,466.959991455078,470.149993896484,459.239990234375,459.850006103516,459.850006103516,130061200
2015-11-13,457.600006103516,459.160003662109,449.609985351562,453.549987792969,453.549987792969,109736300
2015-11-16,448.359985351562,455.839996337891,448.359985351562,454.290008544922,454.290008544922,90990400
2015-11-17,459.660003662109,466.829986572266,458.690002441406,466.540008544922,466.540008544922,103404800
2015-11-18,464.089996337891,466.429992675781,462.950012207031,465.929992675781,465.929992675781,89367600
2015-11-19,470.119995117188,472.540008544922,468.369995117188,469,469,100849300
2015-11-20,470.910003662109,470.959991455078,466.339996337891,468.690002441406,468.690002441406,96221900
2015-11-23,467.959991455078,467.959991455078,463.489990234375,466.179992675781,466.179992675781,83664400
2015-11-24,463.760009765625,463.760009765625,455.320007324219,461.290008544922,461.290008544922,99146600
2015-11-25,462.420013427734,469.440002441406,461.079986572266,468.070007324219,468.070007324219,101811500
2015-11-26,468.320007324219,472.489990234375,467.609985351562,472.239990234375,472.239990234375,84815100
2015-11-27,470.339996337891,474.869995117188,469.160003662109,472.170013427734,472.170013427734,77016100
2015-11-30,470.920013427734,473.230010986328,469.230010986328,469.519989013672,469.519989013672,136355400
2015-12-01,471.220001220703,471.959991455078,465.350006103516,467.320007324219,467.320007324219,90777600
2015-12-02,468.429992675781,470.109985351562,466.480010986328,467.059997558594,467.059997558594,117251900
2015-12-03,466.640014648438,471.660003662109,449.920013427734,449.920013427734,449.920013427734,180057300
2015-12-04,448.600006103516,449.429992675781,443.700012207031,446.929992675781,446.929992675781,129220200
2015-12-07,450.380004882812,454.220001220703,447.470001220703,448.459991455078,448.459991455078,93646200
2015-12-08,447.440002441406,448.190002441406,439.119995117188,441.609985351562,441.609985351562,122405500
2015-12-09,442.920013427734,445.019989013672,437.779998779297,440.850006103516,440.850006103516,134506900
2015-12-10,439.420013427734,441.160003662109,436.059997558594,437.839996337891,437.839996337891,104500000
2015-12-11,436.899993896484,436.899993896484,426.600006103516,429.100006103516,429.100006103516,118925400
2015-12-14,430.920013427734,433.899993896484,419.790008544922,420.660003662109,420.660003662109,114781600
2015-12-15,423.799987792969,434.399993896484,423.380004882812,433.630004882812,433.630004882812,123695000
2015-12-16,434.739990234375,436.920013427734,431.329986572266,433.829986572266,433.829986572266,102316700
2015-12-17,442.690002441406,444.670013427734,438.059997558594,438.970001220703,438.970001220703,117852700
2015-12-18,434.790008544922,437.299987792969,431.579986572266,434.149993896484,434.149993896484,152253600
2015-12-21,433.220001220703,438.440002441406,428.480010986328,428.480010986328,428.480010986328,82968700
2015-12-22,432.119995117188,432.880004882812,425.549987792969,430.970001220703,430.970001220703,81641300
2015-12-23,435.829986572266,445.179992675781,435.790008544922,443.720001220703,443.720001220703,93574200
2015-12-24,443.649993896484,444.119995117188,442.320007324219,444.119995117188,444.119995117188,16474600
2015-12-28,445.049987792969,445.570007324219,439.329986572266,440.489990234375,440.489990234375,42016000
2015-12-29,443.160003662109,447.700012207031,443.160003662109,447.700012207031,447.700012207031,60360000
2015-12-30,446.5,448.850006103516,445.299987792969,446.190002441406,446.190002441406,51494700
2016-01-04,436.970001220703,436.970001220703,427.220001220703,431.700012207031,431.700012207031,100628200
2016-01-05,436.140014648438,436.720001220703,428.690002441406,435,435,89035800
2016-01-06,433.649993896484,433.950012207031,424.640014648438,428.760009765625,428.760009765625,98948900
2016-01-07,417.339996337891,423.290008544922,411.970001220703,420.760009765625,420.760009765625,132507500
2016-01-08,421.220001220703,423.059997558594,410.820007324219,410.820007324219,410.820007324219,126101000
2016-01-11,410.709991455078,415.869995117188,409.079986572266,411.309997558594,411.309997558594,110496400
2016-01-12,411.299987792969,420.839996337891,410.089996337891,416.410003662109,416.410003662109,121133500
2016-01-13,421.019989013672,425.910003662109,416.290008544922,418.049987792969,418.049987792969,135361300
2016-01-14,413.630004882812,416.769989013672,404.579986572266,413.380004882812,413.380004882812,144016100
2016-01-15,411.399993896484,414.200012207031,399.880004882812,403.570007324219,403.570007324219,151124300
2016-01-18,402.309997558594,407.950012207031,398.709991455078,401.989990234375,401.989990234375,104646500
2016-01-19,410.049987792969,411.950012207031,406.269989013672,407.679992675781,407.679992675781,113624000
2016-01-20,399.100006103516,400.649993896484,392.440002441406,395.720001220703,395.720001220703,149017000
2016-01-21,397.519989013672,407.809997558594,396.359985351562,406.489990234375,406.489990234375,162841700
2016-01-22,414.589996337891,422.179992675781,412.880004882812,419.279998779297,419.279998779297,138820700
2016-01-25,422.559997558594,422.559997558594,415.660003662109,418.070007324219,418.070007324219,102195600
2016-01-26,411.619995117188,422.739990234375,410.010009765625,421.970001220703,421.970001220703,142292500
2016-01-27,421.390014648438,424.410003662109,416.989990234375,424.410003662109,424.410003662109,111131200
2016-01-28,423.5,427.119995117188,416.920013427734,420.100006103516,420.100006103516,149400700
2016-01-29,426.480010986328,431.279998779297,421.989990234375,431.279998779297,431.279998779297,140790100
2016-02-01,433.850006103516,433.850006103516,425.609985351562,429.679992675781,429.679992675781,106713200
2016-02-02,428.5,428.5,417.769989013672,420.649993896484,420.649993896484,134099700
2016-02-03,419.820007324219,422.700012207031,411.320007324219,416.209991455078,416.209991455078,154631800
2016-02-04,422.799987792969,424.529998779297,415.910003662109,417.940002441406,417.940002441406,178813800
2016-02-05,417.25,420.450012207031,412.720001220703,413.940002441406,413.940002441406,171371100
2016-02-08,415.829986572266,416.470001220703,398.570007324219,400.609985351562,400.609985351562,164598500
2016-02-09,401.519989013672,403.619995117188,388.640014648438,392.579986572266,392.579986572266,198997800
2016-02-10,395.170013427734,400.899993896484,391.059997558594,394.630004882812,394.630004882812,152582700
2016-02-11,390.630004882812,390.630004882812,378.529998779297,382.609985351562,382.609985351562,171275500
2016-02-12,387.540008544922,391.859985351562,385.239990234375,391.859985351562,391.859985351562,162015700
2016-02-15,400.869995117188,405.559997558594,399.440002441406,403.959991455078,403.959991455078,114492300
2016-02-16,407.200012207031,408.149993896484,401.149993896484,403.269989013672,403.269989013672,118069600
2016-02-17,404.700012207031,414.75,403.980010986328,414.75,414.75,127636400
2016-02-18,416.410003662109,419,412.549987792969,413.790008544922,413.790008544922,125030100
2016-02-19,413.769989013672,416.070007324219,408.799987792969,411.959991455078,411.959991455078,113263200
2016-02-22,416.529998779297,421.540008544922,416.529998779297,420.690002441406,420.690002441406,104191000
2016-02-23,417.769989013672,420.470001220703,415.420013427734,415.429992675781,415.429992675781,100397700
2016-02-24,414.859985351562,415.369995117188,405.600006103516,407.519989013672,407.519989013672,113238700
2016-02-25,413.890014648438,418.950012207031,411.609985351562,415.380004882812,415.380004882812,102565700
2016-02-26,420.399993896484,425.809997558594,419.640014648438,422.660003662109,422.660003662109,114833500
2016-02-29,419.390014648438,427.809997558594,418.059997558594,427.269989013672,427.269989013672,115785800
2016-03-01,426.790008544922,436.809997558594,425.829986572266,436.809997558594,436.809997558594,129326700
2016-03-02,439.600006103516,439.809997558594,432.339996337891,436.309997558594,436.309997558594,120934300
2016-03-03,437.880004882812,437.880004882812,431.980010986328,433.950012207031,433.950012207031,120194300
2016-03-04,436.309997558594,440.739990234375,434.890014648438,437.989990234375,437.989990234375,122927200
2016-03-07,437.019989013672,438.619995117188,433.040008544922,436,436,120129400
2016-03-08,433.359985351562,436.179992675781,429.880004882812,432.890014648438,432.890014648438,101365300
2016-03-09,433.660003662109,438.160003662109,433.070007324219,435.559997558594,435.559997558594,105755900
2016-03-10,436.75,449.619995117188,430.179992675781,430.179992675781,430.179992675781,174269800
2016-03-11,437.959991455078,442.989990234375,436.799987792969,441.75,441.75,132991700
2016-03-14,444.519989013672,447.029998779297,441.980010986328,444.079986572266,444.079986572266,121544600
2016-03-15,441.640014648438,443.190002441406,439.570007324219,442,442,113623900
2016-03-16,443.700012207031,445.390014648438,440.640014648438,443.829986572266,443.829986572266,113527000
2016-03-17,447.25,447.350006103516,435.730010986328,444.059997558594,444.059997558594,148018000
2016-03-18,445.760009765625,446.350006103516,442.049987792969,444.790008544922,444.790008544922,170638500
2016-03-21,441.769989013672,446.980010986328,441.059997558594,443.829986572266,443.829986572266,86350200
2016-03-22,441.890014648438,443.119995117188,437.049987792969,443.119995117188,443.119995117188,100851200
2016-03-23,443.459991455078,445.589996337891,440.940002441406,443.359985351562,443.359985351562,92050200
2016-03-24,439.950012207031,440.980010986328,435.850006103516,437.489990234375,437.489990234375,101309000
2016-03-29,439.880004882812,442.820007324219,438,440.369995117188,440.369995117188,76106000
2016-03-30,442.279998779297,448.820007324219,442.279998779297,446.239990234375,446.239990234375,93325400
2016-03-31,444.049987792969,444.049987792969,439.579986572266,440.109985351562,440.109985351562,98346900
2016-04-01,434.859985351562,434.910003662109,428.510009765625,434.480010986328,434.480010986328,127504100
2016-04-04,433.190002441406,439.950012207031,430.839996337891,436.079986572266,436.079986572266,92058100
2016-04-05,430.279998779297,430.959991455078,426.75,428.850006103516,428.850006103516,107607900
2016-04-06,429.989990234375,431.079986572266,427.769989013672,431.010009765625,431.010009765625,85862800
2016-04-07,432.200012207031,433.940002441406,427.959991455078,428.730010986328,428.730010986328,85304100
2016-04-08,430.390014648438,434.630004882812,430.390014648438,434.160003662109,434.160003662109,97183800
2016-04-11,433.739990234375,438.440002441406,430.820007324219,436.559997558594,436.559997558594,104929300
2016-04-12,438.100006103516,439.970001220703,434.049987792969,439.5,439.5,108312500
2016-04-13,444.130004882812,450.089996337891,444.130004882812,450.089996337891,450.089996337891,150987400
2016-04-14,449.899993896484,452.230010986328,448.769989013672,451.040008544922,451.040008544922,120642600
2016-04-15,449.880004882812,451.450012207031,448.890014648438,450.589996337891,450.589996337891,120275400
2016-04-18,444.769989013672,451.579986572266,444.119995117188,450.809997558594,450.809997558594,92533500
2016-04-19,452.290008544922,456.890014648438,452.040008544922,456.459991455078,456.459991455078,112881200
2016-04-20,455.480010986328,457.429992675781,454.149993896484,456.200012207031,456.200012207031,119760900
2016-04-21,456.940002441406,458.019989013672,451.290008544922,453.470001220703,453.470001220703,126846400
2016-04-22,452.709991455078,452.890014648438,449.619995117188,451.540008544922,451.540008544922,96550100
2016-04-25,450.760009765625,451.239990234375,445.609985351562,446.769989013672,446.769989013672,99676800
2016-04-26,449.029998779297,451.010009765625,446.470001220703,447.640014648438,447.640014648438,95592500
2016-04-27,445.290008544922,448.820007324219,445.290008544922,448.369995117188,448.369995117188,97674600
2016-04-28,445.559997558594,450.829986572266,442.130004882812,450.309997558594,450.309997558594,94787200
2016-04-29,446.070007324219,446.420013427734,439.269989013672,439.679992675781,439.679992675781,120543800
2016-05-02,441.029998779297,441.600006103516,438.910003662109,441.200012207031,441.200012207031,56212000
2016-05-03,439.890014648438,439.890014648438,431.059997558594,433.339996337891,433.339996337891,108216500
2016-05-04,433.470001220703,434.359985351562,428.320007324219,428.920013427734,428.920013427734,107651900
2016-05-05,430.470001220703,432.529998779297,428.989990234375,431.239990234375,431.239990234375,76012000
2016-05-06,428.989990234375,431.839996337891,425.779998779297,431.320007324219,431.320007324219,107650700
2016-05-09,434.190002441406,436.760009765625,430.890014648438,431.579986572266,431.579986572266,110434800
2016-05-10,434.829986572266,440.049987792969,433.890014648438,436.269989013672,436.269989013672,109698300
2016-05-11,435.429992675781,435.709991455078,431.359985351562,434.709991455078,434.709991455078,95098200
2016-05-12,432.010009765625,438.040008544922,430.359985351562,430.890014648438,430.890014648438,110389300
2016-05-13,428.350006103516,433.859985351562,426.950012207031,433.519989013672,433.519989013672,101994400
2016-05-16,429.769989013672,434.25,428.279998779297,433.739990234375,433.739990234375,60029200
2016-05-17,436.339996337891,438.329986572266,430.790008544922,432.299987792969,432.299987792969,99704800
2016-05-18,429.579986572266,434.529998779297,429.140014648438,434.459991455078,434.459991455078,97355500
2016-05-19,432.260009765625,432.260009765625,427.200012207031,428.269989013672,428.269989013672,107309100
2016-05-20,432.309997558594,434.519989013672,432.019989013672,434.359985351562,434.359985351562,86049000
2016-05-23,434.170013427734,435.75,430.470001220703,432.570007324219,432.570007324219,75895600
2016-05-24,431.709991455078,443.059997558594,430.540008544922,441.660003662109,441.660003662109,93358900
2016-05-25,445.209991455078,448.549987792969,444.079986572266,447.220001220703,447.220001220703,94580200
2016-05-26,446.600006103516,449.480010986328,446.600006103516,449.089996337891,449.089996337891,101669900
2016-05-27,448.309997558594,450.940002441406,448.130004882812,450.940002441406,450.940002441406,78311100
2016-05-30,451.720001220703,451.839996337891,449.350006103516,451.790008544922,451.790008544922,34967400
2016-05-31,452.420013427734,453.070007324219,447.309997558594,447.869995117188,447.869995117188,143485500
2016-06-01,447.140014648438,448.420013427734,444.140014648438,446.779998779297,446.779998779297,92660100
2016-06-02,447.390014648438,449.829986572266,446.440002441406,447.589996337891,447.589996337891,89285400
2016-06-03,449.529998779297,452.079986572266,443.130004882812,445.309997558594,445.309997558594,87136900
2016-06-06,445.179992675781,447.959991455078,445.179992675781,446.440002441406,446.440002441406,62345400
2016-06-07,447.959991455078,452.179992675781,447.75,451.579986572266,451.579986572266,90285300
2016-06-08,450.100006103516,451.25,448.880004882812,450.149993896484,450.149993896484,81731000
2016-06-09,449.309997558594,449.339996337891,444.600006103516,446.100006103516,446.100006103516,79048200
2016-06-10,444.75,444.769989013672,435.630004882812,435.769989013672,435.769989013672,96380100
2016-06-13,430.859985351562,432.299987792969,427.690002441406,428.200012207031,428.200012207031,101081600
2016-06-14,422.790008544922,424.470001220703,418.769989013672,419.079986572266,419.079986572266,118146100
2016-06-15,422.799987792969,424.200012207031,419.549987792969,419.549987792969,419.549987792969,114659100
2016-06-16,415.160003662109,419.399993896484,414.510009765625,418.510009765625,418.510009765625,107255200
2016-06-17,421.559997558594,423.790008544922,419.640014648438,421.769989013672,421.769989013672,210263500
2016-06-20,432.200012207031,437.920013427734,431.890014648438,436.5,436.5,111369600
2016-06-21,436.010009765625,442.029998779297,434.899993896484,440.390014648438,440.390014648438,93003100
2016-06-22,443.230010986328,444.510009765625,439.940002441406,441.25,441.25,82473500
2016-06-23,443.640014648438,453.299987792969,442.980010986328,449.859985351562,449.859985351562,115242500
2016-06-24,420.559997558594,432.589996337891,409.230010986328,424.200012207031,424.200012207031,322839100
2016-06-27,419.209991455078,422.769989013672,410.209991455078,411.619995117188,411.619995117188,203953300
2016-06-28,420.230010986328,421.640014648438,416.970001220703,417.510009765625,417.510009765625,148234600
2016-06-29,422.880004882812,430.079986572266,422.429992675781,430.079986572266,430.079986572266,130784700
2016-06-30,429.579986572266,436.630004882812,427.760009765625,435.880004882812,435.880004882812,137005500
2016-07-01,438.359985351562,440.299987792969,434.059997558594,438.850006103516,438.850006103516,108991900
2016-07-04,440.230010986328,440.429992675781,434.190002441406,435.119995117188,435.119995117188,75672900
2016-07-05,431.950012207031,433.940002441406,429,430.410003662109,430.410003662109,109952800
2016-07-06,427.380004882812,430.459991455078,419.450012207031,422.179992675781,422.179992675781,128887700
2016-07-07,424.670013427734,429.170013427734,424.670013427734,426.329986572266,426.329986572266,88414700
2016-07-08,425.429992675781,434.600006103516,424.299987792969,433.769989013672,433.769989013672,109242400
2016-07-11,437.959991455078,441.209991455078,435.079986572266,440.75,440.75,97376900
2016-07-12,441.130004882812,446.160003662109,441.119995117188,445.440002441406,445.440002441406,122165900
2016-07-13,444.700012207031,447.760009765625,444.450012207031,444.450012207031,444.450012207031,119334200
2016-07-14,448.309997558594,451.079986572266,447.019989013672,448.190002441406,448.190002441406,101434400
2016-07-15,447.130004882812,448.700012207031,444.929992675781,447.510009765625,447.510009765625,94434200
2016-07-18,447.690002441406,450.799987792969,446.190002441406,448.320007324219,448.320007324219,82496300
2016-07-19,447.589996337891,448.470001220703,444.320007324219,447.850006103516,447.850006103516,87390300
2016-07-20,450.570007324219,453.459991455078,448.359985351562,452.179992675781,452.179992675781,87010700
2016-07-21,453.690002441406,454.489990234375,448.850006103516,451.970001220703,451.970001220703,93894500
2016-07-22,451.220001220703,453.820007324219,449.299987792969,453.350006103516,453.350006103516,78500900
2016-07-25,453.559997558594,456.369995117188,451.5,452.839996337891,452.839996337891,85500800
2016-07-26,452.420013427734,454.790008544922,450.290008544922,454.059997558594,454.059997558594,89072700
2016-07-27,455.380004882812,456.779998779297,452.609985351562,452.980010986328,452.980010986328,113706000
2016-07-28,451.260009765625,453.410003662109,447.820007324219,447.820007324219,447.820007324219,113931500
2016-07-29,449.160003662109,450.160003662109,446.779998779297,449.829986572266,449.829986572266,127589300
2016-08-01,451.450012207031,451.670013427734,444.079986572266,444.970001220703,444.970001220703,96248900
2016-08-02,443.220001220703,444.149993896484,437.850006103516,438.609985351562,438.609985351562,114140000
2016-08-03,440.640014648438,441.670013427734,437.850006103516,440.359985351562,440.359985351562,119442300
2016-08-04,441.970001220703,446.029998779297,441.420013427734,444.470001220703,444.470001220703,104576800
2016-08-05,444.470001220703,449.489990234375,444.290008544922,448.119995117188,448.119995117188,91895500
2016-08-08,448.709991455078,450.299987792969,447.959991455078,449.070007324219,449.070007324219,74695900
2016-08-09,449.179992675781,453.950012207031,449.130004882812,453.799987792969,453.799987792969,78063200
2016-08-10,452.089996337891,453.940002441406,451.470001220703,452.010009765625,452.010009765625,78457500
2016-08-11,452.570007324219,455.5,449.619995117188,455.5,455.5,81576000
2016-08-12,455.029998779297,456.290008544922,453.600006103516,454.089996337891,454.089996337891,67895400
2016-08-15,454.880004882812,456.440002441406,453.989990234375,454.510009765625,454.510009765625,51855800
2016-08-16,452.489990234375,454.440002441406,450.910003662109,451.399993896484,451.399993896484,81251000
2016-08-17,451.029998779297,451.549987792969,446.350006103516,447.570007324219,447.570007324219,76683200
2016-08-18,451.130004882812,451.739990234375,450.089996337891,451.690002441406,451.690002441406,76618800
2016-08-19,450.910003662109,451.179992675781,446.920013427734,448.720001220703,448.720001220703,82474600
2016-08-22,448.040008544922,451.920013427734,446.119995117188,447.630004882812,447.630004882812,72131400
2016-08-23,449.420013427734,453.339996337891,449.209991455078,452.179992675781,452.179992675781,70544900
2016-08-24,449.670013427734,454.170013427734,448.459991455078,452.170013427734,452.170013427734,69963000
2016-08-25,450.429992675781,450.910003662109,447.959991455078,449.940002441406,449.940002441406,75187300
2016-08-26,449.450012207031,453.709991455078,448.429992675781,453.010009765625,453.010009765625,67488100
2016-08-29,451.290008544922,452.720001220703,448.549987792969,452.149993896484,452.149993896484,44754500
2016-08-30,453.730010986328,457.700012207031,453.369995117188,455.820007324219,455.820007324219,75506400
2016-08-31,455.559997558594,457.920013427734,454.220001220703,454.380004882812,454.380004882812,108514800
2016-09-01,455.720001220703,458.679992675781,452.5,453.869995117188,453.869995117188,104876700
2016-09-02,455.309997558594,464.470001220703,454.25,463.600006103516,463.600006103516,117996600
2016-09-05,465.209991455078,466.170013427734,463.440002441406,464.130004882812,464.130004882812,82234100
2016-09-06,465.049987792969,465.109985351562,460.5,461.109985351562,461.109985351562,81648800
2016-09-07,462.029998779297,463.760009765625,461.410003662109,463.269989013672,463.269989013672,77003800
2016-09-08,461.989990234375,462.369995117188,455.049987792969,459.5,459.5,98270600
2016-09-09,457.779998779297,458.809997558594,451.540008544922,452.880004882812,452.880004882812,91842900
2016-09-12,445.829986572266,447.600006103516,442.839996337891,447.600006103516,447.600006103516,93966700
2016-09-13,449.790008544922,450.140014648438,442.350006103516,442.609985351562,442.609985351562,85821800
2016-09-14,444.570007324219,444.880004882812,440.600006103516,441.029998779297,441.029998779297,101303000
2016-09-15,440.559997558594,443.420013427734,439.929992675781,443.200012207031,443.200012207031,85796300
2016-09-16,442.339996337891,443.720001220703,437.619995117188,439.070007324219,439.070007324219,202078700
2016-09-19,442.640014648438,445.489990234375,442.309997558594,444.700012207031,444.700012207031,72690800
2016-09-20,443.779998779297,446.519989013672,443.220001220703,444.450012207031,444.450012207031,71188100
2016-09-21,448.649993896484,450.149993896484,446.880004882812,447.529998779297,447.529998779297,88863000
2016-09-22,450.790008544922,457.880004882812,450.480010986328,455.510009765625,455.510009765625,107095300
2016-09-23,454.290008544922,455.609985351562,453.529998779297,454.480010986328,454.480010986328,83216500
2016-09-26,451.510009765625,451.619995117188,446.859985351562,447.869995117188,447.869995117188,81790200
2016-09-27,450.839996337891,451.100006103516,444.140014648438,447.829986572266,447.829986572266,85645300
2016-09-28,448.820007324219,453.320007324219,448.820007324219,450.269989013672,450.269989013672,77145000
2016-09-29,456.040008544922,456.75,450.690002441406,451.549987792969,451.549987792969,92959100
2016-09-30,446.380004882812,453.649993896484,442.709991455078,452.329986572266,452.329986572266,129840200
2016-10-03,452.549987792969,454.709991455078,451.420013427734,452.989990234375,452.989990234375,61350200
2016-10-04,453.489990234375,460.079986572266,453.170013427734,458.320007324219,458.320007324219,98456600
2016-10-05,454.600006103516,456.660003662109,452.100006103516,456.059997558594,456.059997558594,109052200
2016-10-06,457.470001220703,457.570007324219,454.640014648438,454.820007324219,454.820007324219,107453700
2016-10-07,455.640014648438,455.640014648438,449.950012207031,450.059997558594,450.059997558594,125665000
2016-10-10,450.709991455078,455.579986572266,448.829986572266,455.239990234375,455.239990234375,86096600
2016-10-11,454.109985351562,456.940002441406,450.910003662109,451.25,451.25,87833500
2016-10-12,451.609985351562,452.730010986328,450.130004882812,450.660003662109,450.660003662109,89187800
2016-10-13,447.320007324219,447.320007324219,442.720001220703,445.200012207031,445.200012207031,120737400
2016-10-14,446.679992675781,453.369995117188,446.410003662109,450.5,450.5,96816000
2016-10-17,448.850006103516,450.730010986328,446.899993896484,448.040008544922,448.040008544922,71355300
2016-10-18,450.670013427734,454.420013427734,450.529998779297,453.130004882812,453.130004882812,89688300
2016-10-19,454.109985351562,455.549987792969,452.359985351562,454.679992675781,454.679992675781,84767500
2016-10-20,455.399993896484,457.179992675781,452.359985351562,456.059997558594,456.059997558594,94499700
2016-10-21,457.070007324219,458.609985351562,455.019989013672,457.399993896484,457.399993896484,106088900
2016-10-24,459.630004882812,463.029998779297,459.359985351562,459.75,459.75,84315600
2016-10-25,460.679992675781,462.059997558594,458.529998779297,459.290008544922,459.290008544922,93193700
2016-10-26,457.760009765625,458.119995117188,453.130004882812,455.820007324219,455.820007324219,94090500
2016-10-27,454.910003662109,459.269989013672,453.470001220703,455.709991455078,455.709991455078,110793200
2016-10-28,450.75,455.869995117188,449.209991455078,455.380004882812,455.380004882812,93443700
2016-10-31,453.25,454.670013427734,451.420013427734,452.589996337891,452.589996337891,87002800
2016-11-01,456.320007324219,457.540008544922,449.399993896484,449.709991455078,449.709991455078,93953800
2016-11-02,447,447,443.480010986328,443.769989013672,443.769989013672,105107100
2016-11-03,445.220001220703,447.420013427734,442.309997558594,442.309997558594,442.309997558594,97630600
2016-11-04,440.429992675781,441.679992675781,438.190002441406,440.510009765625,440.510009765625,96443600
2016-11-07,445.989990234375,448.220001220703,445.350006103516,448.220001220703,448.220001220703,81020000
2016-11-08,447.670013427734,450.790008544922,446.880004882812,450.179992675781,450.179992675781,101345200
2016-11-09,437.209991455078,454.420013427734,436.279998779297,454.359985351562,454.359985351562,212442900
2016-11-10,456.760009765625,459.570007324219,447.859985351562,450.010009765625,450.010009765625,208444600
2016-11-11,452.609985351562,453.279998779297,444.200012207031,445.410003662109,445.410003662109,131278800
2016-11-14,449.570007324219,451.570007324219,445.790008544922,446.760009765625,446.760009765625,135575300
2016-11-15,449.220001220703,451.519989013672,448.660003662109,450.540008544922,450.540008544922,115565600
2016-11-16,452.380004882812,453.049987792969,447.290008544922,449.660003662109,449.660003662109,108308800
2016-11-17,448.459991455078,451.829986572266,447.269989013672,451.820007324219,451.820007324219,111409200
2016-11-18,453.149993896484,453.779998779297,449.049987792969,450.679992675781,450.679992675781,106449400
2016-11-21,452.670013427734,454.130004882812,448.420013427734,453.029998779297,453.029998779297,93764700
2016-11-22,456.720001220703,458.450012207031,455.989990234375,456.399993896484,456.399993896484,138909800
2016-11-23,457.839996337891,459.059997558594,454.739990234375,456.410003662109,456.410003662109,114421500
2016-11-24,457.859985351562,458.510009765625,455.619995117188,457.440002441406,457.440002441406,61943700
2016-11-25,458.049987792969,458.410003662109,455.859985351562,457.989990234375,457.989990234375,60711500
2016-11-28,455.899993896484,456.570007324219,451.510009765625,452.709991455078,452.709991455078,78994000
2016-11-29,451.260009765625,453.339996337891,449.510009765625,452.5,452.5,87212000
2016-11-30,452.299987792969,458.910003662109,451.359985351562,457.209991455078,457.209991455078,154320500
2016-12-01,455.890014648438,457.359985351562,452.299987792969,453.600006103516,453.600006103516,122195600
2016-12-02,450.059997558594,450.739990234375,445.649993896484,449.600006103516,449.600006103516,104927800
2016-12-05,447.589996337891,457.910003662109,447.429992675781,454.470001220703,454.470001220703,120649000
2016-12-06,455.100006103516,459.820007324219,453.640014648438,459.309997558594,459.309997558594,110997500
2016-12-07,462.799987792969,463.230010986328,460.730010986328,462.109985351562,462.109985351562,131499100
2016-12-08,463.440002441406,467.390014648438,462.029998779297,466.670013427734,466.670013427734,149680200
2016-12-09,467.040008544922,470.450012207031,466.950012207031,469.769989013672,469.769989013672,110485000
2016-12-12,470.839996337891,472.209991455078,469.070007324219,470.380004882812,470.380004882812,99722600
2016-12-13,470.690002441406,474.329986572266,470.010009765625,473.649993896484,473.649993896484,106285400
2016-12-14,472.549987792969,473.880004882812,472.200012207031,472.200012207031,472.200012207031,97599600
2016-12-15,473.519989013672,477.170013427734,473.179992675781,476.519989013672,476.519989013672,136460300
2016-12-16,476.579986572266,479.730010986328,475.540008544922,477.700012207031,477.700012207031,152710900
2016-12-19,477.760009765625,480.410003662109,477.760009765625,480.350006103516,480.350006103516,87672300
2016-12-20,480.75,484.160003662109,480.420013427734,484.040008544922,484.040008544922,78071400
2016-12-21,483.209991455078,484.209991455078,481.709991455078,483.209991455078,483.209991455078,63157400
2016-12-22,481.910003662109,482.929992675781,481.239990234375,482.470001220703,482.470001220703,54306000
2016-12-23,483,483.670013427734,482.269989013672,482.859985351562,482.859985351562,41880200
2016-12-27,483.119995117188,484.100006103516,482.820007324219,483.579986572266,483.579986572266,30094500
2016-12-28,483.429992675781,484.200012207031,482.989990234375,484.200012207031,484.200012207031,45665000
2016-12-29,481.690002441406,483.079986572266,481.480010986328,482.459991455078,482.459991455078,46510300
2016-12-30,482.209991455078,483.540008544922,480.540008544922,483.170013427734,483.170013427734,44606400
2017-01-02,481.160003662109,487.100006103516,481.010009765625,486.369995117188,486.369995117188,35770100
2017-01-03,488.070007324219,489.910003662109,487.309997558594,487.989990234375,487.989990234375,79701500
2017-01-04,489.679992675781,489.679992675781,486.510009765625,487.579986572266,487.579986572266,81563200
2017-01-05,486.5,488.320007324219,485.779998779297,486.929992675781,486.929992675781,81001600
2017-01-06,486.589996337891,487.339996337891,485.059997558594,487,487,57369100
2017-01-09,487.75,487.75,484.019989013672,485.100006103516,485.100006103516,67218500
2017-01-10,485.260009765625,486.230010986328,483.019989013672,484.739990234375,484.739990234375,94026600
2017-01-11,484.410003662109,488.859985351562,482.899993896484,486.579986572266,486.579986572266,86787300
2017-01-12,485.170013427734,486.480010986328,482.410003662109,483.089996337891,483.089996337891,84997200
2017-01-13,485.679992675781,488.109985351562,484.850006103516,488.089996337891,488.089996337891,68699100
2017-01-16,485.220001220703,486.170013427734,484.070007324219,484.130004882812,484.130004882812,54580000
2017-01-17,482.339996337891,484.059997558594,480.529998779297,481.769989013672,481.769989013672,68293200
2017-01-18,484.730010986328,485.440002441406,481.869995117188,484.75,484.75,80006700
2017-01-19,486.570007324219,486.589996337891,482.690002441406,484.640014648438,484.640014648438,81100700
2017-01-20,484.559997558594,487.959991455078,483.380004882812,485.980010986328,485.980010986328,98200700
2017-01-23,483.890014648438,485.450012207031,481.299987792969,482.709991455078,482.709991455078,71580100
2017-01-24,482.940002441406,483.929992675781,482.059997558594,483.049987792969,483.049987792969,90070300
2017-01-25,486.359985351562,489.079986572266,485.649993896484,488.029998779297,488.029998779297,103752800
2017-01-26,488.290008544922,488.649993896484,485.179992675781,486.450012207031,486.450012207031,95245700
2017-01-27,486.390014648438,486.600006103516,484.429992675781,485.869995117188,485.869995117188,73622900
2017-01-30,484.420013427734,485.420013427734,478.119995117188,479.529998779297,479.529998779297,81036900
2017-01-31,479.970001220703,482.850006103516,476.709991455078,476.709991455078,476.709991455078,92991700
2017-02-01,480.190002441406,482.5,479.380004882812,479.649993896484,479.649993896484,104200600
2017-02-02,480.230010986328,484.230010986328,479.579986572266,482.190002441406,482.190002441406,117018500
2017-02-03,483.380004882812,487.260009765625,482.359985351562,485.920013427734,485.920013427734,99132500
2017-02-06,486.579986572266,487.299987792969,481.950012207031,482.079986572266,482.079986572266,75567300
2017-02-07,481.700012207031,485.989990234375,481.700012207031,484.279998779297,484.279998779297,71267700
2017-02-08,485.859985351562,485.859985351562,480.230010986328,483.510009765625,483.510009765625,95516000
2017-02-09,484.619995117188,489.119995117188,484.570007324219,488.5,488.5,102501500
2017-02-10,490.670013427734,490.859985351562,487.929992675781,489.559997558594,489.559997558594,121559500
2017-02-13,491.309997558594,495.179992675781,490.989990234375,494.049987792969,494.049987792969,93197100
2017-02-14,494.739990234375,495.040008544922,493.290008544922,494.619995117188,494.619995117188,79075300
2017-02-15,496.459991455078,497.140014648438,494.609985351562,496.660003662109,496.660003662109,89396900
2017-02-16,494.820007324219,495.839996337891,492.929992675781,493.980010986328,493.980010986328,90426300
2017-02-17,493.119995117188,499.079986572266,489.799987792969,499.079986572266,499.079986572266,144244800
2017-02-20,496.670013427734,497.290008544922,494.220001220703,495.660003662109,495.660003662109,71717300
2017-02-21,495.220001220703,499.130004882812,494.519989013672,498.570007324219,498.570007324219,78480000
2017-02-22,499.609985351562,500.940002441406,496.940002441406,499.109985351562,499.109985351562,97884700
2017-02-23,498.920013427734,500.579986572266,497.059997558594,497.630004882812,497.630004882812,94218800
2017-02-24,497.290008544922,497.619995117188,491.190002441406,494.899993896484,494.899993896484,116904000
2017-02-27,496.600006103516,497.25,494.059997558594,494.809997558594,494.809997558594,75699900
2017-02-28,496.230010986328,496.570007324219,491.869995117188,495.350006103516,495.350006103516,91261700
2017-03-01,499.140014648438,505.5,498.940002441406,505.040008544922,505.040008544922,107669500
2017-03-02,505.369995117188,505.369995117188,502.440002441406,503.790008544922,503.790008544922,88016100
2017-03-03,502.350006103516,506.040008544922,501.980010986328,505.859985351562,505.859985351562,111904200
2017-03-06,503.809997558594,503.970001220703,501.459991455078,503.649993896484,503.649993896484,69512100
2017-03-07,503.899993896484,504.959991455078,502.350006103516,502.950012207031,502.950012207031,64972200
2017-03-08,502.339996337891,503.75,501,502.799987792969,502.799987792969,83962000
2017-03-09,504.529998779297,508.190002441406,503.929992675781,507.739990234375,507.739990234375,126488200
2017-03-10,510.170013427734,514.039978027344,509.450012207031,511.140014648438,511.140014648438,109882100
2017-03-13,511.619995117188,513.090026855469,510.630004882812,511.899993896484,511.899993896484,77613400
2017-03-14,512.349975585938,512.349975585938,508.670013427734,510.059997558594,510.059997558594,91845500
2017-03-15,511.489990234375,513.25,511.109985351562,511.660003662109,511.660003662109,84935300
2017-03-16,516.109985351562,516.109985351562,513.27001953125,514.530029296875,514.530029296875,111944100
2017-03-17,513.369995117188,516.900024414062,512.969970703125,516.239990234375,516.239990234375,137061100
2017-03-20,514.760009765625,516.539978027344,514.619995117188,515.090026855469,515.090026855469,62902400
2017-03-21,517.150024414062,518.880004882812,512.429992675781,513.590026855469,513.590026855469,94881400
2017-03-22,510.809997558594,511.200012207031,506.390014648438,509.519989013672,509.519989013672,132643200
2017-03-23,509.570007324219,512.97998046875,508.130004882812,512.619995117188,512.619995117188,96454700
2017-03-24,512.5,512.799987792969,510.410003662109,511.529998779297,511.529998779297,92914200
2017-03-27,506.649993896484,509.559997558594,506.230010986328,509.320007324219,509.320007324219,101552400
2017-03-28,510.899993896484,512.150024414062,508.890014648438,512.150024414062,512.150024414062,73286300
2017-03-29,513.820007324219,514.700012207031,511.670013427734,513.580017089844,513.580017089844,86785800
2017-03-30,513.710021972656,515.72998046875,513.090026855469,515.72998046875,515.72998046875,74519100
2017-03-31,514.599975585938,516.539978027344,513.760009765625,516.539978027344,516.539978027344,94663200
2017-04-03,517.52001953125,518.320007324219,513.25,513.450012207031,513.450012207031,83883400
2017-04-04,513.460021972656,514.380004882812,512.119995117188,514.049987792969,514.049987792969,77869700
2017-04-05,515.070007324219,517.369995117188,514.559997558594,514.890014648438,514.890014648438,84498700
2017-04-06,511.480010986328,516.559997558594,510.859985351562,516.299987792969,516.299987792969,84187900
2017-04-07,515.580017089844,518.700012207031,514.219970703125,518.700012207031,518.700012207031,87415800
2017-04-10,519.510009765625,519.760009765625,516.97998046875,519.159973144531,519.159973144531,66119400
2017-04-11,517.599975585938,520.309997558594,515.710021972656,518.400024414062,518.400024414062,91743300
2017-04-12,519.340026855469,521.47998046875,517.52001953125,517.809997558594,517.809997558594,97885600
2017-04-13,516.330017089844,516.880004882812,514.710021972656,515.77001953125,515.77001953125,75051800
2017-04-18,515.549987792969,516.090026855469,509.519989013672,509.730010986328,509.730010986328,125086000
2017-04-19,511.399993896484,514.390014648438,509.760009765625,511.279998779297,511.279998779297,122048700
2017-04-20,510.170013427734,513.989990234375,509.399993896484,511.720001220703,511.720001220703,99882800
2017-04-21,512.700012207031,513.619995117188,510.130004882812,512.190002441406,512.190002441406,131561300
2017-04-24,522.210021972656,525.02001953125,520.989990234375,523.72998046875,523.72998046875,169061000
2017-04-25,525.609985351562,526.25,523.52001953125,524.049987792969,524.049987792969,112972100
2017-04-26,523.880004882812,524.919982910156,522.539978027344,524.460021972656,524.460021972656,121254800
2017-04-27,522.409973144531,522.469970703125,520.969970703125,521.890014648438,521.890014648438,107925600
2017-04-28,520.559997558594,522.190002441406,520.080017089844,521.130004882812,521.130004882812,125508000
2017-05-02,522.400024414062,525.820007324219,521.789978027344,525.47998046875,525.47998046875,106867800
2017-05-03,524.609985351562,525.200012207031,523.859985351562,525.200012207031,525.200012207031,86823500
2017-05-04,527.530029296875,528.760009765625,525.77001953125,528.440002441406,528.440002441406,127029600
2017-05-05,527,533.27001953125,526.619995117188,533.27001953125,533.27001953125,121041100
2017-05-08,534.080017089844,535.049987792969,531.789978027344,534.309997558594,534.309997558594,113304500
2017-05-09,535.320007324219,537.840026855469,535.320007324219,536.260009765625,536.260009765625,100627900
2017-05-10,535.27001953125,535.859985351562,534.179992675781,535.659973144531,535.659973144531,114814000
2017-05-11,536.780029296875,537.22998046875,532.5,534.239990234375,534.239990234375,152812400
2017-05-12,534.640014648438,534.869995117188,533.130004882812,534.710021972656,534.710021972656,179749000
2017-05-15,535.349975585938,536.119995117188,533.919982910156,535.409973144531,535.409973144531,106337500
2017-05-16,535.179992675781,536.340026855469,534.109985351562,535.760009765625,535.760009765625,96988000
2017-05-17,532.809997558594,535.130004882812,527.640014648438,529.059997558594,529.059997558594,127457500
2017-05-18,527.070007324219,527.570007324219,519.47998046875,524.52001953125,524.52001953125,132147600
2017-05-19,525.900024414062,527.47998046875,524.469970703125,526.919982910156,526.919982910156,91590000
2017-05-22,528.489990234375,528.890014648438,526.890014648438,527.849975585938,527.849975585938,103453300
2017-05-23,526.630004882812,529.450012207031,525.869995117188,528.169982910156,528.169982910156,83782400
2017-05-24,528.039978027344,529.039978027344,527.109985351562,527.869995117188,527.869995117188,67638500
2017-05-25,528.880004882812,529.280029296875,525.090026855469,527.460021972656,527.460021972656,64690000
2017-05-26,526.739990234375,528.210021972656,525,528.030029296875,528.030029296875,75187400
2017-05-29,526.989990234375,527.780029296875,526.369995117188,527.72998046875,527.72998046875,35196700
2017-05-30,525.549987792969,527.369995117188,524.119995117188,525.710021972656,525.710021972656,73178100
2017-05-31,525.599975585938,527.619995117188,524.070007324219,524.070007324219,524.070007324219,115300600
2017-06-01,524.109985351562,527.960021972656,523.460021972656,527.030029296875,527.030029296875,90157300
2017-06-02,529.619995117188,531.609985351562,525.919982910156,526.739990234375,526.739990234375,93145000
2017-06-05,526.429992675781,526.650024414062,523.789978027344,524.440002441406,524.440002441406,50127100
2017-06-06,523.059997558594,523.530029296875,520.969970703125,521.710021972656,521.710021972656,72744300
2017-06-07,521.710021972656,527.380004882812,520.590026855469,523.099975585938,523.099975585938,78064100
2017-06-08,523.570007324219,525.890014648438,523.219970703125,523.549987792969,523.549987792969,81393000
2017-06-09,524.559997558594,527.820007324219,523.489990234375,527.299987792969,527.299987792969,82909100
2017-06-12,525.210021972656,525.400024414062,521.429992675781,521.890014648438,521.890014648438,81111200
2017-06-13,523.380004882812,524.380004882812,522.200012207031,523.390014648438,523.390014648438,69378300
2017-06-14,524.840026855469,528.059997558594,521.710021972656,521.710021972656,521.710021972656,104974600
2017-06-15,521.070007324219,521.169982910156,515.840026855469,518.75,518.75,116949800
2017-06-16,520.200012207031,522,518.280029296875,520.669982910156,520.669982910156,163019900
2017-06-19,524.650024414062,527.419982910156,524.590026855469,525.869995117188,525.869995117188,93655400
2017-06-20,528.049987792969,528.539978027344,520.880004882812,520.880004882812,520.880004882812,90467100
2017-06-21,519.599975585938,520.940002441406,515.330017089844,520.47998046875,520.47998046875,90644200
2017-06-22,519.200012207031,519.419982910156,516.239990234375,519.390014648438,519.390014648438,91882700
2017-06-23,518.320007324219,519.619995117188,516.099975585938,519.5,519.5,98274300
2017-06-26,521.760009765625,524.169982910156,520.590026855469,520.619995117188,520.619995117188,78243700
2017-06-27,520.349975585938,521.5,516.929992675781,518.72998046875,518.72998046875,100124000
2017-06-28,515,518.210021972656,512.099975585938,516.390014648438,516.390014648438,179424100
2017-06-29,518.5,519.330017089844,507.519989013672,508.529998779297,508.529998779297,133065600
2017-06-30,508.720001220703,512.340026855469,506.910003662109,507.149993896484,507.149993896484,106757800
2017-07-03,509.540008544922,513.77001953125,509.540008544922,513.119995117188,513.119995117188,82229400
2017-07-04,511.059997558594,513.700012207031,510.429992675781,511.730010986328,511.730010986328,61284900
2017-07-05,511.940002441406,512.739990234375,510.109985351562,511.350006103516,511.350006103516,77053200
2017-07-06,511.579986572266,511.839996337891,506.269989013672,509.940002441406,509.940002441406,94257500
2017-07-07,509.519989013672,509.920013427734,508.059997558594,509.920013427734,509.920013427734,80367600
2017-07-10,512.200012207031,513.059997558594,510.799987792969,512.049987792969,512.049987792969,62345800
2017-07-11,512.75,513.590026855469,510.350006103516,510.989990234375,510.989990234375,69829000
2017-07-12,512.380004882812,518.320007324219,512.080017089844,516.590026855469,516.590026855469,84684400
2017-07-13,517.880004882812,519.739990234375,516.840026855469,519.109985351562,519.109985351562,80847900
2017-07-14,519.450012207031,521.260009765625,518.440002441406,521.070007324219,521.070007324219,66529500
2017-07-17,522.799987792969,523.330017089844,520.719970703125,521.5,521.5,60424400
2017-07-18,520.799987792969,521.890014648438,517.330017089844,518.169982910156,518.169982910156,80161900
2017-07-19,522.440002441406,524.419982910156,520.440002441406,524.25,524.25,75246600
2017-07-20,526.669982910156,529.830017089844,524.710021972656,526.289978027344,526.289978027344,96065600
2017-07-21,525.580017089844,527.159973144531,521,522.219970703125,522.219970703125,107167800
2017-07-24,522.599975585938,523.140014648438,519.320007324219,521.650024414062,521.650024414062,89969700
2017-07-25,522.140014648438,526.559997558594,522.140014648438,524.690002441406,524.690002441406,95986700
2017-07-26,525.330017089844,528.309997558594,524.650024414062,527.719970703125,527.719970703125,95121700
2017-07-27,526.799987792969,530.659973144531,526.349975585938,530.349975585938,530.349975585938,95836400
2017-07-28,527.640014648438,527.640014648438,524.159973144531,525.530029296875,525.530029296875,94908900
2017-07-31,525.590026855469,527.849975585938,525.02001953125,525.440002441406,525.440002441406,83170400
2017-08-01,528.75,529.099975585938,524.929992675781,527.47998046875,527.47998046875,77849600
2017-08-02,528.679992675781,528.679992675781,524.239990234375,525.299987792969,525.299987792969,88990400
2017-08-03,523.599975585938,526.539978027344,521.840026855469,525.570007324219,525.570007324219,76540900
2017-08-04,523.77001953125,529.890014648438,523.450012207031,529.090026855469,529.090026855469,76854100
2017-08-07,530.059997558594,531.409973144531,529.309997558594,531.409973144531,531.409973144531,65443600
2017-08-08,531.650024414062,533.179992675781,530.320007324219,532.679992675781,532.679992675781,72398400
2017-08-09,530.510009765625,531.109985351562,527.320007324219,528.210021972656,528.210021972656,92867800
2017-08-10,527.210021972656,527.409973144531,522.570007324219,523.630004882812,523.630004882812,114159500
2017-08-11,520.049987792969,520.049987792969,516.109985351562,516.969970703125,516.969970703125,100666500
2017-08-14,519.929992675781,522.010009765625,518.820007324219,521.099975585938,521.099975585938,58976100
2017-08-15,522.469970703125,523.380004882812,521.010009765625,522.669982910156,522.669982910156,53647000
2017-08-16,524.330017089844,526.809997558594,524.080017089844,525.890014648438,525.890014648438,64931200
2017-08-17,524.909973144531,526.090026855469,523.140014648438,523.710021972656,523.710021972656,68657700
2017-08-18,519.830017089844,519.859985351562,517.299987792969,519.640014648438,519.640014648438,80755400
2017-08-21,518.070007324219,519.22998046875,515.460021972656,516.710021972656,516.710021972656,64894800
2017-08-22,518.969970703125,521.919982910156,518.969970703125,521.869995117188,521.869995117188,57810700
2017-08-23,521.320007324219,522.719970703125,518.309997558594,519.359985351562,519.359985351562,59376900
2017-08-24,520.390014648438,520.950012207031,519.099975585938,519.099975585938,519.099975585938,56040200
2017-08-25,518.719970703125,520.02001953125,517.369995117188,517.419982910156,517.419982910156,68905300
2017-08-28,515.130004882812,516.630004882812,512.679992675781,514.760009765625,514.760009765625,48177200
2017-08-29,510.119995117188,510.570007324219,505.920013427734,510.029998779297,510.029998779297,89804900
2017-08-30,513.340026855469,514.02001953125,511.290008544922,513.010009765625,513.010009765625,61884000
2017-08-31,515.549987792969,517.380004882812,514.299987792969,516.039978027344,516.039978027344,86130000
2017-09-01,518.159973144531,519.02001953125,517.109985351562,518.179992675781,518.179992675781,62715500
2017-09-04,515.010009765625,517.809997558594,515.010009765625,516.27001953125,516.27001953125,47836800
2017-09-05,517.390014648438,518.900024414062,514.77001953125,515.460021972656,515.460021972656,68417700
2017-09-06,513.900024414062,517.119995117188,512.820007324219,516.469970703125,516.469970703125,70558800
2017-09-07,517.77001953125,520.039978027344,515.940002441406,518.830017089844,518.830017089844,75690100
2017-09-08,517.010009765625,519.510009765625,516.820007324219,518.820007324219,518.820007324219,70863800
2017-09-11,521.599975585938,524.030029296875,521.599975585938,523.960021972656,523.960021972656,72439300
2017-09-12,525.919982910156,527.380004882812,525.179992675781,526.580017089844,526.580017089844,81333000
2017-09-13,525.739990234375,529.760009765625,525.739990234375,528.690002441406,528.690002441406,74339000
2017-09-14,527.859985351562,530.130004882812,527.690002441406,529.340026855469,529.340026855469,84424700
2017-09-15,528.330017089844,529,526.109985351562,526.780029296875,526.780029296875,147192000
2017-09-18,529.109985351562,530.049987792969,528.200012207031,529.309997558594,529.309997558594,57861500
2017-09-19,528.380004882812,529.320007324219,528.030029296875,528.659973144531,528.659973144531,63873200
2017-09-20,528.349975585938,529.239990234375,527.880004882812,528.659973144531,528.659973144531,62252500
2017-09-21,530.010009765625,530.75,528.090026855469,528.469970703125,528.469970703125,93102800
2017-09-22,527.030029296875,529.280029296875,526.849975585938,528.030029296875,528.030029296875,81457200
2017-09-25,527.169982910156,529.75,526.890014648438,527.780029296875,527.780029296875,70998100
2017-09-26,527.159973144531,529.650024414062,527.130004882812,528.5,528.5,73973900
2017-09-27,529.539978027344,531.880004882812,529.390014648438,531.090026855469,531.090026855469,90749400
2017-09-28,531.909973144531,533.390014648438,531.369995117188,533.390014648438,533.390014648438,77313800
2017-09-29,534.390014648438,537.059997558594,534.25,537.059997558594,537.059997558594,89531100
2017-10-02,538.570007324219,541.260009765625,537.789978027344,541.039978027344,541.039978027344,73686300
2017-10-03,541.989990234375,542.25,540.859985351562,542.25,542.25,61540000
2017-10-04,542.510009765625,542.510009765625,540.280029296875,541.650024414062,541.650024414062,80587500
2017-10-05,541.109985351562,542.880004882812,540.989990234375,542.880004882812,542.880004882812,80950800
2017-10-06,542.380004882812,542.380004882812,539.260009765625,539.900024414062,539.900024414062,82337000
2017-10-09,540.700012207031,542.739990234375,540.320007324219,541.190002441406,541.190002441406,57109500
2017-10-10,540.440002441406,542.169982910156,540.219970703125,541.140014648438,541.140014648438,64439400
2017-10-11,541.739990234375,541.799987792969,539.72998046875,541.760009765625,541.760009765625,75244400
2017-10-12,541.690002441406,543.02001953125,541.179992675781,542.840026855469,542.840026855469,62312300
2017-10-13,544,547.150024414062,543.849975585938,546.210021972656,546.210021972656,80162200
2017-10-16,547.429992675781,547.789978027344,546.669982910156,546.669982910156,546.669982910156,60898000
2017-10-17,547.049987792969,547.780029296875,546.190002441406,546.619995117188,546.619995117188,62571900
2017-10-18,546.809997558594,549.450012207031,546.200012207031,547.679992675781,547.679992675781,62008000
2017-10-19,545.869995117188,546.580017089844,541.659973144531,544.559997558594,544.559997558594,88039700
2017-10-20,545.950012207031,546.450012207031,543.820007324219,544.630004882812,544.630004882812,94878300
2017-10-23,545.299987792969,547.359985351562,543.75,545.960021972656,545.960021972656,72109900
2017-10-24,544.849975585938,546.710021972656,543.669982910156,543.669982910156,543.669982910156,81653800
2017-10-25,543.280029296875,545.25,540.369995117188,541.27001953125,541.27001953125,79260700
2017-10-26,541.590026855469,548.190002441406,541.590026855469,547.669982910156,547.669982910156,88329100
2017-10-27,549.320007324219,551.289978027344,548.039978027344,549.440002441406,549.440002441406,98067700
2017-10-30,549.159973144531,550.059997558594,548.5,549.460021972656,549.460021972656,69657300
2017-10-31,550.359985351562,553.919982910156,550.140014648438,553.380004882812,553.380004882812,72018300
2017-11-01,555.710021972656,557.349975585938,554.489990234375,554.489990234375,554.489990234375,86901600
2017-11-02,554.52001953125,555.469970703125,551.140014648438,553.830017089844,553.830017089844,89195400
2017-11-03,554.960021972656,555.469970703125,553.320007324219,555.150024414062,555.150024414062,97291400
2017-11-06,554.5,556.169982910156,553.549987792969,555.219970703125,555.219970703125,87152600
2017-11-07,557.289978027344,557.429992675781,553.640014648438,553.799987792969,553.799987792969,81476000
2017-11-08,555.179992675781,555.890014648438,553.640014648438,554.77001953125,554.77001953125,105570400
2017-11-09,554.559997558594,555.609985351562,550,550.369995117188,550.369995117188,136889000
2017-11-10,549.659973144531,551.099975585938,547.22998046875,547.320007324219,547.320007324219,102601500
2017-11-13,548.349975585938,548.77001953125,543.099975585938,545.429992675781,545.429992675781,87630900
2017-11-14,545.940002441406,546.599975585938,540.059997558594,541.72998046875,541.72998046875,108893500
2017-11-15,538.650024414062,539.659973144531,535.440002441406,538.489990234375,538.489990234375,118618800
2017-11-16,540.030029296875,540.489990234375,538.179992675781,539.190002441406,539.190002441406,82280800
2017-11-17,539.719970703125,539.869995117188,534.619995117188,536.619995117188,536.619995117188,107676600
2017-11-20,535.630004882812,540.909973144531,535.52001953125,539.710021972656,539.710021972656,84002700
2017-11-21,539.5,543.200012207031,538.75,541.820007324219,541.820007324219,94380500
2017-11-22,542.159973144531,544.429992675781,540.02001953125,540.02001953125,540.02001953125,90004100
2017-11-23,538.599975585938,542.390014648438,537.760009765625,541.349975585938,541.349975585938,60967900
2017-11-24,541.609985351562,543.530029296875,540.630004882812,540.630004882812,540.630004882812,63701500
2017-11-27,539.840026855469,542.950012207031,538.049987792969,538.090026855469,538.090026855469,73560000
2017-11-28,539.400024414062,544.97998046875,539.039978027344,543.590026855469,543.590026855469,88117100
2017-11-29,546.130004882812,546.599975585938,540.179992675781,541.419982910156,541.419982910156,93476400
2017-11-30,541.109985351562,545.02001953125,540.109985351562,540.109985351562,540.109985351562,146095800
2017-12-01,540.950012207031,541.400024414062,535.289978027344,535.570007324219,535.570007324219,105504300
2017-12-04,541.989990234375,543.549987792969,539.820007324219,541.539978027344,541.539978027344,94822000
2017-12-05,542.510009765625,543.880004882812,540.190002441406,543.080017089844,543.080017089844,91373700
2017-12-06,539.150024414062,543.75,538.299987792969,542.77001953125,542.77001953125,84359700
2017-12-07,543.650024414062,544.669982910156,542.080017089844,544.510009765625,544.510009765625,113067600
2017-12-08,547.299987792969,548.900024414062,546.359985351562,547.219970703125,547.219970703125,109184800
2017-12-11,548.809997558594,548.919982910156,547.200012207031,548.409973144531,548.409973144531,90420600
2017-12-12,550.090026855469,552.869995117188,548.960021972656,552.869995117188,552.869995117188,112950800
2017-12-13,551.650024414062,552.849975585938,550.559997558594,550.559997558594,550.559997558594,97610200
2017-12-14,550.159973144531,550.599975585938,547.469970703125,547.469970703125,547.469970703125,85986200
2017-12-15,546.609985351562,548.669982910156,545.650024414062,548.669982910156,548.669982910156,140605300
2017-12-18,551.570007324219,553.650024414062,551.150024414062,553.289978027344,553.289978027344,79307000
2017-12-19,553.840026855469,555.119995117188,551.909973144531,552.030029296875,552.030029296875,66861000
2017-12-20,552.210021972656,552.260009765625,545.190002441406,547.380004882812,547.380004882812,73627200
2017-12-21,546.27001953125,549.719970703125,544.080017089844,549.390014648438,549.390014648438,70545600
2017-12-22,548.330017089844,549.179992675781,546.890014648438,548.47998046875,548.47998046875,45269700
2017-12-27,548.510009765625,549.859985351562,546.440002441406,548.599975585938,548.599975585938,41838900
2017-12-28,548.349975585938,548.940002441406,546.469970703125,547.059997558594,547.059997558594,39861100
2017-12-29,546.200012207031,547.719970703125,544.039978027344,544.580017089844,544.580017089844,45533300
2018-01-02,545.239990234375,545.380004882812,540.340026855469,544.789978027344,544.789978027344,64576900
2018-01-03,546.460021972656,551.02001953125,546.099975585938,549.340026855469,549.340026855469,93687300
2018-01-04,551.369995117188,555,550.909973144531,554.059997558594,554.059997558594,94628400
2018-01-05,554.590026855469,558.159973144531,554.169982910156,558.159973144531,558.159973144531,76775500
2018-01-08,559.820007324219,561.320007324219,559.530029296875,560.890014648438,560.890014648438,66889500
2018-01-09,562.239990234375,563.309997558594,561.239990234375,563.039978027344,563.039978027344,104849200
2018-01-10,562.169982910156,563.299987792969,559.159973144531,560.440002441406,560.440002441406,110080700
2018-01-11,561.330017089844,561.330017089844,557.830017089844,558.890014648438,558.890014648438,100225100
2018-01-12,559.989990234375,561.099975585938,557.929992675781,561.099975585938,561.099975585938,84925800
2018-01-15,561.5,562.22998046875,559.859985351562,561.059997558594,561.059997558594,55010800
2018-01-16,561.700012207031,562.700012207031,560.260009765625,561.179992675781,561.179992675781,72831800
2018-01-17,561.719970703125,564.090026855469,561.330017089844,563.280029296875,563.280029296875,85777000
2018-01-18,565.880004882812,566.489990234375,564.150024414062,566.489990234375,566.489990234375,87099200
2018-01-19,565.669982910156,570.27001953125,565.539978027344,569.299987792969,569.299987792969,82275600
2018-01-22,569.080017089844,570.900024414062,568.859985351562,570.820007324219,570.820007324219,74479900
2018-01-23,572.75,572.809997558594,569.260009765625,570.599975585938,570.599975585938,90079800
2018-01-24,570.039978027344,570.440002441406,566.039978027344,566.039978027344,566.039978027344,77752000
2018-01-25,564.799987792969,569.210021972656,563.349975585938,565.070007324219,565.070007324219,82339700
2018-01-26,565,567.700012207031,564.400024414062,566.789978027344,566.789978027344,59366000
2018-01-29,567.580017089844,567.580017089844,565.080017089844,566.059997558594,566.059997558594,66977800
2018-01-30,563.22998046875,564.760009765625,559.880004882812,561,561,91545100
2018-01-31,560.429992675781,562.080017089844,559.150024414062,560.52001953125,560.52001953125,105548900
2018-02-01,563.02001953125,563.539978027344,555.840026855469,556.869995117188,556.869995117188,99998800
2018-02-02,555.700012207031,555.700012207031,549.950012207031,550.080017089844,550.080017089844,88861000
2018-02-05,544.070007324219,545.159973144531,540.77001953125,542.650024414062,542.650024414062,96139500
2018-02-06,523.190002441406,533.599975585938,522.200012207031,526.179992675781,526.179992675781,184754700
2018-02-07,533.72998046875,537.719970703125,529.52001953125,536.359985351562,536.359985351562,123695600
2018-02-08,532.940002441406,533.869995117188,524.210021972656,526.119995117188,526.119995117188,113282100
2018-02-09,522.969970703125,525.400024414062,515.960021972656,518.330017089844,518.330017089844,134030200
2018-02-12,524.299987792969,526.570007324219,521.609985351562,524.099975585938,524.099975585938,91581600
2018-02-13,524.780029296875,525.27001953125,520.570007324219,520.570007324219,520.570007324219,76844100
2018-02-14,523.97998046875,527.47998046875,518.049987792969,525.640014648438,525.640014648438,99078300
2018-02-15,528.059997558594,529.429992675781,525.580017089844,527.570007324219,527.570007324219,99601600
2018-02-16,530.719970703125,533,529.960021972656,532.27001953125,532.27001953125,86716700
2018-02-19,533.789978027344,533.789978027344,527.849975585938,528.760009765625,528.760009765625,50483000
2018-02-20,528.679992675781,533.330017089844,528.02001953125,532.929992675781,532.929992675781,70868200
2018-02-21,531.460021972656,534.469970703125,529.539978027344,533.950012207031,533.950012207031,72675200
2018-02-22,530.109985351562,533.510009765625,528.369995117188,532.640014648438,532.640014648438,77882200
2018-02-23,533.679992675781,534.580017089844,531.22998046875,534.090026855469,534.090026855469,55857500
2018-02-26,536.880004882812,540.179992675781,536.640014648438,538.309997558594,538.309997558594,61694300
2018-02-27,540.359985351562,540.650024414062,536.570007324219,537.830017089844,537.830017089844,75948900
2018-02-28,535.690002441406,539.080017089844,535.239990234375,535.580017089844,535.580017089844,88015800
2018-03-01,533.049987792969,533.380004882812,527.099975585938,529.590026855469,529.590026855469,91367500
2018-03-02,524.780029296875,525.609985351562,517.27001953125,518.719970703125,518.719970703125,109443800
2018-03-05,517.789978027344,527.320007324219,517.789978027344,526.510009765625,526.510009765625,82547100
2018-03-06,530.919982910156,531.070007324219,528.330017089844,528.359985351562,528.359985351562,77067600
2018-03-07,526.02001953125,531.22998046875,524.830017089844,530.710021972656,530.710021972656,77504400
2018-03-08,531.330017089844,536.559997558594,530.440002441406,535.219970703125,535.219970703125,89530700
2018-03-09,534.869995117188,537.909973144531,534.320007324219,537.140014648438,537.140014648438,70382500
2018-03-12,539.72998046875,539.75,536.25,538.429992675781,538.429992675781,60211000
2018-03-13,538.530029296875,539.530029296875,530.52001953125,532.52001953125,532.52001953125,81458300
2018-03-14,531.22998046875,534.640014648438,529.890014648438,530.969970703125,530.969970703125,81665000
2018-03-15,532.929992675781,534.289978027344,530.77001953125,533.299987792969,533.299987792969,78266700
2018-03-16,533.530029296875,537.820007324219,533.359985351562,536.919982910156,536.919982910156,186242000
2018-03-19,536.289978027344,536.760009765625,530.309997558594,531.52001953125,531.52001953125,75853600
2018-03-20,532.450012207031,536.109985351562,530.789978027344,535.450012207031,535.450012207031,75764500
2018-03-21,535.460021972656,536.570007324219,533.219970703125,536.47998046875,536.47998046875,76075800
2018-03-22,532.809997558594,536.049987792969,524.570007324219,528.369995117188,528.369995117188,105186400
2018-03-23,523.669982910156,525.239990234375,517.880004882812,521.450012207031,521.450012207031,100545100
2018-03-26,522.679992675781,524.799987792969,516.580017089844,518.75,518.75,79409100
2018-03-27,527.159973144531,528.140014648438,524.909973144531,525.760009765625,525.760009765625,85944300
2018-03-28,521.039978027344,527.099975585938,517.700012207031,527,527,101434200
2018-03-29,528.130004882812,532.219970703125,526.22998046875,529.52001953125,529.52001953125,80966900
2018-04-03,525.320007324219,530.400024414062,524.289978027344,528.47998046875,528.47998046875,78799800
2018-04-04,528.960021972656,529.390014648438,521.679992675781,526.190002441406,526.190002441406,88481800
2018-04-05,534.450012207031,541.099975585938,533.640014648438,540.489990234375,540.489990234375,96726600
2018-04-06,538.109985351562,541.140014648438,537.599975585938,539.289978027344,539.289978027344,80339000
2018-04-09,540.390014648438,541.650024414062,537.530029296875,539.900024414062,539.900024414062,65370100
2018-04-10,543.109985351562,545.570007324219,541.390014648438,545.25,545.25,86666300
2018-04-11,544.190002441406,545.530029296875,542.159973144531,544.5,544.5,78454600
2018-04-12,545.099975585938,548.75,544.559997558594,547.900024414062,547.900024414062,91060600
2018-04-13,547.989990234375,549.070007324219,546.539978027344,548.049987792969,548.049987792969,75096800
2018-04-16,548.429992675781,549.02001953125,545.960021972656,546.619995117188,546.619995117188,70214700
2018-04-17,548.099975585938,552.330017089844,547.309997558594,551.320007324219,551.320007324219,76949000
2018-04-18,550.619995117188,553.830017089844,550.619995117188,553.349975585938,553.349975585938,92278100
2018-04-19,553.719970703125,553.830017089844,550.010009765625,551.309997558594,551.309997558594,76254500
2018-04-20,549.130004882812,552.039978027344,548.570007324219,550.380004882812,550.380004882812,91861000
2018-04-23,550.169982910156,554.330017089844,549.02001953125,554.25,554.25,76258000
2018-04-24,552.47998046875,556.510009765625,552.289978027344,556.440002441406,556.440002441406,80290700
2018-04-25,551.080017089844,553.570007324219,548.789978027344,551.72998046875,551.72998046875,89744300
2018-04-26,549.900024414062,554.760009765625,548.840026855469,554.409973144531,554.409973144531,107421800
2018-04-27,554.840026855469,556.150024414062,553.159973144531,554.940002441406,554.940002441406,79637400
2018-04-30,554.22998046875,555.890014648438,553.919982910156,555.72998046875,555.72998046875,77035600
2018-05-02,555.539978027344,557.690002441406,555.070007324219,555.859985351562,555.859985351562,95419100
2018-05-03,554.239990234375,555.299987792969,550.419982910156,551.72998046875,551.72998046875,85234500
2018-05-04,552.650024414062,555.760009765625,552.369995117188,555.700012207031,555.700012207031,78404100
2018-05-07,555.22998046875,557.969970703125,554.989990234375,557.859985351562,557.859985351562,42507100
2018-05-08,557.239990234375,559.739990234375,556.659973144531,558.510009765625,558.510009765625,82714600
2018-05-09,559.039978027344,561.510009765625,558.450012207031,561.510009765625,561.510009765625,107524700
2018-05-10,561.109985351562,563.119995117188,560.460021972656,562.179992675781,562.179992675781,73385500
2018-05-11,561.630004882812,562.940002441406,560.380004882812,562.27001953125,562.27001953125,82647300
2018-05-14,562.109985351562,563.570007324219,561.52001953125,563.52001953125,563.52001953125,72412400
2018-05-15,562.5,565.77001953125,561.989990234375,564.489990234375,564.489990234375,90357400
2018-05-16,562.989990234375,565.47998046875,562.989990234375,565.130004882812,565.130004882812,82183400
2018-05-17,565.140014648438,568.960021972656,564.950012207031,568.960021972656,568.960021972656,97186900
2018-05-18,567.710021972656,570.219970703125,565.099975585938,567.030029296875,567.030029296875,94962300
2018-05-21,568.22998046875,571.080017089844,568.059997558594,570.070007324219,570.070007324219,110470200
2018-05-22,569.799987792969,572.900024414062,569.130004882812,572.049987792969,572.049987792969,117381900
2018-05-23,569.950012207031,570.080017089844,563.299987792969,565.070007324219,565.070007324219,152487400
2018-05-24,565.489990234375,567.849975585938,560.47998046875,561.619995117188,561.619995117188,114082100
2018-05-25,564.320007324219,565.309997558594,559.960021972656,562.77001953125,562.77001953125,94095100
2018-05-28,564.840026855469,565.340026855469,558.119995117188,559.840026855469,559.840026855469,58581300
2018-05-29,556.809997558594,558.200012207031,550.380004882812,554.77001953125,554.77001953125,122380000
2018-05-30,554.880004882812,557.599975585938,553.200012207031,557.599975585938,557.599975585938,99352700
2018-05-31,558.820007324219,559.260009765625,552.359985351562,552.849975585938,552.849975585938,139165000
2018-06-01,556.52001953125,560.859985351562,556.429992675781,559.179992675781,559.179992675781,96199600
2018-06-04,562.210021972656,563.530029296875,560.820007324219,561.700012207031,561.700012207031,86140400
2018-06-05,561.369995117188,565.950012207031,560.909973144531,562.780029296875,562.780029296875,89414700
2018-06-06,563.239990234375,564.619995117188,558.260009765625,562.239990234375,562.239990234375,88079100
2018-06-07,565.22998046875,565.22998046875,559.960021972656,562.039978027344,562.039978027344,94237300
2018-06-08,558.039978027344,561.390014648438,555.77001953125,560.030029296875,560.030029296875,94424500
2018-06-11,562.289978027344,565.489990234375,561.700012207031,564.840026855469,564.840026855469,82924700
2018-06-12,567.059997558594,567.570007324219,562.380004882812,563.010009765625,563.010009765625,75803200
2018-06-13,563.5,566.380004882812,563.159973144531,563.950012207031,563.950012207031,89105800
2018-06-14,560.659973144531,568.510009765625,557.390014648438,567.530029296875,567.530029296875,109746100
2018-06-15,567.830017089844,569.159973144531,561.710021972656,561.710021972656,561.710021972656,176439300
2018-06-18,560.27001953125,561.429992675781,556.5,559.679992675781,559.679992675781,84663000
2018-06-19,553.119995117188,555.510009765625,551.719970703125,554.570007324219,554.570007324219,93717000
2018-06-20,557.460021972656,558.969970703125,554.969970703125,554.969970703125,554.969970703125,98581700
2018-06-21,556.820007324219,558.25,551.159973144531,552.599975585938,552.599975585938,96603700
2018-06-22,553.700012207031,560.340026855469,553.609985351562,560.340026855469,560.340026855469,87161000
2018-06-25,556.72998046875,558.200012207031,546.809997558594,546.809997558594,546.809997558594,61320100
2018-06-26,548.989990234375,550.570007324219,547.080017089844,547.27001953125,547.27001953125,74591700
2018-06-27,547.47998046875,554.919982910156,543.869995117188,552.190002441406,552.190002441406,90238400
2018-06-28,549.659973144531,552.409973144531,544.119995117188,547.47998046875,547.47998046875,80881000
2018-06-29,553.109985351562,554.960021972656,551.679992675781,551.679992675781,551.679992675781,95755500
2018-07-02,545.460021972656,548.859985351562,544.090026855469,546.510009765625,546.510009765625,76337200
2018-07-03,549.539978027344,551.659973144531,547.169982910156,550.059997558594,550.059997558594,69130300
2018-07-04,548.72998046875,550.359985351562,547.919982910156,549.219970703125,549.219970703125,61574700
2018-07-05,549.010009765625,556.210021972656,549.010009765625,552.440002441406,552.440002441406,83348400
2018-07-06,555.090026855469,555.309997558594,550.239990234375,553.619995117188,553.619995117188,81127100
2018-07-09,557,558.849975585938,556.27001953125,557.710021972656,557.710021972656,70117300
2018-07-10,559.030029296875,561.570007324219,558.219970703125,560.580017089844,560.580017089844,67612100
2018-07-11,556.539978027344,556.840026855469,553.25,553.25,553.25,79618800
2018-07-12,554.460021972656,557.039978027344,552.440002441406,557.02001953125,557.02001953125,66138400
2018-07-13,558.419982910156,560.799987792969,558.419982910156,560.119995117188,560.119995117188,56417600
2018-07-16,560.859985351562,561.400024414062,557.289978027344,558.349975585938,558.349975585938,55131100
2018-07-17,558.190002441406,559.960021972656,556.02001953125,559.190002441406,559.190002441406,69496800
2018-07-18,563.950012207031,568.830017089844,563.489990234375,568.190002441406,568.190002441406,75930900
2018-07-19,568.280029296875,570.710021972656,567.190002441406,570.210021972656,570.210021972656,77795500
2018-07-20,569.150024414062,573.010009765625,566.859985351562,572.200012207031,572.200012207031,101704900
2018-07-23,570.609985351562,572.190002441406,568.559997558594,570.47998046875,570.47998046875,61337100
2018-07-24,572.460021972656,575.669982910156,570.549987792969,573.619995117188,573.619995117188,84967900
2018-07-25,572.830017089844,574.159973144531,571.640014648438,572.900024414062,572.900024414062,72851100
2018-07-26,574.919982910156,575.650024414062,571.809997558594,573.659973144531,573.659973144531,108037900
2018-07-27,574.22998046875,576.900024414062,573.880004882812,576.239990234375,576.239990234375,81440000
2018-07-30,572.650024414062,574.969970703125,572.570007324219,573.190002441406,573.190002441406,68704400
2018-07-31,574.349975585938,575.679992675781,574.02001953125,574.25,574.25,87780200
2018-08-01,574.679992675781,575.489990234375,571.960021972656,572.880004882812,572.880004882812,86239800
2018-08-02,570.630004882812,572.539978027344,567.869995117188,569.950012207031,569.950012207031,142086600
2018-08-03,571.780029296875,573.340026855469,570.840026855469,572.289978027344,572.289978027344,78632400
2018-08-06,572.52001953125,573.609985351562,570.539978027344,572.559997558594,572.559997558594,58409000
2018-08-07,573.950012207031,575.450012207031,573.380004882812,573.909973144531,573.909973144531,69672500
2018-08-08,572.409973144531,575.090026855469,572.280029296875,573.700012207031,573.700012207031,69419400
2018-08-09,571.359985351562,573.010009765625,571.27001953125,572.219970703125,572.219970703125,63582100
2018-08-10,567.809997558594,568.739990234375,560.789978027344,562.97998046875,562.97998046875,99312200
2018-08-13,561.22998046875,562.690002441406,559.539978027344,561.190002441406,561.190002441406,75759700
2018-08-14,563.659973144531,565.010009765625,560.349975585938,561.47998046875,561.47998046875,65311600
2018-08-15,562.409973144531,562.429992675781,550.72998046875,552.700012207031,552.700012207031,83466500
2018-08-16,555.27001953125,557.059997558594,553.859985351562,556.380004882812,556.380004882812,75060200
2018-08-17,556.099975585938,556.130004882812,549.72998046875,552.950012207031,552.950012207031,78776600
2018-08-20,554.559997558594,557.460021972656,554.150024414062,556.049987792969,556.049987792969,65713300
2018-08-21,555.570007324219,558.380004882812,555.409973144531,557.200012207031,557.200012207031,61683300
2018-08-22,555.390014648438,560.390014648438,555.390014648438,559.200012207031,559.200012207031,78710900
2018-08-23,559.27001953125,561.630004882812,558.869995117188,558.909973144531,558.909973144531,60935100
2018-08-24,559.320007324219,561.52001953125,559.320007324219,560.289978027344,560.289978027344,61273200
2018-08-27,562,564.409973144531,561.309997558594,564.130004882812,564.130004882812,46429700
2018-08-28,565.239990234375,565.510009765625,563.030029296875,563.030029296875,563.030029296875,69253800
2018-08-29,564.400024414062,565.580017089844,561.969970703125,565.150024414062,565.150024414062,57073000
2018-08-30,564.539978027344,564.539978027344,561.090026855469,563.369995117188,563.369995117188,83565400
2018-08-31,561.950012207031,562.140014648438,557.929992675781,558.419982910156,558.419982910156,90427100
2018-09-03,558.5,560.460021972656,557.700012207031,559.780029296875,559.780029296875,47807900
2018-09-04,560.630004882812,561.609985351562,551.809997558594,553.409973144531,553.409973144531,87498100
2018-09-05,551.789978027344,552.349975585938,546.52001953125,546.909973144531,546.909973144531,94624000
2018-09-06,545.010009765625,546.260009765625,539.369995117188,539.369995117188,539.369995117188,89580700
2018-09-07,539.369995117188,539.369995117188,533.909973144531,538.510009765625,538.510009765625,149680700
2018-09-10,537.669982910156,541.369995117188,537.590026855469,539.799987792969,539.799987792969,79536600
2018-09-11,540.210021972656,540.280029296875,536.239990234375,539.789978027344,539.789978027344,93886900
2018-09-12,539.619995117188,543.359985351562,537.349975585938,540.27001953125,540.27001953125,89575700
2018-09-13,539.77001953125,542.150024414062,538.700012207031,539.52001953125,539.52001953125,86315800
2018-09-14,541.320007324219,542.510009765625,539.650024414062,540.530029296875,540.530029296875,88139100
2018-09-17,539.989990234375,542.599975585938,538.890014648438,540.849975585938,540.849975585938,76985200
2018-09-18,540.760009765625,543.460021972656,539.820007324219,543.059997558594,543.059997558594,85129000
2018-09-19,543.390014648438,544.710021972656,540.849975585938,543.070007324219,543.070007324219,97397600
2018-09-20,543.609985351562,548.219970703125,543.609985351562,547.450012207031,547.450012207031,112076500
2018-09-21,549.02001953125,550.97998046875,548.77001953125,549.789978027344,549.789978027344,163207400
2018-09-24,548.590026855469,550.390014648438,547.659973144531,548.429992675781,548.429992675781,78689400
2018-09-25,549.510009765625,553.320007324219,549.5,552.640014648438,552.640014648438,88733600
2018-09-26,552.989990234375,552.989990234375,550.200012207031,552.349975585938,552.349975585938,69893000
2018-09-27,550.510009765625,554.340026855469,549.52001953125,553.75,553.75,78815100
2018-09-28,552.150024414062,553.489990234375,546.52001953125,549.619995117188,549.619995117188,108735200
2018-10-01,550.080017089844,554.049987792969,549.97998046875,552.549987792969,552.549987792969,71272100
2018-10-02,549.960021972656,550.099975585938,546.140014648438,549.330017089844,549.330017089844,77396500
2018-10-03,551.219970703125,553.719970703125,549.919982910156,552.849975585938,552.849975585938,74898500
2018-10-04,552.049987792969,552.309997558594,543.380004882812,544.119995117188,544.119995117188,97496500
2018-10-05,544.27001953125,544.710021972656,538.960021972656,539.510009765625,539.510009765625,79580300
2018-10-08,538.090026855469,538.559997558594,532.619995117188,533.52001953125,533.52001953125,77396600
2018-10-09,534.909973144531,537.809997558594,530.669982910156,536.950012207031,536.950012207031,79234500
2018-10-10,537.25,537.369995117188,528.030029296875,528.030029296875,528.030029296875,113802000
2018-10-11,520.969970703125,524.830017089844,516.989990234375,517.890014648438,517.890014648438,135586300
2018-10-12,522.820007324219,522.869995117188,516.099975585938,516.289978027344,516.289978027344,105870300
2018-10-15,516.280029296875,519.119995117188,512.669982910156,518.359985351562,518.359985351562,82735600
2018-10-16,518.359985351562,526.659973144531,517.719970703125,526.179992675781,526.179992675781,95009600
2018-10-17,531.429992675781,533.429992675781,525.330017089844,527.580017089844,527.580017089844,99667100
2018-10-18,526.909973144531,529.119995117188,523.869995117188,523.869995117188,523.869995117188,97537900
2018-10-19,525.140014648438,527.859985351562,521.909973144531,525.169982910156,525.169982910156,114243800
2018-10-22,526.950012207031,527.489990234375,518.700012207031,519.080017089844,519.080017089844,83161300
2018-10-23,513.549987792969,514.419982910156,509.200012207031,510.859985351562,510.859985351562,110356600
2018-10-24,511.929992675781,515.52001953125,507.600006103516,507.799987792969,507.799987792969,105605000
2018-10-25,504.339996337891,513.640014648438,504.170013427734,513.159973144531,513.159973144531,106009200
2018-10-26,508.799987792969,509.089996337891,500.450012207031,507.519989013672,507.519989013672,108009600
2018-10-29,507.970001220703,514.210021972656,507.820007324219,509.399993896484,509.399993896484,70268600
2018-10-30,510.760009765625,512.320007324219,505.5,510.730010986328,510.730010986328,81777300
2018-10-31,516.190002441406,520.210021972656,516,518.710021972656,518.710021972656,103565300
2018-11-01,519.900024414062,523.080017089844,518.940002441406,520.799987792969,520.799987792969,111225100
2018-11-02,528.179992675781,528.450012207031,521.799987792969,521.799987792969,521.799987792969,98587700
2018-11-05,522.239990234375,524.760009765625,521.140014648438,521.940002441406,521.940002441406,68267300
2018-11-06,523.789978027344,523.840026855469,520.130004882812,522.309997558594,522.309997558594,72993100
2018-11-07,524.929992675781,529.719970703125,524.859985351562,528.570007324219,528.570007324219,95749300
2018-11-08,530.780029296875,531.609985351562,527.580017089844,528.47998046875,528.47998046875,70555400
2018-11-09,526.380004882812,530.049987792969,524.989990234375,529.549987792969,529.549987792969,72931100
2018-11-12,533.450012207031,534.210021972656,525.869995117188,526.099975585938,526.099975585938,63952400
2018-11-13,527.960021972656,530.049987792969,525.150024414062,529.609985351562,529.609985351562,75786400
2018-11-14,524.780029296875,530.820007324219,522.109985351562,527.140014648438,527.140014648438,82888900
2018-11-15,527.159973144531,528.650024414062,519.969970703125,524.890014648438,524.890014648438,92174500
2018-11-16,527.239990234375,528.590026855469,520.070007324219,522.429992675781,522.429992675781,98672900
2018-11-19,524.239990234375,526.320007324219,518.400024414062,518.900024414062,518.900024414062,65069800
2018-11-20,515.789978027344,516.239990234375,506.899993896484,510.480010986328,510.480010986328,100696600
2018-11-21,513.260009765625,517.840026855469,512.530029296875,517.340026855469,517.340026855469,84703900
2018-11-22,515.669982910156,516.299987792969,513.739990234375,514.099975585938,514.099975585938,93675200
2018-11-23,514.369995117188,515.619995117188,509.459991455078,513.849975585938,513.849975585938,79550300
2018-11-26,518.059997558594,520.429992675781,516.200012207031,518.909973144531,518.909973144531,115496700
2018-11-27,519.5,520.330017089844,516.090026855469,519.559997558594,519.559997558594,94370300
2018-11-28,521.950012207031,522.650024414062,518.429992675781,519.580017089844,519.580017089844,105367200
2018-11-29,523.570007324219,523.859985351562,518.159973144531,520.280029296875,520.280029296875,93258200
2018-11-30,520.380004882812,521.109985351562,516.849975585938,519.369995117188,519.369995117188,138740300
2018-12-03,529.739990234375,530.030029296875,523.47998046875,523.869995117188,523.869995117188,98319400
2018-12-04,523.840026855469,525.25,522.27001953125,523.22998046875,523.22998046875,90545600
2018-12-05,518.440002441406,518.700012207031,515.97998046875,516.039978027344,516.039978027344,70747700
2018-12-06,510.709991455078,511,496.640014648438,498.920013427734,498.920013427734,132747800
2018-12-07,502.480010986328,509.519989013672,502.160003662109,503.980010986328,503.980010986328,97541300
2018-12-10,500.75,502.529998779297,493.570007324219,495.309997558594,495.309997558594,105459500
2018-12-11,498.410003662109,505.220001220703,497.809997558594,501.010009765625,501.010009765625,93346200
2018-12-12,503.670013427734,511.839996337891,503.670013427734,509.720001220703,509.720001220703,93602600
2018-12-13,511.149993896484,511.519989013672,506.279998779297,508.269989013672,508.269989013672,95128800
2018-12-14,503.429992675781,508.190002441406,500.239990234375,506.529998779297,506.529998779297,81710100
2018-12-17,504.890014648438,504.890014648438,498.079986572266,500.079986572266,500.079986572266,79174200
2018-12-18,496.040008544922,497.480010986328,493.079986572266,494.450012207031,494.450012207031,107023800
2018-12-19,493.359985351562,497.059997558594,493.019989013672,495.989990234375,495.989990234375,85643400
2018-12-20,487.820007324219,489.559997558594,485.239990234375,485.970001220703,485.970001220703,122347100
2018-12-21,483.149993896484,484.809997558594,477.75,484.809997558594,484.809997558594,191512600
2018-12-24,480.25,483.630004882812,478.339996337891,478.339996337891,478.339996337891,27678900
2018-12-27,486.149993896484,486.269989013672,472.190002441406,476.029998779297,476.029998779297,94259800
2018-12-28,480.059997558594,485.940002441406,477.899993896484,484.170013427734,484.170013427734,73944600
2018-12-31,486.410003662109,488.369995117188,484.950012207031,487.880004882812,487.880004882812,24379200
2019-01-02,479.910003662109,488.369995117188,477.049987792969,486.570007324219,486.570007324219,73315700
2019-01-03,480.739990234375,483.799987792969,478.200012207031,480.410003662109,480.410003662109,85154700
2019-01-04,484.299987792969,493.390014648438,483.290008544922,492.010009765625,492.010009765625,93105900
2019-01-07,494.230010986328,494.589996337891,488.980010986328,491.75,491.75,72911400
2019-01-08,491.720001220703,497.350006103516,491.399993896484,493.690002441406,493.690002441406,90245200
2019-01-09,497.049987792969,499.040008544922,494.820007324219,496.209991455078,496.209991455078,91119200
2019-01-10,493.899993896484,497.769989013672,492.170013427734,497.769989013672,497.769989013672,78671400
2019-01-11,499.339996337891,501.179992675781,496.809997558594,498.649993896484,498.649993896484,76029700
2019-01-14,495.320007324219,496.920013427734,493.690002441406,494.989990234375,494.989990234375,71175200
2019-01-15,499.209991455078,500.149993896484,495.149993896484,498.200012207031,498.200012207031,72205300
2019-01-16,500.549987792969,501.049987792969,496.920013427734,499.869995117188,499.869995117188,75103500
2019-01-17,497.890014648438,500.559997558594,496.880004882812,499.839996337891,499.839996337891,70795200
2019-01-18,502.839996337891,510.630004882812,502.829986572266,509.700012207031,509.700012207031,107341600
2019-01-21,508.839996337891,510.609985351562,508.600006103516,509.880004882812,509.880004882812,46476000
2019-01-22,506.910003662109,508.890014648438,504.619995117188,506.75,506.75,68550300
2019-01-23,503.850006103516,511.459991455078,502.869995117188,507.459991455078,507.459991455078,82716200
2019-01-24,507.5,511.529998779297,506.940002441406,510.079986572266,510.079986572266,79474100
2019-01-25,513.5,515.539978027344,512.559997558594,515.099975585938,515.099975585938,92897800
2019-01-28,512.669982910156,514.049987792969,509.320007324219,510.880004882812,510.880004882812,83456300
2019-01-29,512.140014648438,517.440002441406,510.929992675781,515,515,76555100
2019-01-30,515.359985351562,519.890014648438,515.359985351562,518.47998046875,518.47998046875,103267300
2019-01-31,520.150024414062,521.02001953125,516.469970703125,520.630004882812,520.630004882812,186932300
2019-02-01,521.820007324219,523.239990234375,519.739990234375,523.239990234375,523.239990234375,108849500
2019-02-04,523.590026855469,525.679992675781,523.109985351562,525.679992675781,525.679992675781,91321100
2019-02-05,526.700012207031,532.659973144531,526.119995117188,532.489990234375,532.489990234375,90322200
2019-02-06,532.190002441406,537.280029296875,532.190002441406,536.630004882812,536.630004882812,111713900
2019-02-07,535.5,538.599975585938,530.5,530.5,530.5,95599700
2019-02-08,529.580017089844,530.919982910156,526.690002441406,527.989990234375,527.989990234375,93377200
2019-02-11,531.080017089844,533.599975585938,530.150024414062,531.119995117188,531.119995117188,72163800
2019-02-12,535.179992675781,535.580017089844,533.440002441406,534.349975585938,534.349975585938,72465100
2019-02-13,535.840026855469,538.400024414062,534.650024414062,536.330017089844,536.330017089844,84468800
2019-02-14,537.010009765625,538.799987792969,533.570007324219,534.239990234375,534.239990234375,95424600
2019-02-15,533.719970703125,541.27001953125,533.130004882812,539.619995117188,539.619995117188,107293500
2019-02-18,539.619995117188,540.599975585938,538.210021972656,539.630004882812,539.630004882812,61298300
2019-02-19,539.27001953125,539.760009765625,535.830017089844,538.070007324219,538.070007324219,65132700
2019-02-20,539.200012207031,540.469970703125,536.190002441406,540.030029296875,540.030029296875,65250600
2019-02-21,540.460021972656,542.219970703125,539.109985351562,540.570007324219,540.570007324219,74570100
2019-02-22,540.080017089844,543.030029296875,539.809997558594,541.369995117188,541.369995117188,60197000
2019-02-25,543.400024414062,544.880004882812,541.75,542.52001953125,542.52001953125,63717200
2019-02-26,540.659973144531,544.049987792969,538.530029296875,543.179992675781,543.179992675781,67296900
2019-02-27,540.989990234375,541.119995117188,537.760009765625,540.289978027344,540.289978027344,84873400
2019-02-28,536.919982910156,541.679992675781,536.919982910156,541.049987792969,541.049987792969,105492900
2019-03-01,543.059997558594,543.059997558594,538.590026855469,538.590026855469,538.590026855469,86481900
2019-03-04,540.710021972656,542.830017089844,539.549987792969,540.77001953125,540.77001953125,63444500
2019-03-05,540.809997558594,542.409973144531,537.919982910156,541.119995117188,541.119995117188,119488600
2019-03-06,540.190002441406,540.570007324219,537.429992675781,538.950012207031,538.950012207031,93277100
2019-03-07,537.390014648438,541.070007324219,534.289978027344,536.679992675781,536.679992675781,107821100
2019-03-08,533.059997558594,533.969970703125,529.719970703125,530.549987792969,530.549987792969,97745800
2019-03-11,533.109985351562,535.900024414062,531.840026855469,535.380004882812,535.380004882812,68022800
2019-03-12,537.840026855469,537.989990234375,533.640014648438,535.409973144531,535.409973144531,72917600
2019-03-13,534.340026855469,540.039978027344,534.27001953125,539.260009765625,539.260009765625,72463900
2019-03-14,539.960021972656,545.940002441406,539.960021972656,544.190002441406,544.190002441406,75929400
2019-03-15,544.609985351562,552.530029296875,544.419982910156,552.179992675781,552.179992675781,192921700
2019-03-18,551.859985351562,552.919982910156,550.710021972656,552.22998046875,552.22998046875,71400100
2019-03-19,552.380004882812,555.549987792969,552.109985351562,552.650024414062,552.650024414062,64905000
2019-03-20,551.309997558594,552.070007324219,547.419982910156,547.419982910156,547.419982910156,69607700
2019-03-21,548.380004882812,551.450012207031,546.859985351562,550.390014648438,550.390014648438,65493800
2019-03-22,551.840026855469,552.440002441406,543.099975585938,543.900024414062,543.900024414062,84563200
2019-03-25,540.549987792969,543.27001953125,538.700012207031,541.159973144531,541.159973144531,68953800
2019-03-26,543.169982910156,546.859985351562,541.099975585938,545.369995117188,545.369995117188,64567500
2019-03-27,545.489990234375,547.609985351562,542.090026855469,545.140014648438,545.140014648438,81931100
2019-03-28,544.409973144531,546.919982910156,543.320007324219,543.710021972656,543.710021972656,57562300
2019-03-29,547.359985351562,549.010009765625,546.080017089844,548.97998046875,548.97998046875,75283400
2019-04-01,552.890014648438,554.780029296875,552.010009765625,554.140014648438,554.140014648438,66833400
2019-04-02,554.619995117188,557.330017089844,554.590026855469,555.940002441406,555.940002441406,66810000
2019-04-03,559.260009765625,561.590026855469,558.630004882812,561.349975585938,561.349975585938,73913900
2019-04-04,560.460021972656,562.460021972656,559.700012207031,561.549987792969,561.549987792969,49669400
2019-04-05,561.919982910156,563.369995117188,561.349975585938,562.580017089844,562.580017089844,58317900
2019-04-08,562.010009765625,563.719970703125,561.159973144531,562.320007324219,562.320007324219,54855900
2019-04-09,561.710021972656,564.330017089844,559.549987792969,559.659973144531,559.659973144531,59552200
2019-04-10,559.849975585938,562.25,559.669982910156,561.849975585938,561.849975585938,71398800
2019-04-11,561.010009765625,563.349975585938,558.880004882812,561.830017089844,561.830017089844,70573400
2019-04-12,560.510009765625,562.159973144531,559.440002441406,561.609985351562,561.609985351562,86245400
2019-04-15,562.390014648438,563.849975585938,561.280029296875,562.570007324219,562.570007324219,56621700
2019-04-16,562.77001953125,565.830017089844,562.5,565.190002441406,565.190002441406,64920200
2019-04-17,565.890014648438,568.280029296875,564.929992675781,566.190002441406,566.190002441406,84422000
2019-04-18,565.349975585938,571.909973144531,565.349975585938,569.609985351562,569.609985351562,79698000
2019-04-23,568.830017089844,570.929992675781,567.5,570.640014648438,570.640014648438,77705600
2019-04-24,569.320007324219,570.359985351562,567.210021972656,568.409973144531,568.409973144531,80790800
2019-04-25,567.039978027344,568.619995117188,565,567.590026855469,567.590026855469,63845500
2019-04-26,565.919982910156,567.710021972656,564.659973144531,567.179992675781,567.179992675781,74611300
2019-04-29,567.590026855469,568.940002441406,565.320007324219,568.010009765625,568.010009765625,57073200
2019-04-30,567.469970703125,571.599975585938,567.190002441406,571.599975585938,571.599975585938,74340400
2019-05-02,568.869995117188,569.539978027344,566.059997558594,566.510009765625,566.510009765625,74966500
2019-05-03,567.390014648438,571.109985351562,566.450012207031,568.719970703125,568.719970703125,48846600
2019-05-06,560.909973144531,563.890014648438,557.690002441406,563.75,563.75,52755500
2019-05-07,563.630004882812,566.380004882812,556.119995117188,556.859985351562,556.859985351562,79255700
2019-05-08,555.859985351562,559.820007324219,554.640014648438,558.929992675781,558.929992675781,74678300
2019-05-09,555.080017089844,556.539978027344,548.409973144531,549.590026855469,549.590026855469,70772600
2019-05-10,553.460021972656,554.809997558594,549.549987792969,550.869995117188,550.869995117188,63106700
2019-05-13,551.210021972656,551.210021972656,543.580017089844,544.27001953125,544.27001953125,66925900
2019-05-14,545.969970703125,550.650024414062,544.72998046875,550.650024414062,550.650024414062,64236000
2019-05-15,551.549987792969,553.080017089844,546,553.080017089844,553.080017089844,79626900
2019-05-16,550.97998046875,559.150024414062,549.369995117188,559.150024414062,559.150024414062,67257000
2019-05-17,556.77001953125,558.859985351562,554.400024414062,557.909973144531,557.909973144531,63985500
2019-05-20,556.760009765625,558.690002441406,549.359985351562,551.369995117188,551.369995117188,63797400
2019-05-21,553.309997558594,555.440002441406,551.580017089844,553.140014648438,553.140014648438,62043700
2019-05-22,552.400024414062,554.419982910156,548.75,552.969970703125,552.969970703125,56553700
2019-05-23,547.840026855469,548.849975585938,542.97998046875,543.710021972656,543.710021972656,74107700
2019-05-24,545.830017089844,549.489990234375,545.179992675781,547.210021972656,547.210021972656,60877000
2019-05-27,549.789978027344,551.409973144531,547.969970703125,549.219970703125,549.219970703125,25324100
2019-05-28,549.869995117188,551.330017089844,546.809997558594,549.099975585938,549.099975585938,98737700
2019-05-29,544.190002441406,544.340026855469,539.580017089844,540.869995117188,540.869995117188,66804000
2019-05-30,543.059997558594,546.890014648438,543,545.429992675781,545.429992675781,43815800
2019-05-31,540.5,540.909973144531,537.47998046875,540.489990234375,540.489990234375,66853100
2019-06-03,535.900024414062,540.719970703125,534.489990234375,540.719970703125,540.719970703125,70797300
2019-06-04,537.539978027344,542.25,536.239990234375,541.150024414062,541.150024414062,91605400
2019-06-05,542.109985351562,545.690002441406,541.419982910156,543.640014648438,543.640014648438,72382700
2019-06-06,544.369995117188,548.47998046875,542.789978027344,544.320007324219,544.320007324219,76548600
2019-06-07,545.989990234375,552.52001953125,545.989990234375,550.239990234375,550.239990234375,66722300
2019-06-10,552.450012207031,554.280029296875,551.719970703125,553.400024414062,553.400024414062,37745700
2019-06-11,554.599975585938,559.400024414062,554.419982910156,557.219970703125,557.219970703125,76362700
2019-06-12,554.530029296875,557.47998046875,554.530029296875,556.130004882812,556.130004882812,63849200
2019-06-13,554.77001953125,557.570007324219,554.140014648438,555.849975585938,555.849975585938,58654500
2019-06-14,553.75,554.130004882812,550.239990234375,553.239990234375,553.239990234375,56336300
2019-06-17,554.049987792969,555.299987792969,551.169982910156,552.280029296875,552.280029296875,48196700
2019-06-18,551.650024414062,561.690002441406,548.280029296875,560.210021972656,560.210021972656,83393200
2019-06-19,560.880004882812,561.820007324219,559.559997558594,561.450012207031,561.450012207031,67004300
2019-06-20,564.719970703125,566.669982910156,563.710021972656,563.710021972656,563.710021972656,72484500
2019-06-21,563.799987792969,565.400024414062,560.710021972656,562.390014648438,562.390014648438,123025900
2019-06-24,562.02001953125,564.609985351562,559.440002441406,560.070007324219,560.070007324219,54464400
2019-06-25,558.280029296875,559.630004882812,557.820007324219,558.320007324219,558.320007324219,62802700
2019-06-26,557.059997558594,561.039978027344,557.059997558594,558.239990234375,558.239990234375,74966100
2019-06-27,559.429992675781,559.890014648438,554.380004882812,557.530029296875,557.530029296875,67994200
2019-06-28,557.989990234375,562.179992675781,557.710021972656,561.760009765625,561.760009765625,66221500
2019-07-01,569.219970703125,571.150024414062,568.090026855469,568.27001953125,568.27001953125,68073100
2019-07-02,569.880004882812,570.799987792969,567.390014648438,570.059997558594,570.059997558594,66144500
2019-07-03,569.760009765625,573.159973144531,569.719970703125,572.929992675781,572.929992675781,58773100
2019-07-04,573.320007324219,574.359985351562,572.820007324219,573.530029296875,573.530029296875,46429500
2019-07-05,573.840026855469,574.049987792969,568.260009765625,570.460021972656,570.460021972656,59165200
2019-07-08,569.400024414062,571.609985351562,568.340026855469,569.359985351562,569.359985351562,55944900
2019-07-09,568.190002441406,568.380004882812,564.549987792969,566.280029296875,566.280029296875,59729600
2019-07-10,565.320007324219,568.690002441406,564.919982910156,565.570007324219,565.570007324219,59228300
2019-07-11,567.369995117188,569.320007324219,565.960021972656,566.989990234375,566.989990234375,55152600
2019-07-12,568.109985351562,568.799987792969,566.390014648438,567.409973144531,567.409973144531,55445300
2019-07-15,568.289978027344,570.780029296875,565.929992675781,569.260009765625,569.260009765625,55578700
2019-07-16,568.330017089844,571.820007324219,567.340026855469,571.210021972656,571.210021972656,61852600
2019-07-17,570.02001953125,574.859985351562,570.02001953125,572.340026855469,572.340026855469,70068400
2019-07-18,569.190002441406,574.010009765625,569,571.570007324219,571.570007324219,62569600
2019-07-19,574.409973144531,575.969970703125,570.299987792969,571.840026855469,571.840026855469,68827300
2019-07-22,572.900024414062,576,572.109985351562,576,576,59542500
2019-07-23,579.130004882812,584.369995117188,579.130004882812,582.080017089844,582.080017089844,75286600
2019-07-24,583.260009765625,583.97998046875,580.859985351562,583.260009765625,583.260009765625,76978100
2019-07-25,584.340026855469,586.320007324219,575.150024414062,578.820007324219,578.820007324219,103406100
2019-07-26,579.159973144531,581.049987792969,577.739990234375,580.080017089844,580.080017089844,69957200
2019-07-29,578.119995117188,582.539978027344,577.5,579.549987792969,579.549987792969,67300800
2019-07-30,580.510009765625,580.510009765625,573.260009765625,574.340026855469,574.340026855469,70347000
2019-07-31,573.179992675781,574.320007324219,571.320007324219,572.090026855469,572.090026855469,70094400
2019-08-01,564.97998046875,572.460021972656,564.97998046875,572.460021972656,572.460021972656,107431400
2019-08-02,560.52001953125,562.239990234375,553.039978027344,554.320007324219,554.320007324219,151336200
2019-08-05,547.570007324219,548.460021972656,539.650024414062,540.940002441406,540.940002441406,110679000
2019-08-06,538.859985351562,543.380004882812,537.140014648438,537.280029296875,537.280029296875,94003500
2019-08-07,539.419982910156,544.820007324219,534.869995117188,539.570007324219,539.570007324219,100052400
2019-08-08,544.390014648438,548.880004882812,542.27001953125,548.880004882812,548.880004882812,85804800
2019-08-09,547.190002441406,548.140014648438,540.77001953125,542.219970703125,542.219970703125,79635100
2019-08-12,545.369995117188,548.239990234375,540.929992675781,542.140014648438,542.140014648438,69229600
2019-08-13,541.280029296875,549.559997558594,537.049987792969,545.690002441406,545.690002441406,102296800
2019-08-14,546.890014648438,546.890014648438,533.539978027344,536.659973144531,536.659973144531,94098000
2019-08-15,537.369995117188,537.900024414062,528.679992675781,534.840026855469,534.840026855469,110065700
2019-08-16,536.75,542.260009765625,536.400024414062,541.940002441406,541.940002441406,109873000
2019-08-19,546.320007324219,548.580017089844,544.580017089844,547.909973144531,547.909973144531,73863400
2019-08-20,547.380004882812,550.030029296875,544.219970703125,545.22998046875,545.22998046875,66394500
2019-08-21,545.950012207031,551.090026855469,545.950012207031,550.419982910156,550.419982910156,57066600
2019-08-22,548.609985351562,550.950012207031,545.820007324219,546.900024414062,546.900024414062,75669700
2019-08-23,549.27001953125,550.22998046875,542.090026855469,542.090026855469,542.090026855469,69405800
2019-08-26,539.580017089844,545.330017089844,538.739990234375,543.320007324219,543.320007324219,44862200
2019-08-27,542.130004882812,547.539978027344,540.97998046875,547.280029296875,547.280029296875,73721700
2019-08-28,545.690002441406,548.929992675781,543.570007324219,548.380004882812,548.380004882812,58894000
2019-08-29,547.619995117188,555.869995117188,547.22998046875,554.280029296875,554.280029296875,81649200
2019-08-30,555.260009765625,559.5,555.150024414062,558.349975585938,558.349975585938,78506900
2019-09-02,559.25,561.969970703125,559.150024414062,559.710021972656,559.710021972656,45334300
2019-09-03,558.72998046875,559.780029296875,556.47998046875,559.010009765625,559.010009765625,64884400
2019-09-04,563.169982910156,564.960021972656,561.47998046875,563.460021972656,563.460021972656,61450300
2019-09-05,567.47998046875,569.099975585938,566.059997558594,569.099975585938,569.099975585938,75070200
2019-09-06,568.52001953125,570.390014648438,567.72998046875,569.840026855469,569.840026855469,83116900
2019-09-09,570.590026855469,570.700012207031,567.140014648438,568.130004882812,568.130004882812,71762100
2019-09-10,569.059997558594,569.280029296875,566.179992675781,568.489990234375,568.489990234375,108946300
2019-09-11,570.039978027344,573.460021972656,570.039978027344,573.169982910156,573.169982910156,87021500
2019-09-12,575,577.969970703125,571.359985351562,574.789978027344,574.789978027344,101837800
2019-09-13,574.359985351562,577.679992675781,573.539978027344,576.830017089844,576.830017089844,82924500
2019-09-16,575.030029296875,575.559997558594,572.780029296875,573.460021972656,573.460021972656,81407800
2019-09-17,573.219970703125,575.460021972656,572.429992675781,574.929992675781,574.929992675781,78084400
2019-09-18,574.530029296875,578.190002441406,574.219970703125,576.690002441406,576.690002441406,61886800
2019-09-19,575.469970703125,579.510009765625,575.469970703125,579.080017089844,579.080017089844,72936000
2019-09-20,579.159973144531,580.52001953125,577.409973144531,577.440002441406,577.440002441406,140979900
2019-09-23,575.960021972656,576.940002441406,572,574.669982910156,574.669982910156,67868100
2019-09-24,575.409973144531,576.650024414062,574.77001953125,574.840026855469,574.840026855469,58341900
2019-09-25,572.070007324219,573.419982910156,567.330017089844,573.419982910156,573.419982910156,68752400
2019-09-26,573.179992675781,579.140014648438,572.919982910156,577.719970703125,577.719970703125,89760800
2019-09-27,577.859985351562,580.039978027344,576.900024414062,578.309997558594,578.309997558594,64416400
2019-09-30,577.119995117188,580.489990234375,576.510009765625,580.22998046875,580.22998046875,68099600
2019-10-01,582.650024414062,584.289978027344,573.400024414062,573.890014648438,573.890014648438,80951500
2019-10-02,573.099975585938,573.099975585938,558.010009765625,558.010009765625,558.010009765625,98757000
2019-10-03,556.880004882812,560.47998046875,553.849975585938,558.5,558.5,76986500
2019-10-04,560.659973144531,564.590026855469,559.119995117188,564.590026855469,564.590026855469,68400400
2019-10-07,564.179992675781,569.909973144531,563.780029296875,569.599975585938,569.599975585938,56150200
2019-10-08,570.159973144531,570.77001953125,562.719970703125,562.719970703125,562.719970703125,63303600
2019-10-09,562.880004882812,567.609985351562,561.47998046875,565.75,565.75,73993100
2019-10-10,566.460021972656,569.049987792969,559.739990234375,568.369995117188,568.369995117188,83441400
2019-10-11,569.590026855469,577.419982910156,568.830017089844,577.419982910156,577.419982910156,104182100
2019-10-14,575.840026855469,576.109985351562,571.75,575.210021972656,575.210021972656,64639600
2019-10-15,579.25,581.070007324219,576.289978027344,579.869995117188,579.869995117188,77313000
2019-10-16,579.469970703125,581.590026855469,576.710021972656,576.859985351562,576.859985351562,86868300
2019-10-17,575.52001953125,579.880004882812,575.280029296875,576.27001953125,576.27001953125,81857900
2019-10-18,575.369995117188,575.820007324219,571.630004882812,572.719970703125,572.719970703125,68733300
2019-10-21,573.419982910156,576.599975585938,572.880004882812,575.919982910156,575.919982910156,71715100
2019-10-22,576.02001953125,576.900024414062,573.650024414062,576.409973144531,576.409973144531,63409700
2019-10-23,573.77001953125,577.099975585938,573.150024414062,575.969970703125,575.969970703125,70532000
2019-10-24,577.960021972656,582.5,577.960021972656,582.369995117188,582.369995117188,74996100
2019-10-25,582.880004882812,583.809997558594,580.030029296875,583.809997558594,583.809997558594,69373600
2019-10-28,582.960021972656,585.25,581.239990234375,583.679992675781,583.679992675781,64507300
2019-10-29,584.119995117188,584.119995117188,580.469970703125,581.820007324219,581.820007324219,82507800
2019-10-30,580.739990234375,582.280029296875,578.309997558594,581.609985351562,581.609985351562,71224800
2019-10-31,582.219970703125,582.609985351562,575.559997558594,576.630004882812,576.630004882812,99169300
2019-11-01,578.25,582.409973144531,578.109985351562,580.780029296875,580.780029296875,63967000
2019-11-04,583.049987792969,587.140014648438,582.599975585938,585.549987792969,585.549987792969,86954300
2019-11-05,585.820007324219,590.919982910156,585.690002441406,590.650024414062,590.650024414062,88159100
2019-11-06,591.309997558594,595.679992675781,591.299987792969,594.929992675781,594.929992675781,83568900
2019-11-07,597.330017089844,597.659973144531,595.340026855469,597.109985351562,597.109985351562,84416100
2019-11-08,595.289978027344,597.710021972656,595.159973144531,596.5,596.5,72920300
2019-11-11,595.460021972656,597.570007324219,594.760009765625,596.390014648438,596.390014648438,61119700
2019-11-12,597.799987792969,600.349975585938,597.260009765625,599.030029296875,599.030029296875,64119100
2019-11-13,597.359985351562,598.400024414062,594.919982910156,597.559997558594,597.559997558594,73029900
2019-11-14,596.140014648438,598.309997558594,595.260009765625,595.260009765625,595.260009765625,62305900
2019-11-15,598.059997558594,599.130004882812,595.039978027344,598.960021972656,598.960021972656,54843800
2019-11-18,599.619995117188,599.960021972656,595.989990234375,598.169982910156,598.169982910156,61052300
2019-11-19,598.960021972656,602.369995117188,595.510009765625,596.669982910156,596.669982910156,57044000
2019-11-20,594.489990234375,594.609985351562,591.429992675781,594.159973144531,594.159973144531,65636300
2019-11-21,589.900024414062,591.75,587.469970703125,589.849975585938,589.849975585938,62885900
2019-11-22,591.150024414062,594.450012207031,590.950012207031,592.710021972656,592.710021972656,64247500
2019-11-25,594.929992675781,597.539978027344,594.869995117188,596.659973144531,596.659973144531,54078100
2019-11-26,596.739990234375,598.400024414062,594.549987792969,597.590026855469,597.590026855469,105534100
2019-11-27,599.340026855469,599.919982910156,597.320007324219,598.369995117188,598.369995117188,53229700
2019-11-28,596.809997558594,597.969970703125,596.150024414062,597.869995117188,597.869995117188,35423900
2019-11-29,595.669982910156,600.679992675781,595.419982910156,597.289978027344,597.289978027344,48913700
2019-12-02,598.169982910156,602.130004882812,585.940002441406,587.119995117188,587.119995117188,82816800
2019-12-03,588.799987792969,590.880004882812,581.02001953125,582.929992675781,582.929992675781,80150900
2019-12-04,583.650024414062,591.989990234375,583.650024414062,590.989990234375,590.989990234375,67753000
2019-12-05,592.559997558594,595.960021972656,591.440002441406,591.440002441406,591.440002441406,56783600
2019-12-06,594.039978027344,603.030029296875,593.75,602.299987792969,602.299987792969,57015000
2019-12-09,602.400024414062,604.169982910156,601.109985351562,602.260009765625,602.260009765625,44876900
2019-12-10,601.140014648438,601.140014648438,593.77001953125,599.929992675781,599.929992675781,51504300
2019-12-11,599.25,600.619995117188,596.530029296875,598.960021972656,598.960021972656,53981000
2019-12-12,599.780029296875,602.590026855469,595.760009765625,599.710021972656,599.710021972656,93249600
2019-12-13,605.909973144531,607.580017089844,601.5,602.859985351562,602.859985351562,99516400
2019-12-16,605.890014648438,612.400024414062,605.890014648438,610.669982910156,610.669982910156,61814000
2019-12-17,608.030029296875,608.900024414062,605.789978027344,606.22998046875,606.22998046875,84498000
2019-12-18,606.299987792969,608.489990234375,605.960021972656,606.039978027344,606.039978027344,67371700
2019-12-19,606.460021972656,607.090026855469,604.140014648438,605.77001953125,605.77001953125,72147000
2019-12-20,606.289978027344,609.380004882812,604.52001953125,609.260009765625,609.260009765625,119921500
2019-12-23,608.070007324219,609.869995117188,607.200012207031,609.219970703125,609.219970703125,40443800
2019-12-24,609,609.780029296875,608.599975585938,609.330017089844,609.330017089844,14891400
2019-12-27,611.119995117188,612.489990234375,609.109985351562,611.010009765625,611.010009765625,44622800
2019-12-30,609.77001953125,610.609985351562,605.830017089844,605.830017089844,605.830017089844,34031100
2019-12-31,603.599975585938,607.059997558594,603.599975585938,604.580017089844,604.580017089844,18219900
2020-01-02,608.010009765625,613.950012207031,607.75,612.869995117188,612.869995117188,57960900
2020-01-03,609.900024414062,611.580017089844,607.109985351562,611.059997558594,611.059997558594,57514500
2020-01-06,605.950012207031,607.840026855469,601.820007324219,607.239990234375,607.239990234375,66377900
2020-01-07,609.830017089844,612.190002441406,607.890014648438,609.710021972656,609.710021972656,61034800
2020-01-08,607.530029296875,611.419982910156,606.559997558594,610.47998046875,610.47998046875,66995200
2020-01-09,614.02001953125,615.739990234375,612.5,612.549987792969,612.549987792969,71951200
2020-01-10,614.150024414062,614.169982910156,610.419982910156,610.429992675781,610.429992675781,52215300
2020-01-13,610.47998046875,611.359985351562,606.489990234375,608.900024414062,608.900024414062,55903300
2020-01-14,609.52001953125,611.880004882812,605.070007324219,611.150024414062,611.150024414062,57563300
2020-01-15,611.989990234375,612.690002441406,609.619995117188,611.559997558594,611.559997558594,66747000
2020-01-16,612.409973144531,614.409973144531,611.359985351562,612.059997558594,612.059997558594,55780900
2020-01-17,613.950012207031,616.460021972656,613.450012207031,615.570007324219,615.570007324219,63170200
2020-01-20,615.070007324219,615.599975585938,613.390014648438,614.22998046875,614.22998046875,38121200
2020-01-21,610.450012207031,611.890014648438,607.320007324219,611.890014648438,611.890014648438,57659900
2020-01-22,609.900024414062,613.179992675781,609.090026855469,611.559997558594,611.559997558594,66655700
2020-01-23,610.169982910156,610.349975585938,605.409973144531,605.619995117188,605.619995117188,68449700
2020-01-24,610.559997558594,615.919982910156,610.559997558594,614.239990234375,614.239990234375,62460200
2020-01-27,605.909973144531,607.400024414062,597.830017089844,598.690002441406,598.690002441406,81757600
2020-01-28,601.039978027344,603.299987792969,596.77001953125,602.960021972656,602.960021972656,76663700
2020-01-29,602.989990234375,606.200012207031,602.260009765625,605.219970703125,605.219970703125,101018900
2020-01-30,599.27001953125,600.880004882812,596.75,598.950012207031,598.950012207031,104480700
2020-01-31,601.530029296875,601.950012207031,589.440002441406,589.5,589.5,95414200
2020-02-03,591.429992675781,594.52001953125,589.400024414062,592.359985351562,592.359985351562,68751000
2020-02-04,596.260009765625,605.52001953125,596.090026855469,605.400024414062,605.400024414062,81939200
2020-02-05,604.27001953125,615.630004882812,604,613.409973144531,613.409973144531,94261500
2020-02-06,617.289978027344,619.210021972656,616.989990234375,618.75,618.75,103468500
2020-02-07,616.75,617.940002441406,614.070007324219,616.460021972656,616.460021972656,70334600
2020-02-10,615.030029296875,617.099975585938,614.059997558594,617.099975585938,617.099975585938,60444200
2020-02-11,621.52001953125,625.210021972656,621.52001953125,623.849975585938,623.849975585938,74098300
2020-02-12,624.789978027344,629.109985351562,624.52001953125,629.030029296875,629.030029296875,93905300
2020-02-13,626.700012207031,629.140014648438,621.97998046875,629.140014648438,629.140014648438,117156900
2020-02-14,629.140014648438,630.549987792969,627.489990234375,629.22998046875,629.22998046875,76941300
2020-02-17,630.559997558594,632.119995117188,627.039978027344,629.169982910156,629.169982910156,48800800
2020-02-18,623.099975585938,626.679992675781,622.760009765625,625.429992675781,625.429992675781,74583000
2020-02-19,627.469970703125,629.47998046875,627.25,628.760009765625,628.760009765625,26724800
2020-02-20,628.880004882812,629.159973144531,622.119995117188,622.119995117188,622.119995117188,81808000
2020-02-21,619.590026855469,621.849975585938,613.200012207031,617.330017089844,617.330017089844,88095100
2020-02-24,601.820007324219,602.989990234375,588.400024414062,593.299987792969,593.299987792969,131977200
2020-02-25,596.580017089844,597.559997558594,581.52001953125,582.710021972656,582.710021972656,116763500
2020-02-26,577.809997558594,583.599975585938,565.289978027344,581.780029296875,581.780029296875,141550800
2020-02-27,569.969970703125,573.599975585938,552.650024414062,559.97998046875,559.97998046875,166268200
2020-02-28,541.440002441406,543.650024414062,531.179992675781,539.380004882812,539.380004882812,255627300
2020-03-02,550.950012207031,554.320007324219,530.140014648438,542.169982910156,542.169982910156,177162900
2020-03-03,551.5,561.489990234375,548.030029296875,550.219970703125,550.219970703125,170358000
2020-03-04,550.489990234375,561.289978027344,547.369995117188,557.72998046875,557.72998046875,144670000
2020-03-05,561.419982910156,562.260009765625,547.809997558594,552.539978027344,552.539978027344,147198900
2020-03-06,540.580017089844,543.890014648438,528.489990234375,531.289978027344,531.289978027344,174104400
2020-03-09,506.950012207031,506.950012207031,485.730010986328,490.660003662109,490.660003662109,296750000
2020-03-10,498.760009765625,513.22998046875,482.049987792969,484.700012207031,484.700012207031,254523100
2020-03-11,493.369995117188,497.660003662109,482.190002441406,484.160003662109,484.160003662109,198835000
2020-03-12,460.950012207031,463.540008544922,428.089996337891,432.100006103516,432.100006103516,316507200
2020-03-13,451.760009765625,466.839996337891,425.220001220703,432.850006103516,432.850006103516,322543900
2020-03-16,409.049987792969,421.359985351562,389.600006103516,416.769989013672,416.769989013672,266216600
2020-03-17,431.649993896484,432,401.459991455078,424.260009765625,424.260009765625,248705700
2020-03-18,410.850006103516,415.850006103516,398.040008544922,404.100006103516,404.100006103516,220006800
2020-03-19,403.709991455078,425.160003662109,398.459991455078,422.75,422.75,233080100
2020-03-20,440.100006103516,449.079986572266,429.690002441406,431.980010986328,431.980010986328,419255400
2020-03-23,411.790008544922,437.149993896484,410.079986572266,423.720001220703,423.720001220703,238946100
2020-03-24,441.269989013672,461.730010986328,437.540008544922,461.730010986328,461.730010986328,223336700
2020-03-25,471.440002441406,482.529998779297,454.589996337891,475.399993896484,475.399993896484,231452100
2020-03-26,463.040008544922,482.989990234375,458.630004882812,482.989990234375,482.989990234375,178086900
2020-03-27,471.160003662109,474.369995117188,458.029998779297,464.929992675781,464.929992675781,168796600
2020-03-30,465.75,476.119995117188,455.029998779297,475.980010986328,475.980010986328,154635100
2020-03-31,480.899993896484,486.040008544922,475.480010986328,483.440002441406,483.440002441406,180625800
2020-04-01,468.989990234375,475.589996337891,465.290008544922,471.299987792969,471.299987792969,171378800
2020-04-02,473.980010986328,482.660003662109,468.119995117188,478.279998779297,478.279998779297,175468100
2020-04-03,475.209991455078,477.130004882812,469.670013427734,471.459991455078,471.459991455078,145035000
2020-04-06,486.260009765625,491.679992675781,482.690002441406,489.820007324219,489.820007324219,160151500
2020-04-07,503.970001220703,508.559997558594,494.109985351562,499.850006103516,499.850006103516,170193200
2020-04-08,496.190002441406,500.709991455078,491.489990234375,500.709991455078,500.709991455078,110399400
2020-04-09,506.549987792969,511.929992675781,499.049987792969,508.040008544922,508.040008544922,164889100
2020-04-14,512.169982910156,513.539978027344,505.820007324219,507.739990234375,507.739990234375,136514500
2020-04-15,506.410003662109,506.779998779297,489.380004882812,491.130004882812,491.130004882812,149716900
2020-04-16,498.540008544922,499.519989013672,492.760009765625,496.079986572266,496.079986572266,148052600
2020-04-17,509.760009765625,511.890014648438,504.220001220703,505.820007324219,505.820007324219,156452100
2020-04-20,508.029998779297,512.760009765625,502.119995117188,512.760009765625,512.760009765625,111512100
2020-04-21,506.059997558594,506.920013427734,495.619995117188,495.760009765625,495.760009765625,130167800
2020-04-22,500.670013427734,510.320007324219,499.630004882812,509.619995117188,509.619995117188,108351300
2020-04-23,509.929992675781,517.349975585938,504.920013427734,512.72998046875,512.72998046875,118200200
2020-04-24,503.559997558594,511.959991455078,502.420013427734,504.940002441406,504.940002441406,119262600
2020-04-27,513.039978027344,514.659973144531,509.600006103516,512.190002441406,512.190002441406,92161200
2020-04-28,512.909973144531,521.570007324219,512.150024414062,519.969970703125,519.969970703125,139089700
2020-04-29,519.890014648438,527.549987792969,518.5,526.960021972656,526.960021972656,129156700
2020-04-30,527.309997558594,528.690002441406,511.760009765625,512.919982910156,512.919982910156,195572600
2020-05-04,496.540008544922,498.809997558594,490.790008544922,496.309997558594,496.309997558594,177307300
2020-05-05,503.850006103516,511.010009765625,499.739990234375,509.829986572266,509.829986572266,126447600
2020-05-06,509.239990234375,510.869995117188,505.149993896484,505.549987792969,505.549987792969,115416600
2020-05-07,508.859985351562,516.260009765625,508.200012207031,516.260009765625,516.260009765625,96260200
2020-05-08,520.299987792969,521.609985351562,517.369995117188,520.570007324219,520.570007324219,85734600
2020-05-11,522.950012207031,525.109985351562,515.530029296875,520.330017089844,520.330017089844,110573400
2020-05-12,517.77001953125,523.640014648438,517.380004882812,520.440002441406,520.440002441406,139613300
2020-05-13,513.450012207031,518.070007324219,510.350006103516,512.190002441406,512.190002441406,144261500
2020-05-14,504.239990234375,506.380004882812,492.420013427734,499.029998779297,499.029998779297,172732000
2020-05-15,507.070007324219,508.329986572266,499.209991455078,500.309997558594,500.309997558594,143575700
2020-05-18,509.190002441406,521.409973144531,508.760009765625,519.890014648438,519.890014648438,148258000
2020-05-19,525.200012207031,525.200012207031,515,520.450012207031,520.450012207031,145493500
2020-05-20,517.72998046875,531.309997558594,517.52001953125,531.059997558594,531.059997558594,111422100
2020-05-21,524.219970703125,529.460021972656,522.140014648438,522.809997558594,522.809997558594,88447600
2020-05-22,515.030029296875,525.099975585938,514.320007324219,524.380004882812,524.380004882812,105195900
2020-05-25,528.719970703125,533.559997558594,526.22998046875,532.820007324219,532.820007324219,56793600
2020-05-26,538.400024414062,538.650024414062,529.719970703125,531.299987792969,531.299987792969,122450900
2020-05-27,532.419982910156,533.400024414062,523.260009765625,528.960021972656,528.960021972656,169157800
2020-05-28,532.210021972656,539.619995117188,531,538.619995117188,538.619995117188,127433400
2020-05-29,533.72998046875,536.940002441406,529.97998046875,532.570007324219,532.570007324219,179738400
2020-06-01,540.469970703125,540.609985351562,532.890014648438,539.539978027344,539.539978027344,91884200
2020-06-02,543.039978027344,547.989990234375,541.409973144531,546.119995117188,546.119995117188,130017400
2020-06-03,551.690002441406,562.460021972656,551.539978027344,561.299987792969,561.299987792969,159580800
2020-06-04,557.890014648438,563.869995117188,555.950012207031,559.130004882812,559.130004882812,154019400
2020-06-05,563.859985351562,573.460021972656,562.799987792969,572.799987792969,572.799987792969,194111900
2020-06-08,567.440002441406,572.080017089844,563.559997558594,566.200012207031,566.200012207031,177277000
2020-06-09,568.530029296875,569.619995117188,558.419982910156,561.75,561.75,166234300
2020-06-10,564.599975585938,567.27001953125,558.210021972656,559.280029296875,559.280029296875,141828600
2020-06-11,549.580017089844,551.460021972656,540.260009765625,540.260009765625,540.260009765625,179831000
2020-06-12,536.809997558594,550.960021972656,535.349975585938,545.159973144531,545.159973144531,149419300
2020-06-15,534.080017089844,543.890014648438,529.780029296875,541.919982910156,541.919982910156,134158100
2020-06-16,553.169982910156,564.349975585938,551.760009765625,560.010009765625,560.010009765625,145589100
2020-06-17,560.669982910156,568.659973144531,560.429992675781,566.47998046875,566.47998046875,127055800
2020-06-18,564.679992675781,569.630004882812,560.700012207031,562.609985351562,562.609985351562,120256500
2020-06-19,566.52001953125,570.469970703125,565.950012207031,567.830017089844,567.830017089844,236385400
2020-06-22,562.280029296875,571.5,561.419982910156,565.070007324219,565.070007324219,88819200
2020-06-23,568.950012207031,576.450012207031,568.789978027344,574.190002441406,574.190002441406,111639600
2020-06-24,571.409973144531,572.539978027344,557.330017089844,557.330017089844,557.330017089844,113318600
2020-06-25,555.929992675781,562.210021972656,549.880004882812,560.409973144531,560.409973144531,107856800
2020-06-26,564.97998046875,569.22998046875,559,559.820007324219,559.820007324219,92300
2020-06-29,558.549987792969,563.219970703125,556.070007324219,560.159973144531,560.159973144531,95628100
2020-06-30,563.340026855469,564.760009765625,555.580017089844,559.72998046875,559.72998046875,107846700
2020-07-01,561.010009765625,564.570007324219,553.909973144531,562.669982910156,562.669982910156,102714200
2020-07-02,566.929992675781,571.239990234375,564.450012207031,570.75,570.75,120861700
2020-07-03,572.469970703125,574.010009765625,566.919982910156,568.630004882812,568.630004882812,63247400
2020-07-06,579.619995117188,580.210021972656,573.789978027344,578.52001953125,578.52001953125,96900
2020-07-07,576.969970703125,577.099975585938,572.27001953125,575.52001953125,575.52001953125,83273600
2020-07-08,573.760009765625,578.27001953125,570.869995117188,572.179992675781,572.179992675781,87700500
2020-07-09,574.919982910156,576.049987792969,566.710021972656,567.380004882812,567.380004882812,83960800
2020-07-10,565.280029296875,571.919982910156,564.710021972656,570.52001953125,570.52001953125,80387200
2020-07-13,578.260009765625,579.27001953125,573.549987792969,578.849975585938,578.849975585938,75811800
2020-07-14,571.440002441406,572.510009765625,566.369995117188,572.510009765625,572.510009765625,100295700
2020-07-15,577.669982910156,582.429992675781,575.25,577.559997558594,577.559997558594,97306000
2020-07-16,573.859985351562,574.570007324219,569.659973144531,573.940002441406,573.940002441406,72736000
2020-07-17,575.450012207031,575.969970703125,572.27001953125,573.799987792969,573.799987792969,75291600
2020-07-20,573.47998046875,580.460021972656,569.460021972656,579.140014648438,579.140014648438,66022000
2020-07-21,584.039978027344,587.030029296875,580.419982910156,581.289978027344,581.289978027344,100910000
2020-07-22,578.400024414062,579.210021972656,571.349975585938,572.900024414062,572.900024414062,83266000
2020-07-23,578.409973144531,580.739990234375,574.97998046875,576.669982910156,576.669982910156,79770000
2020-07-24,568.080017089844,568.140014648438,560.539978027344,563.950012207031,563.950012207031,72827200
2020-07-27,561.599975585938,566.72998046875,560.190002441406,564.369995117188,564.369995117188,75920900
2020-07-28,566.789978027344,568.02001953125,561.900024414062,566.330017089844,566.330017089844,75754500
2020-07-29,563.200012207031,566.820007324219,563.109985351562,564.109985351562,564.109985351562,71174300
2020-07-30,564.669982910156,564.669982910156,543.630004882812,549.200012207031,549.200012207031,115327900
2020-07-31,551.140014648438,556.890014648438,545.289978027344,545.289978027344,545.289978027344,95229600
2020-08-03,546.52001953125,559.030029296875,544.960021972656,557.72998046875,557.72998046875,89068000
2020-08-04,561.030029296875,563.099975585938,554.650024414062,557.940002441406,557.940002441406,77006300
2020-08-05,563.299987792969,566.299987792969,562.090026855469,563.049987792969,563.049987792969,79449600
2020-08-06,560.210021972656,563.97998046875,557.090026855469,558.460021972656,558.460021972656,90786300
2020-08-07,555.75,561.380004882812,554.880004882812,559.570007324219,559.570007324219,76869200
2020-08-10,560.340026855469,561.630004882812,555.489990234375,557.080017089844,557.080017089844,76435700
2020-08-11,561.75,569.090026855469,561.070007324219,565.559997558594,565.559997558594,107035300
2020-08-12,564.669982910156,575.710021972656,564.669982910156,575.059997558594,575.059997558594,104288500
2020-08-13,572.77001953125,573.22998046875,569.179992675781,569.950012207031,569.950012207031,113942900
2020-08-14,568.510009765625,568.859985351562,557.27001953125,560.840026855469,560.840026855469,88153000
2020-08-17,562.010009765625,563.97998046875,558.080017089844,562.940002441406,562.940002441406,59124500
2020-08-18,561.650024414062,565.539978027344,557.739990234375,559.440002441406,559.440002441406,68364800
2020-08-19,557.789978027344,560.340026855469,556.5,560.22998046875,560.22998046875,71441200
2020-08-20,552.679992675781,555.390014648438,550.390014648438,552.440002441406,552.440002441406,69707900
2020-08-21,552.72998046875,554.900024414062,545.010009765625,551.369995117188,551.369995117188,83956300
2020-08-24,557.289978027344,563.739990234375,557.289978027344,560.989990234375,560.989990234375,70231800
2020-08-25,563,565.909973144531,559.650024414062,559.809997558594,559.809997558594,84854500
2020-08-26,559.72998046875,566.260009765625,558.280029296875,566.22998046875,566.22998046875,65353900
2020-08-27,567.75,568.210021972656,562.409973144531,562.409973144531,562.409973144531,69850600
2020-08-28,563.650024414062,563.650024414062,555.390014648438,556.799987792969,556.799987792969,74427200
2020-08-31,559.830017089844,561.919982910156,548.700012207031,549.200012207031,549.200012207031,79687100
2020-09-01,552.780029296875,556.469970703125,547.429992675781,552.219970703125,552.219970703125,83596600
2020-09-02,555.340026855469,565.570007324219,554.710021972656,561.27001953125,561.27001953125,83608900
2020-09-03,565.450012207031,568.080017089844,546.799987792969,549.599975585938,549.599975585938,98200
2020-09-04,545.489990234375,552.340026855469,535.210021972656,540.27001953125,540.27001953125,107800
2020-09-07,541.169982910156,547.859985351562,541.150024414062,547.140014648438,547.140014648438,59132800
2020-09-08,547.380004882812,548.47998046875,534.650024414062,540.789978027344,540.789978027344,90700
2020-09-09,541.880004882812,553.130004882812,541.739990234375,552.049987792969,552.049987792969,91600
2020-09-10,553.039978027344,553.880004882812,548.409973144531,550.5,550.5,77400
2020-09-11,550.059997558594,554.679992675781,548.760009765625,552.010009765625,552.010009765625,72400
2020-09-14,556.25,557.640014648438,551.780029296875,552.440002441406,552.440002441406,60000
2020-09-15,553.280029296875,557.599975585938,551.429992675781,555.950012207031,555.950012207031,74700
2020-09-16,556.25,559.989990234375,556.030029296875,558.429992675781,558.429992675781,81900
2020-09-17,552.47998046875,552.47998046875,552.47998046875,552.47998046875,552.47998046875,91436600
2020-09-18,550.849975585938,550.849975585938,550.849975585938,550.849975585938,550.849975585938,181495500
2020-09-21,546,546.369995117188,533.219970703125,536.010009765625,536.010009765625,137749800
2020-09-22,540.780029296875,540.780029296875,540.780029296875,540.780029296875,540.780029296875,97427600
2020-09-23,545.679992675781,545.679992675781,545.679992675781,545.679992675781,545.679992675781,88113500
2020-09-24,537.140014648438,544.409973144531,536.859985351562,541.109985351562,541.109985351562,97044100
2020-09-25,540.909973144531,540.909973144531,540.909973144531,540.909973144531,540.909973144531,85102200
2020-09-28,547.909973144531,553.190002441406,545.280029296875,551.669982910156,551.669982910156,100535100
2020-09-29,552,552.090026855469,548.369995117188,548.919982910156,548.919982910156,78213700
2020-09-30,546.510009765625,551.880004882812,545.679992675781,547.700012207031,547.700012207031,99739500
2020-10-01,551.169982910156,553.440002441406,547.830017089844,550.539978027344,550.539978027344,106656400
2020-10-02,553.119995117188,553.119995117188,553.119995117188,553.119995117188,553.119995117188,103390300
2020-10-05,557.609985351562,559.650024414062,555.440002441406,557.919982910156,557.919982910156,90249100
2020-10-06,559.77001953125,559.809997558594,553.630004882812,555.380004882812,555.380004882812,107462700
2020-10-07,554.239990234375,556.190002441406,551.719970703125,554.599975585938,554.599975585938,92307500
2020-10-08,557.830017089844,561.609985351562,554.820007324219,559.940002441406,559.940002441406,97981200
2020-10-09,561.169982910156,567.789978027344,560.97998046875,567.169982910156,567.169982910156,111772000
2020-10-12,568.820007324219,573.840026855469,568.780029296875,572.309997558594,572.309997558594,131979900
2020-10-13,572.619995117188,575.52001953125,569.239990234375,572.469970703125,572.469970703125,100526700
2020-10-14,572.22998046875,574.349975585938,569.849975585938,571.97998046875,571.97998046875,92905900
2020-10-15,564.330017089844,564.969970703125,557.760009765625,560.469970703125,560.469970703125,106151700
2020-10-16,564.400024414062,570.830017089844,562.840026855469,568.179992675781,568.179992675781,104109900
2020-10-19,572.059997558594,574.239990234375,563.909973144531,565.25,565.25,48578400
2020-10-20,565.650024414062,566.72998046875,562.369995117188,564,564,96797500
2020-10-21,566.309997558594,566.400024414062,556.440002441406,557.400024414062,557.400024414062,88514500
2020-10-22,554.940002441406,557.169982910156,549.659973144531,554.200012207031,554.200012207031,87377800
2020-10-23,552.530029296875,558.330017089844,551.390014648438,554.340026855469,554.340026855469,88981800
2020-10-26,545.969970703125,551.900024414062,545.599975585938,545.950012207031,545.950012207031,90731300
2020-10-27,547.969970703125,547.969970703125,542.070007324219,545.650024414062,545.650024414062,111434000
2020-10-28,539.690002441406,541.130004882812,529.169982910156,534.090026855469,534.090026855469,155451600
2020-10-29,534.619995117188,538.22998046875,527.859985351562,534.429992675781,534.429992675781,121366700
2020-10-30,529.219970703125,536.210021972656,529.109985351562,533.880004882812,533.880004882812,121144600
2020-11-02,535.409973144531,545.27001953125,533.390014648438,543.909973144531,543.909973144531,110280700
2020-11-03,554.47998046875,554.47998046875,554.47998046875,554.47998046875,554.47998046875,119704500
2020-11-04,548.47998046875,565.659973144531,547.599975585938,565.260009765625,565.260009765625,134786900
2020-11-05,570.700012207031,573.75,569.52001953125,571.599975585938,571.599975585938,133700
2020-11-06,569.450012207031,574.640014648438,565.640014648438,572.900024414062,572.900024414062,98400
2020-11-09,581.109985351562,599.200012207031,580.090026855469,593.929992675781,593.929992675781,250200
2020-11-10,590.369995117188,594.820007324219,588.950012207031,591.869995117188,591.869995117188,223616500
2020-11-11,591.299987792969,600.429992675781,589.049987792969,599.210021972656,599.210021972656,141100
2020-11-12,595.320007324219,603.440002441406,594.830017089844,600.049987792969,600.049987792969,165200
2020-11-13,597.669982910156,601.919982910156,596.869995117188,596.869995117188,596.869995117188,125100
2020-11-16,602.059997558594,604.190002441406,597.599975585938,601.669982910156,601.669982910156,153500
2020-11-17,599.570007324219,601.690002441406,596.799987792969,600.940002441406,600.940002441406,111000
2020-11-18,598.359985351562,603.77001953125,597.609985351562,600.880004882812,600.880004882812,101400
2020-11-19,596,597.950012207031,593.969970703125,596.010009765625,596.010009765625,100700
2020-11-20,595.690002441406,601.659973144531,595.119995117188,601.619995117188,601.619995117188,86800
2020-11-23,605.650024414062,607.299987792969,601.369995117188,601.369995117188,601.369995117188,111277800
2020-11-24,607.469970703125,608.260009765625,604.469970703125,607.460021972656,607.460021972656,155558400
2020-11-25,607.489990234375,608.090026855469,603.549987792969,606.390014648438,606.390014648438,134203400
2020-11-26,608.280029296875,610.130004882812,607.099975585938,607.390014648438,607.390014648438,69411800
2020-11-27,608.400024414062,613.590026855469,608.080017089844,611.669982910156,611.669982910156,172510200
2020-11-30,609.210021972656,615.109985351562,606.02001953125,606.02001953125,606.02001953125,143900
2020-12-01,609,613.409973144531,607.299987792969,611.409973144531,611.409973144531,108100
2020-12-02,608.760009765625,612.320007324219,607.72998046875,610.940002441406,610.940002441406,99300
2020-12-03,612.429992675781,613.260009765625,608.390014648438,610.47998046875,610.47998046875,89300
2020-12-04,611.530029296875,615.669982910156,610.070007324219,615.669982910156,615.669982910156,99400
2020-12-07,615.780029296875,616.349975585938,611.780029296875,616.200012207031,616.200012207031,78600
2020-12-08,615.369995117188,618.359985351562,613.75,616.590026855469,616.590026855469,80300
2020-12-09,619.330017089844,622.010009765625,617.940002441406,619.719970703125,619.719970703125,91000
2020-12-10,619.390014648438,621.619995117188,614.090026855469,618.099975585938,618.099975585938,113800
2020-12-11,616.919982910156,618.02001953125,611.460021972656,614.460021972656,614.460021972656,114400
2020-12-14,617.989990234375,619.559997558594,612.880004882812,612.880004882812,612.880004882812,91600
2020-12-15,612.219970703125,618.590026855469,611.530029296875,617.340026855469,617.340026855469,102000
2020-12-16,620.989990234375,623.609985351562,618.109985351562,621.859985351562,621.859985351562,113500
2020-12-17,625.359985351562,626.469970703125,624.349975585938,624.75,624.75,96500
2020-12-18,623.690002441406,628.890014648438,623.169982910156,625.25,625.25,189600
2020-12-21,615.640014648438,617.309997558594,602.640014648438,609.390014648438,609.390014648438,142000
2020-12-22,611.869995117188,618.859985351562,611.830017089844,617.5,617.5,66100
2020-12-23,618.460021972656,623.640014648438,618.450012207031,622.419982910156,622.419982910156,67600
2020-12-24,623.919982910156,626.460021972656,623.619995117188,626.369995117188,626.369995117188,23805300
2020-12-28,627.539978027344,627.590026855469,627.539978027344,627.590026855469,627.590026855469,54800
2020-12-29,629.169982910156,633.119995117188,628.400024414062,629.140014648438,629.140014648438,55300
2020-12-30,630.109985351562,631.049987792969,627.590026855469,628.059997558594,628.059997558594,44600
2020-12-31,625.190002441406,628.049987792969,623.940002441406,624.609985351562,624.609985351562,25300
2021-01-04,632.02001953125,636.239990234375,629.409973144531,631.030029296875,631.030029296875,93100
2021-01-05,629.940002441406,634.109985351562,628.97998046875,633.619995117188,633.619995117188,102300
2021-01-06,636.570007324219,641.25,631.400024414062,639.159973144531,639.159973144531,142600
2021-01-07,641.280029296875,642.390014648438,635.960021972656,637.409973144531,637.409973144531,108900
2021-01-08,643.039978027344,645.599975585938,642.200012207031,645.599975585938,645.599975585938,102300
2021-01-11,645.159973144531,646.919982910156,639.52001953125,642.419982910156,642.419982910156,85500
2021-01-12,645.950012207031,646.059997558594,641.429992675781,643.580017089844,643.580017089844,88800
2021-01-13,644.239990234375,645.419982910156,641.440002441406,644.380004882812,644.380004882812,87600
2021-01-14,650.369995117188,656.659973144531,649.140014648438,656.659973144531,656.659973144531,88000
2021-01-15,654.390014648438,655.239990234375,647.539978027344,651.72998046875,651.72998046875,113400
2021-01-18,648.849975585938,651.609985351562,648.830017089844,650.299987792969,650.299987792969,62060600
2021-01-19,654.549987792969,654.549987792969,649.130004882812,651.280029296875,651.280029296875,77667900
2021-01-20,655.659973144531,661.090026855469,654.539978027344,659.299987792969,659.299987792969,69100
2021-01-21,663.460021972656,666.659973144531,662.47998046875,663.880004882812,663.880004882812,68800
2021-01-22,660.150024414062,660.890014648438,655.900024414062,660.530029296875,660.530029296875,72300
2021-01-25,666.940002441406,667.849975585938,655.159973144531,658.239990234375,658.239990234375,96500
2021-01-26,656.580017089844,662.469970703125,656.070007324219,658.539978027344,658.539978027344,86100
2021-01-27,654.340026855469,656.359985351562,642.090026855469,647.919982910156,647.919982910156,136100
2021-01-28,639.549987792969,650.119995117188,633.679992675781,649,649,109859000
2021-01-29,641.330017089844,644.940002441406,637.109985351562,637.109985351562,637.109985351562,102100
2021-02-01,642.659973144531,648.880004882812,642.219970703125,647.340026855469,647.340026855469,81300
2021-02-02,651.340026855469,654.580017089844,650.880004882812,652.869995117188,652.869995117188,93400
2021-02-03,658.219970703125,659.159973144531,651.489990234375,654.890014648438,654.890014648438,83800
2021-02-04,652.530029296875,655.799987792969,651.609985351562,654.380004882812,654.380004882812,92800
2021-02-05,657.700012207031,657.700012207031,652.260009765625,653.239990234375,653.239990234375,84300
2021-02-08,657.72998046875,658.25,654.380004882812,656.390014648438,656.390014648438,82400
2021-02-09,657.539978027344,657.97998046875,653.869995117188,657.070007324219,657.070007324219,76200
2021-02-10,660.5,663.22998046875,654.489990234375,657.22998046875,657.22998046875,103800
2021-02-11,659.880004882812,664.340026855469,658.190002441406,664.340026855469,664.340026855469,110900
2021-02-12,665.159973144531,677.239990234375,665.159973144531,676.830017089844,676.830017089844,135600
2021-02-15,680.429992675781,686.97998046875,679.080017089844,685.179992675781,685.179992675781,119790800
2021-02-16,686.940002441406,689.239990234375,685.760009765625,687.429992675781,687.429992675781,90700
2021-02-17,686.549987792969,688.830017089844,681.039978027344,681.039978027344,681.039978027344,112900
2021-02-18,681.440002441406,683.510009765625,670.409973144531,672.809997558594,672.809997558594,99800
2021-02-19,674.450012207031,679.789978027344,671.739990234375,678.47998046875,678.47998046875,98600
2021-02-22,672.159973144531,673.130004882812,666.090026855469,671.75,671.75,96800
2021-02-23,669.619995117188,669.619995117188,653.940002441406,664.059997558594,664.059997558594,191000
2021-02-24,662.429992675781,666.590026855469,659.559997558594,664.539978027344,664.539978027344,112900
2021-02-25,670.22998046875,671.489990234375,664.47998046875,664.47998046875,664.47998046875,115300
2021-02-26,651.210021972656,658.22998046875,647.900024414062,651.260009765625,651.260009765625,133500
2021-03-01,662.02001953125,665.690002441406,658.619995117188,664.580017089844,664.580017089844,104100
2021-03-02,662.359985351562,668.239990234375,660.27001953125,663.260009765625,663.260009765625,103300
2021-03-03,667.599975585938,668.669982910156,658.859985351562,663.349975585938,663.349975585938,110800
2021-03-04,656.880004882812,661.359985351562,652.169982910156,657.669982910156,657.669982910156,110600
2021-03-05,650.849975585938,662.739990234375,649.969970703125,653.869995117188,653.869995117188,129300
2021-03-08,657.960021972656,665.650024414062,657.960021972656,665.650024414062,665.650024414062,128700
2021-03-09,665.289978027344,676.469970703125,665.080017089844,675.099975585938,675.099975585938,122100
2021-03-10,675.299987792969,681.380004882812,673.260009765625,678.030029296875,678.030029296875,111900
2021-03-11,682.530029296875,684.760009765625,681.049987792969,683.710021972656,683.710021972656,113200
2021-03-12,679.799987792969,679.890014648438,675.469970703125,677.409973144531,677.409973144531,91451700
2021-03-15,678.429992675781,681.539978027344,676.140014648438,678.799987792969,678.799987792969,93648000
2021-03-16,682.739990234375,684.450012207031,679.650024414062,683.650024414062,683.650024414062,1068000
2021-03-17,682.219970703125,684.400024414062,679.109985351562,680.710021972656,680.710021972656,921800
2021-03-18,684.049987792969,684.460021972656,680.159973144531,682.390014648438,682.390014648438,107961600
2021-03-19,675.890014648438,683.429992675781,675.890014648438,681.700012207031,681.700012207031,259922500
2021-03-22,678.380004882812,684.22998046875,677.859985351562,684.210021972656,684.210021972656,88569000
2021-03-23,681.190002441406,684.289978027344,679.47998046875,681.739990234375,681.739990234375,116222500
2021-03-24,682.590026855469,687.960021972656,681.619995117188,686.130004882812,686.130004882812,95678200
2021-03-25,684.320007324219,686.47998046875,677.330017089844,685.330017089844,685.330017089844,83589900
2021-03-26,690.690002441406,697.940002441406,689.679992675781,696.619995117188,696.619995117188,83307700
2021-03-29,697.940002441406,700.849975585938,696.919982910156,697.940002441406,697.940002441406,77800
2021-03-30,700.820007324219,702.440002441406,696.960021972656,701.119995117188,701.119995117188,75420500
2021-03-31,700.809997558594,704.25,699.690002441406,699.849975585938,699.849975585938,86112200
2021-04-01,707.049987792969,710.950012207031,704.530029296875,708.429992675781,708.429992675781,64900
2021-04-06,716.809997558594,717.690002441406,711.909973144531,713.280029296875,713.280029296875,81300
2021-04-07,711.900024414062,712.849975585938,709.630004882812,710.080017089844,710.080017089844,73900
2021-04-08,713.460021972656,713.969970703125,710.700012207031,713.380004882812,713.380004882812,118000
2021-04-09,713.460021972656,714.109985351562,711.599975585938,713.359985351562,713.359985351562,84825000
2021-04-12,711.940002441406,713.47998046875,706.700012207031,707.349975585938,707.349975585938,68600
2021-04-13,709.099975585938,710.849975585938,706.099975585938,708.599975585938,708.599975585938,69600
2021-04-14,708.830017089844,713.309997558594,708.440002441406,712.549987792969,712.549987792969,70200
2021-04-15,713.210021972656,714.97998046875,712.369995117188,713.799987792969,713.799987792969,71100
2021-04-16,714.47998046875,716.799987792969,712.570007324219,716.799987792969,716.799987792969,80786700
2021-04-19,717.049987792969,718.5,710.619995117188,711.940002441406,711.940002441406,60100
2021-04-20,710.880004882812,713.380004882812,699.059997558594,700.190002441406,700.190002441406,83300
2021-04-21,707.159973144531,710.619995117188,704.630004882812,709.359985351562,709.359985351562,99900
2021-04-22,712.580017089844,714.619995117188,710.349975585938,712.940002441406,712.940002441406,85600
2021-04-23,710.47998046875,715.77001953125,709.440002441406,715.77001953125,715.77001953125,75000
2021-04-26,714.97998046875,716.690002441406,711.570007324219,715.460021972656,715.460021972656,78500
2021-04-27,715.409973144531,715.559997558594,709.719970703125,712.219970703125,712.219970703125,70300
2021-04-28,713.630004882812,714.200012207031,710.489990234375,711.840026855469,711.840026855469,68700
2021-04-29,715.780029296875,719.260009765625,709.969970703125,710.469970703125,710.469970703125,93500
2021-04-30,710.580017089844,711.820007324219,705.869995117188,707.559997558594,707.559997558594,80800
2021-05-03,709.929992675781,713.109985351562,705.989990234375,712.130004882812,712.130004882812,86700
2021-05-04,714.02001953125,714.25,695.710021972656,696.97998046875,696.97998046875,90900
2021-05-05,703.780029296875,714.419982910156,702.919982910156,714.140014648438,714.140014648438,98700
2021-05-06,714.590026855469,715.919982910156,707.580017089844,712.460021972656,712.460021972656,83000
2021-05-07,717.320007324219,719.289978027344,712.5,718.409973144531,718.409973144531,81800
2021-05-10,718.47998046875,718.47998046875,710.830017089844,711.909973144531,711.909973144531,76900
2021-05-11,700.609985351562,702.080017089844,689.510009765625,695.940002441406,695.940002441406,89900
2021-05-12,696.510009765625,698.989990234375,692.530029296875,694.760009765625,694.760009765625,95300
2021-05-13,686.859985351562,696.530029296875,677.880004882812,694.219970703125,694.219970703125,83600
2021-05-14,700.289978027344,703.330017089844,695.650024414062,703.330017089844,703.330017089844,74400
2021-05-17,704.820007324219,705.830017089844,699.789978027344,703.219970703125,703.219970703125,66500
2021-05-18,709.400024414062,710.150024414062,704.929992675781,705.010009765625,705.010009765625,73400
2021-05-19,697.340026855469,697.830017089844,685.969970703125,693.719970703125,693.719970703125,90900
2021-05-20,697.400024414062,704.289978027344,693.219970703125,704.090026855469,704.090026855469,64400
2021-05-21,705.77001953125,710.010009765625,702.919982910156,706.960021972656,706.960021972656,79900
2021-05-24,707.909973144531,710.659973144531,706.070007324219,710.460021972656,710.460021972656,35800
2021-05-25,713.789978027344,715.739990234375,712.25,712.25,712.25,66800
2021-05-26,714.320007324219,715.52001953125,710.090026855469,711.169982910156,711.169982910156,71600
2021-05-27,708.880004882812,711.349975585938,706.140014648438,708.359985351562,708.359985351562,130100
2021-05-28,709.409973144531,715.320007324219,709.409973144531,713.280029296875,713.280029296875,68000900
2021-05-31,712.539978027344,714.570007324219,709.02001953125,709.359985351562,709.359985351562,32300
2021-06-01,712.809997558594,722.070007324219,712.809997558594,715.940002441406,715.940002441406,65200
2021-06-02,715.929992675781,719.049987792969,715.559997558594,718.929992675781,718.929992675781,64000
2021-06-03,718.239990234375,718.380004882812,712.419982910156,717.080017089844,717.080017089844,50800
2021-06-04,717.150024414062,720.880004882812,716.090026855469,720.179992675781,720.179992675781,64000
2021-06-07,719.869995117188,721.309997558594,716.080017089844,718.609985351562,718.609985351562,49100
2021-06-08,719.309997558594,723.039978027344,718,719.429992675781,719.429992675781,102700
2021-06-09,719.890014648438,723.25,718.700012207031,722.710021972656,722.710021972656,75700
2021-06-10,723.659973144531,727.140014648438,721.429992675781,725.450012207031,725.450012207031,79200
2021-06-11,726.700012207031,729,724.989990234375,728.47998046875,728.47998046875,61800
2021-06-14,730.97998046875,734.640014648438,728.400024414062,730.099975585938,730.099975585938,72300
2021-06-15,733.969970703125,734.640014648438,730.849975585938,730.97998046875,730.97998046875,70800
2021-06-16,732.679992675781,734.869995117188,731.119995117188,733.5,733.5,63000
2021-06-17,728.75,736.070007324219,728.469970703125,734.890014648438,734.890014648438,81000
2021-06-18,733.169982910156,735.630004882812,717.809997558594,719.630004882812,719.630004882812,158000
2021-06-21,715.159973144531,724.25,713.940002441406,723.77001953125,723.77001953125,77100
2021-06-22,724.349975585938,729.760009765625,721.869995117188,728.590026855469,728.590026855469,71600
2021-06-23,731.570007324219,732.179992675781,725.049987792969,725.049987792969,725.049987792969,68400
2021-06-24,728.080017089844,733.739990234375,727.030029296875,732.700012207031,732.700012207031,68400
2021-06-25,734.010009765625,734.919982910156,731.289978027344,733.140014648438,733.140014648438,56900
2021-06-28,730.409973144531,734.690002441406,729.090026855469,730.859985351562,730.859985351562,57200
2021-06-29,731.469970703125,736.330017089844,731.140014648438,734.190002441406,734.190002441406,57600
2021-06-30,734.5,735.630004882812,726.849975585938,729.52001953125,729.52001953125,75100
2021-07-01,734.710021972656,738.099975585938,726.219970703125,731.330017089844,731.330017089844,71700
2021-07-02,734.080017089844,736.349975585938,731.789978027344,733.549987792969,733.549987792969,54400
2021-07-05,732.169982910156,735.299987792969,730,733.989990234375,733.989990234375,44200
2021-07-06,733.25,733.25,731.47998046875,731.47998046875,731.47998046875,71000
2021-07-07,733.989990234375,737.640014648438,733.989990234375,737.640014648438,737.640014648438,73000
2021-07-08,732.599975585938,733.010009765625,718.210021972656,723.109985351562,723.109985351562,84800
2021-07-09,726.940002441406,732.150024414062,725.530029296875,732.150024414062,732.150024414062,69600
2021-07-12,731.919982910156,739.400024414062,730.190002441406,738.440002441406,738.440002441406,53875900
2021-07-13,741.219970703125,742.859985351562,738.940002441406,742.859985351562,742.859985351562,56900
2021-07-14,740.960021972656,747.349975585938,740.849975585938,744.950012207031,744.950012207031,53800
2021-07-15,741.090026855469,744.530029296875,738.200012207031,739.419982910156,739.419982910156,59311100
2021-07-16,740.369995117188,740.559997558594,734.190002441406,736.52001953125,736.52001953125,74519400
2021-07-19,729.619995117188,729.799987792969,716.22998046875,721.090026855469,721.090026855469,89055600
2021-07-20,723.530029296875,727.840026855469,716.97998046875,722.030029296875,722.030029296875,73110500
2021-07-21,728.239990234375,735.109985351562,728.22998046875,733.739990234375,733.739990234375,68378200
2021-07-22,735.880004882812,741.130004882812,734.969970703125,739.030029296875,739.030029296875,59064000
2021-07-23,741.609985351562,749.780029296875,739.580017089844,749.419982910156,749.419982910156,55710400
2021-07-26,744.359985351562,746.640014648438,742.52001953125,745.099975585938,745.099975585938,72217600
2021-07-27,740.719970703125,741.940002441406,735.669982910156,737.239990234375,737.239990234375,32234500
2021-07-28,739.190002441406,747.820007324219,738.559997558594,747.659973144531,747.659973144531,63600
2021-07-29,750.960021972656,758.580017089844,750.909973144531,758.080017089844,758.080017089844,84100
2021-07-30,752.159973144531,759.349975585938,751.369995117188,754.309997558594,754.309997558594,78400
2021-08-02,760.47998046875,762.190002441406,754.869995117188,758.219970703125,758.219970703125,64600
2021-08-03,755.809997558594,760.75,754.460021972656,760.080017089844,760.080017089844,67900
2021-08-04,763.659973144531,767.390014648438,763.059997558594,766.239990234375,766.239990234375,63000
2021-08-05,763.859985351562,771.559997558594,763.859985351562,768.22998046875,768.22998046875,61200
2021-08-06,768.030029296875,769.510009765625,766.869995117188,767.820007324219,767.820007324219,72100
2021-08-09,766.700012207031,772.929992675781,766.700012207031,771.799987792969,771.799987792969,55900
2021-08-10,773.539978027344,777.260009765625,773.200012207031,775.119995117188,775.119995117188,68600
2021-08-11,776.599975585938,778.72998046875,774.179992675781,775.840026855469,775.840026855469,70100
2021-08-12,775.159973144531,775.239990234375,775.159973144531,775.239990234375,775.239990234375,95700
2021-08-13,773.849975585938,775.5,771.940002441406,774.830017089844,774.830017089844,66600
2021-08-16,769.640014648438,772.489990234375,767.140014648438,769.780029296875,769.780029296875,69500
2021-08-17,766.929992675781,772.080017089844,764.650024414062,770.789978027344,770.789978027344,118200
2021-08-18,770.97998046875,773.010009765625,768.900024414062,771.47998046875,771.47998046875,69000
2021-08-19,761.219970703125,766.27001953125,755.330017089844,765.830017089844,765.830017089844,94188000
2021-08-20,766.090026855469,772.919982910156,763.340026855469,771.409973144531,771.409973144531,58400
2021-08-23,777.140014648438,780.859985351562,773.239990234375,780.280029296875,780.280029296875,56800
2021-08-24,785.02001953125,785.609985351562,780.549987792969,783.150024414062,783.150024414062,58800
2021-08-25,783.559997558594,785.460021972656,781.239990234375,781.929992675781,781.929992675781,58100
2021-08-26,778.190002441406,781.940002441406,776.190002441406,780.309997558594,780.309997558594,55900
2021-08-27,780.409973144531,787.330017089844,779.849975585938,787.039978027344,787.039978027344,50900
2021-08-30,788.320007324219,790.22998046875,787.880004882812,789.140014648438,789.140014648438,38400
2021-08-31,791.27001953125,792.539978027344,784.900024414062,787.619995117188,787.619995117188,83200
2021-09-01,793.390014648438,793.909973144531,787.75,790,790,68100
2021-09-02,789.109985351562,793.760009765625,787.630004882812,793.320007324219,793.320007324219,56800
2021-09-03,793.22998046875,794.099975585938,784.809997558594,789.549987792969,789.549987792969,54200
2021-09-06,792.789978027344,798.719970703125,792.789978027344,798.549987792969,798.549987792969,55552400
2021-09-07,798.049987792969,799.510009765625,793.640014648438,794.72998046875,794.72998046875,70473800
2021-09-08,789.830017089844,791.919982910156,784.349975585938,789,789,69300
2021-09-09,785.109985351562,787.169982910156,785.109985351562,787.169982910156,787.169982910156,70600
2021-09-10,790.289978027344,794.059997558594,786.840026855469,788.489990234375,788.489990234375,64600
2021-09-13,789.489990234375,794.880004882812,789.489990234375,791.450012207031,791.450012207031,63700
2021-09-14,792.650024414062,798.039978027344,789.570007324219,797.710021972656,797.710021972656,63000
2021-09-15,798.760009765625,800.340026855469,794.099975585938,794.190002441406,794.190002441406,79000
2021-09-16,797.099975585938,800.409973144531,796.719970703125,798.150024414062,798.150024414062,77300
2021-09-17,803.669982910156,804.469970703125,788.030029296875,789.489990234375,789.489990234375,146000
2021-09-20,779.799987792969,781.380004882812,773.239990234375,778.280029296875,778.280029296875,102900
2021-09-21,781.97998046875,789.969970703125,781.97998046875,786.309997558594,786.309997558594,80300
2021-09-22,790.25,792.950012207031,786.849975585938,792.400024414062,792.400024414062,66000
2021-09-23,799.150024414062,803.109985351562,797.929992675781,800.609985351562,800.609985351562,68100
2021-09-24,797.760009765625,798.190002441406,790.630004882812,791.450012207031,791.450012207031,68500
2021-09-27,798.489990234375,798.669982910156,787.090026855469,788.669982910156,788.669982910156,88200
2021-09-28,787.02001953125,788.280029296875,772.450012207031,773.710021972656,773.710021972656,109200
2021-09-29,775.679992675781,783.789978027344,774.830017089844,775.840026855469,775.840026855469,85300
2021-09-30,782.669982910156,785.179992675781,771.789978027344,771.940002441406,771.940002441406,106180400
2021-10-01,761.820007324219,766.690002441406,761.820007324219,766.690002441406,766.690002441406,91181000
2021-10-04,762.260009765625,765.960021972656,756.539978027344,757.200012207031,757.200012207031,78300
2021-10-05,758.840026855469,771.609985351562,758.840026855469,771.190002441406,771.190002441406,83600
2021-10-06,763.489990234375,764.090026855469,751.059997558594,761.219970703125,761.219970703125,95100
2021-10-07,771.179992675781,777.849975585938,767.640014648438,777.179992675781,777.179992675781,88300
2021-10-08,777.450012207031,777.5,772.049987792969,772.049987792969,772.049987792969,73300
2021-10-11,771.580017089844,775.330017089844,768.219970703125,773.789978027344,773.789978027344,67825000
2021-10-12,763.890014648438,773.849975585938,763.239990234375,771.469970703125,771.469970703125,70100
2021-10-13,769.590026855469,778.909973144531,767.52001953125,777.52001953125,777.52001953125,80800
2021-10-14,785.080017089844,791.559997558594,784,790.840026855469,790.840026855469,74673100
2021-10-15,796.640014648438,801.030029296875,792.330017089844,800.409973144531,800.409973144531,91491600
2021-10-18,797.039978027344,798.47998046875,792.590026855469,796.739990234375,796.739990234375,62900
2021-10-19,800,803.239990234375,798.369995117188,802.489990234375,802.489990234375,60300
2021-10-20,798.72998046875,808.359985351562,798.72998046875,805.469970703125,805.469970703125,69300
2021-10-21,801.22998046875,809.679992675781,800.869995117188,807.640014648438,807.640014648438,64100
2021-10-22,812.5,816.969970703125,810.919982910156,812.969970703125,812.969970703125,64100
2021-10-25,815.52001953125,816.75,812.070007324219,813.02001953125,813.02001953125,62500
2021-10-26,813.440002441406,818.309997558594,813.090026855469,816.909973144531,816.909973144531,76600
2021-10-27,816.030029296875,818.27001953125,813.919982910156,815.289978027344,815.289978027344,79800
2021-10-28,812.809997558594,815.950012207031,810.450012207031,812.22998046875,812.22998046875,88500
2021-10-29,804.460021972656,811.530029296875,801.260009765625,810.909973144531,810.909973144531,86500
2021-11-01,815.25,815.630004882812,808.299987792969,811.739990234375,811.739990234375,68842800
2021-11-02,809.210021972656,812.530029296875,808.419982910156,812.289978027344,812.289978027344,68359200
2021-11-03,811.280029296875,816.070007324219,811.280029296875,816.010009765625,816.010009765625,63223800
2021-11-04,820.710021972656,822.340026855469,818.039978027344,820.380004882812,820.380004882812,82042000
2021-11-05,820.150024414062,824.719970703125,819.049987792969,819.719970703125,819.719970703125,72958400
2021-11-08,818.219970703125,820.880004882812,817.47998046875,817.590026855469,817.590026855469,59000
2021-11-09,815.27001953125,818.119995117188,813.099975585938,815.169982910156,815.169982910156,61100
2021-11-10,817.080017089844,817.080017089844,814.630004882812,814.630004882812,814.630004882812,76300
2021-11-11,812.219970703125,816.349975585938,809.039978027344,816.349975585938,816.349975585938,64400
2021-11-12,815.380004882812,820.299987792969,813.059997558594,820.299987792969,820.299987792969,60700
2021-11-15,820.919982910156,823.210021972656,817.799987792969,823.210021972656,823.210021972656,71161500
2021-11-16,825.710021972656,826.5,825.710021972656,826.5,826.5,71600
2021-11-17,827.380004882812,829.349975585938,825.820007324219,827.570007324219,827.570007324219,63800
2021-11-18,826.219970703125,829.659973144531,823.440002441406,825.059997558594,825.059997558594,70400
2021-11-19,825.280029296875,828,820.450012207031,821.799987792969,821.799987792969,116777900
2021-11-22,824.25,825.380004882812,815.340026855469,815.340026855469,815.340026855469,95695700
2021-11-23,807.5,810.109985351562,801.5,802.239990234375,802.239990234375,77108500
2021-11-24,804.97998046875,807.289978027344,795.280029296875,802.960021972656,802.960021972656,91727500
2021-11-25,806.919982910156,808.909973144531,803.780029296875,807.549987792969,807.549987792969,53564600
2021-11-26,782.27001953125,793,779.700012207031,781.630004882812,781.630004882812,155700
2021-11-29,791.630004882812,793.760009765625,786.380004882812,787.010009765625,787.010009765625,100922600
2021-11-30,778.570007324219,786.840026855469,774.309997558594,777.390014648438,777.390014648438,154400
2021-12-01,783.840026855469,792.159973144531,783.840026855469,790.700012207031,790.700012207031,90800
2021-12-02,779.789978027344,783.75,773.369995117188,778.799987792969,778.799987792969,90800
2021-12-03,784.799987792969,785.099975585938,769.140014648438,772.219970703125,772.219970703125,84300
2021-12-06,778.22998046875,780.440002441406,770.880004882812,778.429992675781,778.429992675781,85000
2021-12-07,789.950012207031,806.130004882812,789.630004882812,805.780029296875,805.780029296875,86600
2021-12-08,805.070007324219,809.159973144531,797.719970703125,797.719970703125,797.719970703125,74800
2021-12-09,800.22998046875,800.830017089844,790.929992675781,791.909973144531,791.909973144531,59600
2021-12-10,786.049987792969,793.72998046875,786.049987792969,788.010009765625,788.010009765625,48500
2021-12-13,791.409973144531,796.22998046875,782.469970703125,783,783,63200
2021-12-14,786.609985351562,788.080017089844,775.309997558594,775.75,775.75,78600
2021-12-15,778.349975585938,780.440002441406,774.539978027344,775.460021972656,775.460021972656,69300
2021-12-16,791.109985351562,793.059997558594,781.590026855469,781.590026855469,781.590026855469,79000
2021-12-17,776.580017089844,778,765.559997558594,771.700012207031,771.700012207031,144900
2021-12-20,757.25,765.510009765625,755.570007324219,763.030029296875,763.030029296875,83400
2021-12-21,771.539978027344,775.280029296875,771.539978027344,774.950012207031,774.950012207031,73700
2021-12-22,777.630004882812,782.080017089844,773.950012207031,782.080017089844,782.080017089844,50600
2021-12-23,787.549987792969,793.200012207031,784.369995117188,792.299987792969,792.299987792969,61700
2021-12-24,791.840026855469,793.340026855469,790.47998046875,790.47998046875,790.47998046875,13870100
2021-12-27,788.840026855469,798.510009765625,788.400024414062,797.299987792969,797.299987792969,32149200
2021-12-28,796.989990234375,803.590026855469,796.609985351562,800.950012207031,800.950012207031,38421000
2021-12-29,801.5,802.280029296875,793.559997558594,796.119995117188,796.119995117188,40008600
2021-12-30,797.679992675781,800.809997558594,797.679992675781,800.25,800.25,32300
2021-12-31,799.650024414062,800.359985351562,797.030029296875,797.929992675781,797.929992675781,15700
2022-01-03,802.5,805.849975585938,800.619995117188,803.309997558594,803.309997558594,48000
2022-01-04,808.760009765625,812.549987792969,802.280029296875,804.280029296875,804.280029296875,75400
2022-01-05,802.5,805.659973144531,799.580017089844,800.75,800.75,65100
2022-01-06,786.919982910156,789.280029296875,779.840026855469,785.900024414062,785.900024414062,67500
2022-01-07,788.950012207031,789.940002441406,783.630004882812,788.429992675781,788.429992675781,70800
2022-01-10,792.099975585938,792.419982910156,770.309997558594,773.130004882812,773.130004882812,72300
2022-01-11,781.890014648438,783.72998046875,777.359985351562,782.349975585938,782.349975585938,65700
2022-01-12,788.659973144531,794.130004882812,785.599975585938,790.440002441406,790.440002441406,98732400
2022-01-13,789.739990234375,796.119995117188,788.460021972656,791.330017089844,791.330017089844,79900
2022-01-14,783.140014648438,788.330017089844,781.109985351562,783.530029296875,783.530029296875,77100
2022-01-17,782.02001953125,784.320007324219,775.080017089844,781.320007324219,781.320007324219,61900
2022-01-18,776.570007324219,776.890014648438,766.090026855469,769.700012207031,769.700012207031,84500
2022-01-19,763.02001953125,779.940002441406,761.840026855469,772.559997558594,772.559997558594,94500
2022-01-20,776.090026855469,778.260009765625,770.77001953125,778.260009765625,778.260009765625,76900
2022-01-21,763.77001953125,768.710021972656,755.919982910156,763.700012207031,763.700012207031,99600
2022-01-24,761.039978027344,764.820007324219,734.710021972656,738.659973144531,738.659973144531,126300
2022-01-25,746.619995117188,747.049987792969,734.419982910156,739.859985351562,739.859985351562,100800
2022-01-26,746.340026855469,756.859985351562,746.340026855469,752.429992675781,752.429992675781,88900
2022-01-27,737.359985351562,758.869995117188,737.359985351562,753.789978027344,753.789978027344,97800
2022-01-28,749.210021972656,749.869995117188,734.539978027344,744.260009765625,744.260009765625,116589200
2022-01-31,754.330017089844,759.109985351562,749.22998046875,755.200012207031,755.200012207031,84700
2022-02-01,761.909973144531,765.640014648438,759.030029296875,765.219970703125,765.219970703125,83400
2022-02-02,768.760009765625,772.22998046875,765.559997558594,765.559997558594,765.559997558594,91700
2022-02-03,763.900024414062,764.059997558594,748.799987792969,748.809997558594,748.809997558594,109400
2022-02-04,753.739990234375,756.25,742.010009765625,747.169982910156,747.169982910156,91200
2022-02-07,750.22998046875,758.320007324219,746.02001953125,755.690002441406,755.690002441406,76195000
2022-02-08,755.239990234375,757.890014648438,750.700012207031,755.789978027344,755.789978027344,96000
2022-02-09,765.510009765625,771.640014648438,763.880004882812,769.940002441406,769.940002441406,109900
2022-02-10,765.789978027344,770.22998046875,758.840026855469,762.650024414062,762.650024414062,95700
2022-02-11,754.02001953125,761.5,754.02001953125,761.5,761.5,84100
2022-02-14,748.960021972656,749.390014648438,737.97998046875,747.890014648438,747.890014648438,107600
2022-02-15,745.489990234375,755.97998046875,745.400024414062,755.219970703125,755.219970703125,85700
2022-02-16,757.429992675781,763.02001953125,754.530029296875,758.919982910156,758.919982910156,74700
2022-02-17,759.47998046875,760.760009765625,748.22998046875,751.200012207031,751.200012207031,75000
2022-02-18,751.27001953125,752.77001953125,742.840026855469,744.890014648438,744.890014648438,79600
2022-02-21,747.27001953125,747.27001953125,725.359985351562,729.72998046875,729.72998046875,65500
2022-02-22,714.760009765625,737.200012207031,714.760009765625,731.960021972656,731.960021972656,98300
2022-02-23,734.179992675781,741.02001953125,726.630004882812,727.909973144531,727.909973144531,78300
2022-02-24,701.840026855469,713.320007324219,699.989990234375,708.549987792969,708.549987792969,174600
2022-02-25,714.289978027344,728.75,708.25,727.849975585938,727.849975585938,138600
2022-02-28,716.760009765625,730.929992675781,712.760009765625,729.719970703125,729.719970703125,155500
2022-03-01,728.52001953125,731.059997558594,713.460021972656,713.460021972656,713.460021972656,139700
2022-03-02,711.539978027344,726.27001953125,709.440002441406,721,721,153800
2022-03-03,721.190002441406,726.340026855469,703.780029296875,705.419982910156,705.419982910156,119000
2022-03-04,700.140014648438,701.549987792969,671.679992675781,671.72998046875,671.72998046875,146200
2022-03-07,660.349975585938,681.340026855469,653.090026855469,669.039978027344,669.039978027344,189700
2022-03-08,660.72998046875,676.940002441406,652.799987792969,656.739990234375,656.739990234375,158400
2022-03-09,670.47998046875,688.330017089844,668.440002441406,688.330017089844,688.330017089844,153400
2022-03-10,687.22998046875,687.320007324219,670.049987792969,671.849975585938,671.849975585938,125374100
2022-03-11,673.039978027344,688.280029296875,665.150024414062,674.799987792969,674.799987792969,131200
2022-03-14,677.239990234375,681.849975585938,670.809997558594,674.299987792969,674.299987792969,106444800
2022-03-15,666.219970703125,677.330017089844,660,676.380004882812,676.380004882812,105710400
2022-03-16,688.25,707.219970703125,686.320007324219,703.52001953125,703.52001953125,130847200
2022-03-17,708.739990234375,710.530029296875,700.609985351562,707.450012207031,707.450012207031,93160500
2022-03-18,709.950012207031,716.359985351562,709.950012207031,716.359985351562,716.359985351562,158150200
2022-03-21,715.419982910156,721.090026855469,714.460021972656,718.369995117188,718.369995117188,76082600
2022-03-22,722.190002441406,730,720.880004882812,728.27001953125,728.27001953125,84912900
2022-03-23,730.840026855469,732.22998046875,718.349975585938,721.809997558594,721.809997558594,94836600
2022-03-24,722.090026855469,723.919982910156,718.25,720.849975585938,720.849975585938,76010300
2022-03-25,721.150024414062,728.849975585938,717.919982910156,723.900024414062,723.900024414062,71449200
2022-03-28,724.359985351562,729.960021972656,720.359985351562,720.359985351562,720.359985351562,80296200
2022-03-29,729.599975585938,739.27001953125,728.960021972656,735.150024414062,735.150024414062,107300
2022-03-30,735.530029296875,735.530029296875,730.640014648438,733.880004882812,733.880004882812,73600
2022-03-31,732.590026855469,735.590026855469,724.200012207031,724.200012207031,724.200012207031,78100
2022-04-01,725.989990234375,731.630004882812,723.320007324219,728,728,68600
2022-04-04,732.179992675781,739.219970703125,728.309997558594,737.799987792969,737.799987792969,64600
2022-04-05,741.309997558594,743.049987792969,732.940002441406,736.02001953125,736.02001953125,77300
2022-04-06,734.179992675781,734.460021972656,715.369995117188,719.669982910156,719.669982910156,89700
2022-04-07,722.070007324219,727.330017089844,715.030029296875,716.530029296875,716.530029296875,73500
2022-04-08,725.349975585938,727.260009765625,721.260009765625,724.75,724.75,74000
2022-04-11,717.75,721.059997558594,713.239990234375,714.739990234375,714.739990234375,74500
2022-04-12,708.330017089844,718.690002441406,705.030029296875,716.380004882812,716.380004882812,83400
2022-04-13,713.22998046875,718.070007324219,711.609985351562,718.070007324219,718.070007324219,68400
2022-04-14,719.659973144531,723.549987792969,717.02001953125,719.700012207031,719.700012207031,86300
2022-04-19,716.369995117188,719.830017089844,707.890014648438,716.570007324219,716.570007324219,84100
2022-04-20,721.739990234375,730.77001953125,717.320007324219,725.609985351562,725.609985351562,94600
2022-04-21,727.210021972656,732.580017089844,726,729.049987792969,729.049987792969,82000
2022-04-22,718.549987792969,723.780029296875,716.799987792969,717.260009765625,717.260009765625,77000
2022-04-25,700.950012207031,708.390014648438,696.330017089844,699.169982910156,699.169982910156,95700
2022-04-26,711.239990234375,711.380004882812,694.219970703125,695.570007324219,695.570007324219,87800
2022-04-27,693.75,699.650024414062,687.739990234375,696.349975585938,696.349975585938,91000
2022-04-28,704.010009765625,707.640014648438,699.419982910156,705.929992675781,705.929992675781,81400
2022-04-29,712.390014648438,719.099975585938,709.039978027344,710.97998046875,710.97998046875,84537300
2022-05-02,702.52001953125,702.52001953125,694.440002441406,694.440002441406,694.440002441406,70600
2022-05-03,701.739990234375,706,699.299987792969,705.950012207031,705.950012207031,75500
2022-05-04,706.989990234375,707.159973144531,698.679992675781,698.679992675781,698.679992675781,67500
2022-05-05,713.400024414062,713.400024414062,694.400024414062,696.190002441406,696.190002441406,87000
2022-05-06,692.280029296875,692.559997558594,675.960021972656,682.190002441406,682.190002441406,92100
2022-05-09,677.820007324219,684.109985351562,666.169982910156,666.169982910156,666.169982910156,80700
2022-05-10,671.859985351562,679.590026855469,669.590026855469,669.739990234375,669.739990234375,82500
2022-05-11,675.359985351562,683.609985351562,666.960021972656,682.700012207031,682.700012207031,99100
2022-05-12,663.690002441406,680.059997558594,662.219970703125,675.090026855469,675.090026855469,99700
2022-05-13,682.369995117188,694.679992675781,680.700012207031,694.130004882812,694.130004882812,83800
2022-05-16,690.080017089844,696.340026855469,687.640014648438,694.619995117188,694.619995117188,69200
2022-05-17,699.820007324219,707.210021972656,698.289978027344,702.580017089844,702.580017089844,85500
2022-05-18,703.22998046875,703.75,692.450012207031,693.030029296875,693.030029296875,79900
2022-05-19,681.650024414062,684.859985351562,669.419982910156,678.349975585938,678.349975585938,79200
2022-05-20,681.289978027344,692.190002441406,681.200012207031,682.960021972656,682.960021972656,74900
2022-05-23,692.219970703125,694.02001953125,685.109985351562,694.02001953125,694.02001953125,70700
2022-05-24,685.469970703125,688.559997558594,679.700012207031,679.880004882812,679.880004882812,69100
2022-05-25,684.830017089844,684.830017089844,684.109985351562,684.109985351562,684.109985351562,66800
2022-05-26,684.539978027344,694.179992675781,684.359985351562,692.799987792969,692.799987792969,53400
2022-05-27,694.969970703125,702.280029296875,693.059997558594,702.280029296875,702.280029296875,65800
2022-05-30,707.489990234375,711.669982910156,706.859985351562,708.340026855469,708.340026855469,58672900
2022-05-31,714.400024414062,719,711.450012207031,712.880004882812,712.880004882812,156382600
2022-06-01,714.869995117188,714.869995117188,700.070007324219,701.190002441406,701.190002441406,72800
2022-06-02,703.150024414062,705.169982910156,699.369995117188,703.440002441406,703.440002441406,54300
2022-06-03,707.359985351562,707.789978027344,699.830017089844,700.690002441406,700.690002441406,45100
2022-06-06,705.72998046875,716.130004882812,705.650024414062,711.820007324219,711.820007324219,55400
2022-06-07,708.52001953125,710.200012207031,703.440002441406,709.140014648438,709.140014648438,66100
2022-06-08,714.010009765625,714.010009765625,706.400024414062,710.989990234375,710.989990234375,73600
2022-06-09,706.280029296875,712.440002441406,699.580017089844,699.580017089844,699.580017089844,71900
2022-06-10,694.609985351562,695.669982910156,680.989990234375,681.969970703125,681.969970703125,89500
2022-06-13,670.760009765625,671.849975585938,658.950012207031,661.539978027344,661.539978027344,102000
2022-06-14,667.679992675781,668.75,652.869995117188,652.869995117188,652.869995117188,90600
2022-06-15,656.559997558594,665.27001953125,650.27001953125,663.210021972656,663.210021972656,86900
2022-06-16,658.380004882812,660.419982910156,636.5,638.340026855469,638.340026855469,94900
2022-06-17,637.210021972656,646.179992675781,633.440002441406,635.75,635.75,162100
2022-06-20,636.75,641.429992675781,633.390014648438,641.429992675781,641.429992675781,54700
2022-06-21,645.419982910156,651.200012207031,644.820007324219,648.030029296875,648.030029296875,57000
2022-06-22,638.159973144531,644.460021972656,633.719970703125,641.869995117188,641.869995117188,79400
2022-06-23,637.219970703125,643.219970703125,632.02001953125,635.929992675781,635.929992675781,81500
2022-06-24,638.820007324219,660.880004882812,638.260009765625,660.320007324219,660.320007324219,80500
2022-06-27,662.210021972656,676.070007324219,661.419982910156,670.530029296875,670.530029296875,71800
2022-06-28,674.340026855469,676.109985351562,668.830017089844,669.010009765625,669.010009765625,75400
2022-06-29,664.090026855469,669.359985351562,660.070007324219,666.570007324219,666.570007324219,74450600
2022-06-30,657.260009765625,660.849975585938,652.5,659.22998046875,659.22998046875,92600
2022-07-01,651.219970703125,661,648.700012207031,655.679992675781,655.679992675781,75200
2022-07-04,659.140014648438,661.570007324219,656.099975585938,659.609985351562,659.609985351562,50690300
2022-07-05,662.789978027344,664.059997558594,643.599975585938,644.219970703125,644.219970703125,96403200
2022-07-06,655.27001953125,661.510009765625,652.940002441406,656.710021972656,656.710021972656,94600
2022-07-07,665.47998046875,672.380004882812,663.119995117188,671.419982910156,671.419982910156,100340800
2022-07-08,671.650024414062,675.150024414062,665.72998046875,674.219970703125,674.219970703125,71700
2022-07-11,663.960021972656,673.369995117188,662.789978027344,669.169982910156,669.169982910156,53100
2022-07-12,664.880004882812,672.080017089844,660.700012207031,670.679992675781,670.679992675781,75800
2022-07-13,670.299987792969,670.630004882812,656.659973144531,665.909973144531,665.909973144531,77300
2022-07-14,666.380004882812,668.460021972656,654.619995117188,659.710021972656,659.710021972656,73100
2022-07-15,662.52001953125,672.630004882812,660.169982910156,671.919982910156,671.919982910156,77773700
2022-07-18,678.679992675781,683.570007324219,676.919982910156,681.099975585938,681.099975585938,65445400
2022-07-19,674.239990234375,691.059997558594,673.349975585938,689.469970703125,689.469970703125,67573600
2022-07-20,688.739990234375,695.27001953125,685.890014648438,694.409973144531,694.409973144531,74200
2022-07-21,694.489990234375,704.609985351562,694.159973144531,704.609985351562,704.609985351562,81900
2022-07-22,704.179992675781,711,702.77001953125,705.039978027344,705.039978027344,69400
2022-07-25,702.789978027344,707.080017089844,699.469970703125,707.010009765625,707.010009765625,72200
2022-07-26,708.679992675781,712.190002441406,705.210021972656,706.260009765625,706.260009765625,68900
2022-07-27,711.049987792969,716.640014648438,709.909973144531,713.530029296875,713.530029296875,70700
2022-07-28,718.619995117188,722.380004882812,713.52001953125,722.380004882812,722.380004882812,90000
2022-07-29,722.72998046875,732.580017089844,722.539978027344,729.440002441406,729.440002441406,1e+05
2022-08-01,728.679992675781,732.409973144531,725.309997558594,728.179992675781,728.179992675781,73400
2022-08-02,726.880004882812,727.02001953125,720.859985351562,725.75,725.75,72300
2022-08-03,726.700012207031,735.02001953125,725.010009765625,734.530029296875,734.530029296875,71700
2022-08-04,732.559997558594,736.340026855469,729.719970703125,731.580017089844,731.580017089844,80200
2022-08-05,730.289978027344,732.190002441406,720.489990234375,722.739990234375,722.739990234375,74900
2022-08-08,728.210021972656,733.280029296875,725.830017089844,727.869995117188,727.869995117188,60000
2022-08-09,727.099975585938,728.179992675781,716.47998046875,716.929992675781,716.929992675781,60900
2022-08-10,712.820007324219,725.219970703125,712.669982910156,724.27001953125,724.27001953125,74600
2022-08-11,728.539978027344,729.849975585938,723.210021972656,725.789978027344,725.789978027344,80922300
2022-08-12,723.659973144531,726.590026855469,720.210021972656,725.760009765625,725.760009765625,68656000
2022-08-15,729.669982910156,730.390014648438,722.049987792969,728.880004882812,728.880004882812,52007600
2022-08-16,731.429992675781,732.289978027344,725.469970703125,728.109985351562,728.109985351562,68000
2022-08-17,730.580017089844,730.619995117188,722.460021972656,723.090026855469,723.090026855469,56400
2022-08-18,719.030029296875,726.109985351562,716.039978027344,725.859985351562,725.859985351562,55800
2022-08-19,722.169982910156,728.190002441406,719.070007324219,719.52001953125,719.52001953125,75500
2022-08-22,714.070007324219,717.02001953125,708.559997558594,711.039978027344,711.039978027344,68700
2022-08-23,706.890014648438,712.52001953125,706.890014648438,710.869995117188,710.869995117188,61100
2022-08-24,708.22998046875,714.719970703125,705.119995117188,713.809997558594,713.809997558594,56500
2022-08-25,717.719970703125,720.559997558594,713.140014648438,718.25,718.25,52000
2022-08-26,720.320007324219,722.570007324219,703.359985351562,705.080017089844,705.080017089844,65100
2022-08-29,695.969970703125,701.330017089844,692.929992675781,698.330017089844,698.330017089844,54400
2022-08-30,700.580017089844,707.690002441406,687.320007324219,690.309997558594,690.309997558594,66800
2022-08-31,695.929992675781,697.219970703125,680.309997558594,680.309997558594,680.309997558594,104500
2022-09-01,674.960021972656,674.960021972656,666.940002441406,666.940002441406,666.940002441406,67900
2022-09-02,673.190002441406,679.659973144531,668.419982910156,678.570007324219,678.570007324219,70300
2022-09-05,668.710021972656,675.450012207031,664.510009765625,674.119995117188,674.119995117188,58833300
2022-09-06,672.580017089844,678.820007324219,668.539978027344,675.27001953125,675.27001953125,57900
2022-09-07,667.650024414062,672.900024414062,664.869995117188,671.27001953125,671.27001953125,63400
2022-09-08,673.650024414062,675.760009765625,663.630004882812,674.400024414062,674.400024414062,68500
2022-09-09,675.960021972656,688.419982910156,675.960021972656,685.969970703125,685.969970703125,68600
2022-09-12,687.820007324219,699.210021972656,686.830017089844,696.869995117188,696.869995117188,75100
2022-09-13,698.679992675781,703.390014648438,684.22998046875,684.22998046875,684.22998046875,82700
2022-09-14,679.47998046875,684.72998046875,675.719970703125,680.859985351562,680.859985351562,73600
2022-09-15,680.450012207031,684.929992675781,672.97998046875,674.739990234375,674.739990234375,86800
2022-09-16,668.989990234375,670.109985351562,663.47998046875,664.830017089844,664.830017089844,162200
2022-09-19,661.780029296875,668.119995117188,657.039978027344,665.429992675781,665.429992675781,48200
2022-09-20,667.140014648438,672.659973144531,660.090026855469,661.609985351562,661.609985351562,75300
2022-09-21,657.789978027344,671.030029296875,657.429992675781,669.789978027344,669.789978027344,60400
2022-09-22,658.760009765625,670.409973144531,657.369995117188,657.400024414062,657.400024414062,62700
2022-09-23,654.210021972656,654.539978027344,637.359985351562,639.280029296875,639.280029296875,87500
2022-09-26,638.140014648438,647.789978027344,635.700012207031,640.409973144531,640.409973144531,77800
2022-09-27,645.570007324219,650.989990234375,642.719970703125,642.719970703125,642.719970703125,78200
2022-09-28,633.659973144531,642.179992675781,627.349975585938,641.090026855469,641.090026855469,92700
2022-09-29,639.280029296875,639.280029296875,628.830017089844,633.549987792969,633.549987792969,86900
2022-09-30,636.239990234375,642.359985351562,633.760009765625,640.619995117188,640.619995117188,85739700
2022-10-03,633.47998046875,646.969970703125,630.849975585938,645.799987792969,645.799987792969,70600
2022-10-04,653.150024414062,669.590026855469,653.150024414062,669.590026855469,669.590026855469,80900
2022-10-05,666.609985351562,669.760009765625,661.369995117188,664.450012207031,664.450012207031,70100
2022-10-06,667.210021972656,668.679992675781,659.099975585938,661.380004882812,661.380004882812,70200
2022-10-07,655.869995117188,660.320007324219,646.809997558594,647.109985351562,647.109985351562,68900
2022-10-10,640.419982910156,649.799987792969,640,641.210021972656,641.210021972656,57200
2022-10-11,636.599975585938,640.530029296875,631.22998046875,636.309997558594,636.309997558594,72800
2022-10-12,633.289978027344,638.179992675781,627.080017089844,631.179992675781,631.179992675781,78000
2022-10-13,627.260009765625,633.900024414062,611.739990234375,633.010009765625,633.010009765625,90714000
2022-10-14,640.880004882812,644.780029296875,629.719970703125,630.580017089844,630.580017089844,84476300
2022-10-17,631.809997558594,643.830017089844,628.179992675781,640.950012207031,640.950012207031,58026600
2022-10-18,645.280029296875,650.510009765625,642.299987792969,642.47998046875,642.47998046875,66900
2022-10-19,647.820007324219,649.299987792969,641.140014648438,645.390014648438,645.390014648438,60400
2022-10-20,643.669982910156,653.010009765625,641.830017089844,652.039978027344,652.039978027344,66600
2022-10-21,647.059997558594,654.950012207031,641.219970703125,652.460021972656,652.460021972656,77600
2022-10-24,653.190002441406,658.219970703125,647.340026855469,653.539978027344,653.539978027344,80200
2022-10-25,658.169982910156,666.539978027344,654.900024414062,666.210021972656,666.210021972656,73000
2022-10-26,661.289978027344,666.659973144531,654.239990234375,665.630004882812,665.630004882812,81700
2022-10-27,664.929992675781,671.380004882812,661.890014648438,669.400024414062,669.400024414062,100958900
2022-10-28,659.710021972656,668.369995117188,657.369995117188,667.52001953125,667.52001953125,69900
2022-10-31,671.52001953125,673.179992675781,667.280029296875,670.619995117188,670.619995117188,68992300
2022-11-01,675.280029296875,680,672.679992675781,673.320007324219,673.320007324219,68153300
2022-11-02,673.5,677.200012207031,667.130004882812,667.239990234375,667.239990234375,70250300
2022-11-03,658.900024414062,662.469970703125,654.830017089844,661.179992675781,661.179992675781,89865800
2022-11-04,664.179992675781,676.880004882812,663.580017089844,671.880004882812,671.880004882812,90172900
2022-11-07,668.830017089844,677.510009765625,668.640014648438,676.059997558594,676.059997558594,66000
2022-11-08,674.140014648438,684.280029296875,673.289978027344,683.960021972656,683.960021972656,69000
2022-11-09,680.510009765625,682.150024414062,674.309997558594,677.260009765625,677.260009765625,67800
2022-11-10,670.570007324219,701.679992675781,670.330017089844,700.650024414062,700.650024414062,100700
2022-11-11,707.789978027344,710.119995117188,700.390014648438,702.909973144531,702.909973144531,100900
2022-11-14,706.440002441406,710.599975585938,703.880004882812,706.669982910156,706.669982910156,72900
2022-11-15,710.440002441406,718.450012207031,709.849975585938,716.429992675781,716.429992675781,79600200
2022-11-16,716.190002441406,717.989990234375,707.820007324219,709.109985351562,709.109985351562,76700
2022-11-17,710.590026855469,711.099975585938,700.940002441406,708.380004882812,708.380004882812,62900
2022-11-18,710.72998046875,716.960021972656,708.159973144531,712.549987792969,712.549987792969,80000
2022-11-21,711.719970703125,712.719970703125,708.630004882812,710.380004882812,710.380004882812,64892600
2022-11-22,711.140014648438,717.309997558594,706.840026855469,716.330017089844,716.330017089844,68300200
2022-11-23,718.929992675781,722.690002441406,716.349975585938,721.450012207031,721.450012207031,60031600
2022-11-24,720.010009765625,726.460021972656,720.010009765625,722.739990234375,722.739990234375,50024000
2022-11-25,721.309997558594,725.799987792969,721.119995117188,722.929992675781,722.929992675781,50404600
2022-11-28,716.72998046875,721.840026855469,715.169982910156,720.510009765625,720.510009765625,62186300
2022-11-29,723.760009765625,726.200012207031,716.880004882812,717.739990234375,717.739990234375,72565300
2022-11-30,721.669982910156,726.070007324219,720.239990234375,724.099975585938,724.099975585938,148300
2022-12-01,731.72998046875,734.559997558594,728.760009765625,731.739990234375,731.739990234375,81800
2022-12-02,728.849975585938,732.890014648438,722.820007324219,731.039978027344,731.039978027344,76600
2022-12-05,730.460021972656,731.039978027344,726.460021972656,727.090026855469,727.090026855469,65100
2022-12-06,725.840026855469,728.559997558594,720.659973144531,723.679992675781,723.679992675781,64000
2022-12-07,719.700012207031,722.809997558594,715.960021972656,718.340026855469,718.340026855469,69000
2022-12-08,719.260009765625,719.830017089844,719.260009765625,719.830017089844,719.830017089844,62300
2022-12-09,722.840026855469,725.590026855469,718.580017089844,724.169982910156,724.169982910156,61900
2022-12-12,719.200012207031,722.22998046875,718.119995117188,720.690002441406,720.690002441406,54900
2022-12-13,724.760009765625,741.090026855469,721.52001953125,732.950012207031,732.950012207031,78300
2022-12-14,729.849975585938,732.130004882812,727.719970703125,730.869995117188,730.869995117188,65400
2022-12-15,723.260009765625,725,707.140014648438,707.599975585938,707.599975585938,87900
2022-12-16,705.349975585938,707.219970703125,697.169982910156,700,700,142998200
2022-12-19,702.820007324219,706.309997558594,700.679992675781,700.710021972656,700.710021972656,61937600
2022-12-20,694.340026855469,700.320007324219,692.789978027344,697.25,697.25,64700
2022-12-21,699.710021972656,710.070007324219,698.760009765625,709.580017089844,709.580017089844,63000
2022-12-22,711.349975585938,713.02001953125,699.280029296875,700.400024414062,700.400024414062,53500
2022-12-23,700.789978027344,703.650024414062,697.590026855469,701.059997558594,701.059997558594,41904300
2022-12-27,705.719970703125,707,699.609985351562,701.059997558594,701.059997558594,31600
2022-12-28,700.679992675781,701.700012207031,694.659973144531,694.840026855469,694.840026855469,42300
2022-12-29,694.090026855469,701.409973144531,691.599975585938,701.010009765625,701.010009765625,37700
2022-12-30,697.75,697.75,688.239990234375,689.010009765625,689.010009765625,37400
2023-01-02,697.109985351562,701.530029296875,694.630004882812,701.159973144531,701.159973144531,35558000
2023-01-03,702.489990234375,715.039978027344,702.489990234375,707.630004882812,707.630004882812,64200
2023-01-04,709.960021972656,719.159973144531,709.960021972656,717.510009765625,717.510009765625,75600
2023-01-05,715.919982910156,718.510009765625,712.739990234375,714.320007324219,714.320007324219,60100
2023-01-06,715.919982910156,725.140014648438,712.159973144531,724.260009765625,724.260009765625,54900
2023-01-09,730.599975585938,737.780029296875,728.190002441406,736.179992675781,736.179992675781,59500
2023-01-10,730.409973144531,735.330017089844,730.409973144531,733.030029296875,733.030029296875,51000
2023-01-11,734.880004882812,741.090026855469,734.530029296875,738.830017089844,738.830017089844,62500
2023-01-12,738.289978027344,746.239990234375,737.840026855469,741.900024414062,741.900024414062,80400
2023-01-13,744.989990234375,750.409973144531,743.840026855469,748.039978027344,748.039978027344,63500
2023-01-16,748.940002441406,749.450012207031,746.22998046875,748.349975585938,748.349975585938,40476600
2023-01-17,745.869995117188,751.739990234375,742.859985351562,748.809997558594,748.809997558594,67200
2023-01-18,750.989990234375,750.989990234375,749.119995117188,749.119995117188,749.119995117188,68600
2023-01-19,744.219970703125,746.039978027344,735.679992675781,735.679992675781,735.679992675781,66400
2023-01-20,738.200012207031,739.049987792969,735.340026855469,738.640014648438,738.640014648438,51200
2023-01-23,741.039978027344,749.150024414062,740.429992675781,747.869995117188,747.869995117188,46800
2023-01-24,750.039978027344,750.710021972656,742.989990234375,746.400024414062,746.400024414062,61591500
2023-01-25,744.619995117188,745.559997558594,735,741.340026855469,741.340026855469,55100
2023-01-26,747.109985351562,750.690002441406,744.669982910156,747.210021972656,747.210021972656,59200
2023-01-27,749.309997558594,751.989990234375,747.070007324219,750.669982910156,750.669982910156,56900
2023-01-30,743.090026855469,744.969970703125,738.030029296875,744.830017089844,744.830017089844,64600
2023-01-31,742.159973144531,745.190002441406,742.159973144531,745.190002441406,745.190002441406,73300
2023-02-01,747.150024414062,750.400024414062,745.179992675781,747.679992675781,747.679992675781,67200
2023-02-02,751.890014648438,762.090026855469,751.859985351562,758.609985351562,758.609985351562,100600
2023-02-03,756.630004882812,763.859985351562,755.669982910156,763.859985351562,763.859985351562,79300
2023-02-06,758.710021972656,759.02001953125,749.580017089844,752.400024414062,752.400024414062,59000
2023-02-07,752.789978027344,754.460021972656,749.340026855469,753.090026855469,753.090026855469,61900
2023-02-08,756.409973144531,756.989990234375,748.400024414062,748.400024414062,748.400024414062,66600
2023-02-09,753.710021972656,760.869995117188,753.619995117188,757.049987792969,757.049987792969,89700
2023-02-10,752.469970703125,756.010009765625,747.760009765625,752.219970703125,752.219970703125,78300
2023-02-13,753.219970703125,763.169982910156,753.02001953125,762.640014648438,762.640014648438,45600
2023-02-14,764.210021972656,770.799987792969,761.210021972656,762.969970703125,762.969970703125,68507600
2023-02-15,762.820007324219,769.72998046875,762.369995117188,769.72998046875,769.72998046875,57800
2023-02-16,773.940002441406,777.580017089844,766.619995117188,771.690002441406,771.690002441406,65100
2023-02-17,763.299987792969,768.030029296875,759.659973144531,765.039978027344,765.039978027344,78200
2023-02-20,765.630004882812,765.969970703125,761.090026855469,762.630004882812,762.630004882812,39061400
2023-02-21,758.630004882812,760.200012207031,752.330017089844,757.659973144531,757.659973144531,57200
2023-02-22,755.77001953125,758.320007324219,751.510009765625,756.630004882812,756.630004882812,66400
2023-02-23,759.330017089844,761.549987792969,755.719970703125,755.719970703125,755.719970703125,65100
2023-02-24,759.299987792969,759.789978027344,746.409973144531,746.409973144531,746.409973144531,65600
2023-02-27,752.590026855469,760.200012207031,752.590026855469,756.989990234375,756.989990234375,56800
2023-02-28,754.179992675781,758.330017089844,751.239990234375,752.929992675781,752.929992675781,85800
2023-03-01,756.200012207031,759.039978027344,748.530029296875,749.380004882812,749.380004882812,58000
2023-03-02,745.710021972656,755.169982910156,743.900024414062,755.169982910156,755.169982910156,58300
2023-03-03,759.539978027344,761.820007324219,757.619995117188,760.570007324219,760.570007324219,56100
2023-03-06,763.159973144531,763.409973144531,757.739990234375,759.830017089844,759.830017089844,45400
2023-03-07,756.400024414062,759.77001953125,751.02001953125,751.52001953125,751.52001953125,53400
2023-03-08,748.599975585938,754.200012207031,748.47998046875,753.349975585938,753.349975585938,60600
2023-03-09,751.25,755.640014648438,746.570007324219,753.200012207031,753.200012207031,49400
2023-03-10,742,747.530029296875,737.539978027344,743.030029296875,743.030029296875,87477400
2023-03-13,742.280029296875,742.440002441406,720.390014648438,727.25,727.25,118370400
2023-03-14,728.739990234375,739.409973144531,724.880004882812,737.52001953125,737.52001953125,92029400
2023-03-15,735.5,736.099975585938,715.049987792969,716.469970703125,716.469970703125,146752100
2023-03-16,726.239990234375,729.099975585938,711.809997558594,727.059997558594,727.059997558594,122968000
2023-03-17,733.130004882812,738.739990234375,718.72998046875,722.429992675781,722.429992675781,207727700
2023-03-20,718.140014648438,732.239990234375,710.890014648438,729.049987792969,729.049987792969,129059800
2023-03-21,734.179992675781,742.099975585938,733.799987792969,736.179992675781,736.179992675781,87186500
2023-03-22,737.280029296875,744.700012207031,736.090026855469,741.799987792969,741.799987792969,78773900
2023-03-23,740.150024414062,745.630004882812,736.450012207031,743.590026855469,743.590026855469,70506500
2023-03-24,742.030029296875,742.030029296875,727.929992675781,731.809997558594,731.809997558594,114498300
2023-03-27,738.609985351562,740.049987792969,733.530029296875,735.909973144531,735.909973144531,74700
2023-03-28,740.719970703125,741.849975585938,731.719970703125,733.809997558594,733.809997558594,65000
2023-03-29,739.299987792969,745.789978027344,738.75,745.539978027344,745.539978027344,64600
2023-03-30,747.900024414062,753.669982910156,747.900024414062,752.460021972656,752.460021972656,67900
2023-03-31,752.539978027344,757.72998046875,751.22998046875,756.179992675781,756.179992675781,67900
2023-04-03,758.909973144531,761.27001953125,757.330017089844,758.409973144531,758.409973144531,69200
2023-04-04,762.090026855469,765.460021972656,758.330017089844,758.359985351562,758.359985351562,66425900
2023-04-05,756.859985351562,757.880004882812,753.27001953125,755.760009765625,755.760009765625,57300
2023-04-06,757.450012207031,760.969970703125,756.719970703125,759.840026855469,759.840026855469,62200
2023-04-11,764.75,765.760009765625,762.570007324219,763.320007324219,763.320007324219,58900
2023-04-12,761.77001953125,769.140014648438,758.22998046875,759.539978027344,759.539978027344,62400
2023-04-13,758.349975585938,761.02001953125,757.02001953125,760.570007324219,760.570007324219,53700
2023-04-14,760.059997558594,763.510009765625,758.549987792969,761.400024414062,761.400024414062,69900
2023-04-17,761.179992675781,763.359985351562,758.280029296875,758.5,758.5,68065500
2023-04-18,759.27001953125,765.159973144531,758.989990234375,763.150024414062,763.150024414062,59000
2023-04-19,759.989990234375,761.159973144531,758.830017089844,760.219970703125,760.219970703125,59100
2023-04-20,761.690002441406,761.97998046875,756.419982910156,761.099975585938,761.099975585938,56400
2023-04-21,760.539978027344,763.400024414062,758.650024414062,762.190002441406,762.190002441406,74432600
2023-04-24,759.349975585938,764.640014648438,759.27001953125,762.489990234375,762.489990234375,59800
2023-04-25,758.190002441406,758.469970703125,754.450012207031,755.450012207031,755.450012207031,66700
2023-04-26,750.380004882812,751.179992675781,745.260009765625,749.599975585938,749.599975585938,71300
2023-04-27,747.179992675781,752.650024414062,746.400024414062,752.599975585938,752.599975585938,65900
2023-04-28,754.52001953125,758.940002441406,748.450012207031,758.489990234375,758.489990234375,78900
2023-05-02,758.739990234375,759.909973144531,743.549987792969,744.309997558594,744.309997558594,71900
2023-05-03,748.049987792969,748.5,743.099975585938,744.239990234375,744.239990234375,51700
2023-05-04,744.52001953125,744.820007324219,735.909973144531,741.219970703125,741.219970703125,69400
2023-05-05,745.159973144531,750.950012207031,743.590026855469,750.47998046875,750.47998046875,62869300
2023-05-08,751.890014648438,754.830017089844,751.219970703125,752.679992675781,752.679992675781,36400
2023-05-09,751.580017089844,751.929992675781,744.739990234375,748.380004882812,748.380004882812,62100
2023-05-10,748.030029296875,751.150024414062,745.330017089844,748.289978027344,748.289978027344,70000
2023-05-11,750.309997558594,755.75,747.140014648438,751.119995117188,751.119995117188,70200
2023-05-12,753.289978027344,755.869995117188,751.950012207031,752.989990234375,752.989990234375,60300
2023-05-15,756,757.840026855469,753.460021972656,756.179992675781,756.179992675781,52700
2023-05-16,755.320007324219,759.289978027344,754.609985351562,756.219970703125,756.219970703125,60000
2023-05-17,754.890014648438,759.039978027344,753.820007324219,758.280029296875,758.280029296875,74300
2023-05-18,760.080017089844,766.140014648438,759.820007324219,765.280029296875,765.280029296875,53900
2023-05-19,767.919982910156,771.739990234375,767.099975585938,767.099975585938,767.099975585938,73800
2023-05-22,766.809997558594,768.590026855469,765.330017089844,767.609985351562,767.609985351562,52800
2023-05-23,766.539978027344,769,765.510009765625,765.97998046875,765.97998046875,57600
2023-05-24,760.039978027344,760.5,750.219970703125,754.130004882812,754.130004882812,66200
2023-05-25,758.440002441406,759.340026855469,753.580017089844,755.210021972656,755.210021972656,63700
2023-05-26,758.75,770.390014648438,756.739990234375,767.859985351562,767.859985351562,60300
2023-05-29,769.02001953125,769.52001953125,763.659973144531,764.099975585938,764.099975585938,26500
2023-05-30,765.289978027344,765.950012207031,755.380004882812,756.669982910156,756.669982910156,62700
2023-05-31,750.140014648438,756.030029296875,748.450012207031,748.859985351562,748.859985351562,161000
2023-06-01,754.409973144531,758.02001953125,752.549987792969,756.349975585938,756.349975585938,48000
2023-06-02,759.429992675781,765.820007324219,758.140014648438,764.919982910156,764.919982910156,71200
2023-06-05,767.409973144531,768.419982910156,763.200012207031,763.340026855469,763.340026855469,52800
2023-06-06,759.77001953125,762.650024414062,757.080017089844,762.219970703125,762.219970703125,60500
2023-06-07,761.679992675781,763.650024414062,759.409973144531,761.609985351562,761.609985351562,61100
2023-06-08,758.119995117188,761.119995117188,757.320007324219,760.940002441406,760.940002441406,58200
2023-06-09,763.340026855469,763.340026855469,755.929992675781,759.320007324219,759.320007324219,48197600
2023-06-12,761.349975585938,764.090026855469,759.880004882812,760.340026855469,760.340026855469,53470100
2023-06-13,766.150024414062,768.849975585938,761.909973144531,767.710021972656,767.710021972656,59400
2023-06-14,766.97998046875,773,765.960021972656,771.409973144531,771.409973144531,63200
2023-06-15,770.820007324219,774.380004882812,767.330017089844,772.640014648438,772.640014648438,59800
2023-06-16,774.880004882812,776.289978027344,772.369995117188,772.719970703125,772.719970703125,116886300
2023-06-19,770.859985351562,772.450012207031,768.239990234375,768.97998046875,768.97998046875,43400
2023-06-20,765.380004882812,767.400024414062,762.52001953125,763.090026855469,763.090026855469,44700
2023-06-21,761.429992675781,763.349975585938,758.210021972656,759.159973144531,759.159973144531,44300
2023-06-22,752.609985351562,759.169982910156,750.739990234375,759.169982910156,759.169982910156,50300
2023-06-23,756.659973144531,759.190002441406,753.780029296875,756.599975585938,756.599975585938,60500
2023-06-26,757.150024414062,759.75,751.429992675781,757.5,757.5,52400
2023-06-27,761.77001953125,763.109985351562,755.47998046875,760.559997558594,760.559997558594,51300
2023-06-28,762.830017089844,768.679992675781,762.299987792969,767.77001953125,767.77001953125,47700
2023-06-29,767.989990234375,770.25,766.530029296875,768.940002441406,768.940002441406,45200
2023-06-30,767.380004882812,775.960021972656,765.719970703125,773.940002441406,773.940002441406,67200
2023-07-03,777.099975585938,781.109985351562,776.440002441406,776.440002441406,776.440002441406,51300
2023-07-04,777.890014648438,780.809997558594,777.450012207031,778.719970703125,778.719970703125,39700
2023-07-05,773.460021972656,775.450012207031,768.919982910156,769.890014648438,769.890014648438,51900
2023-07-06,764.969970703125,765.099975585938,751.590026855469,753.340026855469,753.340026855469,65900
2023-07-07,752.919982910156,756.669982910156,747.659973144531,753.52001953125,753.52001953125,50700
2023-07-10,749.599975585938,757.599975585938,749.599975585938,755.760009765625,755.760009765625,40400
2023-07-11,757.25,758.969970703125,753.289978027344,755.820007324219,755.820007324219,48100
2023-07-12,759.97998046875,770.609985351562,759.130004882812,768.140014648438,768.140014648438,62700
2023-07-13,768.5,777.119995117188,768.5,774.799987792969,774.799987792969,48700
2023-07-14,775.530029296875,781.489990234375,775.530029296875,778.929992675781,778.929992675781,51400
2023-07-17,773.580017089844,777.739990234375,771.859985351562,773.450012207031,773.450012207031,38600
2023-07-18,770.919982910156,775.669982910156,770.919982910156,774.47998046875,774.47998046875,43400
2023-07-19,777.929992675781,779.190002441406,774.450012207031,775.030029296875,775.030029296875,50400
2023-07-20,769.739990234375,772.669982910156,768.210021972656,769.619995117188,769.619995117188,55500
2023-07-21,768.130004882812,773.840026855469,768.030029296875,773.75,773.75,50700
2023-07-24,771.409973144531,773.789978027344,769.210021972656,771.549987792969,771.549987792969,57300
2023-07-25,777.739990234375,781.130004882812,775.659973144531,779.809997558594,779.809997558594,61000
2023-07-26,777.940002441406,777.940002441406,770.530029296875,775.460021972656,775.460021972656,55000
2023-07-27,779.02001953125,793.070007324219,779.02001953125,792.059997558594,792.059997558594,66800
2023-07-28,788.539978027344,795.200012207031,787.97998046875,794.27001953125,794.27001953125,57818400
2023-07-31,792.47998046875,794.409973144531,789.52001953125,792,792,52552100
2023-08-01,790.169982910156,792.130004882812,784.669982910156,786.140014648438,786.140014648438,46279800
2023-08-02,777,782.47998046875,772.969970703125,775.030029296875,775.030029296875,63389800
2023-08-03,770.25,771.429992675781,764.090026855469,770.070007324219,770.070007324219,67862100
2023-08-04,770.940002441406,773.359985351562,766.400024414062,772.710021972656,772.710021972656,58633700
2023-08-07,769.47998046875,772.909973144531,768.02001953125,772.130004882812,772.130004882812,46049100
2023-08-08,768.77001953125,772.299987792969,763.109985351562,767,767,55520400
2023-08-09,772.469970703125,774.969970703125,769.080017089844,770.219970703125,770.219970703125,57600
2023-08-10,772.869995117188,780.659973144531,772.570007324219,777.789978027344,777.789978027344,60200
2023-08-11,773.619995117188,773.940002441406,763.359985351562,765.159973144531,765.159973144531,53100
2023-08-14,764.010009765625,766.830017089844,761.070007324219,766.210021972656,766.210021972656,49700
2023-08-15,768.559997558594,768.559997558594,756.700012207031,759.280029296875,759.280029296875,49500
2023-08-16,756.77001953125,759.460021972656,754.039978027344,756.849975585938,756.849975585938,49400
2023-08-17,755.820007324219,757.989990234375,737.359985351562,737.630004882812,737.630004882812,67400
2023-08-18,735.909973144531,736.650024414062,729.609985351562,735.039978027344,735.039978027344,61900
2023-08-21,735.690002441406,735.690002441406,733.590026855469,733.590026855469,733.590026855469,50400
2023-08-22,738.219970703125,743.840026855469,736.830017089844,738.210021972656,738.210021972656,45200
2023-08-23,739.849975585938,742.989990234375,737.359985351562,740.72998046875,740.72998046875,46200
2023-08-24,748.179992675781,749.210021972656,733.340026855469,733.989990234375,733.989990234375,46200
2023-08-25,732,739.159973144531,731.960021972656,733.369995117188,733.369995117188,48800
2023-08-28,739.340026855469,743.22998046875,737.510009765625,741.760009765625,741.760009765625,41300
2023-08-29,743.739990234375,746.640014648438,741.969970703125,745.890014648438,745.890014648438,59100
2023-08-30,746.039978027344,748.200012207031,742.330017089844,745.429992675781,745.429992675781,51300
2023-08-31,746.650024414062,749.97998046875,743.619995117188,743.619995117188,743.619995117188,105511900
2023-09-01,744.539978027344,749.890014648438,743.880004882812,746.049987792969,746.049987792969,49700
2023-09-04,750.47998046875,754.760009765625,746.820007324219,747.429992675781,747.429992675781,31267300
2023-09-05,744.25,748.77001953125,740.630004882812,747.109985351562,747.109985351562,46500
2023-09-06,743.5,748.599975585938,741.099975585938,745.429992675781,745.429992675781,48300
2023-09-07,741.900024414062,744.349975585938,737.929992675781,739.710021972656,739.710021972656,47900
2023-09-08,741.97998046875,742.169982910156,732.75,739.090026855469,739.090026855469,46000
2023-09-11,741.419982910156,744.849975585938,738.47998046875,738.890014648438,738.890014648438,44500
2023-09-12,741.340026855469,741.679992675781,734.619995117188,736.690002441406,736.690002441406,49700
2023-09-13,733.659973144531,736.289978027344,731.150024414062,734.929992675781,734.929992675781,44900
2023-09-14,737.260009765625,745.789978027344,734.640014648438,744.460021972656,744.460021972656,69200
2023-09-15,748.450012207031,749.27001953125,741.099975585938,741.510009765625,741.510009765625,117900
2023-09-18,740.679992675781,741.039978027344,734.650024414062,735.849975585938,735.849975585938,49700
2023-09-19,734.590026855469,739.450012207031,732.960021972656,734.929992675781,734.929992675781,45000
2023-09-20,735.5,740.739990234375,734.530029296875,738.320007324219,738.320007324219,52357300
2023-09-21,733.119995117188,734.429992675781,728.820007324219,731.719970703125,731.719970703125,58998400
2023-09-22,728.72998046875,732.22998046875,726.659973144531,730.090026855469,730.090026855469,87723300
2023-09-25,728.390014648438,730.570007324219,721.25,726.640014648438,726.640014648438,51660500
2023-09-26,720.799987792969,724.140014648438,718.900024414062,721.429992675781,721.429992675781,50200
2023-09-27,723.809997558594,726.27001953125,719.659973144531,721.739990234375,721.739990234375,75000
2023-09-28,720.650024414062,726.02001953125,715.619995117188,725.989990234375,725.989990234375,63000
2023-09-29,729.809997558594,736.200012207031,728.789978027344,728.789978027344,728.789978027344,64300
2023-10-02,730.650024414062,731.909973144531,721.289978027344,724.179992675781,724.179992675781,43000
2023-10-03,721.570007324219,726.179992675781,719.169982910156,719.669982910156,719.669982910156,49600
2023-10-04,715.559997558594,725.400024414062,715.320007324219,720.859985351562,720.859985351562,57100
2023-10-05,722.809997558594,726.059997558594,720.950012207031,721.75,721.75,47800
2023-10-06,721.599975585938,726.890014648438,718.760009765625,726.700012207031,726.700012207031,65100
2023-10-09,726.859985351562,730.900024414062,724.159973144531,726,726,48700
2023-10-10,731.510009765625,739.969970703125,731.380004882812,738.890014648438,738.890014648438,62300
2023-10-11,736.739990234375,741.799987792969,736.679992675781,737.780029296875,737.780029296875,51600
2023-10-12,742.190002441406,744.929992675781,740.169982910156,741.52001953125,741.52001953125,49800
2023-10-13,738.820007324219,743,733.080017089844,733.900024414062,733.900024414062,54300
2023-10-16,736.809997558594,737.559997558594,731.5,735.390014648438,735.390014648438,44000
2023-10-17,733.450012207031,738.429992675781,730.5,736.77001953125,736.77001953125,43800
2023-10-18,732.640014648438,737.780029296875,728.200012207031,729.570007324219,729.570007324219,47900
2023-10-19,728.340026855469,730.849975585938,725.119995117188,727.609985351562,727.609985351562,49500
2023-10-20,721.919982910156,724.559997558594,716.239990234375,716.239990234375,716.239990234375,73900
2023-10-23,716.450012207031,719.75,711.690002441406,719.179992675781,719.179992675781,49200
2023-10-24,718.929992675781,723.530029296875,715.77001953125,721.72998046875,721.72998046875,47800
2023-10-25,721.960021972656,724.260009765625,718.950012207031,722.239990234375,722.239990234375,55600
2023-10-26,715.179992675781,722.159973144531,713.780029296875,719.299987792969,719.299987792969,55200
2023-10-27,719.280029296875,723.429992675781,713.280029296875,714.25,714.25,51300
2023-10-30,717.400024414062,719.710021972656,712.77001953125,714.049987792969,714.049987792969,41326400
2023-10-31,713.840026855469,721.5,713.739990234375,718.599975585938,718.599975585938,55512700
2023-11-01,720.440002441406,725.289978027344,716.489990234375,722.22998046875,722.22998046875,47392300
2023-11-02,728.450012207031,738.359985351562,728.179992675781,736.030029296875,736.030029296875,77199400
2023-11-03,739.070007324219,739.549987792969,735.070007324219,736.309997558594,736.309997558594,61631200
2023-11-06,738.299987792969,739.169982910156,734.969970703125,735.340026855469,735.340026855469,45800
2023-11-07,733.849975585938,737.219970703125,733.109985351562,735.739990234375,735.739990234375,48400
2023-11-08,730.72998046875,737.289978027344,729.940002441406,734.640014648438,734.640014648438,78000
2023-11-09,732.789978027344,749.830017089844,730.099975585938,749.159973144531,749.159973144531,64100
2023-11-10,745.679992675781,748.260009765625,742.450012207031,746.309997558594,746.309997558594,45400
2023-11-13,750.219970703125,753.820007324219,748.909973144531,753.409973144531,753.409973144531,54100
2023-11-14,754.200012207031,761.010009765625,751.549987792969,758.150024414062,758.150024414062,64700
2023-11-15,759.869995117188,764.349975585938,759.869995117188,762.820007324219,762.820007324219,61400
2023-11-16,758.669982910156,760.820007324219,753.849975585938,753.909973144531,753.909973144531,69000
2023-11-17,752.809997558594,759.299987792969,752.809997558594,758.590026855469,758.590026855469,74400
2023-11-20,757.890014648438,760.059997558594,757.539978027344,759.469970703125,759.469970703125,42500
2023-11-21,758.659973144531,760.169982910156,757.119995117188,758.559997558594,758.559997558594,43500
2023-11-22,759.140014648438,761.119995117188,758.190002441406,760.039978027344,760.039978027344,47229700
2023-11-23,760.909973144531,762.440002441406,759.280029296875,762.320007324219,762.320007324219,40650200
2023-11-24,761.409973144531,766.340026855469,761.380004882812,765.659973144531,765.659973144531,34100
2023-11-27,764.659973144531,766.739990234375,763.700012207031,764.219970703125,764.219970703125,39400
2023-11-28,761.5,762.140014648438,758.969970703125,761.369995117188,761.369995117188,43700
2023-11-29,759.359985351562,764.309997558594,759.030029296875,761.989990234375,761.989990234375,52700
2023-11-30,764.52001953125,768.030029296875,761.710021972656,765.039978027344,765.039978027344,176400
2023-12-01,767.450012207031,772.340026855469,767.440002441406,771.369995117188,771.369995117188,53300
2023-12-04,770.299987792969,773.239990234375,769.539978027344,770.609985351562,770.609985351562,53000
2023-12-05,768.869995117188,775.25,768.469970703125,774.070007324219,774.070007324219,56600
2023-12-06,776.099975585938,779.030029296875,775.530029296875,776.179992675781,776.179992675781,67500
2023-12-07,774.840026855469,777.169982910156,773.989990234375,776.340026855469,776.340026855469,49500
2023-12-08,777.690002441406,783.599975585938,776.739990234375,781.849975585938,781.849975585938,56800
2023-12-11,782.419982910156,787.070007324219,780.400024414062,786.450012207031,786.450012207031,54600
2023-12-12,785.849975585938,790.52001953125,785.22998046875,786.130004882812,786.130004882812,58400
2023-12-13,787.320007324219,791.070007324219,787.02001953125,787.02001953125,787.02001953125,55700
2023-12-14,793.390014648438,798.090026855469,786.239990234375,789.909973144531,789.909973144531,86000
2023-12-15,793.700012207031,796.119995117188,790.960021972656,793.130004882812,793.130004882812,142400
2023-12-18,790.190002441406,793.109985351562,787.72998046875,789.150024414062,789.150024414062,56100
2023-12-19,789.940002441406,793.369995117188,789.940002441406,792.47998046875,792.47998046875,54500
2023-12-20,793.570007324219,796,790.030029296875,793.690002441406,793.690002441406,53200
2023-12-21,789.380004882812,791.299987792969,787.119995117188,789.880004882812,789.880004882812,43000
2023-12-22,789.150024414062,789.47998046875,782.609985351562,785.450012207031,785.450012207031,47600
2023-12-27,788.510009765625,789.320007324219,785.460021972656,786.840026855469,786.840026855469,41100
2023-12-28,789.390014648438,789.580017089844,786.039978027344,787.039978027344,787.039978027344,35434000
2023-12-29,787.789978027344,790.210021972656,785.960021972656,786.820007324219,786.820007324219,34600
