"Fecha","Open","High","Low","Close","Adj.Close","Volume"
2007-01-02,60.9799995422363,61.5499992370605,60.4099998474121,61.0499992370605,61.0499992370605,41686
2007-01-03,60.9500007629395,60.9700012207031,57.7200012207031,58.3199996948242,58.3199996948242,248547
2007-01-04,58.3499984741211,58.5800018310547,55.3899993896484,55.5900001525879,55.5900001525879,324010
2007-01-05,55.4099998474121,56.4000015258789,54.9000015258789,56.310001373291,56.310001373291,250130
2007-01-08,56.2400016784668,57.7200012207031,55.0999984741211,56.0900001525879,56.0900001525879,298727
2007-01-09,56.1199989318848,56.2000007629395,53.8800010681152,55.6399993896484,55.6399993896484,333330
2007-01-10,55.75,55.810001373291,53.439998626709,54.0200004577637,54.0200004577637,282508
2007-01-11,53.5900001525879,54.7299995422363,51.7999992370605,51.8800010681152,51.8800010681152,341657
2007-01-12,52.0699996948242,53.1100006103516,51.560001373291,52.9900016784668,52.9900016784668,317900
2007-01-15,NA,NA,NA,NA,NA,NA
2007-01-16,52.939998626709,53.5499992370605,50.5299987792969,51.2099990844727,51.2099990844727,276095
2007-01-17,51.2000007629395,52.4000015258789,50.2799987792969,52.2400016784668,52.2400016784668,244372
2007-01-18,52.4000015258789,52.689998626709,49.9000015258789,50.4799995422363,50.4799995422363,167275
2007-01-19,50.4700012207031,52.0499992370605,50.1199989318848,51.9900016784668,51.9900016784668,118596
2007-01-22,52.0900001525879,53.439998626709,50.7999992370605,51.1300010681152,51.1300010681152,268288
2007-01-23,52.6399993896484,55.1500015258789,52.4099998474121,55.0400009155273,55.0400009155273,243676
2007-01-24,54.9700012207031,55.4500007629395,53.6599998474121,55.3699989318848,55.3699989318848,250596
2007-01-25,55.3899993896484,55.9000015258789,54.0999984741211,54.2299995422363,54.2299995422363,214449
2007-01-26,54.3300018310547,55.5800018310547,54.2000007629395,55.4199981689453,55.4199981689453,167981
2007-01-29,55.6300010681152,55.9599990844727,53.75,54.0099983215332,54.0099983215332,209141
2007-01-30,53.8699989318848,57.0499992370605,53.8199996948242,56.9700012207031,56.9700012207031,279880
2007-01-31,56.9000015258789,58.25,55.75,58.1399993896484,58.1399993896484,315015
2007-02-01,57.8899993896484,58.8600006103516,57.0999984741211,57.2999992370605,57.2999992370605,282637
2007-02-02,57.3899993896484,59.25,57.0499992370605,59.0200004577637,59.0200004577637,213512
2007-02-05,59.25,59.9500007629395,58.4599990844727,58.7400016784668,58.7400016784668,251449
2007-02-06,58.9000015258789,59.9900016784668,58.5,58.8800010681152,58.8800010681152,276430
2007-02-07,59.1199989318848,59.8499984741211,57.25,57.7099990844727,57.7099990844727,335594
2007-02-08,57.7299995422363,59.8699989318848,57.2999992370605,59.7099990844727,59.7099990844727,301777
2007-02-09,59.7799987792969,60.7999992370605,59.2999992370605,59.8899993896484,59.8899993896484,316792
2007-02-12,59.6800003051758,59.7599983215332,57.3800010681152,57.810001373291,57.810001373291,277173
2007-02-13,57.6100006103516,59.5999984741211,57.2400016784668,59.060001373291,59.060001373291,266256
2007-02-14,59.0299987792969,59.2599983215332,57.5,58,58,254613
2007-02-15,58.0299987792969,58.5099983215332,56.6199989318848,57.9900016784668,57.9900016784668,213963
2007-02-16,58.0400009155273,59.4500007629395,57.5900001525879,59.3899993896484,59.3899993896484,213963
2007-02-20,58.8699989318848,59.25,57.3199996948242,58.0699996948242,58.0699996948242,236649
2007-02-21,58.8899993896484,60.6300010681152,58.0699996948242,60.0699996948242,60.0699996948242,243533
2007-02-22,60.1300010681152,61.25,59.6100006103516,60.9500007629395,60.9500007629395,259092
2007-02-23,60.7200012207031,61.7999992370605,60.5,61.1399993896484,61.1399993896484,261829
2007-02-26,60.8800010681152,61.75,60.4500007629395,61.3899993896484,61.3899993896484,203506
2007-02-27,61.4599990844727,62.25,60.060001373291,61.4599990844727,61.4599990844727,291700
2007-02-28,60.2799987792969,62.0999984741211,59.9199981689453,61.7900009155273,61.7900009155273,270667
2007-03-01,61.8199996948242,62.4900016784668,60.7999992370605,62,62,242342
2007-03-02,61.8400001525879,62.4000015258789,61.1599998474121,61.6399993896484,61.6399993896484,178215
2007-03-05,61.2999992370605,61.2999992370605,59.5499992370605,60.0699996948242,60.0699996948242,230675
2007-03-06,59.8899993896484,60.7999992370605,59.6500015258789,60.689998626709,60.689998626709,223855
2007-03-07,60.7900009155273,62.0999984741211,60.6399993896484,61.8199996948242,61.8199996948242,253462
2007-03-08,61.7400016784668,62.2999992370605,61.2000007629395,61.6399993896484,61.6399993896484,239556
2007-03-09,61.7099990844727,61.8300018310547,59.8699989318848,60.0499992370605,60.0499992370605,248690
2007-03-12,59.9599990844727,59.9599990844727,58.5999984741211,58.9099998474121,58.9099998474121,256103
2007-03-13,59.0099983215332,59.9500007629395,57.75,57.9300003051758,57.9300003051758,291848
2007-03-14,58.1699981689453,58.439998626709,57.2999992370605,58.1599998474121,58.1599998474121,226839
2007-03-15,58.2000007629395,58.6399993896484,57.4000015258789,57.5499992370605,57.5499992370605,197137
2007-03-16,57.5299987792969,58.2900009155273,56.1699981689453,57.1100006103516,57.1100006103516,149055
2007-03-19,57.1100006103516,57.5999984741211,56.2999992370605,56.5900001525879,56.5900001525879,114242
2007-03-20,56.6699981689453,57.5800018310547,56.0999984741211,56.7299995422363,56.7299995422363,234310
2007-03-21,59.6500015258789,60.1300010681152,59.2099990844727,59.6100006103516,59.6100006103516,199403
2007-03-22,60.0200004577637,62.0499992370605,59.9500007629395,61.689998626709,61.689998626709,236870
2007-03-23,61.9700012207031,62.6500015258789,61.25,62.2799987792969,62.2799987792969,210693
2007-03-26,62.3400001525879,63.2999992370605,62.3400001525879,62.9099998474121,62.9099998474121,229559
2007-03-27,62.8300018310547,68.0899963378906,62.2400016784668,62.9300003051758,62.9300003051758,191030
2007-03-28,64.4000015258789,64.9599990844727,63.3600006103516,64.0800018310547,64.0800018310547,245554
2007-03-29,64.0299987792969,66.5,63.5,66.0299987792969,66.0299987792969,301254
2007-03-30,66.0500030517578,66.7799987792969,65.5100021362305,65.870002746582,65.870002746582,247788
2007-04-02,65.6999969482422,66.6900024414062,65.0800018310547,65.9400024414062,65.9400024414062,208921
2007-04-03,65.8000030517578,65.9400024414062,63.9599990844727,64.6399993896484,64.6399993896484,200459
2007-04-04,64.5199966430664,65.0899963378906,63.560001373291,64.379997253418,64.379997253418,254552
2007-04-05,64.3899993896484,64.9400024414062,63.5999984741211,64.2799987792969,64.2799987792969,203939
2007-04-09,63.8499984741211,64.3600006103516,61.3499984741211,61.5099983215332,61.5099983215332,274016
2007-04-10,61.7200012207031,62.2799987792969,61.3499984741211,61.8899993896484,61.8899993896484,241522
2007-04-11,61.810001373291,62.560001373291,61.5299987792969,62.0099983215332,62.0099983215332,248043
2007-04-12,61.9199981689453,63.9599990844727,61.8600006103516,63.8499984741211,63.8499984741211,269305
2007-04-13,63.9000015258789,64.5800018310547,63.3800010681152,63.6300010681152,63.6300010681152,229094
2007-04-16,63.4099998474121,64.2099990844727,62.5,63.6100006103516,63.6100006103516,231803
2007-04-17,63.5999984741211,64.6399993896484,63.0499992370605,63.0999984741211,63.0999984741211,217730
2007-04-18,63.25,63.4099998474121,62.4000015258789,63.1300010681152,63.1300010681152,118227
2007-04-19,62.9900016784668,63.2700004577637,61.3400001525879,61.8300018310547,61.8300018310547,84607
2007-04-20,61.7900009155273,63.5999984741211,61.7700004577637,63.3800010681152,63.3800010681152,170314
2007-04-23,64.1100006103516,65.9599990844727,63.7000007629395,65.8899993896484,65.8899993896484,190337
2007-04-24,65.75,66.3000030517578,64.0999984741211,64.5800018310547,64.5800018310547,253742
2007-04-25,64.6100006103516,65.9199981689453,64.5199966430664,65.8399963378906,65.8399963378906,199322
2007-04-26,65.6800003051758,66.4000015258789,64.8199996948242,65.0599975585938,65.0599975585938,213017
2007-04-27,65.3000030517578,66.6999969482422,64.5800018310547,66.4599990844727,66.4599990844727,218282
2007-04-30,66.3600006103516,66.6500015258789,65.5299987792969,65.7099990844727,65.7099990844727,225414
2007-05-01,65.6600036621094,66.1500015258789,64.1500015258789,64.4000015258789,64.4000015258789,263825
2007-05-02,64.4300003051758,64.6699981689453,63.0499992370605,63.6800003051758,63.6800003051758,239556
2007-05-03,63.4799995422363,64.0899963378906,62.7400016784668,63.189998626709,63.189998626709,213561
2007-05-04,63.25,63.439998626709,61.560001373291,61.9300003051758,61.9300003051758,232525
2007-05-07,61.7099990844727,62.060001373291,60.8499984741211,61.4700012207031,61.4700012207031,248499
2007-05-08,61.6399993896484,62.5800018310547,61.2099990844727,62.2599983215332,62.2599983215332,277666
2007-05-09,62.1800003051758,62.4799995422363,60.6800003051758,61.5499992370605,61.5499992370605,275338
2007-05-10,61.5699996948242,62.5,61.3800010681152,61.810001373291,61.810001373291,256968
2007-05-11,61.8899993896484,62.560001373291,61.6800003051758,62.3699989318848,62.3699989318848,216920
2007-05-14,62.4300003051758,63.0699996948242,62.1399993896484,62.4599990844727,62.4599990844727,200433
2007-05-15,62.5400009155273,63.2999992370605,62.0699996948242,63.1699981689453,63.1699981689453,185334
2007-05-16,63.1500015258789,63.2999992370605,61.9000015258789,62.5499992370605,62.5499992370605,216160
2007-05-17,62.6199989318848,65.0899963378906,62.4799995422363,64.8600006103516,64.8600006103516,267955
2007-05-18,64.9199981689453,65.6399993896484,64.5699996948242,64.9400024414062,64.9400024414062,173061
2007-05-21,64.9499969482422,66.379997253418,64.4499969482422,66.2699966430664,66.2699966430664,114928
2007-05-22,66.2699966430664,66.3499984741211,64.8000030517578,64.9700012207031,64.9700012207031,201705
2007-05-23,65.6100006103516,66.1999969482422,65.0500030517578,65.7699966430664,65.7699966430664,230829
2007-05-24,65.7200012207031,66.1500015258789,63.8199996948242,64.1800003051758,64.1800003051758,212993
2007-05-25,64.4800033569336,65.3000030517578,64.2099990844727,65.1999969482422,65.1999969482422,144492
2007-05-29,64.9800033569336,65.2399978637695,62.5400009155273,63.1500015258789,63.1500015258789,221016
2007-05-30,63.2599983215332,63.8699989318848,62.8800010681152,63.4900016784668,63.4900016784668,215024
2007-05-31,63.310001373291,64.2699966430664,62.4300003051758,64.0100021362305,64.0100021362305,275955
2007-06-01,64.2300033569336,65.25,63.7999992370605,65.0800018310547,65.0800018310547,225803
2007-06-04,64.870002746582,66.4800033569336,64.5299987792969,66.2099990844727,66.2099990844727,228630
2007-06-05,66.0500030517578,66.1999969482422,65.2300033569336,65.6100006103516,65.6100006103516,200804
2007-06-06,65.6699981689453,66.3099975585938,65.2099990844727,65.9599990844727,65.9599990844727,222155
2007-06-07,65.9000015258789,67.4199981689453,65.8199996948242,66.9300003051758,66.9300003051758,275768
2007-06-08,66.6999969482422,66.8300018310547,64.5599975585938,64.7600021362305,64.7600021362305,284370
2007-06-11,64.6999969482422,66.0699996948242,64.5199966430664,65.9700012207031,65.9700012207031,234653
2007-06-12,65.879997253418,66.0800018310547,64.870002746582,65.3499984741211,65.3499984741211,187698
2007-06-13,65.2200012207031,66.4800033569336,64.9000015258789,66.2600021362305,66.2600021362305,231771
2007-06-14,66.0299987792969,67.8899993896484,65.9499969482422,67.6500015258789,67.6500015258789,228281
2007-06-15,67.6900024414062,68.3000030517578,67.2399978637695,68,68,194410
2007-06-18,68.129997253418,69.1500015258789,67.4000015258789,69.0899963378906,69.0899963378906,145142
2007-06-19,69.0100021362305,69.5599975585938,68.4000015258789,69.0999984741211,69.0999984741211,127212
2007-06-20,69.0199966430664,69.1699981689453,67.2900009155273,68.1900024414062,68.1900024414062,257224
2007-06-21,68.6999969482422,69.879997253418,68.2799987792969,68.6500015258789,68.6500015258789,228408
2007-06-22,68.6600036621094,69.5,68.1699981689453,69.1399993896484,69.1399993896484,191213
2007-06-25,68.8499984741211,69.4499969482422,67.5500030517578,69.1800003051758,69.1800003051758,240247
2007-06-26,69.0199966430664,69.1900024414062,67.5999984741211,67.7699966430664,67.7699966430664,199705
2007-06-27,67.8300018310547,69.3600006103516,67.0699996948242,68.9700012207031,68.9700012207031,259461
2007-06-28,69,70.5199966430664,68.9199981689453,69.5699996948242,69.5699996948242,261461
2007-06-29,70.0999984741211,71.0599975585938,69.4599990844727,70.6800003051758,70.6800003051758,200610
2007-07-02,70.5199966430664,71.3399963378906,69.5699996948242,71.0899963378906,71.0899963378906,217108
2007-07-03,71.2799987792969,71.4899978637695,70.6999969482422,71.4100036621094,71.4100036621094,217108
2007-07-05,71.25,72.3499984741211,70.8000030517578,71.8099975585938,71.8099975585938,226307
2007-07-06,71.8000030517578,72.9400024414062,71.5599975585938,72.8099975585938,72.8099975585938,219298
2007-07-09,72.75,73,71.8099975585938,72.1900024414062,72.1900024414062,227743
2007-07-10,72.0500030517578,73.0800018310547,71.5999984741211,72.8099975585938,72.8099975585938,214253
2007-07-11,72.6100006103516,73.0299987792969,72.0800018310547,72.5599975585938,72.5599975585938,207520
2007-07-12,72.4499969482422,73.8000030517578,71.9199981689453,72.5,72.5,250479
2007-07-13,72.7200012207031,74.0100021362305,72.2600021362305,73.9300003051758,73.9300003051758,243393
2007-07-16,74.0100021362305,74.5,73.629997253418,74.1500015258789,74.1500015258789,203487
2007-07-17,74.2799987792969,75.3499984741211,73.5,74.0199966430664,74.0199966430664,262637
2007-07-18,74.2099990844727,75.2799987792969,73.9000015258789,75.0500030517578,75.0500030517578,172324
2007-07-19,75.0699996948242,76,74.629997253418,75.9199981689453,75.9199981689453,126815
2007-07-20,75.9599990844727,76.129997253418,75.1600036621094,75.5699996948242,75.5699996948242,173789
2007-07-23,75.6900024414062,75.6900024414062,74.4400024414062,74.8899993896484,74.8899993896484,166780
2007-07-24,74.8899993896484,74.9300003051758,72.9100036621094,73.5599975585938,73.5599975585938,243495
2007-07-25,73.3499984741211,76.379997253418,73.0999984741211,75.879997253418,75.879997253418,216078
2007-07-26,76.3099975585938,77.2399978637695,74.5999984741211,74.9499969482422,74.9499969482422,269575
2007-07-27,75.0500030517578,77.120002746582,74.6999969482422,77.0199966430664,77.0199966430664,216573
2007-07-30,76.9499969482422,77.3300018310547,76.0500030517578,76.8300018310547,76.8300018310547,189456
2007-07-31,76.6999969482422,78.2799987792969,76.5999984741211,78.2099990844727,78.2099990844727,196464
2007-08-01,77.9400024414062,78.7699966430664,76.0899963378906,76.5299987792969,76.5299987792969,306683
2007-08-02,76.7399978637695,77.4400024414062,75.5199966430664,76.8600006103516,76.8600006103516,214006
2007-08-03,76.8899993896484,77.3600006103516,75.0400009155273,75.4800033569336,75.4800033569336,233021
2007-08-06,75.0400009155273,75.0999984741211,71.5999984741211,72.0599975585938,72.0599975585938,292987
2007-08-07,72.0599975585938,72.620002746582,71.1399993896484,72.4199981689453,72.4199981689453,284128
2007-08-08,72.379997253418,73.1999969482422,71.8499984741211,72.1500015258789,72.1500015258789,263747
2007-08-09,72.2699966430664,72.4000015258789,70.5,71.5899963378906,71.5899963378906,269865
2007-08-10,71.5899963378906,71.6900024414062,70.0999984741211,71.4700012207031,71.4700012207031,226674
2007-08-13,71.4700012207031,73.1900024414062,71.120002746582,71.620002746582,71.620002746582,245898
2007-08-14,71.5500030517578,72.7699966430664,71.3600006103516,72.379997253418,72.379997253418,231544
2007-08-15,72.6900024414062,74.2300033569336,72.3199996948242,73.3300018310547,73.3300018310547,280131
2007-08-16,73.1399993896484,73.1399993896484,70.0999984741211,71,71,293836
2007-08-17,71.6699981689453,72.5400009155273,71,71.9800033569336,71.9800033569336,170218
2007-08-20,71.7699966430664,71.7699966430664,70.0500030517578,71.120002746582,71.120002746582,138081
2007-08-21,70.9000015258789,71.5,68.7600021362305,69.4700012207031,69.4700012207031,248510
2007-08-22,69.6399993896484,70.3000030517578,68.629997253418,69.2600021362305,69.2600021362305,207894
2007-08-23,69.3499984741211,70.0800018310547,69.0299987792969,69.8300018310547,69.8300018310547,170980
2007-08-24,70.0199966430664,71.3499984741211,69.5199966430664,71.0899963378906,71.0899963378906,164270
2007-08-27,71.0400009155273,72.1399993896484,70.1999969482422,71.9700012207031,71.9700012207031,186005
2007-08-28,72.120002746582,72.25,71.1999969482422,71.7300033569336,71.7300033569336,181538
2007-08-29,71.5800018310547,73.6399993896484,71.4100036621094,73.5100021362305,73.5100021362305,213070
2007-08-30,73.5,73.9599990844727,72.75,73.3600006103516,73.3600006103516,180828
2007-08-31,73.5999984741211,74.4400024414062,73.4000015258789,74.0400009155273,74.0400009155273,180828
2007-09-04,73.9000015258789,75.25,73.4800033569336,75.0800018310547,75.0800018310547,221913
2007-09-05,75.120002746582,75.9199981689453,74.75,75.7300033569336,75.7300033569336,226377
2007-09-06,75.879997253418,77.4300003051758,75.3300018310547,76.3000030517578,76.3000030517578,330624
2007-09-07,76.1500015258789,77,75.629997253418,76.6999969482422,76.6999969482422,222964
2007-09-10,76.4599990844727,78.4700012207031,75.5199966430664,77.4899978637695,77.4899978637695,296680
2007-09-11,77.7900009155273,78.370002746582,76.9199981689453,78.2300033569336,78.2300033569336,291803
2007-09-12,78.1600036621094,80.1800003051758,78.0100021362305,79.9100036621094,79.9100036621094,302927
2007-09-13,79.6500015258789,80.1999969482422,79.1900024414062,80.0899963378906,80.0899963378906,237513
2007-09-14,79.9199981689453,80.3600006103516,78.75,79.0999984741211,79.0999984741211,257062
2007-09-17,79.0299987792969,80.9199981689453,78.25,80.5699996948242,80.5699996948242,270760
2007-09-18,80.8600006103516,82.379997253418,80.2300033569336,81.5100021362305,81.5100021362305,237631
2007-09-19,82.1699981689453,82.5100021362305,80.870002746582,81.9300003051758,81.9300003051758,203173
2007-09-20,81.7300033569336,83.9000015258789,81.6100006103516,83.3199996948242,83.3199996948242,232184
2007-09-21,81.7799987792969,82.4000015258789,80.5500030517578,81.620002746582,81.620002746582,225621
2007-09-24,81.3600006103516,81.5999984741211,80.370002746582,80.9499969482422,80.9499969482422,200779
2007-09-25,80.6100006103516,80.620002746582,78.9599990844727,79.5299987792969,79.5299987792969,249620
2007-09-26,79.3199996948242,80.8199996948242,78.4400024414062,80.3000030517578,80.3000030517578,342097
2007-09-27,80.629997253418,83.0899963378906,80.5,82.879997253418,82.879997253418,292697
2007-09-28,83.25,83.7600021362305,81.3899993896484,81.6600036621094,81.6600036621094,294397
2007-10-01,81.75,82.0199966430664,79.4499969482422,80.2399978637695,80.2399978637695,269038
2007-10-02,80.2200012207031,80.4300003051758,78.870002746582,80.0500030517578,80.0500030517578,219221
2007-10-03,80.2300033569336,80.879997253418,79.5699996948242,79.9400024414062,79.9400024414062,227305
2007-10-04,79.6800003051758,81.75,78.9100036621094,81.4400024414062,81.4400024414062,252123
2007-10-05,81.4000015258789,81.6800003051758,80.5100021362305,81.2200012207031,81.2200012207031,230873
2007-10-08,81.1100006103516,81.1100006103516,78.3499984741211,79.0199966430664,79.0199966430664,253108
2007-10-09,79.2600021362305,81.0999984741211,78.3899993896484,80.2600021362305,80.2600021362305,324878
2007-10-10,80.2200012207031,81.3499984741211,79.7200012207031,81.3000030517578,81.3000030517578,264143
2007-10-11,81.3199996948242,83.6699981689453,81.25,83.0800018310547,83.0800018310547,289289
2007-10-12,82.870002746582,84.0500030517578,82.6900024414062,83.6900024414062,83.6900024414062,205946
2007-10-15,83.9100036621094,86.7099990844727,83.5,86.129997253418,86.129997253418,238654
2007-10-16,86.5,88.1999969482422,86.129997253418,87.6100006103516,87.6100006103516,340705
2007-10-17,87.5,89,86.9100036621094,87.4000015258789,87.4000015258789,323886
2007-10-18,87.0999984741211,89.7799987792969,87.0999984741211,89.4700012207031,89.4700012207031,195959
2007-10-19,89.7399978637695,90.0699996948242,87.8600006103516,88.5999984741211,88.5999984741211,176593
2007-10-22,88.8600006103516,88.8600006103516,86.1699981689453,87.5599975585938,87.5599975585938,310584
2007-10-23,85.7699966430664,86.7900009155273,84.8199996948242,85.2699966430664,85.2699966430664,262304
2007-10-24,85.1699981689453,87.7900009155273,84.6800003051758,87.0999984741211,87.0999984741211,296425
2007-10-25,87.629997253418,90.5199966430664,87.5400009155273,90.4599990844727,90.4599990844727,282486
2007-10-26,90.3600006103516,92.2200012207031,90.1999969482422,91.8600006103516,91.8600006103516,318748
2007-10-29,91.7200012207031,93.8000030517578,91.5199966430664,93.5299987792969,93.5299987792969,279080
2007-10-30,93.6699981689453,93.6800003051758,89.5299987792969,90.379997253418,90.379997253418,300422
2007-10-31,89.7200012207031,95.2799987792969,88.9199981689453,94.5299987792969,94.5299987792969,402154
2007-11-01,95.1500015258789,96.2399978637695,92.0599975585938,93.4899978637695,93.4899978637695,349181
2007-11-02,93.6500015258789,96.0299987792969,93.0500030517578,95.9300003051758,95.9300003051758,254477
2007-11-05,95.9199981689453,96.120002746582,93.7200012207031,93.9800033569336,93.9800033569336,279964
2007-11-06,94.4599990844727,97.0999984741211,94.4100036621094,96.6999969482422,96.6999969482422,302215
2007-11-07,96.8300018310547,98.6399993896484,94.620002746582,96.370002746582,96.370002746582,448361
2007-11-08,95.8399963378906,97.6999969482422,94.9300003051758,95.4599990844727,95.4599990844727,347189
2007-11-09,95.9100036621094,96.6800003051758,94.5400009155273,96.3199996948242,96.3199996948242,329488
2007-11-12,96.0100021362305,96.3499984741211,93.5400009155273,94.620002746582,94.620002746582,317037
2007-11-13,93.5899963378906,94.6999969482422,90.129997253418,91.1699981689453,91.1699981689453,502947
2007-11-14,91.3499984741211,94.370002746582,91.2099990844727,94.0899963378906,94.0899963378906,280743
2007-11-15,93.9499969482422,94.6399993896484,91.8600006103516,93.4300003051758,93.4300003051758,226712
2007-11-16,93.6999969482422,95.7300033569336,93.1999969482422,95.0999984741211,95.0999984741211,252035
2007-11-19,93.879997253418,95.1500015258789,93.1600036621094,94.6399993896484,94.6399993896484,240219
2007-11-20,94.879997253418,98.620002746582,93.9899978637695,98.0299987792969,98.0299987792969,286533
2007-11-21,98.0899963378906,99.2900009155273,96.3099975585938,97.2900009155273,97.2900009155273,286533
2007-11-23,97.3600006103516,98.4700012207031,96.1600036621094,98.1800003051758,98.1800003051758,82085
2007-11-26,98.2799987792969,99.120002746582,96.5,97.6999969482422,97.6999969482422,231374
2007-11-27,96.879997253418,97.2799987792969,94.2099990844727,94.4199981689453,94.4199981689453,266497
2007-11-28,94.5599975585938,95.2200012207031,90.3300018310547,90.620002746582,90.620002746582,353776
2007-11-29,91.3600006103516,95.1800003051758,90.4300003051758,91.0100021362305,91.0100021362305,409509
2007-11-30,91.1900024414062,91.5199966430664,88.4499969482422,88.7099990844727,88.7099990844727,298158
2007-12-03,88.7900009155273,89.9899978637695,87.1399993896484,89.3099975585938,89.3099975585938,308010
2007-12-04,89.6800003051758,89.9899978637695,87.3399963378906,88.3199996948242,88.3199996948242,281146
2007-12-05,88.2300033569336,90.3899993896484,86.8199996948242,87.4899978637695,87.4899978637695,295118
2007-12-06,87.2699966430664,90.7300033569336,85.8199996948242,90.2300033569336,90.2300033569336,279601
2007-12-07,90.5299987792969,90.6800003051758,87.0699996948242,88.2799987792969,88.2799987792969,288371
2007-12-10,88.2699966430664,89.8000030517578,87.0899963378906,87.8600006103516,87.8600006103516,288602
2007-12-11,88.2200012207031,90.5500030517578,87.9199981689453,90.0199966430664,90.0199966430664,260035
2007-12-12,89.4599990844727,94.8499984741211,89.2600021362305,94.3899993896484,94.3899993896484,358039
2007-12-13,94.2099990844727,94.8499984741211,91.8600006103516,92.25,92.25,339594
2007-12-14,92.5699996948242,93.379997253418,90.5999984741211,91.2699966430664,91.2699966430664,234006
2007-12-17,91.4300003051758,91.9499969482422,89.4899978637695,90.629997253418,90.629997253418,161950
2007-12-18,90.9700012207031,92.879997253418,88.879997253418,90.4899978637695,90.4899978637695,262878
2007-12-19,90.3499984741211,92.3399963378906,89.6999969482422,91.2399978637695,91.2399978637695,207862
2007-12-20,91.3899993896484,92.25,90.5699996948242,91.0599975585938,91.0599975585938,165409
2007-12-21,91.0400009155273,93.8399963378906,90.8300018310547,93.3099975585938,93.3099975585938,189546
2007-12-24,93.5800018310547,94.2300033569336,92.5,94.129997253418,94.129997253418,55642
2007-12-26,93.9899978637695,96.5400009155273,93.9899978637695,95.9700012207031,95.9700012207031,119876
2007-12-27,95.8099975585938,97.7900009155273,95.2200012207031,96.620002746582,96.620002746582,148819
2007-12-28,96.8399963378906,97.9199981689453,95.870002746582,96,96,143679
2007-12-31,96.120002746582,96.7799987792969,94.7300033569336,95.9800033569336,95.9800033569336,108597
2008-01-02,96.0500030517578,100,96.0500030517578,99.620002746582,99.620002746582,227099
2008-01-03,99.2300033569336,100.089996337891,98.4499969482422,99.1800003051758,99.1800003051758,241269
2008-01-04,99.1699981689453,99.4100036621094,97.0999984741211,97.9100036621094,97.9100036621094,231790
2008-01-07,97.7900009155273,98.4000015258789,94.4700012207031,95.0899963378906,95.0899963378906,258890
2008-01-08,95.3499984741211,97.5400009155273,95.2600021362305,96.3300018310547,96.3300018310547,287519
2008-01-09,96.2399978637695,97.9700012207031,95.4199981689453,95.6699981689453,95.6699981689453,346504
2008-01-10,95.7900009155273,96.2399978637695,93.2600021362305,93.7099990844727,93.7099990844727,315910
2008-01-11,93.5500030517578,94.6500015258789,92.3099975585938,92.6900024414062,92.6900024414062,293791
2008-01-14,92.9199981689453,94.4300003051758,92.4100036621094,94.1999969482422,94.1999969482422,257790
2008-01-15,94.2399978637695,94.379997253418,90.9800033569336,91.9000015258789,91.9000015258789,316087
2008-01-16,91.6800003051758,91.9000015258789,89.2600021362305,90.8399963378906,90.8399963378906,353599
2008-01-17,91,92.1900024414062,89.5699996948242,90.129997253418,90.129997253418,209723
2008-01-18,89.9000015258789,91.3199996948242,89.6100006103516,90.5699996948242,90.5699996948242,164876
2008-01-22,87.4499969482422,91,86.1100006103516,89.8499984741211,89.8499984741211,347366
2008-01-23,89.1500015258789,89.4400024414062,86.6500015258789,86.9899978637695,86.9899978637695,261820
2008-01-24,87.7200012207031,89.75,87.0100021362305,89.4100036621094,89.4100036621094,286687
2008-01-25,89.5500030517578,91.379997253418,89.5100021362305,90.7099990844727,90.7099990844727,306715
2008-01-28,90.620002746582,91.3600006103516,88.7799987792969,90.9899978637695,90.9899978637695,261940
2008-01-29,91.0500030517578,92.4199981689453,90.3300018310547,91.6399993896484,91.6399993896484,216738
2008-01-30,92.370002746582,92.7099990844727,91.2399978637695,92.3300018310547,92.3300018310547,241095
2008-01-31,91.7699966430664,92.3000030517578,89.5800018310547,91.75,91.75,316987
2008-02-01,91.3600006103516,92.120002746582,88.4599990844727,88.9599990844727,88.9599990844727,287490
2008-02-04,88.6600036621094,90.8300018310547,88.0699996948242,90.0199966430664,90.0199966430664,229467
2008-02-05,89.9800033569336,90,87.5299987792969,88.4100036621094,88.4100036621094,259716
2008-02-06,88.2699966430664,88.9400024414062,86.6600036621094,87.1399993896484,87.1399993896484,301813
2008-02-07,87.0599975585938,88.4000015258789,86.2399978637695,88.1100006103516,88.1100006103516,281570
2008-02-08,88.2900009155273,91.9800033569336,88,91.7699966430664,91.7699966430664,339273
2008-02-11,91.7600021362305,94.7200012207031,90.9199981689453,93.5899963378906,93.5899963378906,320857
2008-02-12,93.6100006103516,94.1500015258789,92.0599975585938,92.7799987792969,92.7799987792969,294314
2008-02-13,92.5,93.8899993896484,91.9100036621094,93.2699966430664,93.2699966430664,270308
2008-02-14,93.2900009155273,95.5899963378906,93.25,95.4599990844727,95.4599990844727,271470
2008-02-15,95.2200012207031,96.6699981689453,94.6600036621094,95.5,95.5,215228
2008-02-19,95.370002746582,100.059997558594,95.2300033569336,100.01000213623,100.01000213623,194051
2008-02-20,99.9800033569336,101.319999694824,98.4000015258789,100.73999786377,100.73999786377,275362
2008-02-21,100.01000213623,100.330001831055,96.870002746582,98.2300033569336,98.2300033569336,312097
2008-02-22,97.5,99.370002746582,97.1600036621094,98.8099975585938,98.8099975585938,245946
2008-02-25,98.9899978637695,99.6999969482422,97.75,99.2300033569336,99.2300033569336,206041
2008-02-26,99.3499984741211,101.430000305176,98.4599990844727,100.879997253418,100.879997253418,265974
2008-02-27,101.199996948242,102.080001831055,99.4300003051758,99.6399993896484,99.6399993896484,267762
2008-02-28,99.629997253418,102.970001220703,98.9100036621094,102.589996337891,102.589996337891,287914
2008-02-29,102.550003051758,103.050003051758,101.360000610352,101.839996337891,101.839996337891,225732
2008-03-03,101.629997253418,103.949996948242,100.769996643066,102.449996948242,102.449996948242,281850
2008-03-04,102.349998474121,103.330001831055,98.870002746582,99.5199966430664,99.5199966430664,366724
2008-03-05,99.879997253418,104.949996948242,99.5500030517578,104.519996643066,104.519996643066,414308
2008-03-06,104.639999389648,105.970001220703,102.849998474121,105.470001220703,105.470001220703,337767
2008-03-07,105.580001831055,106.540000915527,103.910003662109,105.150001525879,105.150001525879,321205
2008-03-10,105.25,108.209999084473,104.080001831055,107.900001525879,107.900001525879,340551
2008-03-11,107.910003662109,109.720001220703,106.610000610352,108.75,108.75,349815
2008-03-12,108.650001525879,110.199996948242,107.089996337891,109.919998168945,109.919998168945,342575
2008-03-13,110.059997558594,110.980003356934,108.76000213623,110.330001831055,110.330001831055,327857
2008-03-14,110.23999786377,110.919998168945,108.839996337891,110.209999084473,110.209999084473,293217
2008-03-17,110.099998474121,111.800003051758,103.230003356934,105.680000305176,105.680000305176,336081
2008-03-18,106.150001525879,109.800003051758,105.680000305176,109.419998168945,109.419998168945,187052
2008-03-19,108.800003051758,108.980003356934,102.949996948242,104.480003356934,104.480003356934,386956
2008-03-20,102.099998474121,102.690002441406,98.6500015258789,101.839996337891,101.839996337891,332794
2008-03-24,101.699996948242,102.419998168945,99.9499969482422,100.860000610352,100.860000610352,190177
2008-03-25,100.430000305176,101.860000610352,99.129997253418,101.220001220703,101.220001220703,303743
2008-03-26,101.550003051758,106.360000610352,101.430000305176,105.900001525879,105.900001525879,330867
2008-03-27,106,108.220001220703,105.029998779297,107.580001831055,107.580001831055,311980
2008-03-28,107.190002441406,107.629997253418,104.709999084473,105.620002746582,105.620002746582,261687
2008-03-31,105.120002746582,106.779998779297,100.25,101.580001831055,101.580001831055,332269
2008-04-01,101.569999694824,102.550003051758,99.5500030517578,100.980003356934,100.980003356934,299407
2008-04-02,100.830001831055,105.099998474121,99.8399963378906,104.830001831055,104.830001831055,295756
2008-04-03,104.529998779297,106.440002441406,103.209999084473,103.830001831055,103.830001831055,322592
2008-04-04,104.26000213623,106.379997253418,104.029998779297,106.230003356934,106.230003356934,231012
2008-04-07,106.120002746582,109.480003356934,105.860000610352,109.089996337891,109.089996337891,278967
2008-04-08,108.879997253418,109.639999389648,107.639999389648,108.5,108.5,307800
2008-04-09,108.75,112.209999084473,107.949996948242,110.870002746582,110.870002746582,326218
2008-04-10,110.699996948242,112.199996948242,108.75,110.110000610352,110.110000610352,312662
2008-04-11,110.059997558594,110.819999694824,108.919998168945,110.139999389648,110.139999389648,240810
2008-04-14,110,111.98999786377,109.559997558594,111.76000213623,111.76000213623,199908
2008-04-15,111.800003051758,114.080001831055,111.800003051758,113.790000915527,113.790000915527,222349
2008-04-16,113.849998474121,115.139999389648,112.190002441406,114.930000305176,114.930000305176,297359
2008-04-17,115,115.540000915527,114.139999389648,114.860000610352,114.860000610352,227415
2008-04-18,113.449996948242,116.970001220703,112.720001220703,116.690002441406,116.690002441406,206377
2008-04-21,116.930000305176,117.830001831055,115.680000305176,117.480003356934,117.480003356934,134017
2008-04-22,117.5,119.900001525879,117.349998474121,119.370002746582,119.370002746582,281258
2008-04-23,118.330001831055,118.559997558594,116.449996948242,118.300003051758,118.300003051758,243832
2008-04-24,117.930000305176,118.300003051758,114.25,116.059997558594,116.059997558594,319982
2008-04-25,115.949996948242,119.550003051758,114.51000213623,118.519996643066,118.519996643066,288727
2008-04-28,118.949996948242,119.930000305176,118.160003662109,118.75,118.75,201651
2008-04-29,118.839996337891,118.839996337891,114.970001220703,115.629997253418,115.629997253418,303543
2008-04-30,115.360000610352,116.699996948242,113.300003051758,113.459999084473,113.459999084473,313044
2008-05-01,114.599998474121,115.230003356934,110.300003051758,112.519996643066,112.519996643066,291258
2008-05-02,112.25,116.800003051758,111.779998779297,116.319999694824,116.319999694824,287460
2008-05-05,116.5,120.360000610352,116.050003051758,119.970001220703,119.970001220703,265273
2008-05-06,119.900001525879,122.730003356934,119.330001831055,121.839996337891,121.839996337891,331913
2008-05-07,121.76000213623,123.930000305176,120.540000915527,123.529998779297,123.529998779297,366207
2008-05-08,123.809997558594,124.610000610352,121.580001831055,123.690002441406,123.690002441406,387993
2008-05-09,125.309997558594,126.269996643066,124.080001831055,125.959999084473,125.959999084473,338771
2008-05-12,125.839996337891,126.400001525879,123.699996948242,124.230003356934,124.230003356934,347942
2008-05-13,123.76000213623,126.980003356934,123.099998474121,125.800003051758,125.800003051758,375770
2008-05-14,125.970001220703,126.040000915527,123.769996643066,124.220001220703,124.220001220703,313213
2008-05-15,123.830001831055,126.639999389648,120.75,124.120002746582,124.120002746582,411677
2008-05-16,124.400001525879,127.819999694824,124.040000915527,126.290000915527,126.290000915527,269765
2008-05-19,126.349998474121,127.769996643066,125.279998779297,127.050003051758,127.050003051758,213089
2008-05-20,127.48999786377,129.600006103516,126.669998168945,129.070007324219,129.070007324219,315556
2008-05-21,129.100006103516,134.149993896484,128.600006103516,133.169998168945,133.169998168945,362022
2008-05-22,133.889999389648,135.089996337891,130.070007324219,130.809997558594,130.809997558594,425099
2008-05-23,130.75,133.710006713867,130.160003662109,132.190002441406,132.190002441406,321344
2008-05-27,131.679992675781,133.649993896484,128.179992675781,128.850006103516,128.850006103516,326598
2008-05-28,128.300003051758,131.580001831055,125.959999084473,131.029998779297,131.029998779297,369868
2008-05-29,130.75,133.119995117188,126.110000610352,126.620002746582,126.620002746582,424268
2008-05-30,126.589996337891,128.300003051758,124.669998168945,127.349998474121,127.349998474121,309342
2008-06-02,127.629997253418,129.350006103516,125.220001220703,127.76000213623,127.76000213623,304809
2008-06-03,127.5,127.980003356934,123.870002746582,124.309997558594,124.309997558594,301116
2008-06-04,124.230003356934,125.080001831055,121.839996337891,122.300003051758,122.300003051758,335547
2008-06-05,122.230003356934,128.380004882812,121.610000610352,127.790000915527,127.790000915527,333372
2008-06-06,128.199996948242,139.119995117188,127.809997558594,138.539993286133,138.539993286133,508749
2008-06-09,137.970001220703,138.25,133,134.350006103516,134.350006103516,348554
2008-06-10,135.020004272461,137.979995727539,130.800003051758,131.309997558594,131.309997558594,394361
2008-06-11,131.789993286133,138.300003051758,131.350006103516,136.380004882812,136.380004882812,374434
2008-06-12,136.539993286133,137.460006713867,131.550003051758,136.740005493164,136.740005493164,418094
2008-06-13,136.970001220703,137.080001831055,133.460006713867,134.860000610352,134.860000610352,262875
2008-06-16,134.410003662109,139.889999389648,132.839996337891,134.610000610352,134.610000610352,291340
2008-06-17,133.600006103516,135.229995727539,132,134.009994506836,134.009994506836,307170
2008-06-18,133.5,136.880004882812,131.820007324219,136.679992675781,136.679992675781,225864
2008-06-19,136.089996337891,137.820007324219,131.479995727539,131.929992675781,131.929992675781,194147
2008-06-20,132.059997558594,136.800003051758,131.190002441406,134.619995117188,134.619995117188,278598
2008-06-23,134.800003051758,138.139999389648,134.050003051758,136.740005493164,136.740005493164,248739
2008-06-24,137.25,138.75,135.899993896484,137,137,229371
2008-06-25,137.070007324219,137.580001831055,131.949996948242,134.550003051758,134.550003051758,290400
2008-06-26,134.520004272461,140.389999389648,133.679992675781,139.639999389648,139.639999389648,295773
2008-06-27,139.440002441406,142.990005493164,138.610000610352,140.210006713867,140.210006713867,277517
2008-06-30,140.600006103516,143.669998168945,139.169998168945,140,140,253428
2008-07-01,140.179992675781,143.330001831055,139.949996948242,140.970001220703,140.970001220703,238751
2008-07-02,141.440002441406,144.320007324219,140.009994506836,143.570007324219,143.570007324219,253397
2008-07-03,144.190002441406,145.850006103516,143.220001220703,145.289993286133,145.289993286133,193841
2008-07-07,144.270004272461,144.529998779297,139.520004272461,141.369995117188,141.369995117188,304148
2008-07-08,141.589996337891,142.440002441406,135.139999389648,136.039993286133,136.039993286133,382404
2008-07-09,136,138.279998779297,135.339996337891,136.050003051758,136.050003051758,299142
2008-07-10,135.800003051758,142.130004882812,135.429992675781,141.649993896484,141.649993896484,294339
2008-07-11,141.800003051758,147.270004272461,141.440002441406,145.080001831055,145.080001831055,334940
2008-07-14,144.690002441406,146.369995117188,142.490005493164,145.179992675781,145.179992675781,252605
2008-07-15,145.190002441406,146.729995727539,135.919998168945,138.740005493164,138.740005493164,392225
2008-07-16,138.770004272461,139.300003051758,132.100006103516,134.600006103516,134.600006103516,293858
2008-07-17,135.110000610352,136.75,129,129.289993286133,129.289993286133,379076
2008-07-18,129.559997558594,132.039993286133,128.229995727539,128.880004882812,128.880004882812,208698
2008-07-21,128.880004882812,132.050003051758,128.630004882812,131.039993286133,131.039993286133,133661
2008-07-22,131.039993286133,132.070007324219,125.629997253418,127.949996948242,127.949996948242,293435
2008-07-23,128.5,128.699996948242,124.120002746582,124.440002441406,124.440002441406,293200
2008-07-24,124.459999084473,126.440002441406,123.519996643066,125.48999786377,125.48999786377,267709
2008-07-25,125.599998474121,126.51000213623,122.5,123.26000213623,123.26000213623,217950
2008-07-28,123.410003662109,125.220001220703,122.629997253418,124.730003356934,124.730003356934,197074
2008-07-29,124.940002441406,125.849998474121,120.419998168945,122.190002441406,122.190002441406,263546
2008-07-30,121.900001525879,127.389999389648,120.800003051758,126.769996643066,126.769996643066,309078
2008-07-31,126.900001525879,127.889999389648,122.709999084473,124.080001831055,124.080001831055,280832
2008-08-01,124.059997558594,128.600006103516,122.099998474121,125.099998474121,125.099998474121,277311
2008-08-04,125.980003356934,126.349998474121,119.5,121.410003662109,121.410003662109,294048
2008-08-05,121,121.230003356934,118,119.169998168945,119.169998168945,316589
2008-08-06,118.75,120.48999786377,117.110000610352,118.580001831055,118.580001831055,307994
2008-08-07,118.800003051758,121.779998779297,117.910003662109,120.019996643066,120.019996643066,304204
2008-08-08,119.900001525879,120.080001831055,114.620002746582,115.199996948242,115.199996948242,297330
2008-08-11,115.199996948242,116.900001525879,112.720001220703,114.449996948242,114.449996948242,295334
2008-08-12,114.529998779297,115.949996948242,112.309997558594,113.01000213623,113.01000213623,303791
2008-08-13,113.089996337891,117.459999084473,112.870002746582,116,116,322967
2008-08-14,116.389999389648,117.419998168945,112.589996337891,115.01000213623,115.01000213623,268197
2008-08-15,114.830001831055,115.199996948242,111.339996337891,113.769996643066,113.769996643066,276806
2008-08-18,113.940002441406,115.349998474121,112,112.870002746582,112.870002746582,178631
2008-08-19,113.110000610352,116.650001525879,111.639999389648,114.529998779297,114.529998779297,149293
2008-08-20,115.110000610352,117.029998779297,112.610000610352,114.980003356934,114.980003356934,274859
2008-08-21,115.860000610352,122.040000915527,115.400001525879,121.180000305176,121.180000305176,308114
2008-08-22,121.550003051758,121.860000610352,114.180000305176,114.589996337891,114.589996337891,276216
2008-08-25,114.690002441406,116.059997558594,113.680000305176,115.110000610352,115.110000610352,174446
2008-08-26,115.5,117.889999389648,112.360000610352,116.269996643066,116.269996643066,311866
2008-08-27,116.040000915527,119.629997253418,115.639999389648,118.150001525879,118.150001525879,265812
2008-08-28,118.160003662109,120.5,114.080001831055,115.589996337891,115.589996337891,272322
2008-08-29,115.75,118.76000213623,115,115.459999084473,115.459999084473,216481
2008-09-02,116.650001525879,118.599998474121,105.459999084473,109.709999084473,109.709999084473,389706
2008-09-03,110.23999786377,110.300003051758,107.220001220703,109.349998474121,109.349998474121,247584
2008-09-04,109.400001525879,110.599998474121,106.519996643066,107.889999389648,107.889999389648,264187
2008-09-05,107.480003356934,108.099998474121,105.129997253418,106.230003356934,106.230003356934,249111
2008-09-08,107.75,109.889999389648,104.699996948242,106.339996337891,106.339996337891,317923
2008-09-09,106.660003662109,106.769996643066,101.73999786377,103.26000213623,103.26000213623,332463
2008-09-10,102.199996948242,104.970001220703,101.360000610352,102.580001831055,102.580001831055,331516
2008-09-11,102.779998779297,103.949996948242,100.180000305176,100.870002746582,100.870002746582,311505
2008-09-12,101.150001525879,102.889999389648,99.9899978637695,101.180000305176,101.180000305176,273124
2008-09-15,101,101.190002441406,94,95.7099990844727,95.7099990844727,334900
2008-09-16,94.2300033569336,94.3199996948242,90.5100021362305,91.1500015258789,91.1500015258789,327157
2008-09-17,92.8099975585938,97.629997253418,91.3600006103516,97.1600036621094,97.1600036621094,343691
2008-09-18,97.0999984741211,102.23999786377,95.7300033569336,97.879997253418,97.879997253418,243360
2008-09-19,97.9499969482422,105.25,97.3899993896484,104.550003051758,104.550003051758,184766
2008-09-22,104.970001220703,130,103.349998474121,120.919998168945,120.919998168945,335101
2008-09-23,108.980003356934,109.580001831055,104.050003051758,106.610000610352,106.610000610352,316025
2008-09-24,106.930000305176,109.5,104.800003051758,105.730003356934,105.730003356934,233417
2008-09-25,105.529998779297,108.669998168945,103.220001220703,108.019996643066,108.019996643066,245163
2008-09-26,107.699996948242,108.110000610352,104.25,106.889999389648,106.889999389648,168454
2008-09-29,106.889999389648,106.910003662109,95.0400009155273,96.370002746582,96.370002746582,248522
2008-09-30,95.4000015258789,102.459999084473,93.3600006103516,100.639999389648,100.639999389648,252741
2008-10-01,101.860000610352,102.839996337891,95.9700012207031,98.5299987792969,98.5299987792969,280295
2008-10-02,98.7300033569336,100.370002746582,93.5599975585938,93.9700012207031,93.9700012207031,223270
2008-10-03,93.8499984741211,96.0299987792969,91.3000030517578,93.879997253418,93.879997253418,238984
2008-10-06,92.5,92.6800003051758,87.5599975585938,87.8099975585938,87.8099975585938,281987
2008-10-07,88.9599990844727,93.0199966430664,87.870002746582,90.0599975585938,90.0599975585938,342917
2008-10-08,89.5599975585938,90.9899978637695,86.0500030517578,88.9499969482422,88.9499969482422,339344
2008-10-09,88.8000030517578,89.8199996948242,84.1900024414062,86.5899963378906,86.5899963378906,248211
2008-10-10,84.9300003051758,85.129997253418,77.0899963378906,77.6999969482422,77.6999969482422,363996
2008-10-13,80.120002746582,82.5199966430664,79.4499969482422,81.1900024414062,81.1900024414062,210714
2008-10-14,82,84.8300018310547,78.3099975585938,78.629997253418,78.629997253418,266143
2008-10-15,78.75,79.1699981689453,73.5500030517578,74.5400009155273,74.5400009155273,221136
2008-10-16,73.5999984741211,74.5,68.5699996948242,69.8499984741211,69.8499984741211,283094
2008-10-17,72.3000030517578,74.3000030517578,69.8399963378906,71.8499984741211,71.8499984741211,141907
2008-10-20,72.1600036621094,76.129997253418,71.7699966430664,74.25,74.25,137299
2008-10-21,75.620002746582,75.6900024414062,69.7699966430664,70.8899993896484,70.8899993896484,232994
2008-10-22,71.4700012207031,71.8000030517578,66.1999969482422,66.75,66.75,272317
2008-10-23,67.2099990844727,69.4199981689453,65.9000015258789,67.8399963378906,67.8399963378906,256890
2008-10-24,69.4199981689453,69.5,62.6500015258789,64.1500015258789,64.1500015258789,253812
2008-10-27,64.7799987792969,65.7699966430664,61.2999992370605,63.2200012207031,63.2200012207031,234150
2008-10-28,62.2400016784668,65.1999969482422,61.6100006103516,62.7299995422363,62.7299995422363,222083
2008-10-29,64.5,69.2399978637695,63.6500015258789,67.5,67.5,315415
2008-10-30,68.1100006103516,70.5999984741211,64.0400009155273,65.9599990844727,65.9599990844727,279196
2008-10-31,65.5800018310547,68.5999984741211,63.1199989318848,67.8099975585938,67.8099975585938,256881
2008-11-03,67.370002746582,69.1900024414062,63.6300010681152,63.9099998474121,63.9099998474121,236426
2008-11-04,63.7999992370605,71.7699966430664,62.25,70.5299987792969,70.5299987792969,329187
2008-11-05,70,70.4599990844727,65,65.3000030517578,65.3000030517578,272470
2008-11-06,65.0199966430664,65.5,60.1599998474121,60.7700004577637,60.7700004577637,292018
2008-11-07,60.6699981689453,62.8199996948242,59.9700012207031,61.0400009155273,61.0400009155273,236045
2008-11-10,61.7999992370605,65.5599975585938,59.0999984741211,62.4099998474121,62.4099998474121,286648
2008-11-11,62.1399993896484,62.2799987792969,58.3199996948242,59.3300018310547,59.3300018310547,258306
2008-11-12,59,59.5,55.5,56.1599998474121,56.1599998474121,261423
2008-11-13,55.439998626709,59.6599998474121,54.6699981689453,58.2400016784668,58.2400016784668,322685
2008-11-14,59.3899993896484,59.9599990844727,55.689998626709,57.0400009155273,57.0400009155273,245858
2008-11-17,56.7400016784668,58.9799995422363,54.7200012207031,54.9500007629395,54.9500007629395,337536
2008-11-18,55.0099983215332,55.9799995422363,53.9599990844727,54.3899993896484,54.3899993896484,189689
2008-11-19,54.7000007629395,55.3400001525879,52.7900009155273,53.6199989318848,53.6199989318848,161384
2008-11-20,50.4000015258789,50.4500007629395,48.5,49.6199989318848,49.6199989318848,274669
2008-11-21,48.5699996948242,51.1199989318848,48.25,49.9300003051758,49.9300003051758,213647
2008-11-24,50.9700012207031,55.2999992370605,48.7999992370605,54.5,54.5,233065
2008-11-25,54.2999992370605,54.6599998474121,50.5200004577637,50.7700004577637,50.7700004577637,228413
2008-11-26,50.6500015258789,54.9700012207031,50.1500015258789,54.439998626709,54.439998626709,243440
2008-11-28,54.2999992370605,55.9799995422363,51.1199989318848,54.4300003051758,54.4300003051758,129155
2008-12-01,54.6199989318848,54.6199989318848,48.6199989318848,49.2799987792969,49.2799987792969,217048
2008-12-02,48.8499984741211,50.25,46.8199996948242,46.9599990844727,46.9599990844727,233248
2008-12-03,47.7599983215332,48.0999984741211,46.2599983215332,46.7900009155273,46.7900009155273,217573
2008-12-04,47,47.2700004577637,43.3600006103516,43.6699981689453,43.6699981689453,232447
2008-12-05,43.7799987792969,44.4700012207031,40.5,40.810001373291,40.810001373291,327140
2008-12-08,41.6399993896484,44.7000007629395,41.5499992370605,43.7099990844727,43.7099990844727,289529
2008-12-09,44.0499992370605,44.5699996948242,41.8300018310547,42.0699996948242,42.0699996948242,240867
2008-12-10,42.4000015258789,46.1699981689453,41.8899993896484,43.5200004577637,43.5200004577637,362393
2008-12-11,44.0499992370605,49.1199989318848,43.2799987792969,47.9799995422363,47.9799995422363,317267
2008-12-12,47,47.5099983215332,43.3199996948242,46.2799987792969,46.2799987792969,291629
2008-12-15,46.7700004577637,50.0499992370605,44.0999984741211,44.5099983215332,44.5099983215332,256308
2008-12-16,44.9500007629395,46.5299987792969,42.560001373291,43.5999984741211,43.5999984741211,259901
2008-12-17,43.75,45.5,39.8800010681152,40.060001373291,40.060001373291,174258
2008-12-18,40.3199996948242,40.9000015258789,35.9799995422363,36.2200012207031,36.2200012207031,95999
2008-12-19,34.7599983215332,37.5,32.4000015258789,33.8699989318848,33.8699989318848,194858
2008-12-22,42.7900009155273,43.439998626709,39.5,39.9099998474121,39.9099998474121,149135
2008-12-23,39.5499992370605,40.6500015258789,37.7900009155273,38.9799995422363,38.9799995422363,146203
2008-12-24,39.1500015258789,39.689998626709,35.1300010681152,35.3499984741211,35.3499984741211,93376
2008-12-26,35.7000007629395,38.0299987792969,35.5999984741211,37.7099990844727,37.7099990844727,64554
2008-12-29,38.4000015258789,42.2000007629395,37.5299987792969,40.0200004577637,40.0200004577637,150601
2008-12-30,40.0099983215332,40.3899993896484,37.9300003051758,39.0299987792969,39.0299987792969,137263
2008-12-31,39.1699981689453,45.5400009155273,36.939998626709,44.5999984741211,44.5999984741211,188601
2009-01-02,43.7200012207031,46.7400016784668,41.0499992370605,46.3400001525879,46.3400001525879,184679
2009-01-05,47.0400009155273,49.2799987792969,45.560001373291,48.810001373291,48.810001373291,258762
2009-01-06,48.4000015258789,50.4700012207031,47.5999984741211,48.5800018310547,48.5800018310547,331307
2009-01-07,48.4099998474121,49.0900001525879,42.4099998474121,42.6300010681152,42.6300010681152,306262
2009-01-08,42.6300010681152,43.6300010681152,40.5400009155273,41.7000007629395,41.7000007629395,312485
2009-01-09,42.4500007629395,42.7000007629395,39.3800010681152,40.8300018310547,40.8300018310547,277431
2009-01-12,40.5499992370605,40.7999992370605,37.4799995422363,37.5900001525879,37.5900001525879,272828
2009-01-13,37.4900016784668,39.5,36.0999984741211,37.7799987792969,37.7799987792969,340615
2009-01-14,38.7200012207031,39.4500007629395,35.5200004577637,37.2799987792969,37.2799987792969,311078
2009-01-15,37.3400001525879,37.9900016784668,33.2000007629395,35.4000015258789,35.4000015258789,179925
2009-01-16,35.2799987792969,36.8699989318848,34.1800003051758,36.5099983215332,36.5099983215332,97975
2009-01-20,36.1399993896484,39.5499992370605,32.7000007629395,38.7400016784668,38.7400016784668,354707
2009-01-21,40.9099998474121,44.4300003051758,40.2400016784668,43.5499992370605,43.5499992370605,276261
2009-01-22,44.2099990844727,45.0999984741211,40.4099998474121,43.6699981689453,43.6699981689453,317569
2009-01-23,43.2599983215332,47,41.4000015258789,46.4700012207031,46.4700012207031,269756
2009-01-26,46.0499992370605,48.5900001525879,45.25,45.7299995422363,45.7299995422363,277496
2009-01-27,45.6500015258789,47.4900016784668,41.4099998474121,41.5800018310547,41.5800018310547,308439
2009-01-28,41.9900016784668,43.5999984741211,40.5999984741211,42.1599998474121,42.1599998474121,291416
2009-01-29,42.2200012207031,42.3199996948242,40.1800003051758,41.439998626709,41.439998626709,245854
2009-01-30,41.6500015258789,43.439998626709,41.0200004577637,41.6800003051758,41.6800003051758,237726
2009-02-02,42.2200012207031,42.25,39.8300018310547,40.0800018310547,40.0800018310547,263645
2009-02-03,40.2799987792969,41.1699981689453,39.6500015258789,40.7799987792969,40.7799987792969,244615
2009-02-04,40.9300003051758,41.9199981689453,39.7400016784668,40.3199996948242,40.3199996948242,254203
2009-02-05,40.2999992370605,41.25,39.4599990844727,41.1699981689453,41.1699981689453,229734
2009-02-06,41,42.6800003051758,38.5999984741211,40.1699981689453,40.1699981689453,518382
2009-02-09,39.8800010681152,42.4300003051758,39.4199981689453,39.560001373291,39.560001373291,317497
2009-02-10,39.7599983215332,41.7999992370605,37.3499984741211,37.5499992370605,37.5499992370605,359674
2009-02-11,38.1500015258789,38.4700012207031,35.6500015258789,35.939998626709,35.939998626709,315650
2009-02-12,35.9199981689453,36.25,33.5499992370605,33.9799995422363,33.9799995422363,326176
2009-02-13,34.3600006103516,38.25,33.810001373291,37.5099983215332,37.5099983215332,281710
2009-02-17,37.810001373291,38.4900016784668,34.4500007629395,34.9300003051758,34.9300003051758,153708
2009-02-18,35.0200004577637,36.2200012207031,34.1300010681152,34.6199989318848,34.6199989318848,73864
2009-02-19,34.75,39.8499984741211,34.5900001525879,39.4799995422363,39.4799995422363,82550
2009-02-20,38.8600006103516,39.5,36.9099998474121,38.939998626709,38.939998626709,244809
2009-02-23,39.7299995422363,41.4900016784668,37.8699989318848,38.439998626709,38.439998626709,285905
2009-02-24,38.0999984741211,40.1300010681152,37.6500015258789,39.9599990844727,39.9599990844727,238188
2009-02-25,39.9199981689453,42.8300018310547,39.4000015258789,42.5,42.5,323428
2009-02-26,42.3899993896484,45.2999992370605,42.2700004577637,45.2200012207031,45.2200012207031,287202
2009-02-27,44.5900001525879,44.9099998474121,42.5499992370605,44.7599983215332,44.7599983215332,274579
2009-03-02,44.3400001525879,44.4900016784668,39.8400001525879,40.1500015258789,40.1500015258789,245234
2009-03-03,40.0999984741211,42.0699996948242,39.439998626709,41.6500015258789,41.6500015258789,241538
2009-03-04,41.3800010681152,45.7599983215332,41.0400009155273,45.3800010681152,45.3800010681152,319761
2009-03-05,45.4199981689453,45.7000007629395,42.8600006103516,43.6100006103516,43.6100006103516,228192
2009-03-06,43.6100006103516,46.2999992370605,43.4500007629395,45.5200004577637,45.5200004577637,306347
2009-03-09,45.7599983215332,48.8300018310547,44.9700012207031,47.0699996948242,47.0699996948242,390590
2009-03-10,47.25,48.3199996948242,45.3300018310547,45.7099990844727,45.7099990844727,289157
2009-03-11,45.5699996948242,46.0400009155273,42.0800018310547,42.3300018310547,42.3300018310547,339876
2009-03-12,42.7299995422363,47.2200012207031,42.5099983215332,47.0299987792969,47.0299987792969,316566
2009-03-13,47.2099990844727,48.1399993896484,45.5999984741211,46.25,46.25,221028
2009-03-16,45.2000007629395,47.6300010681152,43.6199989318848,47.3499984741211,47.3499984741211,240078
2009-03-17,47.060001373291,49.8199996948242,46.5299987792969,49.1599998474121,49.1599998474121,214930
2009-03-18,48.6699981689453,49.8699989318848,46.9199981689453,48.1399993896484,48.1399993896484,125337
2009-03-19,49.7299995422363,52.25,48.7799987792969,51.6100006103516,51.6100006103516,96379
2009-03-20,51.060001373291,52.1300010681152,50.2999992370605,51.060001373291,51.060001373291,180152
2009-03-23,52.1300010681152,54.0499992370605,51.6199989318848,53.7999992370605,53.7999992370605,229890
2009-03-24,53.8300018310547,54.060001373291,52.4500007629395,53.9799995422363,53.9799995422363,212790
2009-03-25,53.7299995422363,54.1800003051758,51.8600006103516,52.7700004577637,52.7700004577637,283727
2009-03-26,52.8400001525879,54.6599998474121,52.7599983215332,54.3400001525879,54.3400001525879,196916
2009-03-27,54,54.2799987792969,51.6399993896484,52.3800010681152,52.3800010681152,181165
2009-03-30,52.25,52.25,48.1100006103516,48.4099998474121,48.4099998474121,222171
2009-03-31,48.6399993896484,50,47.7700004577637,49.6599998474121,49.6599998474121,240254
2009-04-01,48.9599990844727,48.9599990844727,47.2599983215332,48.3899993896484,48.3899993896484,234224
2009-04-02,48.4500007629395,52.8699989318848,48.4500007629395,52.6399993896484,52.6399993896484,270270
2009-04-03,52.3600006103516,53.9000015258789,51.0200004577637,52.5099983215332,52.5099983215332,212172
2009-04-06,52.4000015258789,53.5999984741211,49.810001373291,51.0499992370605,51.0499992370605,228983
2009-04-07,51.3899993896484,51.8199996948242,48.4000015258789,49.1500015258789,49.1500015258789,254031
2009-04-08,48.4700012207031,51.2999992370605,47.3699989318848,49.3800010681152,49.3800010681152,352611
2009-04-09,49.9599990844727,52.4500007629395,49.7200012207031,52.2400016784668,52.2400016784668,294835
2009-04-13,52,52.1500015258789,48.8400001525879,50.0499992370605,50.0499992370605,290456
2009-04-14,49.9599990844727,51.1199989318848,48.8499984741211,49.4099998474121,49.4099998474121,284710
2009-04-15,49.1599998474121,50.7900009155273,48.9099998474121,49.25,49.25,228056
2009-04-16,49.7000007629395,50.4799995422363,49.1100006103516,49.9799995422363,49.9799995422363,196957
2009-04-17,49.9300003051758,51.3699989318848,49.4099998474121,50.3300018310547,50.3300018310547,137021
2009-04-20,50.1599998474121,50.310001373291,45.439998626709,45.8800010681152,45.8800010681152,89895
2009-04-21,45.2599983215332,47.2000007629395,43.8300018310547,46.5099983215332,46.5099983215332,287925
2009-04-22,48.6800003051758,49.0900001525879,47.7000007629395,48.8499984741211,48.8499984741211,238729
2009-04-23,48.4900016784668,49.9199981689453,48.3699989318848,49.6199989318848,49.6199989318848,227296
2009-04-24,49.6500015258789,51.75,49.060001373291,51.5499992370605,51.5499992370605,230865
2009-04-27,51.4500007629395,51.4500007629395,48.0099983215332,50.1399993896484,50.1399993896484,265293
2009-04-28,50.0999984741211,50.189998626709,48.5499992370605,49.9199981689453,49.9199981689453,186823
2009-04-29,49.25,51.4199981689453,49.1199989318848,50.9700012207031,50.9700012207031,234826
2009-04-30,50.7900009155273,51.939998626709,50.2099990844727,51.1199989318848,51.1199989318848,208296
2009-05-01,50.9500007629395,53.6500015258789,50.4300003051758,53.2000007629395,53.2000007629395,248750
2009-05-04,52.6199989318848,54.6399993896484,52.560001373291,54.4700012207031,54.4700012207031,229782
2009-05-05,54.4599990844727,54.8300018310547,53.5,53.8400001525879,53.8400001525879,234306
2009-05-06,54.1199989318848,56.4700012207031,53.5699996948242,56.3400001525879,56.3400001525879,334302
2009-05-07,56.2999992370605,58.5699996948242,55.4599990844727,56.7099990844727,56.7099990844727,377826
2009-05-08,56.5,58.75,56.1500015258789,58.6300010681152,58.6300010681152,291819
2009-05-11,58.4900016784668,58.6300010681152,56.7799987792969,58.5,58.5,290030
2009-05-12,58.0999984741211,60.0800018310547,57.810001373291,58.8499984741211,58.8499984741211,305957
2009-05-13,59.2900009155273,59.9000015258789,57.4099998474121,58.0200004577637,58.0200004577637,311802
2009-05-14,57.7299995422363,59,56.5499992370605,58.6199989318848,58.6199989318848,260456
2009-05-15,58.5400009155273,58.8800010681152,56.0699996948242,56.3400001525879,56.3400001525879,216089
2009-05-18,56.4700012207031,59.3300018310547,56.1199989318848,59.0299987792969,59.0299987792969,134714
2009-05-19,59.1599998474121,60.4799995422363,58.5499992370605,59.6500015258789,59.6500015258789,252709
2009-05-20,60.1800003051758,62.2599983215332,59.8600006103516,62.0400009155273,62.0400009155273,270022
2009-05-21,61.6800003051758,61.8699989318848,59.9199981689453,61.0499992370605,61.0499992370605,237412
2009-05-22,61.0499992370605,61.9799995422363,60.5,61.6699981689453,61.6699981689453,186302
2009-05-26,61.5,62.5400009155273,59.5299987792969,62.4500007629395,62.4500007629395,267127
2009-05-27,62.8699989318848,63.8199996948242,62.189998626709,63.4500007629395,63.4500007629395,261888
2009-05-28,62.9099998474121,65.4400024414062,62.75,65.0800018310547,65.0800018310547,281439
2009-05-29,64.7699966430664,66.6399993896484,64.6800003051758,66.3099975585938,66.3099975585938,261370
2009-06-01,66.4800033569336,68.6800003051758,66.2300033569336,68.5800018310547,68.5800018310547,234080
2009-06-02,68.0400009155273,69.0500030517578,67.5,68.5500030517578,68.5500030517578,266861
2009-06-03,68.25,68.9499969482422,64.9499969482422,66.120002746582,66.120002746582,322365
2009-06-04,66.0899963378906,69.5999984741211,65.9199981689453,68.8099975585938,68.8099975585938,304674
2009-06-05,68.7300033569336,70.3199996948242,67.5400009155273,68.4400024414062,68.4400024414062,329259
2009-06-08,68.3199996948242,68.9499969482422,66.7799987792969,68.0899963378906,68.0899963378906,289278
2009-06-09,68.6900024414062,70.6900024414062,68.4300003051758,70.0100021362305,70.0100021362305,316884
2009-06-10,70.5100021362305,71.7900009155273,70.4300003051758,71.3300018310547,71.3300018310547,346248
2009-06-11,71.4599990844727,73.2300033569336,71.3199996948242,72.6800003051758,72.6800003051758,314790
2009-06-12,72.4300003051758,72.629997253418,70.8000030517578,72.0400009155273,72.0400009155273,224601
2009-06-15,72.1999969482422,72.3499984741211,69.5800018310547,70.620002746582,70.620002746582,242211
2009-06-16,70.3099975585938,72.7699966430664,69.8000030517578,70.4700012207031,70.4700012207031,266350
2009-06-17,70.2600021362305,71.2799987792969,69,71.0299987792969,71.0299987792969,265584
2009-06-18,70.8199996948242,71.75,70.2200012207031,71.370002746582,71.370002746582,178851
2009-06-19,71.3499984741211,72.3000030517578,68.9000015258789,69.5500030517578,69.5500030517578,115712
2009-06-22,69.8899993896484,69.8899993896484,66.25,66.9300003051758,66.9300003051758,278468
2009-06-23,67.1500015258789,69.6800003051758,66.370002746582,69.2399978637695,69.2399978637695,279901
2009-06-24,68.5500030517578,69.8600006103516,68.0599975585938,68.6699981689453,68.6699981689453,242855
2009-06-25,68.2900009155273,70.9300003051758,68.1100006103516,70.2300033569336,70.2300033569336,254942
2009-06-26,70.3399963378906,71.2900009155273,68.8099975585938,69.1600036621094,69.1600036621094,208025
2009-06-29,69.25,71.9199981689453,68.3600006103516,71.4899978637695,71.4899978637695,229882
2009-06-30,71.5999984741211,73.379997253418,68.9000015258789,69.8899993896484,69.8899993896484,331550
2009-07-01,70.4499969482422,71.8499984741211,68.5199966430664,69.3099975585938,69.3099975585938,304636
2009-07-02,69.2200012207031,69.7399978637695,66.2600021362305,66.7300033569336,66.7300033569336,243250
2009-07-06,65.5400009155273,65.6500015258789,63.4000015258789,64.0500030517578,64.0500030517578,256986
2009-07-07,64.1900024414062,64.9100036621094,62.2099990844727,62.9300003051758,62.9300003051758,262358
2009-07-08,61.75,62.6800003051758,60.0099983215332,60.1399993896484,60.1399993896484,334958
2009-07-09,60.3800010681152,61.6199989318848,59.25,60.4099998474121,60.4099998474121,314800
2009-07-10,60.4500007629395,60.8899993896484,58.7200012207031,59.8899993896484,59.8899993896484,264745
2009-07-13,59.8600006103516,60.6699981689453,58.3199996948242,59.689998626709,59.689998626709,301907
2009-07-14,60.1399993896484,61.4599990844727,59.1500015258789,59.5200004577637,59.5200004577637,305947
2009-07-15,59.7900009155273,62,59.6500015258789,61.5400009155273,61.5400009155273,279729
2009-07-16,62,62.25,60.2900009155273,62.0200004577637,62.0200004577637,250043
2009-07-17,62.2400016784668,63.9900016784668,61.0400009155273,63.560001373291,63.560001373291,186315
2009-07-20,63.3800010681152,64.9000015258789,63.189998626709,63.9799995422363,63.9799995422363,125148
2009-07-21,64.1999969482422,65.5299987792969,63.5099983215332,64.7200012207031,64.7200012207031,279584
2009-07-22,65.0299987792969,65.7699966430664,63.7599983215332,65.4000015258789,65.4000015258789,319989
2009-07-23,65.4000015258789,67.4899978637695,64.4000015258789,67.1600036621094,67.1600036621094,321627
2009-07-24,66.620002746582,68.1999969482422,66.4599990844727,68.0500030517578,68.0500030517578,217270
2009-07-27,68.0500030517578,68.9899978637695,67.5999984741211,68.379997253418,68.379997253418,245180
2009-07-28,68.2600021362305,68.8600006103516,66.4800033569336,67.2300033569336,67.2300033569336,253558
2009-07-29,66.6800003051758,67.0100021362305,62.7000007629395,63.3499984741211,63.3499984741211,342411
2009-07-30,62.8600006103516,67.2900009155273,62.7599983215332,66.9400024414062,66.9400024414062,344216
2009-07-31,66.6900024414062,69.7399978637695,64.9599990844727,69.4499969482422,69.4499969482422,400836
2009-08-03,69.3000030517578,72.1999969482422,69.0899963378906,71.5800018310547,71.5800018310547,323455
2009-08-04,71.3399963378906,71.9499969482422,70.1600036621094,71.4199981689453,71.4199981689453,285877
2009-08-05,71.8199996948242,72.0999984741211,69.7099990844727,71.9700012207031,71.9700012207031,307551
2009-08-06,71.8300018310547,72.4199981689453,70.1800003051758,71.9400024414062,71.9400024414062,328670
2009-08-07,71.8099975585938,72.8399963378906,70.379997253418,70.9300003051758,70.9300003051758,367023
2009-08-10,70.6699981689453,71.5699996948242,70.0899963378906,70.5999984741211,70.5999984741211,304092
2009-08-11,70.7600021362305,71.25,68.7099990844727,69.4499969482422,69.4499969482422,389079
2009-08-12,69.6699981689453,71.129997253418,68.8399963378906,70.1600036621094,70.1600036621094,342269
2009-08-13,70.5400009155273,72.2099990844727,70.0500030517578,70.5199966430664,70.5199966430664,322969
2009-08-14,70.9000015258789,71.5999984741211,67.120002746582,67.5100021362305,67.5100021362305,320144
2009-08-17,67.6900024414062,67.6900024414062,65.2300033569336,66.75,66.75,264790
2009-08-18,66.8000030517578,70.2900009155273,66.1100006103516,69.1900024414062,69.1900024414062,182990
2009-08-19,70.25,72.8000030517578,68.0500030517578,72.4199981689453,72.4199981689453,126682
2009-08-20,72.1500015258789,72.879997253418,71.6500015258789,72.5400009155273,72.5400009155273,241477
2009-08-21,72.879997253418,74.7200012207031,72.0299987792969,73.8899993896484,73.8899993896484,246228
2009-08-24,73.75,74.8099975585938,73.5699996948242,74.370002746582,74.370002746582,208702
2009-08-25,73.9700012207031,75,71.1100006103516,72.0500030517578,72.0500030517578,324399
2009-08-26,71.3499984741211,72.6399993896484,70.6699981689453,71.4300003051758,71.4300003051758,255501
2009-08-27,71.3600006103516,72.9499969482422,69.8300018310547,72.4899978637695,72.4899978637695,272730
2009-08-28,72.8600006103516,73.5199966430664,71.7799987792969,72.7399978637695,72.7399978637695,239217
2009-08-31,72.75,73.3600006103516,69.129997253418,69.9599990844727,69.9599990844727,276967
2009-09-01,69.5599975585938,71.370002746582,68,68.0500030517578,68.0500030517578,336835
2009-09-02,68.1999969482422,68.8000030517578,67.0500030517578,68.0500030517578,68.0500030517578,269497
2009-09-03,68.1500015258789,69.4000015258789,67.6600036621094,67.9599990844727,67.9599990844727,231967
2009-09-04,68.1900024414062,68.7799987792969,67.120002746582,68.0199966430664,68.0199966430664,229782
2009-09-08,68.1100006103516,71.7900009155273,67.5400009155273,71.0999984741211,71.0999984741211,374237
2009-09-09,71.3300018310547,72.5199966430664,70.6600036621094,71.3099975585938,71.3099975585938,331984
2009-09-10,71.6399993896484,72.4400024414062,70.8600006103516,71.9400024414062,71.9400024414062,345551
2009-09-11,72.0500030517578,72.9000015258789,68.8199996948242,69.2900009155273,69.2900009155273,374693
2009-09-14,69.1500015258789,69.5100021362305,68.0199966430664,68.8600006103516,68.8600006103516,255720
2009-09-15,68.7799987792969,71.1900024414062,68.4800033569336,70.9300003051758,70.9300003051758,288040
2009-09-16,70.4000015258789,72.5599975585938,70.1399993896484,72.5100021362305,72.5100021362305,291946
2009-09-17,72.3099975585938,73.1600036621094,71.6600036621094,72.4700012207031,72.4700012207031,235707
2009-09-18,72.4000015258789,72.6600036621094,71.2699966430664,72.0400009155273,72.0400009155273,165696
2009-09-21,71.7799987792969,72.1999969482422,68.9599990844727,69.7099990844727,69.7099990844727,142853
2009-09-22,69.6699981689453,71.8499984741211,69.6100006103516,71.5500030517578,71.5500030517578,218292
2009-09-23,71.629997253418,71.8099975585938,68.0400009155273,68.9700012207031,68.9700012207031,307578
2009-09-24,68.3300018310547,68.7699966430664,65.5999984741211,65.8899993896484,65.8899993896484,357456
2009-09-25,65.9199981689453,67.0899963378906,65.0500030517578,66.0199966430664,66.0199966430664,315319
2009-09-28,66.1500015258789,67.5400009155273,65.4100036621094,66.8399963378906,66.8399963378906,231410
2009-09-29,67.1100006103516,67.3300018310547,65.8199996948242,66.7099990844727,66.7099990844727,247345
2009-09-30,66.7099990844727,70.7200012207031,66.2200012207031,70.6100006103516,70.6100006103516,386690
2009-10-01,70.4000015258789,71.3899993896484,69.129997253418,70.8199996948242,70.8199996948242,334690
2009-10-02,70.3499984741211,70.6900024414062,68.3199996948242,69.9499969482422,69.9499969482422,312014
2009-10-05,69.8099975585938,71,68.0500030517578,70.4100036621094,70.4100036621094,346922
2009-10-06,70.2600021362305,71.9700012207031,70.0599975585938,70.879997253418,70.879997253418,372435
2009-10-07,71.1600036621094,71.7600021362305,68.879997253418,69.5699996948242,69.5699996948242,372435
2009-10-08,69.8000030517578,72.5500030517578,69.1699981689453,71.6900024414062,71.6900024414062,405214
2009-10-09,71.4199981689453,72.3499984741211,70.620002746582,71.7699966430664,71.7699966430664,322276
2009-10-12,72.2399978637695,73.8399963378906,72.0500030517578,73.2699966430664,73.2699966430664,260226
2009-10-13,73.1699981689453,74.5500030517578,72.8300018310547,74.1500015258789,74.1500015258789,361151
2009-10-14,74.4000015258789,75.5299987792969,74.4000015258789,75.1800003051758,75.1800003051758,296006
2009-10-15,75.3399963378906,77.9700012207031,74.7900009155273,77.5800018310547,77.5800018310547,355573
2009-10-16,77.7600021362305,78.75,76.8199996948242,78.5299987792969,78.5299987792969,238421
2009-10-19,78.5599975585938,79.6900024414062,78.0500030517578,79.6100006103516,79.6100006103516,131534
2009-10-20,79.6100006103516,80.0500030517578,78.0500030517578,79.0899963378906,79.0899963378906,320697
2009-10-21,78.6900024414062,82,77.6399993896484,81.370002746582,81.370002746582,395742
2009-10-22,81.0400009155273,81.5,79.8600006103516,81.1900024414062,81.1900024414062,295407
2009-10-23,81.2600021362305,81.7799987792969,79.5500030517578,80.5,80.5,293751
2009-10-26,79.6500015258789,81.5800018310547,77.9700012207031,78.6800003051758,78.6800003051758,363907
2009-10-27,78.6800003051758,79.8899993896484,77.8099975585938,79.5500030517578,79.5500030517578,375672
2009-10-28,79.4700012207031,79.8300018310547,77.0599975585938,77.4599990844727,77.4599990844727,359438
2009-10-29,77.1100006103516,80.4599990844727,77.0299987792969,79.870002746582,79.870002746582,360575
2009-10-30,79.9800033569336,80.2099990844727,76.8499984741211,77,77,412394
2009-11-02,77.0199966430664,78.6600036621094,76.5599975585938,78.129997253418,78.129997253418,371006
2009-11-03,78.0899963378906,79.7699966430664,76.5500030517578,79.5999984741211,79.5999984741211,373992
2009-11-04,79.4700012207031,81.0599975585938,79.120002746582,80.4000015258789,80.4000015258789,366103
2009-11-05,80.2900009155273,80.5199966430664,79.3399963378906,79.620002746582,79.620002746582,257603
2009-11-06,79.8000030517578,80.3399963378906,76.7099990844727,77.4300003051758,77.4300003051758,395797
2009-11-09,77.870002746582,80.1900024414062,77.7699966430664,79.4300003051758,79.4300003051758,327402
2009-11-10,79.2399978637695,80.5100021362305,77.8899993896484,79.0500030517578,79.0500030517578,371088
2009-11-11,78.879997253418,80.0999984741211,78.5699996948242,79.2799987792969,79.2799987792969,297815
2009-11-12,79.25,79.6900024414062,76.5199966430664,76.9400024414062,76.9400024414062,412833
2009-11-13,76.7799987792969,77.6699981689453,75.5699996948242,76.3499984741211,76.3499984741211,335366
2009-11-16,76.5800018310547,79.4300003051758,76.3499984741211,78.9000015258789,78.9000015258789,361387
2009-11-17,78.9300003051758,79.7300033569336,78.1399993896484,79.1399993896484,79.1399993896484,319240
2009-11-18,79.379997253418,80.3300018310547,78.6699981689453,79.5800018310547,79.5800018310547,253658
2009-11-19,79.629997253418,79.870002746582,77.0599975585938,77.4599990844727,77.4599990844727,175227
2009-11-20,77.5899963378906,77.9899978637695,76.1999969482422,76.7200012207031,76.7200012207031,263044
2009-11-23,77.8000030517578,79.9199981689453,77.1500015258789,77.5599975585938,77.5599975585938,382888
2009-11-24,77.4499969482422,77.8000030517578,75.5999984741211,76.0199966430664,76.0199966430664,413033
2009-11-25,75.8300018310547,78.0899963378906,75.5,77.9599990844727,77.9599990844727,337389
2009-11-27,77.8000030517578,77.9400024414062,72.3899993896484,76.0500030517578,76.0500030517578,301347
2009-11-30,76.0500030517578,78,75.129997253418,77.2799987792969,77.2799987792969,358538
2009-12-01,77.3499984741211,79.0400009155273,77.0100021362305,78.370002746582,78.370002746582,310483
2009-12-02,77.9000015258789,78.5899963378906,76.2200012207031,76.5999984741211,76.5999984741211,340897
2009-12-03,76.5100021362305,77.5,75.5400009155273,76.4599990844727,76.4599990844727,351788
2009-12-04,75.8300018310547,77.9000015258789,74.8499984741211,75.4700012207031,75.4700012207031,411579
2009-12-07,75.8000030517578,76.0999984741211,73.6999969482422,73.9300003051758,73.9300003051758,359248
2009-12-08,74,74.3899993896484,72.5100021362305,72.620002746582,72.620002746582,424771
2009-12-09,73.120002746582,73.870002746582,70.129997253418,70.6699981689453,70.6699981689453,526968
2009-12-10,70.8000030517578,71.3899993896484,69.8099975585938,70.5400009155273,70.5400009155273,407657
2009-12-11,70.5699996948242,71.1999969482422,69.4599990844727,69.870002746582,69.870002746582,343411
2009-12-14,69.629997253418,70.2200012207031,68.5899963378906,69.5100021362305,69.5100021362305,268931
2009-12-15,69.5699996948242,71.1500015258789,69.3099975585938,70.6900024414062,70.6900024414062,262945
2009-12-16,70.7799987792969,73.5500030517578,70.5899963378906,72.6600036621094,72.6600036621094,298377
2009-12-17,72.7399978637695,73.129997253418,71.2099990844727,72.6500015258789,72.6500015258789,173958
2009-12-18,72.5999984741211,74.6900024414062,72.5500030517578,73.3600006103516,73.3600006103516,122741
2009-12-21,73.0500030517578,74.3199996948242,71.9899978637695,72.4700012207031,72.4700012207031,189118
2009-12-22,73.4300003051758,74.9100036621094,72.7200012207031,74.4000015258789,74.4000015258789,196830
2009-12-23,74.5199966430664,77,74.25,76.6699981689453,76.6699981689453,205585
2009-12-24,76.5899963378906,78.25,76.1900024414062,78.0500030517578,78.0500030517578,102484
2009-12-28,77.9199981689453,79.120002746582,77.7600021362305,78.7699966430664,78.7699966430664,108895
2009-12-29,78.6600036621094,79.3899993896484,78.0199966430664,78.870002746582,78.870002746582,137090
2009-12-30,78.8000030517578,79.8000030517578,78.4599990844727,79.2799987792969,79.2799987792969,156075
2009-12-31,79.2799987792969,80,79.1600036621094,79.3600006103516,79.3600006103516,120372
2010-01-04,79.629997253418,81.6800003051758,79.629997253418,81.5100021362305,81.5100021362305,263542
2010-01-05,81.629997253418,82,80.9499969482422,81.7699966430664,81.7699966430664,258887
2010-01-06,81.4300003051758,83.5199966430664,80.8499984741211,83.1800003051758,83.1800003051758,370059
2010-01-07,83.1999969482422,83.3600006103516,82.2600021362305,82.6600036621094,82.6600036621094,246632
2010-01-08,82.6500015258789,83.4700012207031,81.8000030517578,82.75,82.75,310377
2010-01-11,82.879997253418,83.9499969482422,81.9599990844727,82.5199966430664,82.5199966430664,296304
2010-01-12,82.0699996948242,82.3399963378906,79.9100036621094,80.7900009155273,80.7900009155273,333866
2010-01-13,80.0599975585938,80.6699981689453,78.370002746582,79.6500015258789,79.6500015258789,401627
2010-01-14,79.629997253418,80.3600006103516,78.9199981689453,79.3899993896484,79.3899993896484,275404
2010-01-15,79.1999969482422,79.3099975585938,77.6999969482422,78,78,200555
2010-01-19,77.8499984741211,79.1500015258789,76.7600021362305,79.0199966430664,79.0199966430664,186882
2010-01-20,78.879997253418,79.0299987792969,76.9599990844727,77.620002746582,77.620002746582,303758
2010-01-21,77.5599975585938,78.3600006103516,75.6600036621094,76.0800018310547,76.0800018310547,327417
2010-01-22,75.8399963378906,76.5,74.0100021362305,74.5400009155273,74.5400009155273,348819
2010-01-25,74.2399978637695,75.4199981689453,74.0599975585938,75.2600021362305,75.2600021362305,280559
2010-01-26,75.2799987792969,75.3899993896484,73.8199996948242,74.7099990844727,74.7099990844727,256207
2010-01-27,74.6900024414062,75.0899963378906,72.6500015258789,73.6699981689453,73.6699981689453,356179
2010-01-28,73.75,74.4899978637695,72.9300003051758,73.6399993896484,73.6399993896484,292911
2010-01-29,73.8899993896484,74.8199996948242,72.4300003051758,72.8899993896484,72.8899993896484,335270
2010-02-01,72.8399963378906,74.9899978637695,72.4899978637695,74.4300003051758,74.4300003051758,277411
2010-02-02,74.9400024414062,77.4100036621094,74.4000015258789,77.2300033569336,77.2300033569336,366269
2010-02-03,76.9899978637695,78.0400009155273,76.5199966430664,76.9800033569336,76.9800033569336,391294
2010-02-04,77.0899963378906,77.1699981689453,72.4199981689453,73.1399993896484,73.1399993896484,523892
2010-02-05,73.0400009155273,73.9400024414062,69.5,71.1900024414062,71.1900024414062,596142
2010-02-08,72.1800003051758,72.3899993896484,70.7699966430664,71.8899993896484,71.8899993896484,345638
2010-02-09,71.6800003051758,74.1500015258789,71.3199996948242,73.75,73.75,429845
2010-02-10,73.7900009155273,74.9700012207031,72.5999984741211,74.5199966430664,74.5199966430664,422057
2010-02-11,74.6500015258789,75.6900024414062,73.379997253418,75.2799987792969,75.2799987792969,464441
2010-02-12,75.3000030517578,75.3499984741211,72.6600036621094,74.129997253418,74.129997253418,335805
2010-02-16,74.0199966430664,77.4199981689453,73.7099990844727,77.0100021362305,77.0100021362305,365032
2010-02-17,77.3199996948242,77.8199996948242,76.5299987792969,77.3300018310547,77.3300018310547,283816
2010-02-18,77.2900009155273,79.2900009155273,76.3199996948242,79.0599975585938,79.0599975585938,274169
2010-02-19,78.370002746582,80.0999984741211,77.7600021362305,79.8099975585938,79.8099975585938,183234
2010-02-22,80.0999984741211,80.5100021362305,79.4499969482422,80.1600036621094,80.1600036621094,238956
2010-02-23,80.0299987792969,80.3899993896484,78.2200012207031,78.8600006103516,78.8600006103516,316878
2010-02-24,79.129997253418,80.4499969482422,78.25,80,80,289321
2010-02-25,80.3099975585938,80.3199996948242,77.0500030517578,78.1699981689453,78.1699981689453,346025
2010-02-26,78.3300018310547,80.0500030517578,77.8199996948242,79.6600036621094,79.6600036621094,319038
2010-03-01,79.8399963378906,80.620002746582,78.0599975585938,78.6999969482422,78.6999969482422,298718
2010-03-02,78.879997253418,80.9499969482422,78.2600021362305,79.6800003051758,79.6800003051758,301698
2010-03-03,79.6399993896484,81.2300033569336,79.4400024414062,80.870002746582,80.870002746582,306910
2010-03-04,81.0100021362305,81.0899963378906,79.6999969482422,80.2099990844727,80.2099990844727,278889
2010-03-05,80.5800018310547,82.0699996948242,80.4700012207031,81.5,81.5,299634
2010-03-08,81.7900009155273,82.4100036621094,80.75,81.870002746582,81.870002746582,295351
2010-03-09,81.75,81.9100036621094,80.1600036621094,81.4899978637695,81.4899978637695,332133
2010-03-10,81.379997253418,83.0299987792969,80.8099975585938,82.0899963378906,82.0899963378906,430148
2010-03-11,81.9800033569336,82.379997253418,81.3300018310547,82.1100006103516,82.1100006103516,279161
2010-03-12,82.1999969482422,83.1600036621094,80.5699996948242,81.2399978637695,81.2399978637695,337201
2010-03-15,81.129997253418,81.3099975585938,79.129997253418,79.8000030517578,79.8000030517578,283135
2010-03-16,79.8399963378906,82.0400009155273,79.3199996948242,81.6999969482422,81.6999969482422,290180
2010-03-17,82.0500030517578,83.0899963378906,81.7200012207031,82.9300003051758,82.9300003051758,275205
2010-03-18,82.8499984741211,82.8499984741211,81.6800003051758,82.1999969482422,82.1999969482422,208343
2010-03-19,82.1699981689453,82.1699981689453,79.8600006103516,80.6800003051758,80.6800003051758,150682
2010-03-22,80.9300003051758,81.4899978637695,78.5699996948242,81.25,81.25,351220
2010-03-23,81.8099975585938,82.1999969482422,80.8499984741211,81.9100036621094,81.9100036621094,261873
2010-03-24,81.5800018310547,81.6399993896484,79.879997253418,80.6100006103516,80.6100006103516,307763
2010-03-25,80.25,81.4800033569336,80.1999969482422,80.5299987792969,80.5299987792969,296271
2010-03-26,80.129997253418,81.4599990844727,79.5400009155273,80,80,324607
2010-03-29,80.2399978637695,82.7799987792969,80.1800003051758,82.1699981689453,82.1699981689453,311042
2010-03-30,82.5,82.7399978637695,81.7699966430664,82.370002746582,82.370002746582,244435
2010-03-31,82.5,83.8499984741211,82.2200012207031,83.7600021362305,83.7600021362305,371961
2010-04-01,83.3600006103516,85.2200012207031,83.2099990844727,84.870002746582,84.870002746582,295387
2010-04-05,85.3099975585938,86.9000015258789,85.0599975585938,86.620002746582,86.620002746582,244106
2010-04-06,86.7399978637695,87.0899963378906,86.129997253418,86.8399963378906,86.8399963378906,290480
2010-04-07,86.7600021362305,87,85.5199966430664,85.879997253418,85.879997253418,379528
2010-04-08,85.6399993896484,85.879997253418,84.379997253418,85.3899993896484,85.3899993896484,389596
2010-04-09,85.5599975585938,86.370002746582,84.120002746582,84.9199981689453,84.9199981689453,442943
2010-04-12,85.1699981689453,85.7099990844727,84.0800018310547,84.3399963378906,84.3399963378906,421904
2010-04-13,84.3600006103516,84.4199981689453,82.5100021362305,84.0500030517578,84.0500030517578,552298
2010-04-14,83.8199996948242,86.3899993896484,83.7099990844727,85.8399963378906,85.8399963378906,425166
2010-04-15,85.9100036621094,86.2699966430664,85.2699966430664,85.5100021362305,85.5100021362305,274095
2010-04-16,85.3499984741211,85.4400024414062,82.5199966430664,83.2399978637695,83.2399978637695,268760
2010-04-19,82.9199981689453,83,80.5299987792969,81.4499969482422,81.4499969482422,122831
2010-04-20,81.6900024414062,83.6500015258789,81.5100021362305,83.4499969482422,83.4499969482422,344024
2010-04-21,84.0299987792969,84.6399993896484,82.9199981689453,83.6800003051758,83.6800003051758,428236
2010-04-22,83.4700012207031,84.0699996948242,81.7300033569336,83.6999969482422,83.6999969482422,433947
2010-04-23,83.75,85.1900024414062,82.9199981689453,85.120002746582,85.120002746582,322550
2010-04-26,85.2200012207031,85.629997253418,83.7300033569336,84.1999969482422,84.1999969482422,337123
2010-04-27,83.8899993896484,84.3300018310547,81.7900009155273,82.4400024414062,82.4400024414062,462842
2010-04-28,81.8399963378906,83.3899993896484,81.2900009155273,83.2200012207031,83.2200012207031,400695
2010-04-29,83.3300018310547,85.4599990844727,83.0100021362305,85.1699981689453,85.1699981689453,393689
2010-04-30,85.5800018310547,86.5,85.1600036621094,86.1500015258789,86.1500015258789,392139
2010-05-03,86.1999969482422,87.1500015258789,85.8300018310547,86.1900024414062,86.1900024414062,324726
2010-05-04,86.0899963378906,86.2399978637695,82.5500030517578,82.7399978637695,82.7399978637695,497427
2010-05-05,82.129997253418,82.8300018310547,79.1500015258789,79.9700012207031,79.9700012207031,512285
2010-05-06,79.629997253418,80.3899993896484,74.5800018310547,77.1100006103516,77.1100006103516,605011
2010-05-07,76.9499969482422,78.1900024414062,74.5100021362305,75.1100006103516,75.1100006103516,601534
2010-05-10,76.1100006103516,78.5100021362305,75.8000030517578,76.8000030517578,76.8000030517578,447158
2010-05-11,77.2600021362305,77.6800003051758,75.3600006103516,76.370002746582,76.370002746582,441537
2010-05-12,75.8899993896484,77,74.75,75.6500015258789,75.6500015258789,475847
2010-05-13,75.4700012207031,76.4499969482422,73.620002746582,74.4000015258789,74.4000015258789,532331
2010-05-14,73.9899978637695,74.129997253418,70.8300018310547,71.6100006103516,71.6100006103516,373981
2010-05-17,71.7900009155273,72.25,69.2699966430664,70.0800018310547,70.0800018310547,355833
2010-05-18,70.5,72.5199966430664,68.9100036621094,69.4100036621094,69.4100036621094,206381
2010-05-19,69.1100006103516,71.3000030517578,67.9000015258789,69.870002746582,69.870002746582,129166
2010-05-20,71.1999969482422,71.2900009155273,64.2399978637695,68.0100021362305,68.0100021362305,553741
2010-05-21,69.5199966430664,71.2300033569336,69,70.0400009155273,70.0400009155273,449428
2010-05-24,70.620002746582,70.9599990844727,69.5699996948242,70.2099990844727,70.2099990844727,279820
2010-05-25,69.9000015258789,70.0400009155273,67.1500015258789,68.75,68.75,395399
2010-05-26,70.0599975585938,71.6999969482422,69.2099990844727,71.5100021362305,71.5100021362305,405519
2010-05-27,70.7399978637695,74.75,70.6699981689453,74.5500030517578,74.5500030517578,401812
2010-05-28,74.9000015258789,75.7200012207031,73.129997253418,73.9700012207031,73.9700012207031,420674
2010-06-01,73.9700012207031,75.3300018310547,71.6399993896484,72.5800018310547,72.5800018310547,438588
2010-06-02,71.9400024414062,73.9300003051758,71.6800003051758,72.8600006103516,72.8600006103516,391034
2010-06-03,73.6999969482422,74.9499969482422,72.3199996948242,74.6100006103516,74.6100006103516,439431
2010-06-04,74.6100006103516,75.4199981689453,70.7900009155273,71.5100021362305,71.5100021362305,448494
2010-06-07,70.3499984741211,72.4899978637695,69.5100021362305,71.4400024414062,71.4400024414062,417308
2010-06-08,71.1600036621094,72.4000015258789,70.75,71.9899978637695,71.9899978637695,421966
2010-06-09,72.5100021362305,74.9599990844727,72.0299987792969,74.379997253418,74.379997253418,436981
2010-06-10,73.870002746582,76.3000030517578,73.7200012207031,75.4800033569336,75.4800033569336,430042
2010-06-11,75.5199966430664,75.6399993896484,73.2600021362305,73.7799987792969,73.7799987792969,421739
2010-06-14,74.0599975585938,75.9899978637695,74.0400009155273,75.120002746582,75.120002746582,321671
2010-06-15,74.7699966430664,77.1600036621094,74.620002746582,76.9400024414062,76.9400024414062,308294
2010-06-16,77.0599975585938,78.129997253418,76.0599975585938,77.6699981689453,77.6699981689453,323357
2010-06-17,77.4499969482422,77.7900009155273,76.1699981689453,76.7900009155273,76.7900009155273,303284
2010-06-18,76.5500030517578,77.4499969482422,75.5599975585938,77.1800003051758,77.1800003051758,157434
2010-06-21,77.5,78.9199981689453,76.879997253418,77.8199996948242,77.8199996948242,124289
2010-06-22,77.3499984741211,78.0999984741211,76.5299987792969,77.2099990844727,77.2099990844727,285495
2010-06-23,77.5199966430664,77.8300018310547,75.1699981689453,76.3499984741211,76.3499984741211,365038
2010-06-24,76,76.5699996948242,75.3199996948242,76.5100021362305,76.5100021362305,260401
2010-06-25,76.5599975585938,79.1900024414062,75.9000015258789,78.8600006103516,78.8600006103516,316456
2010-06-28,79,79.379997253418,77.7200012207031,78.25,78.25,223305
2010-06-29,78.1500015258789,78.3199996948242,75.2099990844727,75.9400024414062,75.9400024414062,323267
2010-06-30,75.4599990844727,76.8300018310547,74.3899993896484,75.629997253418,75.629997253418,357752
2010-07-01,75.370002746582,75.4000015258789,72.0500030517578,72.9499969482422,72.9499969482422,405081
2010-07-02,72.6699981689453,73.379997253418,71.620002746582,72.1399993896484,72.1399993896484,256171
2010-07-06,72.0599975585938,73.8600006103516,71.0899963378906,71.9800033569336,71.9800033569336,325727
2010-07-07,72.0699996948242,74.5599975585938,71.4400024414062,74.0699996948242,74.0699996948242,288660
2010-07-08,74.8499984741211,76,74.379997253418,75.4400024414062,75.4400024414062,325813
2010-07-09,75.8499984741211,76.4800033569336,75,76.0899963378906,76.0899963378906,269887
2010-07-12,76.3000030517578,76.4300003051758,74.5199966430664,74.9499969482422,74.9499969482422,309169
2010-07-13,75.0599975585938,77.370002746582,74.25,77.1500015258789,77.1500015258789,361792
2010-07-14,77.129997253418,78.1500015258789,76.379997253418,77.0400009155273,77.0400009155273,364471
2010-07-15,76.7600021362305,77.6600036621094,75.3300018310547,76.620002746582,76.620002746582,366023
2010-07-16,76.8199996948242,77.1500015258789,75.25,76.0100021362305,76.0100021362305,225250
2010-07-19,75.7200012207031,77.6900024414062,75.5,76.5400009155273,76.5400009155273,169548
2010-07-20,76.4000015258789,77.5699996948242,75.6500015258789,77.4400024414062,77.4400024414062,285817
2010-07-21,77.8499984741211,78.5699996948242,76.1999969482422,76.5599975585938,76.5599975585938,322410
2010-07-22,76.4300003051758,79.4199981689453,76.1600036621094,79.3000030517578,79.3000030517578,358815
2010-07-23,79.2699966430664,79.5999984741211,78.4000015258789,78.9800033569336,78.9800033569336,259741
2010-07-26,78.9800033569336,79.3300018310547,78.0599975585938,78.9800033569336,78.9800033569336,227656
2010-07-27,78.9199981689453,79.6900024414062,76.7900009155273,77.5,77.5,377844
2010-07-28,77.0800018310547,77.7399978637695,75.9000015258789,76.9899978637695,76.9899978637695,314173
2010-07-29,76.8899993896484,78.8899993896484,76.4499969482422,78.3600006103516,78.3600006103516,350581
2010-07-30,78.25,79.0500030517578,76.8300018310547,78.9499969482422,78.9499969482422,294425
2010-08-02,78.9499969482422,81.7699966430664,78.8300018310547,81.3399963378906,81.3399963378906,306098
2010-08-03,81.4100036621094,82.6399993896484,81.1100006103516,82.5500030517578,82.5500030517578,290979
2010-08-04,82.4199981689453,82.9700012207031,81.620002746582,82.4700012207031,82.4700012207031,293321
2010-08-05,82.4400024414062,82.4800033569336,81.5599975585938,82.0100021362305,82.0100021362305,234811
2010-08-06,82.120002746582,82.6699981689453,80.0400009155273,80.6999969482422,80.6999969482422,397532
2010-08-09,80.9100036621094,81.7600021362305,80.7099990844727,81.4800033569336,81.4800033569336,267083
2010-08-10,81.4400024414062,81.620002746582,79.1999969482422,80.25,80.25,385854
2010-08-11,80.2200012207031,80.4400024414062,77.4199981689453,78.0199966430664,78.0199966430664,416889
2010-08-12,77.3099975585938,77.9700012207031,75.5199966430664,75.7399978637695,75.7399978637695,430788
2010-08-13,75.75,76.7399978637695,75.0100021362305,75.3899993896484,75.3899993896484,286126
2010-08-16,75.5999984741211,75.9499969482422,74.8600006103516,75.2399978637695,75.2399978637695,237455
2010-08-17,75.0599975585938,76.629997253418,75.0100021362305,75.7699966430664,75.7699966430664,347432
2010-08-18,75.4499969482422,75.7399978637695,73.8300018310547,75.4199981689453,75.4199981689453,247104
2010-08-19,75.2699966430664,76.0999984741211,73.9599990844727,74.4300003051758,74.4300003051758,123224
2010-08-20,74.4499969482422,74.5999984741211,73.1900024414062,73.4599990844727,73.4599990844727,246977
2010-08-23,73.9000015258789,74.4800033569336,72.75,73.0999984741211,73.0999984741211,252439
2010-08-24,72.9499969482422,73.0500030517578,71.3199996948242,71.629997253418,71.629997253418,340994
2010-08-25,71.4700012207031,72.870002746582,70.7600021362305,72.5199966430664,72.5199966430664,343405
2010-08-26,72.8199996948242,73.9800033569336,72.5400009155273,73.3600006103516,73.3600006103516,362828
2010-08-27,73.1800003051758,75.4499969482422,72.0400009155273,75.1699981689453,75.1699981689453,477903
2010-08-30,75.5,75.5800018310547,74.1699981689453,74.6999969482422,74.6999969482422,260666
2010-08-31,74.0699996948242,74.7300033569336,71.5299987792969,71.9199981689453,71.9199981689453,469412
2010-09-01,71.6999969482422,74.4800033569336,71.6699981689453,73.9100036621094,73.9100036621094,396607
2010-09-02,73.9100036621094,75.1399993896484,73.1100006103516,75.0199966430664,75.0199966430664,340168
2010-09-03,74.9300003051758,75.4400024414062,73.1999969482422,74.5999984741211,74.5999984741211,379300
2010-09-07,74.3000030517578,74.629997253418,72.629997253418,74.0899963378906,74.0899963378906,406641
2010-09-08,73.9100036621094,75.3899993896484,73.370002746582,74.6699981689453,74.6699981689453,359759
2010-09-09,74.9199981689453,75.9599990844727,73.879997253418,74.25,74.25,372881
2010-09-10,74.4000015258789,76.7300033569336,74.370002746582,76.4499969482422,76.4499969482422,431370
2010-09-13,76.3600006103516,78.0400009155273,76.3600006103516,77.1900024414062,77.1900024414062,349157
2010-09-14,77.1699981689453,77.9899978637695,76.2099990844727,76.8000030517578,76.8000030517578,416114
2010-09-15,76.6399993896484,76.6500015258789,74.6600036621094,76.0199966430664,76.0199966430664,356325
2010-09-16,75.7600021362305,75.9899978637695,74.1100006103516,74.5699996948242,74.5699996948242,289281
2010-09-17,74.4700012207031,75.25,72.75,73.6600036621094,73.6600036621094,195831
2010-09-20,73.5899963378906,75.4499969482422,73.3199996948242,74.8600006103516,74.8600006103516,132427
2010-09-21,74.5699996948242,74.5999984741211,72.8099975585938,73.5199966430664,73.5199966430664,311954
2010-09-22,74.7900009155273,76,73.8399963378906,74.7099990844727,74.7099990844727,343846
2010-09-23,74.8399963378906,75.6100006103516,73.5800018310547,75.1800003051758,75.1800003051758,295903
2010-09-24,74.9499969482422,76.6800003051758,74.6600036621094,76.4899978637695,76.4899978637695,288499
2010-09-27,76.4700012207031,77.1699981689453,75.5199966430664,76.5199966430664,76.5199966430664,289641
2010-09-28,76.2300033569336,77.120002746582,75.5299987792969,76.1800003051758,76.1800003051758,329350
2010-09-29,76.1999969482422,78.129997253418,75.5999984741211,77.8600006103516,77.8600006103516,388993
2010-09-30,77.9100036621094,80.1800003051758,77.5500030517578,79.9700012207031,79.9700012207031,418628
2010-10-01,79.8399963378906,81.6900024414062,79.6999969482422,81.5800018310547,81.5800018310547,359944
2010-10-04,81.6800003051758,82.379997253418,80.7699966430664,81.4700012207031,81.4700012207031,313306
2010-10-05,81.370002746582,82.9899978637695,81.1500015258789,82.8199996948242,82.8199996948242,336832
2010-10-06,82.5999984741211,84.0899963378906,82.2900009155273,83.2300033569336,83.2300033569336,349174
2010-10-07,83.2699966430664,84.4300003051758,81,81.6699981689453,81.6699981689453,450952
2010-10-08,81.4300003051758,83.129997253418,80.3000030517578,82.6600036621094,82.6600036621094,414081
2010-10-11,82.9499969482422,83.5,81.8499984741211,82.2099990844727,82.2099990844727,234320
2010-10-12,81.9400024414062,82.3300018310547,80.879997253418,81.6699981689453,81.6699981689453,333582
2010-10-13,81.7200012207031,83.4499969482422,81.6800003051758,83.0100021362305,83.0100021362305,330288
2010-10-14,83.2300033569336,84.120002746582,82.2099990844727,82.6900024414062,82.6900024414062,340955
2010-10-15,82.7699966430664,83.3300018310547,80.75,81.25,81.25,345844
2010-10-18,81.379997253418,83.2799987792969,80.3499984741211,83.0800018310547,83.0800018310547,225081
2010-10-19,82.9499969482422,83.2099990844727,79.3899993896484,79.4899978637695,79.4899978637695,151357
2010-10-20,79.4800033569336,82.0299987792969,79.3499984741211,81.7699966430664,81.7699966430664,422745
2010-10-21,82.5500030517578,82.6999969482422,80.0899963378906,80.5599975585938,80.5599975585938,378285
2010-10-22,80.7300033569336,82.0699996948242,80.4100036621094,81.6900024414062,81.6900024414062,256382
2010-10-25,82.0100021362305,83.2799987792969,81.4499969482422,82.5199966430664,82.5199966430664,339395
2010-10-26,82.4700012207031,82.879997253418,81.8099975585938,82.5500030517578,82.5500030517578,265930
2010-10-27,82.4800033569336,82.6900024414062,80.5199966430664,81.9400024414062,81.9400024414062,375249
2010-10-28,81.9899978637695,82.6399993896484,81.5,82.1800003051758,82.1800003051758,296748
2010-10-29,81.9199981689453,82.120002746582,80.5599975585938,81.4300003051758,81.4300003051758,313874
2010-11-01,81.4499969482422,83.8600006103516,81.3199996948242,82.9499969482422,82.9499969482422,358535
2010-11-02,82.879997253418,84.4700012207031,82.8300018310547,83.9000015258789,83.9000015258789,281834
2010-11-03,84.370002746582,85.3600006103516,83.5699996948242,84.6900024414062,84.6900024414062,393735
2010-11-04,85.0899963378906,86.8300018310547,84.9199981689453,86.4899978637695,86.4899978637695,317997
2010-11-05,86.5999984741211,87.4300003051758,85.9599990844727,86.8499984741211,86.8499984741211,317997
2010-11-08,87.3899993896484,87.4899978637695,85.9599990844727,87.0599975585938,87.0599975585938,309966
2010-11-09,86.75,87.629997253418,85.4800033569336,86.7200012207031,86.7200012207031,367995
2010-11-10,86.4499969482422,88.2099990844727,86.0999984741211,87.8099975585938,87.8099975585938,472840
2010-11-11,87.8499984741211,88.629997253418,87.5400009155273,87.8099975585938,87.8099975585938,343012
2010-11-12,87.7300033569336,87.8499984741211,84.5199966430664,84.879997253418,84.879997253418,478815
2010-11-15,84.870002746582,85.7699966430664,84.4800033569336,84.8600006103516,84.8600006103516,315260
2010-11-16,84.5800018310547,84.7399978637695,82.0699996948242,82.3399963378906,82.3399963378906,454828
2010-11-17,82.4400024414062,82.6699981689453,80.0599975585938,80.4400024414062,80.4400024414062,334525
2010-11-18,80.4499969482422,82.3499984741211,80.4400024414062,81.8499984741211,81.8499984741211,160405
2010-11-19,82.2399978637695,82.75,80.5899963378906,81.5100021362305,81.5100021362305,324513
2010-11-22,82.1500015258789,82.870002746582,80.6800003051758,81.7399978637695,81.7399978637695,290222
2010-11-23,81.6100006103516,82.0999984741211,80.2799987792969,81.25,81.25,351860
2010-11-24,80.9899978637695,84.1999969482422,80.9700012207031,83.8600006103516,83.8600006103516,324511
2010-11-26,84.2099990844727,84.5299987792969,82.7799987792969,83.7600021362305,83.7600021362305,174178
2010-11-29,83.9000015258789,85.8300018310547,83.5899963378906,85.7300033569336,85.7300033569336,335800
2010-11-30,85.8099975585938,85.9000015258789,83.5500030517578,84.1100006103516,84.1100006103516,338358
2010-12-01,83.6600036621094,86.9499969482422,83.629997253418,86.75,86.75,340736
2010-12-02,86.8000030517578,88.129997253418,86.2699966430664,88,88,330642
2010-12-03,87.9400024414062,89.4899978637695,87.1399993896484,89.1900024414062,89.1900024414062,354635
2010-12-06,89.4400024414062,89.7600021362305,88.5599975585938,89.379997253418,89.379997253418,293836
2010-12-07,88.9199981689453,90.7600021362305,88.0999984741211,88.6900024414062,88.6900024414062,462689
2010-12-08,88.3499984741211,88.9899978637695,87.3300018310547,88.2799987792969,88.2799987792969,383144
2010-12-09,88.5500030517578,89.4199981689453,87.7099990844727,88.370002746582,88.370002746582,353964
2010-12-10,88.5100021362305,89,87.0999984741211,87.7900009155273,87.7900009155273,313842
2010-12-13,87.6800003051758,89.4899978637695,87.4400024414062,88.6100006103516,88.6100006103516,329766
2010-12-14,88.1900024414062,88.9499969482422,87.7399978637695,88.2799987792969,88.2799987792969,281851
2010-12-15,88.2799987792969,89.0899963378906,86.8300018310547,88.620002746582,88.620002746582,355056
2010-12-16,88.4800033569336,88.6500015258789,87.629997253418,87.6999969482422,87.6999969482422,221145
2010-12-17,87.870002746582,88.5199966430664,87.0100021362305,88.0199966430664,88.0199966430664,152396
2010-12-20,88.1800003051758,88.9800033569336,87.2600021362305,88.8099975585938,88.8099975585938,265975
2010-12-21,89.2200012207031,89.9700012207031,89.0599975585938,89.8199996948242,89.8199996948242,187321
2010-12-22,89.9899978637695,90.8000030517578,89.8499984741211,90.4800033569336,90.4800033569336,187386
2010-12-23,90.6100006103516,91.629997253418,90.3300018310547,91.5100021362305,91.5100021362305,145007
2010-12-27,91.0699996948242,91.879997253418,90.5100021362305,91,91,104321
2010-12-28,90.7900009155273,91.6699981689453,90.75,91.4899978637695,91.4899978637695,104415
2010-12-29,91.2699966430664,91.5299987792969,90.8000030517578,91.120002746582,91.120002746582,117853
2010-12-30,90.9800033569336,91.4000015258789,89.0199966430664,89.8399963378906,89.8399963378906,209645
2010-12-31,89.6699981689453,92.0599975585938,89.0500030517578,91.379997253418,91.379997253418,171010
2011-01-03,91.3099975585938,92.5800018310547,91.2099990844727,91.5500030517578,91.5500030517578,225189
2011-01-04,91.5,92.0699996948242,88.3600006103516,89.379997253418,89.379997253418,415521
2011-01-05,89.2900009155273,90.8399963378906,88.0999984741211,90.3000030517578,90.3000030517578,416908
2011-01-06,90.4700012207031,90.7099990844727,87.8499984741211,88.379997253418,88.379997253418,440456
2011-01-07,88.1800003051758,89.4800033569336,87.25,88.0299987792969,88.0299987792969,444813
2011-01-10,89,89.9800033569336,88.129997253418,89.25,89.25,430277
2011-01-11,89.3099975585938,91.3899993896484,88.9300003051758,91.1100006103516,91.1100006103516,429761
2011-01-12,91.1800003051758,92.3899993896484,90.7900009155273,91.8600006103516,91.8600006103516,382686
2011-01-13,92,92.370002746582,90.75,91.4000015258789,91.4000015258789,358898
2011-01-14,90.9899978637695,91.6900024414062,90.0999984741211,91.5400009155273,91.5400009155273,313331
2011-01-18,91.5100021362305,91.9000015258789,90.5500030517578,91.379997253418,91.379997253418,211930
2011-01-19,91.3399963378906,92.0999984741211,90.4700012207031,90.8600006103516,90.8600006103516,109525
2011-01-20,90.6999969482422,90.8600006103516,88,88.8600006103516,88.8600006103516,442041
2011-01-21,89.4499969482422,90.2200012207031,88.870002746582,89.1100006103516,89.1100006103516,287810
2011-01-24,89.2600021362305,89.629997253418,87.2699966430664,87.870002746582,87.870002746582,356085
2011-01-25,87.6999969482422,87.8499984741211,86.120002746582,86.1900024414062,86.1900024414062,338646
2011-01-26,86.2300033569336,87.7799987792969,86.0299987792969,87.3300018310547,87.3300018310547,347753
2011-01-27,87.5500030517578,87.6600036621094,85.4199981689453,85.6399993896484,85.6399993896484,369379
2011-01-28,85.2799987792969,89.7300033569336,85.1100006103516,89.3399963378906,89.3399963378906,584789
2011-01-31,89.9700012207031,92.8399963378906,88.4000015258789,92.1900024414062,92.1900024414062,436801
2011-02-01,92.1999969482422,92.4499969482422,90.4400024414062,90.7699966430664,90.7699966430664,392882
2011-02-02,90.5100021362305,91.7799987792969,90.0999984741211,90.8600006103516,90.8600006103516,312107
2011-02-03,90.9300003051758,92.0500030517578,90,90.5400009155273,90.5400009155273,290494
2011-02-04,90.629997253418,91.6699981689453,88.4499969482422,89.0299987792969,89.0299987792969,359925
2011-02-07,89.0599975585938,89.5400009155273,87.1800003051758,87.4800033569336,87.4800033569336,324984
2011-02-08,87.4100036621094,88.1100006103516,85.879997253418,86.9400024414062,86.9400024414062,414877
2011-02-09,87.3499984741211,87.9499969482422,86.3600006103516,86.7099990844727,86.7099990844727,367209
2011-02-10,86.9300003051758,87.9000015258789,85.9599990844727,86.7300033569336,86.7300033569336,419188
2011-02-11,87.6999969482422,87.7699966430664,85.0999984741211,85.5800018310547,85.5800018310547,383391
2011-02-14,85.5,86.5199966430664,84.5800018310547,84.8099975585938,84.8099975585938,319329
2011-02-15,84.8399963378906,85.9700012207031,83.8499984741211,84.3199996948242,84.3199996948242,284165
2011-02-16,84.4400024414062,85.9499969482422,84.120002746582,84.9899978637695,84.9899978637695,297660
2011-02-17,85.25,86.629997253418,84.379997253418,86.3600006103516,86.3600006103516,176128
2011-02-18,86.4000015258789,87.879997253418,85.6500015258789,86.1999969482422,86.1999969482422,155296
2011-02-22,86.379997253418,94.4899978637695,86.25,93.5699996948242,93.5699996948242,638193
2011-02-23,95.6800003051758,100,95.1399993896484,98.0999984741211,98.0999984741211,489667
2011-02-24,98.9700012207031,103.410003662109,95.620002746582,97.2799987792969,97.2799987792969,507456
2011-02-25,96.629997253418,99.1999969482422,96.1699981689453,97.879997253418,97.879997253418,307903
2011-02-28,98.5,99.9599990844727,96.7099990844727,96.9700012207031,96.9700012207031,262001
2011-03-01,96.9700012207031,100.680000305176,96.370002746582,99.629997253418,99.629997253418,322429
2011-03-02,100.480003356934,102.430000305176,99.2099990844727,102.230003356934,102.230003356934,446378
2011-03-03,102.389999389648,102.940002441406,100.150001525879,101.910003662109,101.910003662109,382555
2011-03-04,101.699996948242,105.169998168945,101.540000915527,104.419998168945,104.419998168945,369148
2011-03-07,104.650001525879,106.949996948242,104.25,105.440002441406,105.440002441406,404435
2011-03-08,104.849998474121,105.790000915527,103.330001831055,105.019996643066,105.019996643066,420036
2011-03-09,104.959999084473,105.919998168945,103.900001525879,104.379997253418,104.379997253418,353948
2011-03-10,104.449996948242,105.059997558594,100.620002746582,102.699996948242,102.699996948242,432988
2011-03-11,102.639999389648,103,99.0100021362305,101.160003662109,101.160003662109,342531
2011-03-14,100.309997558594,101.599998474121,98.4700012207031,101.190002441406,101.190002441406,289434
2011-03-15,101.860000610352,101.870002746582,96.7099990844727,97.1800003051758,97.1800003051758,388736
2011-03-16,97.4000015258789,99.5999984741211,96.2200012207031,97.9800033569336,97.9800033569336,357944
2011-03-17,98.0999984741211,101.98999786377,96.5999984741211,101.419998168945,101.419998168945,261573
2011-03-18,101.779998779297,103.660003662109,100.139999389648,101.069999694824,101.069999694824,217675
2011-03-21,102.120002746582,103.349998474121,101.660003662109,102.330001831055,102.330001831055,103960
2011-03-22,102.099998474121,104.540000915527,101.430000305176,104,104,303365
2011-03-23,104.849998474121,106.339996337891,104.379997253418,105.75,105.75,254571
2011-03-24,105.519996643066,106.690002441406,104.76000213623,105.599998474121,105.599998474121,258015
2011-03-25,105.459999084473,105.949996948242,104.5,105.400001525879,105.400001525879,235658
2011-03-28,105.430000305176,105.76000213623,103.599998474121,103.980003356934,103.980003356934,223079
2011-03-29,103.940002441406,105,102.699996948242,104.790000915527,104.790000915527,246824
2011-03-30,104.449996948242,105.150001525879,103.440002441406,104.269996643066,104.269996643066,256895
2011-03-31,104.309997558594,106.830001831055,104.120002746582,106.720001220703,106.720001220703,270630
2011-04-01,106.620002746582,108.230003356934,106.300003051758,107.940002441406,107.940002441406,283710
2011-04-04,108.290000915527,108.779998779297,107.580001831055,108.470001220703,108.470001220703,228494
2011-04-05,108.199996948242,108.599998474121,107.5,108.339996337891,108.339996337891,249358
2011-04-06,107.98999786377,109.150001525879,107.720001220703,108.830001831055,108.830001831055,255598
2011-04-07,108.669998168945,110.440002441406,108.230003356934,110.300003051758,110.300003051758,334906
2011-04-08,110.319999694824,113.180000305176,110.110000610352,112.790000915527,112.790000915527,319475
2011-04-11,113.279998779297,113.459999084473,108.879997253418,109.919998168945,109.919998168945,364348
2011-04-12,108.970001220703,110.23999786377,105.470001220703,106.25,106.25,555625
2011-04-13,106.019996643066,107.430000305176,105.309997558594,107.110000610352,107.110000610352,456863
2011-04-14,107.319999694824,108.550003051758,105.769996643066,108.110000610352,108.110000610352,352072
2011-04-15,108.449996948242,110.099998474121,107.209999084473,109.660003662109,109.660003662109,224394
2011-04-18,109.430000305176,109.440002441406,106.540000915527,107.120002746582,107.120002746582,138178
2011-04-19,107.519996643066,108.449996948242,105.5,108.150001525879,108.150001525879,324778
2011-04-20,108.449996948242,111.660003662109,107.959999084473,111.449996948242,111.449996948242,291546
2011-04-21,111.370002746582,112.480003356934,111,112.290000915527,112.290000915527,240462
2011-04-25,112.339996337891,113.480003356934,111.080001831055,112.279998779297,112.279998779297,209683
2011-04-26,112.150001525879,112.639999389648,111.120002746582,112.209999084473,112.209999084473,234441
2011-04-27,111.889999389648,113.400001525879,110.709999084473,112.76000213623,112.76000213623,338697
2011-04-28,113.129997253418,113.970001220703,111.690002441406,112.860000610352,112.860000610352,301604
2011-04-29,112.819999694824,114.180000305176,112.25,113.930000305176,113.930000305176,201831
2011-05-02,113.889999389648,114.830001831055,110.819999694824,113.519996643066,113.519996643066,310994
2011-05-03,112.980003356934,113.220001220703,110.300003051758,111.050003051758,111.050003051758,300333
2011-05-04,110.680000305176,111.220001220703,108.480003356934,109.23999786377,109.23999786377,333018
2011-05-05,108.779998779297,109.379997253418,98.25,99.8000030517578,99.8000030517578,670082
2011-05-06,99.7600021362305,102.379997253418,94.629997253418,97.1800003051758,97.1800003051758,606528
2011-05-09,98.1100006103516,103.400001525879,97.4199981689453,102.550003051758,102.550003051758,469290
2011-05-10,102.440002441406,103.949996948242,100.120002746582,103.879997253418,103.879997253418,439607
2011-05-11,103.690002441406,104.599998474121,97.5,98.2099990844727,98.2099990844727,524761
2011-05-12,98.5899963378906,100.48999786377,95.25,98.9700012207031,98.9700012207031,522503
2011-05-13,98.8099975585938,100.699996948242,97.0899963378906,99.6500015258789,99.6500015258789,367717
2011-05-16,99.3600006103516,99.6500015258789,96.8899993896484,97.370002746582,97.370002746582,335318
2011-05-17,96.9800033569336,97.8099975585938,95.0199966430664,96.9100036621094,96.9100036621094,399128
2011-05-18,97.5699996948242,100.98999786377,97.4599990844727,100.099998474121,100.099998474121,285299
2011-05-19,99.7600021362305,100.790000915527,98.1600036621094,98.4400024414062,98.4400024414062,142668
2011-05-20,98.5999984741211,99.9000015258789,95.9899978637695,99.4899978637695,99.4899978637695,394911
2011-05-23,99.6800003051758,100.040000915527,96.370002746582,97.6999969482422,97.6999969482422,296828
2011-05-24,97.5400009155273,100.089996337891,96.6100006103516,99.5899963378906,99.5899963378906,339530
2011-05-25,99.2699966430664,101.629997253418,98.1999969482422,101.319999694824,101.319999694824,354880
2011-05-26,101.23999786377,101.900001525879,99.6100006103516,100.230003356934,100.230003356934,332135
2011-05-27,100.160003662109,101.23999786377,100.040000915527,100.589996337891,100.589996337891,212254
2011-05-31,100.690002441406,103.389999389648,99.5999984741211,102.699996948242,102.699996948242,319037
2011-06-01,102.680000305176,103.309997558594,99.8600006103516,100.290000915527,100.290000915527,376476
2011-06-02,99.7900009155273,100.900001525879,98.4599990844727,100.400001525879,100.400001525879,389637
2011-06-03,100.870002746582,100.870002746582,98.120002746582,100.220001220703,100.220001220703,351309
2011-06-06,100.419998168945,100.680000305176,98.5500030517578,99.0100021362305,99.0100021362305,289670
2011-06-07,98.8199996948242,99.6999969482422,97.7399978637695,99.0899963378906,99.0899963378906,415373
2011-06-08,99.5800018310547,101.889999389648,98.0199966430664,100.73999786377,100.73999786377,484275
2011-06-09,100.830001831055,102.440002441406,100.73999786377,101.930000305176,101.930000305176,345542
2011-06-10,101.839996337891,102.150001525879,98.5999984741211,99.2900009155273,99.2900009155273,379238
2011-06-13,98.7699966430664,99.3199996948242,96.129997253418,97.3000030517578,97.3000030517578,381993
2011-06-14,97.0899963378906,99.4400024414062,96.5100021362305,99.370002746582,99.370002746582,347721
2011-06-15,99.6800003051758,99.9499969482422,94.0100021362305,94.8099975585938,94.8099975585938,508717
2011-06-16,95.2900009155273,95.75,94.2900009155273,94.9499969482422,94.9499969482422,336011
2011-06-17,95.0999984741211,95.4000015258789,91.8399963378906,93.0100021362305,93.0100021362305,245013
2011-06-20,92.8000030517578,93.4899978637695,91.1399993896484,93.2600021362305,93.2600021362305,136837
2011-06-21,93.4899978637695,94.7399978637695,92.5,93.4000015258789,93.4000015258789,323911
2011-06-22,93.7600021362305,95.6999969482422,93.2399978637695,95.4100036621094,95.4100036621094,296275
2011-06-23,94.4000015258789,94.4700012207031,89.6900024414062,91.0199966430664,91.0199966430664,484057
2011-06-24,92.2900009155273,92.3399963378906,89.8199996948242,91.1600036621094,91.1600036621094,337767
2011-06-27,91.1600036621094,91.3000030517578,89.6100006103516,90.6100006103516,90.6100006103516,278681
2011-06-28,90.7099990844727,92.9599990844727,90.4400024414062,92.8899993896484,92.8899993896484,279024
2011-06-29,93.370002746582,95.8399963378906,92.6600036621094,94.7699966430664,94.7699966430664,348790
2011-06-30,95.0800018310547,95.8199996948242,93.879997253418,95.4199981689453,95.4199981689453,276580
2011-07-01,95.120002746582,95.3899993896484,93.4499969482422,94.9400024414062,94.9400024414062,263626
2011-07-05,94.9800033569336,97.4800033569336,94.3399963378906,96.8899993896484,96.8899993896484,275650
2011-07-06,97,97.7900009155273,95.9000015258789,96.6500015258789,96.6500015258789,288321
2011-07-07,97.0400009155273,99.4199981689453,96.9899978637695,98.6699981689453,98.6699981689453,339270
2011-07-08,98.7900009155273,99.1800003051758,95.5999984741211,96.1999969482422,96.1999969482422,347999
2011-07-11,96.0999984741211,96.75,94.1399993896484,95.1500015258789,95.1500015258789,311449
2011-07-12,95.0899963378906,97.5,93.5500030517578,97.4300003051758,97.4300003051758,343493
2011-07-13,96.7200012207031,99.2099990844727,96.5299987792969,98.0500030517578,98.0500030517578,355098
2011-07-14,97.5899963378906,98.879997253418,94.5299987792969,95.6900024414062,95.6900024414062,403419
2011-07-15,96.0299987792969,97.7399978637695,95.2099990844727,97.2399978637695,97.2399978637695,266461
2011-07-18,97.370002746582,97.6900024414062,94.6900024414062,95.9300003051758,95.9300003051758,203973
2011-07-19,96.1600036621094,98.6500015258789,95.9300003051758,97.5,97.5,138045
2011-07-20,98.1100006103516,99.0199966430664,96.6399993896484,98.1399993896484,98.1399993896484,295669
2011-07-21,98.3600006103516,100.160003662109,97.1999969482422,99.129997253418,99.129997253418,293973
2011-07-22,99.1999969482422,100.190002441406,98.4300003051758,99.870002746582,99.870002746582,223266
2011-07-25,99.7600021362305,99.870002746582,98.5199966430664,99.1999969482422,99.1999969482422,205209
2011-07-26,99.1500015258789,100.620002746582,97.7600021362305,99.5899963378906,99.5899963378906,332692
2011-07-27,99.1800003051758,99.5,97.1399993896484,97.4000015258789,97.4000015258789,304524
2011-07-28,97.2699966430664,98.0100021362305,96.5100021362305,97.4400024414062,97.4400024414062,236246
2011-07-29,97.1600036621094,97.3899993896484,94.9499969482422,95.6999969482422,95.6999969482422,284385
2011-08-01,96.1999969482422,98.5999984741211,93.4199981689453,94.8899993896484,94.8899993896484,398857
2011-08-02,95.0199966430664,95.6800003051758,93.0800018310547,93.7900009155273,93.7900009155273,328175
2011-08-03,93.1500015258789,93.75,91.2200012207031,91.9300003051758,91.9300003051758,350221
2011-08-04,91.9400024414062,92.5899963378906,86.0400009155273,86.629997253418,86.629997253418,535941
2011-08-05,86.5,88.3199996948242,82.870002746582,86.879997253418,86.879997253418,512488
2011-08-08,85.7099990844727,85.7300033569336,80.1699981689453,81.3099975585938,81.3099975585938,521066
2011-08-09,81.0999984741211,83.0500030517578,75.7099990844727,79.3000030517578,79.3000030517578,605796
2011-08-10,81.9000015258789,83.1399993896484,79.5299987792969,82.8899993896484,82.8899993896484,520144
2011-08-11,81.9499969482422,85.9700012207031,81.0299987792969,85.7200012207031,85.7200012207031,502092
2011-08-12,85.5500030517578,87.370002746582,84.0199966430664,85.379997253418,85.379997253418,350091
2011-08-15,85.5899963378906,88.0500030517578,84.4000015258789,87.879997253418,87.879997253418,292796
2011-08-16,87.6800003051758,87.9300003051758,85.620002746582,86.6500015258789,86.6500015258789,375339
2011-08-17,87.0999984741211,89,86.6500015258789,87.5800018310547,87.5800018310547,344487
2011-08-18,87.4100036621094,87.5299987792969,81.1500015258789,82.379997253418,82.379997253418,331275
2011-08-19,81.3000030517578,83.5500030517578,79.1699981689453,82.2600021362305,82.2600021362305,148811
2011-08-22,82.4199981689453,84.6699981689453,81.129997253418,84.120002746582,84.120002746582,374045
2011-08-23,84.4499969482422,86.3899993896484,83.4000015258789,85.4400024414062,85.4400024414062,353947
2011-08-24,85.6699981689453,86.5899963378906,84.5500030517578,85.1600036621094,85.1600036621094,294928
2011-08-25,85.1699981689453,86.5599975585938,83.0100021362305,85.3000030517578,85.3000030517578,357816
2011-08-26,85.0899963378906,85.6399993896484,82.9499969482422,85.370002746582,85.370002746582,283261
2011-08-29,85.3300018310547,87.620002746582,85.1100006103516,87.2699966430664,87.2699966430664,208605
2011-08-30,87.5100021362305,89.2099990844727,86.4599990844727,88.9000015258789,88.9000015258789,315383
2011-08-31,88.7900009155273,89.5400009155273,87.6699981689453,88.8099975585938,88.8099975585938,317696
2011-09-01,88.7300033569336,89.9000015258789,88.2099990844727,88.9300003051758,88.9300003051758,282342
2011-09-02,88.7799987792969,88.9899978637695,85.4199981689453,86.4499969482422,86.4499969482422,307284
2011-09-06,86.4599990844727,86.5999984741211,83.1999969482422,86.0199966430664,86.0199966430664,316166
2011-09-07,86.5,90.4800033569336,86.1500015258789,89.3399963378906,89.3399963378906,313728
2011-09-08,90.1100006103516,90.2300033569336,88.5899963378906,89.0500030517578,89.0500030517578,336725
2011-09-09,88.7699966430664,89.5,85.6399993896484,87.2399978637695,87.2399978637695,349238
2011-09-12,86.6999969482422,88.9499969482422,85,88.1900024414062,88.1900024414062,355070
2011-09-13,88.9499969482422,90.5199966430664,87.8099975585938,90.2099990844727,90.2099990844727,364262
2011-09-14,89.879997253418,90.25,88.2099990844727,88.9100036621094,88.9100036621094,330978
2011-09-15,88.5999984741211,90.1500015258789,88.0100021362305,89.4000015258789,89.4000015258789,296285
2011-09-16,89.1100006103516,89.7799987792969,87,87.9599990844727,87.9599990844727,210962
2011-09-19,87.75,87.75,84.7900009155273,85.6999969482422,85.6999969482422,132221
2011-09-20,85.8399963378906,87.4599990844727,85.1100006103516,86.8899993896484,86.8899993896484,264593
2011-09-21,86.5100021362305,87.9899978637695,84.9199981689453,85.9199981689453,85.9199981689453,298905
2011-09-22,84.8099975585938,85,79.6600036621094,80.5100021362305,80.5100021362305,459998
2011-09-23,80.4000015258789,81.8099975585938,77.5500030517578,79.8499984741211,79.8499984741211,427569
2011-09-26,79.6399993896484,81.3600006103516,77.1100006103516,80.2399978637695,80.2399978637695,325671
2011-09-27,81.4800033569336,84.7699966430664,80.9199981689453,84.4499969482422,84.4499969482422,313568
2011-09-28,83.7600021362305,84.620002746582,80.5400009155273,81.2099990844727,81.2099990844727,282850
2011-09-29,80.6699981689453,83.9800033569336,79.6399993896484,82.1399993896484,82.1399993896484,351345
2011-09-30,83.0699996948242,83.2300033569336,78.5999984741211,79.1999969482422,79.1999969482422,367957
2011-10-03,78.9199981689453,79.6399993896484,76.6500015258789,77.6100006103516,77.6100006103516,392782
2011-10-04,76.4000015258789,77.9899978637695,74.9499969482422,75.6699981689453,75.6699981689453,428113
2011-10-05,78.25,79.8199996948242,76.9400024414062,79.6800003051758,79.6800003051758,336067
2011-10-06,79.7099990844727,82.9000015258789,79.0800018310547,82.5899963378906,82.5899963378906,386089
2011-10-07,82.5699996948242,84,81.3600006103516,82.9800033569336,82.9800033569336,377540
2011-10-10,82.75,86.0899963378906,82.75,85.4100036621094,85.4100036621094,264825
2011-10-11,85.6999969482422,86.6399993896484,83.9700012207031,85.8099975585938,85.8099975585938,362324
2011-10-12,85.1999969482422,86.5899963378906,84.5199966430664,85.5699996948242,85.5699996948242,294230
2011-10-13,84.9300003051758,85.3899993896484,83.1699981689453,84.2300033569336,84.2300033569336,360268
2011-10-14,84.4700012207031,87.4000015258789,83.7699966430664,86.8000030517578,86.8000030517578,274846
2011-10-17,87.4800033569336,88.1800003051758,85.879997253418,86.379997253418,86.379997253418,227298
2011-10-18,86.1999969482422,89.0299987792969,85.5500030517578,88.3399963378906,88.3399963378906,203765
2011-10-19,88.2600021362305,89.5100021362305,85.870002746582,86.1100006103516,86.1100006103516,112020
2011-10-20,86.0999984741211,86.9400024414062,84.0999984741211,85.3000030517578,85.3000030517578,389241
2011-10-21,86.5,88.8899993896484,85.9499969482422,87.4000015258789,87.4000015258789,296555
2011-10-24,87.0500030517578,91.879997253418,87,91.2699966430664,91.2699966430664,484139
2011-10-25,91.6900024414062,94.6500015258789,91.0999984741211,93.1699981689453,93.1699981689453,489373
2011-10-26,92.5899963378906,93.9199981689453,90,90.1999969482422,90.1999969482422,411445
2011-10-27,90.9800033569336,94.25,90.7399978637695,93.9599990844727,93.9599990844727,327446
2011-10-28,93.9300003051758,93.9300003051758,92.0100021362305,93.3199996948242,93.3199996948242,276760
2011-10-31,93.5299987792969,93.8000030517578,91.3600006103516,93.1900024414062,93.1900024414062,228561
2011-11-01,92.5800018310547,92.879997253418,89.1699981689453,92.1900024414062,92.1900024414062,351343
2011-11-02,91.5999984741211,93.7900009155273,90.9700012207031,92.5100021362305,92.5100021362305,265626
2011-11-03,92.9899978637695,94.6100006103516,90.870002746582,94.0699996948242,94.0699996948242,299987
2011-11-04,94.2399978637695,94.9300003051758,92.870002746582,94.2600021362305,94.2600021362305,295457
2011-11-07,94.2600021362305,96.1100006103516,93.2300033569336,95.5199966430664,95.5199966430664,321186
2011-11-08,95.870002746582,97.0800018310547,95.2300033569336,96.8000030517578,96.8000030517578,313566
2011-11-09,96.8099975585938,97.8399963378906,94.5400009155273,95.7399978637695,95.7399978637695,445712
2011-11-10,95.75,98.3499984741211,95.1999969482422,97.7799987792969,97.7799987792969,347730
2011-11-11,97.5100021362305,99.1999969482422,97.3499984741211,98.9899978637695,98.9899978637695,282786
2011-11-14,99.3000030517578,99.6900024414062,97.1900024414062,98.1399993896484,98.1399993896484,351523
2011-11-15,98.0400009155273,99.8399963378906,97.5100021362305,99.370002746582,99.370002746582,353319
2011-11-16,99.3199996948242,102.889999389648,98.3899993896484,102.589996337891,102.589996337891,379612
2011-11-17,101.76000213623,103.370002746582,98.2799987792969,98.8199996948242,98.8199996948242,194039
2011-11-18,98.6100006103516,100.150001525879,96.6399993896484,97.4100036621094,97.4100036621094,341638
2011-11-21,97.5400009155273,97.8600006103516,95.2399978637695,96.9199981689453,96.9199981689453,279104
2011-11-22,97.1999969482422,98.6999969482422,96.5500030517578,98.0100021362305,98.0100021362305,319245
2011-11-23,97.7900009155273,97.870002746582,95.3499984741211,96.1699981689453,96.1699981689453,283449
2011-11-25,95.7900009155273,97.5500030517578,94.9899978637695,96.7699966430664,96.7699966430664,185841
2011-11-28,97.5,100.73999786377,97.129997253418,98.2099990844727,98.2099990844727,311735
2011-11-29,97.75,100.150001525879,97.2300033569336,99.7900009155273,99.7900009155273,320858
2011-11-30,99.4800033569336,101.75,98.9199981689453,100.360000610352,100.360000610352,302863
2011-12-01,100.51000213623,101.169998168945,98.870002746582,100.199996948242,100.199996948242,275858
2011-12-02,100,101.559997558594,99.7600021362305,100.959999084473,100.959999084473,245915
2011-12-05,101.230003356934,102.440002441406,100.23999786377,100.98999786377,100.98999786377,239380
2011-12-06,100.449996948242,101.419998168945,100.199996948242,101.279998779297,101.279998779297,217029
2011-12-07,101.110000610352,101.940002441406,99.6699981689453,100.48999786377,100.48999786377,330533
2011-12-08,100.839996337891,101.730003356934,97.7099990844727,98.3399963378906,98.3399963378906,340677
2011-12-09,98.0800018310547,99.9100036621094,97.3600006103516,99.4100036621094,99.4100036621094,318767
2011-12-12,99.5800018310547,99.6800003051758,97.5400009155273,97.7699966430664,97.7699966430664,279146
2011-12-13,97.8499984741211,101.25,97.6399993896484,100.139999389648,100.139999389648,380754
2011-12-14,100.330001831055,100.330001831055,94.2099990844727,94.9499969482422,94.9499969482422,377475
2011-12-15,94.8899993896484,95.9899978637695,93.3099975585938,93.870002746582,93.870002746582,273761
2011-12-16,93.4199981689453,94.7900009155273,92.5199966430664,93.5299987792969,93.5299987792969,205893
2011-12-19,93.7600021362305,94.4199981689453,92.5400009155273,93.879997253418,93.879997253418,114563
2011-12-20,94.1399993896484,97.4499969482422,94.1399993896484,97.2200012207031,97.2200012207031,242305
2011-12-21,97.5299987792969,99.25,96.8000030517578,98.6699981689453,98.6699981689453,219505
2011-12-22,99.0299987792969,100.050003051758,98.5100021362305,99.5299987792969,99.5299987792969,151560
2011-12-23,99.4800033569336,100.230003356934,99.2399978637695,99.6800003051758,99.6800003051758,95270
2011-12-27,99.9199981689453,101.769996643066,99.370002746582,101.339996337891,101.339996337891,124238
2011-12-28,101.25,101.709999084473,99.1100006103516,99.3600006103516,99.3600006103516,164655
2011-12-29,99.5899963378906,99.9199981689453,98.3000030517578,99.6500015258789,99.6500015258789,153915
2011-12-30,99.7799987792969,100.160003662109,98.6100006103516,98.8300018310547,98.8300018310547,154064
2012-01-03,99.6999969482422,103.180000305176,99.6500015258789,102.959999084473,102.959999084473,275481
2012-01-04,102.98999786377,103.73999786377,101.879997253418,103.220001220703,103.220001220703,271711
2012-01-05,103.290000915527,103.730003356934,101.300003051758,101.809997558594,101.809997558594,295615
2012-01-06,101.349998474121,102.800003051758,100.879997253418,101.559997558594,101.559997558594,290458
2012-01-09,101.919998168945,102.150001525879,100.099998474121,101.309997558594,101.309997558594,311866
2012-01-10,101.300003051758,103.410003662109,101.300003051758,102.23999786377,102.23999786377,291273
2012-01-11,102.199996948242,102.459999084473,100.550003051758,100.870002746582,100.870002746582,311641
2012-01-12,101,102.980003356934,98.5,99.0999984741211,99.0999984741211,370509
2012-01-13,99.1999969482422,100.190002441406,97.6999969482422,98.6999969482422,98.6999969482422,335624
2012-01-17,98.9499969482422,101.01000213623,98.5999984741211,100.709999084473,100.709999084473,341887
2012-01-18,100.910003662109,102.059997558594,99.8399963378906,100.589996337891,100.589996337891,269387
2012-01-19,101.139999389648,102.059997558594,99.9800033569336,100.389999389648,100.389999389648,120170
2012-01-20,100.389999389648,100.73999786377,97.9100036621094,98.4599990844727,98.4599990844727,304986
2012-01-23,98.3399963378906,100.23999786377,97.4000015258789,99.5800018310547,99.5800018310547,238960
2012-01-24,99.879997253418,100.180000305176,98.25,98.9499969482422,98.9499969482422,242477
2012-01-25,99.1999969482422,100.400001525879,97.5299987792969,99.4000015258789,99.4000015258789,322794
2012-01-26,99.9599990844727,101.389999389648,99.2300033569336,99.6999969482422,99.6999969482422,260744
2012-01-27,99.9300003051758,100.629997253418,99.129997253418,99.5599975585938,99.5599975585938,253456
2012-01-30,100,100.050003051758,98.4300003051758,98.7799987792969,98.7799987792969,215829
2012-01-31,98.879997253418,101.290000915527,97.8600006103516,98.4800033569336,98.4800033569336,373891
2012-02-01,98.379997253418,99.4899978637695,97.1100006103516,97.6100006103516,97.6100006103516,293554
2012-02-02,97.1100006103516,97.9899978637695,95.4400024414062,96.3600006103516,96.3600006103516,331240
2012-02-03,96.6100006103516,98.0299987792969,96.0100021362305,97.8399963378906,97.8399963378906,318638
2012-02-06,97.7399978637695,97.75,96.379997253418,96.9100036621094,96.9100036621094,257715
2012-02-07,97.129997253418,99.129997253418,95.8399963378906,98.4100036621094,98.4100036621094,415728
2012-02-08,98.7699966430664,100.089996337891,98.0999984741211,98.7099990844727,98.7099990844727,364737
2012-02-09,99.0999984741211,100.180000305176,98.6600036621094,99.8399963378906,99.8399963378906,295425
2012-02-10,99.8899993896484,99.8899993896484,97.3199996948242,98.6699981689453,98.6699981689453,307564
2012-02-13,99.3300018310547,101,99.0899963378906,100.910003662109,100.910003662109,268062
2012-02-14,100.730003356934,101.839996337891,100.279998779297,100.73999786377,100.73999786377,314286
2012-02-15,100.900001525879,102.540000915527,100.610000610352,101.800003051758,101.800003051758,278272
2012-02-16,101.900001525879,102.690002441406,100.839996337891,102.309997558594,102.309997558594,197307
2012-02-17,102.349998474121,104.139999389648,102.25,103.23999786377,103.23999786377,134499
2012-02-21,104.650001525879,106.069999694824,104.26000213623,105.839996337891,105.839996337891,316239
2012-02-22,106.01000213623,106.720001220703,105.610000610352,106.279998779297,106.279998779297,241329
2012-02-23,105.949996948242,108.73999786377,105.449996948242,107.830001831055,107.830001831055,325662
2012-02-24,108.660003662109,109.949996948242,107.949996948242,109.769996643066,109.769996643066,267713
2012-02-27,109.669998168945,109.769996643066,107.269996643066,108.559997558594,108.559997558594,277597
2012-02-28,107.949996948242,108.790000915527,106.300003051758,106.550003051758,106.550003051758,278723
2012-02-29,106.459999084473,107.430000305176,104.839996337891,107.069999694824,107.069999694824,353125
2012-03-01,106.819999694824,110.550003051758,106.550003051758,108.839996337891,108.839996337891,389838
2012-03-02,108.75,109.029998779297,105.800003051758,106.699996948242,106.699996948242,299664
2012-03-05,106.75,107.419998168945,105.5,106.720001220703,106.720001220703,237450
2012-03-06,107.110000610352,107.339996337891,104.51000213623,104.699996948242,104.699996948242,332561
2012-03-07,104.930000305176,106.550003051758,104.349998474121,106.160003662109,106.160003662109,333242
2012-03-08,106.23999786377,107.199996948242,105.839996337891,106.580001831055,106.580001831055,279597
2012-03-09,106.910003662109,108.199996948242,106.129997253418,107.400001525879,107.400001525879,292694
2012-03-12,107.5,107.559997558594,105.379997253418,106.339996337891,106.339996337891,234727
2012-03-13,106.550003051758,107.349998474121,105.669998168945,106.709999084473,106.709999084473,282350
2012-03-14,106.690002441406,107.019996643066,105.120002746582,105.430000305176,105.430000305176,283510
2012-03-15,105.5,106.180000305176,103.779998779297,105.110000610352,105.110000610352,371039
2012-03-16,105.440002441406,107.339996337891,105.129997253418,107.059997558594,107.059997558594,192992
2012-03-19,107.180000305176,108.23999786377,106.550003051758,108.089996337891,108.089996337891,110353
2012-03-20,107.819999694824,107.910003662109,105.349998474121,105.610000610352,105.610000610352,329535
2012-03-21,106.330001831055,107.639999389648,106.059997558594,107.269996643066,107.269996643066,252603
2012-03-22,106.809997558594,107.120002746582,104.5,105.349998474121,105.349998474121,295474
2012-03-23,105.519996643066,108.25,105.160003662109,106.870002746582,106.870002746582,260269
2012-03-26,106.790000915527,107.319999694824,106.190002441406,107.029998779297,107.029998779297,162276
2012-03-27,107.089996337891,107.730003356934,106.519996643066,107.330001831055,107.330001831055,209036
2012-03-28,106.809997558594,106.940002441406,104.669998168945,105.410003662109,105.410003662109,309064
2012-03-29,105.580001831055,105.699996948242,102.129997253418,102.779998779297,102.779998779297,319988
2012-03-30,103.290000915527,104.150001525879,102.779998779297,103.019996643066,103.019996643066,244155
2012-04-02,103.269996643066,105.48999786377,102.059997558594,105.230003356934,105.230003356934,278097
2012-04-03,105.040000915527,105.180000305176,103.589996337891,104.01000213623,104.01000213623,245541
2012-04-04,104.089996337891,104.120002746582,101.080001831055,101.470001220703,101.470001220703,300729
2012-04-05,101.959999084473,103.400001525879,101.370002746582,103.309997558594,103.309997558594,242903
2012-04-09,102.529998779297,102.599998474121,100.809997558594,102.459999084473,102.459999084473,205924
2012-04-10,102.330001831055,102.959999084473,100.680000305176,101.019996643066,101.019996643066,312927
2012-04-11,100.940002441406,103.129997253418,100.839996337891,102.699996948242,102.699996948242,283008
2012-04-12,102.550003051758,104.23999786377,102.389999389648,103.639999389648,103.639999389648,271285
2012-04-13,103.660003662109,103.900001525879,102.610000610352,102.830001831055,102.830001831055,227259
2012-04-16,102.800003051758,103.370002746582,101.800003051758,102.930000305176,102.930000305176,284959
2012-04-17,103.150001525879,105.069999694824,102.660003662109,104.199996948242,104.199996948242,244523
2012-04-18,104.220001220703,104.51000213623,102.190002441406,102.669998168945,102.669998168945,195812
2012-04-19,102.730003356934,103.209999084473,101.669998168945,102.269996643066,102.269996643066,91398
2012-04-20,102.569999694824,104.269996643066,102.449996948242,103.050003051758,103.050003051758,225790
2012-04-23,103.819999694824,103.900001525879,101.819999694824,103.110000610352,103.110000610352,213202
2012-04-24,103.110000610352,104.099998474121,102.790000915527,103.550003051758,103.550003051758,196136
2012-04-25,103.76000213623,104.569999694824,103.110000610352,104.120002746582,104.120002746582,276652
2012-04-26,103.959999084473,104.919998168945,103.839996337891,104.550003051758,104.550003051758,192832
2012-04-27,104.099998474121,105,103.73999786377,104.930000305176,104.930000305176,182104
2012-04-30,104.930000305176,105.160003662109,103.879997253418,104.870002746582,104.870002746582,211453
2012-05-01,104.889999389648,106.430000305176,104.389999389648,106.160003662109,106.160003662109,245921
2012-05-02,105.980003356934,106.050003051758,104.910003662109,105.220001220703,105.220001220703,256649
2012-05-03,105.389999389648,105.419998168945,102.360000610352,102.540000915527,102.540000915527,316883
2012-05-04,102.589996337891,102.720001220703,97.5100021362305,98.4899978637695,98.4899978637695,443060
2012-05-07,98.0500030517578,98.2399978637695,95.3399963378906,97.9400024414062,97.9400024414062,300474
2012-05-08,97.9599990844727,98.120002746582,95.5199966430664,97.0100021362305,97.0100021362305,333767
2012-05-09,97.379997253418,97.3899993896484,95.1699981689453,96.8099975585938,96.8099975585938,332865
2012-05-10,96.4499969482422,97.6900024414062,96.0800018310547,97.0800018310547,97.0800018310547,282314
2012-05-11,96.5299987792969,97.1999969482422,95.5599975585938,96.129997253418,96.129997253418,260539
2012-05-14,95.7900009155273,95.8300018310547,93.6500015258789,94.7799987792969,94.7799987792969,251994
2012-05-15,93.9100036621094,95.4800033569336,93.0199966430664,93.9800033569336,93.9800033569336,284712
2012-05-16,93.1600036621094,94.1600036621094,91.8099975585938,92.8099975585938,92.8099975585938,308371
2012-05-17,92.7699966430664,93.879997253418,92.0899963378906,92.5599975585938,92.5599975585938,280073
2012-05-18,92.8600006103516,92.879997253418,90.9300003051758,91.4800033569336,91.4800033569336,211749
2012-05-21,91.2699966430664,93.0599975585938,90.8399963378906,92.5699996948242,92.5699996948242,107239
2012-05-22,92.6399993896484,93.0100021362305,91.4000015258789,91.6600036621094,91.6600036621094,226226
2012-05-23,91.5400009155273,91.7200012207031,89.2799987792969,89.9000015258789,89.9000015258789,275522
2012-05-24,90.5299987792969,91.5199966430664,89.8099975585938,90.6600036621094,90.6600036621094,231521
2012-05-25,90.7900009155273,91.3199996948242,90.1999969482422,90.8600006103516,90.8600006103516,153921
2012-05-29,91,92.2099990844727,90.25,90.7600021362305,90.7600021362305,262562
2012-05-30,90.8600006103516,90.9199981689453,87.2699966430664,87.8199996948242,87.8199996948242,297197
2012-05-31,87.5500030517578,88.2799987792969,85.8600006103516,86.5299987792969,86.5299987792969,345433
2012-06-01,86.4400024414062,86.5899963378906,82.2900009155273,83.2300033569336,83.2300033569336,407579
2012-06-04,82.9599990844727,84.379997253418,81.2099990844727,83.9800033569336,83.9800033569336,309777
2012-06-05,84.1399993896484,84.9199981689453,83.3099975585938,84.2900009155273,84.2900009155273,246358
2012-06-06,84.120002746582,86.2699966430664,84.0299987792969,85.0199966430664,85.0199966430664,313102
2012-06-07,85.5,87.0299987792969,83.4300003051758,84.8199996948242,84.8199996948242,339002
2012-06-08,83.629997253418,84.6699981689453,82,84.0999984741211,84.0999984741211,304641
2012-06-11,85.7200012207031,86.6399993896484,81.1100006103516,82.6999969482422,82.6999969482422,343211
2012-06-12,81.1800003051758,83.7200012207031,81.0699996948242,83.3199996948242,83.3199996948242,320803
2012-06-13,83.5100021362305,84.0100021362305,82.1500015258789,82.620002746582,82.620002746582,327544
2012-06-14,82.4400024414062,84.4199981689453,82.2699966430664,83.9100036621094,83.9100036621094,278944
2012-06-15,84.3300018310547,84.8000030517578,83.4199981689453,84.0299987792969,84.0299987792969,216554
2012-06-18,85.0899963378906,85.5999984741211,82.0400009155273,83.2699966430664,83.2699966430664,216955
2012-06-19,83.0599975585938,84.4100036621094,82.2799987792969,84.0299987792969,84.0299987792969,109008
2012-06-20,84.0400009155273,84.3399963378906,80.9100036621094,81.8000030517578,81.8000030517578,413790
2012-06-21,81.0800018310547,81.1999969482422,77.9300003051758,78.1999969482422,78.1999969482422,376969
2012-06-22,78.1100006103516,80.370002746582,77.5599975585938,79.7600021362305,79.7600021362305,293224
2012-06-25,80.1999969482422,80.6800003051758,78.0299987792969,79.2099990844727,79.2099990844727,249004
2012-06-26,79.2300033569336,79.6800003051758,78.3600006103516,79.3600006103516,79.3600006103516,253304
2012-06-27,79.4700012207031,80.9199981689453,78.6800003051758,80.2099990844727,80.2099990844727,253006
2012-06-28,80.4800033569336,80.8399963378906,77.2799987792969,77.6900024414062,77.6900024414062,310148
2012-06-29,78.4599990844727,85.3399963378906,78.2799987792969,84.9599990844727,84.9599990844727,439010
2012-07-02,84.6500015258789,85.0500030517578,82.0999984741211,83.75,83.75,299104
2012-07-03,83.6699981689453,88.0400009155273,83.3300018310547,87.6600036621094,87.6600036621094,336186
2012-07-05,87.75,88.9800033569336,86.5,87.2200012207031,87.2200012207031,368616
2012-07-06,86.7300033569336,87.129997253418,84.0199966430664,84.4499969482422,84.4499969482422,296204
2012-07-09,84.1999969482422,86.4800033569336,84,85.9899978637695,85.9899978637695,256901
2012-07-10,85.8399963378906,85.9499969482422,83.6500015258789,83.9100036621094,83.9100036621094,291409
2012-07-11,84.0100021362305,86.4899978637695,84.0100021362305,85.8099975585938,85.8099975585938,307821
2012-07-12,86.1999969482422,86.370002746582,84.2099990844727,86.0800018310547,86.0800018310547,240725
2012-07-13,85.8600006103516,87.6100006103516,85.5800018310547,87.0999984741211,87.0999984741211,260828
2012-07-16,87.129997253418,88.4800033569336,86.4100036621094,88.4300003051758,88.4300003051758,223124
2012-07-17,88.2600021362305,89.4599990844727,87.4100036621094,89.2200012207031,89.2200012207031,262785
2012-07-18,89.129997253418,90.0400009155273,88.5899963378906,89.870002746582,89.870002746582,192847
2012-07-19,90.0800018310547,92.9400024414062,89.8600006103516,92.6600036621094,92.6600036621094,102928
2012-07-20,92.2200012207031,92.3000030517578,90.6600036621094,91.4400024414062,91.4400024414062,249172
2012-07-23,91.6100006103516,91.6399993896484,87.9100036621094,88.1399993896484,88.1399993896484,290355
2012-07-24,88.0500030517578,89.0899963378906,87.4300003051758,88.5,88.5,309865
2012-07-25,88.1999969482422,89.3600006103516,86.8399963378906,88.9700012207031,88.9700012207031,289552
2012-07-26,89.0999984741211,90.4700012207031,88.0699996948242,89.3899993896484,89.3899993896484,233400
2012-07-27,89.4300003051758,90.4499969482422,89.129997253418,90.129997253418,90.129997253418,210412
2012-07-30,90.1399993896484,90.9499969482422,89.3300018310547,89.7799987792969,89.7799987792969,191095
2012-07-31,89.6699981689453,90.3000030517578,87.3099975585938,88.0599975585938,88.0599975585938,282851
2012-08-01,88.0299987792969,89.4700012207031,87.5100021362305,88.9100036621094,88.9100036621094,281204
2012-08-02,88.870002746582,89.629997253418,86.9199981689453,87.129997253418,87.129997253418,302698
2012-08-03,87.2600021362305,91.7399978637695,87.2300033569336,91.4000015258789,91.4000015258789,301783
2012-08-06,91.3399963378906,92.3300018310547,90.629997253418,92.1999969482422,92.1999969482422,194374
2012-08-07,92.0500030517578,94.4199981689453,91.7799987792969,93.6699981689453,93.6699981689453,260012
2012-08-08,93.4100036621094,94.7200012207031,92.8199996948242,93.3499984741211,93.3499984741211,269931
2012-08-09,93.4300003051758,94.2099990844727,93.0699996948242,93.3600006103516,93.3600006103516,258637
2012-08-10,93.4599990844727,93.870002746582,91.7099990844727,92.870002746582,92.870002746582,224512
2012-08-13,93.25,94.1399993896484,92.0500030517578,92.7300033569336,92.7300033569336,280268
2012-08-14,92.7099990844727,93.9199981689453,92.5599975585938,93.4300003051758,93.4300003051758,200411
2012-08-15,93.25,94.9000015258789,92.6800003051758,94.3300018310547,94.3300018310547,281643
2012-08-16,94.2099990844727,95.75,93.9300003051758,95.5999984741211,95.5999984741211,212628
2012-08-17,95.2300033569336,96.2799987792969,94.9800033569336,96.0100021362305,96.0100021362305,162591
2012-08-20,96.3600006103516,96.5299987792969,95.0199966430664,95.9700012207031,95.9700012207031,113309
2012-08-21,95.9700012207031,97.5999984741211,95.8099975585938,96.6800003051758,96.6800003051758,220192
2012-08-22,96.9400024414062,97.5400009155273,96.2600021362305,97.2600021362305,97.2600021362305,217435
2012-08-23,97.3000030517578,98.2900009155273,95.75,96.2699966430664,96.2699966430664,225156
2012-08-24,96.0599975585938,97.1699981689453,95.4100036621094,96.1500015258789,96.1500015258789,204231
2012-08-27,96.6699981689453,97.7200012207031,94.4100036621094,95.4700012207031,95.4700012207031,230844
2012-08-28,95.6600036621094,96.5400009155273,95.1399993896484,96.3300018310547,96.3300018310547,198458
2012-08-29,96.0800018310547,96.370002746582,94.7600021362305,95.4899978637695,95.4899978637695,185887
2012-08-30,95.3000030517578,95.5999984741211,93.9499969482422,94.620002746582,94.620002746582,192455
2012-08-31,94.75,96.9199981689453,94.5100021362305,96.4700012207031,96.4700012207031,249063
2012-09-04,96.379997253418,97.370002746582,94.9700012207031,95.3000030517578,95.3000030517578,256147
2012-09-05,95.6100006103516,96.0299987792969,94.2600021362305,95.3600006103516,95.3600006103516,233044
2012-09-06,96,97.7099990844727,94.5899963378906,95.5299987792969,95.5299987792969,327082
2012-09-07,94.6999969482422,96.7399978637695,94.0800018310547,96.4199981689453,96.4199981689453,293026
2012-09-10,96.2399978637695,96.629997253418,95.3399963378906,96.5400009155273,96.5400009155273,221996
2012-09-11,96.2900009155273,97.3099975585938,96.0800018310547,97.1699981689453,97.1699981689453,222006
2012-09-12,96.8499984741211,98.0599975585938,96.3099975585938,97.0100021362305,97.0100021362305,223528
2012-09-13,96.9300003051758,98.5800018310547,96.5100021362305,98.3099975585938,98.3099975585938,291055
2012-09-14,98.0400009155273,100.419998168945,97.9899978637695,99,99,271794
2012-09-17,99.1500015258789,99.5199966430664,94.6500015258789,96.620002746582,96.620002746582,308274
2012-09-18,96.7099990844727,97.2300033569336,95.1100006103516,95.2900009155273,95.2900009155273,196211
2012-09-19,95.4899978637695,96.1699981689453,91.25,91.9800033569336,91.9800033569336,133035
2012-09-20,91.7699966430664,92.370002746582,90.6600036621094,91.870002746582,91.870002746582,244553
2012-09-21,92.9300003051758,93.8399963378906,92.5899963378906,92.8899993896484,92.8899993896484,181036
2012-09-24,93.1800003051758,93.1800003051758,91.0599975585938,91.9300003051758,91.9300003051758,188315
2012-09-25,92.1100006103516,93.1999969482422,90.5699996948242,91.370002746582,91.370002746582,239024
2012-09-26,90.8199996948242,91.3399963378906,88.9499969482422,89.9800033569336,89.9800033569336,272057
2012-09-27,90.0800018310547,92.3899993896484,89.879997253418,91.8499984741211,91.8499984741211,237289
2012-09-28,92.3499984741211,92.7099990844727,91.4000015258789,92.1900024414062,92.1900024414062,210195
2012-10-01,92.1500015258789,93.3300018310547,91.2600021362305,92.4800033569336,92.4800033569336,216005
2012-10-02,92.4100036621094,92.9400024414062,91.620002746582,91.8899993896484,91.8899993896484,177728
2012-10-03,91.6399993896484,91.8199996948242,87.6999969482422,88.1399993896484,88.1399993896484,339506
2012-10-04,88.0100021362305,91.8399963378906,87.9100036621094,91.7099990844727,91.7099990844727,291389
2012-10-05,91.5100021362305,91.7099990844727,89.0100021362305,89.879997253418,89.879997253418,279131
2012-10-08,89.8499984741211,89.8899993896484,88.2099990844727,89.3300018310547,89.3300018310547,202688
2012-10-09,89.620002746582,92.9100036621094,89.2900009155273,92.3899993896484,92.3899993896484,378040
2012-10-10,92.2600021362305,93.6600036621094,91.0199966430664,91.25,91.25,303502
2012-10-11,91.2699966430664,92.9400024414062,91.0899963378906,92.0699996948242,92.0699996948242,300087
2012-10-12,92.4100036621094,92.6399993896484,91.1600036621094,91.8600006103516,91.8600006103516,198462
2012-10-15,91.629997253418,92.1999969482422,89.7900009155273,91.8499984741211,91.8499984741211,269016
2012-10-16,91.7600021362305,92.3199996948242,91.3000030517578,92.0899963378906,92.0899963378906,232217
2012-10-17,92.0800018310547,92.8499984741211,91.5500030517578,92.120002746582,92.120002746582,226343
2012-10-18,92.0599975585938,92.5899963378906,90.6600036621094,92.0999984741211,92.0999984741211,184654
2012-10-19,92.0400009155273,93.0500030517578,89.8300018310547,90.0500030517578,90.0500030517578,123648
2012-10-22,89.5199966430664,90.8000030517578,88.1999969482422,88.7300033569336,88.7300033569336,275720
2012-10-23,89.1399993896484,89.2900009155273,85.6900024414062,86.6699981689453,86.6699981689453,309492
2012-10-24,86.5999984741211,87.4700012207031,84.9400024414062,85.7300033569336,85.7300033569336,298160
2012-10-25,85.6500015258789,86.75,85.2300033569336,86.0500030517578,86.0500030517578,208678
2012-10-26,86,86.370002746582,85,86.2799987792969,86.2799987792969,212378
2012-10-31,85.7300033569336,87.1900024414062,85.6100006103516,86.2399978637695,86.2399978637695,212577
2012-11-01,86.0999984741211,87.4199981689453,85.9199981689453,87.0899963378906,87.0899963378906,197179
2012-11-02,86.9100036621094,87.2399978637695,84.6600036621094,84.8600006103516,84.8600006103516,297311
2012-11-05,84.6500015258789,85.9000015258789,84.3399963378906,85.6500015258789,85.6500015258789,221397
2012-11-06,85.6699981689453,89.2200012207031,85.4199981689453,88.7099990844727,88.7099990844727,303429
2012-11-07,88.4199981689453,88.8000030517578,84.0500030517578,84.4400024414062,84.4400024414062,422211
2012-11-08,84.5199966430664,85.6999969482422,84.2200012207031,85.0899963378906,85.0899963378906,296599
2012-11-09,85,86.7699966430664,84.129997253418,86.0699996948242,86.0699996948242,322403
2012-11-12,86.1900024414062,86.5400009155273,85.2699966430664,85.5699996948242,85.5699996948242,280690
2012-11-13,85.5899963378906,85.9499969482422,84.5699996948242,85.379997253418,85.379997253418,352247
2012-11-14,85.370002746582,86.6500015258789,84.9300003051758,86.3199996948242,86.3199996948242,265306
2012-11-15,86.3600006103516,86.8300018310547,84.6800003051758,85.4499969482422,85.4499969482422,168098
2012-11-16,85.2799987792969,87.0100021362305,85.0199966430664,86.6699981689453,86.6699981689453,271209
2012-11-19,87.3000030517578,89.8000030517578,87.1100006103516,89.2799987792969,89.2799987792969,247078
2012-11-20,89.1500015258789,89.1900024414062,86.1699981689453,86.75,86.75,322630
2012-11-21,87.2799987792969,87.8899993896484,86.370002746582,87.379997253418,87.379997253418,220980
2012-11-23,87.6800003051758,88.5299987792969,86.7099990844727,88.2799987792969,88.2799987792969,104944
2012-11-26,88.2099990844727,88.2900009155273,87.2699966430664,87.7399978637695,87.7399978637695,156593
2012-11-27,87.8199996948242,88.25,86.8300018310547,87.1800003051758,87.1800003051758,210470
2012-11-28,87.3300018310547,87.3399963378906,85.3600006103516,86.4899978637695,86.4899978637695,249744
2012-11-29,86.5699996948242,88.6900024414062,86.5500030517578,88.0699996948242,88.0699996948242,270030
2012-11-30,87.6600036621094,88.9899978637695,87.4700012207031,88.9100036621094,88.9100036621094,216206
2012-12-03,88.8499984741211,90.3300018310547,88.6600036621094,89.0899963378906,89.0899963378906,235987
2012-12-04,88.9300003051758,89.1800003051758,87.5699996948242,88.5,88.5,206265
2012-12-05,88.5,89.0500030517578,87.4599990844727,87.879997253418,87.879997253418,220850
2012-12-06,87.870002746582,88.2300033569336,85.6800003051758,86.2600021362305,86.2600021362305,269293
2012-12-07,86.3899993896484,86.9199981689453,85.7699966430664,85.9300003051758,85.9300003051758,244993
2012-12-10,85.9800033569336,86.7799987792969,85.3300018310547,85.5599975585938,85.5599975585938,211603
2012-12-11,85.6999969482422,86.370002746582,85.2099990844727,85.7900009155273,85.7900009155273,217859
2012-12-12,85.6900024414062,87.6800003051758,85.6800003051758,86.7699966430664,86.7699966430664,300353
2012-12-13,86.7699966430664,86.9700012207031,85.8099975585938,85.8899993896484,85.8899993896484,228417
2012-12-14,86.129997253418,86.9199981689453,86.0500030517578,86.7300033569336,86.7300033569336,218265
2012-12-17,86.879997253418,87.7099990844727,86.4800033569336,87.1999969482422,87.1999969482422,157226
2012-12-18,87.4499969482422,88.1600036621094,87.2099990844727,87.9300003051758,87.9300003051758,93130
2012-12-19,87.9400024414062,89.9000015258789,87.8099975585938,89.5100021362305,89.5100021362305,233083
2012-12-20,89.6900024414062,90.5400009155273,89.2600021362305,90.129997253418,90.129997253418,178144
2012-12-21,90.0199966430664,90.0699996948242,87.9599990844727,88.6600036621094,88.6600036621094,180375
2012-12-24,88.5999984741211,88.8600006103516,88.1999969482422,88.6100006103516,88.6100006103516,48516
2012-12-26,88.620002746582,91.3000030517578,88.5899963378906,90.9800033569336,90.9800033569336,141598
2012-12-27,91,91.4400024414062,90.0500030517578,90.870002746582,90.870002746582,152771
2012-12-28,91.1500015258789,91.4899978637695,90.3199996948242,90.8000030517578,90.8000030517578,131374
2012-12-31,90.4100036621094,91.9899978637695,90,91.8199996948242,91.8199996948242,119525
2013-01-02,91.7799987792969,93.870002746582,91.5599975585938,93.120002746582,93.120002746582,203865
2013-01-03,92.9100036621094,93.3000030517578,92.4899978637695,92.9199981689453,92.9199981689453,189812
2013-01-04,92.8600006103516,93.2099990844727,91.5199966430664,93.0899963378906,93.0899963378906,210747
2013-01-07,93.2099990844727,93.3499984741211,92.4199981689453,93.1900024414062,93.1900024414062,166292
2013-01-08,93.3199996948242,93.8000030517578,92.6699981689453,93.1500015258789,93.1500015258789,195867
2013-01-09,93.1500015258789,93.6500015258789,92.6800003051758,93.0999984741211,93.0999984741211,201385
2013-01-10,93.1900024414062,94.6999969482422,93.0800018310547,93.8199996948242,93.8199996948242,279295
2013-01-11,93.870002746582,94.129997253418,92.6500015258789,93.5599975585938,93.5599975585938,257821
2013-01-14,93.7399978637695,94.2900009155273,92.9499969482422,94.1399993896484,94.1399993896484,248600
2013-01-15,94.1999969482422,94.4400024414062,93.2200012207031,93.2799987792969,93.2799987792969,248136
2013-01-16,93.4000015258789,94.3600006103516,93.0999984741211,94.2399978637695,94.2399978637695,241531
2013-01-17,94.1900024414062,96.0400009155273,93.8000030517578,95.4899978637695,95.4899978637695,178285
2013-01-18,95.1900024414062,95.6699981689453,94.9100036621094,95.5599975585938,95.5599975585938,118549
2013-01-22,95.25,96.4000015258789,94.9800033569336,96.2399978637695,96.2399978637695,236391
2013-01-23,96.7600021362305,96.9199981689453,94.9499969482422,95.2300033569336,95.2300033569336,318008
2013-01-24,95.5,96.6800003051758,95.120002746582,95.9499969482422,95.9499969482422,232035
2013-01-25,95.9499969482422,96.5599975585938,95.4300003051758,95.879997253418,95.879997253418,184873
2013-01-28,96.0400009155273,96.8099975585938,95.4700012207031,96.4400024414062,96.4400024414062,167186
2013-01-29,96.4599990844727,97.8199996948242,96.2900009155273,97.5699996948242,97.5699996948242,252931
2013-01-30,97.3199996948242,98.2399978637695,97.3199996948242,97.9400024414062,97.9400024414062,211277
2013-01-31,97.9599990844727,98.0400009155273,96.8399963378906,97.4899978637695,97.4899978637695,230630
2013-02-01,97.4199981689453,98.1500015258789,96.5100021362305,97.7699966430664,97.7699966430664,270275
2013-02-04,97.7200012207031,97.7600021362305,95.8899993896484,96.1699981689453,96.1699981689453,196975
2013-02-05,96.129997253418,97.0699996948242,95.9100036621094,96.6399993896484,96.6399993896484,188841
2013-02-06,96.6399993896484,96.9899978637695,95.0400009155273,96.620002746582,96.620002746582,282803
2013-02-07,96.8600006103516,97.2099990844727,95.5400009155273,95.8300018310547,95.8300018310547,275474
2013-02-08,95.9199981689453,96.5699996948242,95.2699966430664,95.7200012207031,95.7200012207031,229242
2013-02-11,95.7900009155273,97.0899963378906,94.9700012207031,97.0299987792969,97.0299987792969,283956
2013-02-12,96.9599990844727,97.7900009155273,96.6800003051758,97.5100021362305,97.5100021362305,239796
2013-02-13,97.5899963378906,98.1100006103516,96.629997253418,97.0100021362305,97.0100021362305,246437
2013-02-14,97.1699981689453,97.7099990844727,96.7699966430664,97.3099975585938,97.3099975585938,174599
2013-02-15,97.3399963378906,97.4700012207031,95.2099990844727,95.8600006103516,95.8600006103516,223592
2013-02-19,95.9700012207031,96.7300033569336,95.25,96.6600036621094,96.6600036621094,118307
2013-02-20,96.6600036621094,97.0699996948242,93.9199981689453,94.4599990844727,94.4599990844727,338967
2013-02-21,94.7200012207031,94.9199981689453,92.629997253418,92.8399963378906,92.8399963378906,286434
2013-02-22,92.9599990844727,93.4800033569336,92.4400024414062,93.129997253418,93.129997253418,204258
2013-02-25,93.2300033569336,94.4599990844727,92.0699996948242,93.1100006103516,93.1100006103516,217519
2013-02-26,91.9199981689453,93.4400024414062,91.9199981689453,92.629997253418,92.629997253418,230836
2013-02-27,92.7200012207031,93.370002746582,92.1800003051758,92.7600021362305,92.7600021362305,201512
2013-02-28,92.8899993896484,93.1800003051758,91.5699996948242,92.0500030517578,92.0500030517578,218119
2013-03-01,91.7600021362305,91.9700012207031,90.0400009155273,90.6800003051758,90.6800003051758,248466
2013-03-04,90.7099990844727,90.9100036621094,89.3300018310547,90.120002746582,90.120002746582,231108
2013-03-05,90.2300033569336,90.9899978637695,90.0199966430664,90.8199996948242,90.8199996948242,209874
2013-03-06,90.8300018310547,91.1699981689453,89.5500030517578,90.4300003051758,90.4300003051758,244168
2013-03-07,90.4199981689453,91.7300033569336,90.2200012207031,91.5599975585938,91.5599975585938,234921
2013-03-08,91.4199981689453,92.0299987792969,90.8300018310547,91.9499969482422,91.9499969482422,219961
2013-03-11,91.8300018310547,92.1500015258789,90.8899993896484,92.0599975585938,92.0599975585938,194607
2013-03-12,91.9400024414062,93.4700012207031,91.5999984741211,92.5400009155273,92.5400009155273,283114
2013-03-13,92.620002746582,93.4000015258789,91.9100036621094,92.5199966430664,92.5199966430664,251336
2013-03-14,92.5100021362305,93.25,92.0100021362305,93.0299987792969,93.0299987792969,174701
2013-03-15,93.1500015258789,93.8399963378906,93,93.4499969482422,93.4499969482422,175611
2013-03-18,93.2600021362305,93.9400024414062,91.7600021362305,93.7399978637695,93.7399978637695,151208
2013-03-19,93.8000030517578,94.0899963378906,92.0299987792969,92.1600036621094,92.1600036621094,96796
2013-03-20,92.0899963378906,93.3000030517578,92.0899963378906,92.9599990844727,92.9599990844727,226790
2013-03-21,93.4000015258789,93.5299987792969,91.8399963378906,92.4499969482422,92.4499969482422,214131
2013-03-22,92.3300018310547,93.9400024414062,92.3300018310547,93.7099990844727,93.7099990844727,202666
2013-03-25,93.7200012207031,95.6500015258789,93.6999969482422,94.8099975585938,94.8099975585938,270651
2013-03-26,94.75,96.4499969482422,94.6699981689453,96.3399963378906,96.3399963378906,214345
2013-03-27,96.1800003051758,96.8399963378906,95.5800018310547,96.5800018310547,96.5800018310547,207777
2013-03-28,96.6800003051758,97.3499984741211,96.2600021362305,97.2300033569336,97.2300033569336,174390
2013-03-29,NA,NA,NA,NA,NA,NA
2013-04-01,97.3600006103516,97.8000030517578,95.9199981689453,97.0699996948242,97.0699996948242,192396
2013-04-02,97,97.4400024414062,95.9100036621094,97.1900024414062,97.1900024414062,209877
2013-04-03,96.9300003051758,96.9599990844727,94.1800003051758,94.4499969482422,94.4499969482422,302235
2013-04-04,94.5,94.8399963378906,92.120002746582,93.2600021362305,93.2600021362305,355321
2013-04-05,93.3600006103516,93.5699996948242,91.9100036621094,92.6999969482422,92.6999969482422,267276
2013-04-08,93.0199966430664,93.75,92.4599990844727,93.3600006103516,93.3600006103516,212117
2013-04-09,93.4899978637695,94.4800033569336,92.8600006103516,94.1999969482422,94.1999969482422,234720
2013-04-10,93.9599990844727,94.8199996948242,93.4000015258789,94.6399993896484,94.6399993896484,248557
2013-04-11,94.5599975585938,94.6399993896484,93.0599975585938,93.5100021362305,93.5100021362305,222439
2013-04-12,93.4899978637695,93.5199966430664,90.2699966430664,91.2900009155273,91.2900009155273,325580
2013-04-15,90.9499969482422,90.9800033569336,87.1999969482422,88.7099990844727,88.7099990844727,362524
2013-04-16,87.4199981689453,88.9599990844727,86.0599975585938,88.7200012207031,88.7200012207031,287410
2013-04-17,88.8000030517578,89.0899963378906,86.0599975585938,86.6800003051758,86.6800003051758,294274
2013-04-18,86.3899993896484,88.5100021362305,85.6100006103516,87.7300033569336,87.7300033569336,228200
2013-04-19,88.370002746582,88.7900009155273,87.5599975585938,88.0100021362305,88.0100021362305,100652
2013-04-22,87.9599990844727,89.129997253418,87.5500030517578,88.7600021362305,88.7600021362305,238730
2013-04-23,89.2799987792969,89.5999984741211,87.8000030517578,89.1800003051758,89.1800003051758,288801
2013-04-24,89.5999984741211,91.7200012207031,89.2099990844727,91.4300003051758,91.4300003051758,257736
2013-04-25,91.5800018310547,93.870002746582,91.1100006103516,93.6399993896484,93.6399993896484,270121
2013-04-26,93.2399978637695,93.5800018310547,92.0599975585938,93,93,240966
2013-04-29,92.6999969482422,94.6900024414062,92.4300003051758,94.5,94.5,214608
2013-04-30,94.4199981689453,94.620002746582,92.8600006103516,93.4599990844727,93.4599990844727,277499
2013-05-01,93.0800018310547,93.2600021362305,90.1100006103516,91.0299987792969,91.0299987792969,332382
2013-05-02,91,94.25,90.6500015258789,93.9899978637695,93.9899978637695,310808
2013-05-03,93.9899978637695,96.0400009155273,93.5599975585938,95.6100006103516,95.6100006103516,297522
2013-05-06,95.5800018310547,97.1699981689453,94.8499984741211,96.1600036621094,96.1600036621094,271004
2013-05-07,95.7900009155273,96.2600021362305,94.9199981689453,95.620002746582,95.620002746582,260141
2013-05-08,95.5599975585938,96.7699966430664,95.2399978637695,96.620002746582,96.620002746582,276315
2013-05-09,96.5999984741211,96.7699966430664,95.3499984741211,96.3899993896484,96.3899993896484,272196
2013-05-10,96.1600036621094,96.2399978637695,93.370002746582,96.0400009155273,96.0400009155273,354119
2013-05-13,95.7600021362305,95.8099975585938,94.4700012207031,95.1699981689453,95.1699981689453,297036
2013-05-14,94.9300003051758,95.6600036621094,93.8499984741211,94.2099990844727,94.2099990844727,269403
2013-05-15,94.129997253418,94.4400024414062,92.129997253418,94.3000030517578,94.3000030517578,360684
2013-05-16,94.3399963378906,95.5699996948242,93.2300033569336,95.1600036621094,95.1600036621094,297863
2013-05-17,95.1500015258789,96.4499969482422,94.7900009155273,96.0199966430664,96.0199966430664,187754
2013-05-20,95.9300003051758,97.1100006103516,95.2300033569336,96.7099990844727,96.7099990844727,118621
2013-05-21,96.6999969482422,96.9700012207031,95.5,96.1600036621094,96.1600036621094,259159
2013-05-22,95.9000015258789,96.1900024414062,94.0100021362305,94.2799987792969,94.2799987792969,336497
2013-05-23,94.1800003051758,94.4599990844727,92.2099990844727,94.25,94.25,323633
2013-05-24,94.370002746582,94.3899993896484,93.0400009155273,94.1500015258789,94.1500015258789,203991
2013-05-28,93.8899993896484,95.9199981689453,93.2300033569336,95.0100021362305,95.0100021362305,240990
2013-05-29,95.0500030517578,95.2200012207031,92.8300018310547,93.129997253418,93.129997253418,293461
2013-05-30,92.8899993896484,93.9899978637695,91.6500015258789,93.6100006103516,93.6100006103516,294855
2013-05-31,93.6399993896484,93.8499984741211,91.5599975585938,91.9700012207031,91.9700012207031,267978
2013-06-03,91.7300033569336,93.6999969482422,91.2600021362305,93.4499969482422,93.4499969482422,287474
2013-06-04,93.3499984741211,94.4100036621094,92.379997253418,93.3099975585938,93.3099975585938,301136
2013-06-05,93.8600006103516,94.4800033569336,93.4100036621094,93.7399978637695,93.7399978637695,268909
2013-06-06,93.6999969482422,95.3199996948242,93.6900024414062,94.7600021362305,94.7600021362305,267164
2013-06-07,94.7200012207031,96.3899993896484,93.7200012207031,96.0299987792969,96.0299987792969,330833
2013-06-10,96.0899963378906,96.25,95.1900024414062,95.7699966430664,95.7699966430664,234601
2013-06-11,95.7600021362305,95.9100036621094,94.0400009155273,95.379997253418,95.379997253418,257474
2013-06-12,94.8899993896484,96.4499969482422,94.4599990844727,95.879997253418,95.879997253418,244870
2013-06-13,95.7699966430664,96.9199981689453,95.0199966430664,96.6900024414062,96.6900024414062,224449
2013-06-14,96.6399993896484,98.25,96.4199981689453,97.8499984741211,97.8499984741211,240906
2013-06-17,97.8499984741211,98.7399978637695,97.379997253418,97.7699966430664,97.7699966430664,242794
2013-06-18,97.9300003051758,98.6699981689453,97.4100036621094,98.4400024414062,98.4400024414062,145618
2013-06-19,98.5899963378906,99.0100021362305,97.5699996948242,98.2399978637695,98.2399978637695,111300
2013-06-20,98.0199966430664,98.0299987792969,94.8899993896484,95.4000015258789,95.4000015258789,376229
2013-06-21,94.9599990844727,95.8399963378906,93.120002746582,93.6900024414062,93.6900024414062,340903
2013-06-24,93.8499984741211,95.5899963378906,92.6699981689453,95.1800003051758,95.1800003051758,315821
2013-06-25,95.0199966430664,96.1699981689453,94.5899963378906,95.3199996948242,95.3199996948242,267541
2013-06-26,95.1699981689453,95.6999969482422,93.6800003051758,95.5,95.5,291417
2013-06-27,95.5199966430664,97.4100036621094,95.3499984741211,97.0500030517578,97.0500030517578,269312
2013-06-28,96.8099975585938,97.8199996948242,96.3300018310547,96.5599975585938,96.5599975585938,247607
2013-07-01,96.5800018310547,98.2799987792969,96.0699996948242,97.9899978637695,97.9899978637695,229193
2013-07-02,98.0599975585938,99.870002746582,97.7799987792969,99.5999984741211,99.5999984741211,285781
2013-07-03,99.6100006103516,102.180000305176,99.5899963378906,101.23999786377,101.23999786377,353250
2013-07-05,101.089996337891,103.680000305176,100.709999084473,103.220001220703,103.220001220703,256027
2013-07-08,103.949996948242,104.120002746582,102.129997253418,103.139999389648,103.139999389648,253202
2013-07-09,103,104.76000213623,102.309997558594,103.529998779297,103.529998779297,285670
2013-07-10,104.569999694824,106.660003662109,104.209999084473,106.519996643066,106.519996643066,404821
2013-07-11,106.150001525879,107.449996948242,104.309997558594,104.910003662109,104.910003662109,316730
2013-07-12,104.580001831055,106.330001831055,104.360000610352,105.949996948242,105.949996948242,234756
2013-07-15,106.050003051758,106.629997253418,104.650001525879,106.319999694824,106.319999694824,210806
2013-07-16,106.440002441406,107.180000305176,105.660003662109,106,106,250921
2013-07-17,105.779998779297,106.599998474121,105.110000610352,106.480003356934,106.480003356934,262789
2013-07-18,106.559997558594,108.430000305176,106.150001525879,108.040000915527,108.040000915527,155963
2013-07-19,108.120002746582,109.319999694824,107.480003356934,108.050003051758,108.050003051758,112373
2013-07-22,108.339996337891,108.790000915527,106.430000305176,106.910003662109,106.910003662109,283866
2013-07-23,107,107.550003051758,105.459999084473,107.230003356934,107.230003356934,241640
2013-07-24,107.360000610352,107.519996643066,104.790000915527,105.389999389648,105.389999389648,278262
2013-07-25,105.370002746582,105.870002746582,104.080001831055,105.48999786377,105.48999786377,270580
2013-07-26,105.559997558594,105.629997253418,103.900001525879,104.699996948242,104.699996948242,208855
2013-07-29,104.610000610352,105.370002746582,103.870002746582,104.550003051758,104.550003051758,206326
2013-07-30,104.519996643066,104.540000915527,102.669998168945,103.080001831055,103.080001831055,235605
2013-07-31,103.150001525879,105.430000305176,102.930000305176,105.029998779297,105.029998779297,299127
2013-08-01,105.26000213623,108.059997558594,105.099998474121,107.889999389648,107.889999389648,267594
2013-08-02,107.800003051758,108.819999694824,106.449996948242,106.940002441406,106.940002441406,249314
2013-08-05,106.839996337891,107.690002441406,105.699996948242,106.559997558594,106.559997558594,204860
2013-08-06,106.480003356934,107.269996643066,104.860000610352,105.300003051758,105.300003051758,272996
2013-08-07,105.680000305176,105.769996643066,104.099998474121,104.370002746582,104.370002746582,294242
2013-08-08,104.180000305176,104.959999084473,102.220001220703,103.400001525879,103.400001525879,320070
2013-08-09,103.870002746582,106.23999786377,103.620002746582,105.970001220703,105.970001220703,303796
2013-08-12,105.839996337891,106.459999084473,105.029998779297,106.110000610352,106.110000610352,257139
2013-08-13,106.150001525879,107.199996948242,105.559997558594,106.830001831055,106.830001831055,276773
2013-08-14,106.540000915527,107.059997558594,105.599998474121,106.849998474121,106.849998474121,270921
2013-08-15,106.980003356934,107.870002746582,106.599998474121,107.330001831055,107.330001831055,251868
2013-08-16,107.180000305176,108.169998168945,106.559997558594,107.459999084473,107.459999084473,179859
2013-08-19,107.779998779297,107.800003051758,106.559997558594,107.099998474121,107.099998474121,102781
2013-08-20,106.930000305176,107.099998474121,104.5,104.970001220703,104.970001220703,361065
2013-08-21,105.180000305176,105.349998474121,103.5,103.849998474121,103.849998474121,259243
2013-08-22,103.879997253418,105.25,103.529998779297,105.029998779297,105.029998779297,204692
2013-08-23,105.220001220703,106.940002441406,104.300003051758,106.419998168945,106.419998168945,259545
2013-08-26,106.910003662109,107.370002746582,105.559997558594,105.919998168945,105.919998168945,165995
2013-08-27,106.139999389648,109.319999694824,105.879997253418,109.01000213623,109.01000213623,295934
2013-08-28,109.220001220703,112.23999786377,109.110000610352,110.099998474121,110.099998474121,336171
2013-08-29,109.529998779297,110.069999694824,107.720001220703,108.800003051758,108.800003051758,250038
2013-08-30,108.169998168945,108.75,106.75,107.650001525879,107.650001525879,250038
2013-09-03,107.069999694824,108.830001831055,104.209999084473,108.540000915527,108.540000915527,288018
2013-09-04,108.440002441406,108.610000610352,106.769996643066,107.230003356934,107.230003356934,224377
2013-09-05,107.589996337891,108.540000915527,107.129997253418,108.370002746582,108.370002746582,184889
2013-09-06,108.519996643066,110.699996948242,108.120002746582,110.529998779297,110.529998779297,269866
2013-09-09,110.279998779297,110.459999084473,108.76000213623,109.519996643066,109.519996643066,266915
2013-09-10,108.919998168945,108.949996948242,106.389999389648,107.389999389648,107.389999389648,325314
2013-09-11,107.360000610352,108.089996337891,106.529998779297,107.559997558594,107.559997558594,238235
2013-09-12,107.769996643066,109.160003662109,107.300003051758,108.599998474121,108.599998474121,249780
2013-09-13,108.639999389648,108.73999786377,107.230003356934,108.209999084473,108.209999084473,207037
2013-09-16,107.5,108,106.059997558594,106.589996337891,106.589996337891,282888
2013-09-17,106.220001220703,106.430000305176,104.940002441406,105.419998168945,105.419998168945,304851
2013-09-18,105.529998779297,108.48999786377,105.319999694824,108.069999694824,108.069999694824,199888
2013-09-19,108.220001220703,108.98999786377,106.080001831055,106.389999389648,106.389999389648,139835
2013-09-20,106.370002746582,106.459999084473,104.319999694824,104.680000305176,104.680000305176,250360
2013-09-23,104.889999389648,105.120002746582,103.120002746582,103.589996337891,103.589996337891,223392
2013-09-24,103.440002441406,103.639999389648,102.300003051758,103.129997253418,103.129997253418,259543
2013-09-25,103.410003662109,103.959999084473,102.199996948242,102.660003662109,102.660003662109,236195
2013-09-26,102.300003051758,103.290000915527,102.199996948242,103.029998779297,103.029998779297,183778
2013-09-27,102.910003662109,103.769996643066,102.360000610352,102.870002746582,102.870002746582,232299
2013-09-30,102.459999084473,102.76000213623,101.050003051758,102.330001831055,102.330001831055,226707
2013-10-01,102.309997558594,102.580001831055,101.059997558594,102.040000915527,102.040000915527,223028
2013-10-02,101.620002746582,104.230003356934,101.430000305176,104.099998474121,104.099998474121,300526
2013-10-03,103.819999694824,104.379997253418,102.870002746582,103.309997558594,103.309997558594,226225
2013-10-04,102.919998168945,104.190002441406,102.900001525879,103.839996337891,103.839996337891,165197
2013-10-07,103.449996948242,103.73999786377,101.860000610352,103.029998779297,103.029998779297,269025
2013-10-08,103.160003662109,104.080001831055,102.849998474121,103.48999786377,103.48999786377,194195
2013-10-09,103.48999786377,103.75,101.180000305176,101.610000610352,101.610000610352,283131
2013-10-10,101.459999084473,103.569999694824,101.160003662109,103.01000213623,103.01000213623,296858
2013-10-11,102.940002441406,102.949996948242,100.599998474121,102.019996643066,102.019996643066,298216
2013-10-14,101.370002746582,102.620002746582,101.059997558594,102.410003662109,102.410003662109,170674
2013-10-15,102.190002441406,102.459999084473,100.870002746582,101.209999084473,101.209999084473,240218
2013-10-16,100.879997253418,102.970001220703,100.75,102.290000915527,102.290000915527,235236
2013-10-17,102.129997253418,102.319999694824,100.029998779297,100.669998168945,100.669998168945,266625
2013-10-18,100.720001220703,101.709999084473,100.51000213623,100.809997558594,100.809997558594,116680
2013-10-21,100.629997253418,100.949996948242,98.9800033569336,99.2200012207031,99.2200012207031,90824
2013-10-22,99.0599975585938,99.7699966430664,97.5,97.8000030517578,97.8000030517578,347314
2013-10-23,98.120002746582,98.2900009155273,96.1600036621094,96.8600006103516,96.8600006103516,356194
2013-10-24,97.0999984741211,97.6900024414062,95.9499969482422,97.1100006103516,97.1100006103516,248742
2013-10-25,97.1900024414062,98.0599975585938,96.9899978637695,97.8499984741211,97.8499984741211,192632
2013-10-28,97.879997253418,98.8199996948242,97.370002746582,98.6800003051758,98.6800003051758,230155
2013-10-29,98.5400009155273,98.5699996948242,97.6900024414062,98.1999969482422,98.1999969482422,183243
2013-10-30,97.7699966430664,97.8199996948242,96.5500030517578,96.7699966430664,96.7699966430664,268138
2013-10-31,96.620002746582,97.0299987792969,96.0299987792969,96.379997253418,96.379997253418,255401
2013-11-01,96.3199996948242,96.6500015258789,94.3600006103516,94.6100006103516,94.6100006103516,282138
2013-11-04,94.5199966430664,95.1100006103516,94.0599975585938,94.620002746582,94.620002746582,219109
2013-11-05,94.4700012207031,94.9000015258789,93.0699996948242,93.370002746582,93.370002746582,226454
2013-11-06,93.7399978637695,95.4000015258789,93.6500015258789,94.8000030517578,94.8000030517578,282722
2013-11-07,94.9100036621094,95.3099975585938,93.8000030517578,94.1999969482422,94.1999969482422,260597
2013-11-08,94.3600006103516,94.9199981689453,93.9000015258789,94.5999984741211,94.5999984741211,241690
2013-11-11,94.4499969482422,95.379997253418,94.1100006103516,95.1399993896484,95.1399993896484,206721
2013-11-12,95,95.2200012207031,92.8600006103516,93.0400009155273,93.0400009155273,353689
2013-11-13,93.0699996948242,94.5400009155273,92.9300003051758,93.879997253418,93.879997253418,305009
2013-11-14,93.5,94.4300003051758,92.5100021362305,93.7600021362305,93.7600021362305,315066
2013-11-15,93.8899993896484,94.5500030517578,93.5800018310547,93.8399963378906,93.8399963378906,204366
2013-11-18,93.7799987792969,94.3000030517578,92.7200012207031,93.0299987792969,93.0299987792969,169443
2013-11-19,93,93.4599990844727,92.4300003051758,93.3399963378906,93.3399963378906,131463
2013-11-20,93.3300018310547,93.9300003051758,92.7300033569336,93.3300018310547,93.3300018310547,225891
2013-11-21,93.7300033569336,95.629997253418,93.4700012207031,95.4400024414062,95.4400024414062,222138
2013-11-22,95.2900009155273,95.5699996948242,94.0500030517578,94.8399963378906,94.8399963378906,257843
2013-11-25,94.1500015258789,94.5,93.0800018310547,94.0899963378906,94.0899963378906,270860
2013-11-26,94.2099990844727,94.6900024414062,93.4300003051758,93.6800003051758,93.6800003051758,160178
2013-11-27,93.5,93.5999984741211,91.7699966430664,92.3000030517578,92.3000030517578,230878
2013-11-29,92.3300018310547,93.9000015258789,92.0599975585938,92.7200012207031,92.7200012207031,143205
2013-12-02,92.7099990844727,94.0800018310547,92.5599975585938,93.8199996948242,93.8199996948242,234800
2013-12-03,93.8600006103516,96.9599990844727,93.6699981689453,96.0400009155273,96.0400009155273,319271
2013-12-04,96.9000015258789,97.5800018310547,96.3000030517578,97.1999969482422,97.1999969482422,325857
2013-12-05,97.3300018310547,97.9899978637695,97.0100021362305,97.379997253418,97.379997253418,216392
2013-12-06,97.379997253418,98.0699996948242,97.0800018310547,97.6500015258789,97.6500015258789,223944
2013-12-09,97.6600036621094,97.9700012207031,97.0999984741211,97.3399963378906,97.3399963378906,210090
2013-12-10,97.25,98.7399978637695,97.2399978637695,98.5100021362305,98.5100021362305,264838
2013-12-11,98.6500015258789,98.75,97.1999969482422,97.4400024414062,97.4400024414062,274194
2013-12-12,97.5500030517578,98.1800003051758,97.3099975585938,97.5,97.5,205749
2013-12-13,97.5800018310547,97.620002746582,96.2600021362305,96.5999984741211,96.5999984741211,233161
2013-12-16,96.5500030517578,97.6900024414062,96.2099990844727,97.4800033569336,97.4800033569336,187591
2013-12-17,97.3000030517578,97.9000015258789,97,97.2200012207031,97.2200012207031,120127
2013-12-18,97.3000030517578,98.0100021362305,97.0199966430664,97.8000030517578,97.8000030517578,84627
2013-12-19,97.6900024414062,99.1699981689453,97.5,98.7699966430664,98.7699966430664,192782
2013-12-20,98.6999969482422,99.4000015258789,98.5400009155273,99.3199996948242,99.3199996948242,151281
2013-12-23,99.1999969482422,99.3099975585938,98.6399993896484,98.9100036621094,98.9100036621094,107273
2013-12-24,98.620002746582,99.3000030517578,98.5299987792969,99.2200012207031,99.2200012207031,51877
2013-12-26,99.1999969482422,99.6999969482422,99.0500030517578,99.5500030517578,99.5500030517578,65666
2013-12-27,99.629997253418,100.75,99.370002746582,100.319999694824,100.319999694824,127198
2013-12-30,100.150001525879,100.419998168945,99.129997253418,99.2900009155273,99.2900009155273,118356
2013-12-31,99.25,99.3899993896484,98.1500015258789,98.4199981689453,98.4199981689453,113907
2014-01-02,98.5,98.9700012207031,95.3399963378906,95.4400024414062,95.4400024414062,251248
2014-01-03,95.4700012207031,95.7399978637695,93.8600006103516,93.9599990844727,93.9599990844727,215522
2014-01-06,94.1800003051758,94.5899963378906,93.1999969482422,93.4300003051758,93.4300003051758,189379
2014-01-07,93.5999984741211,94.2200012207031,93.3499984741211,93.6699981689453,93.6699981689453,177182
2014-01-08,93.9599990844727,94.1800003051758,92.2600021362305,92.3300018310547,92.3300018310547,244855
2014-01-09,92.5800018310547,92.9300003051758,91.2399978637695,91.6600036621094,91.6600036621094,255784
2014-01-10,92.3000030517578,93.379997253418,91.9899978637695,92.7200012207031,92.7200012207031,255988
2014-01-13,92.8300018310547,92.879997253418,91.4300003051758,91.8000030517578,91.8000030517578,212208
2014-01-14,91.5100021362305,92.879997253418,91.5,92.5899963378906,92.5899963378906,243474
2014-01-15,92.6500015258789,94.6399993896484,92.4300003051758,94.1699981689453,94.1699981689453,263295
2014-01-16,94.2900009155273,94.6399993896484,93.5999984741211,93.9599990844727,93.9599990844727,165135
2014-01-17,94.1699981689453,94.9400024414062,93.9400024414062,94.370002746582,94.370002746582,119887
2014-01-21,94,95.2300033569336,93.4300003051758,94.9899978637695,94.9899978637695,244861
2014-01-22,95.1999969482422,96.8899993896484,95.120002746582,96.7300033569336,96.7300033569336,252349
2014-01-23,96.6900024414062,97.8399963378906,96.4100036621094,97.3199996948242,97.3199996948242,274078
2014-01-24,97.370002746582,97.8000030517578,96.25,96.6399993896484,96.6399993896484,239673
2014-01-27,96.9000015258789,97.1800003051758,95.2099990844727,95.7200012207031,95.7200012207031,235110
2014-01-28,95.6600036621094,97.6600036621094,95.629997253418,97.4100036621094,97.4100036621094,206490
2014-01-29,97.1699981689453,97.75,96.3199996948242,97.3600006103516,97.3600006103516,200486
2014-01-30,97.4199981689453,98.5899963378906,97.3300018310547,98.2300033569336,98.2300033569336,199420
2014-01-31,97.9700012207031,98.3899993896484,97.0999984741211,97.4899978637695,97.4899978637695,253457
2014-02-03,97.4000015258789,97.9400024414062,96.2600021362305,96.4300003051758,96.4300003051758,293312
2014-02-04,96.5299987792969,97.8199996948242,96.370002746582,97.1900024414062,97.1900024414062,204282
2014-02-05,97.6699981689453,98.2600021362305,96.8000030517578,97.379997253418,97.379997253418,237671
2014-02-06,97.25,98.8300018310547,97.25,97.8399963378906,97.8399963378906,234281
2014-02-07,97.9700012207031,100.23999786377,97.1100006103516,99.879997253418,99.879997253418,270407
2014-02-10,100.050003051758,100.550003051758,99.1100006103516,100.059997558594,100.059997558594,251127
2014-02-11,99.9700012207031,100.599998474121,99.5999984741211,99.9400024414062,99.9400024414062,233933
2014-02-12,100.459999084473,101.379997253418,100.040000915527,100.370002746582,100.370002746582,318686
2014-02-13,100.269996643066,100.660003662109,99.4000015258789,100.349998474121,100.349998474121,221722
2014-02-14,100.339996337891,100.470001220703,99.4300003051758,100.300003051758,100.300003051758,229784
2014-02-18,100.319999694824,103.25,100.230003356934,102.430000305176,102.430000305176,177371
2014-02-19,103.139999389648,103.800003051758,102.400001525879,103.309997558594,103.309997558594,116164
2014-02-20,103.410003662109,103.5,102.75,102.919998168945,102.919998168945,194397
2014-02-21,102.870002746582,102.919998168945,101.690002441406,102.199996948242,102.199996948242,173260
2014-02-24,102.290000915527,103.449996948242,101.970001220703,102.819999694824,102.819999694824,177861
2014-02-25,102.800003051758,102.839996337891,101.019996643066,101.830001831055,101.830001831055,187216
2014-02-26,102.040000915527,102.900001525879,101.580001831055,102.589996337891,102.589996337891,196517
2014-02-27,102.569999694824,103.080001831055,101.75,102.400001525879,102.400001525879,196494
2014-02-28,102.150001525879,102.959999084473,101.800003051758,102.589996337891,102.589996337891,178276
2014-03-03,103,105.220001220703,102.949996948242,104.919998168945,104.919998168945,295819
2014-03-04,104.889999389648,104.959999084473,102.849998474121,103.330001831055,103.330001831055,210005
2014-03-05,103.349998474121,103.529998779297,100.849998474121,101.449996948242,101.449996948242,267837
2014-03-06,101.040000915527,102.080001831055,100.129997253418,101.559997558594,101.559997558594,291849
2014-03-07,101.970001220703,102.910003662109,101.569999694824,102.580001831055,102.580001831055,226145
2014-03-10,102.75,102.819999694824,100.849998474121,101.120002746582,101.120002746582,225290
2014-03-11,100.940002441406,101.519996643066,99.3199996948242,100.029998779297,100.029998779297,294201
2014-03-12,99.4800033569336,99.5999984741211,97.5500030517578,97.9899978637695,97.9899978637695,416927
2014-03-13,98.0999984741211,98.5999984741211,97.6699981689453,98.1999969482422,98.1999969482422,268074
2014-03-14,98.25,99.2799987792969,98.0599975585938,98.8899993896484,98.8899993896484,226300
2014-03-17,99.3899993896484,99.3899993896484,97.370002746582,98.0800018310547,98.0800018310547,227387
2014-03-18,97.9700012207031,99.7799987792969,97.75,99.6999969482422,99.6999969482422,192508
2014-03-19,99.5299987792969,100.470001220703,99.3399963378906,100.370002746582,100.370002746582,110319
2014-03-20,100.389999389648,100.819999694824,99.0800018310547,99.4300003051758,99.4300003051758,244866
2014-03-21,98.5899963378906,100.25,98.25,99.4599990844727,99.4599990844727,191289
2014-03-24,99.4899978637695,100.290000915527,99.0500030517578,99.5999984741211,99.5999984741211,151710
2014-03-25,99.4300003051758,100.25,98.8000030517578,99.1900024414062,99.1900024414062,217013
2014-03-26,99.1800003051758,100.459999084473,99.0999984741211,100.26000213623,100.26000213623,211367
2014-03-27,100.300003051758,101.699996948242,100.029998779297,101.279998779297,101.279998779297,202200
2014-03-28,101.339996337891,102.23999786377,101.180000305176,101.669998168945,101.669998168945,166326
2014-03-31,101.690002441406,101.970001220703,100.879997253418,101.580001831055,101.580001831055,167570
2014-04-01,101.529998779297,101.569999694824,99.2799987792969,99.7399978637695,99.7399978637695,237564
2014-04-02,99.6399993896484,99.8300018310547,98.8600006103516,99.620002746582,99.620002746582,231596
2014-04-03,99.2900009155273,100.48999786377,99.0699996948242,100.290000915527,100.290000915527,195430
2014-04-04,100.379997253418,101.629997253418,100.279998779297,101.139999389648,101.139999389648,193532
2014-04-07,100.910003662109,101.319999694824,99.9199981689453,100.440002441406,100.440002441406,254884
2014-04-08,100.690002441406,102.709999084473,100.680000305176,102.559997558594,102.559997558594,299549
2014-04-09,102.349998474121,103.769996643066,102.029998779297,103.599998474121,103.599998474121,324660
2014-04-10,103.440002441406,103.809997558594,103.099998474121,103.400001525879,103.400001525879,222169
2014-04-11,103.339996337891,104.440002441406,103.01000213623,103.73999786377,103.73999786377,261915
2014-04-14,103.559997558594,104.550003051758,103.339996337891,104.050003051758,104.050003051758,237213
2014-04-15,103.599998474121,104.050003051758,102.910003662109,103.75,103.75,215848
2014-04-16,103.76000213623,104.98999786377,103.120002746582,103.76000213623,103.76000213623,279392
2014-04-17,103.839996337891,104.779998779297,103.540000915527,104.300003051758,104.300003051758,191342
2014-04-21,104.540000915527,104.769996643066,103.849998474121,104.370002746582,104.370002746582,115095
2014-04-22,104.360000610352,104.360000610352,101.690002441406,102.129997253418,102.129997253418,323723
2014-04-23,101.860000610352,102.080001831055,101.199996948242,101.440002441406,101.440002441406,250645
2014-04-24,101.540000915527,102.349998474121,101.400001525879,101.940002441406,101.940002441406,202278
2014-04-25,101.930000305176,102.050003051758,100.480003356934,100.599998474121,100.599998474121,221601
2014-04-28,100.48999786377,101.519996643066,100.330001831055,100.839996337891,100.839996337891,231590
2014-04-29,100.889999389648,102.199996948242,100.709999084473,101.279998779297,101.279998779297,218691
2014-04-30,100.76000213623,100.76000213623,99.3499984741211,99.7399978637695,99.7399978637695,282979
2014-05-01,99.7200012207031,99.8899993896484,98.7399978637695,99.4199981689453,99.4199981689453,235455
2014-05-02,99.1699981689453,100.139999389648,99.1699981689453,99.7600021362305,99.7600021362305,213631
2014-05-05,99.9599990844727,100.440002441406,98.9100036621094,99.4800033569336,99.4800033569336,190002
2014-05-06,99.379997253418,100.419998168945,99.3199996948242,99.5,99.5,251208
2014-05-07,99.8300018310547,100.98999786377,99.7799987792969,100.769996643066,100.769996643066,291271
2014-05-08,100.819999694824,100.930000305176,99.870002746582,100.26000213623,100.26000213623,252605
2014-05-09,100.269996643066,101.180000305176,99.7099990844727,99.9899978637695,99.9899978637695,271341
2014-05-12,100.120002746582,100.930000305176,99.9300003051758,100.589996337891,100.589996337891,211648
2014-05-13,100.629997253418,102.050003051758,100.360000610352,101.699996948242,101.699996948242,253588
2014-05-14,101.910003662109,102.650001525879,101.830001831055,102.370002746582,102.370002746582,234477
2014-05-15,102.029998779297,102.26000213623,101.269996643066,101.5,101.5,276060
2014-05-16,101.559997558594,102.230003356934,101.389999389648,102.019996643066,102.019996643066,147896
2014-05-19,102.129997253418,103.089996337891,101.970001220703,102.610000610352,102.610000610352,121114
2014-05-20,102.599998474121,102.860000610352,102.099998474121,102.440002441406,102.440002441406,249769
2014-05-21,102.959999084473,104.290000915527,102.779998779297,104.069999694824,104.069999694824,272127
2014-05-22,103.849998474121,104.220001220703,103.550003051758,103.73999786377,103.73999786377,159181
2014-05-23,103.709999084473,104.5,103.639999389648,104.349998474121,104.349998474121,160563
2014-05-27,104.339996337891,104.5,103.569999694824,104.110000610352,104.110000610352,174387
2014-05-28,104.139999389648,104.389999389648,102.639999389648,102.720001220703,102.720001220703,239134
2014-05-29,103.059997558594,103.940002441406,102.610000610352,103.580001831055,103.580001831055,205506
2014-05-30,103.51000213623,103.559997558594,102.400001525879,102.709999084473,102.709999084473,169734
2014-06-02,102.919998168945,103.349998474121,102.099998474121,102.470001220703,102.470001220703,159042
2014-06-03,102.440002441406,102.860000610352,102.230003356934,102.660003662109,102.660003662109,160208
2014-06-04,102.790000915527,103.690002441406,102.339996337891,102.639999389648,102.639999389648,208540
2014-06-05,102.370002746582,102.690002441406,101.599998474121,102.480003356934,102.480003356934,200402
2014-06-06,102.440002441406,103.069999694824,102.300003051758,102.660003662109,102.660003662109,197758
2014-06-09,102.779998779297,104.569999694824,102.620002746582,104.410003662109,104.410003662109,246719
2014-06-10,104.459999084473,105.059997558594,103.980003356934,104.349998474121,104.349998474121,255599
2014-06-11,104.300003051758,104.809997558594,104.169998168945,104.400001525879,104.400001525879,187728
2014-06-12,104.470001220703,106.949996948242,104.349998474121,106.529998779297,106.529998779297,321499
2014-06-13,106.839996337891,107.680000305176,106.370002746582,106.910003662109,106.910003662109,255394
2014-06-16,106.879997253418,107.540000915527,106.569999694824,106.900001525879,106.900001525879,204792
2014-06-17,106.589996337891,107.180000305176,106.01000213623,106.360000610352,106.360000610352,252969
2014-06-18,106.599998474121,106.970001220703,105.800003051758,105.970001220703,105.970001220703,176257
2014-06-19,106.110000610352,106.699996948242,105.319999694824,106.430000305176,106.430000305176,123121
2014-06-20,106.599998474121,107.730003356934,106.330001831055,107.26000213623,107.26000213623,213130
2014-06-23,107.419998168945,107.449996948242,105.910003662109,106.169998168945,106.169998168945,175473
2014-06-24,106.019996643066,106.459999084473,105.25,106.029998779297,106.029998779297,175206
2014-06-25,106.139999389648,107.5,105.470001220703,106.5,106.5,249064
2014-06-26,106.709999084473,106.809997558594,105.029998779297,105.839996337891,105.839996337891,195723
2014-06-27,105.639999389648,106.190002441406,105.330001831055,105.73999786377,105.73999786377,128975
2014-06-30,105.690002441406,105.76000213623,104.660003662109,105.370002746582,105.370002746582,215334
2014-07-01,105.440002441406,106.089996337891,104.599998474121,105.339996337891,105.339996337891,221685
2014-07-02,105.209999084473,105.529998779297,104.099998474121,104.480003356934,104.480003356934,240067
2014-07-03,104.269996643066,104.290000915527,103.669998168945,104.059997558594,104.059997558594,169938
2014-07-07,104.059997558594,104.129997253418,103.190002441406,103.529998779297,103.529998779297,189250
2014-07-08,103.389999389648,104.199996948242,103.01000213623,103.400001525879,103.400001525879,249378
2014-07-09,103.449996948242,103.599998474121,101.849998474121,102.290000915527,102.290000915527,250987
2014-07-10,101.949996948242,103,101.550003051758,102.930000305176,102.930000305176,238076
2014-07-11,102.860000610352,102.919998168945,100.440002441406,100.830001831055,100.830001831055,272550
2014-07-14,100.459999084473,101.199996948242,100.220001220703,100.910003662109,100.910003662109,252675
2014-07-15,100.930000305176,101.059997558594,99.0100021362305,99.9599990844727,99.9599990844727,331196
2014-07-16,100.209999084473,101.599998474121,100.069999694824,101.199996948242,101.199996948242,240202
2014-07-17,101.48999786377,103.900001525879,101.269996643066,103.190002441406,103.190002441406,342872
2014-07-18,103.720001220703,103.940002441406,102.580001831055,103.129997253418,103.129997253418,172529
2014-07-21,102.970001220703,104.98999786377,102.650001525879,104.589996337891,104.589996337891,126986
2014-07-22,104.580001831055,105.25,103.889999389648,104.419998168945,104.419998168945,252395
2014-07-23,101.959999084473,103.339996337891,101.790000915527,103.120002746582,103.120002746582,260652
2014-07-24,103.199996948242,103.309997558594,101.879997253418,102.069999694824,102.069999694824,194404
2014-07-25,102.040000915527,102.529998779297,101,102.089996337891,102.089996337891,284919
2014-07-28,101.870002746582,102.099998474121,100.900001525879,101.669998168945,101.669998168945,197815
2014-07-29,101.599998474121,101.830001831055,100.370002746582,100.970001220703,100.970001220703,258060
2014-07-30,101.029998779297,101.669998168945,99.4199981689453,100.269996643066,100.269996643066,263974
2014-07-31,99.4700012207031,99.8499984741211,97.5999984741211,98.1699981689453,98.1699981689453,335785
2014-08-01,97.6999969482422,98.0999984741211,97.0899963378906,97.879997253418,97.879997253418,274992
2014-08-04,97.6699981689453,98.6699981689453,97.4300003051758,98.2900009155273,98.2900009155273,204262
2014-08-05,98.4100036621094,98.6699981689453,97,97.379997253418,97.379997253418,242237
2014-08-06,97.620002746582,98.129997253418,96.6900024414062,96.9199981689453,96.9199981689453,263598
2014-08-07,96.8899993896484,97.7200012207031,96.5500030517578,97.3399963378906,97.3399963378906,286531
2014-08-08,97.6399993896484,98.4499969482422,97.1500015258789,97.6500015258789,97.6500015258789,266006
2014-08-11,97.5400009155273,98.5800018310547,97.370002746582,98.0800018310547,98.0800018310547,241493
2014-08-12,97.8399963378906,97.9400024414062,96.8099975585938,97.370002746582,97.370002746582,242592
2014-08-13,97.1999969482422,97.7799987792969,96.75,97.5899963378906,97.5899963378906,253703
2014-08-14,97.3000030517578,97.5899963378906,95.2600021362305,95.5800018310547,95.5800018310547,350619
2014-08-15,95.5,97.4100036621094,95.3199996948242,97.3499984741211,97.3499984741211,269750
2014-08-18,97.0999984741211,97.1600036621094,95.8099975585938,96.4100036621094,96.4100036621094,157537
2014-08-19,96.5599975585938,97.0500030517578,94.2600021362305,94.4800033569336,94.4800033569336,109041
2014-08-20,94.6999969482422,96.4700012207031,94.6999969482422,96.0699996948242,96.0699996948242,207152
2014-08-21,93.4899978637695,94.4499969482422,92.5,93.9599990844727,93.9599990844727,226343
2014-08-22,93.8899993896484,94.0400009155273,92.9199981689453,93.6500015258789,93.6500015258789,191457
2014-08-25,93.3399963378906,93.9499969482422,93.0500030517578,93.3499984741211,93.3499984741211,137420
2014-08-26,93.3600006103516,94.3499984741211,93.3499984741211,93.8600006103516,93.8600006103516,176280
2014-08-27,93.879997253418,94.2399978637695,93.3600006103516,93.879997253418,93.879997253418,174908
2014-08-28,93.75,94.7099990844727,93.4499969482422,94.5500030517578,94.5500030517578,262292
2014-08-29,94.5599975585938,96,94.4800033569336,95.9599990844727,95.9599990844727,234972
2014-09-02,95.8099975585938,95.9100036621094,92.6800003051758,92.879997253418,92.879997253418,320356
2014-09-03,93.2799987792969,95.8300018310547,93.0599975585938,95.5400009155273,95.5400009155273,294395
2014-09-04,95.0699996948242,95.3899993896484,94.1600036621094,94.4499969482422,94.4499969482422,254140
2014-09-05,94.5699996948242,94.9899978637695,92.8600006103516,93.2900009155273,93.2900009155273,261386
2014-09-08,93.4899978637695,93.620002746582,91.8000030517578,92.6600036621094,92.6600036621094,277990
2014-09-09,93.1100006103516,93.9400024414062,92.5199966430664,92.75,92.75,275876
2014-09-10,92.7900009155273,93.0299987792969,91.2200012207031,91.6699981689453,91.6699981689453,295306
2014-09-11,91.7099990844727,93.4400024414062,90.4300003051758,92.8300018310547,92.8300018310547,403175
2014-09-12,93.0500030517578,93.6699981689453,91.9599990844727,92.2699966430664,92.2699966430664,297768
2014-09-15,92.129997253418,93.0299987792969,90.629997253418,92.9199981689453,92.9199981689453,260506
2014-09-16,92.8099975585938,95.1900024414062,92.4599990844727,94.879997253418,94.879997253418,294723
2014-09-17,94.7099990844727,95.0599975585938,93.7399978637695,94.4199981689453,94.4199981689453,305832
2014-09-18,93.9700012207031,94.8199996948242,92.8499984741211,93.0699996948242,93.0699996948242,170772
2014-09-19,92.9700012207031,93.2200012207031,91.8499984741211,92.4100036621094,92.4100036621094,92780
2014-09-22,92.2200012207031,92.6399993896484,91.1999969482422,91.5199966430664,91.5199966430664,229232
2014-09-23,90.6999969482422,92.0899963378906,90.5800018310547,91.5599975585938,91.5599975585938,247770
2014-09-24,91.7200012207031,93.2900009155273,91.120002746582,92.8000030517578,92.8000030517578,282634
2014-09-25,92.8899993896484,93.5400009155273,92.0500030517578,92.5299987792969,92.5299987792969,248852
2014-09-26,92.4700012207031,93.8600006103516,92.2300033569336,93.5400009155273,93.5400009155273,258890
2014-09-29,93.3499984741211,94.6399993896484,92.7399978637695,94.5699996948242,94.5699996948242,261246
2014-09-30,94.3399963378906,94.9000015258789,90.8600006103516,91.1600036621094,91.1600036621094,429251
2014-10-01,91.3600006103516,92.9599990844727,90.4700012207031,90.7300033569336,90.7300033569336,389246
2014-10-02,90.7399978637695,91.5400009155273,88.1800003051758,91.0100021362305,91.0100021362305,449554
2014-10-03,91.379997253418,91.7900009155273,89.3600006103516,89.7399978637695,89.7399978637695,342795
2014-10-06,89.7699966430664,90.7399978637695,88.7600021362305,90.3399963378906,90.3399963378906,276614
2014-10-07,90.4499969482422,90.5699996948242,88.379997253418,88.8499984741211,88.8499984741211,300113
2014-10-08,88.4300003051758,88.629997253418,86.8300018310547,87.3099975585938,87.3099975585938,373752
2014-10-09,87.7300033569336,87.9499969482422,84.0599975585938,85.7699966430664,85.7699966430664,345020
2014-10-10,84.3899993896484,86.2900009155273,83.5899963378906,85.8199996948242,85.8199996948242,396528
2014-10-13,85.1999969482422,85.870002746582,84.0699996948242,85.7399978637695,85.7399978637695,292345
2014-10-14,84.9800033569336,85.5999984741211,81.3199996948242,81.8399963378906,81.8399963378906,475832
2014-10-15,82.3199996948242,82.4499969482422,80.0100021362305,81.7799987792969,81.7799987792969,487721
2014-10-16,81.0599975585938,84.8300018310547,79.7799987792969,82.6999969482422,82.6999969482422,424524
2014-10-17,83.1800003051758,84.4499969482422,82.4400024414062,82.75,82.75,174142
2014-10-20,83.129997253418,83.4800033569336,81.5500030517578,82.7099990844727,82.7099990844727,83702
2014-10-21,82.7600021362305,84.0500030517578,82.2900009155273,82.8099975585938,82.8099975585938,297522
2014-10-22,82.5500030517578,83.1500015258789,80.2200012207031,80.5199966430664,80.5199966430664,352217
2014-10-23,80.4199981689453,82.370002746582,80.0500030517578,82.0899963378906,82.0899963378906,354839
2014-10-24,81.9499969482422,81.9499969482422,80.3600006103516,81.0100021362305,81.0100021362305,272509
2014-10-27,81.2699966430664,81.2900009155273,79.4400024414062,81,81,285327
2014-10-28,80.6399993896484,81.6600036621094,80.3600006103516,81.4199981689453,81.4199981689453,226066
2014-10-29,81.5500030517578,82.879997253418,81.4400024414062,82.1999969482422,82.1999969482422,283762
2014-10-30,81.9300003051758,82.0899963378906,80.7200012207031,81.120002746582,81.120002746582,270072
2014-10-31,81.0400009155273,81.2699966430664,79.5500030517578,80.5400009155273,80.5400009155273,294183
2014-11-03,80.5899963378906,80.9800033569336,78.0800018310547,78.7799987792969,78.7799987792969,386045
2014-11-04,78.2200012207031,78.4100036621094,75.8399963378906,77.1900024414062,77.1900024414062,432757
2014-11-05,77.3600006103516,79.3499984741211,76.4599990844727,78.6800003051758,78.6800003051758,447691
2014-11-06,78.870002746582,78.9800033569336,77.120002746582,77.9100036621094,77.9100036621094,292897
2014-11-07,77.8600006103516,79.4100036621094,77.4700012207031,78.6500015258789,78.6500015258789,306077
2014-11-10,78.5,79.8499984741211,77.129997253418,77.4000015258789,77.4000015258789,319492
2014-11-11,77.1800003051758,78.0400009155273,76.4199981689453,77.9400024414062,77.9400024414062,314309
2014-11-12,77.5,78.0800018310547,76.629997253418,77.1800003051758,77.1800003051758,359951
2014-11-13,76.9499969482422,77.1600036621094,74.0699996948242,74.2099990844727,74.2099990844727,447012
2014-11-14,74.3600006103516,76.3000030517578,73.25,75.8199996948242,75.8199996948242,355245
2014-11-17,75.9300003051758,76.1800003051758,74.7099990844727,75.6399993896484,75.6399993896484,279462
2014-11-18,75.4899978637695,76.4400024414062,74.120002746582,74.6100006103516,74.6100006103516,186214
2014-11-19,74.2300033569336,75.4000015258789,73.879997253418,74.5800018310547,74.5800018310547,116278
2014-11-20,74.25,75.7600021362305,74.1699981689453,75.5800018310547,75.5800018310547,236720
2014-11-21,76.2900009155273,77.8300018310547,75.620002746582,76.5100021362305,76.5100021362305,275317
2014-11-24,76.620002746582,77.0199966430664,75.4499969482422,75.7799987792969,75.7799987792969,194751
2014-11-25,75.5100021362305,76.5800018310547,73.7099990844727,74.0899963378906,74.0899963378906,294447
2014-11-26,73.870002746582,74.4800033569336,73.3000030517578,73.6900024414062,73.6900024414062,258382
2014-11-28,73.5,73.5599975585938,65.6900024414062,66.1500015258789,66.1500015258789,552882
2014-12-01,66,69.5400009155273,63.7200012207031,69,69,504122
2014-12-02,69.2399978637695,69.3199996948242,66.6699981689453,66.879997253418,66.879997253418,360300
2014-12-03,67.5999984741211,68.2300033569336,66.8000030517578,67.379997253418,67.379997253418,293483
2014-12-04,67.4000015258789,68.2200012207031,66.0899963378906,66.8099975585938,66.8099975585938,237011
2014-12-05,66.8000030517578,66.8899993896484,65.1699981689453,65.8399963378906,65.8399963378906,276529
2014-12-08,65.4599990844727,65.5500030517578,62.7799987792969,63.0499992370605,63.0499992370605,330077
2014-12-09,63.0099983215332,64.1999969482422,62.25,63.8199996948242,63.8199996948242,322804
2014-12-10,63.3300018310547,63.4300003051758,60.4300003051758,60.939998626709,60.939998626709,456172
2014-12-11,61.1199989318848,61.6800003051758,58.9599990844727,59.9500007629395,59.9500007629395,392493
2014-12-12,59.1699981689453,59.5699996948242,57.3400001525879,57.810001373291,57.810001373291,414224
2014-12-15,57.0699996948242,58.7299995422363,55.0200004577637,55.9099998474121,55.9099998474121,424946
2014-12-16,55.4000015258789,57.1500015258789,53.5999984741211,55.9300003051758,55.9300003051758,518784
2014-12-17,55.5,58.9799995422363,54.2099990844727,56.4700012207031,56.4700012207031,351977
2014-12-18,55.8300018310547,58.7299995422363,54.0499992370605,54.1100006103516,54.1100006103516,106315
2014-12-19,55.5,56.9099998474121,54.2000007629395,56.5200004577637,56.5200004577637,383536
2014-12-22,57.75,58.5299987792969,55.1300010681152,55.2599983215332,55.2599983215332,277319
2014-12-23,55.3899993896484,57.560001373291,55.060001373291,57.1199989318848,57.1199989318848,274003
2014-12-24,56.7999992370605,57.1500015258789,55.0699996948242,55.8400001525879,55.8400001525879,174969
2014-12-26,55.8600006103516,56.5900001525879,54.5099983215332,54.7299995422363,54.7299995422363,127202
2014-12-29,55.0499992370605,55.7400016784668,52.9000015258789,53.6100006103516,53.6100006103516,241378
2014-12-30,53.7200012207031,54.3199996948242,52.7000007629395,54.1199989318848,54.1199989318848,218557
2014-12-31,53.8699989318848,54.0200004577637,52.439998626709,53.2700004577637,53.2700004577637,233516
2015-01-02,53.7599983215332,55.1100006103516,52.0299987792969,52.689998626709,52.689998626709,268708
2015-01-05,52.6100006103516,52.7299995422363,49.6800003051758,50.0400009155273,50.0400009155273,375782
2015-01-06,50,50.3699989318848,47.5499992370605,47.9300003051758,47.9300003051758,451642
2015-01-07,48,49.310001373291,46.8300018310547,48.6500015258789,48.6500015258789,460083
2015-01-08,48.7799987792969,49.6500015258789,47.7299995422363,48.7900009155273,48.7900009155273,362081
2015-01-09,48.9199981689453,49.6100006103516,47.1599998474121,48.3600006103516,48.3600006103516,421007
2015-01-12,48.189998626709,48.189998626709,45.6199989318848,46.0699996948242,46.0699996948242,394946
2015-01-13,45.689998626709,46.7900009155273,44.2000007629395,45.8899993896484,45.8899993896484,476541
2015-01-14,46.1599998474121,48.9099998474121,45.0099983215332,48.4799995422363,48.4799995422363,510252
2015-01-15,48.5999984741211,51.2700004577637,46.0699996948242,46.25,46.25,478340
2015-01-16,46.3499984741211,48.8699989318848,45.9500007629395,48.689998626709,48.689998626709,175626
2015-01-20,48.689998626709,48.7700004577637,45.8899993896484,46.3899993896484,46.3899993896484,438892
2015-01-21,46.689998626709,48.2000007629395,46.5499992370605,47.7799987792969,47.7799987792969,340252
2015-01-22,47.3499984741211,49.0900001525879,45.8699989318848,46.310001373291,46.310001373291,426829
2015-01-23,46.6300010681152,47.7599983215332,45.2099990844727,45.5900001525879,45.5900001525879,374289
2015-01-26,45.2000007629395,46.4099998474121,44.3499984741211,45.1500015258789,45.1500015258789,310638
2015-01-27,45.1300010681152,46.5499992370605,44.810001373291,46.2299995422363,46.2299995422363,313141
2015-01-28,45.8300018310547,45.8300018310547,44.0800018310547,44.4500007629395,44.4500007629395,365440
2015-01-29,44.4300003051758,44.9599990844727,43.5800018310547,44.5299987792969,44.5299987792969,300732
2015-01-30,44.6300010681152,48.3499984741211,44.310001373291,48.2400016784668,48.2400016784668,454142
2015-02-02,47.5900001525879,50.560001373291,46.6699981689453,49.5699996948242,49.5699996948242,511409
2015-02-03,49.7900009155273,54.2400016784668,49.689998626709,53.0499992370605,53.0499992370605,644919
2015-02-04,51.6699981689453,52.560001373291,47.9500007629395,48.4500007629395,48.4500007629395,577515
2015-02-05,48.6699981689453,52.0999984741211,47.3600006103516,50.4799995422363,50.4799995422363,596851
2015-02-06,50.8600006103516,53.1599998474121,50.7200012207031,51.689998626709,51.689998626709,584976
2015-02-09,52.0099983215332,53.9900016784668,51.6500015258789,52.8600006103516,52.8600006103516,536364
2015-02-10,52.4300003051758,52.6500015258789,49.8600006103516,50.0200004577637,50.0200004577637,501701
2015-02-11,50.9799995422363,51.1399993896484,48.0499992370605,48.8400001525879,48.8400001525879,519272
2015-02-12,49.4199981689453,51.5999984741211,49.1399993896484,51.2099990844727,51.2099990844727,563662
2015-02-13,51.3499984741211,53.4300003051758,51.0299987792969,52.7799987792969,52.7799987792969,437072
2015-02-17,52.75,54.1500015258789,50.810001373291,53.5299987792969,53.5299987792969,518799
2015-02-18,53.2400016784668,53.4099998474121,50.3199996948242,52.1399993896484,52.1399993896484,257476
2015-02-19,50.5499992370605,52.1399993896484,49.1500015258789,51.1599998474121,51.1599998474121,125210
2015-02-20,51.2400016784668,51.8499984741211,49.9099998474121,50.3400001525879,50.3400001525879,366125
2015-02-23,50.75,50.9900016784668,48.6699981689453,49.4500007629395,49.4500007629395,475383
2015-02-24,49.4199981689453,50.3300018310547,48.6800003051758,49.2799987792969,49.2799987792969,293101
2015-02-25,49.1599998474121,51.2799987792969,48.4300003051758,50.9900016784668,50.9900016784668,429524
2015-02-26,51,51.2200012207031,47.7999992370605,48.1699981689453,48.1699981689453,459584
2015-02-27,48.9700012207031,49.939998626709,48.4599990844727,49.7599983215332,49.7599983215332,399494
2015-03-02,49.4500007629395,51.0400009155273,48.7099990844727,49.5900001525879,49.5900001525879,427177
2015-03-03,49.7999992370605,50.8300018310547,49.4500007629395,50.5200004577637,50.5200004577637,370597
2015-03-04,50.6100006103516,51.9900016784668,49.5999984741211,51.5299987792969,51.5299987792969,463989
2015-03-05,51.6199989318848,52.4000015258789,50.6100006103516,50.7599983215332,50.7599983215332,370953
2015-03-06,50.8899993896484,51.2200012207031,48.8800010681152,49.6100006103516,49.6100006103516,406840
2015-03-09,49.5999984741211,50.7900009155273,49.25,50,50,409877
2015-03-10,50.0800018310547,50.3600006103516,48.2000007629395,48.2900009155273,48.2900009155273,395761
2015-03-11,48.7700004577637,49.0499992370605,47.3300018310547,48.1699981689453,48.1699981689453,404590
2015-03-12,48.439998626709,48.7599983215332,46.8600006103516,47.0499992370605,47.0499992370605,358381
2015-03-13,46.9300003051758,47.2799987792969,44.75,44.8400001525879,44.8400001525879,395722
2015-03-16,44.810001373291,45,42.8499984741211,43.8800010681152,43.8800010681152,367600
2015-03-17,43.8400001525879,44.2000007629395,42.4099998474121,43.4599990844727,43.4599990844727,346310
2015-03-18,42.5099983215332,45.3400001525879,42.0299987792969,44.6599998474121,44.6599998474121,220638
2015-03-19,44.5999984741211,44.7099990844727,42.75,43.9599990844727,43.9599990844727,106907
2015-03-20,43.9900016784668,46.5299987792969,43.310001373291,45.7200012207031,45.7200012207031,379180
2015-03-23,46.4099998474121,47.6100006103516,45.3300018310547,47.4500007629395,47.4500007629395,292417
2015-03-24,47.4599990844727,48.560001373291,46.6699981689453,47.5099983215332,47.5099983215332,309553
2015-03-25,47.7200012207031,49.4599990844727,47,49.2099990844727,49.2099990844727,398795
2015-03-26,49.0200004577637,52.4799995422363,48.7299995422363,51.4300003051758,51.4300003051758,515277
2015-03-27,51.0099983215332,51.3800010681152,48.2099990844727,48.8699989318848,48.8699989318848,384092
2015-03-30,48.5699996948242,49.1599998474121,47.6100006103516,48.6800003051758,48.6800003051758,355866
2015-03-31,48.7299995422363,48.7299995422363,47.2799987792969,47.5999984741211,47.5999984741211,365748
2015-04-01,47.5499992370605,50.4500007629395,47.0499992370605,50.0900001525879,50.0900001525879,451104
2015-04-02,49.5900001525879,50.2700004577637,48.1100006103516,49.1399993896484,49.1399993896484,453394
2015-04-06,49.4700012207031,52.2400016784668,49.4700012207031,52.1399993896484,52.1399993896484,325282
2015-04-07,51.9500007629395,54.1300010681152,51.1699981689453,53.9799995422363,53.9799995422363,548870
2015-04-08,53.1800003051758,53.2299995422363,50.3699989318848,50.4199981689453,50.4199981689453,552627
2015-04-09,51,52.0699996948242,50.5099983215332,50.7900009155273,50.7900009155273,449531
2015-04-10,50.7299995422363,51.9300003051758,50.0800018310547,51.6399993896484,51.6399993896484,395135
2015-04-13,51.810001373291,53.0999984741211,51.4700012207031,51.9099998474121,51.9099998474121,375534
2015-04-14,52.0499992370605,53.7900009155273,51.8300018310547,53.2900009155273,53.2900009155273,431026
2015-04-15,53.5499992370605,56.689998626709,53.3899993896484,56.3899993896484,56.3899993896484,508904
2015-04-16,55.9199981689453,57.4199981689453,55.0699996948242,56.7099990844727,56.7099990844727,413134
2015-04-17,56.560001373291,56.8800010681152,55.310001373291,55.7400016784668,55.7400016784668,230623
2015-04-20,56.1599998474121,57.1699981689453,54.8499984741211,56.3800010681152,56.3800010681152,112382
2015-04-21,56.4099998474121,56.9099998474121,55.0099983215332,55.2599983215332,55.2599983215332,354244
2015-04-22,56.3400001525879,57.189998626709,55.7299995422363,56.1599998474121,56.1599998474121,329631
2015-04-23,56.2799987792969,58.4099998474121,55.7599983215332,57.7400016784668,57.7400016784668,415569
2015-04-24,57.5299987792969,57.9500007629395,56.5,57.1500015258789,57.1500015258789,328322
2015-04-27,57.2999992370605,57.8899993896484,56.5200004577637,56.9900016784668,56.9900016784668,250558
2015-04-28,56.6500015258789,57.8300018310547,56.0699996948242,57.060001373291,57.060001373291,281864
2015-04-29,56.9300003051758,59.3300018310547,56.5400009155273,58.5800018310547,58.5800018310547,411097
2015-04-30,58.5499992370605,59.8499984741211,58.3800010681152,59.6300010681152,59.6300010681152,340322
2015-05-01,59.7900009155273,59.9000015258789,58.3199996948242,59.1500015258789,59.1500015258789,244753
2015-05-04,59.2999992370605,59.7299995422363,58.4500007629395,58.9300003051758,58.9300003051758,215046
2015-05-05,58.9500007629395,61.0999984741211,58.6300010681152,60.4000015258789,60.4000015258789,389743
2015-05-06,60.7200012207031,62.5800018310547,60.5400009155273,60.9300003051758,60.9300003051758,423583
2015-05-07,60.689998626709,61.310001373291,58.4900016784668,58.939998626709,58.939998626709,437022
2015-05-08,59.0200004577637,59.9000015258789,58.1399993896484,59.3899993896484,59.3899993896484,434575
2015-05-11,59.4300003051758,59.8499984741211,58.75,59.25,59.25,332694
2015-05-12,59.2700004577637,61.3600006103516,59.1199989318848,60.75,60.75,397345
2015-05-13,61.2299995422363,61.8499984741211,60.0200004577637,60.5,60.5,426835
2015-05-14,60.0999984741211,60.8400001525879,59.3600006103516,59.8800010681152,59.8800010681152,361432
2015-05-15,59.6699981689453,59.9700012207031,58.4199981689453,59.689998626709,59.689998626709,222089
2015-05-18,59.8499984741211,60.8800010681152,59.060001373291,59.4300003051758,59.4300003051758,144389
2015-05-19,59.5400009155273,59.6300010681152,57.0900001525879,57.2599983215332,57.2599983215332,336779
2015-05-20,58.3199996948242,59.0400009155273,58.0999984741211,58.9799995422363,58.9799995422363,287129
2015-05-21,58.810001373291,60.939998626709,58.689998626709,60.7200012207031,60.7200012207031,329765
2015-05-22,60.6599998474121,60.7999992370605,59.3499984741211,59.7200012207031,59.7200012207031,230307
2015-05-26,60.0499992370605,60.25,57.7099990844727,58.0299987792969,58.0299987792969,330128
2015-05-27,58.3199996948242,58.9500007629395,57.3600006103516,57.5099983215332,57.5099983215332,314917
2015-05-28,57.6300010681152,58.0699996948242,56.5099983215332,57.6800003051758,57.6800003051758,340682
2015-05-29,57.9700012207031,60.7000007629395,57.7200012207031,60.2999992370605,60.2999992370605,452222
2015-06-01,60.2900009155273,60.6399993896484,59.3300018310547,60.2000007629395,60.2000007629395,292189
2015-06-02,60.1800003051758,61.5800018310547,60.0900001525879,61.2599983215332,61.2599983215332,344508
2015-06-03,61.0200004577637,61.4300003051758,59.3400001525879,59.6399993896484,59.6399993896484,371298
2015-06-04,59.5699996948242,59.939998626709,57.8300018310547,58,58,363345
2015-06-05,57.9900016784668,59.2299995422363,56.8300018310547,59.1300010681152,59.1300010681152,461016
2015-06-08,58.9599990844727,59.1300010681152,57.8600006103516,58.1399993896484,58.1399993896484,339845
2015-06-09,58.310001373291,60.6800003051758,58.2299995422363,60.1399993896484,60.1399993896484,405486
2015-06-10,60.5800018310547,61.8199996948242,60.4500007629395,61.4300003051758,61.4300003051758,459765
2015-06-11,61.1399993896484,61.5299987792969,60.2099990844727,60.7700004577637,60.7700004577637,352421
2015-06-12,60.5499992370605,60.6300010681152,59.7299995422363,59.9599990844727,59.9599990844727,246898
2015-06-15,59.9000015258789,59.9799995422363,58.7299995422363,59.5200004577637,59.5200004577637,275187
2015-06-16,59.5999984741211,60.3699989318848,59.4199981689453,59.9700012207031,59.9700012207031,233935
2015-06-17,60.0299987792969,61.3800010681152,58.8499984741211,59.9199981689453,59.9199981689453,396155
2015-06-18,59.7799987792969,60.8899993896484,59.25,60.4500007629395,60.4500007629395,181875
2015-06-19,60.5,60.560001373291,58.8800010681152,59.6100006103516,59.6100006103516,116656
2015-06-22,59.439998626709,60.2999992370605,58.9300003051758,59.6800003051758,59.6800003051758,255306
2015-06-23,60.2099990844727,61.4900016784668,59.5499992370605,61.0099983215332,61.0099983215332,336224
2015-06-24,61.1399993896484,61.5699996948242,59.7999992370605,60.2700004577637,60.2700004577637,312985
2015-06-25,60.2200012207031,60.4599990844727,59.4300003051758,59.7000007629395,59.7000007629395,222341
2015-06-26,59.6599998474121,59.9599990844727,58.7599983215332,59.6300010681152,59.6300010681152,231957
2015-06-29,58.8400001525879,59.2700004577637,58.0400009155273,58.3300018310547,58.3300018310547,286035
2015-06-30,58.2700004577637,59.689998626709,57.939998626709,59.4700012207031,59.4700012207031,282475
2015-07-01,58.9799995422363,58.9799995422363,56.6800003051758,56.9599990844727,56.9599990844727,373405
2015-07-02,56.8699989318848,57.9500007629395,56.5,56.9300003051758,56.9300003051758,297050
2015-07-06,54.9000015258789,55.3400001525879,52.4099998474121,52.5299987792969,52.5299987792969,540608
2015-07-07,52.75,53.4300003051758,50.5800018310547,52.3300018310547,52.3300018310547,527267
2015-07-08,52.9099998474121,52.9599990844727,50.9099998474121,51.6500015258789,51.6500015258789,434752
2015-07-09,51.8300018310547,53.5400009155273,51.4799995422363,52.7799987792969,52.7799987792969,382334
2015-07-10,52.4799995422363,53.8899993896484,51.9599990844727,52.7400016784668,52.7400016784668,349075
2015-07-13,52.1500015258789,53.1699981689453,51.2599983215332,52.2000007629395,52.2000007629395,359477
2015-07-14,52,53.4300003051758,50.8800010681152,53.0400009155273,53.0400009155273,422756
2015-07-15,53.4000015258789,53.5,51.2099990844727,51.4099998474121,51.4099998474121,334563
2015-07-16,51.6199989318848,52.1699981689453,50.8400001525879,50.9099998474121,50.9099998474121,319167
2015-07-17,50.9099998474121,51.2299995422363,50.1399993896484,50.8899993896484,50.8899993896484,203485
2015-07-20,50.7599983215332,51.2599983215332,49.8499984741211,50.1500015258789,50.1500015258789,102597
2015-07-21,49.9500007629395,51.0200004577637,49.7700004577637,50.3600006103516,50.3600006103516,254321
2015-07-22,50.7099990844727,50.7099990844727,49.0400009155273,49.189998626709,49.189998626709,347986
2015-07-23,49.2299995422363,49.6300010681152,48.2099990844727,48.4500007629395,48.4500007629395,316060
2015-07-24,48.7900009155273,49.0299987792969,47.7200012207031,48.1399993896484,48.1399993896484,278233
2015-07-27,48,48.2000007629395,46.9099998474121,47.3899993896484,47.3899993896484,273614
2015-07-28,47.0200004577637,48.439998626709,46.6800003051758,47.9799995422363,47.9799995422363,338107
2015-07-29,47.810001373291,49.5200004577637,47.3899993896484,48.7900009155273,48.7900009155273,366893
2015-07-30,48.8300018310547,49.3600006103516,48.3400001525879,48.5200004577637,48.5200004577637,247662
2015-07-31,48.4700012207031,48.6199989318848,46.7000007629395,47.1199989318848,47.1199989318848,334474
2015-08-03,46.8600006103516,46.939998626709,45.0800018310547,45.1699981689453,45.1699981689453,371085
2015-08-04,45.3499984741211,46.2299995422363,45.2900009155273,45.7400016784668,45.7400016784668,285786
2015-08-05,45.9599990844727,46.7000007629395,44.8300018310547,45.1500015258789,45.1500015258789,367326
2015-08-06,45.1599998474121,45.2700004577637,44.2000007629395,44.6599998474121,44.6599998474121,360977
2015-08-07,44.8199996948242,45.1599998474121,43.7000007629395,43.8699989318848,43.8699989318848,400070
2015-08-10,43.5800018310547,45.0099983215332,43.3499984741211,44.9599990844727,44.9599990844727,491433
2015-08-11,44.810001373291,45.3400001525879,42.689998626709,43.0800018310547,43.0800018310547,538005
2015-08-12,43.2700004577637,43.8699989318848,42.7999992370605,43.2999992370605,43.2999992370605,492271
2015-08-13,43.3400001525879,43.7200012207031,41.9099998474121,42.2299995422363,42.2299995422363,420146
2015-08-14,42.2299995422363,42.9599990844727,41.3499984741211,42.5,42.5,317211
2015-08-17,42.1800003051758,42.689998626709,41.6399993896484,41.8699989318848,41.8699989318848,314275
2015-08-18,41.8800010681152,42.9000015258789,41.4300003051758,42.6199989318848,42.6199989318848,200185
2015-08-19,42.4099998474121,42.6800003051758,40.4000015258789,40.7999992370605,40.7999992370605,107578
2015-08-20,40.5800018310547,41.4799995422363,40.2099990844727,41.1399993896484,41.1399993896484,380433
2015-08-21,41.0299987792969,41.4000015258789,39.8600006103516,40.4500007629395,40.4500007629395,377181
2015-08-24,40.2999992370605,40.4700012207031,37.75,38.2400016784668,38.2400016784668,468366
2015-08-25,38.1800003051758,39.8899993896484,38.1599998474121,39.310001373291,39.310001373291,375650
2015-08-26,39.689998626709,39.8600006103516,38.5200004577637,38.5999984741211,38.5999984741211,368722
2015-08-27,38.9599990844727,42.8600006103516,38.9500007629395,42.560001373291,42.560001373291,533682
2015-08-28,42.6800003051758,45.9000015258789,41.7799987792969,45.2200012207031,45.2200012207031,666328
2015-08-31,45,49.3300018310547,43.5999984741211,49.2000007629395,49.2000007629395,757503
2015-09-01,48.0999984741211,48.8699989318848,44.1500015258789,45.4099998474121,45.4099998474121,713418
2015-09-02,44.2599983215332,46.7700004577637,43.2099990844727,46.25,46.25,689301
2015-09-03,46.1100006103516,48.4199981689453,45.6500015258789,46.75,46.75,539450
2015-09-04,46.6800003051758,47.2299995422363,45.6100006103516,46.0499992370605,46.0499992370605,385631
2015-09-08,45.8199996948242,46.4099998474121,44.1399993896484,45.939998626709,45.939998626709,508815
2015-09-09,45.7900009155273,46.2599983215332,44.0499992370605,44.1500015258789,44.1500015258789,422735
2015-09-10,44.1599998474121,46.0400009155273,43.3600006103516,45.9199981689453,45.9199981689453,498992
2015-09-11,45.7099990844727,45.8800010681152,44.1599998474121,44.6300010681152,44.6300010681152,395838
2015-09-14,44.7799987792969,44.9700012207031,43.5900001525879,44,44,326269
2015-09-15,44.1100006103516,45.25,43.9199981689453,44.5900001525879,44.5900001525879,335953
2015-09-16,45.1599998474121,47.3499984741211,44.8199996948242,47.1500015258789,47.1500015258789,421981
2015-09-17,47.1300010681152,47.7099990844727,46.3300018310547,46.9000015258789,46.9000015258789,366390
2015-09-18,46.8899993896484,47.0299987792969,44.2400016784668,44.6800003051758,44.6800003051758,211301
2015-09-21,44.9700012207031,46.7400016784668,44.689998626709,46.6800003051758,46.6800003051758,104528
2015-09-22,46.4500007629395,46.4799995422363,45.1399993896484,45.8300018310547,45.8300018310547,345875
2015-09-23,46.5400009155273,47.1500015258789,44.4099998474121,44.4799995422363,44.4799995422363,411957
2015-09-24,44.6199989318848,45.1800003051758,43.7099990844727,44.9099998474121,44.9099998474121,371976
2015-09-25,45.0499992370605,46.3800010681152,44.8600006103516,45.7000007629395,45.7000007629395,338622
2015-09-28,45.3800010681152,45.5,44.2999992370605,44.4300003051758,44.4300003051758,273906
2015-09-29,44.5,45.7000007629395,44.2999992370605,45.2299995422363,45.2299995422363,265176
2015-09-30,44.9199981689453,45.8499984741211,44.6800003051758,45.0900001525879,45.0900001525879,355853
2015-10-01,45.3800010681152,47.0999984741211,44.6300010681152,44.7400016784668,44.7400016784668,478979
2015-10-02,45.0699996948242,45.810001373291,43.9700012207031,45.5400009155273,45.5400009155273,420740
2015-10-05,45.6500015258789,46.939998626709,45.2099990844727,46.2599983215332,46.2599983215332,323061
2015-10-06,46.2000007629395,49.0800018310547,45.7299995422363,48.5299987792969,48.5299987792969,453101
2015-10-07,49,49.7099990844727,47.7000007629395,47.810001373291,47.810001373291,547488
2015-10-08,48.1100006103516,50.0699996948242,47.7599983215332,49.4300003051758,49.4300003051758,509760
2015-10-09,49.689998626709,50.9199981689453,49.1699981689453,49.6300010681152,49.6300010681152,508680
2015-10-12,49.5099983215332,50.1300010681152,47.0400009155273,47.0999984741211,47.0999984741211,408663
2015-10-13,47.4599990844727,48.4300003051758,46.439998626709,46.6599998474121,46.6599998474121,465388
2015-10-14,46.689998626709,46.9599990844727,45.939998626709,46.6399993896484,46.6399993896484,348241
2015-10-15,46.2799987792969,47.0200004577637,45.2299995422363,46.3800010681152,46.3800010681152,370940
2015-10-16,46.8699989318848,47.5,46.1599998474121,47.2599983215332,47.2599983215332,198127
2015-10-19,47.2700004577637,47.4900016784668,45.8499984741211,45.8899993896484,45.8899993896484,125840
2015-10-20,46.25,46.5200004577637,45.2299995422363,45.5499992370605,45.5499992370605,361314
2015-10-21,45.8800010681152,46.0800018310547,44.8600006103516,45.2000007629395,45.2000007629395,384288
2015-10-22,45.2700004577637,46.0999984741211,44.9000015258789,45.3800010681152,45.3800010681152,322742
2015-10-23,45.439998626709,45.75,44.2000007629395,44.5999984741211,44.5999984741211,406577
2015-10-26,44.7400016784668,44.939998626709,43.6399993896484,43.9799995422363,43.9799995422363,302084
2015-10-27,43.7799987792969,43.9099998474121,42.5800018310547,43.2000007629395,43.2000007629395,370825
2015-10-28,43.439998626709,46.2200012207031,43.060001373291,45.939998626709,45.939998626709,521518
2015-10-29,46.060001373291,46.7900009155273,45.1599998474121,46.060001373291,46.060001373291,436513
2015-10-30,45.7400016784668,47.0299987792969,45.4799995422363,46.5900001525879,46.5900001525879,363307
2015-11-02,46.4300003051758,46.7299995422363,45.560001373291,46.1399993896484,46.1399993896484,305518
2015-11-03,46.1100006103516,48.3600006103516,45.9599990844727,47.9000015258789,47.9000015258789,434574
2015-11-04,47.7400016784668,48.2799987792969,46.1699981689453,46.3199996948242,46.3199996948242,459307
2015-11-05,46.5699996948242,46.6500015258789,45.1199989318848,45.2000007629395,45.2000007629395,437646
2015-11-06,45.4099998474121,45.6399993896484,44.1100006103516,44.2900009155273,44.2900009155273,448133
2015-11-09,44.5200004577637,45.1199989318848,43.6399993896484,43.8699989318848,43.8699989318848,487992
2015-11-10,44.0999984741211,44.7599983215332,43.5699996948242,44.2099990844727,44.2099990844727,445973
2015-11-11,43.6300010681152,44.1100006103516,42.6199989318848,42.9300003051758,42.9300003051758,502371
2015-11-12,43.0499992370605,43.3300018310547,41.5400009155273,41.75,41.75,545351
2015-11-13,41.6100006103516,42.8400001525879,40.2200012207031,40.7400016784668,40.7400016784668,480893
2015-11-16,40.9199981689453,42.25,40.060001373291,41.7400016784668,41.7400016784668,535179
2015-11-17,41.9599990844727,42.0299987792969,40.5800018310547,40.6699981689453,40.6699981689453,363714
2015-11-18,41.1100006103516,41.5499992370605,39.9099998474121,40.75,40.75,251518
2015-11-19,40.7200012207031,41.0499992370605,39.8899993896484,40.5400009155273,40.5400009155273,131356
2015-11-20,40.5400009155273,40.9900016784668,38.9900016784668,40.3899993896484,40.3899993896484,432642
2015-11-23,41.4900016784668,42.75,40.4099998474121,41.75,41.75,516190
2015-11-24,42.0400009155273,43.4599990844727,41.8600006103516,42.8699989318848,42.8699989318848,430304
2015-11-25,42.689998626709,43.25,41.7200012207031,43.0400009155273,43.0400009155273,383158
2015-11-27,43.25,43.2999992370605,41.6699981689453,41.7099990844727,41.7099990844727,316475
2015-11-30,41.7700004577637,42.6100006103516,41.5,41.6500015258789,41.6500015258789,369509
2015-12-01,41.7299995422363,42.2299995422363,41.1699981689453,41.8499984741211,41.8499984741211,415537
2015-12-02,41.689998626709,41.9700012207031,39.8400001525879,39.939998626709,39.939998626709,545289
2015-12-03,40.1500015258789,41.7799987792969,40.0699996948242,41.0800018310547,41.0800018310547,496884
2015-12-04,41.310001373291,42,39.5999984741211,39.9700012207031,39.9700012207031,510758
2015-12-07,40.0999984741211,40.1500015258789,37.5,37.6500015258789,37.6500015258789,635413
2015-12-08,37.6800003051758,38.5800018310547,36.6399993896484,37.5099983215332,37.5099983215332,767184
2015-12-09,37.8600006103516,38.9900016784668,36.8699989318848,37.1599998474121,37.1599998474121,646166
2015-12-10,37.2700004577637,37.5400009155273,36.3800010681152,36.7599983215332,36.7599983215332,513940
2015-12-11,36.6300010681152,36.8400001525879,35.1599998474121,35.6199989318848,35.6199989318848,505406
2015-12-14,35.4000015258789,36.7000007629395,34.5299987792969,36.310001373291,36.310001373291,550476
2015-12-15,36.3199996948242,37.8800010681152,36.0299987792969,37.3499984741211,37.3499984741211,474159
2015-12-16,36.7900009155273,37.3499984741211,35.2900009155273,35.5200004577637,35.5200004577637,402967
2015-12-17,35.7999992370605,35.8400001525879,34.6300010681152,34.9500007629395,34.9500007629395,196227
2015-12-18,34.8699989318848,35.5699996948242,34.2900009155273,34.7299995422363,34.7299995422363,116038
2015-12-21,34.5800018310547,34.8600006103516,33.9799995422363,34.7400016784668,34.7400016784668,298080
2015-12-22,35.7999992370605,36.5400009155273,35.6599998474121,36.1399993896484,36.1399993896484,302263
2015-12-23,36.4700012207031,37.9500007629395,36.2799987792969,37.5,37.5,374658
2015-12-24,37.8600006103516,38.2799987792969,37.3800010681152,38.0999984741211,38.0999984741211,205873
2015-12-28,38,38.0900001525879,36.5999984741211,36.810001373291,36.810001373291,220644
2015-12-29,36.7000007629395,37.939998626709,36.6599998474121,37.8699989318848,37.8699989318848,241945
2015-12-30,37.3600006103516,37.4000015258789,36.4000015258789,36.5999984741211,36.5999984741211,267912
2015-12-31,36.810001373291,37.7900009155273,36.2200012207031,37.0400009155273,37.0400009155273,283623
2016-01-04,37.5999984741211,38.3899993896484,36.3300018310547,36.7599983215332,36.7599983215332,431985
2016-01-05,36.9000015258789,37.0999984741211,35.7400016784668,35.9700012207031,35.9700012207031,410131
2016-01-06,36.1800003051758,36.3899993896484,33.7700004577637,33.9700012207031,33.9700012207031,563811
2016-01-07,34.0900001525879,34.2599983215332,32.0999984741211,33.2700004577637,33.2700004577637,617409
2016-01-08,33.2999992370605,34.3400001525879,32.6399993896484,33.1599998474121,33.1599998474121,596496
2016-01-11,32.939998626709,33.2000007629395,30.8799991607666,31.4099998474121,31.4099998474121,648640
2016-01-12,31.1100006103516,32.2099990844727,29.9300003051758,30.4400005340576,30.4400005340576,627218
2016-01-13,30.5400009155273,31.7099990844727,30.1000003814697,30.4799995422363,30.4799995422363,637903
2016-01-14,30.6000003814697,31.7700004577637,30.2800006866455,31.2000007629395,31.2000007629395,537906
2016-01-15,31.1800003051758,31.1800003051758,29.1299991607666,29.4200000762939,29.4200000762939,329094
2016-01-18,NA,NA,NA,NA,NA,NA
2016-01-19,29.2000007629395,30.2099990844727,28.2099990844727,28.4599990844727,28.4599990844727,188026
2016-01-20,28.3299999237061,28.5799999237061,26.1900005340576,26.5499992370605,26.5499992370605,690039
2016-01-21,28.3500003814697,30.25,27.8700008392334,29.5300006866455,29.5300006866455,694040
2016-01-22,29.8400001525879,32.3499984741211,29.5300006866455,32.189998626709,32.189998626709,636573
2016-01-25,32.0499992370605,32.7400016784668,29.6800003051758,30.3400001525879,30.3400001525879,606892
2016-01-26,29.8099994659424,32.4099998474121,29.25,31.4500007629395,31.4500007629395,642432
2016-01-27,30.5499992370605,32.8400001525879,30.1399993896484,32.2999992370605,32.2999992370605,738551
2016-01-28,32.189998626709,34.8199996948242,31.7399997711182,33.2200012207031,33.2200012207031,833378
2016-01-29,33.7000007629395,34.4000015258789,32.6500015258789,33.6199989318848,33.6199989318848,618110
2016-02-01,33.8300018310547,34.1800003051758,31.2900009155273,31.6200008392334,31.6200008392334,595612
2016-02-02,31.3700008392334,31.5300006866455,29.5699996948242,29.8799991607666,29.8799991607666,602564
2016-02-03,29.75,32.75,29.3999996185303,32.2799987792969,32.2799987792969,811699
2016-02-04,32.7099990844727,33.5999984741211,31.5300006866455,31.7199993133545,31.7199993133545,696721
2016-02-05,31.6399993896484,32.4500007629395,30.6299991607666,30.8899993896484,30.8899993896484,616531
2016-02-08,30.9699993133545,31.3799991607666,29.5699996948242,29.6900005340576,29.6900005340576,603646
2016-02-09,30.1700000762939,30.6100006103516,27.7399997711182,27.9400005340576,27.9400005340576,738219
2016-02-10,28.3600006103516,29.2199993133545,27.2399997711182,27.4500007629395,27.4500007629395,781280
2016-02-11,27.3400001525879,27.4799995422363,26.0499992370605,26.2099990844727,26.2099990844727,795965
2016-02-12,27.2999992370605,29.6599998474121,26.9500007629395,29.4400005340576,29.4400005340576,675157
2016-02-15,NA,NA,NA,NA,NA,NA
2016-02-16,29.0799999237061,31.5300006866455,28.7000007629395,29.0400009155273,29.0400009155273,651956
2016-02-17,29.1399993896484,31.4899997711182,28.7299995422363,30.6599998474121,30.6599998474121,578639
2016-02-18,31.3500003814697,31.9799995422363,30.2700004577637,30.7700004577637,30.7700004577637,225497
2016-02-19,30.6000003814697,30.7299995422363,29.0499992370605,29.6399993896484,29.6399993896484,103202
2016-02-22,29.7199993133545,32.0499992370605,29.4799995422363,31.4799995422363,31.4799995422363,521016
2016-02-23,33.3400001525879,33.5299987792969,31.2199993133545,31.8700008392334,31.8700008392334,539379
2016-02-24,31.2800006866455,32.4000015258789,30.5599994659424,32.1500015258789,32.1500015258789,652245
2016-02-25,32.189998626709,33.4900016784668,31.0699996948242,33.0699996948242,33.0699996948242,611874
2016-02-26,33.0400009155273,34.689998626709,32.6399993896484,32.7799987792969,32.7799987792969,646294
2016-02-29,32.7200012207031,33.9799995422363,32.3199996948242,33.75,33.75,512468
2016-03-01,33.9000015258789,34.7599983215332,33.3699989318848,34.4000015258789,34.4000015258789,566226
2016-03-02,33.8899993896484,35.1699981689453,33.5499992370605,34.6599998474121,34.6599998474121,597834
2016-03-03,34.7299995422363,35.3199996948242,34.189998626709,34.5699996948242,34.5699996948242,512962
2016-03-04,34.6599998474121,36.3400001525879,34.4000015258789,35.9199981689453,35.9199981689453,578290
2016-03-07,36.2000007629395,38.1100006103516,36.0900001525879,37.9000015258789,37.9000015258789,709870
2016-03-08,37.939998626709,38.3899993896484,36.1199989318848,36.5,36.5,706933
2016-03-09,36.3600006103516,38.5099983215332,36.2400016784668,38.2900009155273,38.2900009155273,740632
2016-03-10,38.1699981689453,38.4799995422363,37.2099990844727,37.8400001525879,37.8400001525879,701435
2016-03-11,37.9900016784668,39.0200004577637,37.9199981689453,38.5,38.5,564791
2016-03-14,38.1699981689453,38.7700004577637,36.6800003051758,37.1800003051758,37.1800003051758,489938
2016-03-15,37.3699989318848,37.4000015258789,35.9599990844727,36.3400001525879,36.3400001525879,446100
2016-03-16,36.7400016784668,38.6300010681152,36.6100006103516,38.4599990844727,38.4599990844727,494174
2016-03-17,38.5900001525879,40.3600006103516,38.4700012207031,40.2000007629395,40.2000007629395,298013
2016-03-18,40.25,41.2000007629395,39.1500015258789,39.439998626709,39.439998626709,130151
2016-03-21,39.060001373291,40.2999992370605,38.6100006103516,39.9099998474121,39.9099998474121,479337
2016-03-22,41.5900001525879,41.9000015258789,40.7700004577637,41.4500007629395,41.4500007629395,463693
2016-03-23,41.189998626709,41.3400001525879,39.6699981689453,39.7900009155273,39.7900009155273,492003
2016-03-24,39.7299995422363,39.7700004577637,38.3300018310547,39.4599990844727,39.4599990844727,495168
2016-03-28,39.5499992370605,40.1399993896484,38.8600006103516,39.3899993896484,39.3899993896484,299775
2016-03-29,39.3199996948242,39.4799995422363,37.9099998474121,38.2799987792969,38.2799987792969,488032
2016-03-30,38.5200004577637,39.8499984741211,38.1399993896484,38.3199996948242,38.3199996948242,542469
2016-03-31,38.2999992370605,39.0400009155273,37.5699996948242,38.3400001525879,38.3400001525879,532152
2016-04-01,38.1399993896484,38.560001373291,36.6300010681152,36.7900009155273,36.7900009155273,547190
2016-04-04,36.6100006103516,37.2099990844727,35.4599990844727,35.7000007629395,35.7000007629395,549477
2016-04-05,35.5,36.5800018310547,35.2400016784668,35.8899993896484,35.8899993896484,485543
2016-04-06,36.5200004577637,37.9000015258789,36.4300003051758,37.75,37.75,751048
2016-04-07,37.7599983215332,38.2999992370605,36.689998626709,37.2599983215332,37.2599983215332,626749
2016-04-08,37.5200004577637,39.8400001525879,37.4500007629395,39.7200012207031,39.7200012207031,817230
2016-04-11,39.7200012207031,40.75,39.25,40.3600006103516,40.3600006103516,679351
2016-04-12,40.3499984741211,42.25,40.0900001525879,42.1699981689453,42.1699981689453,796837
2016-04-13,41.6300010681152,42.4199981689453,41.2400016784668,41.7599983215332,41.7599983215332,730437
2016-04-14,41.5400009155273,42.1599998474121,40.8400001525879,41.5,41.5,488614
2016-04-15,41.4300003051758,41.7299995422363,39.9799995422363,40.3600006103516,40.3600006103516,520146
2016-04-18,38.75,40.2400016784668,37.6100006103516,39.7799987792969,39.7799987792969,342463
2016-04-19,40.0400009155273,41.5299987792969,39.5800018310547,41.0800018310547,41.0800018310547,101734
2016-04-20,40.7999992370605,42.9099998474121,39.8499984741211,42.6300010681152,42.6300010681152,796240
2016-04-21,43.9700012207031,44.4900016784668,43.0499992370605,43.1800003051758,43.1800003051758,671103
2016-04-22,43.4199981689453,44.4500007629395,43.1100006103516,43.7299995422363,43.7299995422363,575107
2016-04-25,43.75,44.0400009155273,42.5800018310547,42.6399993896484,42.6399993896484,606383
2016-04-26,42.9599990844727,44.8300018310547,42.5,44.0400009155273,44.0400009155273,564392
2016-04-27,44.6399993896484,45.6199989318848,43.7700004577637,45.3300018310547,45.3300018310547,648028
2016-04-28,45.2999992370605,46.1399993896484,44.939998626709,46.0299987792969,46.0299987792969,487412
2016-04-29,45.9000015258789,46.7799987792969,45.2400016784668,45.9199981689453,45.9199981689453,598439
2016-05-02,45.9000015258789,46.1500015258789,44.5400009155273,44.7799987792969,44.7799987792969,464027
2016-05-03,44.9199981689453,45.3499984741211,43.3199996948242,43.6500015258789,43.6500015258789,625551
2016-05-04,43.8499984741211,44.8800010681152,43.2200012207031,43.7799987792969,43.7799987792969,711125
2016-05-05,44.0400009155273,46.0699996948242,43.9599990844727,44.3199996948242,44.3199996948242,746159
2016-05-06,44.5200004577637,45.3400001525879,43.5400009155273,44.6599998474121,44.6599998474121,695306
2016-05-09,45,45.939998626709,43.2400016784668,43.439998626709,43.439998626709,767568
2016-05-10,43.25,44.7900009155273,43.0299987792969,44.6599998474121,44.6599998474121,709415
2016-05-11,44.5999984741211,46.3600006103516,43.9599990844727,46.2299995422363,46.2299995422363,869957
2016-05-12,46,47.0200004577637,45.6100006103516,46.7000007629395,46.7000007629395,715102
2016-05-13,46.4099998474121,46.4900016784668,45.75,46.2099990844727,46.2099990844727,519363
2016-05-16,46.2799987792969,47.9799995422363,46.1500015258789,47.7200012207031,47.7200012207031,550863
2016-05-17,47.9000015258789,48.7599983215332,47.5299987792969,48.310001373291,48.310001373291,470440
2016-05-18,48.5299987792969,48.9500007629395,47.75,48.189998626709,48.189998626709,343184
2016-05-19,47.8699989318848,48.2799987792969,46.7299995422363,48.1599998474121,48.1599998474121,108816
2016-05-20,48.2000007629395,48.7900009155273,47.439998626709,47.75,47.75,538047
2016-05-23,48.4599990844727,48.5,47.4000015258789,48.0800018310547,48.0800018310547,475453
2016-05-24,48.0800018310547,49.2700004577637,47.6399993896484,48.6199989318848,48.6199989318848,475965
2016-05-25,49.0900001525879,49.75,48.6500015258789,49.560001373291,49.560001373291,550501
2016-05-26,49.7000007629395,50.2099990844727,49.2200012207031,49.4799995422363,49.4799995422363,488465
2016-05-27,49.310001373291,49.5999984741211,48.689998626709,49.3300018310547,49.3300018310547,406386
2016-05-31,49.5400009155273,50.0999984741211,48.810001373291,49.0999984741211,49.0999984741211,476988
2016-06-01,48.8199996948242,49.25,47.75,49.0099983215332,49.0099983215332,568839
2016-06-02,48.9000015258789,49.4700012207031,47.9700012207031,49.1699981689453,49.1699981689453,564846
2016-06-03,49.0400009155273,49.4099998474121,48.3300018310547,48.6199989318848,48.6199989318848,481034
2016-06-06,48.8800010681152,49.9000015258789,48.7099990844727,49.689998626709,49.689998626709,450472
2016-06-07,49.7099990844727,50.5299987792969,49.439998626709,50.3600006103516,50.3600006103516,542254
2016-06-08,50.4099998474121,51.6199989318848,50.3199996948242,51.2299995422363,51.2299995422363,656416
2016-06-09,51.4500007629395,51.6699981689453,50.2299995422363,50.560001373291,50.560001373291,560723
2016-06-10,50.4700012207031,50.7299995422363,48.7999992370605,49.0699996948242,49.0699996948242,596119
2016-06-13,48.8499984741211,49.2799987792969,48.1599998474121,48.8800010681152,48.8800010681152,506036
2016-06-14,48.5200004577637,48.689998626709,47.8400001525879,48.4900016784668,48.4900016784668,456144
2016-06-15,47.9000015258789,48.7200012207031,47.2799987792969,48.0099983215332,48.0099983215332,527870
2016-06-16,47.4500007629395,47.75,45.9099998474121,46.2099990844727,46.2099990844727,507910
2016-06-17,45.9900016784668,48.2900009155273,45.8300018310547,47.9799995422363,47.9799995422363,226653
2016-06-20,48.2900009155273,49.4199981689453,48.1399993896484,49.3699989318848,49.3699989318848,98293
2016-06-21,49.1399993896484,49.3199996948242,48.1599998474121,48.8499984741211,48.8499984741211,475407
2016-06-22,50.2200012207031,50.5400009155273,48.4000015258789,49.1300010681152,49.1300010681152,569939
2016-06-23,49.0800018310547,50.2299995422363,49.0800018310547,50.1100006103516,50.1100006103516,401885
2016-06-24,50.2999992370605,50.4500007629395,46.7000007629395,47.6399993896484,47.6399993896484,649446
2016-06-27,47.810001373291,47.9599990844727,45.8300018310547,46.3300018310547,46.3300018310547,504613
2016-06-28,46.5900001525879,48.1800003051758,46.5400009155273,47.8499984741211,47.8499984741211,498851
2016-06-29,48.060001373291,50,47.9799995422363,49.8800010681152,49.8800010681152,511476
2016-06-30,49.5499992370605,49.6199989318848,48.1699981689453,48.3300018310547,48.3300018310547,508736
2016-07-01,48.3800010681152,49.2999992370605,47.9000015258789,48.9900016784668,48.9900016784668,405187
2016-07-05,49.1100006103516,49.3499984741211,46.3300018310547,46.5999984741211,46.5999984741211,609194
2016-07-06,46.8300018310547,47.9500007629395,45.9199981689453,47.4300003051758,47.4300003051758,607663
2016-07-07,47.8800010681152,48.25,44.8699989318848,45.1399993896484,45.1399993896484,710893
2016-07-08,45.189998626709,45.9700012207031,44.7700004577637,45.4099998474121,45.4099998474121,583078
2016-07-11,45.0699996948242,45.7700004577637,44.4199981689453,44.7599983215332,44.7599983215332,533657
2016-07-12,44.5800018310547,46.9300003051758,44.5099983215332,46.7999992370605,46.7999992370605,658257
2016-07-13,46.5800018310547,46.7099990844727,44.560001373291,44.75,44.75,686245
2016-07-14,45.1399993896484,45.7999992370605,44.9500007629395,45.6800003051758,45.6800003051758,573761
2016-07-15,45.5200004577637,46.3300018310547,45.0499992370605,45.9500007629395,45.9500007629395,430256
2016-07-18,46.1199989318848,46.1399993896484,44.8600006103516,45.2400016784668,45.2400016784668,211393
2016-07-19,45.2299995422363,45.6699981689453,44.5299987792969,44.6500015258789,44.6500015258789,128127
2016-07-20,44.5900001525879,45.25,43.689998626709,44.939998626709,44.939998626709,541014
2016-07-21,45.6500015258789,46.0900001525879,44.5200004577637,44.75,44.75,432972
2016-07-22,44.5999984741211,44.9700012207031,43.7400016784668,44.189998626709,44.189998626709,428407
2016-07-25,44.2000007629395,44.3699989318848,42.9700012207031,43.1300010681152,43.1300010681152,389837
2016-07-26,43.0699996948242,43.3899993896484,42.3600006103516,42.9199981689453,42.9199981689453,461324
2016-07-27,42.6599998474121,43.2000007629395,41.6800003051758,41.9199981689453,41.9199981689453,537390
2016-07-28,41.9300003051758,42.2200012207031,41.0400009155273,41.1399993896484,41.1399993896484,447913
2016-07-29,41.1199989318848,41.6699981689453,40.5699996948242,41.5999984741211,41.5999984741211,478763
2016-08-01,41.3499984741211,41.8800010681152,39.8199996948242,40.060001373291,40.060001373291,533020
2016-08-02,40.0800018310547,40.9099998474121,39.2599983215332,39.5099983215332,39.5099983215332,534512
2016-08-03,39.7000007629395,41.2000007629395,39.189998626709,40.8300018310547,40.8300018310547,655186
2016-08-04,41.1599998474121,42.0800018310547,40.4300003051758,41.9300003051758,41.9300003051758,598836
2016-08-05,41.8400001525879,42.0999984741211,41.060001373291,41.7999992370605,41.7999992370605,550189
2016-08-08,41.9900016784668,43.3899993896484,41.810001373291,43.0200004577637,43.0200004577637,562530
2016-08-09,42.8300018310547,43.5200004577637,42.4700012207031,42.7700004577637,42.7700004577637,624703
2016-08-10,42.7400016784668,43.3899993896484,41.4199981689453,41.7099990844727,41.7099990844727,676148
2016-08-11,41.4799995422363,43.8600006103516,41.0999984741211,43.4900016784668,43.4900016784668,682235
2016-08-12,43.4599990844727,44.7799987792969,43.310001373291,44.4900016784668,44.4900016784668,536081
2016-08-15,44.7400016784668,45.9300003051758,44.3800010681152,45.7400016784668,45.7400016784668,522526
2016-08-16,45.5900001525879,46.7299995422363,45.3400001525879,46.5800018310547,46.5800018310547,550440
2016-08-17,46.3699989318848,46.9500007629395,45.8400001525879,46.7900009155273,46.7900009155273,563354
2016-08-18,46.9000015258789,48.3800010681152,46.6300010681152,48.2200012207031,48.2200012207031,229277
2016-08-19,48.3300018310547,48.75,47.9300003051758,48.5200004577637,48.5200004577637,162438
2016-08-22,48.4000015258789,48.4000015258789,46.75,47.0499992370605,47.0499992370605,515256
2016-08-23,47.3899993896484,48.3199996948242,46.5900001525879,48.0999984741211,48.0999984741211,623904
2016-08-24,47.5900001525879,47.7400016784668,46.4500007629395,46.7700004577637,46.7700004577637,603495
2016-08-25,46.7999992370605,47.4599990844727,46.4199981689453,47.3300018310547,47.3300018310547,458816
2016-08-26,47.3699989318848,48.4599990844727,46.939998626709,47.6399993896484,47.6399993896484,558344
2016-08-29,47.2200012207031,47.2799987792969,46.6199989318848,46.9799995422363,46.9799995422363,309254
2016-08-30,46.9799995422363,47.4900016784668,46.2099990844727,46.3499984741211,46.3499984741211,464449
2016-08-31,46.2400016784668,46.4099998474121,44.5099983215332,44.7000007629395,44.7000007629395,549007
2016-09-01,44.8499984741211,45.0800018310547,43,43.1599998474121,43.1599998474121,605003
2016-09-02,43.5499992370605,44.6699981689453,43.1599998474121,44.439998626709,44.439998626709,576915
2016-09-06,44.1500015258789,46.5299987792969,43.8400001525879,44.8300018310547,44.8300018310547,932145
2016-09-07,44.8499984741211,46.1699981689453,44.5499992370605,45.5,45.5,572884
2016-09-08,46.1199989318848,47.75,45.7700004577637,47.6199989318848,47.6199989318848,761943
2016-09-09,47.3600006103516,47.3600006103516,45.560001373291,45.8800010681152,45.8800010681152,688191
2016-09-12,45.5699996948242,46.5099983215332,44.7200012207031,46.2900009155273,46.2900009155273,745016
2016-09-13,46.060001373291,46.1300010681152,44.7700004577637,44.9000015258789,44.9000015258789,657775
2016-09-14,45,45.3300018310547,43.4199981689453,43.5800018310547,43.5800018310547,705861
2016-09-15,43.7000007629395,44.3400001525879,43.2599983215332,43.9099998474121,43.9099998474121,537185
2016-09-16,43.7099990844727,43.75,42.7400016784668,43.0299987792969,43.0299987792969,231191
2016-09-19,43.1800003051758,44.1500015258789,43.1199989318848,43.2999992370605,43.2999992370605,129857
2016-09-20,43.1300010681152,44.0499992370605,42.5499992370605,43.439998626709,43.439998626709,694130
2016-09-21,44.5,45.6500015258789,44.5,45.3400001525879,45.3400001525879,585987
2016-09-22,45.6199989318848,46.5200004577637,45.5200004577637,46.3199996948242,46.3199996948242,521680
2016-09-23,46.0699996948242,46.5499992370605,44.2200012207031,44.4799995422363,44.4799995422363,718395
2016-09-26,44.6199989318848,46.2000007629395,44.4300003051758,45.9300003051758,45.9300003051758,527119
2016-09-27,45.6199989318848,45.9599990844727,44.189998626709,44.6699981689453,44.6699981689453,630757
2016-09-28,44.9599990844727,47.4500007629395,44.3499984741211,47.0499992370605,47.0499992370605,1008434
2016-09-29,47.2000007629395,48.3199996948242,46.5999984741211,47.8300018310547,47.8300018310547,702649
2016-09-30,47.7599983215332,48.2999992370605,47.0400009155273,48.2400016784668,48.2400016784668,496515
2016-10-03,48.0400009155273,49.0200004577637,47.7799987792969,48.810001373291,48.810001373291,458021
2016-10-04,48.6500015258789,49.2599983215332,48.2599983215332,48.689998626709,48.689998626709,513710
2016-10-05,49.2599983215332,49.9700012207031,49.0999984741211,49.8300018310547,49.8300018310547,520070
2016-10-06,49.6500015258789,50.6300010681152,49.3300018310547,50.439998626709,50.439998626709,547915
2016-10-07,50.5900001525879,50.7400016784668,49.4000015258789,49.810001373291,49.810001373291,618809
2016-10-11,51.0999984741211,51.5400009155273,50.3899993896484,50.7900009155273,50.7900009155273,765608
2016-10-12,50.8400001525879,51.1699981689453,49.8899993896484,50.1800003051758,50.1800003051758,533884
2016-10-13,50,50.5900001525879,49.3600006103516,50.439998626709,50.439998626709,740676
2016-10-14,50.5800018310547,51.1399993896484,49.9000015258789,50.3499984741211,50.3499984741211,519431
2016-10-17,50.2299995422363,50.5800018310547,49.4700012207031,49.939998626709,49.939998626709,418723
2016-10-18,50.0400009155273,50.7799987792969,49.7599983215332,50.2900009155273,50.2900009155273,192803
2016-10-19,50.7700004577637,51.9300003051758,50.689998626709,51.5999984741211,51.5999984741211,132427
2016-10-20,51.4000015258789,51.5800018310547,50.25,50.4300003051758,50.4300003051758,548947
2016-10-21,50.6599998474121,51.0200004577637,50.2099990844727,50.8499984741211,50.8499984741211,551300
2016-10-24,50.8499984741211,50.9799995422363,49.6199989318848,50.5200004577637,50.5200004577637,623398
2016-10-25,50.4900016784668,50.9300003051758,49.2700004577637,49.9599990844727,49.9599990844727,553778
2016-10-26,49.310001373291,50.0999984741211,48.8699989318848,49.1800003051758,49.1800003051758,679320
2016-10-27,49.2200012207031,50.060001373291,49,49.7200012207031,49.7200012207031,543173
2016-10-28,49.6100006103516,49.810001373291,48.4199981689453,48.7000007629395,48.7000007629395,550081
2016-10-31,48.25,48.7400016784668,46.6300010681152,46.8600006103516,46.8600006103516,649237
2016-11-01,46.7700004577637,47.3499984741211,46.2000007629395,46.6699981689453,46.6699981689453,834989
2016-11-02,46.3199996948242,46.4700012207031,44.9599990844727,45.3400001525879,45.3400001525879,674322
2016-11-03,45.4799995422363,45.9000015258789,44.3699989318848,44.6599998474121,44.6599998474121,540439
2016-11-04,44.6300010681152,44.8699989318848,43.5699996948242,44.0699996948242,44.0699996948242,736685
2016-11-07,44.4500007629395,45.0099983215332,44.1100006103516,44.8899993896484,44.8899993896484,605733
2016-11-08,44.9700012207031,45.3899993896484,44.4099998474121,44.9799995422363,44.9799995422363,669639
2016-11-09,44.8199996948242,45.9500007629395,43.0699996948242,45.2700004577637,45.2700004577637,946512
2016-11-10,45.310001373291,45.6399993896484,44.25,44.6599998474121,44.6599998474121,686338
2016-11-14,43.2000007629395,43.810001373291,42.2000007629395,43.3199996948242,43.3199996948242,704766
2016-11-15,43.7599983215332,46.0900001525879,43.5499992370605,45.810001373291,45.810001373291,706177
2016-11-16,45.7700004577637,46.4099998474121,45.0299987792969,45.5699996948242,45.5699996948242,658169
2016-11-17,45.3699989318848,46.5800018310547,44.8800010681152,45.4199981689453,45.4199981689453,284874
2016-11-18,44.9300003051758,45.7700004577637,44.5499992370605,45.689998626709,45.689998626709,155651
2016-11-21,45.8300018310547,47.7999992370605,45.7700004577637,47.4900016784668,47.4900016784668,665326
2016-11-22,48.3699989318848,49.2000007629395,47.1699981689453,48.0299987792969,48.0299987792969,826208
2016-11-23,47.939998626709,48.4300003051758,47.4000015258789,47.9599990844727,47.9599990844727,556861
2016-11-25,47.9700012207031,48.2599983215332,45.8800010681152,46.060001373291,46.060001373291,465977
2016-11-28,45.4300003051758,47.6500015258789,45.1399993896484,47.0800018310547,47.0800018310547,734381
2016-11-29,46.8800010681152,46.9799995422363,44.8199996948242,45.2299995422363,45.2299995422363,732818
2016-11-30,45.2400016784668,49.9000015258789,45.2200012207031,49.439998626709,49.439998626709,1311000
2016-12-01,49.0699996948242,51.7999992370605,48.9799995422363,51.060001373291,51.060001373291,974805
2016-12-02,51.0099983215332,51.7299995422363,50.1800003051758,51.6800003051758,51.6800003051758,667099
2016-12-05,51.4599990844727,52.4199981689453,50.9300003051758,51.7900009155273,51.7900009155273,600782
2016-12-06,50.9700012207031,51.5999984741211,50.2799987792969,50.9300003051758,50.9300003051758,642746
2016-12-07,50.9300003051758,51.2000007629395,49.7200012207031,49.7700004577637,49.7700004577637,816879
2016-12-08,49.8800010681152,50.9799995422363,49.6100006103516,50.8400001525879,50.8400001525879,780062
2016-12-09,50.9199981689453,51.6599998474121,50.8600006103516,51.5,51.5,652040
2016-12-12,52.5800018310547,54.5099983215332,52.1800003051758,52.8300018310547,52.8300018310547,847025
2016-12-13,52.5099983215332,53.4099998474121,52.3499984741211,52.9799995422363,52.9799995422363,638396
2016-12-14,52.4500007629395,52.7799987792969,50.6699981689453,51.0400009155273,51.0400009155273,677957
2016-12-15,50.7900009155273,51.4799995422363,49.9500007629395,50.9000015258789,50.9000015258789,551759
2016-12-16,51.0999984741211,52.0800018310547,50.5,51.9000015258789,51.9000015258789,252567
2016-12-19,52.1500015258789,52.5200004577637,51.5099983215332,52.1199989318848,52.1199989318848,129990
2016-12-20,52.1100006103516,52.7000007629395,51.8499984741211,52.2299995422363,52.2299995422363,416592
2016-12-21,53.560001373291,53.7900009155273,52.3199996948242,52.4900016784668,52.4900016784668,471993
2016-12-22,52.5200004577637,53.189998626709,52.0800018310547,52.9500007629395,52.9500007629395,393487
2016-12-23,52.6800003051758,53.2799987792969,52.2599983215332,53.0200004577637,53.0200004577637,285166
2016-12-27,53.2900009155273,54.0999984741211,53.0299987792969,53.9000015258789,53.9000015258789,277306
2016-12-28,53.9300003051758,54.3699989318848,53.560001373291,54.060001373291,54.060001373291,322535
2016-12-29,53.6599998474121,54.2099990844727,53.4599990844727,53.7700004577637,53.7700004577637,360194
2016-12-30,53.8699989318848,54.0900001525879,53.4099998474121,53.7200012207031,53.7200012207031,271094
2017-01-03,54.2000007629395,55.2400016784668,52.1100006103516,52.3300018310547,52.3300018310547,727793
2017-01-04,52.4900016784668,53.4300003051758,52.1500015258789,53.2599983215332,53.2599983215332,512641
2017-01-05,53.3899993896484,54.1199989318848,52.7900009155273,53.7599983215332,53.7599983215332,517362
2017-01-06,53.7299995422363,54.3199996948242,53.3199996948242,53.9900016784668,53.9900016784668,528333
2017-01-09,53.75,53.8300018310547,51.7599983215332,51.9599990844727,51.9599990844727,564893
2017-01-10,51.8300018310547,52.3699989318848,50.7099990844727,50.8199996948242,50.8199996948242,632573
2017-01-11,50.810001373291,52.7799987792969,50.75,52.25,52.25,815846
2017-01-12,52.3699989318848,53.5,52.1199989318848,53.0099983215332,53.0099983215332,660703
2017-01-13,53.0499992370605,53.1699981689453,52.2700004577637,52.3699989318848,52.3699989318848,477986
2017-01-17,52.5499992370605,53.5200004577637,52.1199989318848,52.4799995422363,52.4799995422363,606023
2017-01-18,52.5200004577637,52.7900009155273,50.9099998474121,51.0800018310547,51.0800018310547,236238
2017-01-19,51.3899993896484,51.8699989318848,51.0200004577637,51.3699989318848,51.3699989318848,122593
2017-01-20,51.4500007629395,52.9000015258789,51.3899993896484,52.4199981689453,52.4199981689453,567231
2017-01-23,53.3300018310547,53.4700012207031,52.2099990844727,52.75,52.75,455333
2017-01-24,52.8600006103516,53.560001373291,52.6699981689453,53.1800003051758,53.1800003051758,520285
2017-01-25,52.9500007629395,53.4700012207031,52.560001373291,52.75,52.75,589709
2017-01-26,52.9599990844727,54.060001373291,52.7900009155273,53.7799987792969,53.7799987792969,578065
2017-01-27,53.7400016784668,54.0800018310547,52.5800018310547,53.1699981689453,53.1699981689453,495556
2017-01-30,53.1500015258789,53.4599990844727,52.4099998474121,52.6300010681152,52.6300010681152,486309
2017-01-31,52.5999984741211,53.560001373291,52.2400016784668,52.810001373291,52.810001373291,586676
2017-02-01,52.7599983215332,53.9099998474121,52.6399993896484,53.8800010681152,53.8800010681152,577243
2017-02-02,53.5699996948242,54.3400001525879,53.3499984741211,53.5400009155273,53.5400009155273,492553
2017-02-03,53.6800003051758,54.2200012207031,53.4000015258789,53.8300018310547,53.8300018310547,462616
2017-02-06,53.810001373291,54.1300010681152,52.9099998474121,53.0099983215332,53.0099983215332,425085
2017-02-07,53.1399993896484,53.2400016784668,51.6300010681152,52.1699981689453,52.1699981689453,624057
2017-02-08,51.6399993896484,52.6699981689453,51.2200012207031,52.3400001525879,52.3400001525879,767379
2017-02-09,52.3699989318848,53.2099990844727,52.3699989318848,53,53,610196
2017-02-10,53.1500015258789,54.1300010681152,52.9000015258789,53.8600006103516,53.8600006103516,596449
2017-02-13,53.7999992370605,53.9500007629395,52.7700004577637,52.9300003051758,52.9300003051758,586034
2017-02-14,52.9099998474121,53.7200012207031,52.8600006103516,53.2000007629395,53.2000007629395,493022
2017-02-15,53,53.5099983215332,52.7299995422363,53.1100006103516,53.1100006103516,463638
2017-02-16,53.0099983215332,53.5900001525879,52.6800003051758,53.3600006103516,53.3600006103516,343363
2017-02-17,53.4700012207031,53.5200004577637,52.8800010681152,53.4000015258789,53.4000015258789,195352
2017-02-21,53.4799995422363,54.6800003051758,53.3499984741211,54.060001373291,54.060001373291,665310
2017-02-22,54.2599983215332,54.5999984741211,53.3499984741211,53.5900001525879,53.5900001525879,499480
2017-02-23,53.9099998474121,54.939998626709,53.8699989318848,54.4500007629395,54.4500007629395,529880
2017-02-24,54.3300018310547,54.5099983215332,53.7599983215332,53.9900016784668,53.9900016784668,395258
2017-02-27,54.0200004577637,54.6100006103516,53.939998626709,54.0499992370605,54.0499992370605,394380
2017-02-28,54.0400009155273,54.2299995422363,53.1800003051758,54.0099983215332,54.0099983215332,593909
2017-03-01,53.9500007629395,54.439998626709,53.6300010681152,53.8300018310547,53.8300018310547,491289
2017-03-02,53.689998626709,53.7999992370605,52.5400009155273,52.6100006103516,52.6100006103516,638390
2017-03-03,52.5800018310547,53.3899993896484,52.5499992370605,53.3300018310547,53.3300018310547,436360
2017-03-06,53.189998626709,53.560001373291,52.7599983215332,53.2000007629395,53.2000007629395,503692
2017-03-07,53.1699981689453,53.7999992370605,52.7099990844727,53.1399993896484,53.1399993896484,494677
2017-03-08,52.7900009155273,52.9199981689453,50.0499992370605,50.2799987792969,50.2799987792969,963392
2017-03-09,50.2200012207031,50.8400001525879,48.5900001525879,49.2799987792969,49.2799987792969,1073506
2017-03-10,49.6100006103516,50.1100006103516,48.310001373291,48.4900016784668,48.4900016784668,796960
2017-03-13,48.4500007629395,48.6800003051758,47.9000015258789,48.4000015258789,48.4000015258789,601362
2017-03-14,48.4500007629395,48.7900009155273,47.0900001525879,47.7200012207031,47.7200012207031,857711
2017-03-15,48.7599983215332,49.0400009155273,48.1599998474121,48.8600006103516,48.8600006103516,655788
2017-03-16,49.0099983215332,49.6199989318848,48.4500007629395,48.75,48.75,516853
2017-03-17,48.7900009155273,49.2000007629395,48.5999984741211,48.7799987792969,48.7799987792969,172340
2017-03-20,48.7000007629395,48.7400016784668,47.8400001525879,48.2200012207031,48.2200012207031,142258
2017-03-21,47.9300003051758,48.7299995422363,47.2299995422363,47.3400001525879,47.3400001525879,628119
2017-03-22,48.1599998474121,48.3199996948242,47.0099983215332,48.0400009155273,48.0400009155273,680849
2017-03-23,48.1500015258789,48.4799995422363,47.5800018310547,47.7000007629395,47.7000007629395,499878
2017-03-24,47.6699981689453,48.2000007629395,47.5400009155273,47.9700012207031,47.9700012207031,421027
2017-03-27,48.1199989318848,48.2799987792969,47.0800018310547,47.7299995422363,47.7299995422363,466176
2017-03-28,47.8899993896484,48.7400016784668,47.7999992370605,48.3699989318848,48.3699989318848,502377
2017-03-29,48.4700012207031,49.6300010681152,48.3800010681152,49.5099983215332,49.5099983215332,548615
2017-03-30,49.5999984741211,50.4700012207031,49.2700004577637,50.3499984741211,50.3499984741211,580668
2017-03-31,50.3199996948242,50.8499984741211,49.9000015258789,50.5999984741211,50.5999984741211,527607
2017-04-03,50.689998626709,50.8300018310547,50.1199989318848,50.2400016784668,50.2400016784668,440724
2017-04-04,50.2400016784668,51.2999992370605,49.8800010681152,51.0299987792969,51.0299987792969,532054
2017-04-05,51.1800003051758,51.8800010681152,50.7400016784668,51.1500015258789,51.1500015258789,651398
2017-04-06,50.7999992370605,51.8199996948242,50.7700004577637,51.7000007629395,51.7000007629395,473019
2017-04-07,51.7000007629395,52.939998626709,51.4900016784668,52.2400016784668,52.2400016784668,796437
2017-04-10,52.310001373291,53.1800003051758,52.2900009155273,53.0800018310547,53.0800018310547,565439
2017-04-11,53.1300010681152,53.4500007629395,52.7000007629395,53.4000015258789,53.4000015258789,598003
2017-04-12,53.4000015258789,53.7599983215332,52.7099990844727,53.1100006103516,53.1100006103516,629805
2017-04-13,52.8499984741211,53.3899993896484,52.8199996948242,53.1800003051758,53.1800003051758,480835
2017-04-17,52.9700012207031,53.2099990844727,52.5499992370605,52.6500015258789,52.6500015258789,326340
2017-04-18,52.75,52.8499984741211,52.0999984741211,52.4099998474121,52.4099998474121,202043
2017-04-19,52.3600006103516,52.6500015258789,50.0900001525879,50.439998626709,50.439998626709,133173
2017-04-20,50.6300010681152,50.9700012207031,50.1800003051758,50.2700004577637,50.2700004577637,606263
2017-04-21,50.7099990844727,50.9300003051758,49.2000007629395,49.6199989318848,49.6199989318848,687474
2017-04-24,49.6800003051758,50.2200012207031,49.0299987792969,49.2299995422363,49.2299995422363,517897
2017-04-25,49.2200012207031,49.8300018310547,48.8699989318848,49.560001373291,49.560001373291,587240
2017-04-26,49.3600006103516,50.2000007629395,48.939998626709,49.6199989318848,49.6199989318848,655717
2017-04-27,49.2200012207031,49.4300003051758,48.2000007629395,48.9700012207031,48.9700012207031,771189
2017-04-28,49.2700004577637,49.7599983215332,48.7999992370605,49.3300018310547,49.3300018310547,633992
2017-05-01,49.1699981689453,49.3199996948242,48.5900001525879,48.8400001525879,48.8400001525879,364386
2017-05-02,48.7799987792969,49.2799987792969,47.3499984741211,47.6599998474121,47.6599998474121,702375
2017-05-03,48.1199989318848,48.2299995422363,47.2999992370605,47.8199996948242,47.8199996948242,691319
2017-05-04,47.5999984741211,47.75,45.2900009155273,45.5200004577637,45.5200004577637,943959
2017-05-05,45.5099983215332,46.6800003051758,43.7599983215332,46.2200012207031,46.2200012207031,1021610
2017-05-08,46.3499984741211,46.9799995422363,45.7299995422363,46.4300003051758,46.4300003051758,785055
2017-05-09,46.4900016784668,46.7799987792969,45.5299987792969,45.8800010681152,45.8800010681152,701944
2017-05-10,46.1800003051758,47.7799987792969,46.0099983215332,47.3300018310547,47.3300018310547,819796
2017-05-11,47.3899993896484,48.2200012207031,47.3400001525879,47.8300018310547,47.8300018310547,661783
2017-05-12,47.810001373291,48.0699996948242,47.3499984741211,47.8400001525879,47.8400001525879,537490
2017-05-15,47.8499984741211,49.6599998474121,47.75,48.8499984741211,48.8499984741211,687153
2017-05-16,48.8199996948242,49.3800010681152,48.1699981689453,48.6599998474121,48.6599998474121,589212
2017-05-17,48.2299995422363,49.5,48.0299987792969,49.0699996948242,49.0699996948242,650107
2017-05-18,48.9300003051758,49.5999984741211,48.0499992370605,49.3499984741211,49.3499984741211,242754
2017-05-19,49.2799987792969,50.5299987792969,49.2799987792969,50.3300018310547,50.3300018310547,146452
2017-05-22,50.5999984741211,51.060001373291,50.439998626709,50.7299995422363,50.7299995422363,564310
2017-05-23,51.0400009155273,51.7900009155273,50.5699996948242,51.4700012207031,51.4700012207031,584139
2017-05-24,51.439998626709,51.8800010681152,51.0299987792969,51.3600006103516,51.3600006103516,736341
2017-05-25,51.25,52,48.4500007629395,48.9000015258789,48.9000015258789,1147389
2017-05-26,48.75,49.939998626709,48.1800003051758,49.7999992370605,49.7999992370605,763920
2017-05-30,49.9300003051758,50.2799987792969,49.0299987792969,49.6599998474121,49.6599998474121,663486
2017-05-31,49.6500015258789,49.7099990844727,47.7299995422363,48.3199996948242,48.3199996948242,779144
2017-06-01,48.6300010681152,49.1699981689453,47.9000015258789,48.3600006103516,48.3600006103516,774478
2017-06-02,48.0400009155273,48.189998626709,46.7400016784668,47.6599998474121,47.6599998474121,802662
2017-06-05,47.7099990844727,48.4199981689453,46.8600006103516,47.4000015258789,47.4000015258789,710199
2017-06-06,47.4000015258789,48.4000015258789,46.939998626709,48.189998626709,48.189998626709,825056
2017-06-07,47.9799995422363,48.2299995422363,45.6500015258789,45.7200012207031,45.7200012207031,1182327
2017-06-08,45.8499984741211,46.1800003051758,45.2000007629395,45.6399993896484,45.6399993896484,927695
2017-06-09,45.7099990844727,46.1800003051758,45.2700004577637,45.8300018310547,45.8300018310547,735933
2017-06-12,45.7999992370605,46.7099990844727,45.6599998474121,46.0800018310547,46.0800018310547,666765
2017-06-13,46.0099983215332,46.5699996948242,45.560001373291,46.4599990844727,46.4599990844727,783320
2017-06-14,45.939998626709,46.4900016784668,44.5400009155273,44.7299995422363,44.7299995422363,924408
2017-06-15,44.689998626709,44.810001373291,44.2200012207031,44.4599990844727,44.4599990844727,500938
2017-06-16,44.25,44.939998626709,44.2400016784668,44.7400016784668,44.7400016784668,191824
2017-06-19,44.6800003051758,45.060001373291,44.0499992370605,44.2000007629395,44.2000007629395,123943
2017-06-20,44.1100006103516,44.4000015258789,42.75,43.2299995422363,43.2299995422363,894104
2017-06-21,43.3800010681152,44.2000007629395,42.0499992370605,42.5299987792969,42.5299987792969,1071747
2017-06-22,42.5499992370605,43.3199996948242,42.2599983215332,42.7400016784668,42.7400016784668,668830
2017-06-23,42.7999992370605,43.2000007629395,42.5299987792969,43.0099983215332,43.0099983215332,690906
2017-06-26,43.1599998474121,43.6500015258789,42.6300010681152,43.3800010681152,43.3800010681152,661354
2017-06-27,43.4900016784668,44.439998626709,43.3199996948242,44.2400016784668,44.2400016784668,759115
2017-06-28,43.7000007629395,44.9000015258789,43.6699981689453,44.7400016784668,44.7400016784668,753375
2017-06-29,44.8899993896484,45.4500007629395,44.6500015258789,44.9300003051758,44.9300003051758,768946
2017-06-30,44.8899993896484,46.3499984741211,44.8800010681152,46.0400009155273,46.0400009155273,677408
2017-07-03,46.2799987792969,47.0999984741211,45.9199981689453,47.0699996948242,47.0699996948242,517621
2017-07-05,47.0400009155273,47.3199996948242,44.5099983215332,45.1300010681152,45.1300010681152,1173581
2017-07-06,45.6500015258789,46.5299987792969,45.1800003051758,45.5200004577637,45.5200004577637,969676
2017-07-07,45.3499984741211,45.4199981689453,43.7799987792969,44.2299995422363,44.2299995422363,975914
2017-07-10,44.3499984741211,44.8400001525879,43.6500015258789,44.4000015258789,44.4000015258789,848570
2017-07-11,44.5800018310547,45.810001373291,43.8300018310547,45.0400009155273,45.0400009155273,1010691
2017-07-12,45.7400016784668,46.4799995422363,45.1100006103516,45.4900016784668,45.4900016784668,963505
2017-07-13,45.439998626709,46.2799987792969,44.9900016784668,46.0800018310547,46.0800018310547,748971
2017-07-14,46.0800018310547,46.7400016784668,45.7999992370605,46.5400009155273,46.5400009155273,742895
2017-07-17,46.6800003051758,46.8800010681152,45.8899993896484,46.0200004577637,46.0200004577637,560633
2017-07-18,45.9900016784668,46.9199981689453,45.810001373291,46.4000015258789,46.4000015258789,208420
2017-07-19,46.25,47.2599983215332,46.1399993896484,47.1199989318848,47.1199989318848,140677
2017-07-20,47.0900001525879,47.5499992370605,46.6599998474121,46.7900009155273,46.7900009155273,720621
2017-07-21,46.9099998474121,47.2099990844727,45.5400009155273,45.7700004577637,45.7700004577637,769438
2017-07-24,45.6199989318848,46.5299987792969,45.4000015258789,46.3400001525879,46.3400001525879,707910
2017-07-25,46.4599990844727,48.6599998474121,46.3800010681152,47.8899993896484,47.8899993896484,885700
2017-07-26,48.5099983215332,48.8699989318848,47.8600006103516,48.75,48.75,887864
2017-07-27,48.7000007629395,49.2400016784668,48.25,49.0400009155273,49.0400009155273,880757
2017-07-28,49.1699981689453,49.810001373291,48.8600006103516,49.7099990844727,49.7099990844727,771225
2017-07-31,49.8499984741211,50.4099998474121,49.1800003051758,50.1699981689453,50.1699981689453,781539
2017-08-01,50.2099990844727,50.4300003051758,48.3699989318848,49.1599998474121,49.1599998474121,1008583
2017-08-02,48.7999992370605,49.6500015258789,48.5499992370605,49.5900001525879,49.5900001525879,847722
2017-08-03,49.5900001525879,49.9599990844727,48.7799987792969,49.0299987792969,49.0299987792969,837763
2017-08-04,48.9500007629395,49.6399993896484,48.5,49.5800018310547,49.5800018310547,745664
2017-08-07,49.5900001525879,49.7299995422363,48.5400009155273,49.3899993896484,49.3899993896484,831374
2017-08-08,49.310001373291,49.7900009155273,48.8600006103516,49.1699981689453,49.1699981689453,924240
2017-08-09,49,49.7200012207031,48.9000015258789,49.560001373291,49.560001373291,858250
2017-08-10,49.6800003051758,50.2200012207031,48.3499984741211,48.5900001525879,48.5900001525879,1135440
2017-08-11,48.5200004577637,48.9799995422363,47.9799995422363,48.8199996948242,48.8199996948242,804237
2017-08-14,48.7900009155273,49.1599998474121,47.4300003051758,47.5900001525879,47.5900001525879,763241
2017-08-15,47.4900016784668,47.9000015258789,47.0200004577637,47.5499992370605,47.5499992370605,770358
2017-08-16,47.7200012207031,47.9900016784668,46.6699981689453,46.7799987792969,46.7799987792969,815544
2017-08-17,46.7999992370605,47.189998626709,46.4599990844727,47.0900001525879,47.0900001525879,608314
2017-08-18,46.9300003051758,48.7400016784668,46.7799987792969,48.5099983215332,48.5099983215332,253069
2017-08-21,48.7200012207031,48.75,47.0299987792969,47.3699989318848,47.3699989318848,129192
2017-08-22,47.4500007629395,48.0299987792969,47.2000007629395,47.6399993896484,47.6399993896484,864387
2017-08-23,47.6399993896484,48.5,47.5299987792969,48.4099998474121,48.4099998474121,701693
2017-08-24,48.3600006103516,48.4300003051758,47.060001373291,47.4300003051758,47.4300003051758,831358
2017-08-25,47.6199989318848,47.9099998474121,47.3899993896484,47.8699989318848,47.8699989318848,646518
2017-08-28,47.8899993896484,48.2000007629395,46.1500015258789,46.5699996948242,46.5699996948242,921285
2017-08-29,46.8600006103516,46.9599990844727,45.7599983215332,46.439998626709,46.439998626709,895643
2017-08-30,46.310001373291,46.7200012207031,45.8400001525879,45.9599990844727,45.9599990844727,895643
2017-08-31,45.9500007629395,47.4700012207031,45.5800018310547,47.2299995422363,47.2299995422363,882983
2017-09-01,47.0800018310547,47.3499984741211,46.560001373291,47.2900009155273,47.2900009155273,915708
2017-09-05,47.2799987792969,48.9799995422363,47.1500015258789,48.6599998474121,48.6599998474121,742808
2017-09-06,48.5900001525879,49.4199981689453,48.5200004577637,49.1599998474121,49.1599998474121,788963
2017-09-07,49.1399993896484,49.3300018310547,48.6300010681152,49.0900001525879,49.0900001525879,702514
2017-09-08,49.0900001525879,49.2599983215332,47.2700004577637,47.4799995422363,47.4799995422363,843760
2017-09-11,47.5800018310547,48.2700004577637,47,48.0699996948242,48.0699996948242,774468
2017-09-12,48.1199989318848,48.439998626709,47.7299995422363,48.2299995422363,48.2299995422363,676040
2017-09-13,48.3400001525879,49.4000015258789,48.1199989318848,49.2999992370605,49.2999992370605,706925
2017-09-14,49.310001373291,50.5,49.1500015258789,49.8899993896484,49.8899993896484,709035
2017-09-15,49.7200012207031,50.1300010681152,49.4099998474121,49.8899993896484,49.8899993896484,433597
2017-09-18,49.8499984741211,50.3300018310547,49.189998626709,49.9099998474121,49.9099998474121,189605
2017-09-19,49.9099998474121,50.4199981689453,49.3300018310547,49.4799995422363,49.4799995422363,143379
2017-09-20,49.8400001525879,50.6500015258789,49.75,50.4099998474121,50.4099998474121,754413
2017-09-21,50.7200012207031,50.810001373291,50.0699996948242,50.5499992370605,50.5499992370605,580569
2017-09-22,50.7299995422363,50.7799987792969,50.2900009155273,50.6599998474121,50.6599998474121,473795
2017-09-25,50.6800003051758,52.2799987792969,50.3899993896484,52.2200012207031,52.2200012207031,701244
2017-09-26,52.1199989318848,52.4300003051758,51.4300003051758,51.8800010681152,51.8800010681152,709515
2017-09-27,52.0900001525879,52.3400001525879,51.6300010681152,52.1399993896484,52.1399993896484,637035
2017-09-28,52.0499992370605,52.8600006103516,51.2200012207031,51.560001373291,51.560001373291,801816
2017-09-29,51.5800018310547,51.7700004577637,51.25,51.6699981689453,51.6699981689453,551982
2017-10-02,51.6399993896484,51.7099990844727,50.0699996948242,50.5800018310547,50.5800018310547,600933
2017-10-03,50.5900001525879,50.7299995422363,50.1399993896484,50.4199981689453,50.4199981689453,462735
2017-10-04,50.1599998474121,50.6699981689453,49.7599983215332,49.9799995422363,49.9799995422363,598836
2017-10-05,49.8800010681152,51.2200012207031,49.8499984741211,50.7900009155273,50.7900009155273,654385
2017-10-06,50.75,50.8199996948242,49.0999984741211,49.2900009155273,49.2900009155273,743114
2017-10-09,49.25,49.7900009155273,49.1300010681152,49.5800018310547,49.5800018310547,505079
2017-10-10,49.5499992370605,51.060001373291,49.5400009155273,50.9199981689453,50.9199981689453,664839
2017-10-11,50.939998626709,51.4199981689453,50.6100006103516,51.2999992370605,51.2999992370605,651948
2017-10-12,51,51.1300010681152,50.1500015258789,50.5999984741211,50.5999984741211,729273
2017-10-13,50.7299995422363,51.7200012207031,50.7000007629395,51.4500007629395,51.4500007629395,667497
2017-10-16,51.4300003051758,52.3699989318848,51.3499984741211,51.8699989318848,51.8699989318848,520725
2017-10-17,51.9300003051758,52.25,51.2099990844727,51.8800010681152,51.8800010681152,471612
2017-10-18,51.939998626709,52.3300018310547,51.689998626709,52.0400009155273,52.0400009155273,152620
2017-10-19,52.0499992370605,52.1699981689453,51.0699996948242,51.2900009155273,51.2900009155273,127413
2017-10-20,51.4199981689453,51.7299995422363,50.7000007629395,51.4700012207031,51.4700012207031,674142
2017-10-23,52.0699996948242,52.2999992370605,51.6800003051758,51.9000015258789,51.9000015258789,583563
2017-10-24,51.8899993896484,52.6199989318848,51.5499992370605,52.4700012207031,52.4700012207031,709553
2017-10-25,52.560001373291,52.5699996948242,51.8899993896484,52.1800003051758,52.1800003051758,681739
2017-10-26,52.189998626709,52.8600006103516,51.9099998474121,52.6399993896484,52.6399993896484,594647
2017-10-27,52.7999992370605,54.2000007629395,52.25,53.9000015258789,53.9000015258789,730915
2017-10-30,54.1599998474121,54.4599990844727,53.75,54.1500015258789,54.1500015258789,565043
2017-10-31,54.0800018310547,54.8499984741211,53.9300003051758,54.3800010681152,54.3800010681152,497295
2017-11-01,54.6500015258789,55.2200012207031,53.8899993896484,54.2999992370605,54.2999992370605,671038
2017-11-02,54.2799987792969,54.8400001525879,53.9900016784668,54.5400009155273,54.5400009155273,482846
2017-11-03,54.7299995422363,55.7599983215332,54.4000015258789,55.6399993896484,55.6399993896484,614159
2017-11-06,55.9700012207031,57.6100006103516,55.6599998474121,57.3499984741211,57.3499984741211,861713
2017-11-07,57.2700004577637,57.689998626709,56.8300018310547,57.2000007629395,57.2000007629395,750187
2017-11-08,56.9599990844727,57.9199981689453,56.4099998474121,56.810001373291,56.810001373291,919147
2017-11-09,56.8499984741211,57.5299987792969,56.689998626709,57.1699981689453,57.1699981689453,666949
2017-11-10,57.0200004577637,57.3499984741211,56.5499992370605,56.7400016784668,56.7400016784668,541296
2017-11-13,56.9000015258789,57.1500015258789,56.2999992370605,56.7599983215332,56.7599983215332,631619
2017-11-14,56.7200012207031,56.7700004577637,54.810001373291,55.7000007629395,55.7000007629395,707338
2017-11-15,55.060001373291,55.560001373291,54.8800010681152,55.3300018310547,55.3300018310547,501385
2017-11-16,55.2999992370605,55.6199989318848,54.9300003051758,55.1399993896484,55.1399993896484,213923
2017-11-17,55.25,56.6800003051758,55.1800003051758,56.5499992370605,56.5499992370605,184944
2017-11-20,56.689998626709,56.7599983215332,55.5699996948242,56.0900001525879,56.0900001525879,593241
2017-11-21,56.3800010681152,57.2200012207031,56.3199996948242,56.8300018310547,56.8300018310547,619066
2017-11-22,57.1199989318848,58.1500015258789,57.0299987792969,58.0200004577637,58.0200004577637,837411
2017-11-24,58.0499992370605,59.0499992370605,57.75,58.9500007629395,58.9500007629395,577826
2017-11-27,58.9500007629395,58.9900016784668,57.5499992370605,58.1100006103516,58.1100006103516,690078
2017-11-28,57.8600006103516,58.1100006103516,57.4199981689453,57.9900016784668,57.9900016784668,546526
2017-11-29,57.7299995422363,58.2999992370605,56.75,57.2999992370605,57.2999992370605,741564
2017-11-30,57.4099998474121,57.9799995422363,56.8199996948242,57.4000015258789,57.4000015258789,735128
2017-12-01,57.4199981689453,58.8800010681152,57.2900009155273,58.3600006103516,58.3600006103516,685215
2017-12-04,58.3199996948242,58.3400001525879,57.3499984741211,57.4700012207031,57.4700012207031,529965
2017-12-05,57.4799995422363,57.9199981689453,57.0800018310547,57.6199989318848,57.6199989318848,499245
2017-12-06,57.4500007629395,57.5699996948242,55.8699989318848,55.9599990844727,55.9599990844727,678992
2017-12-07,56,56.7799987792969,55.8199996948242,56.689998626709,56.689998626709,557325
2017-12-08,56.6500015258789,57.7900009155273,56.5400009155273,57.3600006103516,57.3600006103516,681599
2017-12-11,57.25,58.0800018310547,56.9099998474121,57.9900016784668,57.9900016784668,606724
2017-12-12,58.0200004577637,58.560001373291,56.8499984741211,57.1399993896484,57.1399993896484,826488
2017-12-13,57.4500007629395,57.8300018310547,56.5499992370605,56.5999984741211,56.5999984741211,658143
2017-12-14,56.7000007629395,57.2200012207031,56.0900001525879,57.0400009155273,57.0400009155273,580571
2017-12-15,57.1500015258789,57.4900016784668,56.939998626709,57.2999992370605,57.2999992370605,210054
2017-12-18,57.3699989318848,57.7799987792969,56.8199996948242,57.1599998474121,57.1599998474121,137151
2017-12-19,57.2999992370605,57.6399993896484,57.1599998474121,57.4599990844727,57.4599990844727,420784
2017-12-20,57.6599998474121,58.1199989318848,57.439998626709,58.0900001525879,58.0900001525879,420844
2017-12-21,58.0200004577637,58.3800010681152,57.6300010681152,58.3600006103516,58.3600006103516,405320
2017-12-22,58.2099990844727,58.5,57.8699989318848,58.4700012207031,58.4700012207031,324554
2017-12-26,58.4000015258789,60.0099983215332,58.3199996948242,59.9700012207031,59.9700012207031,437785
2017-12-27,59.7900009155273,59.9300003051758,59.3300018310547,59.6399993896484,59.6399993896484,402396
2017-12-28,59.5299987792969,59.939998626709,59.439998626709,59.8400001525879,59.8400001525879,345962
2017-12-29,59.9099998474121,60.5099983215332,59.8199996948242,60.4199981689453,60.4199981689453,464478
2018-01-02,60.2000007629395,60.7400016784668,60.0999984741211,60.3699989318848,60.3699989318848,510313
2018-01-03,60.3899993896484,61.9700012207031,60.2799987792969,61.6300010681152,61.6300010681152,673859
2018-01-04,61.9599990844727,62.2099990844727,61.5900001525879,62.0099983215332,62.0099983215332,654363
2018-01-05,61.9000015258789,62.0400009155273,61.0900001525879,61.439998626709,61.439998626709,563036
2018-01-08,61.6100006103516,61.9700012207031,61.3400001525879,61.7299995422363,61.7299995422363,616474
2018-01-09,61.9199981689453,63.4799995422363,61.7999992370605,62.9599990844727,62.9599990844727,844720
2018-01-10,63.4099998474121,63.6699981689453,63.0900001525879,63.5699996948242,63.5699996948242,697844
2018-01-11,63.5,64.7699966430664,63.4300003051758,63.7999992370605,63.7999992370605,876642
2018-01-12,63.5699996948242,64.5,63.060001373291,64.3000030517578,64.3000030517578,678727
2018-01-16,64.4300003051758,64.8899993896484,63.3899993896484,63.7299995422363,63.7299995422363,867771
2018-01-17,63.8899993896484,64.1699981689453,63.310001373291,63.9700012207031,63.9700012207031,444384
2018-01-18,64.0699996948242,64.3499984741211,63.4700012207031,63.9500007629395,63.9500007629395,204504
2018-01-19,63.7400016784668,63.7700004577637,62.8499984741211,63.3699989318848,63.3699989318848,142711
2018-01-22,63.6100006103516,64.1399993896484,63.1699981689453,63.4900016784668,63.4900016784668,625662
2018-01-23,63.8800010681152,64.879997253418,63.7000007629395,64.4700012207031,64.4700012207031,662456
2018-01-24,64.4199981689453,66.0500030517578,64.3399963378906,65.6100006103516,65.6100006103516,887018
2018-01-25,65.879997253418,66.6600036621094,65.0800018310547,65.5100021362305,65.5100021362305,771758
2018-01-26,65.25,66.3499984741211,64.9100036621094,66.1399993896484,66.1399993896484,678186
2018-01-29,66.1800003051758,66.4599990844727,64.9800033569336,65.5599975585938,65.5599975585938,656168
2018-01-30,65.5299987792969,65.5599975585938,63.8899993896484,64.5,64.5,688380
2018-01-31,64.0299987792969,64.9400024414062,63.6699981689453,64.7300033569336,64.7300033569336,613258
2018-02-01,64.7600021362305,66.25,64.629997253418,65.8000030517578,65.8000030517578,685750
2018-02-02,65.9899978637695,66.3000030517578,64.4700012207031,65.4499969482422,65.4499969482422,857572
2018-02-05,65.0999984741211,65.4000015258789,63.4199981689453,64.1500015258789,64.1500015258789,891063
2018-02-06,63.4300003051758,64.2900009155273,63.1199989318848,63.3899993896484,63.3899993896484,797814
2018-02-07,63.9199981689453,64.1800003051758,61.25,61.7900009155273,61.7900009155273,1029408
2018-02-08,61.7000007629395,62.0900001525879,60.2700004577637,61.1500015258789,61.1500015258789,929578
2018-02-09,60.4300003051758,60.7700004577637,58.0699996948242,59.2000007629395,59.2000007629395,933307
2018-02-12,59.1199989318848,60.8300018310547,59.0999984741211,59.2900009155273,59.2900009155273,736917
2018-02-13,59.3499984741211,59.7299995422363,58.3899993896484,59.189998626709,59.189998626709,580600
2018-02-14,58.9799995422363,60.9000015258789,58.2000007629395,60.5999984741211,60.5999984741211,650324
2018-02-15,60.7099990844727,61.6399993896484,59.7200012207031,61.3400001525879,61.3400001525879,340401
2018-02-16,61.4500007629395,61.9900016784668,60.8800010681152,61.6800003051758,61.6800003051758,181179
2018-02-20,61.6300010681152,62.7400016784668,61.5800018310547,61.9000015258789,61.9000015258789,794481
2018-02-21,61.6300010681152,61.8600006103516,60.9199981689453,61.6800003051758,61.6800003051758,466924
2018-02-22,61.3400001525879,63.0900001525879,60.75,62.7700004577637,62.7700004577637,592603
2018-02-23,62.5999984741211,63.7299995422363,62.3300018310547,63.5499992370605,63.5499992370605,460597
2018-02-26,63.5999984741211,64.2399978637695,63.060001373291,63.9099998474121,63.9099998474121,469853
2018-02-27,64.0599975585938,64.0800018310547,62.6399993896484,63.0099983215332,63.0099983215332,562670
2018-02-28,62.7900009155273,63.439998626709,61.3600006103516,61.6399993896484,61.6399993896484,768409
2018-03-01,61.5499992370605,61.8300018310547,60.1800003051758,60.9900016784668,60.9900016784668,812505
2018-03-02,61.3400001525879,61.5999984741211,60.1300010681152,61.25,61.25,613514
2018-03-05,61.5499992370605,62.7900009155273,61.0999984741211,62.5699996948242,62.5699996948242,599266
2018-03-06,62.5800018310547,63.2799987792969,62.1699981689453,62.5999984741211,62.5999984741211,634953
2018-03-07,62.2999992370605,62.5800018310547,60.5800018310547,61.1500015258789,61.1500015258789,879119
2018-03-08,61.3300018310547,61.4000015258789,59.9500007629395,60.1199989318848,60.1199989318848,720510
2018-03-09,60.2700004577637,62.1800003051758,60.1399993896484,62.0400009155273,62.0400009155273,659722
2018-03-12,62.0999984741211,62.3300018310547,60.6699981689453,61.3600006103516,61.3600006103516,537990
2018-03-13,61.3699989318848,61.9700012207031,60.2700004577637,60.7099990844727,60.7099990844727,747738
2018-03-14,60.8699989318848,61.3300018310547,60.1100006103516,60.9599990844727,60.9599990844727,665017
2018-03-15,60.9500007629395,61.5400009155273,60.8199996948242,61.189998626709,61.189998626709,430201
2018-03-16,61.189998626709,62.5400009155273,61.0800018310547,62.3400001525879,62.3400001525879,202493
2018-03-19,62.2299995422363,62.3499984741211,61.3600006103516,62.060001373291,62.060001373291,115962
2018-03-20,62.0999984741211,63.810001373291,62.0800018310547,63.4000015258789,63.4000015258789,717709
2018-03-21,63.7200012207031,65.5500030517578,63.5800018310547,65.1699981689453,65.1699981689453,763768
2018-03-22,65.5,65.7399978637695,64.1399993896484,64.3000030517578,64.3000030517578,689172
2018-03-23,64.2799987792969,66,64.1100006103516,65.879997253418,65.879997253418,752994
2018-03-26,65.9000015258789,66.5500030517578,65.0800018310547,65.5500030517578,65.5500030517578,585899
2018-03-27,65.5299987792969,66.4100036621094,64.5299987792969,65.25,65.25,670811
2018-03-28,64.6999969482422,65.129997253418,63.7200012207031,64.379997253418,64.379997253418,697678
2018-03-29,64.6900024414062,65.2600021362305,64.1600036621094,64.9400024414062,64.9400024414062,562819
2018-04-02,64.9100036621094,65.4199981689453,62.7999992370605,63.0099983215332,63.0099983215332,582742
2018-04-03,62.8899993896484,63.8600006103516,62.8600006103516,63.5099983215332,63.5099983215332,527289
2018-04-04,63.5900001525879,63.6399993896484,62.060001373291,63.3699989318848,63.3699989318848,760596
2018-04-05,63.5999984741211,64.120002746582,63.0699996948242,63.5400009155273,63.5400009155273,588597
2018-04-06,63.7000007629395,63.7900009155273,61.810001373291,62.060001373291,62.060001373291,753262
2018-04-09,62,63.6100006103516,61.9300003051758,63.4199981689453,63.4199981689453,655831
2018-04-10,63.2999992370605,65.8600006103516,63.2000007629395,65.5100021362305,65.5100021362305,840280
2018-04-11,65.5899963378906,67.4499969482422,65.1500015258789,66.8199996948242,66.8199996948242,963017
2018-04-12,66.75,67.3300018310547,66,67.0699996948242,67.0699996948242,687468
2018-04-13,67.1800003051758,67.7600021362305,66.6999969482422,67.3899993896484,67.3899993896484,624203
2018-04-16,67.2399978637695,67.7399978637695,66.129997253418,66.2200012207031,66.2200012207031,560076
2018-04-17,66.4199981689453,66.75,65.5599975585938,66.5199966430664,66.5199966430664,486076
2018-04-18,66.6800003051758,68.9100036621094,66.5599975585938,68.4700012207031,68.4700012207031,221664
2018-04-19,68.75,69.5599975585938,67.9800033569336,68.2900009155273,68.2900009155273,125993
2018-04-20,68.2600021362305,68.620002746582,67.5,68.379997253418,68.379997253418,724906
2018-04-23,68.2200012207031,69.0299987792969,67.1399993896484,68.6399993896484,68.6399993896484,740941
2018-04-24,68.9499969482422,69.379997253418,67.5400009155273,67.6999969482422,67.6999969482422,832296
2018-04-25,67.75,68.1800003051758,67.1100006103516,68.0500030517578,68.0500030517578,764049
2018-04-26,68.0299987792969,68.7799987792969,67.7099990844727,68.1900024414062,68.1900024414062,660549
2018-04-27,68.2099990844727,68.3600006103516,67.6399993896484,68.0999984741211,68.0999984741211,542549
2018-04-30,68.1500015258789,69.3399963378906,67.1699981689453,68.5699996948242,68.5699996948242,755186
2018-05-01,68.5599975585938,68.9000015258789,66.8499984741211,67.25,67.25,694771
2018-05-02,67.4899978637695,68.1399993896484,66.9199981689453,67.9300003051758,67.9300003051758,789367
2018-05-03,67.6800003051758,68.5999984741211,67.2099990844727,68.4300003051758,68.4300003051758,691219
2018-05-04,68.5,69.9700012207031,68.120002746582,69.7200012207031,69.7200012207031,690876
2018-05-07,69.8499984741211,70.8399963378906,69.5100021362305,70.7300033569336,70.7300033569336,758916
2018-05-08,70.0299987792969,70.4000015258789,67.629997253418,69.0599975585938,69.0599975585938,1253566
2018-05-09,70.0500030517578,71.3600006103516,69.8499984741211,71.1399993896484,71.1399993896484,863386
2018-05-10,71.2300033569336,71.8899993896484,70.5599975585938,71.3600006103516,71.3600006103516,749808
2018-05-11,71.4499969482422,71.629997253418,70.4499969482422,70.6999969482422,70.6999969482422,634145
2018-05-14,70.5400009155273,71.2600021362305,70.2600021362305,70.9599990844727,70.9599990844727,592826
2018-05-15,71.1500015258789,71.9199981689453,70.4199981689453,71.3099975585938,71.3099975585938,815289
2018-05-16,71.0199966430664,71.5899963378906,70.6600036621094,71.4899978637695,71.4899978637695,574279
2018-05-17,71.5599975585938,72.3000030517578,71.0899963378906,71.4899978637695,71.4899978637695,562639
2018-05-18,71.5999984741211,71.75,70.9899978637695,71.2799987792969,71.2799987792969,211785
2018-05-21,71.4700012207031,72.5899963378906,71.25,72.2399978637695,72.2399978637695,119892
2018-05-22,72.5299987792969,72.8300018310547,71.9000015258789,72.129997253418,72.129997253418,723458
2018-05-23,72.1100006103516,72.2600021362305,71.1900024414062,71.8399963378906,71.8399963378906,702791
2018-05-24,71.8300018310547,72,70.5199966430664,70.7099990844727,70.7099990844727,640725
2018-05-25,70.6500015258789,70.8000030517578,67.4199981689453,67.879997253418,67.879997253418,955354
2018-05-29,66.4899978637695,67.3499984741211,65.9199981689453,66.7300033569336,66.7300033569336,1059750
2018-05-30,66.8499984741211,68.6699981689453,66.3499984741211,68.2099990844727,68.2099990844727,726886
2018-05-31,68.2399978637695,68.3000030517578,66.5599975585938,67.0400009155273,67.0400009155273,917563
2018-06-01,67.0699996948242,67.3399963378906,65.5100021362305,65.8099975585938,65.8099975585938,781103
2018-06-04,65.7099990844727,66.0400009155273,64.5699996948242,64.75,64.75,696050
2018-06-05,64.9400024414062,65.5699996948242,64.2200012207031,65.5199966430664,65.5199966430664,714674
2018-06-06,65.5100021362305,65.9599990844727,64.2699966430664,64.7300033569336,64.7300033569336,708829
2018-06-07,65.0699996948242,66.0699996948242,64.8099975585938,65.9499969482422,65.9499969482422,675041
2018-06-08,65.9800033569336,66.2399978637695,65.1500015258789,65.7399978637695,65.7399978637695,571224
2018-06-11,65.5599975585938,66.3499984741211,64.8499984741211,66.0999984741211,66.0999984741211,558281
2018-06-12,66.0500030517578,66.6999969482422,65.870002746582,66.3600006103516,66.3600006103516,524411
2018-06-13,66.0100021362305,66.8899993896484,65.5199966430664,66.6399993896484,66.6399993896484,626398
2018-06-14,66.620002746582,67.1600036621094,66.3600006103516,66.8899993896484,66.8899993896484,460168
2018-06-15,66.620002746582,67.1600036621094,64.2900009155273,65.0599975585938,65.0599975585938,512591
2018-06-18,64.4000015258789,65.9800033569336,63.5900001525879,65.8499984741211,65.8499984741211,218933
2018-06-19,65.8199996948242,65.9000015258789,64.3899993896484,65.0699996948242,65.0699996948242,122646
2018-06-20,65.1100006103516,66.5299987792969,65.0100021362305,66.2200012207031,66.2200012207031,801625
2018-06-21,65.3399963378906,66.2200012207031,64.3399963378906,65.5400009155273,65.5400009155273,760719
2018-06-22,65.9300003051758,69.379997253418,65.7099990844727,68.5800018310547,68.5800018310547,1136232
2018-06-25,68.75,69.4400024414062,67.7799987792969,68.0800018310547,68.0800018310547,816207
2018-06-26,68.2099990844727,70.9100036621094,67.7200012207031,70.5299987792969,70.5299987792969,848537
2018-06-27,70.6800003051758,73.0599975585938,70.5599975585938,72.7600021362305,72.7600021362305,775155
2018-06-28,72.2699966430664,74.0299987792969,72.1999969482422,73.4499969482422,73.4499969482422,717347
2018-06-29,73.3300018310547,74.4599990844727,72.9300003051758,74.1500015258789,74.1500015258789,602399
2018-07-02,73.620002746582,74.3499984741211,72.5100021362305,73.9400024414062,73.9400024414062,652167
2018-07-03,74.0800018310547,75.2699966430664,72.7300033569336,74.1399993896484,74.1399993896484,667235
2018-07-05,74.3499984741211,74.8000030517578,72.5299987792969,72.9400024414062,72.9400024414062,841632
2018-07-06,73.1600036621094,74.0100021362305,72.1399993896484,73.8000030517578,73.8000030517578,611419
2018-07-09,73.870002746582,74.2799987792969,72.9899978637695,73.8499984741211,73.8499984741211,533003
2018-07-10,74.0400009155273,74.6999969482422,73.6500015258789,74.1100006103516,74.1100006103516,586829
2018-07-11,74.1999969482422,74.2600021362305,70.0199966430664,70.379997253418,70.379997253418,861726
2018-07-12,70.5999984741211,71.2399978637695,69.2300033569336,70.3300018310547,70.3300018310547,707887
2018-07-13,70.379997253418,71.6600036621094,69.8399963378906,71.0100021362305,71.0100021362305,530277
2018-07-16,70.5199966430664,70.870002746582,67.5800018310547,68.0599975585938,68.0599975585938,530480
2018-07-17,68.0299987792969,68.4400024414062,67.0299987792969,68.0800018310547,68.0800018310547,440727
2018-07-18,67.6100006103516,69.0599975585938,67.0400009155273,68.7600021362305,68.7600021362305,187313
2018-07-19,69,70.1699981689453,67.8000030517578,69.4599990844727,69.4599990844727,103220
2018-07-20,69.3899993896484,71.0999984741211,69.370002746582,70.4599990844727,70.4599990844727,500967
2018-07-23,68.1699981689453,69.3099975585938,67.5999984741211,67.8899993896484,67.8899993896484,555915
2018-07-24,67.8000030517578,69.0500030517578,67.5599975585938,68.5199966430664,68.5199966430664,524591
2018-07-25,68.7699966430664,69.6999969482422,68.1999969482422,69.3000030517578,69.3000030517578,622913
2018-07-26,69.379997253418,69.9199981689453,68.9199981689453,69.6100006103516,69.6100006103516,489059
2018-07-27,69.5800018310547,69.7699966430664,68.2600021362305,68.6900024414062,68.6900024414062,460450
2018-07-30,69.0100021362305,70.4300003051758,68.8000030517578,70.129997253418,70.129997253418,463011
2018-07-31,70.0500030517578,70.2200012207031,67.9800033569336,68.7600021362305,68.7600021362305,519070
2018-08-01,68.4300003051758,68.5199966430664,67.3099975585938,67.6600036621094,67.6600036621094,576561
2018-08-02,67.8600006103516,69.3600006103516,66.9199981689453,68.9599990844727,68.9599990844727,531071
2018-08-03,68.9899978637695,69.2399978637695,67.870002746582,68.4899978637695,68.4899978637695,476615
2018-08-06,68.6500015258789,69.9199981689453,68.5,69.0100021362305,69.0100021362305,495605
2018-08-07,68.9000015258789,69.8300018310547,68.8099975585938,69.1699981689453,69.1699981689453,485027
2018-08-08,69.0899963378906,69.370002746582,66.3199996948242,66.9400024414062,66.9400024414062,760313
2018-08-09,66.7900009155273,67.4100036621094,66.4899978637695,66.8099975585938,66.8099975585938,509401
2018-08-10,66.7399978637695,67.870002746582,66.1399993896484,67.629997253418,67.629997253418,524490
2018-08-13,67.7799987792969,67.9499969482422,65.7099990844727,67.1999969482422,67.1999969482422,578219
2018-08-14,67.4199981689453,68.370002746582,66.5800018310547,67.0400009155273,67.0400009155273,538484
2018-08-15,66.620002746582,66.9000015258789,64.5100021362305,65.0100021362305,65.0100021362305,573473
2018-08-16,64.9499969482422,65.5199966430664,64.4300003051758,65.4599990844727,65.4599990844727,383380
2018-08-17,65.4700012207031,66.3899993896484,65.3000030517578,65.9100036621094,65.9100036621094,171403
2018-08-20,65.9100036621094,66.6800003051758,65.5899963378906,66.4300003051758,66.4300003051758,112709
2018-08-21,66.620002746582,68.0999984741211,66.5199966430664,67.3499984741211,67.3499984741211,437164
2018-08-22,66.0800018310547,68.1500015258789,65.9800033569336,67.8600006103516,67.8600006103516,581899
2018-08-23,68.0699996948242,68.120002746582,67.3199996948242,67.8300018310547,67.8300018310547,450690
2018-08-24,67.9000015258789,69.3099975585938,67.7799987792969,68.7200012207031,68.7200012207031,517796
2018-08-27,68.5699996948242,68.9700012207031,68.3399963378906,68.870002746582,68.870002746582,332612
2018-08-28,68.9300003051758,69.1999969482422,68.2099990844727,68.5299987792969,68.5299987792969,426833
2018-08-29,68.5400009155273,69.7600021362305,68.370002746582,69.5100021362305,69.5100021362305,497095
2018-08-30,69.7099990844727,70.5,69.5500030517578,70.25,70.25,445584
2018-08-31,70.0599975585938,70.3600006103516,69.6399993896484,69.8000030517578,69.8000030517578,419739
2018-09-04,70.120002746582,71.4000015258789,69.0800018310547,69.870002746582,69.870002746582,785981
2018-09-05,69.4300003051758,69.5899963378906,68.5599975585938,68.7200012207031,68.7200012207031,542104
2018-09-06,68.6399993896484,69.0199966430664,67,67.7699966430664,67.7699966430664,633824
2018-09-07,67.879997253418,68.0800018310547,66.8600006103516,67.75,67.75,530895
2018-09-10,67.8199996948242,68.5199966430664,67.3300018310547,67.5400009155273,67.5400009155273,571174
2018-09-11,67.5299987792969,70.0100021362305,67.4800033569336,69.25,69.25,676869
2018-09-12,69.8899993896484,71.2600021362305,69.5,70.370002746582,70.370002746582,800543
2018-09-13,70.2399978637695,70.2799987792969,68.3499984741211,68.5899963378906,68.5899963378906,684937
2018-09-14,68.7900009155273,69.9100036621094,67.9400024414062,68.9899978637695,68.9899978637695,611075
2018-09-17,68.9300003051758,69.7200012207031,68.5299987792969,68.9100036621094,68.9100036621094,422294
2018-09-18,68.8000030517578,70.4199981689453,68.5299987792969,69.8499984741211,69.8499984741211,234202
2018-09-19,69.7099990844727,71.5,69.6500015258789,71.120002746582,71.120002746582,125208
2018-09-20,71.3899993896484,71.8099975585938,70.7300033569336,70.8000030517578,70.8000030517578,607520
2018-09-21,70.1999969482422,71.8000030517578,69.9800033569336,70.7799987792969,70.7799987792969,855943
2018-09-24,71.1399993896484,72.7399978637695,71.1399993896484,72.0800018310547,72.0800018310547,576894
2018-09-25,72.25,72.7799987792969,71.8899993896484,72.2799987792969,72.2799987792969,551280
2018-09-26,72.0899963378906,72.379997253418,71.4700012207031,71.5699996948242,71.5699996948242,464463
2018-09-27,72.0100021362305,72.5999984741211,71.7099990844727,72.120002746582,72.120002746582,454549
2018-09-28,72.1800003051758,73.7300033569336,71.879997253418,73.25,73.25,544047
2018-10-01,73.2900009155273,75.7699966430664,72.9499969482422,75.3000030517578,75.3000030517578,601451
2018-10-02,75.4199981689453,75.9100036621094,74.9300003051758,75.2300033569336,75.2300033569336,463615
2018-10-03,75.120002746582,76.9000015258789,74.3000030517578,76.4100036621094,76.4100036621094,698817
2018-10-04,76.1800003051758,76.4700012207031,73.879997253418,74.3300018310547,74.3300018310547,687949
2018-10-05,74.6699981689453,75.2200012207031,73.8399963378906,74.3399963378906,74.3399963378906,613218
2018-10-08,74.4000015258789,74.5800018310547,73.0699996948242,74.2900009155273,74.2900009155273,554938
2018-10-09,74.2099990844727,75.2799987792969,74,74.9599990844727,74.9599990844727,623537
2018-10-10,74.6600036621094,75.0800018310547,72.379997253418,73.1699981689453,73.1699981689453,652737
2018-10-11,72.6800003051758,72.7600021362305,70.5100021362305,70.9700012207031,70.9700012207031,783962
2018-10-12,70.9899978637695,72.0100021362305,70.6399993896484,71.3399963378906,71.3399963378906,626668
2018-10-15,71.8499984741211,72.6999969482422,70.8499984741211,71.7799987792969,71.7799987792969,568610
2018-10-16,71.7200012207031,72.2900009155273,71.0199966430664,71.9199981689453,71.9199981689453,535003
2018-10-17,72.1699981689453,72.4300003051758,69.4300003051758,69.75,69.75,651584
2018-10-18,70.0299987792969,70.0299987792969,68.4700012207031,68.6500015258789,68.6500015258789,215337
2018-10-19,68.6800003051758,69.7699966430664,68.5599975585938,69.120002746582,69.120002746582,108311
2018-10-22,69.4100036621094,69.6500015258789,68.2699966430664,69.1699981689453,69.1699981689453,513770
2018-10-23,69.5500030517578,69.6600036621094,65.7399978637695,66.4300003051758,66.4300003051758,853265
2018-10-24,66.1699981689453,67.7200012207031,66.0500030517578,66.8199996948242,66.8199996948242,775963
2018-10-25,66.3600006103516,67.6500015258789,65.9899978637695,67.3300018310547,67.3300018310547,573096
2018-10-26,66.9499969482422,67.879997253418,66.1999969482422,67.5899963378906,67.5899963378906,595211
2018-10-29,67.5500030517578,67.9499969482422,66.2900009155273,67.0400009155273,67.0400009155273,477487
2018-10-30,66.6800003051758,67.2600021362305,65.3300018310547,66.1800003051758,66.1800003051758,680441
2018-10-31,66.3199996948242,67,64.8099975585938,65.3099975585938,65.3099975585938,666487
2018-11-01,64.879997253418,65.3899993896484,63.1100006103516,63.689998626709,63.689998626709,790286
2018-11-02,63.5,63.9500007629395,62.6300010681152,63.1399993896484,63.1399993896484,708906
2018-11-05,62.9900016784668,64.1399993896484,62.5200004577637,63.0999984741211,63.0999984741211,609129
2018-11-06,62.7000007629395,63.3199996948242,61.310001373291,62.2099990844727,62.2099990844727,761240
2018-11-07,61.7400016784668,63.1800003051758,61.2000007629395,61.6699981689453,61.6699981689453,866628
2018-11-08,61.6399993896484,62.4199981689453,60.4000015258789,60.6699981689453,60.6699981689453,764546
2018-11-09,60.75,60.7900009155273,59.2599983215332,60.189998626709,60.189998626709,821729
2018-11-12,60.7000007629395,61.2799987792969,58.6800003051758,59.9300003051758,59.9300003051758,806219
2018-11-13,58.8800010681152,59.3499984741211,54.75,55.689998626709,55.689998626709,1095643
2018-11-14,55.2700004577637,57.3699989318848,55.1300010681152,56.25,56.25,844696
2018-11-15,56.0200004577637,57.2599983215332,55.5900001525879,56.4599990844727,56.4599990844727,256499
2018-11-16,56.5800018310547,57.9599990844727,55.8899993896484,56.4599990844727,56.4599990844727,159001
2018-11-19,56.7200012207031,57.3300018310547,55.0800018310547,56.7599983215332,56.7599983215332,699684
2018-11-20,57.3899993896484,57.439998626709,52.7700004577637,53.4300003051758,53.4300003051758,983120
2018-11-21,53.3899993896484,55.8600006103516,53.3899993896484,54.6300010681152,54.6300010681152,734277
2018-11-23,53.8699989318848,54.1199989318848,50.1500015258789,50.4199981689453,50.4199981689453,1014667
2018-11-26,50.6199989318848,52.25,50.0999984741211,51.6300010681152,51.6300010681152,663108
2018-11-27,51.5400009155273,52.3800010681152,50.2999992370605,51.560001373291,51.560001373291,764010
2018-11-28,52.0900001525879,52.560001373291,50.060001373291,50.2900009155273,50.2900009155273,831688
2018-11-29,50.310001373291,52.2000007629395,49.4099998474121,51.4500007629395,51.4500007629395,812721
2018-11-30,51.2700004577637,51.7900009155273,49.6500015258789,50.9300003051758,50.9300003051758,796714
2018-12-03,52.4500007629395,53.8499984741211,52.0299987792969,52.9500007629395,52.9500007629395,758010
2018-12-04,53.1300010681152,54.5499992370605,52.4300003051758,53.25,53.25,738130
2018-12-06,52.9300003051758,53.2999992370605,50.0800018310547,51.4900016784668,51.4900016784668,987266
2018-12-07,51.7599983215332,54.2200012207031,50.5999984741211,52.6100006103516,52.6100006103516,987717
2018-12-10,52.0299987792969,52.810001373291,50.5299987792969,51,51,733225
2018-12-11,50.8899993896484,52.4300003051758,50.7000007629395,51.6500015258789,51.6500015258789,665262
2018-12-12,51.9500007629395,52.8800010681152,50.939998626709,51.1500015258789,51.1500015258789,730810
2018-12-13,51.2000007629395,53.2700004577637,50.3499984741211,52.5800018310547,52.5800018310547,733627
2018-12-14,52.8300018310547,52.9500007629395,50.8400001525879,51.2000007629395,51.2000007629395,526839
2018-12-17,51.25,51.8699989318848,49.0099983215332,49.8800010681152,49.8800010681152,211257
2018-12-18,49.1599998474121,49.5900001525879,45.7900009155273,46.2400016784668,46.2400016784668,120101
2018-12-19,45.9300003051758,48,45.9300003051758,47.2000007629395,47.2000007629395,817721
2018-12-20,47.3899993896484,47.5099983215332,45.6699981689453,45.8800010681152,45.8800010681152,794130
2018-12-21,46.25,46.7700004577637,45.1300010681152,45.5900001525879,45.5900001525879,694003
2018-12-24,45.4500007629395,46.2400016784668,42.3600006103516,42.5299987792969,42.5299987792969,415859
2018-12-26,42.8499984741211,47,42.5200004577637,46.2200012207031,46.2200012207031,698408
2018-12-27,46.5800018310547,46.7000007629395,44.3699989318848,44.6100006103516,44.6100006103516,665590
2018-12-28,45.439998626709,46.2200012207031,44.4199981689453,45.3300018310547,45.3300018310547,564385
2018-12-31,45.2200012207031,46.5299987792969,44.7299995422363,45.4099998474121,45.4099998474121,476970
2019-01-02,45.7999992370605,47.7799987792969,44.3499984741211,46.5400009155273,46.5400009155273,850480
2019-01-03,46.2599983215332,47.4900016784668,45.3499984741211,47.0900001525879,47.0900001525879,788718
2019-01-04,46.9000015258789,49.2200012207031,46.6500015258789,47.9599990844727,47.9599990844727,817277
2019-01-07,48.2999992370605,49.7900009155273,48.1100006103516,48.5200004577637,48.5200004577637,819939
2019-01-08,48.7299995422363,49.9500007629395,48.310001373291,49.7799987792969,49.7799987792969,765981
2019-01-09,49.7999992370605,52.5800018310547,49.7099990844727,52.3600006103516,52.3600006103516,891922
2019-01-10,52.1800003051758,52.7799987792969,51.3699989318848,52.5900001525879,52.5900001525879,821782
2019-01-11,52.2799987792969,53.310001373291,51.1800003051758,51.5900001525879,51.5900001525879,812339
2019-01-14,51.7299995422363,52.1100006103516,50.3800010681152,50.5099983215332,50.5099983215332,791527
2019-01-15,50.7799987792969,52.2999992370605,50.6399993896484,52.1100006103516,52.1100006103516,664183
2019-01-16,52,52.5200004577637,51.2599983215332,52.310001373291,52.310001373291,694182
2019-01-17,52.2999992370605,52.5800018310547,50.9799995422363,52.0699996948242,52.0699996948242,288560
2019-01-18,52.2299995422363,53.9199981689453,52.0900001525879,53.7999992370605,53.7999992370605,193099
2019-01-22,53.7299995422363,54.2400016784668,51.7999992370605,52.5699996948242,52.5699996948242,951158
2019-01-23,52.9500007629395,53.6399993896484,51.8600006103516,52.6199989318848,52.6199989318848,702866
2019-01-24,52.4500007629395,53.4700012207031,52.0699996948242,53.1300010681152,53.1300010681152,714415
2019-01-25,53.1699981689453,53.939998626709,52.9099998474121,53.689998626709,53.689998626709,593385
2019-01-28,53.560001373291,53.6399993896484,51.3300018310547,51.9900016784668,51.9900016784668,650667
2019-01-29,52.1199989318848,53.9300003051758,51.8400001525879,53.310001373291,53.310001373291,660527
2019-01-30,53.2400016784668,54.9300003051758,53.0900001525879,54.2299995422363,54.2299995422363,731312
2019-01-31,54.2799987792969,55.3699989318848,53.6199989318848,53.7900009155273,53.7900009155273,718650
2019-02-01,54.0099983215332,55.6599998474121,53.3699989318848,55.2599983215332,55.2599983215332,689566
2019-02-04,55.3199996948242,55.75,53.2900009155273,54.560001373291,54.560001373291,622472
2019-02-05,54.8600006103516,55.2099990844727,53.4700012207031,53.6599998474121,53.6599998474121,609756
2019-02-06,53.7299995422363,54.2999992370605,52.8600006103516,54.0099983215332,54.0099983215332,606720
2019-02-07,53.939998626709,54.2099990844727,51.7999992370605,52.6399993896484,52.6399993896484,749010
2019-02-08,52.5900001525879,52.9900016784668,52.0800018310547,52.7200012207031,52.7200012207031,621003
2019-02-11,52.6599998474121,52.7799987792969,51.2299995422363,52.4099998474121,52.4099998474121,750242
2019-02-12,52.4700012207031,54.0499992370605,52.2900009155273,53.0999984741211,53.0999984741211,708312
2019-02-13,53.3499984741211,54.5999984741211,53.2700004577637,53.9000015258789,53.9000015258789,706552
2019-02-14,53.9599990844727,54.6800003051758,53.0800018310547,54.4099998474121,54.4099998474121,623546
2019-02-15,54.4799995422363,55.8699989318848,54.2400016784668,55.5900001525879,55.5900001525879,276907
2019-02-19,55.7799987792969,56.3300018310547,55.2900009155273,56.0900001525879,56.0900001525879,153728
2019-02-20,55.939998626709,57.5499992370605,55.4799995422363,56.9199981689453,56.9199981689453,685111
2019-02-21,57.2400016784668,57.6100006103516,56.6399993896484,56.9599990844727,56.9599990844727,546202
2019-02-22,56.8400001525879,57.810001373291,56.7099990844727,57.2599983215332,57.2599983215332,513439
2019-02-25,57.1699981689453,57.5299987792969,55.0800018310547,55.4799995422363,55.4799995422363,723012
2019-02-26,55.4599990844727,56.0800018310547,55.0200004577637,55.5,55.5,538919
2019-02-27,55.9500007629395,57.3899993896484,55.7200012207031,56.939998626709,56.939998626709,577227
2019-02-28,57,57.4300003051758,56.4300003051758,57.2200012207031,57.2200012207031,496678
2019-03-01,57.2200012207031,57.8800010681152,55.5699996948242,55.7999992370605,55.7999992370605,684186
2019-03-04,55.8300018310547,57,55.810001373291,56.5900001525879,56.5900001525879,549396
2019-03-05,56.4500007629395,57.189998626709,56.0900001525879,56.560001373291,56.560001373291,538399
2019-03-06,56.2799987792969,56.4000015258789,55.4199981689453,56.2200012207031,56.2200012207031,637677
2019-03-07,56.2000007629395,56.9900016784668,56.0800018310547,56.6599998474121,56.6599998474121,628824
2019-03-08,56.4300003051758,56.5099983215332,54.5200004577637,56.0699996948242,56.0699996948242,747358
2019-03-11,56.0699996948242,57.0099983215332,55.9599990844727,56.7900009155273,56.7900009155273,597156
2019-03-12,56.7599983215332,57.5499992370605,56.7400016784668,56.8699989318848,56.8699989318848,652798
2019-03-13,57.0900001525879,58.4799995422363,57.0099983215332,58.2599983215332,58.2599983215332,610616
2019-03-14,58.3499984741211,58.7400016784668,58,58.6100006103516,58.6100006103516,567604
2019-03-15,58.5099983215332,58.9500007629395,57.7400016784668,58.5200004577637,58.5200004577637,507393
2019-03-18,58.4500007629395,59.2299995422363,58.0499992370605,59.0900001525879,59.0900001525879,157241
2019-03-19,59.0099983215332,59.5699996948242,58.6199989318848,59.0299987792969,59.0299987792969,114822
2019-03-20,59.0200004577637,60.1199989318848,58.3899993896484,59.8300018310547,59.8300018310547,786342
2019-03-21,59.9900016784668,60.3899993896484,59.6599998474121,59.9799995422363,59.9799995422363,655380
2019-03-22,59.8699989318848,60.0699996948242,58.2799987792969,59.0400009155273,59.0400009155273,738840
2019-03-25,58.9799995422363,59.3499984741211,58.1699981689453,58.8199996948242,58.8199996948242,705399
2019-03-26,59.1199989318848,60.3800010681152,59.0400009155273,59.939998626709,59.939998626709,685988
2019-03-27,60.0299987792969,60.2200012207031,58.810001373291,59.4099998474121,59.4099998474121,732150
2019-03-28,59.4000015258789,59.560001373291,58.2000007629395,59.2999992370605,59.2999992370605,712209
2019-03-29,59.5299987792969,60.7299995422363,59.4099998474121,60.1399993896484,60.1399993896484,705559
2019-04-01,60.2400016784668,61.7999992370605,60.1300010681152,61.5900001525879,61.5900001525879,670808
2019-04-02,61.810001373291,62.75,61.5999984741211,62.5800018310547,62.5800018310547,793227
2019-04-03,62.6399993896484,62.9900016784668,62.0499992370605,62.4599990844727,62.4599990844727,799672
2019-04-04,62.5,62.7700004577637,61.8899993896484,62.0999984741211,62.0999984741211,684973
2019-04-05,62.1800003051758,63.3400001525879,61.8199996948242,63.0800018310547,63.0800018310547,686862
2019-04-08,63.3300018310547,64.4800033569336,63.1300010681152,64.4000015258789,64.4000015258789,895767
2019-04-09,64.4000015258789,64.7900009155273,63.6800003051758,63.9799995422363,63.9799995422363,790677
2019-04-10,64.2200012207031,64.6999969482422,64.0500030517578,64.6100006103516,64.6100006103516,722216
2019-04-11,64.4800033569336,64.4899978637695,63.310001373291,63.5800018310547,63.5800018310547,760504
2019-04-12,63.7099990844727,64.6500015258789,63.6599998474121,63.8899993896484,63.8899993896484,625588
2019-04-15,63.7599983215332,63.8400001525879,63.0299987792969,63.4000015258789,63.4000015258789,555858
2019-04-16,63.5699996948242,64.370002746582,62.9900016784668,64.0500030517578,64.0500030517578,547469
2019-04-17,64.3199996948242,64.6100006103516,63.6599998474121,63.7599983215332,63.7599983215332,235376
2019-04-18,63.75,64.1600036621094,63.4599990844727,64,64,148238
2019-04-22,64,65.9199981689453,64,65.6999969482422,65.6999969482422,763527
2019-04-23,65.75,66.5999984741211,65.5800018310547,66.3000030517578,66.3000030517578,700598
2019-04-24,66.1699981689453,66.4300003051758,65.6600036621094,65.8899993896484,65.8899993896484,678386
2019-04-25,65.8099975585938,66.2799987792969,64.9000015258789,65.2099990844727,65.2099990844727,603001
2019-04-26,65.129997253418,65.1800003051758,62.2799987792969,63.2999992370605,63.2999992370605,1000836
2019-04-29,62.9500007629395,63.689998626709,62.4599990844727,63.5,63.5,654076
2019-04-30,63.5800018310547,64.75,63.2999992370605,63.9099998474121,63.9099998474121,750494
2019-05-01,63.4000015258789,63.9300003051758,62.7700004577637,63.5999984741211,63.5999984741211,676872
2019-05-02,63.6100006103516,63.6800003051758,60.9500007629395,61.810001373291,61.810001373291,914661
2019-05-03,61.5499992370605,62.5200004577637,61.2999992370605,61.939998626709,61.939998626709,646866
2019-05-06,61.4300003051758,62.9500007629395,60.0400009155273,62.25,62.25,768810
2019-05-07,62.1699981689453,62.4900016784668,60.6599998474121,61.4000015258789,61.4000015258789,842810
2019-05-08,61.439998626709,62.3699989318848,61.0699996948242,62.1199989318848,62.1199989318848,791769
2019-05-09,62.0200004577637,62.2099990844727,60.9199981689453,61.7000007629395,61.7000007629395,769583
2019-05-10,61.6399993896484,62.4900016784668,61.4199981689453,61.6599998474121,61.6599998474121,786494
2019-05-13,61.6500015258789,63.3300018310547,60.6399993896484,61.0400009155273,61.0400009155273,1003106
2019-05-14,60.8600006103516,62.1100006103516,60.689998626709,61.7799987792969,61.7799987792969,751668
2019-05-15,61.3699989318848,62.3400001525879,60.8499984741211,62.0200004577637,62.0200004577637,723001
2019-05-16,62.1199989318848,63.4799995422363,62.0800018310547,62.8699989318848,62.8699989318848,545679
2019-05-17,63.1199989318848,63.6399993896484,62.5200004577637,62.7599983215332,62.7599983215332,215802
2019-05-20,63.5299987792969,63.810001373291,62.4500007629395,63.0999984741211,63.0999984741211,131888
2019-05-21,63.2799987792969,63.5999984741211,62.75,62.9900016784668,62.9900016784668,641680
2019-05-22,62.6399993896484,62.7799987792969,61.0299987792969,61.4199981689453,61.4199981689453,766728
2019-05-23,61.2700004577637,61.2900009155273,57.3300018310547,57.9099998474121,57.9099998474121,1108052
2019-05-24,58.2099990844727,59.0999984741211,57.5,58.6300010681152,58.6300010681152,758099
2019-05-28,58.939998626709,59.5699996948242,58.1300010681152,59.1399993896484,59.1399993896484,1020323
2019-05-29,59.0699996948242,59.1399993896484,56.8800010681152,58.810001373291,58.810001373291,1124959
2019-05-30,59.1199989318848,59.7000007629395,56.3300018310547,56.5900001525879,56.5900001525879,842281
2019-05-31,56.4599990844727,56.6100006103516,53.0499992370605,53.5,53.5,1031488
2019-06-03,53.4199981689453,54.6300010681152,52.1100006103516,53.25,53.25,984308
2019-06-04,52.8899993896484,53.7799987792969,52.4300003051758,53.4799995422363,53.4799995422363,831625
2019-06-05,52.8600006103516,53.4099998474121,50.5999984741211,51.6800003051758,51.6800003051758,943186
2019-06-06,51.6599998474121,53.2999992370605,51.1699981689453,52.5900001525879,52.5900001525879,790067
2019-06-07,53.0999984741211,54.3199996948242,52.6199989318848,53.9900016784668,53.9900016784668,828133
2019-06-10,54.2400016784668,54.8400001525879,53.0499992370605,53.2599983215332,53.2599983215332,687146
2019-06-11,53.4300003051758,54.0400009155273,52.9099998474121,53.2700004577637,53.2700004577637,642940
2019-06-12,53.0400009155273,53.0499992370605,50.7200012207031,51.1399993896484,51.1399993896484,786105
2019-06-13,51.0699996948242,53.4500007629395,50.9199981689453,52.2799987792969,52.2799987792969,945024
2019-06-14,52.1800003051758,52.9799995422363,51.7000007629395,52.5099983215332,52.5099983215332,574229
2019-06-17,52.5,52.7400016784668,51.5800018310547,51.9300003051758,51.9300003051758,397868
2019-06-18,51.9500007629395,54.310001373291,51.5,53.9000015258789,53.9000015258789,181640
2019-06-19,54.0900001525879,54.4199981689453,53.2799987792969,53.7599983215332,53.7599983215332,122838
2019-06-20,54.1199989318848,57.0200004577637,54.1100006103516,56.6500015258789,56.6500015258789,854514
2019-06-21,57.2599983215332,57.9799995422363,56.6599998474121,57.4300003051758,57.4300003051758,676047
2019-06-24,57.7200012207031,58.2200012207031,56.75,57.9000015258789,57.9000015258789,597164
2019-06-25,57.7400016784668,58.8400001525879,57.2000007629395,57.8300018310547,57.8300018310547,673140
2019-06-26,58.8400001525879,59.9300003051758,58.6500015258789,59.3800010681152,59.3800010681152,686817
2019-06-27,59.2700004577637,59.7299995422363,58.6100006103516,59.4300003051758,59.4300003051758,531405
2019-06-28,59.2200012207031,59.7999992370605,57.75,58.4700012207031,58.4700012207031,556101
2019-07-01,59.2700004577637,60.2799987792969,58.3400001525879,59.0900001525879,59.0900001525879,674887
2019-07-02,59.1399993896484,59.4300003051758,56.0900001525879,56.25,56.25,878938
2019-07-03,56.4900016784668,57.4799995422363,56.0400009155273,57.3400001525879,57.3400001525879,600131
2019-07-05,57.3800010681152,57.8199996948242,56.2900009155273,57.5099983215332,57.5099983215332,698015
2019-07-08,57.7700004577637,58.4599990844727,57.2999992370605,57.6599998474121,57.6599998474121,540861
2019-07-09,57.560001373291,59.0999984741211,57.2900009155273,57.8300018310547,57.8300018310547,551872
2019-07-10,58.4000015258789,60.5299987792969,58.3499984741211,60.4300003051758,60.4300003051758,690656
2019-07-11,60.439998626709,60.939998626709,60.1399993896484,60.2000007629395,60.2000007629395,573019
2019-07-12,60.4599990844727,60.7400016784668,59.9300003051758,60.2099990844727,60.2099990844727,469029
2019-07-15,60.25,60.9199981689453,59.2000007629395,59.5800018310547,59.5800018310547,566818
2019-07-16,59.2599983215332,60.060001373291,57.0699996948242,57.6199989318848,57.6199989318848,712540
2019-07-17,57.5200004577637,58.3600006103516,56.2099990844727,56.7799987792969,56.7799987792969,504432
2019-07-18,56.5999984741211,57.3199996948242,54.7200012207031,55.2999992370605,55.2999992370605,215361
2019-07-19,55.7200012207031,56.3600006103516,54.9900016784668,55.6300010681152,55.6300010681152,105217
2019-07-22,56.2200012207031,56.8400001525879,55.7200012207031,56.2200012207031,56.2200012207031,619483
2019-07-23,56.1699981689453,57.4700012207031,55.7400016784668,56.7700004577637,56.7700004577637,521876
2019-07-24,57.2299995422363,57.6399993896484,55.3300018310547,55.8800010681152,55.8800010681152,745248
2019-07-25,55.9000015258789,56.9900016784668,55.810001373291,56.0200004577637,56.0200004577637,559282
2019-07-26,55.9300003051758,56.5699996948242,55.6800003051758,56.2000007629395,56.2000007629395,476785
2019-07-29,56.2000007629395,57.0999984741211,55.810001373291,56.8699989318848,56.8699989318848,529742
2019-07-30,57.0699996948242,58.4700012207031,56.9599990844727,58.0499992370605,58.0499992370605,547401
2019-07-31,58.3400001525879,58.8199996948242,57.810001373291,58.5800018310547,58.5800018310547,614001
2019-08-01,57.8499984741211,57.9900016784668,53.5900001525879,53.9500007629395,53.9500007629395,886748
2019-08-02,54.5400009155273,56.0499992370605,54.1500015258789,55.6599998474121,55.6599998474121,739810
2019-08-05,55.3800010681152,55.6100006103516,54.2200012207031,54.689998626709,54.689998626709,823844
2019-08-06,54.9500007629395,55.4199981689453,53.2900009155273,53.6300010681152,53.6300010681152,682794
2019-08-07,53.4199981689453,53.7700004577637,50.5200004577637,51.0900001525879,51.0900001525879,1063214
2019-08-08,52.3300018310547,53.060001373291,51.939998626709,52.5400009155273,52.5400009155273,724762
2019-08-09,52.8800010681152,54.9199981689453,52.3699989318848,54.5,54.5,726386
2019-08-12,54.3199996948242,55.1800003051758,53.5400009155273,54.9300003051758,54.9300003051758,611027
2019-08-13,54.7299995422363,57.4700012207031,54.2099990844727,57.0999984741211,57.0999984741211,783486
2019-08-14,56.7400016784668,56.8499984741211,53.9700012207031,55.2299995422363,55.2299995422363,718293
2019-08-15,54.9000015258789,55.3300018310547,53.7700004577637,54.4700012207031,54.4700012207031,527866
2019-08-16,54.7400016784668,55.6699981689453,54.2599983215332,54.8699989318848,54.8699989318848,168345
2019-08-19,54.9599990844727,56.4099998474121,54.8400001525879,56.2099990844727,56.2099990844727,113571
2019-08-20,56.0999984741211,56.5999984741211,55.2799987792969,56.3400001525879,56.3400001525879,659258
2019-08-21,56.0499992370605,57.1300010681152,55.5499992370605,55.6800003051758,55.6800003051758,704035
2019-08-22,55.939998626709,56.4599990844727,54.8499984741211,55.3499984741211,55.3499984741211,621573
2019-08-23,55.3499984741211,55.5999984741211,53.2400016784668,54.1699981689453,54.1699981689453,807151
2019-08-26,53.25,55.2599983215332,52.9599990844727,53.6399993896484,53.6399993896484,679022
2019-08-27,53.7599983215332,55.7200012207031,53.689998626709,54.9300003051758,54.9300003051758,596624
2019-08-28,55.7099990844727,56.75,55.3400001525879,55.7799987792969,55.7799987792969,674048
2019-08-29,55.8800010681152,56.8899993896484,55.4300003051758,56.7099990844727,56.7099990844727,630760
2019-08-30,56.6300010681152,56.7200012207031,54.5499992370605,55.0999984741211,55.0999984741211,708268
2019-09-03,55,55.2400016784668,52.8400001525879,53.939998626709,53.939998626709,970804
2019-09-04,53.9199981689453,56.5800018310547,53.8400001525879,56.2599983215332,56.2599983215332,682298
2019-09-05,55.9500007629395,57.7599983215332,55.75,56.2999992370605,56.2999992370605,712466
2019-09-06,56.189998626709,56.9500007629395,54.8300018310547,56.5200004577637,56.5200004577637,714294
2019-09-09,56.7999992370605,58.1599998474121,56.5800018310547,57.8499984741211,57.8499984741211,646993
2019-09-10,58.0299987792969,58.7599983215332,57.2000007629395,57.4000015258789,57.4000015258789,755472
2019-09-11,57.8899993896484,58.2999992370605,55.6100006103516,55.75,55.75,858772
2019-09-12,55.9300003051758,56.3400001525879,54,55.0900001525879,55.0900001525879,845977
2019-09-13,55.1500015258789,55.6800003051758,54.439998626709,54.8499984741211,54.8499984741211,599470
2019-09-16,61.4799995422363,63.3800010681152,58.7700004577637,62.9000015258789,62.9000015258789,1404916
2019-09-17,61.9599990844727,62.5900001525879,58.4599990844727,59.3400001525879,59.3400001525879,993237
2019-09-18,58.810001373291,59.4300003051758,57.6699981689453,58.1100006103516,58.1100006103516,216961
2019-09-19,58.2000007629395,59.5400009155273,58.0099983215332,58.1300010681152,58.1300010681152,112327
2019-09-20,58.6500015258789,59.0999984741211,57.7900009155273,58.0900001525879,58.0900001525879,576019
2019-09-23,59.25,59.3899993896484,57.3699989318848,58.6399993896484,58.6399993896484,526785
2019-09-24,58.439998626709,58.4900016784668,56.689998626709,57.2900009155273,57.2900009155273,591529
2019-09-25,56.7000007629395,57.0200004577637,55.5499992370605,56.4900016784668,56.4900016784668,563550
2019-09-26,56.689998626709,56.8400001525879,55.4099998474121,56.4099998474121,56.4099998474121,599653
2019-09-27,56.5099983215332,56.7599983215332,54.75,55.9099998474121,55.9099998474121,712966
2019-09-30,56.5400009155273,56.5699996948242,53.9799995422363,54.0699996948242,54.0699996948242,532522
2019-10-01,54.2799987792969,54.8400001525879,53.0499992370605,53.6199989318848,53.6199989318848,589176
2019-10-02,54,54.4199981689453,52.1699981689453,52.6399993896484,52.6399993896484,590306
2019-10-03,52.4700012207031,52.9099998474121,50.9900016784668,52.4500007629395,52.4500007629395,642466
2019-10-04,52.2900009155273,53.3499984741211,52.0400009155273,52.810001373291,52.810001373291,541104
2019-10-07,52.689998626709,54.060001373291,52.5900001525879,52.75,52.75,549019
2019-10-08,52.810001373291,53.2700004577637,51.810001373291,52.6300010681152,52.6300010681152,658324
2019-10-09,52.5699996948242,53.7400016784668,52.310001373291,52.5900001525879,52.5900001525879,632666
2019-10-10,52.689998626709,53.9700012207031,51.3800010681152,53.5499992370605,53.5499992370605,613944
2019-10-11,53.8800010681152,54.9300003051758,53.6399993896484,54.7000007629395,54.7000007629395,467643
2019-10-14,54.9000015258789,54.9000015258789,52.7700004577637,53.5900001525879,53.5900001525879,467643
2019-10-15,53.5099983215332,53.7900009155273,52.3899993896484,52.810001373291,52.810001373291,511249
2019-10-16,52.9199981689453,53.7400016784668,52.5200004577637,53.3600006103516,53.3600006103516,451643
2019-10-17,52.9900016784668,54.1599998474121,52.6199989318848,53.9300003051758,53.9300003051758,418422
2019-10-18,54.0900001525879,54.6199989318848,53.3499984741211,53.7799987792969,53.7799987792969,174477
2019-10-21,53.7099990844727,54.0299987792969,52.7099990844727,53.310001373291,53.310001373291,95979
2019-10-22,53.3899993896484,54.6199989318848,53.0999984741211,54.1599998474121,54.1599998474121,506573
2019-10-23,54.2999992370605,56.0699996948242,53.6199989318848,55.9700012207031,55.9700012207031,620202
2019-10-24,55.9000015258789,56.5099983215332,55.4099998474121,56.2299995422363,56.2299995422363,480764
2019-10-25,56.0699996948242,56.7400016784668,55.5999984741211,56.6599998474121,56.6599998474121,445020
2019-10-28,56.6500015258789,56.9199981689453,55.5800018310547,55.810001373291,55.810001373291,437020
2019-10-29,55.7999992370605,55.9099998474121,54.6100006103516,55.5400009155273,55.5400009155273,521457
2019-10-30,55.5299987792969,55.7299995422363,54.4199981689453,55.060001373291,55.060001373291,659328
2019-10-31,54.9000015258789,55.5900001525879,53.7099990844727,54.1800003051758,54.1800003051758,677419
2019-11-01,54.1500015258789,56.3300018310547,54.0699996948242,56.2000007629395,56.2000007629395,538117
2019-11-04,56.4099998474121,57.4300003051758,55.8300018310547,56.5400009155273,56.5400009155273,580350
2019-11-05,56.560001373291,57.5,56.2999992370605,57.2299995422363,57.2299995422363,435319
2019-11-06,57.2599983215332,57.8499984741211,56.1100006103516,56.3499984741211,56.3499984741211,623258
2019-11-07,56.3499984741211,57.8800010681152,56.2700004577637,57.1500015258789,57.1500015258789,678165
2019-11-08,57.0800018310547,57.4799995422363,55.7599983215332,57.2400016784668,57.2400016784668,636941
2019-11-11,57.4000015258789,57.4000015258789,56.25,56.8600006103516,56.8600006103516,498981
2019-11-12,56.8899993896484,57.5499992370605,56.5400009155273,56.7999992370605,56.7999992370605,586568
2019-11-13,56.7900009155273,57.5299987792969,56.2000007629395,57.1199989318848,57.1199989318848,547635
2019-11-14,57.3899993896484,57.7900009155273,56.6300010681152,56.7700004577637,56.7700004577637,516832
2019-11-15,56.9099998474121,57.9700012207031,56.4300003051758,57.7200012207031,57.7200012207031,375993
2019-11-18,57.8800010681152,58.0900001525879,56.5499992370605,57.0499992370605,57.0499992370605,159328
2019-11-19,56.9000015258789,57.1100006103516,55.0400009155273,55.2099990844727,55.2099990844727,121214
2019-11-20,55.1599998474121,57.25,54.7599983215332,57.1100006103516,57.1100006103516,674891
2019-11-21,57,58.6699981689453,56.5999984741211,58.5800018310547,58.5800018310547,593533
2019-11-22,58.310001373291,58.7400016784668,57.5,57.7700004577637,57.7700004577637,508244
2019-11-25,57.9199981689453,58.1500015258789,57.2099990844727,58.0099983215332,58.0099983215332,420642
2019-11-26,57.9199981689453,58.560001373291,57.7599983215332,58.4099998474121,58.4099998474121,443816
2019-11-27,58.2700004577637,58.6800003051758,57.5099983215332,58.1100006103516,58.1100006103516,454256
2019-11-29,58.1300010681152,58.2999992370605,55.0200004577637,55.1699981689453,55.1699981689453,718724
2019-12-02,55.4700012207031,56.6699981689453,55.4199981689453,55.9599990844727,55.9599990844727,616423
2019-12-03,55.9599990844727,56.7999992370605,55.3499984741211,56.0999984741211,56.0999984741211,560554
2019-12-04,56.4300003051758,58.6599998474121,56.2799987792969,58.4300003051758,58.4300003051758,760541
2019-12-05,58.3600006103516,59.1199989318848,58.0999984741211,58.4300003051758,58.4300003051758,649461
2019-12-06,58.3199996948242,59.8499984741211,57.7000007629395,59.2000007629395,59.2000007629395,679609
2019-12-09,59.1100006103516,59.25,58.2299995422363,59.0200004577637,59.0200004577637,511561
2019-12-10,58.9199981689453,59.5200004577637,58.5200004577637,59.2400016784668,59.2400016784668,566822
2019-12-11,59.060001373291,59.2200012207031,58.1100006103516,58.7599983215332,58.7599983215332,589650
2019-12-12,58.8800010681152,59.7200012207031,58.75,59.1800003051758,59.1800003051758,530851
2019-12-13,59.3600006103516,60.4799995422363,59.2700004577637,60.0699996948242,60.0699996948242,512288
2019-12-16,59.8699989318848,60.3400001525879,59.7099990844727,60.2099990844727,60.2099990844727,347395
2019-12-17,60.2299995422363,61.060001373291,60.0299987792969,60.939998626709,60.939998626709,163744
2019-12-18,60.5499992370605,61.1800003051758,60.3199996948242,60.9300003051758,60.9300003051758,131071
2019-12-19,60.8600006103516,61.4700012207031,60.7900009155273,61.2200012207031,61.2200012207031,426341
2019-12-20,61.1100006103516,61.2000007629395,60.0200004577637,60.439998626709,60.439998626709,552517
2019-12-23,60.4099998474121,60.7700004577637,60.0999984741211,60.5200004577637,60.5200004577637,314711
2019-12-24,60.6300010681152,61.1599998474121,60.4700012207031,61.1100006103516,61.1100006103516,204535
2019-12-26,61.2000007629395,61.8300018310547,61.060001373291,61.6800003051758,61.6800003051758,265091
2019-12-27,61.7299995422363,61.9700012207031,61.2400016784668,61.7200012207031,61.7200012207031,351899
2019-12-30,61.7099990844727,62.3400001525879,61.0900001525879,61.6800003051758,61.6800003051758,427149
2019-12-31,61.6800003051758,61.8800010681152,60.6300010681152,61.060001373291,61.060001373291,494535
2020-01-02,61.5999984741211,61.5999984741211,60.6399993896484,61.1800003051758,61.1800003051758,486873
2020-01-03,61.1800003051758,64.0899963378906,61.1300010681152,63.0499992370605,63.0499992370605,885861
2020-01-06,63.7099990844727,64.7200012207031,62.6399993896484,63.2700004577637,63.2700004577637,724236
2020-01-07,62.9099998474121,63.1500015258789,62.1100006103516,62.7000007629395,62.7000007629395,582649
2020-01-08,62.8400001525879,65.6500015258789,59.1500015258789,59.6100006103516,59.6100006103516,1205710
2020-01-09,59.9900016784668,60.310001373291,58.6599998474121,59.560001373291,59.560001373291,750933
2020-01-10,59.6100006103516,59.7799987792969,58.8499984741211,59.0400009155273,59.0400009155273,596186
2020-01-13,59.0400009155273,59.2700004577637,57.9099998474121,58.0800018310547,58.0800018310547,584002
2020-01-14,58.0299987792969,58.7200012207031,57.7200012207031,58.2299995422363,58.2299995422363,507714
2020-01-15,58.2000007629395,58.3600006103516,57.3600006103516,57.810001373291,57.810001373291,433169
2020-01-16,58.0999984741211,58.8699989318848,57.560001373291,58.5200004577637,58.5200004577637,182871
2020-01-17,58.5900001525879,58.9799995422363,58.2700004577637,58.5400009155273,58.5400009155273,122561
2020-01-21,59.1699981689453,59.7299995422363,57.6800003051758,58.3400001525879,58.3400001525879,648335
2020-01-22,58.2599983215332,58.3800010681152,56.0299987792969,56.7400016784668,56.7400016784668,620119
2020-01-23,56.1100006103516,56.2700004577637,54.7700004577637,55.5900001525879,55.5900001525879,703995
2020-01-24,55.689998626709,55.9500007629395,53.8499984741211,54.189998626709,54.189998626709,586195
2020-01-27,53.7000007629395,53.7099990844727,52.1300010681152,53.1399993896484,53.1399993896484,712880
2020-01-28,52.7700004577637,54.060001373291,52.6800003051758,53.4799995422363,53.4799995422363,633963
2020-01-29,53.9700012207031,54.3699989318848,52.810001373291,53.3300018310547,53.3300018310547,624979
2020-01-30,53.0900001525879,53.2000007629395,51.6599998474121,52.1399993896484,52.1399993896484,720123
2020-01-31,52.9199981689453,53.3600006103516,50.9700012207031,51.560001373291,51.560001373291,827907
2020-02-03,51.0099983215332,51.9700012207031,49.7999992370605,50.1100006103516,50.1100006103516,876044
2020-02-04,49.939998626709,51.5499992370605,49.310001373291,49.6100006103516,49.6100006103516,859357
2020-02-05,49.5099983215332,51.8800010681152,49.4700012207031,50.75,50.75,887946
2020-02-06,51.1699981689453,52.2000007629395,50.2400016784668,50.9500007629395,50.9500007629395,750659
2020-02-07,51.1100006103516,51.4799995422363,50.0900001525879,50.3199996948242,50.3199996948242,768345
2020-02-10,50.1199989318848,50.4900016784668,49.4199981689453,49.5699996948242,49.5699996948242,715894
2020-02-11,49.6100006103516,50.689998626709,49.5800018310547,49.939998626709,49.939998626709,725733
2020-02-12,49.9599990844727,51.7299995422363,49.9500007629395,51.1699981689453,51.1699981689453,795256
2020-02-13,51.7200012207031,51.9599990844727,50.5999984741211,51.4199981689453,51.4199981689453,745400
2020-02-14,51.5099983215332,52.3400001525879,51.3199996948242,52.0499992370605,52.0499992370605,607343
2020-02-18,52.2299995422363,52.4099998474121,50.8800010681152,52.0499992370605,52.0499992370605,221774
2020-02-19,52.1199989318848,53.6599998474121,51.9300003051758,53.2900009155273,53.2900009155273,113683
2020-02-20,53.5,54.5,53.2200012207031,53.7799987792969,53.7799987792969,676179
2020-02-21,53.7400016784668,53.8600006103516,52.5499992370605,53.3800010681152,53.3800010681152,707555
2020-02-24,52.5999984741211,52.6399993896484,50.4500007629395,51.4300003051758,51.4300003051758,765515
2020-02-25,51.3699989318848,52.0200004577637,49.689998626709,49.9000015258789,49.9000015258789,764989
2020-02-26,50.0800018310547,50.439998626709,48.2999992370605,48.7299995422363,48.7299995422363,884482
2020-02-27,48.6300010681152,48.7799987792969,45.8800010681152,47.0900001525879,47.0900001525879,1011915
2020-02-28,46.4900016784668,47.0299987792969,43.8499984741211,44.7599983215332,44.7599983215332,1101659
2020-03-02,43.7000007629395,47.560001373291,43.3199996948242,46.75,46.75,949471
2020-03-03,47.7200012207031,48.6599998474121,46.4700012207031,47.1800003051758,47.1800003051758,1011933
2020-03-04,46.939998626709,48.4099998474121,46.6500015258789,46.7799987792969,46.7799987792969,745856
2020-03-05,47.1300010681152,47.5699996948242,45.6500015258789,45.9000015258789,45.9000015258789,704591
2020-03-06,46.0900001525879,46.3800010681152,41.0499992370605,41.2799987792969,41.2799987792969,1276180
2020-03-09,32.8699989318848,34.8800010681152,27.3400001525879,31.1299991607666,31.1299991607666,1774383
2020-03-10,30.3700008392334,35.0200004577637,30.2000007629395,34.3600006103516,34.3600006103516,1064632
2020-03-11,34.6199989318848,36.3499984741211,32.560001373291,32.9799995422363,32.9799995422363,874646
2020-03-12,33.0699996948242,33.6300010681152,30.0200004577637,31.5,31.5,1025036
2020-03-13,30.7700004577637,33.8699989318848,30.3299999237061,31.7299995422363,31.7299995422363,743129
2020-03-16,33.75,33.75,28.1000003814697,28.7000007629395,28.7000007629395,698829
2020-03-17,28.6900005340576,30.2999992370605,26.6299991607666,26.9500007629395,26.9500007629395,545820
2020-03-18,26.9400005340576,27.2199993133545,20.0599994659424,20.3700008392334,20.3700008392334,309481
2020-03-19,22.2999992370605,27.7099990844727,21.3600006103516,25.2199993133545,25.2199993133545,136722
2020-03-20,24.7299995422363,27.8899993896484,19.4599990844727,22.4300003051758,22.4300003051758,1133808
2020-03-23,22.5200004577637,24.0699996948242,20.7999992370605,23.3600006103516,23.3600006103516,852951
2020-03-24,23.8700008392334,25.1599998474121,23.0900001525879,24.0100002288818,24.0100002288818,659697
2020-03-25,24.3700008392334,25.2399997711182,22.9099998474121,24.4899997711182,24.4899997711182,618725
2020-03-26,24.25,24.6499996185303,22.3799991607666,22.6000003814697,22.6000003814697,633877
2020-03-27,23.2900009155273,23.4400005340576,20.8799991607666,21.5100002288818,21.5100002288818,603124
2020-03-30,20.9300003051758,20.9300003051758,19.2700004577637,20.0900001525879,20.0900001525879,758711
2020-03-31,20.2299995422363,21.8899993896484,20.0100002288818,20.4799995422363,20.4799995422363,660082
2020-04-01,20.1000003814697,21.5499992370605,19.8999996185303,20.3099994659424,20.3099994659424,703286
2020-04-02,21.2199993133545,27.3899993896484,20.7600002288818,25.3199996948242,25.3199996948242,1095972
2020-04-03,24.8099994659424,29.1299991607666,23.5200004577637,28.3400001525879,28.3400001525879,1007577
2020-04-06,26.0900001525879,28.2399997711182,25.2800006866455,26.0799999237061,26.0799999237061,752710
2020-04-07,26.3400001525879,27.2399997711182,23.5400009155273,23.6299991607666,23.6299991607666,797707
2020-04-08,24.2999992370605,26.4500007629395,23.7399997711182,25.0900001525879,25.0900001525879,823554
2020-04-09,26.2800006866455,28.3600006103516,22.5699996948242,22.7600002288818,22.7600002288818,1122149
2020-04-13,24.6000003814697,24.7399997711182,22.0300006866455,22.4099998474121,22.4099998474121,775120
2020-04-14,22.3600006103516,23.0799999237061,19.9500007629395,20.1100006103516,20.1100006103516,785478
2020-04-15,20.7199993133545,20.8899993896484,19.2000007629395,19.8700008392334,19.8700008392334,544797
2020-04-16,20.1499996185303,20.5300006866455,19.4200000762939,19.8700008392334,19.8700008392334,350942
2020-04-17,20,20.2199993133545,17.3099994659424,18.2700004577637,18.2700004577637,240628
2020-04-20,17.7299995422363,17.8500003814697,-40.3199996948242,-37.6300010681152,-37.6300010681152,247947
2020-04-21,-14,13.8599996566772,-16.7399997711182,10.0100002288818,10.0100002288818,2288230
2020-04-22,13.1199998855591,16.1800003051758,10.2600002288818,13.7799997329712,13.7799997329712,1235218
2020-04-23,14.1999998092651,18.2600002288818,13.3500003814697,16.5,16.5,833584
2020-04-24,16.7800006866455,17.9699993133545,15.6400003433228,16.9400005340576,16.9400005340576,600220
2020-04-27,16.8400001525879,16.9799995422363,11.8800001144409,12.7799997329712,12.7799997329712,623201
2020-04-28,12.960000038147,13.6899995803833,10.0699996948242,12.3400001525879,12.3400001525879,897087
2020-04-29,13.3500003814697,16.7800006866455,12.6700000762939,15.0600004196167,15.0600004196167,554134
2020-04-30,15.6400003433228,19.4400005340576,15.4499998092651,18.8400001525879,18.8400001525879,545344
2020-05-01,19.0400009155273,20.4799995422363,18.0699996948242,19.7800006866455,19.7800006866455,403201
2020-05-04,19.1100006103516,21.4200000762939,18.0499992370605,20.3899993896484,20.3899993896484,311488
2020-05-05,21.2399997711182,25.4899997711182,21.1299991607666,24.5599994659424,24.5599994659424,387240
2020-05-06,25.5200004577637,26.0799999237061,22.5799999237061,23.9899997711182,23.9899997711182,381165
2020-05-07,24.0900001525879,26.7399997711182,22.9400005340576,23.5499992370605,23.5499992370605,310261
2020-05-08,23.3500003814697,24.9899997711182,23.2600002288818,24.7399997711182,24.7399997711182,205181
2020-05-11,24.4899997711182,25.5799999237061,23.6700000762939,24.1399993896484,24.1399993896484,179591
2020-05-12,24.4899997711182,26.2299995422363,24.2199993133545,25.7800006866455,25.7800006866455,212335
2020-05-13,25.2999992370605,26.4500007629395,24.7900009155273,25.2900009155273,25.2900009155273,150864
2020-05-14,25.5599994659424,27.9599990844727,25.1800003051758,27.5599994659424,27.5599994659424,160507
2020-05-15,27.6399993896484,29.9200000762939,27.2399997711182,29.4300003051758,29.4300003051758,108016
2020-05-18,29.5300006866455,33.3199996948242,29.5300006866455,31.8199996948242,31.8199996948242,89376
2020-05-19,32.8300018310547,33.439998626709,31.3400001525879,32.5,32.5,430823
2020-05-20,31.8899993896484,33.7799987792969,31.5599994659424,33.4900016784668,33.4900016784668,406431
2020-05-21,33.5299987792969,34.6599998474121,33.2599983215332,33.9199981689453,33.9199981689453,372814
2020-05-22,33.9500007629395,34,30.7199993133545,33.25,33.25,429036
2020-05-26,33.2999992370605,34.810001373291,32.4799995422363,34.3499984741211,34.3499984741211,466737
2020-05-27,34.1399993896484,34.3199996948242,31.75,32.810001373291,32.810001373291,415246
2020-05-28,32.0999984741211,34.2099990844727,31.1399993896484,33.7099990844727,33.7099990844727,440168
2020-05-29,33.6800003051758,35.7700004577637,32.3600006103516,35.4900016784668,35.4900016784668,443647
2020-06-01,35.2099990844727,35.9000015258789,34.2700004577637,35.439998626709,35.439998626709,385710
2020-06-02,35.560001373291,37.060001373291,35.2799987792969,36.810001373291,36.810001373291,343483
2020-06-03,36.8600006103516,38.1800003051758,35.8800010681152,37.2900009155273,37.2900009155273,494253
2020-06-04,36.7599983215332,37.6199989318848,36.3800010681152,37.4099998474121,37.4099998474121,307612
2020-06-05,37.3300018310547,39.6800003051758,37.0499992370605,39.5499992370605,39.5499992370605,396856
2020-06-08,39.4099998474121,40.439998626709,37.9599990844727,38.189998626709,38.189998626709,416639
2020-06-09,38.2200012207031,39.0999984741211,37.0699996948242,38.939998626709,38.939998626709,396033
2020-06-10,38.5,39.9099998474121,37.7299995422363,39.5999984741211,39.5999984741211,385868
2020-06-11,39.0900001525879,39.0900001525879,35.4099998474121,36.3400001525879,36.3400001525879,513912
2020-06-12,36.2599983215332,36.9900016784668,34.4799995422363,36.2599983215332,36.2599983215332,406508
2020-06-15,36.0299987792969,37.2599983215332,34.3600006103516,37.1199989318848,37.1199989318848,387546
2020-06-16,37.0499992370605,39.060001373291,36.3800010681152,38.3800010681152,38.3800010681152,366323
2020-06-17,37.9300003051758,38.75,37.2099990844727,37.9599990844727,37.9599990844727,239516
2020-06-18,37.7400016784668,38.9700012207031,37.1100006103516,38.8400001525879,38.8400001525879,113384
2020-06-19,38.8499984741211,40.4900016784668,38.4000015258789,39.75,39.75,64113
2020-06-22,39.1800003051758,40.7000007629395,39.1199989318848,40.4599990844727,40.4599990844727,315264
2020-06-23,40.6800003051758,41.6300010681152,39.7599983215332,40.3699989318848,40.3699989318848,368730
2020-06-24,39.9900016784668,40.5400009155273,37.310001373291,38.0099983215332,38.0099983215332,499490
2020-06-25,38.0499992370605,39.2299995422363,37.0800018310547,38.7200012207031,38.7200012207031,451640
2020-06-26,39.0900001525879,39.3499984741211,37.7900009155273,38.4900016784668,38.4900016784668,356712
2020-06-29,37.9599990844727,39.8899993896484,37.5,39.7000007629395,39.7000007629395,343913
2020-06-30,39.6399993896484,40.0800018310547,38.8499984741211,39.2700004577637,39.2700004577637,370059
2020-07-01,39.8400001525879,40.5800018310547,39.0499992370605,39.8199996948242,39.8199996948242,407170
2020-07-02,39.7799987792969,40.7400016784668,39.4599990844727,40.6500015258789,40.6500015258789,347096
2020-07-06,40.3800010681152,41.0800018310547,39.8400001525879,40.6300010681152,40.6300010681152,373236
2020-07-07,40.6800003051758,40.9500007629395,39.9000015258789,40.6199989318848,40.6199989318848,256596
2020-07-08,40.4799995422363,41.0800018310547,40.2999992370605,40.9000015258789,40.9000015258789,286740
2020-07-09,40.8699989318848,40.9900016784668,39.2700004577637,39.6199989318848,39.6199989318848,367386
2020-07-10,39.5800018310547,40.7700004577637,38.5400009155273,40.5499992370605,40.5499992370605,393149
2020-07-13,40.3499984741211,40.7200012207031,39.4700012207031,40.0999984741211,40.0999984741211,370715
2020-07-14,39.5999984741211,40.5699996948242,39.0699996948242,40.2900009155273,40.2900009155273,426971
2020-07-15,40.5499992370605,41.2599983215332,40.0800018310547,41.2000007629395,41.2000007629395,352542
2020-07-16,40.9700012207031,41.1800003051758,40.5200004577637,40.75,40.75,200101
2020-07-17,40.7200012207031,40.9000015258789,40.0200004577637,40.5900001525879,40.5900001525879,88220
2020-07-20,40.6399993896484,40.9099998474121,39.8300018310547,40.810001373291,40.810001373291,60179
2020-07-21,40.6500015258789,42.4000015258789,40.6399993896484,41.9599990844727,41.9599990844727,389117
2020-07-22,41.5400009155273,42.0299987792969,41.1399993896484,41.9000015258789,41.9000015258789,333647
2020-07-23,41.9500007629395,42.3600006103516,40.8300018310547,41.0699996948242,41.0699996948242,389412
2020-07-24,41.060001373291,41.6699981689453,40.6599998474121,41.2900009155273,41.2900009155273,353159
2020-07-27,41.2599983215332,41.8199996948242,40.4799995422363,41.5999984741211,41.5999984741211,377714
2020-07-28,41.6500015258789,41.9300003051758,40.8499984741211,41.0400009155273,41.0400009155273,276804
2020-07-29,41.1300010681152,41.5699996948242,40.9300003051758,41.2700004577637,41.2700004577637,295855
2020-07-30,41.3199996948242,41.3899993896484,38.7200012207031,39.9199981689453,39.9199981689453,487325
2020-07-31,40.3400001525879,40.5499992370605,39.6599998474121,40.2700004577637,40.2700004577637,318788
2020-08-03,40.3899993896484,41.2400016784668,39.5800018310547,41.0099983215332,41.0099983215332,338326
2020-08-04,40.7799987792969,42.0800018310547,40.1399993896484,41.7000007629395,41.7000007629395,451575
2020-08-05,41.560001373291,43.5200004577637,41.4700012207031,42.189998626709,42.189998626709,491268
2020-08-06,42.189998626709,42.6500015258789,41.6100006103516,41.9500007629395,41.9500007629395,359610
2020-08-07,41.9700012207031,42.2200012207031,41.060001373291,41.2200012207031,41.2200012207031,398997
2020-08-10,41.5,42.3300018310547,41.1699981689453,41.939998626709,41.939998626709,367796
2020-08-11,41.9799995422363,42.939998626709,41.4799995422363,41.6100006103516,41.6100006103516,432843
2020-08-12,41.6199989318848,42.9000015258789,41.5299987792969,42.6699981689453,42.6699981689453,397831
2020-08-13,42.5699996948242,42.8400001525879,42.0900001525879,42.2400016784668,42.2400016784668,329507
2020-08-14,42.3300018310547,42.5699996948242,41.6199989318848,42.0099983215332,42.0099983215332,310866
2020-08-17,42.2400016784668,42.9700012207031,41.7999992370605,42.8899993896484,42.8899993896484,208429
2020-08-18,42.7900009155273,42.9900016784668,42.1100006103516,42.8899993896484,42.8899993896484,111628
2020-08-19,42.5999984741211,43.0299987792969,42.3600006103516,42.9300003051758,42.9300003051758,81299
2020-08-20,42.7400016784668,42.7900009155273,41.5,42.5800018310547,42.5800018310547,377070
2020-08-21,42.75,42.9599990844727,41.4599990844727,42.3400001525879,42.3400001525879,345368
2020-08-24,42.4799995422363,42.8899993896484,42.2299995422363,42.6199989318848,42.6199989318848,294731
2020-08-25,42.3600006103516,43.5699996948242,42.310001373291,43.3499984741211,43.3499984741211,330800
2020-08-26,43.3899993896484,43.7799987792969,43,43.3899993896484,43.3899993896484,262243
2020-08-27,43.4500007629395,43.5,42.3600006103516,43.0400009155273,43.0400009155273,320968
2020-08-28,42.9799995422363,43.4199981689453,42.689998626709,42.9700012207031,42.9700012207031,272800
2020-08-31,42.9099998474121,43.5699996948242,42.560001373291,42.6100006103516,42.6100006103516,236877
2020-09-01,42.8300018310547,43.4300003051758,42.7200012207031,42.7599983215332,42.7599983215332,285146
2020-09-02,43.0200004577637,43.2099990844727,41.2299995422363,41.5099983215332,41.5099983215332,421771
2020-09-03,41.6300010681152,41.7900009155273,40.2200012207031,41.3699989318848,41.3699989318848,417634
2020-09-04,41.25,41.8699989318848,39.3499984741211,39.7700004577637,39.7700004577637,444184
2020-09-08,39.4799995422363,39.5900001525879,36.1300010681152,36.7599983215332,36.7599983215332,720975
2020-09-09,36.7900009155273,38.4500007629395,36.1599998474121,38.0499992370605,38.0499992370605,455356
2020-09-10,37.7999992370605,38.1800003051758,36.9300003051758,37.2999992370605,37.2999992370605,367555
2020-09-11,37.0099983215332,37.8199996948242,36.6699981689453,37.3300018310547,37.3300018310547,363787
2020-09-14,37.3199996948242,37.6800003051758,36.8199996948242,37.2599983215332,37.2599983215332,347563
2020-09-15,37.2799987792969,38.5699996948242,37.060001373291,38.2799987792969,38.2799987792969,348861
2020-09-16,38.3499984741211,40.3400001525879,38.3499984741211,40.1599998474121,40.1599998474121,367612
2020-09-17,40.189998626709,41.2200012207031,39.4199981689453,40.9700012207031,40.9700012207031,280669
2020-09-18,40.9700012207031,41.4900016784668,40.2999992370605,41.1100006103516,41.1100006103516,85906
2020-09-21,40.9799995422363,41.2700004577637,38.6599998474121,39.310001373291,39.310001373291,66195
2020-09-22,39.6300010681152,40.0200004577637,39,39.5999984741211,39.5999984741211,287807
2020-09-23,39.7599983215332,40.75,39.2599983215332,39.9300003051758,39.9300003051758,318754
2020-09-24,39.5999984741211,40.3699989318848,39.1199989318848,40.310001373291,40.310001373291,269992
2020-09-25,40.1500015258789,40.6399993896484,39.7099990844727,40.25,40.25,229025
2020-09-28,40.0699996948242,40.7999992370605,39.7799987792969,40.5999984741211,40.5999984741211,226425
2020-09-29,40.5800018310547,40.7000007629395,38.4099998474121,39.2900009155273,39.2900009155273,379599
2020-09-30,39.1599998474121,40.3699989318848,38.6800003051758,40.2200012207031,40.2200012207031,340294
2020-10-01,39.9000015258789,40.4700012207031,37.6100006103516,38.7200012207031,38.7200012207031,443442
2020-10-02,38.5999984741211,38.6500015258789,36.6300010681152,37.0499992370605,37.0499992370605,391428
2020-10-05,37,39.7200012207031,37,39.2200012207031,39.2200012207031,378579
2020-10-06,39.3499984741211,40.8600006103516,39.0999984741211,40.6699981689453,40.6699981689453,400531
2020-10-07,39.8300018310547,40.3499984741211,39.2799987792969,39.9500007629395,39.9500007629395,433065
2020-10-08,39.9900016784668,41.3300018310547,39.7599983215332,41.189998626709,41.189998626709,409787
2020-10-09,41.310001373291,41.4700012207031,40.3800010681152,40.5999984741211,40.5999984741211,331703
2020-10-12,40.4000015258789,40.4500007629395,39.0400009155273,39.4300003051758,39.4300003051758,322035
2020-10-13,39.5299987792969,40.5299987792969,39.3499984741211,40.2000007629395,40.2000007629395,375470
2020-10-14,40.189998626709,41.1599998474121,39.8199996948242,41.0400009155273,41.0400009155273,328295
2020-10-15,41.1300010681152,41.2900009155273,39.2200012207031,40.9599990844727,40.9599990844727,248251
2020-10-16,40.8800010681152,41.0499992370605,40.0800018310547,40.8800010681152,40.8800010681152,96488
2020-10-19,40.689998626709,41.2200012207031,40.5400009155273,40.8300018310547,40.8300018310547,75335
2020-10-20,40.6500015258789,41.7000007629395,40.25,41.4599990844727,41.4599990844727,360574
2020-10-21,41.2200012207031,41.5900001525879,39.7799987792969,40.0299987792969,40.0299987792969,366899
2020-10-22,40.0400009155273,41.0200004577637,39.7099990844727,40.6399993896484,40.6399993896484,307494
2020-10-23,40.6100006103516,40.9199981689453,39.5699996948242,39.8499984741211,39.8499984741211,268931
2020-10-26,39.689998626709,39.7400016784668,38.2799987792969,38.560001373291,38.560001373291,360184
2020-10-27,38.5900001525879,39.8300018310547,38.5099983215332,39.5699996948242,39.5699996948242,339535
2020-10-28,38.9700012207031,39.0099983215332,36.9700012207031,37.3899993896484,37.3899993896484,489954
2020-10-29,37.3899993896484,37.7599983215332,34.9199981689453,36.1699981689453,36.1699981689453,568816
2020-10-30,36.0699996948242,36.5999984741211,35.2099990844727,35.7900009155273,35.7900009155273,388971
2020-11-02,35.2400016784668,37.1500015258789,33.6399993896484,36.810001373291,36.810001373291,489204
2020-11-03,37.0299987792969,38.3199996948242,36.5699996948242,37.6599998474121,37.6599998474121,410611
2020-11-04,38.1500015258789,39.25,37.2599983215332,39.1500015258789,39.1500015258789,437000
2020-11-05,39.1699981689453,39.3499984741211,38.2700004577637,38.7900009155273,38.7900009155273,298366
2020-11-06,38.5400009155273,38.6100006103516,37.060001373291,37.1399993896484,37.1399993896484,411026
2020-11-09,37.3400001525879,41.3300018310547,37.1599998474121,40.2900009155273,40.2900009155273,622921
2020-11-10,39.9099998474121,41.8400001525879,39.4099998474121,41.3600006103516,41.3600006103516,457045
2020-11-11,41.7900009155273,43.060001373291,41.3199996948242,41.4500007629395,41.4500007629395,443772
2020-11-12,41.4700012207031,42.189998626709,40.8699989318848,41.1199989318848,41.1199989318848,401031
2020-11-13,40.939998626709,40.939998626709,40.060001373291,40.1300010681152,40.1300010681152,338187
2020-11-16,40.1699981689453,42.0900001525879,40.1500015258789,41.3400001525879,41.3400001525879,378785
2020-11-17,41.439998626709,41.689998626709,40.5699996948242,41.4300003051758,41.4300003051758,243677
2020-11-18,41.3499984741211,42.4599990844727,41.0800018310547,41.8199996948242,41.8199996948242,107013
2020-11-19,41.6100006103516,41.9799995422363,41.0800018310547,41.7400016784668,41.7400016784668,88144
2020-11-20,41.7000007629395,42.3199996948242,41.5099983215332,42.1500015258789,42.1500015258789,276340
2020-11-23,42.4599990844727,43.3600006103516,42.2900009155273,43.060001373291,43.060001373291,300717
2020-11-24,42.8400001525879,45.2000007629395,42.8199996948242,44.9099998474121,44.9099998474121,418527
2020-11-25,44.8199996948242,46.2599983215332,44.7299995422363,45.7099990844727,45.7099990844727,417182
2020-11-27,45.9000015258789,46.0900001525879,44.5499992370605,45.5299987792969,45.5299987792969,365128
2020-11-30,45.3400001525879,45.7999992370605,44.4199981689453,45.3400001525879,45.3400001525879,370755
2020-12-01,45.0800018310547,45.7000007629395,44.1199989318848,44.5499992370605,44.5499992370605,314919
2020-12-02,44.3800010681152,45.9199981689453,43.9199981689453,45.2799987792969,45.2799987792969,368854
2020-12-03,44.9900016784668,45.8400001525879,44.6599998474121,45.6399993896484,45.6399993896484,350768
2020-12-04,45.6399993896484,46.6800003051758,45.6100006103516,46.2599983215332,46.2599983215332,335453
2020-12-07,46.1500015258789,46.5400009155273,45.3600006103516,45.7599983215332,45.7599983215332,348871
2020-12-08,45.6599998474121,45.9300003051758,45.1399993896484,45.5999984741211,45.5999984741211,332641
2020-12-09,45.5999984741211,46.2400016784668,44.9500007629395,45.5200004577637,45.5200004577637,434976
2020-12-10,45.689998626709,47.7400016784668,45.5200004577637,46.7799987792969,46.7799987792969,447529
2020-12-11,46.9700012207031,47.2900009155273,46.3400001525879,46.5699996948242,46.5699996948242,367305
2020-12-14,46.7299995422363,47.439998626709,45.689998626709,46.9900016784668,46.9900016784668,403543
2020-12-15,46.9900016784668,47.7299995422363,46.5400009155273,47.6199989318848,47.6199989318848,311169
2020-12-16,47.5999984741211,47.939998626709,47.1699981689453,47.8199996948242,47.8199996948242,275331
2020-12-17,47.8499984741211,48.5900001525879,47.810001373291,48.3600006103516,48.3600006103516,96536
2020-12-18,48.4300003051758,49.2799987792969,48.0999984741211,49.0999984741211,49.0999984741211,83711
2020-12-21,48.5400009155273,48.6100006103516,46.1800003051758,47.7400016784668,47.7400016784668,478098
2020-12-22,47.9300003051758,47.9599990844727,46.5999984741211,47.0200004577637,47.0200004577637,295737
2020-12-23,46.7900009155273,48.5,46.1599998474121,48.1199989318848,48.1199989318848,344306
2020-12-24,48.0900001525879,48.6199989318848,47.560001373291,48.2299995422363,48.2299995422363,167390
2020-12-28,48.2299995422363,48.9599990844727,47.5,47.6199989318848,47.6199989318848,238462
2020-12-29,47.7200012207031,48.3499984741211,47.6800003051758,48,48,213778
2020-12-30,48.1300010681152,48.6599998474121,47.6100006103516,48.4000015258789,48.4000015258789,266957
2020-12-31,48.3499984741211,48.5800018310547,47.7700004577637,48.5200004577637,48.5200004577637,181894
2021-01-04,48.4000015258789,49.8300018310547,47.1800003051758,47.6199989318848,47.6199989318848,528525
2021-01-05,47.3800010681152,50.2000007629395,47.2400016784668,49.9300003051758,49.9300003051758,643191
2021-01-06,49.8199996948242,50.939998626709,49.4799995422363,50.6300010681152,50.6300010681152,509365
2021-01-07,50.5299987792969,51.2799987792969,50.3899993896484,50.8300018310547,50.8300018310547,369292
2021-01-08,50.9300003051758,52.75,50.810001373291,52.2400016784668,52.2400016784668,499416
2021-01-11,52.5800018310547,52.7000007629395,51.5,52.25,52.25,394822
2021-01-12,52.1800003051758,53.4500007629395,52.0699996948242,53.2099990844727,53.2099990844727,400200
2021-01-13,53.310001373291,53.9300003051758,52.5800018310547,52.9099998474121,52.9099998474121,429898
2021-01-14,52.8400001525879,53.75,52.2400016784668,53.5699996948242,53.5699996948242,390087
2021-01-15,53.7999992370605,53.8300018310547,51.8300018310547,52.3600006103516,52.3600006103516,165668
2021-01-19,52,53.1300010681152,51.7599983215332,52.9799995422363,52.9799995422363,125964
2021-01-20,53.1300010681152,53.7900009155273,53.0499992370605,53.2400016784668,53.2400016784668,400301
2021-01-21,52.9300003051758,53.4099998474121,52.75,53.1300010681152,53.1300010681152,352397
2021-01-22,53.0999984741211,53.1599998474121,51.439998626709,52.2700004577637,52.2700004577637,437484
2021-01-25,52.1699981689453,52.9500007629395,51.8199996948242,52.7700004577637,52.7700004577637,349076
2021-01-26,52.9099998474121,53.25,52.2900009155273,52.6100006103516,52.6100006103516,314538
2021-01-27,52.7599983215332,53.2999992370605,51.8499984741211,52.8499984741211,52.8499984741211,442376
2021-01-28,52.6500015258789,53.5800018310547,52.0400009155273,52.3400001525879,52.3400001525879,411406
2021-01-29,52.1500015258789,53.25,51.9300003051758,52.2000007629395,52.2000007629395,410914
2021-02-01,51.9900016784668,53.7400016784668,51.6399993896484,53.5499992370605,53.5499992370605,416067
2021-02-02,53.4799995422363,55.2599983215332,53.4500007629395,54.7599983215332,54.7599983215332,463718
2021-02-03,55.0499992370605,56.3300018310547,54.810001373291,55.689998626709,55.689998626709,448693
2021-02-04,55.9599990844727,56.5800018310547,55.2999992370605,56.2299995422363,56.2299995422363,381404
2021-02-05,56.4599990844727,57.2900009155273,56.4300003051758,56.8499984741211,56.8499984741211,400833
2021-02-08,57.060001373291,58.1399993896484,57,57.9700012207031,57.9700012207031,399724
2021-02-09,58.1100006103516,58.6199989318848,57.2700004577637,58.3600006103516,58.3600006103516,514698
2021-02-10,58.4500007629395,58.9099998474121,58.0800018310547,58.6800003051758,58.6800003051758,457535
2021-02-11,58.4000015258789,58.7099990844727,57.8400001525879,58.2400016784668,58.2400016784668,380445
2021-02-12,57.939998626709,59.8199996948242,57.4099998474121,59.4700012207031,59.4700012207031,480822
2021-02-16,59.9799995422363,60.9500007629395,59.3300018310547,60.0499992370605,60.0499992370605,602332
2021-02-17,60.2400016784668,61.7299995422363,59.4300003051758,61.1399993896484,61.1399993896484,335419
2021-02-18,61.6800003051758,62.2599983215332,59.7900009155273,60.5200004577637,60.5200004577637,132035
2021-02-19,60.2000007629395,60.2900009155273,58.5900001525879,59.2400016784668,59.2400016784668,102427
2021-02-22,58.8800010681152,61.8400001525879,58.8199996948242,61.4900016784668,61.4900016784668,505773
2021-02-23,62.1599998474121,63,60.6699981689453,61.6699981689453,61.6699981689453,570677
2021-02-24,61.2900009155273,63.5099983215332,60.9700012207031,63.2200012207031,63.2200012207031,489933
2021-02-25,63.3899993896484,63.810001373291,62.6500015258789,63.5299987792969,63.5299987792969,510357
2021-02-26,63.4599990844727,63.5699996948242,61.3400001525879,61.5,61.5,472723
2021-03-01,61.9500007629395,62.9199981689453,59.9599990844727,60.6399993896484,60.6399993896484,456679
2021-03-02,60.2299995422363,61.2099990844727,59.3800010681152,59.75,59.75,464133
2021-03-03,59.5499992370605,61.9900016784668,59.2400016784668,61.2799987792969,61.2799987792969,465311
2021-03-04,61.0800018310547,64.8600006103516,60.5200004577637,63.8300018310547,63.8300018310547,694628
2021-03-05,64.1600036621094,66.4199981689453,63.8199996948242,66.0899963378906,66.0899963378906,573168
2021-03-08,66.6800003051758,67.9800033569336,64.5699996948242,65.0500030517578,65.0500030517578,533376
2021-03-09,64.7300033569336,65.9800033569336,63.6300010681152,64.0100021362305,64.0100021362305,554564
2021-03-10,63.8400001525879,64.9599990844727,63.1300010681152,64.4400024414062,64.4400024414062,498488
2021-03-11,64.6999969482422,66.2099990844727,64.5400009155273,66.0199966430664,66.0199966430664,441063
2021-03-12,65.9599990844727,66.2399978637695,65.4100036621094,65.6100006103516,65.6100006103516,321714
2021-03-15,65.5599975585938,66.4000015258789,64.129997253418,65.3899993896484,65.3899993896484,378009
2021-03-16,65.3300018310547,65.4300003051758,63.7999992370605,64.8000030517578,64.8000030517578,317537
2021-03-17,64.75,65.3399963378906,63.5999984741211,64.5999984741211,64.5999984741211,254724
2021-03-18,64.4199981689453,64.8199996948242,58.2000007629395,60,60,143597
2021-03-19,59.560001373291,61.7200012207031,58.939998626709,61.4199981689453,61.4199981689453,84171
2021-03-22,61.5499992370605,61.9000015258789,60.3899993896484,61.5499992370605,61.5499992370605,404370
2021-03-23,61.2799987792969,61.3499984741211,57.25,57.7599983215332,57.7599983215332,712317
2021-03-24,57.4000015258789,61.3400001525879,57.2900009155273,61.1800003051758,61.1800003051758,566291
2021-03-25,60.7999992370605,60.8600006103516,57.439998626709,58.560001373291,58.560001373291,580105
2021-03-26,58.4799995422363,61.3600006103516,58.3199996948242,60.9700012207031,60.9700012207031,471996
2021-03-29,60.9300003051758,61.7700004577637,59.4099998474121,61.560001373291,61.560001373291,449360
2021-03-30,61.9599990844727,62.2700004577637,59.939998626709,60.5499992370605,60.5499992370605,388188
2021-03-31,60.4500007629395,61.1699981689453,58.8499984741211,59.1599998474121,59.1599998474121,414162
2021-04-01,59.4900016784668,61.75,58.8600006103516,61.4500007629395,61.4500007629395,605567
2021-04-05,61.5,61.5,57.6300010681152,58.6500015258789,58.6500015258789,438864
2021-04-06,58.7999992370605,60.9000015258789,58.6199989318848,59.3300018310547,59.3300018310547,457348
2021-04-07,59.2599983215332,60.0400009155273,58.1199989318848,59.7700004577637,59.7700004577637,475537
2021-04-08,59.5200004577637,59.9300003051758,58.8199996948242,59.5999984741211,59.5999984741211,419913
2021-04-09,59.7599983215332,59.9500007629395,59.0999984741211,59.3199996948242,59.3199996948242,351436
2021-04-12,59.3499984741211,60.7700004577637,58.7299995422363,59.7000007629395,59.7000007629395,410218
2021-04-13,59.6399993896484,60.5900001525879,59.6399993896484,60.1800003051758,60.1800003051758,349733
2021-04-14,60.439998626709,63.439998626709,60.3800010681152,63.1500015258789,63.1500015258789,419813
2021-04-15,62.8300018310547,63.5699996948242,62.5299987792969,63.4599990844727,63.4599990844727,243370
2021-04-16,63.3199996948242,63.8800010681152,62.8300018310547,63.1300010681152,63.1300010681152,87795
2021-04-19,62.9799995422363,63.6300010681152,62.6300010681152,63.3800010681152,63.3800010681152,74384
2021-04-20,63.4700012207031,64.25,61.5,62.439998626709,62.439998626709,476046
2021-04-21,62.3899993896484,62.560001373291,60.8600006103516,61.3499984741211,61.3499984741211,431486
2021-04-22,61.1100006103516,61.8699989318848,60.6100006103516,61.4300003051758,61.4300003051758,344700
2021-04-23,61.6500015258789,62.4300003051758,61.25,62.1399993896484,62.1399993896484,345407
2021-04-26,62.060001373291,62.310001373291,60.6599998474121,61.9099998474121,61.9099998474121,366865
2021-04-27,61.9700012207031,63.2999992370605,61.9099998474121,62.939998626709,62.939998626709,361536
2021-04-28,63.0400009155273,64.5299987792969,62.6699981689453,63.8600006103516,63.8600006103516,387683
2021-04-29,63.7000007629395,65.4700012207031,63.6500015258789,65.0100021362305,65.0100021362305,384489
2021-04-30,64.879997253418,64.9499969482422,63.0800018310547,63.5800018310547,63.5800018310547,400515
2021-05-03,63.6399993896484,64.6800003051758,62.9099998474121,64.4899978637695,64.4899978637695,285969
2021-05-04,64.5299987792969,66.1900024414062,64.2900009155273,65.6900024414062,65.6900024414062,370208
2021-05-05,66.4499969482422,66.7600021362305,64.9199981689453,65.629997253418,65.629997253418,460066
2021-05-06,65.2699966430664,65.9800033569336,64.5,64.7099990844727,64.7099990844727,389214
2021-05-07,64.9000015258789,65.2399978637695,63.9000015258789,64.9000015258789,64.9000015258789,431417
2021-05-10,65.5699996948242,65.75,63.9500007629395,64.9199981689453,64.9199981689453,448337
2021-05-11,64.9000015258789,65.5,63.6800003051758,65.2799987792969,65.2799987792969,514949
2021-05-12,65.4599990844727,66.629997253418,64.9700012207031,66.0800018310547,66.0800018310547,508519
2021-05-13,65.75,65.8099975585938,63.0900001525879,63.8199996948242,63.8199996948242,547691
2021-05-14,63.8300018310547,65.620002746582,63.3300018310547,65.370002746582,65.370002746582,383749
2021-05-17,65.5,66.4300003051758,64.8300018310547,66.2699966430664,66.2699966430664,268476
2021-05-18,66.3300018310547,67.0100021362305,64.1100006103516,65.4899978637695,65.4899978637695,167348
2021-05-19,65.2799987792969,65.3499984741211,61.9500007629395,63.3600006103516,63.3600006103516,101902
2021-05-20,63.3899993896484,63.9599990844727,61.8899993896484,62.0499992370605,62.0499992370605,524168
2021-05-21,61.8899993896484,64.0699996948242,61.560001373291,63.5800018310547,63.5800018310547,530831
2021-05-24,63.8699989318848,66.1399993896484,63.6300010681152,66.0500030517578,66.0500030517578,466647
2021-05-25,66.0199966430664,66.5100021362305,65.4100036621094,66.0699996948242,66.0699996948242,497394
2021-05-26,66.0400009155273,66.4300003051758,65.25,66.2099990844727,66.2099990844727,376207
2021-05-27,66.1600036621094,66.9199981689453,65.4700012207031,66.8499984741211,66.8499984741211,337542
2021-05-28,66.9499969482422,67.5199966430664,66.1699981689453,66.3199996948242,66.3199996948242,390461
2021-06-01,66.6800003051758,68.870002746582,66.4100036621094,67.7200012207031,67.7200012207031,570985
2021-06-02,67.9899978637695,69,67.7799987792969,68.8300018310547,68.8300018310547,332995
2021-06-03,68.7600021362305,69.4000015258789,68.1900024414062,68.8099975585938,68.8099975585938,351367
2021-06-04,68.9100036621094,69.7600021362305,68.3300018310547,69.620002746582,69.620002746582,326250
2021-06-07,69.5199966430664,70,68.9300003051758,69.2300033569336,69.2300033569336,365621
2021-06-08,69.2900009155273,70.2699966430664,68.4700012207031,70.0500030517578,70.0500030517578,441302
2021-06-09,70.0100021362305,70.620002746582,69.4599990844727,69.9599990844727,69.9599990844727,410820
2021-06-10,69.7600021362305,70.6500015258789,68.6800003051758,70.2900009155273,70.2900009155273,492464
2021-06-11,70.0999984741211,71.2399978637695,69.6800003051758,70.9100036621094,70.9100036621094,563575
2021-06-14,70.6500015258789,71.7799987792969,70.6500015258789,70.879997253418,70.879997253418,319639
2021-06-15,71.1600036621094,72.4899978637695,70.8099975585938,72.120002746582,72.120002746582,336035
2021-06-16,72.4499969482422,72.9899978637695,71.6100006103516,72.1500015258789,72.1500015258789,426775
2021-06-17,71.6500015258789,72.3000030517578,69.7699966430664,71.0400009155273,71.0400009155273,373780
2021-06-18,71.0999984741211,72.1699981689453,70.1600036621094,71.6399993896484,71.6399993896484,139584
2021-06-21,71.5199966430664,73.9599990844727,71.1500015258789,73.6600036621094,73.6600036621094,123662
2021-06-22,73.4100036621094,73.9499969482422,72.9400024414062,73.0599975585938,73.0599975585938,498555
2021-06-23,72.9100036621094,74.25,72.8199996948242,73.0800018310547,73.0800018310547,429207
2021-06-24,73.2799987792969,73.6100006103516,72.3199996948242,73.3000030517578,73.3000030517578,334833
2021-06-25,73.3199996948242,74.1800003051758,72.8499984741211,74.0500030517578,74.0500030517578,364721
2021-06-28,73.9899978637695,74.4499969482422,72.620002746582,72.9100036621094,72.9100036621094,354701
2021-06-29,72.7799987792969,73.8099975585938,71.9700012207031,72.9800033569336,72.9800033569336,321448
2021-06-30,73.4700012207031,74.1399993896484,72.8199996948242,73.4700012207031,73.4700012207031,383626
2021-07-01,73.5,76.2200012207031,73.3899993896484,75.2300033569336,75.2300033569336,615678
2021-07-02,75.0199966430664,75.620002746582,74.4100036621094,75.1600036621094,75.1600036621094,377531
2021-07-06,75.3499984741211,76.9800033569336,72.9400024414062,73.370002746582,73.370002746582,714044
2021-07-07,73.8499984741211,74.8600006103516,71.0699996948242,72.1999969482422,72.1999969482422,607971
2021-07-08,72.1699981689453,73.2600021362305,70.7600021362305,72.9400024414062,72.9400024414062,529690
2021-07-09,73.2600021362305,74.7600021362305,72.7200012207031,74.5599975585938,74.5599975585938,422154
2021-07-12,74.7399978637695,74.9300003051758,73.1600036621094,74.0999984741211,74.0999984741211,397931
2021-07-13,74.1800003051758,75.5199966430664,73.6800003051758,75.25,75.25,444078
2021-07-14,75.1699981689453,75.4400024414062,72.2099990844727,73.129997253418,73.129997253418,528360
2021-07-15,72.9599990844727,72.9599990844727,71.4000015258789,71.6500015258789,71.6500015258789,368679
2021-07-16,71.4800033569336,72.3000030517578,70.4100036621094,71.8099975585938,71.8099975585938,133926
2021-07-19,71.4899978637695,71.6699981689453,65.629997253418,66.4199981689453,66.4199981689453,82565
2021-07-20,66.5999984741211,67.6500015258789,65.2099990844727,67.4199981689453,67.4199981689453,561629
2021-07-21,66.4499969482422,70.5100021362305,66.4400024414062,70.3000030517578,70.3000030517578,503030
2021-07-22,70.2200012207031,72.0299987792969,69.8600006103516,71.9100036621094,71.9100036621094,435181
2021-07-23,71.7099990844727,72.2099990844727,71.3899993896484,72.0699996948242,72.0699996948242,274778
2021-07-26,72.1800003051758,72.4300003051758,70.5599975585938,71.9100036621094,71.9100036621094,395743
2021-07-27,72.2200012207031,72.3300018310547,71.0800018310547,71.6500015258789,71.6500015258789,333123
2021-07-28,71.9000015258789,72.5999984741211,71.6999969482422,72.3899993896484,72.3899993896484,318911
2021-07-29,72.4000015258789,73.6800003051758,72.2600021362305,73.620002746582,73.620002746582,294462
2021-07-30,73.4100036621094,74.2300033569336,72.9300003051758,73.9499969482422,73.9499969482422,303700
2021-08-02,73.9100036621094,73.9499969482422,70.5500030517578,71.2600021362305,71.2600021362305,448200
2021-08-03,71.5199966430664,71.9599990844727,69.1900024414062,70.5599975585938,70.5599975585938,509938
2021-08-04,70.3199996948242,70.8099975585938,67.8499984741211,68.1500015258789,68.1500015258789,582924
2021-08-05,68.0599975585938,69.3499984741211,67.6100006103516,69.0899963378906,69.0899963378906,416331
2021-08-06,69.1399993896484,70.1800003051758,67.8000030517578,68.2799987792969,68.2799987792969,537136
2021-08-09,67.879997253418,67.9000015258789,65.1500015258789,66.4800033569336,66.4800033569336,598381
2021-08-10,66.8499984741211,68.9000015258789,66.5599975585938,68.2900009155273,68.2900009155273,452126
2021-08-11,68.5100021362305,69.4499969482422,66.6699981689453,69.25,69.25,513292
2021-08-12,69.3600006103516,69.620002746582,68.4599990844727,69.0899963378906,69.0899963378906,352465
2021-08-13,68.9100036621094,69.2200012207031,67.7699966430664,68.4400024414062,68.4400024414062,272033
2021-08-16,68.129997253418,68.1399993896484,65.7300033569336,67.2900009155273,67.2900009155273,334844
2021-08-17,67.4300003051758,67.7200012207031,66.3300018310547,66.5899963378906,66.5899963378906,235303
2021-08-18,66.5800018310547,67.4800033569336,64.3399963378906,65.4599990844727,65.4599990844727,121197
2021-08-19,64.5800018310547,64.7600021362305,62.6300010681152,63.689998626709,63.689998626709,88237
2021-08-20,64.0500030517578,64.0999984741211,62.1100006103516,62.3199996948242,62.3199996948242,365009
2021-08-23,61.9599990844727,66,61.7400016784668,65.6399993896484,65.6399993896484,397290
2021-08-24,65.5400009155273,67.8000030517578,65.4100036621094,67.5400009155273,67.5400009155273,335888
2021-08-25,67.629997253418,68.5400009155273,66.9199981689453,68.3600006103516,68.3600006103516,353742
2021-08-26,68,68.3099975585938,67.0199966430664,67.4199981689453,67.4199981689453,344286
2021-08-27,67.75,69.0500030517578,67.5199966430664,68.7399978637695,68.7399978637695,326056
2021-08-30,69.3000030517578,69.6399993896484,67.6699981689453,69.2099990844727,69.2099990844727,360797
2021-08-31,69.1800003051758,69.3399963378906,68.1600036621094,68.5,68.5,325853
2021-09-01,68.5500030517578,69.2399978637695,67.120002746582,68.5899963378906,68.5899963378906,399497
2021-09-02,68.2900009155273,70.6100006103516,67.8399963378906,69.9899978637695,69.9899978637695,403314
2021-09-03,69.7600021362305,70.5299987792969,69.0500030517578,69.2900009155273,69.2900009155273,313086
2021-09-07,69.1100006103516,69.4800033569336,67.6399993896484,68.3499984741211,68.3499984741211,481704
2021-09-08,68.370002746582,69.75,68.3099975585938,69.3000030517578,69.3000030517578,389325
2021-09-09,69.3600006103516,69.8899993896484,67.5599975585938,68.1399993896484,68.1399993896484,556451
2021-09-10,67.9700012207031,69.9599990844727,67.6800003051758,69.7200012207031,69.7200012207031,411079
2021-09-13,69.7399978637695,70.9700012207031,69.5100021362305,70.4499969482422,70.4499969482422,390939
2021-09-14,70.6399993896484,71.2200012207031,69.9800033569336,70.4599990844727,70.4599990844727,414231
2021-09-15,70.7600021362305,73.1399993896484,70.6500015258789,72.6100006103516,72.6100006103516,418665
2021-09-16,72.6500015258789,72.9899978637695,71.5299987792969,72.6100006103516,72.6100006103516,298412
2021-09-17,72.620002746582,72.7200012207031,71.2099990844727,71.9700012207031,71.9700012207031,119933
2021-09-20,71.9199981689453,72.0800018310547,69.8600006103516,70.2900009155273,70.2900009155273,75837
2021-09-21,70.5899963378906,71.629997253418,69.6699981689453,70.5599975585938,70.5599975585938,393403
2021-09-22,70.8499984741211,72.3000030517578,70.6399993896484,72.2300033569336,72.2300033569336,381061
2021-09-23,71.9700012207031,73.5,71.6100006103516,73.3000030517578,73.3000030517578,403405
2021-09-24,73.2399978637695,74.2699966430664,72.8099975585938,73.9800033569336,73.9800033569336,350382
2021-09-27,74.1900024414062,75.75,74.1600036621094,75.4499969482422,75.4499969482422,417829
2021-09-28,75.4300003051758,76.6699981689453,74.2399978637695,75.2900009155273,75.2900009155273,476143
2021-09-29,74.379997253418,75.7900009155273,73.7399978637695,74.8300018310547,74.8300018310547,424193
2021-09-30,74.7799987792969,76.0699996948242,73.1399993896484,75.0299987792969,75.0299987792969,583189
2021-10-01,75.120002746582,75.9899978637695,74.2300033569336,75.879997253418,75.879997253418,388996
2021-10-04,75.9000015258789,78.379997253418,75.3199996948242,77.620002746582,77.620002746582,458006
2021-10-05,77.5800018310547,79.4800033569336,77.4700012207031,78.9300003051758,78.9300003051758,449617
2021-10-06,79.0400009155273,79.7799987792969,76.8300018310547,77.4300003051758,77.4300003051758,459055
2021-10-07,77,78.8899993896484,74.9599990844727,78.3000030517578,78.3000030517578,545008
2021-10-08,78.8600006103516,80.1100006103516,78.629997253418,79.3499984741211,79.3499984741211,662010
2021-10-11,79.5899963378906,82.1800003051758,79.5500030517578,80.5199966430664,80.5199966430664,653756
2021-10-12,80.5,81.620002746582,79.4700012207031,80.6399993896484,80.6399993896484,598181
2021-10-13,80.5800018310547,81.0400009155273,79.4199981689453,80.4400024414062,80.4400024414062,487220
2021-10-14,80.5899963378906,81.6800003051758,80.379997253418,81.3099975585938,81.3099975585938,399813
2021-10-15,81.4800033569336,82.6600036621094,81.3899993896484,82.2799987792969,82.2799987792969,277953
2021-10-18,82.5999984741211,83.870002746582,81.8399963378906,82.4400024414062,82.4400024414062,134098
2021-10-19,82.370002746582,83.7399978637695,81.8000030517578,82.9599990844727,82.9599990844727,82607
2021-10-20,83.3399963378906,84.25,81.3000030517578,83.870002746582,83.870002746582,530693
2021-10-21,83.5800018310547,83.9599990844727,80.7900009155273,82.5,82.5,567503
2021-10-22,82.6100006103516,84.2200012207031,81.7600021362305,83.7600021362305,83.7600021362305,465355
2021-10-25,83.9800033569336,85.4100036621094,83.3899993896484,83.7600021362305,83.7600021362305,568725
2021-10-26,83.7200012207031,84.879997253418,82.9700012207031,84.6500015258789,84.6500015258789,467716
2021-10-27,84.3899993896484,84.5100021362305,82.0100021362305,82.6600036621094,82.6600036621094,529952
2021-10-28,82.25,83.2099990844727,80.5800018310547,82.8099975585938,82.8099975585938,491585
2021-10-29,83.0899963378906,83.7399978637695,81.4100036621094,83.5699996948242,83.5699996948242,507309
2021-11-01,83.3600006103516,84.879997253418,82.7399978637695,84.0500030517578,84.0500030517578,412309
2021-11-02,83.870002746582,84.4100036621094,82.9199981689453,83.9100036621094,83.9100036621094,429608
2021-11-03,83.0699996948242,83.0800018310547,79.6900024414062,80.8600006103516,80.8600006103516,546577
2021-11-04,80.1800003051758,83.4199981689453,78.25,78.8099975585938,78.8099975585938,701119
2021-11-05,79.370002746582,81.8000030517578,78.9599990844727,81.2699966430664,81.2699966430664,531054
2021-11-08,81.129997253418,82.6699981689453,81.0500030517578,81.9300003051758,81.9300003051758,393953
2021-11-09,82.1600036621094,84.629997253418,81.7799987792969,84.1500015258789,84.1500015258789,504832
2021-11-10,84.5299987792969,84.9700012207031,80.8099975585938,81.3399963378906,81.3399963378906,555215
2021-11-11,81.4100036621094,82.3300018310547,80.1999969482422,81.5899963378906,81.5899963378906,475436
2021-11-12,81.2099990844727,81.620002746582,79.7799987792969,80.7900009155273,80.7900009155273,390304
2021-11-15,80.6600036621094,81.1999969482422,79.3000030517578,80.879997253418,80.879997253418,343484
2021-11-16,80.9300003051758,81.8099975585938,80.0299987792969,80.7600021362305,80.7600021362305,325668
2021-11-17,80.5400009155273,80.6900024414062,77.6900024414062,78.3600006103516,78.3600006103516,174471
2021-11-18,78.3399963378906,79.3600006103516,77.0800018310547,79.0100021362305,79.0100021362305,83984
2021-11-19,78.7600021362305,79.9199981689453,75.370002746582,76.0999984741211,76.0999984741211,623448
2021-11-22,75.75,77.1600036621094,74.7600021362305,76.75,76.75,465768
2021-11-23,76.4599990844727,78.8600006103516,75.3000030517578,78.5,78.5,506987
2021-11-24,78.4800033569336,79.2300033569336,77.9800033569336,78.3899993896484,78.3899993896484,328848
2021-11-26,78.3399963378906,78.6500015258789,67.4000015258789,68.1500015258789,68.1500015258789,844630
2021-11-29,69.2300033569336,72.9300003051758,68.8600006103516,69.9499969482422,69.9499969482422,675090
2021-11-30,70.0400009155273,71.2200012207031,64.4300003051758,66.1800003051758,66.1800003051758,722475
2021-12-01,67.0100021362305,69.4899978637695,64.8399963378906,65.5699996948242,65.5699996948242,602447
2021-12-02,65.629997253418,67.4899978637695,62.4300003051758,66.5,66.5,668293
2021-12-03,67.5,69.2200012207031,65.5999984741211,66.2600021362305,66.2600021362305,449974
2021-12-06,67.0199966430664,70.1500015258789,66.7200012207031,69.4899978637695,69.4899978637695,401060
2021-12-07,69.7200012207031,73.0299987792969,69.5199966430664,72.0500030517578,72.0500030517578,496528
2021-12-08,71.8600006103516,73,70.9100036621094,72.3600006103516,72.3600006103516,464846
2021-12-09,72.5199966430664,73.3399963378906,70.3899993896484,70.9400024414062,70.9400024414062,393205
2021-12-10,70.6800003051758,72.3300018310547,70.3199996948242,71.6699981689453,71.6699981689453,397883
2021-12-13,72.0400009155273,73,70.7099990844727,71.2900009155273,71.2900009155273,406604
2021-12-14,71.120002746582,72.0299987792969,69.5100021362305,70.7300033569336,70.7300033569336,359454
2021-12-15,70.3499984741211,71.6600036621094,69.3899993896484,70.870002746582,70.870002746582,294337
2021-12-16,71.4800033569336,72.9899978637695,71.0299987792969,72.379997253418,72.379997253418,142541
2021-12-17,71.9199981689453,72.2600021362305,69.8899993896484,70.8600006103516,70.8600006103516,78125
2021-12-20,70.0699996948242,70.0699996948242,66.0400009155273,68.2300033569336,68.2300033569336,492217
2021-12-21,69.2099990844727,71.5500030517578,68.5599975585938,71.120002746582,71.120002746582,358779
2021-12-22,71.2699966430664,73.1600036621094,70.8000030517578,72.7600021362305,72.7600021362305,306709
2021-12-23,73.0299987792969,73.9499969482422,72.2699966430664,73.7900009155273,73.7900009155273,270223
2021-12-27,73.379997253418,76.0899963378906,72.5699996948242,75.5699996948242,75.5699996948242,268490
2021-12-28,75.9700012207031,76.9199981689453,75.5299987792969,75.9800033569336,75.9800033569336,249728
2021-12-29,76.0400009155273,77.370002746582,75.3600006103516,76.5599975585938,76.5599975585938,283557
2021-12-30,76.5800018310547,77.4400024414062,75.7799987792969,76.9899978637695,76.9899978637695,231163
2021-12-31,76.6600036621094,77.0800018310547,74.9499969482422,75.2099990844727,75.2099990844727,237118
2022-01-03,75.6900024414062,76.4599990844727,74.2699966430664,76.0800018310547,76.0800018310547,317628
2022-01-04,76.0199966430664,77.6399993896484,75.6999969482422,76.9899978637695,76.9899978637695,372848
2022-01-05,77.1800003051758,78.5800018310547,76.5100021362305,77.8499984741211,77.8499984741211,397898
2022-01-06,77.2399978637695,80.2399978637695,76.7300033569336,79.4599990844727,79.4599990844727,476665
2022-01-07,79.620002746582,80.4700012207031,78.5199966430664,78.9000015258789,78.9000015258789,414434
2022-01-10,78.879997253418,79.4499969482422,77.8300018310547,78.2300033569336,78.2300033569336,389956
2022-01-11,78.4199981689453,81.5899963378906,78.3600006103516,81.2200012207031,81.2200012207031,481815
2022-01-12,81.379997253418,83.0999984741211,81.1699981689453,82.6399993896484,82.6399993896484,420619
2022-01-13,82.8199996948242,82.9400024414062,81.3899993896484,82.120002746582,82.120002746582,364769
2022-01-14,81.7300033569336,84.4499969482422,81.5800018310547,83.8199996948242,83.8199996948242,364442
2022-01-18,84.3199996948242,86.629997253418,83.5,85.4300003051758,85.4300003051758,163643
2022-01-19,86.6100006103516,87.9100036621094,85.7699966430664,86.9599990844727,86.9599990844727,113153
2022-01-20,86.2300033569336,87.8199996948242,86,86.9000015258789,86.9000015258789,532202
2022-01-21,84.5699996948242,85.5599975585938,82.7799987792969,85.1399993896484,85.1399993896484,509103
2022-01-24,84.9100036621094,86.0899963378906,81.9000015258789,83.3099975585938,83.3099975585938,511695
2022-01-25,84.1500015258789,85.7099990844727,82.9899978637695,85.5999984741211,85.5999984741211,507219
2022-01-26,85.2600021362305,87.9499969482422,85.0100021362305,87.3499984741211,87.3499984741211,459642
2022-01-27,87.1500015258789,88.5400009155273,86.1999969482422,86.6100006103516,86.6100006103516,427804
2022-01-28,87.5,88.8399963378906,86.4400024414062,86.8199996948242,86.8199996948242,436172
2022-01-31,87.4499969482422,88.3899993896484,86.3399963378906,88.1500015258789,88.1500015258789,359080
2022-02-01,88.1500015258789,88.870002746582,86.5500030517578,88.1999969482422,88.1999969482422,376841
2022-02-02,88.3499984741211,89.7200012207031,87.0999984741211,88.2600021362305,88.2600021362305,456863
2022-02-03,87.9800033569336,90.4499969482422,86.75,90.2699966430664,90.2699966430664,465771
2022-02-04,90.1900024414062,93.1699981689453,90.0699996948242,92.3099975585938,92.3099975585938,410926
2022-02-07,91.8199996948242,92.7300033569336,90.7300033569336,91.3199996948242,91.3199996948242,497754
2022-02-08,91.6399993896484,91.6800003051758,88.5100021362305,89.3600006103516,89.3600006103516,467386
2022-02-09,89.8600006103516,90.5800018310547,88.4100036621094,89.6600036621094,89.6600036621094,445618
2022-02-10,90.0100021362305,91.7399978637695,89.0299987792969,89.879997253418,89.879997253418,492091
2022-02-11,90,94.6600036621094,89.1900024414062,93.0999984741211,93.0999984741211,554423
2022-02-14,93.9100036621094,95.8199996948242,92.0899963378906,95.4599990844727,95.4599990844727,467071
2022-02-15,94.8300018310547,95.1699981689453,90.6600036621094,92.0699996948242,92.0699996948242,442641
2022-02-16,92.2099990844727,95.0100021362305,90,93.6600036621094,93.6600036621094,401453
2022-02-17,90.9000015258789,93.3600006103516,90.620002746582,91.7600021362305,91.7600021362305,212552
2022-02-18,91.629997253418,92.6600036621094,89.0299987792969,91.0699996948242,91.0699996948242,150382
2022-02-22,91.75,96,90.3499984741211,92.3499984741211,92.3499984741211,789041
2022-02-23,91.7399978637695,93.9000015258789,90.6399993896484,92.0999984741211,92.0999984741211,440574
2022-02-24,92.5199966430664,100.540000915527,91.4499969482422,92.8099975585938,92.8099975585938,872244
2022-02-25,93.3199996948242,95.6399993896484,90.0599975585938,91.5899963378906,91.5899963378906,523793
2022-02-28,94.9899978637695,99.0999984741211,94.4300003051758,95.7200012207031,95.7200012207031,490796
2022-03-01,96.0899963378906,106.779998779297,95.3199996948242,103.410003662109,103.410003662109,698814
2022-03-02,107.120002746582,112.51000213623,105.180000305176,110.599998474121,110.599998474121,651853
2022-03-03,111.330001831055,116.569999694824,106.430000305176,107.669998168945,107.669998168945,592031
2022-03-04,107.959999084473,116.019996643066,107.25,115.680000305176,115.680000305176,493875
2022-03-07,121.330001831055,130.5,115.540000915527,119.400001525879,119.400001525879,576022
2022-03-08,120.669998168945,129.440002441406,117.069999694824,123.699996948242,123.699996948242,583106
2022-03-09,124.660003662109,126.839996337891,103.629997253418,108.699996948242,108.699996948242,594773
2022-03-10,110.410003662109,114.879997253418,105.529998779297,106.019996643066,106.019996643066,437924
2022-03-11,105.98999786377,110.290000915527,104.480003356934,109.330001831055,109.330001831055,368194
2022-03-14,109.419998168945,109.720001220703,99.7600021362305,103.01000213623,103.01000213623,344184
2022-03-15,102.279998779297,102.580001831055,93.5299987792969,96.4400024414062,96.4400024414062,401690
2022-03-16,95.2300033569336,99.2200012207031,94.0699996948242,95.0400009155273,95.0400009155273,293947
2022-03-17,95.3399963378906,104.23999786377,94.8499984741211,102.980003356934,102.980003356934,210763
2022-03-18,103.620002746582,106.279998779297,102.300003051758,104.699996948242,104.699996948242,74247
2022-03-21,105.129997253418,112.690002441406,104.080001831055,112.120002746582,112.120002746582,77217
2022-03-22,112.900001525879,115.01000213623,109.300003051758,111.76000213623,111.76000213623,318629
2022-03-23,108.849998474121,115.400001525879,108.379997253418,114.930000305176,114.930000305176,289182
2022-03-24,114.470001220703,116.639999389648,110.610000610352,112.339996337891,112.339996337891,307238
2022-03-25,111.75,114.120002746582,108.680000305176,113.900001525879,113.900001525879,320304
2022-03-28,112.919998168945,112.930000305176,102.830001831055,105.959999084473,105.959999084473,372251
2022-03-29,103.470001220703,107.839996337891,98.4400024414062,104.23999786377,104.23999786377,387200
2022-03-30,105.23999786377,108.75,104.550003051758,107.819999694824,107.819999694824,284544
2022-03-31,107.449996948242,107.800003051758,99.6600036621094,100.279998779297,100.279998779297,450845
2022-04-01,101.230003356934,101.75,97.7799987792969,99.2699966430664,99.2699966430664,324777
2022-04-04,98.9499969482422,103.940002441406,98.0500030517578,103.279998779297,103.279998779297,288131
2022-04-05,103.660003662109,105.589996337891,99.879997253418,101.959999084473,101.959999084473,280283
2022-04-06,101.23999786377,104.019996643066,95.7300033569336,96.2300033569336,96.2300033569336,366036
2022-04-07,97.1600036621094,98.8199996948242,93.8099975585938,96.0299987792969,96.0299987792969,367318
2022-04-08,97.1699981689453,98.7600021362305,95.2900009155273,98.2600021362305,98.2600021362305,310082
2022-04-11,98.4000015258789,98.5199966430664,92.9300003051758,94.2900009155273,94.2900009155273,315873
2022-04-12,95.1699981689453,101.349998474121,94.8399963378906,100.599998474121,100.599998474121,329037
2022-04-13,100.910003662109,104.470001220703,99.870002746582,104.25,104.25,312502
2022-04-14,104.199996948242,107.639999389648,102.120002746582,106.949996948242,106.949996948242,244952
2022-04-18,107.029998779297,109.809997558594,106,108.209999084473,108.209999084473,68489
2022-04-19,107.75,108.919998168945,102.099998474121,102.559997558594,102.559997558594,71792
2022-04-20,103.050003051758,104.160003662109,100.699996948242,102.75,102.75,299028
2022-04-21,102.5,105.419998168945,102.01000213623,103.790000915527,103.790000915527,280321
2022-04-22,104.069999694824,104.220001220703,101.059997558594,102.069999694824,102.069999694824,246116
2022-04-25,101.379997253418,101.550003051758,95.2799987792969,98.5400009155273,98.5400009155273,328153
2022-04-26,98.6399993896484,102.779998779297,97.0599975585938,101.699996948242,101.699996948242,351850
2022-04-27,101.76000213623,102.98999786377,99.8000030517578,102.019996643066,102.019996643066,278781
2022-04-28,102.110000610352,105.680000305176,100.129997253418,105.360000610352,105.360000610352,312064
2022-04-29,105.169998168945,107.98999786377,103.779998779297,104.690002441406,104.690002441406,294386
2022-05-02,104,105.940002441406,100.279998779297,105.169998168945,105.169998168945,261878
2022-05-03,105.080001831055,105.800003051758,102.099998474121,102.410003662109,102.410003662109,239266
2022-05-04,103.5,108.610000610352,102.949996948242,107.809997558594,107.809997558594,272909
2022-05-05,107.580001831055,111.370002746582,106.449996948242,108.26000213623,108.26000213623,286916
2022-05-06,108.699996948242,111.180000305176,107.23999786377,109.769996643066,109.769996643066,294278
2022-05-09,110.430000305176,110.48999786377,102.129997253418,103.089996337891,103.089996337891,368183
2022-05-10,102.650001525879,104.160003662109,98.8600006103516,99.7600021362305,99.7600021362305,389750
2022-05-11,99,106.440002441406,98.1999969482422,105.709999084473,105.709999084473,382701
2022-05-12,105.629997253418,107.370002746582,102.660003662109,106.129997253418,106.129997253418,323547
2022-05-13,106.650001525879,110.639999389648,106.290000915527,110.48999786377,110.48999786377,240989
2022-05-16,110.980003356934,114.900001525879,108.110000610352,114.199996948242,114.199996948242,289127
2022-05-17,113.870002746582,115.559997558594,111.75,112.400001525879,112.400001525879,252630
2022-05-18,113.660003662109,115.419998168945,108.459999084473,109.589996337891,109.589996337891,103669
2022-05-19,109.089996337891,112.620002746582,105.129997253418,112.209999084473,112.209999084473,68511
2022-05-20,111.449996948242,114.040000915527,110.849998474121,113.230003356934,113.230003356934,229930
2022-05-23,110.559997558594,111.959999084473,109.150001525879,110.290000915527,110.290000915527,215623
2022-05-24,110.410003662109,111.430000305176,108.610000610352,109.769996643066,109.769996643066,224794
2022-05-25,110.389999389648,111.680000305176,109.230003356934,110.330001831055,110.330001831055,191370
2022-05-26,110.690002441406,114.830001831055,110.269996643066,114.089996337891,114.089996337891,234752
2022-05-27,114.199996948242,115.300003051758,112.849998474121,115.069999694824,115.069999694824,217281
2022-05-31,114.959999084473,119.980003356934,114.150001525879,114.669998168945,114.669998168945,440796
2022-06-01,115.400001525879,117.870002746582,114.580001831055,115.26000213623,115.26000213623,290530
2022-06-02,114.800003051758,117.769996643066,111.199996948242,116.870002746582,116.870002746582,327600
2022-06-03,117.550003051758,120.459999084473,115.230003356934,118.870002746582,118.870002746582,240831
2022-06-06,120.819999694824,120.98999786377,117.629997253418,118.5,118.5,246825
2022-06-07,119.099998474121,120.360000610352,117.139999389648,119.410003662109,119.410003662109,341694
2022-06-08,119.790000915527,123.180000305176,119.300003051758,122.110000610352,122.110000610352,340591
2022-06-09,122.430000305176,122.720001220703,120.790000915527,121.51000213623,121.51000213623,293295
2022-06-10,121.459999084473,122.75,118.330001831055,120.669998168945,120.669998168945,352906
2022-06-13,120.190002441406,122.25,117.470001220703,120.930000305176,120.930000305176,372403
2022-06-14,121.089996337891,123.680000305176,116.620002746582,118.930000305176,118.930000305176,366320
2022-06-15,119.069999694824,119.610000610352,114.599998474121,115.309997558594,115.309997558594,301750
2022-06-16,115.980003356934,118.080001831055,112.309997558594,117.589996337891,117.589996337891,162543
2022-06-17,117.080001831055,118.970001220703,108.25,109.559997558594,109.559997558594,103149
2022-06-21,110.580001831055,112.470001220703,108.720001220703,110.650001525879,110.650001525879,427262
2022-06-22,109.540000915527,109.76000213623,101.529998779297,106.190002441406,106.190002441406,432724
2022-06-23,104.419998168945,107.050003051758,102.319999694824,104.269996643066,104.269996643066,346362
2022-06-24,103.98999786377,108.580001831055,103.639999389648,107.620002746582,107.620002746582,321591
2022-06-27,107.220001220703,110.540000915527,105.599998474121,109.569999694824,109.569999694824,282914
2022-06-28,110.180000305176,112.220001220703,109.620002746582,111.76000213623,111.76000213623,306748
2022-06-29,111.860000610352,114.050003051758,109.220001220703,109.779998779297,109.779998779297,322060
2022-06-30,109.699996948242,110.449996948242,105.099998474121,105.76000213623,105.76000213623,362890
2022-07-01,106.01000213623,109.339996337891,104.559997558594,108.430000305176,108.430000305176,305338
2022-07-05,108.800003051758,111.449996948242,97.4300003051758,99.5,99.5,594215
2022-07-06,100.360000610352,102.139999389648,95.0999984741211,98.5299987792969,98.5299987792969,444106
2022-07-07,98.2200012207031,104.480003356934,96.5699996948242,102.730003356934,102.730003356934,379861
2022-07-08,102.220001220703,105.23999786377,101.51000213623,104.790000915527,104.790000915527,327461
2022-07-11,104.790000915527,105.050003051758,100.889999389648,104.089996337891,104.089996337891,348566
2022-07-12,103.459999084473,103.48999786377,95.3499984741211,95.8399963378906,95.8399963378906,398552
2022-07-13,95.8899993896484,97.9599990844727,93.6699981689453,96.3000030517578,96.3000030517578,347193
2022-07-14,96.5699996948242,97,90.5599975585938,95.7799987792969,95.7799987792969,387528
2022-07-15,96.3899993896484,99.0299987792969,94.5699996948242,97.5899963378906,97.5899963378906,240766
2022-07-18,97.2699966430664,102.800003051758,95.8499984741211,102.599998474121,102.599998474121,84669
2022-07-19,102,104.459999084473,99.8499984741211,104.220001220703,104.220001220703,63149
2022-07-20,103.599998474121,104.389999389648,101.51000213623,102.26000213623,102.26000213623,315620
2022-07-21,99.9100036621094,99.9899978637695,94.5899963378906,96.3499984741211,96.3499984741211,318911
2022-07-22,96.5100021362305,97.9499969482422,94.2300033569336,94.6999969482422,94.6999969482422,307568
2022-07-25,95.0999984741211,96.9400024414062,93.0100021362305,96.6999969482422,96.6999969482422,278998
2022-07-26,96.3300018310547,99,94.7600021362305,94.9800033569336,94.9800033569336,310043
2022-07-27,95.5999984741211,98.5899963378906,94.3000030517578,97.2600021362305,97.2600021362305,321903
2022-07-28,98.1699981689453,99.8399963378906,96.0400009155273,96.4199981689453,96.4199981689453,318403
2022-07-29,97.3000030517578,101.879997253418,96.4100036621094,98.620002746582,98.620002746582,349374
2022-08-01,98.4599990844727,98.6500015258789,92.4199981689453,93.8899993896484,93.8899993896484,365293
2022-08-02,93.75,96.4700012207031,92.5899963378906,94.4199981689453,94.4199981689453,328538
2022-08-03,93.8300018310547,96.5699996948242,90.379997253418,90.6600036621094,90.6600036621094,395099
2022-08-04,90.9499969482422,91.9000015258789,87.5500030517578,88.5400009155273,88.5400009155273,334931
2022-08-05,88.0599975585938,90.7600021362305,87.0100021362305,89.0100021362305,89.0100021362305,350016
2022-08-08,88.4599990844727,90.8899993896484,87.2200012207031,90.7600021362305,90.7600021362305,340157
2022-08-09,90.6900024414062,92.6500015258789,89.0500030517578,90.5,90.5,347045
2022-08-10,90.5100021362305,92.4300003051758,87.6600036621094,91.9300003051758,91.9300003051758,383766
2022-08-11,91.5500030517578,95.0500030517578,91.2399978637695,94.3399963378906,94.3399963378906,341234
2022-08-12,94.0899963378906,94.8099975585938,91.1600036621094,92.0899963378906,92.0899963378906,264953
2022-08-15,91.9400024414062,92.0999984741211,86.8199996948242,89.4100036621094,89.4100036621094,275443
2022-08-16,87.9300003051758,90.6500015258789,85.7300033569336,86.5299987792969,86.5299987792969,305366
2022-08-17,87.0999984741211,89.1600036621094,85.879997253418,88.1100006103516,88.1100006103516,230346
2022-08-18,87.3899993896484,91.4599990844727,87.3199996948242,90.5,90.5,80029
2022-08-19,90.3899993896484,92.0899963378906,88.379997253418,90.7699966430664,90.7699966430664,58714
2022-08-22,89.6500015258789,91.2600021362305,86.5999984741211,90.2300033569336,90.2300033569336,352665
2022-08-23,90.5500030517578,94.2200012207031,90.4199981689453,93.7399978637695,93.7399978637695,285607
2022-08-24,93.7799987792969,95.4000015258789,92.7900009155273,94.8899993896484,94.8899993896484,320388
2022-08-25,95.3499984741211,95.7600021362305,92.2900009155273,92.5199966430664,92.5199966430664,279877
2022-08-26,93.0599975585938,94.0199966430664,91.0800018310547,93.0599975585938,93.0599975585938,288392
2022-08-29,92.9599990844727,97.370002746582,92.2900009155273,97.0100021362305,97.0100021362305,283463
2022-08-30,96.9000015258789,97.6600036621094,90.5400009155273,91.6399993896484,91.6399993896484,386272
2022-08-31,92.3099975585938,92.7300033569336,88.2699966430664,89.5500030517578,89.5500030517578,344147
2022-09-01,88.8300018310547,89.629997253418,85.9800033569336,86.6100006103516,86.6100006103516,305106
2022-09-02,86.5599975585938,89.6600036621094,86.3499984741211,86.870002746582,86.870002746582,277533
2022-09-06,86.8399963378906,90.3899993896484,86.1800003051758,86.879997253418,86.879997253418,420255
2022-09-07,86.9300003051758,87.7600021362305,81.5,81.9400024414062,81.9400024414062,380781
2022-09-08,81.9100036621094,84.25,81.1999969482422,83.5400009155273,83.5400009155273,342763
2022-09-09,82.8000030517578,87.1999969482422,82.7099990844727,86.7900009155273,86.7900009155273,305188
2022-09-12,86.25,89.0999984741211,85.1600036621094,87.7799987792969,87.7799987792969,275104
2022-09-13,88.0899963378906,89.3099975585938,85.0599975585938,87.3099975585938,87.3099975585938,347998
2022-09-14,87.9400024414062,90.1900024414062,86.1800003051758,88.4800033569336,88.4800033569336,335381
2022-09-15,88.9100036621094,89.1500015258789,84.5299987792969,85.0999984741211,85.0999984741211,235358
2022-09-16,85.1600036621094,86.5899963378906,84.2699966430664,85.1100006103516,85.1100006103516,87829
2022-09-19,85.2099990844727,86.2200012207031,82.0999984741211,85.7300033569336,85.7300033569336,59626
2022-09-20,85.6100006103516,86.4499969482422,83.5199966430664,84.4499969482422,84.4499969482422,279813
2022-09-21,84.25,86.6800003051758,82.4899978637695,82.9400024414062,82.9400024414062,339683
2022-09-22,83.0699996948242,86,82.4000015258789,83.4899978637695,83.4899978637695,303492
2022-09-23,83.5400009155273,83.9199981689453,78.0400009155273,78.7399978637695,78.7399978637695,334271
2022-09-26,79.2300033569336,80.3099975585938,76.25,76.7099990844727,76.7099990844727,280927
2022-09-27,76.4700012207031,79.5100021362305,76.4199981689453,78.5,78.5,283614
2022-09-28,78.0800018310547,82.3399963378906,76.5500030517578,82.1500015258789,82.1500015258789,324678
2022-09-29,81.9000015258789,82.9400024414062,80.3399963378906,81.2300033569336,81.2300033569336,286126
2022-09-30,81.7399978637695,82.5599975585938,79.1399993896484,79.4899978637695,79.4899978637695,253154
2022-10-03,81.0199966430664,84.5599975585938,80.870002746582,83.629997253418,83.629997253418,287168
2022-10-04,83.2200012207031,86.9800033569336,83.2200012207031,86.5199966430664,86.5199966430664,302549
2022-10-05,86.370002746582,88.4199981689453,85.4199981689453,87.7600021362305,87.7600021362305,329790
2022-10-06,88.0800018310547,89.0699996948242,87.0400009155273,88.4499969482422,88.4499969482422,235296
2022-10-07,88.9300003051758,93.3099975585938,88,92.6399993896484,92.6399993896484,429162
2022-10-10,93.4800033569336,93.6399993896484,90.5400009155273,91.129997253418,91.129997253418,289508
2022-10-11,91.1399993896484,91.3499984741211,87.9100036621094,89.3499984741211,89.3499984741211,333158
2022-10-12,88.6699981689453,90.0699996948242,86.2799987792969,87.2699966430664,87.2699966430664,332271
2022-10-13,87.0800018310547,89.6600036621094,85.5599975585938,89.1100006103516,89.1100006103516,298032
2022-10-14,89.2699966430664,89.7300033569336,85.1999969482422,85.6100006103516,85.6100006103516,237026
2022-10-17,85.5899963378906,87.120002746582,84.6100006103516,85.4599990844727,85.4599990844727,172020
2022-10-18,85.6999969482422,86.5100021362305,82.0899963378906,82.8199996948242,82.8199996948242,97304
2022-10-19,83.6900024414062,86.1999969482422,82.5899963378906,85.5500030517578,85.5500030517578,71309
2022-10-20,85.9400024414062,88.1699981689453,85.2200012207031,85.9800033569336,85.9800033569336,338344
2022-10-21,85.0699996948242,85.9000015258789,83.1500015258789,85.0500030517578,85.0500030517578,272803
2022-10-24,85.2399978637695,85.9199981689453,82.629997253418,84.5800018310547,84.5800018310547,250726
2022-10-25,84.879997253418,86.0299987792969,83.0599975585938,85.3199996948242,85.3199996948242,240441
2022-10-26,85.0699996948242,88.4100036621094,84.1399993896484,87.9100036621094,87.9100036621094,287182
2022-10-27,88.2600021362305,89.7900009155273,87.3300018310547,89.0800018310547,89.0800018310547,292556
2022-10-28,88.6699981689453,88.7600021362305,87.0800018310547,87.9000015258789,87.9000015258789,263404
2022-10-31,88.3899993896484,88.6500015258789,85.3000030517578,86.5299987792969,86.5299987792969,285342
2022-11-01,86.4300003051758,89.4499969482422,85.9199981689453,88.370002746582,88.370002746582,274321
2022-11-02,88.620002746582,90.3600006103516,87.7200012207031,90,90,280961
2022-11-03,89.3499984741211,89.6699981689453,87.5999984741211,88.1699981689453,88.1699981689453,239816
2022-11-04,87.9000015258789,92.870002746582,87.8199996948242,92.6100006103516,92.6100006103516,354060
2022-11-07,91,93.7399978637695,90.4000015258789,91.7900009155273,91.7900009155273,322419
2022-11-08,91.870002746582,92.1699981689453,88.5199966430664,88.9100036621094,88.9100036621094,344223
2022-11-09,88.5699996948242,89.2399978637695,85.5,85.8300018310547,85.8300018310547,388301
2022-11-10,85.8499984741211,87.3499984741211,84.6999969482422,86.4700012207031,86.4700012207031,340007
2022-11-11,86.2699966430664,90.0999984741211,86.1800003051758,88.9599990844727,88.9599990844727,301664
2022-11-14,89.0199966430664,89.8399963378906,85.1500015258789,85.870002746582,85.870002746582,315450
2022-11-15,85.25,88.6800003051758,84.0599975585938,86.9199981689453,86.9199981689453,331709
2022-11-16,86.8899993896484,87.5100021362305,84.1999969482422,85.5899963378906,85.5899963378906,225668
2022-11-17,85.2200012207031,85.4499969482422,81.4000015258789,81.6399993896484,81.6399993896484,138476
2022-11-18,82.0899963378906,82.6399993896484,77.2399978637695,80.0800018310547,80.0800018310547,96583
2022-11-21,80.3000030517578,80.3000030517578,75.0800018310547,79.7300033569336,79.7300033569336,475104
2022-11-22,80.2200012207031,82.3600006103516,79.8499984741211,80.9499969482422,80.9499969482422,269615
2022-11-23,81.0800018310547,81.9499969482422,76.8300018310547,77.9400024414062,77.9400024414062,379145
2022-11-25,77.5100021362305,79.9000015258789,76.2200012207031,76.2799987792969,76.2799987792969,266451
2022-11-28,75.9300003051758,77.8399963378906,73.5999984741211,77.2399978637695,77.2399978637695,405033
2022-11-29,76.5400009155273,79.6500015258789,76.2900009155273,78.1999969482422,78.1999969482422,381869
2022-11-30,79,81.379997253418,78.4000015258789,80.5500030517578,80.5500030517578,287534
2022-12-01,80.4000015258789,83.3399963378906,79.9300003051758,81.2200012207031,81.2200012207031,321432
2022-12-02,81.4700012207031,82.2200012207031,79.6500015258789,79.9800033569336,79.9800033569336,280235
2022-12-05,79.9899978637695,82.7200012207031,76.7699966430664,76.9300003051758,76.9300003051758,346657
2022-12-06,77.3499984741211,77.879997253418,73.4100036621094,74.25,74.25,380598
2022-12-07,74.5500030517578,75.379997253418,71.75,72.0100021362305,72.0100021362305,392236
2022-12-08,72.379997253418,75.4400024414062,71.120002746582,71.4599990844727,71.4599990844727,474459
2022-12-09,71.8499984741211,72.9199981689453,70.0800018310547,71.0199966430664,71.0199966430664,356722
2022-12-12,71.7900009155273,73.9899978637695,70.25,73.1699981689453,73.1699981689453,323553
2022-12-13,73.2900009155273,76.370002746582,73.2099990844727,75.3899993896484,75.3899993896484,352858
2022-12-14,75.2699966430664,77.75,74.9000015258789,77.2799987792969,77.2799987792969,292488
2022-12-15,77.370002746582,77.7699966430664,75.3300018310547,76.1100006103516,76.1100006103516,224663
2022-12-16,76.370002746582,76.5699996948242,73.3300018310547,74.2900009155273,74.2900009155273,99205
2022-12-19,74.5,76.4100036621094,73.8099975585938,75.1900024414062,75.1900024414062,69348
2022-12-20,75.6999969482422,76.75,74.3099975585938,76.0899963378906,76.0899963378906,254792
2022-12-21,75.9899978637695,78.6100006103516,75.8000030517578,78.2900009155273,78.2900009155273,234624
2022-12-22,78.4300003051758,79.9000015258789,77.0299987792969,77.4899978637695,77.4899978637695,219142
2022-12-23,78.1800003051758,80.3300018310547,77.9800033569336,79.5599975585938,79.5599975585938,237711
2022-12-27,79.9000015258789,81.1800003051758,79.1600036621094,79.5299987792969,79.5299987792969,199601
2022-12-28,79.8899993896484,79.9199981689453,77.3000030517578,78.9599990844727,78.9599990844727,207717
2022-12-29,78.8199996948242,78.8199996948242,76.7900009155273,78.4000015258789,78.4000015258789,199858
2022-12-30,78.7300033569336,80.6699981689453,77.7099990844727,80.2600021362305,80.2600021362305,205909
2023-01-03,80.5699996948242,81.5,76.5999984741211,76.9300003051758,76.9300003051758,338520
2023-01-04,77.25,77.4199981689453,72.7300033569336,72.8399963378906,72.8399963378906,352434
2023-01-05,73.25,74.9199981689453,72.4599990844727,73.6699981689453,73.6699981689453,300731
2023-01-06,73.9700012207031,75.4700012207031,73.2399978637695,73.7699966430664,73.7699966430664,258128
2023-01-09,73.4700012207031,76.7399978637695,73.4700012207031,74.629997253418,74.629997253418,329290
2023-01-10,74.8600006103516,75.9199981689453,73.8399963378906,75.120002746582,75.120002746582,307430
2023-01-11,74.7799987792969,77.8399963378906,74.3099975585938,77.4100036621094,77.4100036621094,350891
2023-01-12,77.6999969482422,79.1600036621094,77.0999984741211,78.3899993896484,78.3899993896484,307705
2023-01-13,78.3199996948242,80.1100006103516,77.9700012207031,79.8600006103516,79.8600006103516,283539
2023-01-17,80.0999984741211,81.2300033569336,78.5299987792969,80.1800003051758,80.1800003051758,312275
2023-01-18,80.9700012207031,82.379997253418,78.9400024414062,79.4800033569336,79.4800033569336,92549
2023-01-19,79.1399993896484,81.1800003051758,78.129997253418,80.3300018310547,80.3300018310547,58863
2023-01-20,80.5999984741211,81.6399993896484,79.6900024414062,81.3099975585938,81.3099975585938,300145
2023-01-23,81.7900009155273,82.6399993896484,81.0500030517578,81.620002746582,81.620002746582,297076
2023-01-24,81.620002746582,82.2200012207031,79.6600036621094,80.129997253418,80.129997253418,288207
2023-01-25,80.2600021362305,81.2300033569336,79.4499969482422,80.1500015258789,80.1500015258789,297234
2023-01-26,80.4800033569336,82.1399993896484,79.9199981689453,81.0100021362305,81.0100021362305,291060
2023-01-27,81.2200012207031,82.4800033569336,79.0400009155273,79.6800003051758,79.6800003051758,367588
2023-01-30,80.0400009155273,80.4899978637695,77.6600036621094,77.9000015258789,77.9000015258789,327426
2023-01-31,77.9100036621094,79.25,76.5500030517578,78.870002746582,78.870002746582,312734
2023-02-01,79.0599975585938,79.7300033569336,76.0500030517578,76.4100036621094,76.4100036621094,360859
2023-02-02,76.7900009155273,77.2399978637695,74.9700012207031,75.879997253418,75.879997253418,339755
2023-02-03,75.9199981689453,78,73.0999984741211,73.3899993896484,73.3899993896484,413414
2023-02-06,73.2300033569336,74.5100021362305,72.25,74.1100006103516,74.1100006103516,380028
2023-02-07,74.5699996948242,77.5999984741211,74.3499984741211,77.1399993896484,77.1399993896484,408279
2023-02-08,77.4899978637695,78.5699996948242,77.0800018310547,78.4700012207031,78.4700012207031,353468
2023-02-09,78.4499969482422,78.8399963378906,76.5199966430664,78.0599975585938,78.0599975585938,324156
2023-02-10,77.6800003051758,80.3300018310547,77.4700012207031,79.7200012207031,79.7200012207031,356062
2023-02-13,79.9400024414062,80.620002746582,78.4499969482422,80.1399993896484,80.1399993896484,301299
2023-02-14,79.0599975585938,79.6100006103516,77.4599990844727,79.0599975585938,79.0599975585938,299938
2023-02-15,78.8300018310547,79.1500015258789,77.25,78.5899963378906,78.5899963378906,264486
2023-02-16,78.5400009155273,79.5400009155273,77.9199981689453,78.4899978637695,78.4899978637695,117600
2023-02-17,78.0699996948242,78.25,75.0599975585938,76.3399963378906,76.3399963378906,93267
2023-02-21,76.5299987792969,77.5100021362305,75.6900024414062,76.1600036621094,76.1600036621094,402351
2023-02-22,76.1100006103516,76.5500030517578,73.8000030517578,73.9499969482422,73.9499969482422,332018
2023-02-23,73.9199981689453,75.9899978637695,73.8300018310547,75.3899993896484,75.3899993896484,333838
2023-02-24,75.5999984741211,76.629997253418,74.0899963378906,76.3199996948242,76.3199996948242,329254
2023-02-27,76.4199981689453,76.8199996948242,74.9899978637695,75.6800003051758,75.6800003051758,266091
2023-02-28,75.7600021362305,77.8300018310547,75.5500030517578,77.0500030517578,77.0500030517578,300093
2023-03-01,76.8499984741211,77.8499984741211,76.120002746582,77.6900024414062,77.6900024414062,342121
2023-03-02,77.7399978637695,78.5899963378906,77.2300033569336,78.1600036621094,78.1600036621094,260331
2023-03-03,77.8899993896484,79.9000015258789,75.8300018310547,79.6800003051758,79.6800003051758,374201
2023-03-06,79.9199981689453,80.629997253418,78.3199996948242,80.4599990844727,80.4599990844727,292351
2023-03-07,80.5,80.9400024414062,77.0599975585938,77.5800018310547,77.5800018310547,398241
2023-03-08,77.3199996948242,77.7300033569336,76.1100006103516,76.6600036621094,76.6600036621094,335930
2023-03-09,76.5,78.0599975585938,75.4300003051758,75.7200012207031,75.7200012207031,349960
2023-03-10,75.6500015258789,77.1100006103516,74.7699966430664,76.6800003051758,76.6800003051758,371834
2023-03-13,76.5999984741211,77.4700012207031,72.3000030517578,74.8000030517578,74.8000030517578,457423
2023-03-14,74.6999969482422,74.9000015258789,70.7799987792969,71.3300018310547,71.3300018310547,432858
2023-03-15,71.5599975585938,72.5599975585938,65.6500015258789,67.6100006103516,67.6100006103516,555164
2023-03-16,68.2200012207031,69.379997253418,65.7099990844727,68.3499984741211,68.3499984741211,327120
2023-03-17,68.2600021362305,69.6399993896484,65.1699981689453,66.7399978637695,66.7399978637695,152255
2023-03-20,66.620002746582,67.6999969482422,64.120002746582,67.6399993896484,67.6399993896484,76873
2023-03-21,67.620002746582,69.5999984741211,66.7699966430664,69.3300018310547,69.3300018310547,409495
2023-03-22,69.4800033569336,71.3099975585938,68.8899993896484,70.9000015258789,70.9000015258789,337639
2023-03-23,69.9499969482422,71.6699981689453,69.1399993896484,69.9599990844727,69.9599990844727,335241
2023-03-24,69.5100021362305,70.379997253418,66.8199996948242,69.2600021362305,69.2600021362305,380852
2023-03-27,69.4199981689453,73.0999984741211,69.129997253418,72.8099975585938,72.8099975585938,353598
2023-03-28,72.8600006103516,73.9300003051758,72.1900024414062,73.1999969482422,73.1999969482422,328472
2023-03-29,73.6100006103516,74.370002746582,72.7600021362305,72.9700012207031,72.9700012207031,312669
2023-03-30,72.9800033569336,74.629997253418,72.6100006103516,74.370002746582,74.370002746582,269743
2023-03-31,74.370002746582,75.7200012207031,73.7699966430664,75.6699981689453,75.6699981689453,304361
2023-04-03,80.0999984741211,81.6900024414062,79,80.4199981689453,80.4199981689453,547126
2023-04-04,80.4400024414062,81.8099975585938,79.6100006103516,80.7099990844727,80.7099990844727,343570
2023-04-05,81.0100021362305,81.2399978637695,79.7200012207031,80.6100006103516,80.6100006103516,254974
2023-04-06,80.370002746582,80.9599990844727,79.6500015258789,80.6999969482422,80.6999969482422,0
2023-04-10,80.5,81.2200012207031,79.6100006103516,79.7399978637695,79.7399978637695,264906
2023-04-11,79.879997253418,81.5899963378906,79.370002746582,81.5299987792969,81.5299987792969,309683
2023-04-12,81.4400024414062,83.5299987792969,81.2799987792969,83.2600021362305,83.2600021362305,356133
2023-04-13,83.2200012207031,83.4400024414062,82.1100006103516,82.1600036621094,82.1600036621094,261230
2023-04-14,82.4000015258789,83.120002746582,81.7600021362305,82.5199966430664,82.5199966430664,275129
2023-04-17,82.4800033569336,82.7099990844727,80.4700012207031,80.8300018310547,80.8300018310547,217048
2023-04-18,81,81.4800033569336,79.870002746582,80.8600006103516,80.8600006103516,96290
2023-04-19,80.9199981689453,81.1800003051758,78.4599990844727,79.1600036621094,79.1600036621094,78310
2023-04-20,78.870002746582,78.8899993896484,76.9700012207031,77.2900009155273,77.2900009155273,361413
2023-04-21,77.129997253418,78.3899993896484,76.7200012207031,77.870002746582,77.870002746582,291114
2023-04-24,77.9700012207031,79.1800003051758,76.7200012207031,78.7600021362305,78.7600021362305,306720
2023-04-25,78.7399978637695,79.0699996948242,76.5,77.0699996948242,77.0699996948242,361646
2023-04-26,77.0800018310547,77.9300003051758,74.0500030517578,74.3000030517578,74.3000030517578,497778
2023-04-27,74.379997253418,75.2799987792969,74.0299987792969,74.7600021362305,74.7600021362305,345880
2023-04-28,74.9100036621094,76.9199981689453,73.9300003051758,76.7799987792969,76.7799987792969,328399
2023-05-01,76.6600036621094,76.6900024414062,74.5299987792969,75.6600036621094,75.6600036621094,215017
2023-05-02,75.7600021362305,76.1100006103516,71.4199981689453,71.6600036621094,71.6600036621094,417820
2023-05-03,71.5599975585938,71.7900009155273,67.9499969482422,68.5999984741211,68.5999984741211,490523
2023-05-04,68.1600036621094,69.8399963378906,63.6399993896484,68.5599975585938,68.5599975585938,412495
2023-05-05,68.6999969482422,71.8099975585938,68.4800033569336,71.3399963378906,71.3399963378906,330585
2023-05-08,71.3499984741211,73.6900024414062,71.0400009155273,73.1600036621094,73.1600036621094,290076
2023-05-09,72.8399963378906,73.7799987792969,71.3399963378906,73.7099990844727,73.7099990844727,317493
2023-05-10,73.5800018310547,73.8899993896484,71.8000030517578,72.5599975585938,72.5599975585938,351506
2023-05-11,72.7699966430664,73.5,70.629997253418,70.870002746582,70.870002746582,365892
2023-05-12,71.4199981689453,71.7799987792969,69.9300003051758,70.0400009155273,70.0400009155273,275435
2023-05-15,70.0400009155273,71.6900024414062,69.4100036621094,71.1100006103516,71.1100006103516,259013
2023-05-16,71.3199996948242,71.7900009155273,70.4499969482422,70.8600006103516,70.8600006103516,232328
2023-05-17,70.5999984741211,73.2600021362305,70.0400009155273,72.8300018310547,72.8300018310547,273708
2023-05-18,72.75,72.870002746582,71.4199981689453,71.8600006103516,71.8600006103516,80864
2023-05-19,71.9400024414062,73.4000015258789,71.0299987792969,71.5500030517578,71.5500030517578,69949
2023-05-22,71.6999969482422,72.3600006103516,70.5500030517578,71.9899978637695,71.9899978637695,263977
2023-05-23,72.0999984741211,73.7900009155273,71.7099990844727,72.9100036621094,72.9100036621094,317586
2023-05-24,73.7699966430664,74.7300033569336,73.129997253418,74.3399963378906,74.3399963378906,386611
2023-05-25,74.2099990844727,74.370002746582,70.9800033569336,71.8300018310547,71.8300018310547,422637
2023-05-26,71.8899993896484,73.0500030517578,71.4899978637695,72.6699981689453,72.6699981689453,261498
2023-05-30,73.2300033569336,73.5500030517578,69.0199966430664,69.4599990844727,69.4599990844727,440862
2023-05-31,69.620002746582,69.6900024414062,67.0299987792969,68.0899963378906,68.0899963378906,444787
2023-06-01,67.5999984741211,71.0699996948242,67.5100021362305,70.0999984741211,70.0999984741211,395393
2023-06-02,70.2099990844727,72.1699981689453,70,71.7399978637695,71.7399978637695,322596
2023-06-05,75.0299987792969,75.0599975585938,71.7300033569336,72.1500015258789,72.1500015258789,383943
2023-06-06,71.9899978637695,72.3300018310547,70.129997253418,71.7399978637695,71.7399978637695,314962
2023-06-07,71.5599975585938,73.1900024414062,71.0100021362305,72.5299987792969,72.5299987792969,299127
2023-06-08,72.4700012207031,73.2799987792969,69.0299987792969,71.2900009155273,71.2900009155273,485396
2023-06-09,70.9400024414062,71.7699966430664,70.0999984741211,70.1699981689453,70.1699981689453,300724
2023-06-12,70.2699966430664,70.3300018310547,66.8000030517578,67.120002746582,67.120002746582,404769
2023-06-13,67.3099975585938,69.8300018310547,67.1500015258789,69.4199981689453,69.4199981689453,366354
2023-06-14,69.3499984741211,70.4899978637695,68.0699996948242,68.2699966430664,68.2699966430664,304449
2023-06-15,68.6999969482422,70.9599990844727,67.9700012207031,70.620002746582,70.620002746582,115613
2023-06-16,70.5500030517578,71.8899993896484,69.9499969482422,71.7799987792969,71.7799987792969,99185
2023-06-20,71.4499969482422,72.0899963378906,69.6500015258789,70.5,70.5,430492
2023-06-21,70.9000015258789,72.7200012207031,70.8000030517578,72.5299987792969,72.5299987792969,264656
2023-06-22,72.4300003051758,72.6500015258789,68.9300003051758,69.5100021362305,69.5100021362305,421348
2023-06-23,69.5299987792969,69.6500015258789,67.3499984741211,69.1600036621094,69.1600036621094,322475
2023-06-26,69.8399963378906,70.1100006103516,68.7099990844727,69.370002746582,69.370002746582,280116
2023-06-27,69.4899978637695,70.1500015258789,67.5,67.6999969482422,67.6999969482422,384752
2023-06-28,68.0100021362305,69.7300033569336,67.0500030517578,69.5599975585938,69.5599975585938,368295
2023-06-29,69.25,70.5999984741211,68.9300003051758,69.8600006103516,69.8600006103516,292865
2023-06-30,69.8199996948242,71.0400009155273,69.5299987792969,70.6399993896484,70.6399993896484,299873
2023-07-03,70.4499969482422,71.7699966430664,69.6900024414062,69.7900009155273,69.7900009155273,303479
2023-07-05,70.1500015258789,72.1699981689453,69.9000015258789,71.7900009155273,71.7900009155273,456809
2023-07-06,71.8000030517578,72.3399963378906,70.2200012207031,71.8000030517578,71.8000030517578,395381
2023-07-07,71.8899993896484,73.9199981689453,71.1900024414062,73.8600006103516,73.8600006103516,362632
2023-07-10,73.8600006103516,74.1500015258789,72.6699981689453,72.9899978637695,72.9899978637695,301014
2023-07-11,73.1900024414062,74.9599990844727,72.9800033569336,74.8300018310547,74.8300018310547,326883
2023-07-12,74.8300018310547,76.1500015258789,74.6699981689453,75.75,75.75,352887
2023-07-13,75.8499984741211,77.3300018310547,75.3199996948242,76.8899993896484,76.8899993896484,379728
2023-07-14,77.1600036621094,77.3000030517578,75.1100006103516,75.4199981689453,75.4199981689453,299576
2023-07-17,75.0199966430664,76.0899963378906,73.8399963378906,74.1500015258789,74.1500015258789,244785
2023-07-18,74.1800003051758,75.9599990844727,73.879997253418,75.75,75.75,125092
2023-07-19,75.8399963378906,76.9700012207031,75.0699996948242,75.3499984741211,75.3499984741211,92920
2023-07-20,75.3499984741211,76.1500015258789,74.7200012207031,75.629997253418,75.629997253418,340962
2023-07-21,75.6999969482422,77.2900009155273,75.6900024414062,77.0699996948242,77.0699996948242,308106
2023-07-24,77.0100021362305,79.2799987792969,76.4400024414062,78.7399978637695,78.7399978637695,368285
2023-07-25,78.8499984741211,79.9000015258789,78.2900009155273,79.629997253418,79.629997253418,349600
2023-07-26,79.3399963378906,79.7699966430664,78.5500030517578,78.7799987792969,78.7799987792969,322031
2023-07-27,78.9000015258789,80.5999984741211,78.870002746582,80.0899963378906,80.0899963378906,374358
2023-07-28,79.8399963378906,80.7099990844727,79.0699996948242,80.5800018310547,80.5800018310547,299547
2023-07-31,80.6500015258789,82,80.129997253418,81.8000030517578,81.8000030517578,297270
2023-08-01,81.7300033569336,82.2200012207031,80.5899963378906,81.370002746582,81.370002746582,307859
2023-08-02,82.0500030517578,82.4300003051758,79.0500030517578,79.4899978637695,79.4899978637695,414825
2023-08-03,79.7699966430664,81.8600006103516,78.6900024414062,81.5500030517578,81.5500030517578,402641
2023-08-04,81.7300033569336,83.2399978637695,81.5100021362305,82.8199996948242,82.8199996948242,320873
2023-08-07,82.8199996948242,83.3000030517578,81.5199966430664,81.9400024414062,81.9400024414062,293036
2023-08-08,82.5299987792969,83.0800018310547,79.9000015258789,82.9199981689453,82.9199981689453,424545
2023-08-09,82.879997253418,84.6500015258789,82.6699981689453,84.4000015258789,84.4000015258789,478140
2023-08-10,84.25,84.8899993896484,82.5800018310547,82.8199996948242,82.8199996948242,362188
2023-08-11,82.8300018310547,83.8099975585938,82.2300033569336,83.1900024414062,83.1900024414062,331254
2023-08-14,83.0899963378906,83.1999969482422,81.7600021362305,82.5100021362305,82.5100021362305,277352
2023-08-15,82.5199966430664,82.9100036621094,80.4000015258789,80.9899978637695,80.9899978637695,303207
2023-08-16,81.2300033569336,81.4300003051758,79.0500030517578,79.379997253418,79.379997253418,325403
2023-08-17,79.25,81.0800018310547,78.9499969482422,80.3899993896484,80.3899993896484,235581
2023-08-18,80.0400009155273,81.6100006103516,79.5899963378906,81.25,81.25,128090
2023-08-21,81.4300003051758,82.4700012207031,80.6100006103516,80.7200012207031,80.7200012207031,115874
2023-08-22,80.8000030517578,80.9899978637695,80.0999984741211,80.3499984741211,80.3499984741211,287489
2023-08-23,79.6399993896484,79.9100036621094,77.620002746582,78.8899993896484,78.8899993896484,378146
2023-08-24,78.5699996948242,79.2799987792969,77.5899963378906,79.0500030517578,79.0500030517578,349230
2023-08-25,78.879997253418,80.4499969482422,78.1399993896484,79.8300018310547,79.8300018310547,411409
2023-08-28,80.1500015258789,80.870002746582,79.6100006103516,80.0999984741211,80.0999984741211,246584
2023-08-29,79.9800033569336,81.4100036621094,79.3399963378906,81.1600036621094,81.1600036621094,284168
2023-08-30,81.2900009155273,82.0500030517578,80.879997253418,81.629997253418,81.629997253418,299418
2023-08-31,81.6999969482422,83.6900024414062,81.4800033569336,83.629997253418,83.629997253418,368848
2023-09-01,83.629997253418,86.0599975585938,83.4599990844727,85.5500030517578,85.5500030517578,420461
2023-09-05,86.0599975585938,88.0699996948242,85.0199966430664,86.6900024414062,86.6900024414062,452908
2023-09-06,86.7200012207031,88.0800018310547,85.9300003051758,87.5400009155273,87.5400009155273,307115
2023-09-07,87.5400009155273,87.7399978637695,86.3899993896484,86.870002746582,86.870002746582,270736
2023-09-08,86.7799987792969,87.9499969482422,86.1500015258789,87.5100021362305,87.5100021362305,294437
2023-09-11,87.4000015258789,88.1500015258789,86.7099990844727,87.2900009155273,87.2900009155273,292388
2023-09-12,87.2699966430664,89.370002746582,87.2200012207031,88.8399963378906,88.8399963378906,341137
2023-09-13,88.75,89.6399993896484,88.2900009155273,88.5199966430664,88.5199966430664,345972
2023-09-14,88.8099975585938,90.7900009155273,88.6800003051758,90.1600036621094,90.1600036621094,325270
2023-09-15,90.6699981689453,91.2300033569336,89.2200012207031,90.7699966430664,90.7699966430664,315003
2023-09-18,91.1999969482422,92.4300003051758,90.75,91.4800033569336,91.4800033569336,119258
2023-09-19,92.2200012207031,93.7399978637695,91.0699996948242,91.1999969482422,91.1999969482422,94597
2023-09-20,91.5500030517578,91.9800033569336,89.870002746582,90.2799987792969,90.2799987792969,457854
2023-09-21,89.3000030517578,90.9800033569336,88.370002746582,89.629997253418,89.629997253418,351032
2023-09-22,89.620002746582,91.3300018310547,89.3099975585938,90.0299987792969,90.0299987792969,402087
2023-09-25,90.5500030517578,90.8300018310547,89.0299987792969,89.6800003051758,89.6800003051758,328369
2023-09-26,89.879997253418,90.7399978637695,88.1900024414062,90.3899993896484,90.3899993896484,318016
2023-09-27,90.5299987792969,94.1699981689453,90.4000015258789,93.6800003051758,93.6800003051758,504630
2023-09-28,93.7799987792969,95.0299987792969,91.3899993896484,91.7099990844727,91.7099990844727,406709
2023-09-29,91.7600021362305,93.0999984741211,90.3499984741211,90.7900009155273,90.7900009155273,355782
2023-10-02,90.8199996948242,91.879997253418,88.4599990844727,88.8199996948242,88.8199996948242,334493
2023-10-03,88.6699981689453,90.2699966430664,87.7600021362305,89.2300033569336,89.2300033569336,350659
2023-10-04,89.4199981689453,89.5899963378906,84.1600036621094,84.2200012207031,84.2200012207031,459995
2023-10-05,84.4499969482422,84.9199981689453,82.1500015258789,82.3099975585938,82.3099975585938,465997
2023-10-06,82.2799987792969,83.2799987792969,81.5,82.7900009155273,82.7900009155273,461139
2023-10-09,85.25,87.2399978637695,84.6699981689453,86.379997253418,86.379997253418,435037
2023-10-10,86.4300003051758,86.7399978637695,85.120002746582,85.9700012207031,85.9700012207031,337654
2023-10-11,85.9599990844727,86.5100021362305,83.1100006103516,83.4899978637695,83.4899978637695,425395
2023-10-12,83.1999969482422,85.1999969482422,82.3099975585938,82.9100036621094,82.9100036621094,373492
2023-10-13,83.5100021362305,87.8300018310547,83.3499984741211,87.6900024414062,87.6900024414062,356863
2023-10-16,87.7200012207031,88.3300018310547,86.3199996948242,86.6600036621094,86.6600036621094,235780
2023-10-17,87.0599975585938,87.75,85.5999984741211,86.6600036621094,86.6600036621094,197124
2023-10-18,87.8099975585938,89.879997253418,87.1999969482422,88.3199996948242,88.3199996948242,92797
2023-10-19,88.2399978637695,90.6800003051758,86.5999984741211,89.370002746582,89.370002746582,72058
2023-10-20,90.2799987792969,90.7799987792969,88.3300018310547,88.75,88.75,311917
2023-10-23,88,88.2900009155273,85.3499984741211,85.4899978637695,85.4899978637695,315517
2023-10-24,86.1500015258789,86.3000030517578,82.9400024414062,83.7399978637695,83.7399978637695,370591
2023-10-25,83.6900024414062,85.5599975585938,82.0800018310547,85.3899993896484,85.3899993896484,429459
2023-10-26,85.370002746582,85.5899963378906,82.5599975585938,83.2099990844727,83.2099990844727,341792
2023-10-27,83.5299987792969,85.9000015258789,83.0999984741211,85.5400009155273,85.5400009155273,333760
2023-10-30,85,85.3000030517578,81.8199996948242,82.3099975585938,82.3099975585938,356928
2023-10-31,82.5899963378906,83.370002746582,80.7399978637695,81.0199966430664,81.0199966430664,346007
2023-11-01,81.4800033569336,83.4199981689453,80.3000030517578,80.4400024414062,80.4400024414062,321592
2023-11-02,80.8199996948242,82.8300018310547,80.2200012207031,82.4599990844727,82.4599990844727,307122
2023-11-03,82.5800018310547,83.5999984741211,80.0999984741211,80.5100021362305,80.5100021362305,457281
2023-11-06,81.129997253418,82.2399978637695,80.6600036621094,80.8199996948242,80.8199996948242,271131
2023-11-07,80.9300003051758,81.0500030517578,77.0899963378906,77.370002746582,77.370002746582,396289
2023-11-08,77.120002746582,77.5299987792969,74.9100036621094,75.3300018310547,75.3300018310547,429647
2023-11-09,75.6500015258789,77.1600036621094,75.2099990844727,75.7399978637695,75.7399978637695,303430
2023-11-10,75.5899963378906,77.7300033569336,75.3099975585938,77.1699981689453,77.1699981689453,266998
2023-11-13,77.1500015258789,78.6399993896484,76.2099990844727,78.2600021362305,78.2600021362305,262903
2023-11-14,78.5299987792969,79.7699966430664,77.7900009155273,78.2600021362305,78.2600021362305,263002
2023-11-15,78.1699981689453,78.7699966430664,76.3099975585938,76.6600036621094,76.6600036621094,282301
2023-11-16,76.5999984741211,76.629997253418,72.1600036621094,72.9000015258789,72.9000015258789,125165
2023-11-17,72.9700012207031,75.9899978637695,72.75,75.8899993896484,75.8899993896484,101484
2023-11-20,75.6500015258789,78.2200012207031,75.6500015258789,77.5999984741211,77.5999984741211,270638
2023-11-21,77.6500015258789,77.9199981689453,76.9199981689453,77.7699966430664,77.7699966430664,238629
2023-11-22,77.7699966430664,77.9700012207031,73.7900009155273,77.0999984741211,77.0999984741211,389325
2023-11-23,NA,NA,NA,NA,NA,NA
2023-11-24,76.7900009155273,77.0899963378906,75.0699996948242,75.5400009155273,75.5400009155273,281147
2023-11-27,75.3099975585938,76.2300033569336,74.0599975585938,74.8600006103516,74.8600006103516,289562
2023-11-28,75.0699996948242,77.0199966430664,74.6399993896484,76.4100036621094,76.4100036621094,286618
2023-11-29,76.5599975585938,78.0899963378906,75.6699981689453,77.8600006103516,77.8600006103516,322170
2023-11-30,77.75,79.5999984741211,75.0500030517578,75.9599990844727,75.9599990844727,559169
2023-12-01,75.5899963378906,76.7600021362305,73.9300003051758,74.0699996948242,74.0699996948242,358976
2023-12-04,74.5800018310547,75.0299987792969,72.629997253418,73.0400009155273,73.0400009155273,388832
2023-12-05,73.3000030517578,74.120002746582,72.0199966430664,72.3199996948242,72.3199996948242,358703
2023-12-06,72.0999984741211,72.5999984741211,69.1100006103516,69.379997253418,69.379997253418,436803
2023-12-07,69.2799987792969,70.4800033569336,68.8000030517578,69.3399963378906,69.3399963378906,339000
2023-12-08,69.7600021362305,71.629997253418,69.5,71.2300033569336,71.2300033569336,302250
2023-12-11,71.1500015258789,71.8099975585938,70.3499984741211,71.3199996948242,71.3199996948242,274414
2023-12-12,71.4300003051758,71.9599990844727,68.2200012207031,68.6100006103516,68.6100006103516,324530
2023-12-13,68.7300033569336,69.8899993896484,67.7099990844727,69.4700012207031,69.4700012207031,306996
2023-12-14,69.8499984741211,72.4599990844727,69.5400009155273,71.5800018310547,71.5800018310547,275688
2023-12-15,71.6100006103516,72.2200012207031,70.3000030517578,71.4300003051758,71.4300003051758,95513
2023-12-18,71.6800003051758,74.2600021362305,70.6399993896484,72.4700012207031,72.4700012207031,73941
2023-12-19,72.4800033569336,74.0100021362305,71.8499984741211,73.4400024414062,73.4400024414062,230042
2023-12-20,74.0599975585938,75.370002746582,73.5999984741211,74.2200012207031,74.2200012207031,273364
2023-12-21,73.8099975585938,74.5800018310547,72.4400024414062,73.8899993896484,73.8899993896484,251982
2023-12-22,73.9100036621094,74.9800033569336,73.3899993896484,73.5599975585938,73.5599975585938,222600
2023-12-26,73.5599975585938,76.1800003051758,73.129997253418,75.5699996948242,75.5699996948242,208715
2023-12-27,75.3199996948242,75.6600036621094,73.7699966430664,74.1100006103516,74.1100006103516,253323
2023-12-28,73.8000030517578,74.4000015258789,71.7200012207031,71.7699966430664,71.7699966430664,262748
2023-12-29,71.9899978637695,72.620002746582,71.25,71.6500015258789,71.6500015258789,214486
