"Fecha","Open","High","Low","Close","Adj.Close","Volume"
2007-01-02,41842,42029,41774,42017,42017,552901600
2007-01-03,42045,42126,41935,42062,42062,690323000
2007-01-04,41878,41890,41682,41842,41842,682900500
2007-01-05,41779,41893,41597,41597,41597,688156500
2007-01-08,41739,41823,41451,41527,41527,651360800
2007-01-09,41680,41752,41566,41566,41566,678680800
2007-01-10,41382,41482,41234,41360,41360,707199700
2007-01-11,41506,41954,41394,41942,41942,695694000
2007-01-12,41930,42125,41881,42111,42111,673069600
2007-01-15,42290,42369,42240,42307,42307,516427200
2007-01-16,42305,42377,42090,42115,42115,559588000
2007-01-17,42151,42225,41605,41749,41749,620721200
2007-01-18,41899,42008,41647,41711,41711,559291100
2007-01-19,41715,42181,41615,42123,42123,781363900
2007-01-22,42328,42328,41983,42002,42002,759249300
2007-01-23,42069,42227,41881,42106,42106,634720500
2007-01-24,42251,42587,42231,42566,42566,711641000
2007-01-25,42616,42720,42322,42457,42457,670857500
2007-01-26,42243,42403,42091,42184,42184,619616800
2007-01-29,42219,42384,42149,42259,42259,665595100
2007-01-30,42189,42324,42027,42290,42290,771509500
2007-01-31,42278,42407,42180,42197,42197,659200000
2007-02-01,42505,42595,42457,42461,42461,640363800
2007-02-02,42596,42708,42546,42596,42596,678892300
2007-02-05,42570,42761,42503,42696,42696,692612200
2007-02-06,42732,42838,42558,42617,42617,589286200
2007-02-07,42686,42881,42659,42868,42868,528939900
2007-02-08,42885,42924,42417,42487,42487,618359800
2007-02-09,42636,42805,42636,42744,42744,492118100
2007-02-12,42616,42640,42420,42451,42451,806102700
2007-02-13,42590,42659,42491,42650,42650,717652100
2007-02-14,42764,42920,42712,42898,42898,708423700
2007-02-15,42975,42975,42761,42876,42876,661186800
2007-02-16,42859,42962,42798,42879,42879,774942000
2007-02-19,42943,43020,42873,42993,42993,629768500
2007-02-20,42986,42993,42430,42647,42647,695895100
2007-02-21,42717,42809,42205,42303,42303,725583500
2007-02-22,42417,42706,42417,42493,42493,683387600
2007-02-23,42584,42627,42378,42500,42500,695520200
2007-02-26,42580,42893,42580,42849,42849,485991200
2007-02-27,42621,42621,41608,41616,41616,957650000
2007-02-28,40946,41575,40918,41155,41155,1153989600
2007-03-01,41156,41483,40051,40686,40686,1295211900
2007-03-02,40720,40895,40255,40574,40574,951466300
2007-03-05,39858,40286,39778,40157,40157,953086300
2007-03-06,40505,40565,40299,40374,40374,859788500
2007-03-07,40528,40528,40235,40370,40370,784861500
2007-03-08,40569,40919,40523,40897,40897,732247800
2007-03-09,40855,41017,40569,40882,40882,864137100
2007-03-12,41058,41117,40613,40697,40697,762157500
2007-03-13,40756,40869,40277,40277,40277,968802100
2007-03-14,39745,39802,39290,39290,39290,1075366100
2007-03-15,39912,39917,39495,39916,39916,1064766900
2007-03-16,39955,40048,39522,39868,39868,1121714600
2007-03-19,40129,40480,40083,40480,40480,760218800
2007-03-20,40453,40519,40169,40519,40519,694130900
2007-03-21,40551,40794,40450,40719,40719,717351500
2007-03-22,41260,41568,41146,41547,41547,913753800
2007-03-23,41459,41839,41384,41816,41816,711513500
2007-03-26,41808,41908,41205,41343,41343,691446300
2007-03-27,41577,41625,41337,41337,41337,522881100
2007-03-28,41230,41365,41089,41201,41201,624367500
2007-03-29,41401,41766,41401,41766,41766,497497900
2007-03-30,41774,41970,41627,41771,41771,556074400
2007-04-02,41831,42019,41688,41990,41990,1755125900
2007-04-03,42240,42440,42181,42398,42398,1152447500
2007-04-04,42489,42494,42269,42412,42412,1218650500
2007-04-05,42433,42513,42347,42463,42463,915994300
2007-04-10,42553,42926,42464,42892,42892,895429400
2007-04-11,42888,43104,42720,42805,42805,894096700
2007-04-12,42777,42834,42538,42756,42756,742406600
2007-04-13,42856,43016,42709,43016,43016,1189409300
2007-04-16,43092,43451,43092,43440,43440,1073028000
2007-04-17,43310,43536,43158,43476,43476,1300358500
2007-04-18,43515,43515,43071,43286,43286,1084909500
2007-04-19,42916,43049,42791,42974,42974,1153304500
2007-04-20,43287,43691,43231,43549,43549,1054126200
2007-04-23,43477,43550,43379,43466,43466,650438300
2007-04-24,43467,43531,43156,43303,43303,816685200
2007-04-25,43418,43850,43418,43755,43755,773828000
2007-04-26,43991,43998,43708,43844,43844,952479900
2007-04-27,43852,43882,43514,43642,43642,1240733800
2007-04-30,43667,43890,43667,43755,43755,897579100
2007-05-02,43934,44030,43721,43836,43836,1155233600
2007-05-03,44024,44024,43560,43685,43685,1150469800
2007-05-04,43778,44025,43717,43973,43973,931724600
2007-05-07,44034,44061,43801,43948,43948,517510400
2007-05-08,43917,43917,43353,43630,43630,1222926500
2007-05-09,43838,43992,43681,43855,43855,916515700
2007-05-10,43984,44020,43433,43433,43433,932108700
2007-05-11,43257,43625,43061,43590,43590,1179893800
2007-05-14,43947,43947,43538,43629,43629,1060638200
2007-05-15,43534,44022,43502,44022,44022,1640812300
2007-05-16,43958,44015,43768,43802,43802,1358722300
2007-05-17,43802,44003,43802,43964,43964,1339560200
2007-05-18,44054,44364,44024,44364,44364,763471800
2007-05-21,43744,43744,43475,43495,43495,1145667600
2007-05-22,43598,43623,43116,43328,43328,1054294800
2007-05-23,43316,43645,43316,43567,43567,883626500
2007-05-24,43372,43447,42940,42940,42940,1144250800
2007-05-25,42835,43055,42748,43019,43019,1132341200
2007-05-28,43073,43217,42923,43166,43166,391565500
2007-05-29,43216,43226,42949,42966,42966,848084800
2007-05-30,42740,42964,42458,42964,42964,895659700
2007-05-31,43252,43308,43040,43079,43079,830578700
2007-06-01,43183,43243,42934,43010,43010,840786100
2007-06-04,42959,43056,42477,42726,42726,846325100
2007-06-05,42829,43076,42807,42931,42931,901960100
2007-06-06,42915,43021,42274,42307,42307,827548700
2007-06-07,42532,42532,41878,41926,41926,1064175700
2007-06-08,41764,41949,41520,41712,41712,1153425400
2007-06-11,42054,42054,41734,41874,41874,767184200
2007-06-12,41804,41960,41527,41683,41683,1222528300
2007-06-13,41529,42005,41448,41930,41930,1059886300
2007-06-14,42272,42631,42220,42597,42597,841354000
2007-06-15,42768,43120,42668,43099,43099,1272408600
2007-06-18,42851,42936,42630,42719,42719,670781900
2007-06-19,42771,42962,42754,42845,42845,704491200
2007-06-20,43015,43082,42719,42769,42769,801867600
2007-06-21,42529,42706,42195,42407,42407,868665200
2007-06-22,42483,42559,42151,42154,42154,679721700
2007-06-25,41922,42161,41767,42114,42114,640870900
2007-06-26,41892,41902,41584,41624,41624,797514500
2007-06-27,41506,41507,41269,41439,41439,751016900
2007-06-28,41750,41857,41640,41704,41704,556859300
2007-06-29,41820,41986,41639,41954,41954,536915100
2007-07-02,41954,42040,41709,41987,41987,512692600
2007-07-03,42183,42409,42183,42372,42372,496657200
2007-07-04,42449,42522,42391,42408,42408,377681900
2007-07-05,42523,42523,41961,42043,42043,549041000
2007-07-06,42022,42337,42022,42279,42279,503922000
2007-07-09,42407,42552,42368,42545,42545,499480100
2007-07-10,42550,42735,42003,42039,42039,733503700
2007-07-11,41773,41891,41531,41795,41795,721308900
2007-07-12,41915,42140,41671,42140,42140,576720700
2007-07-13,42472,42506,42167,42293,42293,556604300
2007-07-16,42321,42428,42224,42367,42367,451309700
2007-07-17,42269,42293,41911,42106,42106,583226500
2007-07-18,41808,42118,41685,41755,41755,640814900
2007-07-19,41982,42164,41861,42121,42121,626252300
2007-07-20,42118,42226,41473,41473,41473,720681100
2007-07-23,41517,41757,41320,41757,41757,540896300
2007-07-24,41659,41761,40966,40966,40966,703402100
2007-07-25,40703,41045,40286,40503,40503,812798500
2007-07-26,40710,40791,39671,39671,39671,1017145000
2007-07-27,39360,40039,39360,39581,39581,991863300
2007-07-30,39686,39834,39394,39539,39539,818735200
2007-07-31,39861,40266,39852,40221,40221,916134500
2007-08-01,39416,39774,39168,39401,39401,881638900
2007-08-02,39718,39785,39451,39710,39710,763569400
2007-08-03,39817,39915,39267,39375,39375,668862200
2007-08-06,39025,39400,38971,39116,39116,610999900
2007-08-07,39542,39862,39427,39862,39862,638848500
2007-08-08,40075,40670,39971,40645,40645,808607100
2007-08-09,40474,40528,39893,40056,40056,953266200
2007-08-10,39459,39728,38739,38994,38994,1195589200
2007-08-13,39390,39644,39154,39573,39573,637822400
2007-08-14,39262,39816,39136,39247,39247,577058200
2007-08-16,38345,38723,37921,37921,37921,1081647500
2007-08-17,37631,39138,37568,38712,38712,1223077800
2007-08-20,39077,39146,38875,38909,38909,682507400
2007-08-21,39015,39153,38675,38953,38953,658341800
2007-08-22,39082,39644,39082,39590,39590,735782200
2007-08-23,39882,39970,39644,39709,39709,611609500
2007-08-24,39509,40083,39509,39954,39954,477323200
2007-08-27,40088,40100,39850,39936,39936,359491700
2007-08-28,39873,39920,39114,39158,39158,636575500
2007-08-29,38934,39580,38862,39492,39492,866745300
2007-08-30,39778,39888,39304,39842,39842,686601700
2007-08-31,40076,40324,39903,40187,40187,636818800
2007-09-03,40286,40315,40116,40281,40281,346361900
2007-09-04,40236,40359,39978,40324,40324,603195300
2007-09-05,40210,40210,39309,39347,39347,775039000
2007-09-06,39549,39661,38996,39435,39435,764516700
2007-09-07,39304,39486,38494,38494,38494,967448200
2007-09-10,38583,38910,38251,38407,38407,781873400
2007-09-11,38706,38931,38543,38854,38854,706624600
2007-09-12,38886,39061,38603,39004,39004,728948200
2007-09-13,38961,39431,38694,39370,39370,721481900
2007-09-14,39215,39277,38755,39058,39058,697521400
2007-09-17,38909,38909,38420,38684,38684,616639400
2007-09-18,38474,39436,38474,39381,39381,728941600
2007-09-19,40222,40422,39980,40294,40294,1012181900
2007-09-20,40046,40150,39872,39980,39980,659002200
2007-09-21,39930,40161,39912,39970,39970,798891600
2007-09-24,39891,40187,39875,40019,40019,520197500
2007-09-25,39811,39920,39503,39731,39731,616912800
2007-09-26,39898,40184,39891,40071,40071,565560400
2007-09-27,40363,40375,40004,40059,40059,657696200
2007-09-28,40040,40040,39682,39889,39889,734096300
2007-10-01,39789,40437,39751,40417,40417,648656000
2007-10-02,40605,40675,40349,40441,40441,814856600
2007-10-03,40452,40492,40263,40423,40423,714446700
2007-10-04,40278,40669,40228,40577,40577,670633700
2007-10-05,40645,40870,40548,40800,40800,642097300
2007-10-08,40877,40892,40668,40681,40681,496775900
2007-10-09,40687,41158,40632,41074,41074,769702100
2007-10-10,41128,41135,40810,40913,40913,600958200
2007-10-11,40951,41157,40937,41024,41024,719053000
2007-10-12,40755,41106,40597,41106,41106,818756100
2007-10-15,40990,41041,40530,40547,40547,773187700
2007-10-16,40422,40456,40170,40414,40414,839482200
2007-10-17,40425,40528,40160,40259,40259,706468300
2007-10-18,40151,40259,39748,39903,39903,660557100
2007-10-19,39744,40132,39744,39888,39888,700620900
2007-10-22,39186,39356,38998,39242,39242,726435900
2007-10-23,39477,39602,39395,39423,39423,788490300
2007-10-24,39405,39650,39163,39280,39280,781019000
2007-10-25,39512,40019,39455,39775,39775,1027313300
2007-10-26,39911,40099,39517,40020,40020,862758100
2007-10-29,40300,40398,40053,40165,40165,661987400
2007-10-30,40107,40238,40034,40163,40163,646967600
2007-10-31,40186,40512,40129,40512,40512,644967000
2007-11-01,40544,40611,39548,39712,39712,686936200
2007-11-02,39451,39860,39438,39706,39706,722243100
2007-11-05,39408,39599,39283,39455,39455,601301300
2007-11-06,39635,39728,39329,39426,39426,826499400
2007-11-07,39592,39693,39072,39281,39281,848442000
2007-11-08,38794,38946,38528,38546,38546,953234100
2007-11-09,38631,38697,37655,37845,37845,1267780800
2007-11-12,37544,38208,37544,38187,38187,1061927500
2007-11-13,37979,38429,37818,38410,38410,1010340300
2007-11-14,38897,38897,38427,38586,38586,1139624700
2007-11-15,38586,38632,38333,38448,38448,852922400
2007-11-16,38369,38684,38272,38535,38535,772655700
2007-11-19,38493,38600,37488,37612,37612,832924200
2007-11-20,37883,38017,37452,37938,37938,884928600
2007-11-21,37541,37725,37184,37358,37358,953859100
2007-11-22,37496,37565,37225,37365,37365,570286500
2007-11-23,37417,38029,37417,38012,38012,777017800
2007-11-26,38269,38388,37672,37736,37736,785733100
2007-11-27,37506,37865,37355,37712,37712,809166700
2007-11-28,37870,38513,37430,38487,38487,852729800
2007-11-29,38676,38814,38286,38599,38599,769361700
2007-11-30,38673,39066,38640,38975,38975,733713000
2007-12-03,38828,39068,38725,38820,38820,572738000
2007-12-04,38763,38763,38374,38489,38489,675195700
2007-12-05,38696,39153,38650,39125,39125,753969100
2007-12-06,39249,39395,38913,39170,39170,770799700
2007-12-07,39311,39435,39232,39388,39388,518722800
2007-12-10,39179,39676,39179,39571,39571,614607800
2007-12-11,39634,39634,39259,39425,39425,610267700
2007-12-12,39019,39858,38945,39464,39464,800931400
2007-12-13,39165,39221,38792,38818,38818,780190900
2007-12-14,39004,39004,38608,38870,38870,683485300
2007-12-17,38472,38524,38200,38246,38246,723072700
2007-12-18,38179,38637,38179,38248,38248,657967800
2007-12-19,38106,38370,37992,37992,37992,860570800
2007-12-20,38114,38196,37858,37866,37866,792747900
2007-12-21,38129,38408,38084,38182,38182,928876700
2007-12-27,38379,38439,38197,38343,38343,352183900
2007-12-28,38239,38563,38204,38554,38554,341380100
2008-01-02,38447,38544,38014,38035,38035,405800500
2008-01-03,38061,38142,37806,38063,38063,547652100
2008-01-04,38002,38238,37355,37450,37450,669164800
2008-01-07,37394,37649,37277,37601,37601,702393600
2008-01-08,37718,37793,37464,37571,37571,846122500
2008-01-09,37399,37483,37216,37321,37321,854066100
2008-01-10,37415,37569,37240,37293,37293,773622900
2008-01-11,37289,37488,37126,37364,37364,782085500
2008-01-14,37351,37795,37319,37547,37547,653968500
2008-01-15,37479,37540,36682,36682,36682,791061200
2008-01-16,36513,36918,36416,36632,36632,982908300
2008-01-17,36817,36917,36221,36238,36238,783012400
2008-01-18,36217,36595,35704,35753,35753,1156563800
2008-01-21,35406,35406,33883,33903,33903,1317618600
2008-01-22,32327,34510,32140,34302,34302,1489568400
2008-01-23,34783,34783,32563,32940,32940,1292612300
2008-01-24,33993,34319,33845,34237,34237,972803000
2008-01-25,34712,34875,34197,34197,34197,854453600
2008-01-28,33616,34234,33616,34234,34234,701883000
2008-01-29,34489,34762,34260,34565,34565,772637100
2008-01-30,34380,34471,34178,34274,34274,624973700
2008-01-31,34279,34404,33597,34230,34230,887938600
2008-02-01,34462,34805,34297,34615,34615,852866700
2008-02-04,34868,34930,34636,34767,34767,558653300
2008-02-05,34715,34751,33636,33675,33675,751847700
2008-02-06,33421,33988,33421,33856,33856,696967300
2008-02-07,33728,33758,33055,33227,33227,722094600
2008-02-08,33479,33610,32903,33053,33053,634381300
2008-02-11,32771,33094,32540,32764,32764,784852000
2008-02-12,33068,33778,32690,33778,33778,1047840200
2008-02-13,33551,34138,33453,34014,34014,863430400
2008-02-14,34284,34429,34065,34123,34123,853627500
2008-02-15,34224,34321,33421,33568,33568,1022547300
2008-02-18,33828,34017,33703,33960,33960,559020600
2008-02-19,33828,34426,33579,34120,34120,667979600
2008-02-20,33824,33988,33564,33816,33816,640963800
2008-02-21,34059,34348,33842,33877,33877,641117700
2008-02-22,33877,33952,33237,33428,33428,643196300
2008-02-25,33789,34039,33590,33931,33931,586198600
2008-02-26,34087,34442,33996,34433,34433,643003700
2008-02-27,34570,34593,34098,34532,34532,657936300
2008-02-28,34368,34557,33977,34082,34082,644342400
2008-02-29,33894,34053,33367,33587,33587,752695900
2008-03-03,33133,33326,33047,33173,33173,641164300
2008-03-04,33190,33382,32504,32648,32648,727694700
2008-03-05,32905,33444,32854,33443,33443,659627600
2008-03-06,33386,33386,32746,32819,32819,633092600
2008-03-07,32575,32626,32038,32179,32179,1210136400
2008-03-10,32096,32294,31642,31811,31811,848034600
2008-03-11,31891,32685,31841,32475,32475,1015012900
2008-03-12,32914,32923,32387,32518,32518,891477100
2008-03-13,32086,32193,31312,31977,31977,1323558000
2008-03-14,31889,32454,31354,31659,31659,1008383900
2008-03-17,30683,31129,30528,30586,30586,1024624900
2008-03-18,31029,31484,30929,31437,31437,921326700
2008-03-19,31725,31736,30701,30873,30873,2150774900
2008-03-20,30495,30654,30062,30371,30371,1909864600
2008-03-25,31417,31453,31121,31453,31453,1226280500
2008-03-26,31312,31420,31067,31281,31281,954090200
2008-03-27,31201,31880,31201,31669,31669,971784600
2008-03-28,31702,31758,31537,31696,31696,724560300
2008-03-31,31430,31697,31262,31616,31616,702013600
2008-04-01,31485,32517,31485,32513,32513,1025349200
2008-04-02,32764,33311,32513,33140,33140,1439603100
2008-04-03,33225,33273,32811,33103,33103,1185764700
2008-04-04,33198,33524,33057,33346,33346,1032332900
2008-04-07,33596,33721,33432,33617,33617,831664800
2008-04-08,33389,33695,33324,33672,33672,913143400
2008-04-09,33538,33823,33454,33640,33640,1043630900
2008-04-10,33612,33617,33106,33522,33522,1045985100
2008-04-11,33716,33777,32991,33178,33178,1004277400
2008-04-14,32838,32955,32712,32803,32803,730599100
2008-04-15,33076,33081,32565,32735,32735,975652100
2008-04-16,33026,33285,32753,33256,33256,1012800500
2008-04-17,33362,33446,32939,33162,33162,752449700
2008-04-18,33440,33952,33369,33881,33881,849983300
2008-04-21,33804,33924,33532,33663,33663,678877500
2008-04-22,33546,33771,33393,33491,33491,894049800
2008-04-23,33538,33688,32943,33427,33427,1216605300
2008-04-24,33390,33710,33111,33589,33589,1117355600
2008-04-25,33699,34160,33699,34013,34013,745490600
2008-04-28,34117,34185,33893,33948,33948,696200100
2008-04-29,33844,33994,33710,33841,33841,674368400
2008-04-30,33835,34033,33701,33954,33954,889863300
2008-05-02,34349,34620,34170,34527,34527,948772800
2008-05-05,34504,34592,34373,34495,34495,440256400
2008-05-06,34442,34602,34136,34298,34298,852640600
2008-05-07,34410,34619,34284,34547,34547,964452700
2008-05-08,34204,34343,33888,34082,34082,1109655100
2008-05-09,33883,33970,33472,33722,33722,1238707400
2008-05-12,33776,33960,33643,33744,33744,1321713600
2008-05-13,33925,33925,33405,33805,33805,1327244900
2008-05-14,33956,34340,33956,34270,34270,1643790600
2008-05-15,34267,34283,33991,34233,34233,1083477200
2008-05-16,34291,34711,34266,34384,34384,897814500
2008-05-19,33546,33652,33375,33652,33652,625072700
2008-05-20,33457,33491,33073,33118,33118,897460200
2008-05-21,33194,33416,32933,33061,33061,1048889900
2008-05-22,32823,33401,32793,33278,33278,1121675100
2008-05-23,33286,33286,32852,32870,32870,947669000
2008-05-26,32805,32957,32682,32764,32764,499491300
2008-05-27,32925,32968,32445,32743,32743,1156982500
2008-05-28,32831,33073,32675,32758,32758,876297400
2008-05-29,32933,32985,32633,32769,32769,843891700
2008-05-30,32886,33266,32886,33225,33225,989487900
2008-06-02,33154,33154,32577,32717,32717,635401500
2008-06-03,32647,32871,32579,32813,32813,665033200
2008-06-04,32684,32691,32262,32508,32508,622620700
2008-06-05,32536,32768,32388,32542,32542,858766200
2008-06-06,32746,32794,31691,31754,31754,783388300
2008-06-09,31648,31901,31538,31721,31721,760940200
2008-06-10,31534,31553,31213,31343,31343,836822400
2008-06-11,31428,31524,30665,30728,30728,996952900
2008-06-12,30809,30976,30631,30890,30890,890131400
2008-06-13,30749,30949,30417,30942,30942,717191200
2008-06-16,30960,31014,30556,30817,30817,623322900
2008-06-17,30868,31188,30868,30971,30971,639626400
2008-06-18,30796,30867,30383,30464,30464,775311200
2008-06-19,30336,30603,30272,30368,30368,717979200
2008-06-20,30338,30561,29547,29854,29854,1054475200
2008-06-23,29614,29915,29522,29727,29727,834095300
2008-06-24,29727,29820,29121,29579,29579,1047579100
2008-06-25,29690,30121,29578,30009,30009,996895400
2008-06-26,29782,29830,29346,29373,29373,724481500
2008-06-27,29262,29359,28895,29198,29198,707175500
2008-06-30,29150,29369,28932,29346,29346,740589500
2008-07-01,29258,29258,28516,28786,28786,933499300
2008-07-02,28917,29344,28601,28974,28974,938838800
2008-07-03,28623,29206,28528,29094,29094,819451700
2008-07-04,29164,29164,28541,28541,28541,489550200
2008-07-07,28778,28920,28644,28892,28892,457156800
2008-07-08,28374,28471,28104,28306,28306,591604500
2008-07-09,28528,28779,28484,28771,28771,607474700
2008-07-10,28319,28827,28319,28437,28437,650362600
2008-07-11,28586,28636,27676,27676,27676,707349300
2008-07-14,27870,28051,27687,27748,27748,589283800
2008-07-15,27498,27498,26727,27044,27044,885510200
2008-07-16,27090,27234,26464,27194,27194,783568500
2008-07-17,27496,27846,27358,27668,27668,887189900
2008-07-18,27507,28100,27377,28100,28100,1020479800
2008-07-21,28126,28400,27934,28220,28220,614943400
2008-07-22,28038,28245,27785,28230,28230,705101700
2008-07-23,28588,28952,28478,28841,28841,814491700
2008-07-24,28932,28965,28591,28665,28665,696690100
2008-07-25,28448,28749,28301,28661,28661,709047600
2008-07-28,28565,28565,28310,28369,28369,505072500
2008-07-29,28055,28388,27921,28278,28278,609207400
2008-07-30,28553,28553,28233,28415,28415,739048800
2008-07-31,28497,28711,28199,28331,28331,650063400
2008-08-01,28108,28470,28055,28130,28130,559733500
2008-08-04,28120,28148,27781,27826,27826,510215400
2008-08-05,27917,28800,27881,28753,28753,803856800
2008-08-06,28900,29059,28654,29014,29014,648637900
2008-08-07,28940,29376,28928,29154,29154,672580500
2008-08-08,29024,29152,28684,29089,29089,668357700
2008-08-11,29208,29598,29194,29557,29557,626216500
2008-08-12,29443,29557,29245,29380,29380,769013900
2008-08-13,29203,29238,28729,28758,28758,1089644800
2008-08-14,28910,29009,28520,28778,28778,762241400
2008-08-18,28703,29092,28599,28867,28867,589262800
2008-08-19,28574,28587,28215,28257,28257,727203700
2008-08-20,28381,28435,27905,28148,28148,609163600
2008-08-21,28015,28057,27714,27758,27758,526623400
2008-08-22,27875,28090,27681,28090,28090,543842300
2008-08-25,28000,28109,27848,27900,27900,414038500
2008-08-26,27730,28014,27529,27977,27977,518256200
2008-08-27,27947,28037,27707,27958,27958,534604400
2008-08-28,27968,28673,27890,28625,28625,688407100
2008-08-29,28749,28888,28617,28789,28789,678779300
2008-09-01,28594,28884,28577,28775,28775,452786800
2008-09-02,28792,29412,28651,29208,29208,885936900
2008-09-03,29065,29252,29015,29061,29061,735535100
2008-09-04,29081,29161,28212,28233,28233,898688400
2008-09-05,28006,28113,27501,27567,27567,846093500
2008-09-08,28534,28743,28314,28429,28429,848537800
2008-09-09,28388,28711,28128,28263,28263,972482600
2008-09-10,28271,28358,27901,28064,28064,976475200
2008-09-11,28077,28151,27546,27942,27942,963713900
2008-09-12,28318,28408,27973,28372,28372,735610900
2008-09-15,27576,27608,26969,27333,27333,1274420400
2008-09-16,26928,27157,26299,26589,26589,1415104600
2008-09-17,27074,27139,25920,25920,25920,1358217300
2008-09-18,25610,26332,25585,25664,25664,1204052700
2008-09-19,26232,27947,26155,27877,27877,1779193200
2008-09-22,27935,28323,27438,27438,27438,887631200
2008-09-23,27325,27448,26795,27067,27067,973972100
2008-09-24,27078,27308,26798,26929,26929,926414900
2008-09-25,26885,27573,26803,27573,27573,893196400
2008-09-26,27252,27381,26740,27154,27154,713628800
2008-09-29,26954,26954,25798,25803,25803,976762100
2008-09-30,25137,25827,24916,25530,25530,1211885500
2008-10-01,25963,25963,25067,25681,25681,1007723800
2008-10-02,25773,26387,25155,25258,25258,865456300
2008-10-03,25378,25978,25015,25911,25911,759180300
2008-10-06,25025,25105,23500,23776,23776,1124670300
2008-10-07,24324,24404,23279,23622,23622,1086571000
2008-10-08,22698,23577,21780,22280,22280,1386360400
2008-10-09,22752,23059,21758,21871,21871,1023872100
2008-10-10,21077,21077,19831,20309,20309,1368181900
2008-10-13,20822,22642,20618,22642,22642,860528900
2008-10-14,23504,24270,23145,23471,23471,1060870400
2008-10-15,23210,23424,22103,22221,22221,898372800
2008-10-16,21137,22114,20516,20714,20714,972728500
2008-10-17,20948,21762,20660,21645,21645,897312800
2008-10-20,22245,22273,21805,22182,22182,642262900
2008-10-21,22498,22540,21748,21873,21873,632671100
2008-10-22,21439,21722,21041,21093,21093,558739300
2008-10-23,21197,21222,20377,21061,21061,603800500
2008-10-24,20136,20334,19260,19879,19879,774847300
2008-10-27,19078,19405,18589,19092,19092,642334200
2008-10-28,19749,19749,18628,18628,18628,739747100
2008-10-29,19432,20466,19208,20466,20466,808978100
2008-10-30,20734,21238,20418,20768,20768,770991400
2008-10-31,20632,21367,20376,21367,21367,599237200
2008-11-03,21700,21708,21386,21624,21624,464922200
2008-11-04,21729,23122,21663,23090,23090,820354200
2008-11-05,23304,23304,22526,22758,22758,798255300
2008-11-06,22077,22720,21603,21607,21607,652793500
2008-11-07,21614,22063,21176,21911,21911,625266600
2008-11-10,21911,22739,21911,22077,22077,391532200
2008-11-11,21780,21816,20709,20709,20709,549733200
2008-11-12,21123,21208,20078,20227,20227,677097000
2008-11-13,20030,20585,19999,20414,20414,535231600
2008-11-14,21124,21137,20634,20831,20831,528494200
2008-11-17,20786,20842,19946,20081,20081,535249100
2008-11-18,20160,20305,19552,20119,20119,684353100
2008-11-19,20110,20121,19535,19535,19535,547179800
2008-11-20,19091,19535,18747,19124,19124,643058100
2008-11-21,19289,19453,18290,18533,18533,571775700
2008-11-24,18859,19899,18641,19899,19899,578185400
2008-11-25,19603,20272,19423,19778,19778,733468100
2008-11-26,19603,20039,19338,19901,19901,532282500
2008-11-27,20133,20321,20101,20152,20152,375846400
2008-11-28,20141,20180,19646,19985,19985,490978000
2008-12-01,19829,19829,18736,18736,18736,504752600
2008-12-02,18526,19227,18290,19102,19102,541954600
2008-12-03,19080,19194,18529,19129,19129,423826200
2008-12-04,19156,19454,18617,18911,18911,569756200
2008-12-05,18665,18795,17803,17968,17968,563466500
2008-12-08,18769,19314,18769,19314,19314,455023900
2008-12-09,19116,19744,18914,19620,19620,557614400
2008-12-10,19690,19884,19438,19830,19830,408317600
2008-12-11,19722,19936,19546,19678,19678,428956600
2008-12-12,18991,19290,18541,19174,19174,574427900
2008-12-15,19473,19515,18885,19057,19057,345011500
2008-12-16,19036,19301,18931,19301,19301,377118900
2008-12-17,19476,19535,19035,19352,19352,455844400
2008-12-18,19356,19608,19231,19557,19557,479413400
2008-12-19,19153,19683,19008,19683,19683,781771900
2008-12-22,19590,19590,19218,19222,19222,351873300
2008-12-23,19190,19462,19142,19142,19142,279253200
2008-12-29,19275,19317,19063,19167,19167,1.89e+08
2008-12-30,19290,19460,19136,19460,19460,219400000
2009-01-02,19704,19953,19436,19953,19953,255378900
2009-01-05,20160,20262,19997,20262,20262,370194900
2009-01-06,20327,20996,20310,20729,20729,508908100
2009-01-07,20729,20858,20471,20606,20606,600029200
2009-01-08,20371,20671,20282,20630,20630,454422400
2009-01-09,20700,20700,20055,20093,20093,481366400
2009-01-12,19992,20204,19856,19911,19911,327388400
2009-01-13,19819,19819,19289,19455,19455,491549500
2009-01-14,19652,19652,18562,18763,18763,559258000
2009-01-15,18745,18900,18306,18402,18402,605092500
2009-01-16,18833,18908,18660,18703,18703,496641700
2009-01-19,18886,19027,18165,18367,18367,568159600
2009-01-20,18384,18526,17952,18024,18024,562900100
2009-01-21,17956,18026,17473,17684,17684,759089500
2009-01-22,18018,18110,17253,17369,17369,626419600
2009-01-23,17254,17378,16716,17283,17283,625390100
2009-01-26,17195,17865,17139,17797,17797,581155000
2009-01-27,17845,17845,17482,17739,17739,482786800
2009-01-28,17939,18453,17939,18341,18341,629531700
2009-01-29,18241,18354,17863,18092,18092,565560500
2009-01-30,18039,18264,17800,17934,17934,664443900
2009-02-02,17758,17758,17325,17467,17467,513020900
2009-02-03,17614,17670,17275,17669,17669,508753400
2009-02-04,17786,18211,17652,18015,18015,605472500
2009-02-05,17723,18056,17579,18013,18013,560857900
2009-02-06,18160,18473,18021,18434,18434,604156800
2009-02-09,18305,18726,18264,18663,18663,530135000
2009-02-10,18488,18744,18153,18252,18252,641228700
2009-02-11,18030,18252,17924,18074,18074,592751800
2009-02-12,17988,17988,17487,17669,17669,603047100
2009-02-13,17890,18073,17648,17731,17731,481823000
2009-02-16,17604,17708,17396,17410,17410,381339000
2009-02-17,17279,17279,16712,16726,16726,654224400
2009-02-18,16824,16824,16267,16580,16580,690322200
2009-02-19,16630,16671,16371,16501,16501,668912400
2009-02-20,16193,16195,15530,15530,15530,864933400
2009-02-23,15860,16010,15284,15391,15391,680054300
2009-02-24,15130,15540,15018,15436,15436,615652600
2009-02-25,15757,15757,15079,15218,15218,605862200
2009-02-26,15390,15726,15323,15664,15664,651893400
2009-02-27,15407,15439,15047,15282,15282,682495900
2009-03-02,14902,14902,14362,14362,14362,574301400
2009-03-03,14414,14419,13941,14017,14017,695378700
2009-03-04,14192,14377,14074,14363,14363,618960800
2009-03-05,14234,14234,13501,13523,13523,628338200
2009-03-06,13447,13483,12844,12895,12895,885122900
2009-03-09,13032,13032,12332,12621,12621,727680000
2009-03-10,12639,13503,12611,13503,13503,817827900
2009-03-11,13481,14025,13326,13568,13568,799412300
2009-03-12,13486,13935,13290,13921,13921,782122100
2009-03-13,14198,14303,13741,13804,13804,722374900
2009-03-16,14162,14297,13967,14158,14158,551696600
2009-03-17,14162,14162,13818,14082,14082,596034500
2009-03-18,14380,14532,14204,14473,14473,907904600
2009-03-19,14629,15252,14590,14749,14749,1142524300
2009-03-20,14646,15031,14509,14948,14948,986126300
2009-03-23,15278,15811,15278,15811,15811,841648400
2009-03-24,16135,16177,15642,15837,15837,913820300
2009-03-25,15779,16340,15779,16263,16263,744758400
2009-03-26,16335,16483,16175,16483,16483,691823800
2009-03-27,16555,16614,16188,16343,16343,564922600
2009-03-30,16039,16039,15269,15269,15269,681500100
2009-03-31,15368,15875,15368,15875,15875,613198700
2009-04-01,15785,16105,15470,16047,16047,741565900
2009-04-02,16483,16811,16337,16811,16811,997297900
2009-04-03,16683,17051,16528,16900,16900,1063975100
2009-04-06,17098,17302,16471,16690,16690,938464900
2009-04-07,16778,16784,16283,16561,16561,823957100
2009-04-08,16209,17003,16197,16939,16939,984924600
2009-04-09,17217,17475,16939,17408,17408,1074820900
2009-04-14,17588,17962,17430,17816,17816,994455200
2009-04-15,17583,17965,17568,17811,17811,1061880200
2009-04-16,18044,18307,17799,18154,18154,973632300
2009-04-17,18382,18569,18203,18510,18510,892050700
2009-04-20,18442,18684,17681,17731,17731,858807300
2009-04-21,17790,17970,17133,17688,17688,1014621700
2009-04-22,17775,18128,17581,18086,18086,972178400
2009-04-23,17993,18366,17939,18145,18145,1053232900
2009-04-24,18243,18656,18228,18651,18651,899592400
2009-04-27,18426,18823,18352,18823,18823,930175400
2009-04-28,18534,18666,18152,18498,18498,707479800
2009-04-29,18735,18939,18638,18904,18904,739719600
2009-04-30,19098,19375,19098,19177,19177,865443800
2009-05-04,19371,19809,19347,19792,19792,667618900
2009-05-05,19868,19993,19640,19685,19685,828972800
2009-05-06,19661,20238,19661,20104,20104,869893700
2009-05-07,20356,20676,19671,19814,19814,1098047700
2009-05-08,20076,20509,20036,20509,20509,825624600
2009-05-11,20702,20702,19980,20200,20200,849758100
2009-05-12,20041,20535,20014,20337,20337,829427500
2009-05-13,20562,20580,19306,19381,19381,1020337300
2009-05-14,19294,19436,18965,19271,19271,946986800
2009-05-15,19560,19578,19175,19548,19548,906937900
2009-05-18,18920,19953,18752,19953,19953,809339700
2009-05-19,20226,20417,19942,20172,20172,835466900
2009-05-20,20150,20596,20150,20525,20525,735886500
2009-05-21,20263,20306,19796,19883,19883,668180000
2009-05-22,19924,20200,19822,20007,20007,594727500
2009-05-25,20065,20119,19549,19967,19967,388668500
2009-05-26,19825,20297,19573,20297,20297,705644000
2009-05-27,20411,20475,20189,20312,20312,571304800
2009-05-28,20072,20329,19967,20150,20150,500949900
2009-05-29,20346,20346,19872,19884,19884,675167700
2009-06-01,19890,20553,19890,20512,20512,576998400
2009-06-02,20512,20596,20254,20524,20524,604346200
2009-06-03,20524,20600,20031,20118,20118,747944900
2009-06-04,20118,20260,19984,20129,20129,704138200
2009-06-05,20129,20453,20046,20170,20170,759148900
2009-06-08,20170,20170,19629,19890,19890,731288100
2009-06-09,19890,20208,19890,20071,20071,669600600
2009-06-10,20071,20524,20071,20299,20299,670317700
2009-06-11,20299,20593,20280,20585,20585,687145800
2009-06-12,20585,20585,20341,20384,20384,675723700
2009-06-15,20384,20384,19771,19771,19771,610349000
2009-06-16,19771,19857,19471,19590,19590,764867200
2009-06-17,19590,19590,18928,19023,19023,878792200
2009-06-18,19023,19273,18808,19234,19234,971663700
2009-06-19,19234,19447,19153,19348,19348,1164275200
2009-06-22,19348,19357,18541,18541,18541,670955800
2009-06-23,18541,18694,18408,18464,18464,717296200
2009-06-24,18464,19041,18459,19041,19041,712935100
2009-06-25,19041,19041,18637,18941,18941,841588800
2009-06-26,18941,19195,18767,18832,18832,652821500
2009-06-29,18832,19128,18722,19096,19096,479332600
2009-06-30,19096,19302,18918,19063,19063,597212400
2009-07-01,19063,19481,19063,19443,19443,614629600
2009-07-02,19443,19443,18929,18929,18929,627808000
2009-07-03,18929,18968,18779,18942,18942,333177300
2009-07-06,18942,18942,18423,18558,18558,505656300
2009-07-07,18558,18790,18321,18321,18321,502404400
2009-07-08,18321,18321,17917,17947,17947,670025300
2009-07-09,17947,18358,17947,18159,18159,516797000
2009-07-10,18159,18164,17819,17837,17837,546719500
2009-07-13,17837,18217,17626,18217,18217,621449900
2009-07-14,18217,18523,18217,18451,18451,658803700
2009-07-15,18451,19130,18451,19130,19130,644123000
2009-07-16,19130,19365,18962,19233,19233,712879100
2009-07-17,19233,19356,19124,19283,19283,605798900
2009-07-20,19283,19635,19283,19517,19517,517271500
2009-07-21,19517,20007,19517,19830,19830,680953100
2009-07-22,19830,19963,19625,19926,19926,651330300
2009-07-23,19926,20242,19821,20242,20242,678907700
2009-07-24,20242,20366,20088,20161,20161,681408200
2009-07-27,20161,20447,20161,20346,20346,564096200
2009-07-28,20346,20473,19975,20012,20012,738188700
2009-07-29,20012,20405,19985,20282,20282,640830400
2009-07-30,20282,20861,20282,20819,20819,783300700
2009-07-31,20819,20846,20462,20576,20576,815117200
2009-08-03,20576,21073,20576,20914,20914,814402600
2009-08-04,20914,20995,20674,20967,20967,892360800
2009-08-05,20967,21304,20895,20963,20963,1149757500
2009-08-06,20963,21258,20963,21129,21129,905781600
2009-08-07,21129,21454,20735,21402,21402,881256600
2009-08-10,21402,21593,21296,21577,21577,506491700
2009-08-11,21577,21778,21223,21269,21269,706326900
2009-08-12,21269,21551,21033,21546,21546,658258000
2009-08-13,21546,21979,21546,21827,21827,756085800
2009-08-14,21827,21994,21453,21552,21552,553642700
2009-08-17,21552,21552,20921,20962,20962,275800
2009-08-18,20962,21248,20962,21248,21248,571792600
2009-08-19,21248,21248,20848,21132,21132,494919300
2009-08-20,21132,21500,21132,21394,21394,510466900
2009-08-21,21394,21897,21353,21897,21897,747221200
2009-08-24,21897,22392,21897,22355,22355,826408200
2009-08-25,22355,22568,22145,22474,22474,868688500
2009-08-26,22474,22708,22458,22555,22555,896834500
2009-08-27,22555,22720,22358,22475,22475,762295700
2009-08-28,22475,22909,22475,22673,22673,889355000
2009-08-31,22673,22673,22278,22420,22420,547089300
2009-09-01,22420,22610,21966,21966,21966,933065800
2009-09-02,21966,21966,21530,21774,21774,921673500
2009-09-03,21774,22051,21648,21937,21937,846740100
2009-09-04,21937,22307,21937,22215,22215,651433100
2009-09-07,22215,22592,22215,22563,22563,496836000
2009-09-08,22563,22686,22435,22543,22543,823087900
2009-09-09,22543,22803,22432,22802,22802,766449400
2009-09-10,22802,23026,22594,22850,22850,972822900
2009-09-11,22850,23133,22850,23039,23039,952028000
2009-09-14,23039,23054,22646,23029,23029,663554600
2009-09-15,23029,23187,22924,23108,23108,889234700
2009-09-16,23108,23506,23108,23466,23466,789277000
2009-09-17,23466,23659,23417,23583,23583,853929000
2009-09-18,23583,23692,23466,23484,23484,1143360200
2009-09-21,23484,23493,22864,23048,23048,795113100
2009-09-22,23048,23348,22998,23067,23067,886932500
2009-09-23,23067,23328,23067,23239,23239,884085100
2009-09-24,23237,23409,22904,22953,22953,1117619500
2009-09-25,22953,23150,22829,23103,23103,977975100
2009-09-28,23103,23478,22713,23478,23478,773266100
2009-09-29,23478,23716,23435,23566,23566,782739700
2009-09-30,23566,23775,23243,23473,23473,954105800
2009-10-01,23473,23674,23035,23054,23054,752039600
2009-10-02,23054,23054,22529,22653,22653,744728700
2009-10-05,22653,22877,22505,22831,22831,568912600
2009-10-06,22831,23460,22831,23460,23460,749702300
2009-10-07,23460,23615,23327,23414,23414,600289600
2009-10-08,23414,23704,23414,23664,23664,622509100
2009-10-09,23664,23842,23542,23771,23771,591065700
2009-10-12,23771,24180,23771,24141,24141,625532100
2009-10-13,24141,24256,23852,23929,23929,681004000
2009-10-14,23929,24390,23929,24348,24348,750242900
2009-10-15,24348,24506,24195,24340,24340,737005900
2009-10-16,24340,24558,24066,24152,24152,717662900
2009-10-19,24152,24472,24152,24426,24426,502850700
2009-10-20,24426,24551,24206,24228,24228,567702300
2009-10-21,24228,24326,23754,24176,24176,808345200
2009-10-22,24176,24176,23638,23813,23813,737628100
2009-10-23,23813,24090,23371,23421,23421,859460200
2009-10-26,23421,23599,22924,23002,23002,827886500
2009-10-27,23002,23093,22623,22830,22830,912322700
2009-10-28,22830,22830,22262,22316,22316,817035300
2009-10-29,22316,22789,21965,22773,22773,863850700
2009-10-30,22773,22942,22060,22060,22060,761978100
2009-11-02,21882,22515,21871,22298,22298,669310100
2009-11-03,22101,22181,21801,21947,21947,647856600
2009-11-04,22133,22429,22019,22386,22386,610298000
2009-11-05,22116,22703,21988,22582,22582,767510600
2009-11-06,22591,22739,22227,22550,22550,648486000
2009-11-09,22799,23082,22761,23066,23066,559828500
2009-11-10,23167,23248,22945,23014,23014,643418300
2009-11-11,23205,23476,23162,23267,23267,737738600
2009-11-12,23209,23433,23086,23209,23209,684865200
2009-11-13,23135,23284,23039,23284,23284,616367600
2009-11-16,23451,23708,23451,23620,23620,686119900
2009-11-17,23540,23626,23380,23381,23381,637136200
2009-11-18,23536,23577,23286,23335,23335,725072900
2009-11-19,23222,23379,22823,22823,22823,652655200
2009-11-20,22896,22927,22409,22512,22512,627950300
2009-11-23,22637,23010,22637,22956,22956,441301200
2009-11-24,22791,22986,22676,22708,22708,721955000
2009-11-25,22834,22937,22539,22742,22742,851496900
2009-11-26,22642,22650,21913,21922,21922,816455900
2009-11-27,21420,22322,21394,22205,22205,982151600
2009-11-30,22326,22326,21913,21928,21928,652775300
2009-12-01,22126,22556,22123,22556,22556,566747500
2009-12-02,22590,22728,22420,22573,22573,563826200
2009-12-03,22812,22905,22567,22616,22616,555269100
2009-12-04,22523,23058,22355,22926,22926,674057700
2009-12-07,22849,22906,22685,22789,22789,312731600
2009-12-08,22762,22928,22274,22404,22404,452237800
2009-12-09,22331,22493,22066,22236,22236,558146600
2009-12-10,22225,22466,22138,22386,22386,438738100
2009-12-11,22481,22650,22376,22412,22412,464650600
2009-12-14,22637,22726,22570,22652,22652,348285500
2009-12-15,22721,22743,22384,22617,22617,416414700
2009-12-16,22657,22890,22627,22890,22890,417008300
2009-12-17,22751,22853,22602,22678,22678,471750600
2009-12-18,22699,22818,22422,22472,22472,719789000
2009-12-21,22580,22791,22468,22739,22739,379364700
2009-12-22,22798,23084,22788,22983,22983,379084600
2009-12-23,23118,23214,23057,23109,23109,285407600
2009-12-28,23279,23357,23244,23303,23303,224430700
2009-12-29,23366,23463,23326,23376,23376,247897100
2009-12-30,23365,23457,23197,23248,23248,230545700
2010-01-04,23360,23545,23317,23545,23545,409066900
2010-01-05,23554,23654,23480,23556,23556,520893900
2010-01-06,23580,23634,23484,23622,23622,307231300
2010-01-07,23551,23756,23467,23709,23709,593410300
2010-01-08,23816,23911,23668,23811,23811,670146800
2010-01-11,23946,24059,23772,23775,23775,596898900
2010-01-12,23823,23863,23512,23583,23583,562609400
2010-01-13,23486,23673,23462,23658,23658,505558200
2010-01-14,23831,23906,23693,23806,23806,617788300
2010-01-15,23894,23963,23457,23472,23472,757188400
2010-01-18,23554,23622,23389,23510,23510,470008200
2010-01-19,23452,23721,23141,23706,23706,708704200
2010-01-20,23629,23718,23101,23126,23126,732386400
2010-01-21,23301,23432,22863,22876,22876,754155300
2010-01-22,22700,22923,22375,22568,22568,1108761500
2010-01-25,22374,22673,22341,22373,22373,669930200
2010-01-26,22185,22425,22048,22408,22408,707740100
2010-01-27,22182,22284,21902,21998,21998,737770600
2010-01-28,22280,22288,21594,21603,21603,911811600
2010-01-29,21634,22043,21478,21896,21896,876712200
2010-02-01,21689,22076,21651,22012,22012,674853000
2010-02-02,22081,22414,21899,22414,22414,1035691700
2010-02-03,22472,22503,22129,22169,22169,846480900
2010-02-04,22183,22266,21383,21405,21405,995129000
2010-02-05,21271,21322,20758,20816,20816,1466460100
2010-02-08,20930,21039,20466,20938,20938,1060741300
2010-02-09,20858,21096,20733,20819,20819,920644800
2010-02-10,21096,21405,21070,21242,21242,919967400
2010-02-11,21386,21477,20888,21076,21076,945460700
2010-02-12,21286,21345,20907,21036,21036,802255500
2010-02-15,21157,21310,21056,21122,21122,450491400
2010-02-16,21324,21354,20994,21289,21289,620164500
2010-02-17,21528,21799,21508,21651,21651,708591600
2010-02-18,21619,21749,21541,21686,21686,724855600
2010-02-19,21428,21774,21398,21772,21772,705955900
2010-02-22,21886,21896,21699,21705,21705,528030600
2010-02-23,21789,21866,21174,21224,21224,757719000
2010-02-24,21281,21420,21021,21346,21346,816113700
2010-02-25,21159,21348,20781,20843,20843,848811200
2010-02-26,21054,21103,20807,21068,21068,798789800
2010-03-01,21273,21343,21007,21321,21321,619104400
2010-03-02,21320,21511,21238,21431,21431,580940800
2010-03-03,21359,21784,21280,21745,21745,729600300
2010-03-04,21571,21957,21571,21845,21845,782542800
2010-03-05,21963,22288,21840,22278,22278,767912100
2010-03-08,22421,22457,22329,22398,22398,452393900
2010-03-09,22401,22435,22187,22356,22356,533804800
2010-03-10,22358,22651,22272,22639,22639,550154600
2010-03-11,22534,22686,22454,22541,22541,537755300
2010-03-12,22584,22760,22520,22565,22565,585028800
2010-03-15,22524,22579,22370,22373,22373,449811000
2010-03-16,22417,22679,22416,22620,22620,587376400
2010-03-17,22853,22934,22761,22903,22903,792253400
2010-03-18,22810,22955,22727,22785,22785,666138700
2010-03-19,22914,23058,22591,22687,22687,1115349200
2010-03-22,22568,22664,22374,22623,22623,613617300
2010-03-23,22688,22821,22572,22766,22766,734787800
2010-03-24,22832,22874,22504,22799,22799,729624700
2010-03-25,22794,23080,22768,23034,23034,613940300
2010-03-26,22998,23121,22943,23064,23064,798743600
2010-03-29,23136,23188,22974,23105,23105,557523400
2010-03-30,23207,23247,22983,23003,23003,541652600
2010-03-31,22976,23152,22721,22848,22848,664118200
2010-04-01,22963,23207,22930,23207,23207,552967600
2010-04-06,23332,23362,23164,23347,23347,500846900
2010-04-07,23329,23329,23117,23151,23151,599737700
2010-04-08,23043,23122,22684,22820,22820,743348700
2010-04-09,23002,23118,22899,23104,23104,681415000
2010-04-12,23265,23329,23163,23292,23292,633114900
2010-04-13,23228,23345,23135,23196,23196,821856300
2010-04-14,23323,23496,23293,23480,23480,793275000
2010-04-15,23543,23593,23369,23539,23539,695341400
2010-04-16,23450,23580,22951,23007,23007,954483500
2010-04-19,22788,22968,22693,22786,22786,774298000
2010-04-20,22924,23272,22831,23272,23272,854772100
2010-04-21,23355,23364,23001,23045,23045,775328800
2010-04-22,23019,23172,22547,22617,22617,937915000
2010-04-23,22661,22814,22470,22726,22726,799442500
2010-04-26,22963,23054,22715,22783,22783,597190700
2010-04-27,22763,22776,22036,22036,22036,1043192500
2010-04-28,21814,21960,21281,21501,21501,1622581600
2010-04-29,21598,21756,21334,21696,21696,1211781700
2010-04-30,21742,21957,21389,21563,21563,1229242800
2010-05-03,21519,21743,21375,21629,21629,583508600
2010-05-04,21651,21700,20551,20613,20613,1406755600
2010-05-05,20657,20782,20074,20352,20352,1703630300
2010-05-06,20084,20477,19078,19484,19484,2025393300
2010-05-07,19052,19807,18463,18846,18846,2111969700
2010-05-10,19154,20971,19146,20971,20971,2362062100
2010-05-11,20717,20895,20347,20875,20875,1707180900
2010-05-12,20787,21294,20596,21030,21030,1609727800
2010-05-13,21259,21263,20664,20879,20879,1359410900
2010-05-14,20702,20707,19633,19781,19781,2100783100
2010-05-17,19677,20145,19569,19827,19827,1784330700
2010-05-18,20124,20406,19944,20314,20314,1556898600
2010-05-19,19907,19959,19410,19613,19613,2093149200
2010-05-20,19838,19981,18910,19282,19282,1643860100
2010-05-21,19296,19591,18938,19536,19536,1646557700
2010-05-24,19342,19395,18899,19031,19031,843071000
2010-05-25,18407,18480,18044,18383,18383,2117903900
2010-05-26,18725,19055,18648,18778,18778,1877182000
2010-05-27,18948,19632,18881,19632,19632,1578774900
2010-05-28,19764,19764,19410,19476,19476,1336991100
2010-05-31,19354,19609,19347,19544,19544,601185600
2010-06-01,19459,19472,18814,19279,19279,1582841300
2010-06-02,19103,19303,18893,19183,19183,1134021700
2010-06-03,19605,19777,19453,19473,19473,1120728400
2010-06-04,19524,19587,18642,18735,18735,1372166300
2010-06-07,18467,18892,18323,18631,18631,1209088700
2010-06-08,18761,18765,18191,18543,18543,1539140000
2010-06-09,18735,18913,18532,18913,18913,1189346200
2010-06-10,18782,19432,18659,19391,19391,1394358700
2010-06-11,19474,19748,19327,19660,19660,1422300800
2010-06-14,19887,20217,19884,20189,20189,1162183400
2010-06-15,19960,20632,19910,20583,20583,1354114700
2010-06-16,20724,20759,20274,20563,20563,1414592400
2010-06-17,20561,20759,20454,20569,20569,1136477800
2010-06-18,20630,20791,20439,20752,20752,1245939500
2010-06-21,21048,21075,20740,20810,20810,800697400
2010-06-22,20666,20855,20372,20609,20609,1019275200
2010-06-23,20372,20659,20205,20359,20359,1002162000
2010-06-24,20468,20492,19826,19942,19942,1213153800
2010-06-25,19979,20121,19735,19962,19962,1255755500
2010-06-28,20063,20282,19790,20131,20131,950591900
2010-06-29,19817,19850,19225,19236,19236,1050865900
2010-06-30,19298,19562,19111,19312,19312,1154457400
2010-07-01,19000,19254,18807,18944,18944,1003572600
2010-07-02,19114,19257,18927,19074,19074,771496000
2010-07-05,19127,19127,18843,18849,18849,410301900
2010-07-06,18945,19577,18904,19357,19357,849052900
2010-07-07,19174,20013,19095,20013,20013,1102459000
2010-07-08,20160,20319,20106,20244,20244,884382900
2010-07-09,20387,20527,20304,20479,20479,750972600
2010-07-12,20514,20646,20393,20518,20518,525536300
2010-07-13,20518,20890,20479,20852,20852,659761100
2010-07-14,20973,20978,20573,20804,20804,584650500
2010-07-15,20685,20884,20327,20480,20480,712174700
2010-07-16,20535,20658,19996,20161,20161,807570900
2010-07-19,20043,20363,19931,20118,20118,740300700
2010-07-20,20258,20332,19644,19985,19985,783194500
2010-07-21,20137,20366,20061,20138,20138,704082300
2010-07-22,20035,20710,19991,20694,20694,812897400
2010-07-23,20637,20747,20442,20604,20604,642326300
2010-07-26,20753,20835,20488,20820,20820,610062700
2010-07-27,20915,21302,20886,21158,21158,1055759700
2010-07-28,21238,21325,21027,21082,21082,751369700
2010-07-29,21158,21436,21044,21097,21097,673960100
2010-07-30,21018,21225,20771,21022,21022,711473100
2010-08-02,21132,21618,21035,21548,21548,597309600
2010-08-03,21546,21633,21310,21498,21498,721243500
2010-08-04,21415,21620,21103,21466,21466,908327800
2010-08-05,21497,21581,21222,21303,21303,696448300
2010-08-06,21401,21537,20973,21084,21084,692932500
2010-08-09,21304,21399,21249,21342,21342,406651100
2010-08-10,21291,21419,21112,21260,21260,494396800
2010-08-11,21112,21113,20548,20579,20579,603629600
2010-08-12,20534,20711,20358,20539,20539,673685000
2010-08-13,20690,20690,20243,20473,20473,643741500
2010-08-16,20518,20611,20191,20409,20409,462099800
2010-08-17,20487,20669,20427,20669,20669,495011800
2010-08-18,20578,20651,20381,20537,20537,518754900
2010-08-19,20680,20713,20061,20116,20116,645068100
2010-08-20,20061,20149,19811,19870,19870,623220300
2010-08-23,19898,20260,19801,20010,20010,473784400
2010-08-24,19841,19852,19482,19695,19695,692699200
2010-08-25,19645,19760,19287,19465,19465,794224000
2010-08-26,19604,19803,19520,19735,19735,727031900
2010-08-27,19623,19890,19418,19817,19817,823392600
2010-08-30,19920,19946,19614,19700,19700,389990400
2010-08-31,19387,19780,19375,19735,19735,845893500
2010-09-01,19796,20377,19591,20370,20370,841863400
2010-09-02,20289,20479,20240,20412,20412,622368700
2010-09-03,20462,20814,20373,20640,20640,687233800
2010-09-06,20732,20746,20639,20661,20661,319373700
2010-09-07,20597,20603,20259,20395,20395,623565200
2010-09-08,20296,20643,20173,20580,20580,682170000
2010-09-09,20447,20952,20447,20858,20858,755772200
2010-09-10,20742,20891,20682,20833,20833,635276200
2010-09-13,21021,21143,20968,21002,21002,1500
2010-09-14,21009,21082,20789,21004,21004,645873600
2010-09-15,21059,21065,20707,20873,20873,622275600
2010-09-16,20831,20919,20647,20684,20684,623244400
2010-09-17,20844,20964,20358,20518,20518,1053209200
2010-09-20,20504,20816,20429,20754,20754,680554200
2010-09-21,20625,20952,20616,20741,20741,892651100
2010-09-22,20760,20771,20335,20365,20365,1072118300
2010-09-23,20491,20578,20064,20263,20263,826766000
2010-09-24,20196,20662,20095,20608,20608,867188100
2010-09-27,20668,20742,20558,20594,20594,550546000
2010-09-28,20503,20704,20308,20542,20542,793446100
2010-09-29,20632,20726,20320,20372,20372,708313700
2010-09-30,20241,20813,20200,20505,20505,871627300
2010-10-01,20549,20661,20331,20391,20391,806859000
2010-10-04,20415,20440,20074,20091,20091,599090700
2010-10-05,20073,20545,19993,20510,20510,662677700
2010-10-06,20625,20707,20541,20568,20568,602463700
2010-10-07,20606,20860,20464,20692,20692,662043100
2010-10-08,20661,20825,20611,20751,20751,653080200
2010-10-11,20816,20851,20734,20838,20838,355618000
2010-10-12,20704,20836,20539,20750,20750,665925100
2010-10-13,20848,21201,20793,21145,21145,693871900
2010-10-14,21182,21256,21078,21095,21095,595979100
2010-10-15,21112,21208,20912,21062,21062,613925900
2010-10-18,21000,21291,20983,21259,21259,567790800
2010-10-19,21252,21492,21186,21234,21234,776456100
2010-10-20,21138,21440,21136,21426,21426,603852000
2010-10-21,21369,21669,21321,21616,21616,701435300
2010-10-22,21555,21629,21501,21536,21536,519383300
2010-10-25,21637,21648,21364,21435,21435,586416800
2010-10-26,21384,21475,21198,21364,21364,555341000
2010-10-27,21243,21521,21199,21251,21251,616858500
2010-10-28,21370,21621,21296,21510,21510,558313200
2010-10-29,21403,21505,21319,21451,21451,561802700
2010-11-01,21562,21604,21109,21185,21185,612199600
2010-11-02,21144,21435,21122,21398,21398,565310400
2010-11-03,21453,21543,21132,21181,21181,576110000
2010-11-04,21412,21622,21412,21469,21469,694980100
2010-11-05,21512,21575,21114,21195,21195,918332300
2010-11-08,21179,21241,20995,21229,21229,558391500
2010-11-09,21244,21642,21244,21579,21579,694629400
2010-11-10,21476,21540,20982,21058,21058,983164200
2010-11-11,21147,21169,20732,20856,20856,1014625700
2010-11-12,20493,20990,20346,20830,20830,1214222000
2010-11-15,20766,21025,20646,20993,20993,619561700
2010-11-16,20860,20882,20553,20563,20563,760383300
2010-11-17,20544,20715,20495,20639,20639,715119800
2010-11-18,20794,20939,20677,20880,20880,634518100
2010-11-19,20958,20958,20577,20773,20773,697980100
2010-11-22,20869,20875,20245,20372,20372,736679700
2010-11-23,20212,20364,19943,19951,19951,984285600
2010-11-24,19990,20033,19694,19941,19941,966647000
2010-11-25,19934,19982,19664,19946,19946,781477500
2010-11-26,19770,19918,19540,19844,19844,917734100
2010-11-29,19866,20092,19314,19314,19314,1069512700
2010-11-30,19354,19390,19007,19106,19106,1309935800
2010-12-01,19211,19600,19169,19566,19566,1190823300
2010-12-02,19650,20054,19440,20054,20054,1598647600
2010-12-03,20051,20191,19905,20121,20121,1033306400
2010-12-06,20183,20232,19834,19930,19930,713662700
2010-12-07,20006,20248,19912,20112,20112,698433400
2010-12-08,20038,20547,19981,20394,20394,717349200
2010-12-09,20574,20646,20397,20534,20534,839356700
2010-12-10,20576,20595,20419,20487,20487,548855300
2010-12-13,20578,20743,20410,20635,20635,664327900
2010-12-14,20634,20783,20461,20709,20709,604470300
2010-12-15,20628,20629,20357,20410,20410,791256800
2010-12-16,20382,20446,20200,20367,20367,677457100
2010-12-17,20431,20433,20022,20069,20069,868799300
2010-12-20,20101,20520,20046,20374,20374,618229800
2010-12-21,20479,20742,20478,20737,20737,557111300
2010-12-22,20746,20854,20697,20733,20733,450427300
2010-12-23,20803,20911,20707,20774,20774,311256900
2010-12-27,20793,20825,20456,20514,20514,273449300
2010-12-28,20565,20612,20405,20449,20449,227337200
2010-12-29,20501,20608,20443,20471,20471,262084100
2010-12-30,20478,20507,20164,20173,20173,423976900
2011-01-03,19984,20936,19983,20436,20436,539318400
2011-01-04,20452,20683,20338,20547,20547,638713900
2011-01-05,20507,20562,20232,20552,20552,707355900
2011-01-06,20595,20896,20583,20637,20637,604553100
2011-01-07,20636,20738,20367,20542,20542,868616200
2011-01-10,20474,20479,20058,20058,20058,923454900
2011-01-11,20139,20364,20005,20339,20339,838237200
2011-01-12,20373,21116,20370,21116,21116,1480901800
2011-01-13,21124,21338,21074,21308,21308,1238233800
2011-01-14,21265,21504,21214,21460,21460,850382100
2011-01-17,21467,21534,21277,21344,21344,600345700
2011-01-18,21424,21628,21411,21591,21591,812302000
2011-01-19,21665,21857,21565,21712,21712,1125719100
2011-01-20,21687,21980,21649,21792,21792,1307333900
2011-01-21,21894,22316,21871,22094,22094,1307985300
2011-01-24,22182,22252,21959,22157,22157,849629300
2011-01-25,22265,22291,21858,21940,21940,946593600
2011-01-26,22047,22175,21937,22007,22007,849719000
2011-01-27,21977,22413,21858,22312,22312,1099234500
2011-01-28,22285,22459,22007,22025,22025,1118208600
2011-01-31,21941,22211,21716,22050,22050,1035089600
2011-02-01,22187,22526,21998,22526,22526,948480900
2011-02-02,22594,22716,22515,22654,22654,1070554500
2011-02-03,22582,22758,22318,22444,22444,1138269700
2011-02-04,22592,22717,22549,22618,22618,886938400
2011-02-07,22642,22953,22639,22793,22793,858966400
2011-02-08,22753,22808,22572,22734,22734,909787800
2011-02-09,22706,22826,22587,22683,22683,789019100
2011-02-10,22608,22647,22298,22597,22597,875495100
2011-02-11,22522,22791,22346,22695,22695,761696500
2011-02-14,22808,22871,22578,22637,22637,639135400
2011-02-15,22649,22939,22607,22824,22824,1017550700
2011-02-16,22885,23172,22878,23168,23168,1119324400
2011-02-17,23178,23228,23026,23178,23178,923798800
2011-02-18,23224,23274,22861,23059,23059,908692700
2011-02-21,23007,23021,22202,22230,22230,1138570100
2011-02-22,22230,22230,21801,21994,21994,692487400
2011-02-23,21939,22136,21872,21930,21930,1050473800
2011-02-24,21755,22050,21727,21949,21949,885951600
2011-02-25,22011,22415,21974,22350,22350,856075100
2011-02-28,22308,22657,22152,22467,22467,916150800
2011-03-01,22588,22717,22126,22227,22227,939707800
2011-03-02,22047,22389,21882,22239,22239,1049782300
2011-03-03,22357,22486,22061,22154,22154,1189590200
2011-03-04,22281,22456,22111,22138,22138,981394300
2011-03-07,22001,22447,21974,22146,22146,1056802200
2011-03-08,22267,22367,22121,22353,22353,889056600
2011-03-09,22370,22558,22279,22441,22441,866166400
2011-03-10,22248,22377,21996,22084,22084,757453700
2011-03-11,21922,22091,21828,21863,21863,844087500
2011-03-14,21772,22146,21716,21804,21804,1286160400
2011-03-15,21332,21566,20939,21365,21365,1669386600
2011-03-16,21441,21509,20802,20837,20837,1615087300
2011-03-17,20970,21310,20876,21141,21141,1380466200
2011-03-18,21276,21450,21075,21197,21197,1312056600
2011-03-21,21457,21527,21290,21527,21527,785320900
2011-03-22,21557,21790,21456,21557,21557,973246000
2011-03-23,21522,21714,21497,21698,21698,777793000
2011-03-24,21623,22024,21612,22024,22024,979406900
2011-03-25,22094,22133,21941,21985,21985,692261800
2011-03-28,21961,22104,21899,22010,22010,670064000
2011-03-29,22044,22050,21596,21781,21781,1177815100
2011-03-30,21944,22020,21870,22001,22001,882949900
2011-03-31,22021,22037,21631,21727,21727,1215863200
2011-04-01,21872,22019,21594,21968,21968,1312173200
2011-04-04,21903,22069,21798,22008,22008,816239900
2011-04-05,21994,22102,21896,22059,22059,862069400
2011-04-06,22076,22416,21853,22327,22327,1472560900
2011-04-07,22336,22480,22203,22244,22244,1124292500
2011-04-08,22388,22455,22303,22389,22389,855177400
2011-04-11,22428,22510,22344,22366,22366,722388900
2011-04-12,22237,22357,21995,22019,22019,919371300
2011-04-13,22117,22231,22033,22097,22097,736345500
2011-04-14,22000,22000,21730,21834,21834,949093900
2011-04-15,21897,21898,21695,21821,21821,800088400
2011-04-18,21743,21743,21082,21185,21185,1115537200
2011-04-19,21265,21343,21175,21250,21250,820311400
2011-04-20,21420,21603,21353,21502,21502,1003665400
2011-04-21,21605,21941,21527,21811,21811,1013550600
2011-04-26,21782,21990,21755,21933,21933,854362500
2011-04-27,21970,22342,21970,22238,22238,926067000
2011-04-28,22382,22453,22284,22380,22380,835337800
2011-04-29,22384,22448,22284,22418,22418,382476700
2011-05-02,22554,22575,22387,22398,22398,412697100
2011-05-03,22392,22452,22224,22316,22316,798920400
2011-05-04,22269,22436,21883,21915,21915,1068400600
2011-05-05,21977,22009,21651,21741,21741,810833300
2011-05-06,21776,22010,21639,21954,21954,906382300
2011-05-09,21839,21935,21588,21666,21666,818099200
2011-05-10,21704,22038,21634,21984,21984,880875000
2011-05-11,22060,22204,21978,22031,22031,776070100
2011-05-12,21824,21895,21670,21788,21788,911147100
2011-05-13,21956,22033,21681,21764,21764,1189608700
2011-05-16,21570,21742,21508,21685,21685,723331100
2011-05-17,21656,21787,21374,21409,21409,950749800
2011-05-18,21561,21567,21350,21444,21444,771033800
2011-05-19,21532,21699,21323,21560,21560,835523200
2011-05-20,21603,21690,21202,21237,21237,1009676500
2011-05-23,20619,20695,20501,20533,20533,914557700
2011-05-24,20559,20649,20491,20582,20582,993129100
2011-05-25,20428,20866,20409,20816,20816,1229136700
2011-05-26,20843,21026,20581,20668,20668,1370072000
2011-05-27,20845,20963,20725,20831,20831,1188325700
2011-05-30,20848,20893,20736,20792,20792,453343300
2011-05-31,20979,21189,20973,21110,21110,1315638100
2011-06-01,21149,21156,20814,20866,20866,1131128800
2011-06-02,20715,20917,20695,20701,20701,821318400
2011-06-03,20720,20881,20472,20810,20810,1096773300
2011-06-06,20726,20740,20441,20525,20525,711480300
2011-06-07,20511,20657,20462,20575,20575,823582700
2011-06-08,20514,20532,20202,20277,20277,940553500
2011-06-09,20264,20447,20152,20390,20390,900347400
2011-06-10,20347,20415,20031,20118,20118,870692000
2011-06-13,20103,20192,20040,20081,20081,692189600
2011-06-14,20228,20415,20159,20359,20359,873555300
2011-06-15,20279,20284,19889,19919,19919,947280300
2011-06-16,19765,19854,19629,19852,19852,1251876700
2011-06-17,19694,20179,19669,20097,20097,1648072900
2011-06-20,19673,19739,19497,19693,19693,887285900
2011-06-21,19789,20102,19743,20102,20102,924086400
2011-06-22,20126,20140,19953,20014,20014,773177100
2011-06-23,19883,19895,19426,19468,19468,1042068400
2011-06-24,19689,19776,19068,19154,19154,1342936700
2011-06-27,19033,19368,19022,19297,19297,836090200
2011-06-28,19360,19558,19088,19455,19455,1083428800
2011-06-29,19596,20030,19581,19865,19865,1226682500
2011-06-30,19956,20187,19807,20187,20187,1004989200
2011-07-01,20220,20560,20103,20517,20517,1227954400
2011-07-04,20501,20534,20421,20476,20476,621533100
2011-07-05,20411,20477,20217,20278,20278,670796000
2011-07-06,20222,20229,19686,19783,19783,1175949900
2011-07-07,19913,20084,19698,19736,19736,1193952600
2011-07-08,19851,19851,18969,19050,19050,1490397400
2011-07-11,18812,18977,18117,18295,18295,1524665600
2011-07-12,17941,18552,17410,18511,18511,1917475400
2011-07-13,18451,18976,18422,18843,18843,1502092800
2011-07-14,18649,18960,18531,18640,18640,1159452500
2011-07-15,18529,18720,18360,18450,18450,959757100
2011-07-18,18241,18397,17839,17886,17886,1095041100
2011-07-19,18003,18384,17968,18229,18229,990347300
2011-07-20,18396,18784,18280,18784,18784,1105572300
2011-07-21,18855,19547,18450,19491,19491,1998091200
2011-07-22,19744,19922,19382,19461,19461,1579455400
2011-07-25,19236,19304,18908,18979,18979,1239397700
2011-07-26,19128,19216,18819,19030,19030,1196420500
2011-07-27,18894,18894,18317,18494,18494,1119723100
2011-07-28,18228,18579,18119,18558,18558,1270753800
2011-07-29,18306,18583,18107,18434,18434,1017485400
2011-08-01,18742,18796,17691,17720,17720,1412261900
2011-08-02,17492,17695,17231,17273,17273,1349600000
2011-08-03,17035,17515,16817,17006,17006,1600971600
2011-08-04,17314,17322,16128,16128,16128,1131387300
2011-08-05,15608,16568,15473,16016,16016,1941156100
2011-08-08,15991,16799,15521,15640,15640,1821313800
2011-08-09,15662,16072,15133,15721,15721,1970946600
2011-08-10,16134,16201,14676,14676,14676,1792721500
2011-08-11,15065,15381,14199,15277,15277,1759176100
2011-08-12,15298,15988,14866,15889,15889,1154486700
2011-08-16,15839,15860,15362,15751,15751,908572300
2011-08-17,15618,16029,15475,15951,15951,759588200
2011-08-18,15703,15777,14872,14970,14970,978430700
2011-08-19,14936,14936,14426,14602,14602,1153067500
2011-08-22,14450,15238,14424,14862,14862,800936000
2011-08-23,15079,15213,14558,14707,14707,788172500
2011-08-24,14883,15156,14700,14981,14981,721481200
2011-08-25,15124,15392,14832,14945,14945,985494600
2011-08-26,14927,15038,14461,14800,14800,718112300
2011-08-29,15028,15238,14922,15141,15141,422130000
2011-08-30,15281,15292,14971,15106,15106,592709100
2011-08-31,15178,15599,15082,15563,15563,754688200
2011-09-01,15589,15752,15350,15671,15671,710210800
2011-09-02,15448,15475,15033,15061,15061,710230100
2011-09-05,14733,14830,14213,14334,14334,757960800
2011-09-06,14275,14490,13824,14050,14050,1092871400
2011-09-07,14444,14646,14319,14646,14646,727988500
2011-09-08,14633,14920,14530,14748,14748,781228500
2011-09-09,14632,14686,14020,14020,14020,821050700
2011-09-12,13637,13814,13398,13474,13474,1293196100
2011-09-13,13760,13878,13192,13769,13769,1253274200
2011-09-14,13608,14142,13557,14140,14140,1059007000
2011-09-15,14218,14810,14185,14643,14643,1085554900
2011-09-16,14826,14925,14538,14547,14547,1562637700
2011-09-19,14152,14434,14008,14087,14087,698147700
2011-09-20,13905,14373,13897,14356,14356,820466900
2011-09-21,14366,14537,14120,14120,14120,759769200
2011-09-22,13727,13882,13482,13482,13482,1097294500
2011-09-23,13706,13740,13115,13665,13665,1069855800
2011-09-26,13441,14338,13432,14119,14119,1374878600
2011-09-27,14473,14812,14341,14811,14811,1182276700
2011-09-28,14610,14986,14590,14741,14741,892096400
2011-09-29,14665,15170,14656,15046,15046,1019018600
2011-09-30,14954,15078,14687,14836,14836,853827000
2011-10-03,14476,14807,14403,14643,14643,701165400
2011-10-04,14430,14519,14059,14244,14244,856184400
2011-10-05,14515,14806,14313,14806,14806,794292000
2011-10-06,14892,15332,14836,15332,15332,1007471200
2011-10-07,15352,15636,15275,15529,15529,991077600
2011-10-10,15674,16098,15622,16098,16098,897306000
2011-10-11,16035,16273,15789,16036,16036,1402998400
2011-10-12,15966,16506,15900,16506,16506,1166737200
2011-10-13,16418,16639,15879,15894,15894,1226478000
2011-10-14,16039,16492,15797,16290,16290,1125663700
2011-10-17,16479,16621,15795,15915,15915,953896400
2011-10-18,15750,16023,15653,15970,15970,826006000
2011-10-19,16093,16332,16051,16293,16293,768479800
2011-10-20,16042,16248,15678,15678,15678,1109963500
2011-10-21,15843,16223,15805,16117,16117,987022700
2011-10-24,16247,16309,15878,16232,16232,738401700
2011-10-25,16159,16252,15881,16061,16061,721753100
2011-10-26,16059,16372,15974,16072,16072,714895900
2011-10-27,16492,16978,16461,16955,16955,1167336900
2011-10-28,17032,17053,16562,16654,16654,998183200
2011-10-31,16464,16505,16018,16018,16018,783710800
2011-11-01,15616,15619,14854,14928,14928,1166703900
2011-11-02,15158,15336,14732,15273,15273,1075797500
2011-11-03,14904,15984,14885,15766,15766,1295687900
2011-11-04,15890,16014,15211,15347,15347,1028623600
2011-11-07,15188,15823,14937,15549,15549,1073643000
2011-11-08,15601,16023,15564,15664,15664,897599100
2011-11-09,15894,15894,14865,15072,15072,1230908600
2011-11-10,14867,15596,14867,15218,15218,1110726900
2011-11-11,15292,15851,15288,15779,15779,1033392000
2011-11-14,16018,16138,15381,15464,15464,1061930000
2011-11-15,15281,15570,14998,15298,15298,1034832200
2011-11-16,15240,15739,15140,15419,15419,1080836800
2011-11-17,15329,15470,15113,15198,15198,765090800
2011-11-18,15061,15458,15043,15233,15233,777138700
2011-11-21,15065,15100,14499,14510,14510,750039600
2011-11-22,14636,14719,14253,14286,14286,708852900
2011-11-23,14123,14428,13916,13916,13916,779221600
2011-11-24,14036,14244,13736,13921,13921,753540900
2011-11-25,13923,14045,13610,13937,13937,727694600
2011-11-28,14128,14614,14069,14578,14578,814803900
2011-11-29,14558,14752,14384,14627,14627,739346600
2011-11-30,14463,15305,14445,15269,15269,1209707300
2011-12-01,15276,15448,15134,15245,15245,844846500
2011-12-02,15426,15721,15377,15476,15476,945049900
2011-12-05,15770,15978,15681,15926,15926,986797400
2011-12-06,15783,16061,15747,15848,15848,788490400
2011-12-07,16071,16155,15417,15651,15651,959017100
2011-12-08,15738,15791,14907,14979,14979,841199400
2011-12-09,14878,15495,14854,15484,15484,918043100
2011-12-12,15394,15478,14897,14897,14897,711195300
2011-12-13,14937,15144,14750,14851,14851,690628500
2011-12-14,14801,14959,14430,14430,14430,778062200
2011-12-15,14510,14732,14440,14628,14628,807321900
2011-12-16,14675,14810,14491,14572,14572,1334949000
2011-12-19,14468,14834,14447,14548,14548,664514900
2011-12-20,14562,14977,14504,14965,14965,690040100
2011-12-21,15101,15296,14737,14820,14820,1015624000
2011-12-22,14957,15087,14943,15027,15027,563539300
2011-12-23,15167,15188,15032,15074,15074,460170500
2011-12-27,15139,15152,14865,14924,14924,220495100
2011-12-28,14934,15125,14791,14797,14797,332459600
2011-12-29,14869,14938,14745,14909,14909,274024300
2011-12-30,15029,15090,14930,15090,15090,210857000
2012-01-02,15096,15456,15092,15455,15455,269254100
2012-01-03,15534,15675,15465,15646,15646,486166600
2012-01-04,15611,15632,15288,15327,15327,466037600
2012-01-05,15346,15378,14715,14767,14767,682933100
2012-01-06,14802,15024,14567,14646,14646,621978600
2012-01-09,14702,14743,14371,14402,14402,629663500
2012-01-10,14542,14905,14522,14845,14845,780310600
2012-01-11,14831,15011,14746,14882,14882,673318700
2012-01-12,14950,15401,14937,15193,15193,945230500
2012-01-13,15381,15429,14826,15011,15011,819062700
2012-01-16,14890,15247,14814,15221,15221,617584800
2012-01-17,15408,15506,15213,15326,15326,741225800
2012-01-18,15328,15476,15132,15278,15278,699920100
2012-01-19,15353,15654,15244,15652,15652,1280622400
2012-01-20,15637,15759,15530,15632,15632,1240582900
2012-01-23,15633,15957,15595,15908,15908,1226080000
2012-01-24,15827,15929,15683,15929,15929,1042696000
2012-01-25,16020,16079,15709,15840,15840,1059353100
2012-01-26,15947,16193,15851,16111,16111,1194990000
2012-01-27,16038,16184,15912,15947,15947,860331000
2012-01-30,15837,15964,15625,15753,15753,761866000
2012-01-31,15939,16060,15827,15828,15828,936910300
2012-02-01,15843,16310,15832,16265,16265,1241866800
2012-02-02,16344,16383,16129,16277,16277,1158577900
2012-02-03,16252,16477,16170,16440,16440,1359243800
2012-02-06,16377,16456,16245,16390,16390,932675200
2012-02-07,16442,16545,16237,16492,16492,851371500
2012-02-08,16603,16838,16603,16669,16669,1208216800
2012-02-09,16793,16848,16555,16654,16654,1076157300
2012-02-10,16543,16667,16346,16361,16361,794148800
2012-02-13,16548,16619,16334,16369,16369,586463000
2012-02-14,16379,16532,16317,16446,16446,662150000
2012-02-15,16591,16758,16437,16513,16513,872839100
2012-02-16,16356,16372,16179,16370,16370,907195200
2012-02-17,16512,16646,16426,16547,16547,838597200
2012-02-20,16665,16768,16624,16724,16724,636934200
2012-02-21,16779,16790,16546,16711,16711,912087500
2012-02-22,16723,16764,16549,16558,16558,894904200
2012-02-23,16536,16655,16239,16312,16312,891830100
2012-02-24,16402,16511,16317,16488,16488,781892400
2012-02-27,16383,16392,16143,16309,16309,829744100
2012-02-28,16371,16456,16165,16345,16345,857327700
2012-02-29,16402,16600,16328,16351,16351,1093506000
2012-03-01,16327,16831,16260,16831,16831,1216297400
2012-03-02,16888,16986,16792,16903,16903,985461400
2012-03-05,16856,16915,16620,16787,16787,667892800
2012-03-06,16707,16717,16218,16218,16218,810319500
2012-03-07,16187,16435,16169,16399,16399,875945800
2012-03-08,16572,16668,16392,16664,16664,1111058000
2012-03-09,16704,16721,16432,16479,16479,947188400
2012-03-12,16420,16601,16354,16457,16457,932655800
2012-03-13,16582,16816,16562,16799,16799,926049200
2012-03-14,16899,17053,16799,16850,16850,1054789400
2012-03-15,16867,16993,16765,16993,16993,867035600
2012-03-16,17028,17097,16892,17082,17082,1145551000
2012-03-19,17068,17159,16964,17133,17133,750817700
2012-03-20,17085,17113,16903,16954,16954,630502900
2012-03-21,16986,17060,16618,16735,16735,755147500
2012-03-22,16733,16745,16336,16451,16451,730779700
2012-03-23,16496,16557,16216,16485,16485,883840200
2012-03-26,16547,16669,16318,16619,16619,712486300
2012-03-27,16716,16794,16494,16499,16499,755582600
2012-03-28,16455,16632,16425,16452,16452,863641300
2012-03-29,16397,16478,15897,15909,15909,1187737300
2012-03-30,16009,16052,15782,15980,15980,1129672300
2012-04-02,15978,15986,15671,15949,15949,930416000
2012-04-03,15884,16014,15624,15624,15624,982493800
2012-04-04,15580,15641,15246,15246,15246,1003593500
2012-04-05,15265,15362,14920,15216,15216,1115410200
2012-04-10,14981,15007,14448,14459,14459,993548800
2012-04-11,14479,14856,14368,14690,14690,1026398900
2012-04-12,14743,14893,14413,14870,14870,987024400
2012-04-13,14800,14863,14292,14360,14360,895662100
2012-04-16,14270,14709,14259,14411,14411,831388500
2012-04-17,14357,14957,14346,14942,14942,926626200
2012-04-18,14905,14944,14531,14580,14580,871731800
2012-04-19,14678,14769,14287,14287,14287,952677300
2012-04-20,14273,14490,14146,14402,14402,883294000
2012-04-23,14213,14214,13835,13850,13850,889960300
2012-04-24,13952,14195,13829,14193,14193,859113600
2012-04-25,14247,14724,14247,14606,14606,806624700
2012-04-26,14633,14780,14347,14510,14510,783456600
2012-04-27,14345,14811,14234,14779,14779,846200500
2012-04-30,14868,14913,14563,14592,14592,624410600
2012-05-02,14769,14820,14146,14213,14213,872463100
2012-05-03,14324,14437,14075,14118,14118,859818400
2012-05-04,14107,14299,13850,13919,13919,704411800
2012-05-07,13617,14306,13584,14275,14275,703698000
2012-05-08,14224,14316,13866,13937,13937,833514700
2012-05-09,14020,14059,13592,13772,13772,1003905500
2012-05-10,13904,14129,13638,14005,14005,1250760100
2012-05-11,13878,14071,13785,14045,14045,906032000
2012-05-14,13867,13876,13532,13661,13661,947507300
2012-05-15,13740,13840,13264,13311,13311,1080119200
2012-05-16,13197,13508,13049,13284,13284,1054968400
2012-05-17,13315,13339,12932,13089,13089,893211100
2012-05-18,12919,13321,12863,13049,13049,1010126300
2012-05-21,12842,13080,12782,13012,13012,780045800
2012-05-22,13146,13500,13134,13456,13456,970336700
2012-05-23,13273,13313,12906,12961,12961,854753500
2012-05-24,13093,13157,12802,13108,13108,838664700
2012-05-25,13127,13291,13000,13155,13155,755863100
2012-05-28,13259,13318,13019,13057,13057,578453800
2012-05-29,13152,13204,12956,13107,13107,849514400
2012-05-30,13013,13168,12795,12873,12873,1014777300
2012-05-31,12939,13036,12765,12874,12874,881694700
2012-06-01,12919,12953,12568,12740,12740,860889100
2012-06-04,12644,13044,12635,12892,12892,734316000
2012-06-05,12999,13075,12851,12974,12974,777390500
2012-06-06,13086,13427,13012,13427,13427,1132498200
2012-06-07,13433,13703,13375,13545,13545,1016754900
2012-06-08,13398,13519,13229,13445,13445,961817800
2012-06-11,13727,13779,13071,13071,13071,1280343200
2012-06-12,13039,13115,12798,12980,12980,1201217200
2012-06-13,13001,13123,12810,12895,12895,982319600
2012-06-14,12881,13085,12732,13085,13085,850860000
2012-06-15,13162,13412,13143,13391,13391,1733440900
2012-06-18,13530,13555,12972,13010,13010,948671800
2012-06-19,13048,13464,12897,13445,13445,1066260100
2012-06-20,13437,13790,13414,13732,13732,986132000
2012-06-21,13654,13997,13599,13752,13752,1169436500
2012-06-22,13625,13939,13587,13663,13663,1239935900
2012-06-25,13612,13633,13104,13114,13114,863287900
2012-06-26,13124,13253,12914,12968,12968,859046700
2012-06-27,13055,13342,12968,13303,13303,691880300
2012-06-28,13333,13444,13129,13391,13391,830634600
2012-06-29,13762,14274,13690,14274,14274,1292116600
2012-07-02,14276,14512,14173,14309,14309,1008942400
2012-07-03,14337,14517,14302,14494,14494,744287100
2012-07-04,14479,14506,14263,14381,14381,579523000
2012-07-05,14399,14488,13860,14089,14089,1084756300
2012-07-06,14033,14087,13732,13732,13732,747409800
2012-07-09,13703,13892,13601,13813,13813,743454400
2012-07-10,13837,14103,13719,13868,13868,677345300
2012-07-11,13793,13922,13731,13861,13861,562527800
2012-07-12,13803,13814,13500,13584,13584,655531500
2012-07-13,13615,13764,13472,13715,13715,631937000
2012-07-16,13675,13760,13549,13665,13665,475685600
2012-07-17,13707,13822,13502,13537,13537,592801000
2012-07-18,13606,13621,13405,13594,13594,703533100
2012-07-19,13654,13698,13496,13667,13667,727569900
2012-07-20,13621,13657,13004,13067,13067,1019484500
2012-07-23,12856,12890,12389,12706,12706,1107555000
2012-07-24,12745,12788,12300,12363,12363,637107700
2012-07-25,12358,12656,12296,12507,12507,570486500
2012-07-26,12513,13210,12430,13210,13210,894904100
2012-07-27,13298,13611,13086,13597,13597,836307600
2012-07-30,13665,13987,13659,13978,13978,753487700
2012-07-31,13981,14111,13742,13891,13891,742684800
2012-08-01,13849,13986,13763,13929,13929,555080200
2012-08-02,13944,14338,13283,13283,13283,1087460300
2012-08-03,13406,14125,13205,14125,14125,971088100
2012-08-06,14102,14406,13973,14342,14342,804992700
2012-08-07,14322,14718,14260,14656,14656,846816300
2012-08-08,14639,14714,14470,14665,14665,718561400
2012-08-09,14737,14789,14471,14654,14654,695037600
2012-08-10,14557,14630,14434,14549,14549,445733800
2012-08-13,14533,14702,14477,14533,14533,458032300
2012-08-14,14606,14678,14579,14657,14657,385221600
2012-08-16,14665,14953,14628,14930,14930,745064500
2012-08-17,15055,15224,15005,15125,15125,1067792400
2012-08-20,15141,15346,14763,14972,14972,1216203600
2012-08-21,15058,15349,15044,15330,15330,897699600
2012-08-22,15224,15359,15118,15161,15161,863520100
2012-08-23,15276,15335,14855,14954,14954,713212200
2012-08-24,14946,14959,14709,14881,14881,588920700
2012-08-27,14871,15059,14801,15013,15013,431286000
2012-08-28,14951,15081,14905,14993,14993,517721200
2012-08-29,15028,15076,14881,14944,14944,646055700
2012-08-30,14896,15002,14722,14781,14781,491390600
2012-08-31,14807,15125,14773,15101,15101,758471100
2012-09-03,15068,15275,15040,15267,15267,494292300
2012-09-04,15297,15383,15186,15223,15223,662296200
2012-09-05,15220,15311,15022,15128,15128,664895600
2012-09-06,15190,15789,15141,15780,15780,1359415500
2012-09-07,15940,16195,15900,16110,16110,1749693100
2012-09-10,16100,16160,15975,16092,16092,951238500
2012-09-11,15985,16243,15843,16227,16227,977736200
2012-09-12,16263,16505,16201,16420,16420,1284167000
2012-09-13,16450,16467,16119,16244,16244,907958700
2012-09-14,16616,16695,16493,16624,16624,1093863600
2012-09-17,16524,16572,16403,16470,16470,797031700
2012-09-18,16366,16394,16043,16076,16076,917456500
2012-09-19,16129,16250,15958,16100,16100,918753900
2012-09-20,15945,16046,15734,15830,15830,913404700
2012-09-21,15920,16065,15849,15991,15991,1025066200
2012-09-24,15807,15923,15720,15867,15867,513138900
2012-09-25,15865,15980,15625,15933,15933,641291600
2012-09-26,15759,15780,15330,15408,15408,826990400
2012-09-27,15505,15554,15355,15450,15450,744255100
2012-09-28,15557,15568,15096,15096,15096,767790400
2012-10-01,15066,15523,15056,15523,15523,702537900
2012-10-02,15438,15712,15356,15496,15496,779245700
2012-10-03,15435,15623,15405,15535,15535,575081100
2012-10-04,15609,15659,15415,15511,15511,659019900
2012-10-05,15592,15904,15523,15876,15876,755958900
2012-10-08,15729,15739,15559,15562,15562,509721100
2012-10-09,15590,15717,15435,15505,15505,723840300
2012-10-10,15442,15531,15378,15441,15441,588965900
2012-10-11,15339,15690,15306,15634,15634,773327700
2012-10-12,15576,15701,15512,15512,15512,678358700
2012-10-15,15502,15717,15500,15591,15591,539501600
2012-10-16,15695,15985,15612,15985,15985,881187700
2012-10-17,16041,16234,15970,16234,16234,978033800
2012-10-18,16248,16281,15990,16185,16185,989622500
2012-10-19,16148,16197,15848,15862,15862,764928100
2012-10-22,15862,16024,15726,15867,15867,674054500
2012-10-23,15920,15923,15499,15579,15579,684264700
2012-10-24,15618,15772,15408,15707,15707,649201000
2012-10-25,15690,15841,15528,15528,15528,688334400
2012-10-26,15406,15637,15323,15585,15585,721323300
2012-10-29,15492,15492,15263,15349,15349,554217600
2012-10-30,15411,15531,15408,15522,15522,448057700
2012-10-31,15581,15715,15540,15540,15540,576230800
2012-11-01,15485,15813,15427,15807,15807,508139600
2012-11-02,15802,15892,15681,15769,15769,581088300
2012-11-05,15675,15702,15468,15544,15544,452500900
2012-11-06,15559,15692,15523,15684,15684,394168900
2012-11-07,15800,15811,15288,15292,15292,666042400
2012-11-08,15382,15393,15092,15194,15194,688931200
2012-11-09,15210,15244,14965,15181,15181,682681400
2012-11-12,15181,15264,15073,15122,15122,681410200
2012-11-13,15047,15361,14973,15333,15333,874358400
2012-11-14,15307,15410,15191,15253,15253,768600400
2012-11-15,15150,15269,15122,15163,15163,575576600
2012-11-16,15156,15199,14856,14856,14856,702126700
2012-11-19,14999,15309,14942,15309,15309,534691600
2012-11-20,15218,15304,15130,15270,15270,492165500
2012-11-21,15195,15432,15183,15395,15395,585048100
2012-11-22,15432,15570,15406,15554,15554,355435200
2012-11-23,15576,15656,15431,15636,15636,423654700
2012-11-26,15599,15649,15506,15520,15520,408325100
2012-11-27,15632,15687,15407,15480,15480,502704600
2012-11-28,15439,15482,15257,15453,15453,610906500
2012-11-29,15593,15888,15554,15888,15888,847883100
2012-11-30,15865,15940,15808,15808,15808,656365500
2012-12-03,15869,16107,15838,15876,15876,676664400
2012-12-04,15873,16074,15862,16042,16042,792996000
2012-12-05,16142,16214,15872,15954,15954,899214100
2012-12-06,16034,16105,15632,15835,15835,949061400
2012-12-07,15846,15900,15567,15699,15699,675954400
2012-12-10,15427,15427,15104,15354,15354,1065032000
2012-12-11,15400,15612,15262,15586,15586,639280500
2012-12-12,15627,15786,15576,15765,15765,698088000
2012-12-13,15837,15927,15713,15866,15866,791121500
2012-12-14,15891,15941,15811,15908,15908,605525800
2012-12-17,15942,16023,15817,16005,16005,804036800
2012-12-18,16075,16160,16022,16155,16155,995086200
2012-12-19,16214,16361,16165,16333,16333,973895600
2012-12-20,16251,16421,16229,16399,16399,812232100
2012-12-21,16275,16356,16212,16334,16334,876631200
2012-12-27,16367,16503,16365,16408,16408,673748300
2012-12-28,16450,16485,16273,16273,16273,556289200
2013-01-02,16583,16893,16573,16893,16893,998288200
2013-01-03,16867,16915,16782,16910,16910,754308800
2013-01-04,16898,16970,16796,16960,16960,1521378100
2013-01-07,16993,17103,16873,16896,16896,1992093900
2013-01-08,16851,17082,16815,16951,16951,1340577700
2013-01-09,17039,17326,17035,17326,17326,1640638400
2013-01-10,17398,17562,17232,17451,17451,1603462200
2013-01-11,17529,17550,17334,17502,17502,1089950600
2013-01-14,17576,17684,17271,17391,17391,1326830300
2013-01-15,17333,17490,17295,17468,17468,1084055600
2013-01-16,17430,17450,17196,17340,17340,1095451900
2013-01-17,17344,17587,17324,17587,17587,923613300
2013-01-18,17697,17709,17483,17554,17554,977538700
2013-01-21,17595,17638,17480,17632,17632,623066600
2013-01-22,17632,17765,17394,17716,17716,1364301800
2013-01-23,17750,17753,17555,17579,17579,1547466500
2013-01-24,17531,17766,17456,17757,17757,1555765400
2013-01-25,17736,17876,17663,17727,17727,2332386500
2013-01-28,17802,17925,17756,17897,17897,1716302200
2013-01-29,17887,17937,17733,17892,17892,1217094600
2013-01-30,17969,17984,17252,17290,17290,1360258300
2013-01-31,17331,17520,17080,17439,17439,1359877200
2013-02-01,17412,17558,17131,17319,17319,1398435100
2013-02-04,17284,17285,16539,16539,16539,1244961800
2013-02-05,16485,16803,16417,16712,16712,1192465700
2013-02-06,16708,16805,16408,16603,16603,1306301900
2013-02-07,16636,16828,16396,16401,16401,1385162300
2013-02-08,16415,16638,16378,16631,16631,1066906800
2013-02-11,16606,16695,16467,16530,16530,914334500
2013-02-12,16474,16661,16369,16644,16644,866931100
2013-02-13,16701,16793,16570,16712,16712,833679600
2013-02-14,16674,16814,16493,16545,16545,756583400
2013-02-15,16536,16655,16471,16490,16490,616596300
2013-02-18,16434,16481,16336,16406,16406,528335900
2013-02-19,16367,16688,16365,16664,16664,704981700
2013-02-20,16637,16728,16507,16528,16528,652652700
2013-02-21,16376,16391,16010,16010,16010,905497900
2013-02-22,16056,16312,16054,16233,16233,769930300
2013-02-25,16325,16884,16131,16352,16352,1391728400
2013-02-26,16095,16122,15530,15552,15552,1581231600
2013-02-27,15658,15827,15466,15827,15827,861044200
2013-02-28,15905,15928,15721,15921,15921,804148900
2013-03-01,15858,15906,15557,15675,15675,769410700
2013-03-04,15542,15697,15407,15542,15542,686692000
2013-03-05,15664,15974,15661,15974,15974,722822100
2013-03-06,15980,16078,15892,15900,15900,748020100
2013-03-07,15965,16038,15887,15947,15947,927155000
2013-03-08,16030,16259,16015,16204,16204,811085700
2013-03-11,16040,16147,16022,16092,16092,528498700
2013-03-12,16068,16229,15987,16024,16024,683812300
2013-03-13,15996,16006,15722,15745,15745,798241000
2013-03-14,15900,16131,15871,16131,16131,905645900
2013-03-15,16177,16233,16001,16061,16061,1115985500
2013-03-18,15619,15968,15591,15924,15924,876101800
2013-03-19,15920,15965,15604,15671,15671,870929900
2013-03-20,15799,16016,15717,16016,16016,877365600
2013-03-21,15986,16042,15849,15936,15936,752659500
2013-03-22,15891,16192,15833,16046,16046,730778200
2013-03-25,16212,16218,15575,15644,15644,1049713600
2013-03-26,15728,15758,15418,15496,15496,1096902700
2013-03-27,15498,15511,15197,15354,15354,1212218000
2013-03-28,15307,15546,15243,15339,15339,852882000
2013-04-02,15308,15555,15224,15555,15555,978216800
2013-04-03,15484,15504,15200,15200,15200,735065700
2013-04-04,15289,15453,15079,15154,15154,1049801800
2013-04-05,15204,15293,15062,15250,15250,931629500
2013-04-08,15309,15452,15237,15243,15243,605729800
2013-04-09,15354,15442,15310,15436,15436,783224500
2013-04-10,15467,15942,15460,15929,15929,1093376000
2013-04-11,15907,16054,15888,16021,16021,1055648900
2013-04-12,15954,15986,15748,15780,15780,949867100
2013-04-15,15765,15864,15598,15629,15629,675483400
2013-04-16,15550,15720,15479,15533,15533,817817700
2013-04-17,15644,15648,15290,15384,15384,825935100
2013-04-18,15476,15628,15370,15481,15481,849433300
2013-04-19,15652,15842,15548,15761,15761,1015386500
2013-04-22,15976,16128,15888,16022,16022,922196900
2013-04-23,16033,16491,16031,16491,16491,1134242800
2013-04-24,16495,16618,16290,16563,16563,1072971600
2013-04-25,16551,16677,16470,16650,16650,528327900
2013-04-26,16620,16644,16473,16565,16565,619429000
2013-04-29,16665,16942,16663,16930,16930,982526600
2013-04-30,17033,17033,16763,16768,16768,878345700
2013-05-02,16687,16936,16448,16748,16748,945400600
2013-05-03,16812,16922,16657,16922,16922,663027100
2013-05-06,16914,16920,16805,16863,16863,406600300
2013-05-07,16928,17164,16905,17122,17122,991211300
2013-05-08,17139,17256,17072,17256,17256,797027900
2013-05-09,17191,17212,17023,17091,17091,976520600
2013-05-10,17160,17361,17158,17284,17284,1029746200
2013-05-13,17303,17376,17085,17172,17172,694885600
2013-05-14,17281,17321,17051,17315,17315,827390500
2013-05-15,17271,17493,17208,17493,17493,1252903700
2013-05-16,17467,17594,17369,17544,17544,1179026300
2013-05-17,17453,17645,17452,17605,17605,956213200
2013-05-20,17460,17515,17354,17507,17507,638986300
2013-05-21,17497,17578,17325,17427,17427,883822700
2013-05-22,17472,17591,17386,17545,17545,865722300
2013-05-23,17128,17224,17001,17008,17008,955450900
2013-05-24,17134,17150,16845,16897,16897,749920000
2013-05-27,17009,17159,16987,17159,17159,402883300
2013-05-28,17271,17549,17266,17520,17520,812969600
2013-05-29,17364,17489,17237,17237,17237,702534700
2013-05-30,17198,17440,17194,17351,17351,751150300
2013-05-31,17404,17405,17109,17214,17214,1242599400
2013-06-03,17097,17289,17019,17058,17058,844024900
2013-06-04,17193,17290,17082,17136,17136,673438600
2013-06-05,17021,17270,16968,16971,16971,1019023700
2013-06-06,16985,17047,16525,16525,16525,1283924500
2013-06-07,16590,16747,16417,16691,16691,958310800
2013-06-10,16680,16768,16458,16556,16556,826425700
2013-06-11,16507,16507,16114,16287,16287,918434400
2013-06-12,16252,16378,15992,16024,16024,808710200
2013-06-13,15787,16120,15765,16116,16116,928033600
2013-06-14,16181,16228,16020,16153,16153,686166900
2013-06-17,16151,16301,15956,16194,16194,659252100
2013-06-18,16141,16321,16107,16198,16198,584940000
2013-06-19,16259,16304,16046,16046,16046,597510100
2013-06-20,15812,15952,15505,15549,15549,954048200
2013-06-21,15539,15693,15255,15255,15255,1107780500
2013-06-24,15133,15268,14901,15112,15112,853681200
2013-06-25,15275,15309,15004,15057,15057,842356300
2013-06-26,15084,15396,15009,15363,15363,795195900
2013-06-27,15400,15551,15297,15430,15430,612699700
2013-06-28,15497,15546,15195,15239,15239,608492300
2013-07-01,15359,15553,15217,15460,15460,510628100
2013-07-02,15500,15515,15278,15366,15366,450100000
2013-07-03,15194,15317,15024,15283,15283,686521500
2013-07-04,15379,15808,15290,15808,15808,698247600
2013-07-05,15789,15902,15534,15534,15534,667859600
2013-07-08,15624,15826,15564,15800,15800,543624100
2013-07-09,15867,15984,15678,15791,15791,672587800
2013-07-10,15711,15783,15570,15677,15677,567219000
2013-07-11,15905,15916,15642,15677,15677,549811300
2013-07-12,15702,15727,15398,15431,15431,697871000
2013-07-15,15482,15597,15439,15597,15597,478678500
2013-07-16,15602,15664,15493,15530,15530,691422500
2013-07-17,15573,15779,15407,15695,15695,654986400
2013-07-18,15659,16111,15633,16054,16054,872943400
2013-07-19,15985,16164,15975,16124,16124,697097800
2013-07-22,16150,16267,16123,16234,16234,460809400
2013-07-23,16269,16447,16224,16239,16239,685876800
2013-07-24,16274,16454,16254,16443,16443,552832800
2013-07-25,16442,16465,16262,16432,16432,525143500
2013-07-26,16475,16539,16367,16422,16422,471587400
2013-07-29,16477,16501,16255,16276,16276,508222800
2013-07-30,16316,16562,16286,16543,16543,490636200
2013-07-31,16515,16549,16436,16482,16482,555745400
2013-08-01,16563,16819,16562,16819,16819,641936500
2013-08-02,16834,16867,16653,16779,16779,714251500
2013-08-05,16787,16845,16676,16757,16757,447955100
2013-08-06,16767,16878,16605,16683,16683,622089100
2013-08-07,16641,16868,16580,16838,16838,597918300
2013-08-08,16863,17147,16862,17147,17147,781434800
2013-08-09,17157,17222,17043,17187,17187,708787700
2013-08-12,17212,17267,17049,17263,17263,436595400
2013-08-13,17334,17405,17279,17380,17380,719707600
2013-08-14,17414,17463,17285,17463,17463,615564800
2013-08-16,17352,17685,17338,17678,17678,884519900
2013-08-19,17661,17690,17239,17243,17243,959437500
2013-08-20,17191,17212,16885,17000,17000,798413900
2013-08-21,17064,17160,16838,16878,16878,612571000
2013-08-22,16903,17330,16902,17310,17310,669055000
2013-08-23,17325,17371,17184,17342,17342,514647200
2013-08-26,17302,17302,16906,16978,16978,559411800
2013-08-27,16905,17065,16532,16580,16580,734465000
2013-08-28,16586,16780,16504,16743,16743,682490400
2013-08-29,16826,16926,16742,16905,16905,618364400
2013-08-30,16882,16887,16682,16682,16682,761270000
2013-09-02,16807,16990,16801,16989,16989,626145700
2013-09-03,17039,17075,16830,16941,16941,653887400
2013-09-04,16960,16983,16578,16712,16712,725821200
2013-09-05,16776,16878,16646,16843,16843,1039305400
2013-09-06,16864,17092,16768,17047,17047,956994600
2013-09-09,17049,17245,17011,17245,17245,790784200
2013-09-10,17309,17392,17143,17332,17332,1084599300
2013-09-11,17345,17595,17344,17563,17563,1094897600
2013-09-12,17545,17630,17382,17523,17523,827711000
2013-09-13,17475,17557,17423,17548,17548,552292700
2013-09-16,17666,17758,17637,17732,17732,590994500
2013-09-17,17687,17782,17599,17752,17752,622716000
2013-09-18,17748,17879,17729,17805,17805,672753000
2013-09-19,18086,18095,17957,18059,18059,946420300
2013-09-20,18080,18087,17954,17970,17970,897076100
2013-09-23,17908,18027,17857,17913,17913,859095000
2013-09-24,17939,18086,17906,18065,18065,1152544300
2013-09-25,17987,18143,17977,18089,18089,951198500
2013-09-26,18051,18069,17691,17873,17873,1249239900
2013-09-27,17880,17890,17641,17646,17646,734586900
2013-09-30,17353,17457,17200,17435,17435,1091968700
2013-10-01,17481,17977,17475,17977,17977,1035076300
2013-10-02,17943,18304,17910,18098,18098,1564863800
2013-10-03,18207,18231,18012,18018,18018,840793600
2013-10-04,18066,18341,18006,18304,18304,1182155800
2013-10-07,18248,18449,18195,18426,18426,1077381300
2013-10-08,18414,18541,18342,18373,18373,1287282500
2013-10-09,18350,18640,18350,18552,18552,1247892800
2013-10-10,18673,18935,18636,18837,18837,1400746200
2013-10-11,18981,18982,18779,18883,18883,981755100
2013-10-14,18849,18991,18779,18918,18918,712377700
2013-10-15,18977,19073,18849,18999,18999,826472900
2013-10-16,19011,19289,19008,19275,19275,1233183600
2013-10-17,19277,19277,19069,19198,19198,967871200
2013-10-18,19276,19302,19094,19271,19271,928954100
2013-10-21,19247,19333,19156,19263,19263,726100500
2013-10-22,19244,19474,19222,19372,19372,892887100
2013-10-23,19283,19291,18889,18911,18911,1023395500
2013-10-24,19017,19153,18810,19153,19153,896111400
2013-10-25,19068,19071,18834,18875,18875,913523200
2013-10-28,18958,19010,18663,18829,18829,808793500
2013-10-29,18817,19257,18813,19257,19257,950959300
2013-10-30,19307,19501,19085,19167,19167,907049400
2013-10-31,19107,19352,19095,19352,19352,901354500
2013-11-01,19349,19369,19164,19164,19164,557759000
2013-11-04,19231,19338,19162,19311,19311,645854100
2013-11-05,19373,19400,19032,19092,19092,832372200
2013-11-06,19174,19290,19167,19263,19263,635621700
2013-11-07,19239,19483,18773,18863,18863,1175865500
2013-11-08,18798,18964,18715,18962,18962,1571421800
2013-11-11,19023,19108,18894,19108,19108,567350900
2013-11-12,19086,19215,18975,19005,19005,665229700
2013-11-13,18911,19061,18688,18733,18733,854908900
2013-11-14,18910,18914,18492,18761,18761,774333000
2013-11-15,18798,18822,18562,18687,18687,733840300
2013-11-18,18644,19116,18578,19105,19105,713765200
2013-11-19,19005,19064,18767,18767,18767,547924100
2013-11-20,18738,18857,18601,18728,18728,578417800
2013-11-21,18661,18857,18556,18842,18842,622267500
2013-11-22,18857,18886,18721,18822,18822,523288700
2013-11-25,18923,18934,18700,18784,18784,896311000
2013-11-26,18775,18853,18618,18774,18774,1364120000
2013-11-27,18815,19008,18793,18925,18925,835761700
2013-11-28,18933,19153,18918,19099,19099,646854100
2013-11-29,19091,19179,19022,19022,19022,722977500
2013-12-02,19011,19055,18733,18733,18733,553835000
2013-12-03,18753,18793,18367,18367,18367,724258100
2013-12-04,18417,18487,18152,18313,18313,916548900
2013-12-05,18287,18392,17993,17993,17993,981988100
2013-12-06,18055,18159,17793,18124,18124,1110697400
2013-12-09,18144,18292,18081,18286,18286,620329400
2013-12-10,18248,18371,18175,18237,18237,650937300
2013-12-11,18204,18278,17944,17974,17974,593074500
2013-12-12,17908,17957,17749,17805,17805,603301000
2013-12-13,17813,17950,17784,17806,17806,574028100
2013-12-16,17811,18222,17780,18222,18222,653563400
2013-12-17,18132,18206,17923,17925,17925,624196900
2013-12-18,18022,18161,17949,18132,18132,615356400
2013-12-19,18310,18454,18279,18454,18454,1139187200
2013-12-20,18454,18613,18361,18566,18566,1338911800
2013-12-23,18616,18697,18554,18697,18697,638267000
2013-12-27,18801,18957,18764,18957,18957,634643900
2013-12-30,18935,19025,18922,18968,18968,729589000
2014-01-02,19080,19197,18886,18930,18930,707958300
2014-01-03,19003,19163,18951,19113,19113,869127600
2014-01-06,19096,19304,19096,19234,19234,583357700
2014-01-07,19263,19500,19190,19469,19469,1190706600
2014-01-08,19509,19641,19383,19436,19436,1401698000
2014-01-09,19480,19719,19340,19503,19503,1292158000
2014-01-10,19602,19665,19497,19569,19569,868428600
2014-01-13,19677,19742,19594,19697,19697,702666500
2014-01-14,19542,19749,19467,19730,19730,910241600
2014-01-15,19796,20071,19796,20046,20046,1253782700
2014-01-16,20059,20065,19841,19876,19876,1164977100
2014-01-17,19881,20027,19796,19969,19969,990002000
2014-01-20,19944,19999,19884,19973,19973,693377400
2014-01-21,20064,20168,19993,19996,19996,833177000
2014-01-22,20115,20175,19821,19958,19958,914973100
2014-01-23,19937,20103,19770,19815,19815,776157600
2014-01-24,19829,19875,19359,19359,19359,1210968600
2014-01-27,19357,19420,19087,19274,19274,1189465300
2014-01-28,19369,19488,19304,19448,19448,954786300
2014-01-29,19580,19740,19090,19337,19337,1119217300
2014-01-30,19282,19508,19204,19412,19412,804980900
2014-01-31,19450,19469,19069,19418,19418,770378200
2014-02-03,19412,19520,18907,18907,18907,854881800
2014-02-04,18810,19075,18789,19020,19020,868862300
2014-02-05,19019,19178,18930,19070,19070,839815600
2014-02-06,19189,19504,19119,19504,19504,1052060400
2014-02-07,19560,19706,19432,19692,19692,996498500
2014-02-10,19775,19779,19573,19683,19683,653862100
2014-02-11,19736,19887,19705,19887,19887,832165100
2014-02-12,19899,20254,19853,20145,20145,913104400
2014-02-13,20110,20114,19814,20110,20110,724341300
2014-02-14,20168,20485,20149,20436,20436,852568300
2014-02-17,20473,20584,20399,20459,20459,519776500
2014-02-18,20531,20580,20268,20478,20478,765973000
2014-02-19,20447,20518,20275,20438,20438,616417500
2014-02-20,20194,20452,20155,20452,20452,651972400
2014-02-21,20496,20520,20353,20391,20391,578861700
2014-02-24,20338,20477,20231,20477,20477,493135000
2014-02-25,20428,20476,20336,20473,20473,595975800
2014-02-26,20483,20529,20350,20398,20398,612937800
2014-02-27,20395,20443,20137,20320,20320,854333800
2014-02-28,20327,20442,20226,20442,20442,741894400
2014-03-03,19983,20237,19759,19759,19759,997127800
2014-03-04,19990,20475,19986,20475,20475,1045913400
2014-03-05,20416,20799,20401,20756,20756,2376524500
2014-03-06,20835,20970,20754,20838,20838,2676921000
2014-03-07,20852,20876,20625,20634,20634,1485747700
2014-03-10,20620,20847,20564,20753,20753,1063869500
2014-03-11,20821,20984,20694,20833,20833,1213246200
2014-03-12,20744,20845,20644,20781,20781,1573583400
2014-03-13,20856,20971,20591,20591,20591,1254760500
2014-03-14,20430,20579,20111,20346,20346,1671211800
2014-03-17,20415,20858,20415,20858,20858,1142747100
2014-03-18,20832,21179,20726,21038,21038,1592187700
2014-03-19,21034,21079,20915,20976,20976,1949409500
2014-03-20,20820,21101,20810,21094,21094,1280745300
2014-03-21,21098,21204,20972,20972,20972,1397118800
2014-03-24,20951,21049,20626,20626,20626,959650000
2014-03-25,20736,20928,20665,20823,20823,819387000
2014-03-26,20899,21108,20857,21108,21108,931598200
2014-03-27,21047,21173,21011,21173,21173,786058700
2014-03-28,21311,21526,21256,21498,21498,1631438800
2014-03-31,21616,21729,21549,21691,21691,1941916600
2014-04-01,21738,21939,21711,21915,21915,1736095700
2014-04-02,22004,22060,21664,21692,21692,1932633600
2014-04-03,21728,22042,21643,21992,21992,1506062700
2014-04-04,22020,22210,21944,22175,22175,1195620000
2014-04-07,21996,22173,21841,21988,21988,1123630100
2014-04-08,22091,22105,21544,21667,21667,1420397000
2014-04-09,21724,21887,21610,21717,21717,1007068500
2014-04-10,21826,21876,21429,21429,21429,1235618000
2014-04-11,21287,21415,21063,21198,21198,1336104200
2014-04-14,21140,21323,20932,21314,21314,1302559700
2014-04-15,21326,21331,20817,20817,20817,1782574300
2014-04-16,21060,21534,21048,21534,21534,1281608100
2014-04-17,21523,21613,21390,21613,21613,1115701200
2014-04-22,21625,21939,21403,21935,21935,933584700
2014-04-23,21922,21961,21662,21675,21675,978727300
2014-04-24,21813,21957,21535,21819,21819,897060500
2014-04-25,21718,21805,21342,21441,21441,585466700
2014-04-28,21475,21671,21421,21513,21513,548063500
2014-04-29,21630,21976,21621,21976,21976,799251600
2014-04-30,21928,21976,21694,21783,21783,1055591300
2014-05-02,21829,21945,21759,21782,21782,853290700
2014-05-05,21791,21841,21421,21639,21639,482656200
2014-05-06,21723,21798,21473,21521,21521,464766400
2014-05-07,21462,21492,21236,21240,21240,799266600
2014-05-08,21367,21734,21351,21729,21729,801007600
2014-05-09,21696,21732,21318,21390,21390,643290000
2014-05-12,21479,21726,21422,21493,21493,731691500
2014-05-13,21594,21608,21216,21255,21255,799565300
2014-05-14,21276,21317,21083,21184,21184,670168700
2014-05-15,21205,21361,20394,20419,20419,1293371600
2014-05-16,20517,20698,20308,20648,20648,1043144100
2014-05-19,20398,20474,19932,20318,20318,640904800
2014-05-20,20299,20470,20237,20379,20379,574257000
2014-05-21,20288,20633,20189,20597,20597,656681100
2014-05-22,20625,20674,20242,20372,20372,647574900
2014-05-23,20373,20756,20291,20745,20745,592787600
2014-05-26,21131,21493,21129,21493,21493,758613400
2014-05-27,21409,21631,21341,21403,21403,649695500
2014-05-28,21457,21607,21396,21586,21586,680990600
2014-05-29,21571,21633,21429,21511,21511,398223400
2014-05-30,21497,21700,21483,21629,21629,583753200
2014-06-02,21750,21796,21596,21796,21796,520256000
2014-06-03,21770,21813,21608,21656,21656,556388600
2014-06-04,21634,21677,21425,21622,21622,536231000
2014-06-05,21647,22149,21619,21951,21951,992159500
2014-06-06,22015,22290,21907,22290,22290,1003154500
2014-06-09,22355,22472,22256,22472,22472,658781300
2014-06-10,22452,22590,22400,22518,22518,575691700
2014-06-11,22463,22490,22206,22223,22223,726631900
2014-06-12,22256,22346,22094,22163,22163,617286500
2014-06-13,22147,22225,21915,22165,22165,586869300
2014-06-16,22068,22182,21915,21976,21976,563297600
2014-06-17,22029,22159,21876,21996,21996,612942000
2014-06-18,22027,22119,21958,22030,22030,530989100
2014-06-19,22216,22316,22145,22216,22216,690743900
2014-06-20,22285,22293,21988,21988,21988,881173700
2014-06-23,21932,21981,21646,21694,21694,555516200
2014-06-24,21724,21744,21544,21641,21641,576992300
2014-06-25,21547,21723,21382,21469,21469,965087200
2014-06-26,21538,21598,21244,21384,21384,696366500
2014-06-27,21424,21528,21256,21319,21319,489572200
2014-06-30,21359,21449,21130,21283,21283,682903200
2014-07-01,21345,21606,21268,21563,21563,724885300
2014-07-02,21557,21765,21493,21678,21678,604591000
2014-07-03,21709,21896,21627,21884,21884,585335000
2014-07-04,21869,21870,21559,21559,21559,576486400
2014-07-07,21528,21611,21273,21273,21273,412600500
2014-07-08,21281,21348,20700,20700,20700,804083200
2014-07-09,20793,20945,20747,20885,20885,637768900
2014-07-10,20877,20877,20283,20488,20488,981114100
2014-07-11,20541,20833,20459,20614,20614,675209100
2014-07-14,20724,20829,20504,20697,20697,606953300
2014-07-15,20633,20714,20351,20422,20422,677965300
2014-07-16,20528,21069,20504,21069,21069,795508700
2014-07-17,20960,20971,20603,20603,20603,730120000
2014-07-18,20494,20737,20448,20737,20737,546081300
2014-07-21,20751,20761,20391,20431,20431,487102300
2014-07-22,20561,20885,20521,20873,20873,474513300
2014-07-23,20772,20988,20707,20831,20831,483243800
2014-07-24,20855,21255,20694,21255,21255,678948600
2014-07-25,21191,21348,21021,21063,21063,582850400
2014-07-28,21162,21236,20831,20939,20939,419786300
2014-07-29,21015,21224,20879,21085,21085,434648700
2014-07-30,21064,21152,20870,20887,20887,465880200
2014-07-31,20928,20977,20480,20570,20570,696747600
2014-08-01,20547,20671,20272,20362,20362,698766600
2014-08-04,20506,20553,20324,20381,20381,464522300
2014-08-05,20465,20511,19984,20052,20052,836145600
2014-08-06,19877,20003,19376,19509,19509,984984200
2014-08-07,19491,19685,19064,19130,19130,958931400
2014-08-08,18917,19434,18885,19193,19193,1007990400
2014-08-11,19412,19499,19228,19460,19460,558450800
2014-08-12,19411,19648,19335,19416,19416,578525600
2014-08-13,19529,19602,19457,19537,19537,472725000
2014-08-14,19426,19665,19264,19480,19480,568820400
2014-08-18,19586,19834,19560,19639,19639,500628500
2014-08-19,19689,19707,19528,19644,19644,426880900
2014-08-20,19592,19683,19527,19605,19605,339703800
2014-08-21,19621,20011,19574,20010,20010,543154100
2014-08-22,19945,20035,19804,19917,19917,460538200
2014-08-25,20116,20375,20019,20375,20375,445146200
2014-08-26,20342,20645,20289,20645,20645,564835100
2014-08-27,20627,20777,20577,20763,20763,641018500
2014-08-28,20672,20748,20313,20341,20341,744529700
2014-08-29,20403,20570,20240,20450,20450,431525300
2014-09-01,20515,20536,20267,20345,20345,359726600
2014-09-02,20404,20616,20398,20446,20446,409463000
2014-09-03,20550,20885,20528,20831,20831,671767000
2014-09-04,20745,21435,20685,21419,21419,1129566500
2014-09-05,21372,21460,21305,21395,21395,755509400
2014-09-08,21421,21481,21247,21294,21294,501638500
2014-09-09,21279,21391,21122,21149,21149,640493700
2014-09-10,21115,21233,20967,21140,21140,542207000
2014-09-11,21234,21238,20939,21092,21092,537162600
2014-09-12,21117,21145,20968,21071,21071,446690900
2014-09-15,20978,21002,20802,20851,20851,464694800
2014-09-16,20847,20864,20613,20788,20788,586715000
2014-09-17,20875,21131,20858,21111,21111,624818400
2014-09-18,21122,21280,21058,21128,21128,687314000
2014-09-19,21357,21375,20972,20972,20972,979181000
2014-09-22,20812,20992,20629,20673,20673,539509600
2014-09-23,20644,20646,20346,20351,20351,604655600
2014-09-24,20372,20691,20245,20691,20691,646544800
2014-09-25,20679,20869,20326,20411,20411,991822100
2014-09-26,20408,20830,20373,20795,20795,646521300
2014-09-29,20822,20858,20384,20526,20526,537156900
2014-09-30,20604,20911,20522,20892,20892,658808500
2014-10-01,20801,20940,20643,20706,20706,600059500
2014-10-02,20679,20715,19894,19894,19894,1019840200
2014-10-03,20032,20214,19977,20200,20200,559184300
2014-10-06,20312,20389,20114,20119,20119,502088400
2014-10-07,20063,20132,19771,19771,19771,631079200
2014-10-08,19732,19869,19564,19645,19645,682539700
2014-10-09,19889,19889,19328,19382,19382,876571100
2014-10-10,19219,19428,19019,19200,19200,856241800
2014-10-13,19054,19421,19041,19139,19139,672656400
2014-10-14,19068,19213,18756,19155,19155,891438900
2014-10-15,19114,19169,18304,18304,18304,1135948600
2014-10-16,18440,18576,17555,18083,18083,1782052800
2014-10-17,18147,18722,17996,18700,18700,1212041500
2014-10-20,18687,18881,18414,18540,18540,812542000
2014-10-21,18456,19057,18440,19057,19057,968024400
2014-10-22,19093,19267,18902,19266,19266,791208400
2014-10-23,19139,19490,19037,19434,19434,787014000
2014-10-24,19385,19534,19273,19495,19495,933370300
2014-10-27,19770,19773,18915,19028,19028,1260113100
2014-10-28,19189,19482,19151,19476,19476,751458400
2014-10-29,19470,19561,19134,19157,19157,893521100
2014-10-30,19330,19400,18701,19194,19194,1162043500
2014-10-31,19557,19783,19304,19783,19783,1293141500
2014-11-03,19760,19832,19342,19369,19369,999312700
2014-11-04,19433,19601,18902,18934,18934,943074300
2014-11-05,19095,19449,18962,19427,19427,849096100
2014-11-06,19333,19771,19120,19285,19285,1104139900
2014-11-07,19393,19404,18914,19095,19095,850453400
2014-11-10,19070,19271,18987,19258,19258,666463400
2014-11-11,19284,19552,19144,19255,19255,912807400
2014-11-12,19165,19215,18654,18702,18702,996502000
2014-11-13,18809,18889,18444,18782,18782,863418800
2014-11-14,18821,19009,18662,18965,18965,756120100
2014-11-17,18776,19291,18733,19216,19216,769475500
2014-11-18,19223,19437,19214,19352,19352,682459200
2014-11-19,19334,19554,19280,19379,19379,647787900
2014-11-20,19402,19417,19036,19209,19209,674974600
2014-11-21,19258,19954,19233,19954,19954,1013700600
2014-11-24,19931,20126,19802,19925,19925,815126900
2014-11-25,19906,20195,19860,20009,20009,754197100
2014-11-26,20104,20131,19894,19938,19938,556809000
2014-11-27,19977,20112,19905,20100,20100,502491600
2014-11-28,20108,20114,19889,20014,20014,624516400
2014-12-01,19858,19972,19641,19686,19686,695856300
2014-12-02,19788,19930,19604,19780,19780,611218100
2014-12-03,19832,20063,19750,19978,19978,591524700
2014-12-04,20017,20076,19424,19424,19424,982008500
2014-12-05,19625,20087,19588,20087,20087,973918400
2014-12-08,19940,20142,19929,19951,19951,545959900
2014-12-09,19703,19839,19370,19390,19390,890558300
2014-12-10,19465,19599,19144,19218,19218,0
2014-12-11,19176,19385,19052,19201,19201,0
2014-12-12,19019,19134,18601,18601,18601,0
2014-12-15,18660,18804,18079,18079,18079,0
2014-12-16,18182,18670,17729,18670,18670,0
2014-12-17,18437,18645,18261,18569,18569,0
2014-12-18,18912,19061,18768,19061,19061,0
2014-12-19,19171,19175,18696,18984,18984,0
2014-12-22,19086,19243,18965,19074,19074,0
2014-12-23,19088,19352,19011,19352,19352,0
2014-12-29,19326,19352,18766,19130,19130,0
2014-12-30,19002,19183,18994,19012,19012,0
2015-01-02,19157,19247,18920,19130,19130,0
2015-01-05,18961,19190,18188,18188,18188,0
2015-01-06,18298,18524,18041,18143,18143,0
2015-01-07,18226,18478,17992,18123,18123,0
2015-01-08,18393,18858,18248,18792,18792,0
2015-01-09,18685,18849,18053,18177,18177,0
2015-01-12,18310,18430,18031,18349,18349,0
2015-01-13,18251,18790,18229,18709,18709,0
2015-01-14,18451,18849,18400,18410,18410,792739400
2015-01-15,18647,18971,18068,18845,18845,0
2015-01-16,18763,19255,18732,19255,19255,0
2015-01-19,19255,19609,19149,19481,19481,984487000
2015-01-20,19546,19729,19482,19659,19659,0
2015-01-21,19724,19981,19450,19981,19981,1191400300
2015-01-22,20021,20556,20012,20470,20470,1305919000
2015-01-23,20594,20677,20389,20520,20520,1270945000
2015-01-26,20349,20757,20239,20757,20757,789175100
2015-01-27,20715,20778,20455,20646,20646,0
2015-01-28,20759,20803,20423,20478,20478,802124300
2015-01-29,20414,20646,20231,20594,20594,918696600
2015-01-30,20680,20723,20411,20503,20503,1032461500
2015-02-02,20596,20605,20286,20486,20486,880284600
2015-02-03,20627,21012,20603,21012,21012,0
2015-02-04,21006,21072,20849,20942,20942,939788800
2015-02-05,20731,20859,20621,20819,20819,808783600
2015-02-06,20825,20893,20704,20761,20761,0
2015-02-09,20534,20605,20247,20367,20367,825413200
2015-02-10,20418,20798,20330,20726,20726,822231300
2015-02-11,20786,20795,20518,20566,20566,797545300
2015-02-12,20544,21061,20497,21003,21003,0
2015-02-13,21107,21288,21088,21204,21204,0
2015-02-16,21145,21281,21079,21166,21166,673374100
2015-02-17,21070,21328,20890,21266,21266,0
2015-02-18,21496,21659,21453,21659,21659,0
2015-02-19,21620,21802,21532,21790,21790,0
2015-02-20,21628,21853,21610,21843,21843,1011495100
2015-02-23,22041,22083,21863,21964,21964,1066480600
2015-02-24,21970,22167,21776,22150,22150,837187800
2015-02-25,22109,22133,21853,21937,21937,0
2015-02-26,21935,22173,21910,22165,22165,812227500
2015-02-27,22176,22339,22098,22338,22338,772993700
2015-03-02,22381,22515,22184,22298,22298,759122300
2015-03-03,22366,22411,21942,21987,21987,902075600
2015-03-04,22087,22131,21861,22131,22131,0
2015-03-05,22230,22444,22124,22400,22400,0
2015-03-06,22449,22575,22371,22436,22436,0
2015-03-09,22345,22568,22252,22564,22564,0
2015-03-10,22594,22631,22280,22346,22346,0
2015-03-11,22409,22861,22409,22833,22833,0
2015-03-12,22828,22893,22773,22809,22809,760590200
2015-03-13,22907,22925,22580,22714,22714,772339700
2015-03-16,22785,23009,22757,22931,22931,876001900
2015-03-17,22961,22988,22604,22723,22723,745750900
2015-03-18,22791,22819,22398,22565,22565,829809900
2015-03-19,22657,22915,22645,22805,22805,864947700
2015-03-20,22904,23204,22768,23177,23177,1021061600
2015-03-23,23178,23197,23014,23057,23057,576501300
2015-03-24,23022,23382,22978,23333,23333,804469400
2015-03-25,23257,23367,23129,23145,23145,692044900
2015-03-26,22993,23063,22660,22900,22900,798545500
2015-03-27,23022,23048,22745,22984,22984,575774800
2015-03-30,23016,23261,23016,23261,23261,552490400
2015-03-31,23016,23337,23016,23157,23157,613304400
2015-04-01,23092,23447,23072,23359,23359,751022600
2015-04-02,23407,23454,23291,23309,23309,478870700
2015-04-07,23502,23736,23477,23706,23706,634171600
2015-04-08,23710,23786,23540,23579,23579,596183500
2015-04-09,23653,23804,23624,23804,23804,499935100
2015-04-10,23879,23918,23773,23877,23877,517452400
2015-04-13,23908,24048,23897,24009,24009,558146700
2015-04-14,23975,24024,23643,23753,23753,669656700
2015-04-15,23805,24082,23788,24031,24031,578450700
2015-04-16,24036,24063,23585,23611,23611,720736400
2015-04-17,23577,23780,23010,23044,23044,923638300
2015-04-20,23091,23333,23027,23333,23333,654676500
2015-04-21,23434,23526,22970,23240,23240,715874700
2015-04-22,23321,23427,23125,23315,23315,617493000
2015-04-23,23332,23381,22966,23199,23199,599605400
2015-04-24,23356,23574,23213,23427,23427,695162300
2015-04-27,23449,23812,23155,23806,23806,702301700
2015-04-28,23794,23860,23487,23532,23532,619208200
2015-04-29,23654,23695,22996,22996,22996,777953400
2015-04-30,22964,23180,22726,23046,23046,733544300
2015-05-04,23082,23365,22860,23217,23217,483719000
2015-05-05,23145,23350,22576,22576,22576,873162000
2015-05-06,22610,22839,22473,22660,22660,785333100
2015-05-07,22515,22854,22297,22842,22842,792832400
2015-05-08,23032,23312,22921,23312,23312,761256200
2015-05-11,23313,23368,23124,23322,23322,708498300
2015-05-12,23182,23270,22942,23105,23105,1033027600
2015-05-13,23171,23401,23123,23211,23211,920788100
2015-05-14,23207,23549,23031,23549,23549,735194400
2015-05-15,23615,23741,23433,23473,23473,816130200
2015-05-18,23217,23365,23002,23198,23198,499496000
2015-05-19,23350,23713,23331,23713,23713,619147600
2015-05-20,23669,23773,23578,23773,23773,511486900
2015-05-21,23720,23757,23585,23740,23740,506491100
2015-05-22,23701,23816,23686,23782,23782,409963100
2015-05-25,23623,23631,23278,23285,23285,273619000
2015-05-26,23329,23506,23179,23327,23327,588927700
2015-05-27,23443,23880,23420,23861,23861,709028300
2015-05-28,23762,23866,23627,23744,23744,503246600
2015-05-29,23789,23821,23496,23496,23496,692772800
2015-06-01,23583,23705,23379,23436,23436,506152900
2015-06-02,23521,23718,23265,23576,23576,643500200
2015-06-03,23590,23797,23473,23609,23609,687071100
2015-06-04,23480,23564,23216,23337,23337,669128500
2015-06-05,23105,23251,22805,22847,22847,631086800
2015-06-08,22858,22959,22642,22642,22642,400780900
2015-06-09,22622,22758,22304,22527,22527,502755300
2015-06-10,22509,23156,22416,23091,23091,583726300
2015-06-11,23018,23436,23002,23172,23172,680984300
2015-06-12,23157,23304,22679,22878,22878,585785600
2015-06-15,22596,22656,22288,22328,22328,637403700
2015-06-16,22191,22446,21987,22383,22383,729151100
2015-06-17,22409,22566,22211,22225,22225,686133200
2015-06-18,22224,22460,21855,22460,22460,832794200
2015-06-19,22412,22750,22350,22699,22699,0
2015-06-22,23115,23486,22987,23486,23486,880403200
2015-06-23,23608,23732,23521,23567,23567,757598700
2015-06-24,23636,23705,23241,23443,23443,681698700
2015-06-25,23281,23816,23281,23643,23643,879747400
2015-06-26,23518,23850,23405,23800,23800,621216900
2015-06-29,23337,23401,22570,22570,22570,1004378700
2015-06-30,22456,22862,22338,22461,22461,850990800
2015-07-01,22623,23127,22568,22944,22944,753192700
2015-07-02,22961,23050,22617,22617,22617,523453400
2015-07-03,22611,22709,22333,22508,22508,441188800
2015-07-06,21874,22066,21601,21601,21601,1006841400
2015-07-07,21733,21859,20958,20958,20958,841264000
2015-07-08,21036,21557,20937,21512,21512,834021400
2015-07-09,21571,22337,21519,22269,22269,721053100
2015-07-10,22626,22949,22555,22937,22937,855210600
2015-07-13,23100,23340,22871,23167,23167,792915400
2015-07-14,23127,23140,22886,23098,23098,0
2015-07-15,23141,23393,23113,23393,23393,568598800
2015-07-16,23517,23785,23485,23783,23783,729801700
2015-07-17,23852,23876,23691,23765,23765,478785300
2015-07-20,23799,24157,23798,24031,24031,566779400
2015-07-21,24072,24121,23700,23713,23713,499466600
2015-07-22,23586,23803,23536,23681,23681,434480100
2015-07-23,23825,23886,23610,23633,23633,438248000
2015-07-24,23600,23814,23492,23508,23508,440195400
2015-07-27,23387,23397,22809,22809,22809,642224700
2015-07-28,22980,23328,22951,23328,23328,511118200
2015-07-29,23425,23469,23035,23249,23249,613715200
2015-07-30,23381,23480,23191,23396,23396,660254000
2015-07-31,23459,23538,23293,23538,23538,0
2015-08-03,23553,23749,23478,23714,23714,475647600
2015-08-04,23658,23662,23342,23473,23473,493293000
2015-08-05,23580,23918,23555,23912,23912,620681600
2015-08-06,23852,23971,23805,23811,23811,641100500
2015-08-07,23807,23867,23705,23705,23705,672521600
2015-08-10,23705,23992,23660,23966,23966,384789000
2015-08-11,23916,23980,23698,23698,23698,0
2015-08-12,23531,23533,22923,22998,22998,650133600
2015-08-13,23347,23546,23256,23356,23356,507838300
2015-08-14,23371,23525,23175,23249,23249,354104500
2015-08-17,23368,23465,23104,23408,23408,324799000
2015-08-18,23335,23495,23259,23390,23390,327868300
2015-08-19,23210,23339,22975,22975,22975,456790100
2015-08-20,22837,23011,22352,22379,22379,604317900
2015-08-21,22002,22380,21746,21746,21746,696146000
2015-08-24,20982,21350,20158,20450,20450,1184623300
2015-08-25,20866,21664,20633,21650,21650,991233500
2015-08-26,21324,21802,21151,21474,21474,627289900
2015-08-27,21943,22263,21768,22201,22201,659799000
2015-08-28,22249,22276,21846,21994,21994,444161300
2015-08-31,22003,22112,21776,21942,21942,422445400
2015-09-01,21735,21855,21344,21451,21451,596192800
2015-09-02,21566,21828,21430,21612,21612,525512200
2015-09-03,21744,22292,21690,22177,22177,638486700
2015-09-04,21921,21955,21424,21473,21473,702066200
2015-09-07,21680,21755,21502,21622,21622,311605900
2015-09-08,21719,22125,21711,21941,21941,498348800
2015-09-09,22398,22449,22127,22127,22127,617906100
2015-09-10,21945,22121,21807,21901,21901,565051400
2015-09-11,22050,22064,21707,21763,21763,0
2015-09-14,21816,21860,21497,21554,21554,538135400
2015-09-15,21584,21993,21435,21904,21904,540010300
2015-09-16,22085,22181,21908,22059,22059,514860400
2015-09-17,22111,22130,21975,22100,22100,458826000
2015-09-18,22004,22004,21504,21515,21515,891377600
2015-09-21,21474,21803,21461,21755,21755,494475400
2015-09-22,21706,21706,21017,21032,21032,712787500
2015-09-23,21124,21409,20947,21069,21069,589907800
2015-09-24,21056,21216,20545,20582,20582,799312600
2015-09-25,20963,21400,20915,21339,21339,611510000
2015-09-28,21197,21301,20759,20759,20759,520784000
2015-09-29,20515,20905,20476,20727,20727,684395900
2015-09-30,21040,21321,20971,21295,21295,691733200
2015-10-01,21503,21551,21101,21143,21143,624645200
2015-10-02,21369,21548,21052,21395,21395,711079900
2015-10-05,21736,22027,21623,21980,21980,609194000
2015-10-06,21945,22183,21802,22183,22183,0
2015-10-07,22218,22342,22007,22007,22007,645387900
2015-10-08,22045,22195,21985,22157,22157,519473800
2015-10-09,22372,22424,22205,22258,22258,496116300
2015-10-12,22264,22346,22002,22091,22091,402457100
2015-10-13,22012,22180,21747,22048,22048,521888000
2015-10-14,21913,22035,21798,21838,21838,0
2015-10-15,22022,22234,21968,22218,22218,0
2015-10-16,22359,22416,22226,22338,22338,486499000
2015-10-19,22345,22533,22299,22420,22420,0
2015-10-20,22466,22537,22120,22270,22270,509227800
2015-10-21,22344,22388,22097,22173,22173,429603600
2015-10-22,22124,22617,22103,22617,22617,801445800
2015-10-23,22717,22875,22638,22737,22737,0
2015-10-26,22714,22741,22549,22630,22630,450285100
2015-10-27,22573,22731,22370,22370,22370,0
2015-10-28,22489,22697,22456,22686,22686,0
2015-10-29,22702,22713,22209,22443,22443,789519800
2015-10-30,22540,22584,22337,22443,22443,678463800
2015-11-02,22342,22623,22264,22482,22482,505573600
2015-11-03,22517,22636,22166,22459,22459,597615200
2015-11-04,22558,22661,22303,22313,22313,564845300
2015-11-05,22320,22443,22133,22224,22224,0
2015-11-06,22220,22530,22167,22530,22530,918217500
2015-11-09,22509,22571,22107,22107,22107,476901700
2015-11-10,22254,22444,22126,22444,22444,558604800
2015-11-11,22463,22659,22317,22385,22385,601750600
2015-11-12,22345,22367,21811,21859,21859,663099300
2015-11-13,21819,21987,21655,21843,21843,515037500
2015-11-16,21607,21925,21573,21811,21811,405228500
2015-11-17,22016,22309,21974,22309,22309,532283800
2015-11-18,22197,22205,22055,22092,22092,516942300
2015-11-19,22249,22321,22096,22192,22192,516465500
2015-11-20,22222,22247,21946,22140,22140,564191000
2015-11-23,22078,22390,21995,22295,22295,449294900
2015-11-24,22194,22229,21841,21948,21948,474404900
2015-11-25,22026,22400,21944,22359,22359,507051300
2015-11-26,22354,22598,22339,22592,22592,402380200
2015-11-27,22483,22708,22433,22575,22575,486347500
2015-11-30,22526,22773,22506,22718,22718,525276400
2015-12-01,22795,22844,22581,22581,22581,420658400
2015-12-02,22676,22730,22515,22552,22552,450453300
2015-12-03,22553,22844,21996,21996,21996,833117400
2015-12-04,21918,22111,21832,22021,22021,553780900
2015-12-07,22109,22219,21954,22037,22037,397384500
2015-12-08,21992,21998,21444,21538,21538,506351700
2015-12-09,21625,21701,21355,21501,21501,556851300
2015-12-10,21403,21617,21325,21410,21410,472194200
2015-12-11,21351,21386,20924,21015,21015,566776400
2015-12-14,21062,21187,20507,20507,20507,786440700
2015-12-15,20670,21273,20659,21273,21273,614012500
2015-12-16,21267,21374,21095,21210,21210,540339100
2015-12-17,21557,21730,21480,21523,21523,603627000
2015-12-18,21310,21479,21209,21242,21242,0
2015-12-21,21264,21432,21099,21099,21099,377861900
2015-12-22,21203,21282,20968,21060,21060,333475600
2015-12-23,21230,21463,21185,21456,21456,383541300
2015-12-28,21455,21505,21326,21369,21369,232945000
2015-12-29,21485,21706,21481,21661,21661,263325800
2015-12-30,21595,21659,21418,21418,21418,255103700
2015-12-31,NA,NA,NA,NA,NA,NA
2016-01-04,21186,21194,20702,20734,20734,545475000
2016-01-05,20938,20983,20722,20983,20983,422559500
2016-01-06,20922,20931,20373,20422,20422,508538100
2016-01-07,19778,20289,19629,20189,20189,749548400
2016-01-08,20189,20350,19869,19869,19869,550008300
2016-01-11,19813,20110,19756,19756,19756,544022200
2016-01-12,19787,20144,19713,19970,19970,581233200
2016-01-13,20111,20383,20034,20140,20140,646305000
2016-01-14,19883,19995,19576,19803,19803,769284500
2016-01-15,19695,19771,19118,19196,19196,813339100
2016-01-18,19198,19361,18638,18687,18687,713750200
2016-01-19,19059,19168,18547,18881,18881,832351500
2016-01-20,18396,18476,17869,17968,17968,888993600
2016-01-21,18052,18750,17836,18723,18723,1214365300
2016-01-22,19074,19305,18891,19028,19028,975350900
2016-01-25,19149,19150,18598,18641,18641,772173700
2016-01-26,18361,18961,18256,18924,18924,836527300
2016-01-27,18984,19009,18571,18848,18848,733119800
2016-01-28,18758,18943,18055,18190,18190,1032946300
2016-01-29,18497,18657,18325,18657,18657,844164100
2016-02-01,18689,18792,18292,18486,18486,621573800
2016-02-02,18485,18496,17867,17922,17922,715815000
2016-02-03,17928,17998,17141,17412,17412,950707000
2016-02-04,17706,17761,17173,17626,17626,923327400
2016-02-05,17557,17835,17232,17250,17250,1112566500
2016-02-08,17458,17467,16389,16441,16441,975070700
2016-02-09,16529,16604,15849,15913,15913,1234668700
2016-02-10,16098,16817,15919,16714,16714,1230850800
2016-02-11,16478,16478,15773,15773,15773,0
2016-02-12,16110,16515,15841,16515,16515,1179222000
2016-02-15,16795,17226,16777,17042,17042,1074391300
2016-02-16,17182,17187,16714,16958,16958,1205035900
2016-02-17,16985,17386,16933,17378,17378,1005039500
2016-02-18,17487,17624,17069,17112,17112,1059943600
2016-02-19,17025,17220,16704,16910,16910,866191400
2016-02-22,17128,17505,17127,17505,17505,698606700
2016-02-23,17340,17631,17163,17163,17163,772355900
2016-02-24,17158,17231,16588,16719,16719,816618000
2016-02-25,16940,17198,16877,17105,17105,0
2016-02-26,17299,17550,17253,17484,17484,812900200
2016-02-29,17342,17643,17221,17623,17623,1025129800
2016-03-01,17557,18012,17534,18012,18012,810296800
2016-03-02,18143,18223,18012,18206,18206,940714000
2016-03-03,18218,18353,18129,18349,18349,828014600
2016-03-04,18415,18449,18061,18279,18279,883470500
2016-03-07,18196,18253,17847,18059,18059,756003700
2016-03-08,17906,18217,17729,18018,18018,1077184500
2016-03-09,17982,18369,17982,18209,18209,852333900
2016-03-10,18229,19012,18114,18118,18118,1358020600
2016-03-11,18489,18994,18471,18988,18988,1148534600
2016-03-14,19125,19217,18847,18982,18982,916566900
2016-03-15,18892,18959,18679,18765,18765,764011700
2016-03-16,18821,18943,18610,18732,18732,667249800
2016-03-17,18921,18927,18344,18608,18608,1002394600
2016-03-18,18704,18770,18468,18611,18611,1031776400
2016-03-21,18556,18880,18482,18697,18697,696384000
2016-03-22,18554,18699,18286,18699,18699,625778900
2016-03-23,18758,18828,18402,18463,18463,529583000
2016-03-24,18399,18469,18140,18166,18166,740972300
2016-03-29,18252,18468,18031,18172,18172,659251600
2016-03-30,18257,18497,18256,18375,18375,718312200
2016-03-31,18235,18300,17972,18117,18117,919732300
2016-04-01,17855,18084,17738,17777,17777,767394500
2016-04-04,17700,17934,17575,17639,17639,725357800
2016-04-05,17390,17460,17104,17109,17109,812957900
2016-04-06,17214,17392,17036,17241,17241,791651100
2016-04-07,17274,17322,16778,16818,16818,734568600
2016-04-08,16961,17509,16956,17505,17505,914051000
2016-04-11,17453,17856,17324,17723,17723,837986500
2016-04-12,17742,17861,17232,17445,17445,1050281000
2016-04-13,17714,18166,17696,18166,18166,1002466400
2016-04-14,18206,18329,17985,18329,18329,841395900
2016-04-15,18282,18322,18161,18257,18257,662963000
2016-04-18,17939,18412,17904,18358,18358,784905600
2016-04-19,18427,18637,18345,18448,18448,879547200
2016-04-20,18363,18677,18266,18658,18658,663725800
2016-04-21,18687,18742,18532,18733,18733,833223800
2016-04-22,18739,18779,18560,18687,18687,588524400
2016-04-25,18681,18744,18333,18403,18403,557291100
2016-04-26,18520,18764,18482,18670,18670,723437000
2016-04-27,18708,18780,18595,18751,18751,648349700
2016-04-28,18650,19023,18540,18977,18977,989846200
2016-04-29,18801,19063,18601,18601,18601,805039700
2016-05-02,18689,18689,18271,18420,18420,697855200
2016-05-03,18401,18412,17889,17967,17967,781635300
2016-05-04,17986,18131,17910,17936,17936,675534900
2016-05-05,18022,18215,17846,17924,17924,0
2016-05-06,17895,17990,17592,17843,17843,686615800
2016-05-09,17968,17973,17653,17686,17686,600202100
2016-05-10,17819,18068,17742,17935,17935,702599000
2016-05-11,17915,17946,17510,17698,17698,841386900
2016-05-12,17627,17913,17556,17651,17651,706939100
2016-05-13,17563,17857,17434,17729,17729,689878700
2016-05-16,17653,17779,17535,17737,17737,579766800
2016-05-17,17816,18014,17374,17499,17499,870733500
2016-05-18,17417,17725,17370,17714,17714,602507000
2016-05-19,17611,17810,17498,17546,17546,744894000
2016-05-20,17674,17878,17668,17812,17812,737888100
2016-05-23,17522,17625,17272,17325,17325,645565500
2016-05-24,17274,17928,17248,17904,17904,825016800
2016-05-25,18009,18217,17976,18201,18201,901411300
2016-05-26,18118,18243,18072,18217,18217,672251300
2016-05-27,18153,18216,18088,18186,18186,461170100
2016-05-30,18220,18321,18198,18291,18291,349414100
2016-05-31,18282,18327,18003,18025,18025,0
2016-06-01,18050,18056,17746,17811,17811,636136100
2016-06-02,17836,18010,17741,17767,17767,588282000
2016-06-03,17864,17867,17431,17495,17495,619954900
2016-06-06,17451,17637,17400,17625,17625,0
2016-06-07,17690,17991,17689,17975,17975,704681100
2016-06-08,17913,18001,17799,17910,17910,615331200
2016-06-09,17890,17893,17654,17764,17764,0
2016-06-10,17694,17706,17106,17120,17120,852965400
2016-06-13,16849,16933,16593,16622,16622,918640600
2016-06-14,16461,16674,16231,16271,16271,1018947800
2016-06-15,16461,16616,16414,16514,16514,902741900
2016-06-16,16262,16383,16088,16352,16352,987773500
2016-06-17,16471,16963,16471,16923,16923,1173187300
2016-06-20,17198,17423,17197,17353,17353,945284300
2016-06-21,17321,17544,17252,17431,17431,754675600
2016-06-22,17488,17515,17267,17323,17323,643706700
2016-06-23,17404,17966,17294,17966,17966,983763200
2016-06-24,17946,17946,15724,15724,15724,2563923200
2016-06-27,15743,15908,15017,15104,15104,1867504500
2016-06-28,15288,15799,15287,15602,15602,1457351200
2016-06-29,15855,16019,15754,15947,15947,1160134600
2016-06-30,15895,16250,15629,16198,16198,1287187600
2016-07-01,16385,16446,16013,16296,16296,939879900
2016-07-04,16352,16352,15995,16012,16012,0
2016-07-05,15916,16066,15751,15780,15780,1042864900
2016-07-06,15668,15777,15293,15424,15424,1357207000
2016-07-07,15566,15710,15391,15436,15436,880669500
2016-07-08,15370,16088,15356,16066,16066,1114452400
2016-07-11,16177,16263,15907,16261,16261,878035900
2016-07-12,16278,16768,16263,16721,16721,1256824000
2016-07-13,16700,16820,16508,16528,16528,1069000900
2016-07-14,16698,16858,16595,16798,16798,941935600
2016-07-15,16684,16872,16601,16749,16749,760478900
2016-07-18,16764,16964,16602,16763,16763,725305800
2016-07-19,16723,16843,16445,16674,16674,881242500
2016-07-20,16760,16827,16627,16764,16764,777515500
2016-07-21,16796,16885,16652,16805,16805,854720400
2016-07-22,16717,16886,16690,16779,16779,611306100
2016-07-25,16774,16882,16645,16692,16692,657287600
2016-07-26,16673,16754,16383,16697,16697,730094800
2016-07-27,16736,16996,16723,16863,16863,1054614700
2016-07-28,16872,16872,16523,16523,16523,0
2016-07-29,16595,16917,16555,16847,16847,969880700
2016-08-01,16971,17124,16555,16555,16555,981831300
2016-08-02,16530,16553,16053,16098,16098,1030440400
2016-08-03,16137,16242,15978,16130,16130,907620600
2016-08-04,16214,16328,16146,16236,16236,647809900
2016-08-05,16282,16626,16272,16626,16626,727566200
2016-08-08,16702,16807,16667,16744,16744,542348300
2016-08-09,16741,16850,16701,16796,16796,501604800
2016-08-10,16689,16886,16676,16792,16792,479984600
2016-08-11,16851,16970,16707,16970,16970,532863500
2016-08-12,16968,17048,16946,16998,16998,452890100
2016-08-16,16926,17053,16783,16793,16793,524429100
2016-08-17,16846,16850,16528,16528,16528,530032500
2016-08-18,16647,16698,16517,16674,16674,504991300
2016-08-19,16622,16647,16215,16310,16310,679883200
2016-08-22,16297,16531,16257,16369,16369,499541000
2016-08-23,16434,16789,16434,16778,16778,580195500
2016-08-24,16686,16949,16629,16892,16892,704376800
2016-08-25,16825,16880,16682,16711,16711,507110200
2016-08-26,16746,16863,16574,16844,16844,430869600
2016-08-29,16775,16856,16541,16655,16655,317748300
2016-08-30,16722,16941,16719,16891,16891,445028500
2016-08-31,16877,17039,16838,16943,16943,713808700
2016-09-01,16990,17253,16853,16923,16923,843316400
2016-09-02,17007,17187,16883,17184,17184,634148600
2016-09-05,17232,17334,17157,17190,17190,0
2016-09-06,17251,17262,17051,17053,17053,562429500
2016-09-07,17148,17324,16992,17293,17293,712772100
2016-09-08,17297,17398,17119,17376,17376,700524200
2016-09-09,17337,17392,17122,17156,17156,604718400
2016-09-12,16876,16903,16667,16840,16840,701824600
2016-09-13,16936,16965,16548,16548,16548,756619200
2016-09-14,16638,16690,16477,16540,16540,688340400
2016-09-15,16509,16618,16385,16595,16595,685230200
2016-09-16,16516,16548,16181,16192,16192,1413928100
2016-09-19,16261,16490,16260,16399,16399,580753600
2016-09-20,16401,16430,16207,16207,16207,671347500
2016-09-21,16392,16504,16333,16350,16350,555905100
2016-09-22,16495,16731,16492,16638,16638,604051700
2016-09-23,16617,16625,16409,16453,16453,498487200
2016-09-26,16329,16330,16092,16192,16192,622363500
2016-09-27,16326,16332,15994,16135,16135,606630400
2016-09-28,16183,16379,16176,16222,16222,522488800
2016-09-29,16462,16507,16254,16339,16339,606693900
2016-09-30,16047,16447,15923,16401,16401,897362300
2016-10-03,16368,16470,16210,16274,16274,506942100
2016-10-04,16295,16380,16227,16308,16308,568006200
2016-10-05,16196,16495,16134,16477,16477,862236600
2016-10-06,16519,16602,16398,16492,16492,738708000
2016-10-07,16512,16570,16358,16405,16405,710107400
2016-10-10,16369,16642,16253,16632,16632,634291000
2016-10-11,16572,16662,16474,16474,16474,634028900
2016-10-12,16467,16575,16419,16470,16470,717992800
2016-10-13,16364,16367,16195,16269,16269,748760500
2016-10-14,16282,16636,16274,16591,16591,786593300
2016-10-17,16566,16696,16536,16630,16630,783115400
2016-10-18,16726,16967,16724,16967,16967,853112200
2016-10-19,16971,17073,16887,17044,17044,873206800
2016-10-20,17071,17149,16937,17141,17141,829695700
2016-10-21,17184,17188,17087,17167,17167,907077400
2016-10-24,17210,17386,17209,17306,17306,1043675000
2016-10-25,17293,17426,17184,17230,17230,957763600
2016-10-26,17211,17312,17129,17281,17281,967503100
2016-10-27,17309,17426,17257,17426,17426,872256500
2016-10-28,17329,17375,17202,17324,17324,721958100
2016-10-31,17252,17268,17074,17125,17125,628201500
2016-11-01,17217,17257,16884,16898,16898,521695600
2016-11-02,16812,16813,16475,16475,16475,0
2016-11-03,16423,16613,16371,16420,16420,0
2016-11-04,16407,16408,16203,16319,16319,0
2016-11-07,16591,16737,16556,16737,16737,0
2016-11-08,16747,16817,16659,16817,16817,821195200
2016-11-09,16414,16800,16225,16800,16800,0
2016-11-10,16940,17164,16708,16805,16805,1555405000
2016-11-11,16940,16973,16721,16812,16812,895982900
2016-11-14,16963,17086,16608,16686,16686,0
2016-11-15,16749,16764,16546,16682,16682,820127400
2016-11-16,16734,16803,16437,16560,16560,814438800
2016-11-17,16517,16605,16349,16555,16555,0
2016-11-18,16579,16581,16222,16266,16266,0
2016-11-21,16279,16352,16040,16297,16297,0
2016-11-22,16427,16620,16427,16520,16520,0
2016-11-23,16564,16588,16265,16532,16532,926246800
2016-11-24,16593,16677,16437,16501,16501,0
2016-11-25,16485,16542,16402,16515,16515,0
2016-11-28,16419,16423,16157,16217,16217,0
2016-11-29,16198,16562,16171,16562,16562,0
2016-11-30,16583,16972,16558,16930,16930,0
2016-12-01,16904,17127,16804,17098,17098,884452700
2016-12-02,16992,17131,16896,17087,17087,812224100
2016-12-05,16795,17359,16723,17050,17050,1302133900
2016-12-06,17078,17758,17042,17758,17758,1122008900
2016-12-07,17952,18131,17860,18131,18131,0
2016-12-08,18164,18487,18132,18428,18428,1323141800
2016-12-09,18457,18473,18167,18293,18293,938808600
2016-12-12,18396,18568,18324,18370,18370,847689300
2016-12-13,18290,18828,18238,18828,18828,1404971000
2016-12-14,18772,18970,18606,18606,18606,1020097800
2016-12-15,18644,18995,18644,18995,18995,1263111500
2016-12-16,19071,19113,18935,19015,19015,1083212100
2016-12-19,18967,19084,18907,18969,18969,651463500
2016-12-20,18974,19247,18938,19247,19247,811596100
2016-12-21,19208,19294,19080,19216,19216,660114600
2016-12-22,19201,19346,19054,19121,19121,777053500
2016-12-23,19188,19345,19175,19345,19345,589847300
2016-12-27,19325,19406,19315,19391,19391,403231800
2016-12-28,19398,19419,19233,19239,19239,464521800
2016-12-29,19162,19285,19141,19204,19204,371354000
2016-12-30,19199,19302,19135,19235,19235,338843900
2017-01-02,19208,19579,19201,19567,19567,408103000
2017-01-03,19667,19811,19564,19573,19573,756855700
2017-01-04,19669,19735,19504,19627,19627,542401500
2017-01-05,19599,19733,19562,19643,19643,555689100
2017-01-06,19690,19715,19517,19688,19688,461959000
2017-01-09,19745,19785,19289,19360,19360,593223700
2017-01-10,19418,19465,19264,19424,19424,595157200
2017-01-11,19430,19584,19210,19487,19487,542533900
2017-01-12,19412,19483,19092,19157,19157,573675600
2017-01-13,19286,19557,19272,19515,19515,648999600
2017-01-16,19299,19430,19235,19247,19247,474384800
2017-01-17,19209,19367,19189,19296,19296,569715900
2017-01-18,19342,19359,19202,19358,19358,478706300
2017-01-19,19385,19559,19244,19491,19491,671236800
2017-01-20,19550,19604,19428,19479,19479,614337100
2017-01-23,19323,19507,19264,19328,19328,465742900
2017-01-24,19365,19601,19365,19500,19500,713884400
2017-01-25,19633,19747,19518,19582,19582,842036300
2017-01-26,19717,19785,19408,19440,19440,599737300
2017-01-27,19478,19478,19243,19329,19329,472450800
2017-01-30,19148,19247,18750,18759,18759,578575400
2017-01-31,18791,18982,18524,18591,18591,649958100
2017-02-01,18732,18828,18650,18741,18741,509000300
2017-02-02,18723,19053,18699,18889,18889,465926800
2017-02-03,18938,19170,18887,19116,19116,502313400
2017-02-06,19160,19168,18694,18694,18694,613286800
2017-02-07,18662,18798,18614,18663,18663,482986100
2017-02-08,18734,18772,18424,18772,18772,592863300
2017-02-09,18846,18993,18650,18947,18947,497132900
2017-02-10,19014,19018,18762,18862,18862,496413500
2017-02-13,18895,19115,18885,19065,19065,456279000
2017-02-14,19064,19192,18963,19188,19188,494373700
2017-02-15,19258,19360,19056,19056,19056,535736900
2017-02-16,19089,19157,18940,19088,19088,466502300
2017-02-17,19111,19170,18822,19006,19006,557983000
2017-02-20,19095,19154,18924,18979,18979,301314100
2017-02-21,19005,19187,18831,19044,19044,438193400
2017-02-22,19113,19148,18788,18885,18885,589924200
2017-02-23,18931,18998,18812,18819,18819,436268700
2017-02-24,18794,18855,18536,18597,18597,678306200
2017-02-27,18590,18924,18582,18914,18914,579897100
2017-02-28,18973,19003,18890,18913,18913,592859100
2017-03-01,19068,19411,19028,19364,19364,674911600
2017-03-02,19384,19506,19307,19441,19441,509852600
2017-03-03,19362,19676,19348,19664,19664,566557200
2017-03-06,19565,19646,19408,19450,19450,422269500
2017-03-07,19491,19511,19347,19455,19455,416904800
2017-03-08,19430,19574,19400,19482,19482,462485700
2017-03-09,19419,19636,19336,19571,19571,648705000
2017-03-10,19643,19810,19606,19658,19658,626656700
2017-03-13,19697,19721,19548,19707,19707,386952900
2017-03-14,19708,19726,19479,19537,19537,559713100
2017-03-15,19561,19774,19539,19774,19774,469118500
2017-03-16,19999,20174,19970,20110,20110,741734400
2017-03-17,20113,20133,20006,20074,20074,814082200
2017-03-20,19994,20118,19955,19969,19969,432154600
2017-03-21,20030,20254,19878,19919,19919,626014800
2017-03-22,19747,19992,19687,19953,19953,576496600
2017-03-23,20011,20167,19937,20167,20167,596925300
2017-03-24,20184,20209,20080,20188,20188,437839500
2017-03-27,20027,20124,19931,20124,20124,458640100
2017-03-28,20201,20330,20144,20330,20330,519688800
2017-03-29,20372,20389,20182,20277,20277,499700100
2017-03-30,20277,20368,20218,20368,20368,406286400
2017-03-31,20330,20496,20306,20493,20493,438595900
2017-04-03,20510,20540,20243,20243,20243,556719100
2017-04-04,20213,20287,20095,20257,20257,509281700
2017-04-05,20244,20402,20215,20253,20253,451240400
2017-04-06,20122,20340,20026,20297,20297,425195700
2017-04-07,20271,20335,20214,20300,20300,381345500
2017-04-10,20318,20324,20142,20202,20202,339507100
2017-04-11,20105,20199,19977,20109,20109,465807300
2017-04-12,20153,20286,19981,20005,20005,435260800
2017-04-13,19918,19944,19764,19774,19774,414606100
2017-04-18,19811,19845,19443,19443,19443,513029400
2017-04-19,19492,19825,19492,19825,19825,533030000
2017-04-20,19721,19926,19709,19849,19849,487827300
2017-04-21,19862,19932,19677,19742,19742,634914700
2017-04-24,20198,20684,20178,20684,20684,1055170900
2017-04-25,20718,20884,20599,20806,20806,566281300
2017-04-26,20751,20837,20643,20837,20837,521710200
2017-04-27,20753,20786,20597,20597,20597,465481400
2017-04-28,20591,20708,20581,20609,20609,475092300
2017-05-02,20698,20780,20630,20733,20733,419770700
2017-05-03,20713,20764,20620,20759,20759,386301200
2017-05-04,20819,21198,20794,21170,21170,754322800
2017-05-05,21166,21498,21068,21484,21484,774298400
2017-05-08,21624,21624,21316,21428,21428,559501400
2017-05-09,21485,21664,21466,21487,21487,530459600
2017-05-10,21493,21567,21357,21553,21553,534749300
2017-05-11,21658,21697,21332,21483,21483,571693500
2017-05-12,21537,21640,21486,21575,21575,562944300
2017-05-15,21623,21724,21560,21704,21704,427871600
2017-05-16,21685,21829,21646,21788,21788,499059700
2017-05-17,21618,21703,21214,21284,21284,605136900
2017-05-18,21236,21316,20808,21299,21299,788698900
2017-05-19,21400,21573,21340,21568,21568,551987700
2017-05-22,21338,21404,21243,21319,21319,415000100
2017-05-23,21295,21478,21291,21416,21416,458741700
2017-05-24,21373,21425,21290,21370,21370,424088700
2017-05-25,21434,21448,21180,21292,21292,367761300
2017-05-26,21206,21246,21001,21211,21211,405548500
2017-05-29,21169,21169,20743,20784,20784,352556500
2017-05-30,20661,20832,20572,20814,20814,492777600
2017-05-31,20853,20937,20694,20732,20732,643263800
2017-06-01,20781,21008,20732,20936,20936,387553500
2017-06-02,21045,21157,20863,20928,20928,357419300
2017-06-05,20902,20950,20712,20721,20721,255935600
2017-06-06,20618,20778,20578,20760,20760,358893700
2017-06-07,20744,20967,20651,20740,20740,420382700
2017-06-08,20747,21094,20662,21042,21042,501116200
2017-06-09,21045,21271,20948,21122,21122,445070700
2017-06-12,21077,21157,20910,20910,20910,398978000
2017-06-13,20989,21169,20949,21089,21089,354027200
2017-06-14,21095,21198,20961,20961,20961,438551100
2017-06-15,20929,20937,20732,20848,20848,494593200
2017-06-16,21000,21042,20802,20941,20941,552141300
2017-06-19,20989,21115,20902,21014,21014,328530600
2017-06-20,21070,21088,20810,20810,20810,302439400
2017-06-21,20769,21093,20587,21072,21072,447533700
2017-06-22,20979,20979,20843,20930,20930,341404000
2017-06-23,20935,21009,20744,20834,20834,266538100
2017-06-26,20990,21174,20952,21002,21002,471004600
2017-06-27,20967,21047,20782,20791,20791,443343700
2017-06-28,20706,21048,20614,21048,21048,521744700
2017-06-29,21148,21155,20674,20705,20705,581912500
2017-06-30,20756,20838,20537,20584,20584,436005400
2017-07-03,20711,21022,20704,21013,21013,419145800
2017-07-04,20962,21085,20926,21031,21031,326743600
2017-07-05,20988,21084,20881,20939,20939,368849500
2017-07-06,20951,21084,20854,21084,21084,392230500
2017-07-07,21062,21082,20922,21015,21015,301141500
2017-07-10,21140,21211,21087,21191,21191,348013800
2017-07-11,21217,21303,21078,21112,21112,404332000
2017-07-12,21193,21460,21188,21433,21433,376681900
2017-07-13,21449,21530,21395,21522,21522,393314300
2017-07-14,21524,21561,21393,21492,21492,369578900
2017-07-17,21505,21571,21449,21485,21485,307397900
2017-07-18,21419,21539,21293,21358,21358,365610800
2017-07-19,21404,21479,21334,21479,21479,287846200
2017-07-20,21533,21593,21403,21439,21439,370991900
2017-07-21,21427,21469,21150,21202,21202,371844600
2017-07-24,21191,21365,21149,21327,21327,399626200
2017-07-25,21349,21569,21349,21457,21457,407727300
2017-07-26,21497,21578,21453,21578,21578,302767800
2017-07-27,21536,21691,21513,21635,21635,304810300
2017-07-28,21562,21573,21384,21430,21430,369489800
2017-07-31,21442,21588,21442,21487,21487,358986200
2017-08-01,21543,21613,21471,21613,21613,369438100
2017-08-02,21637,21659,21507,21574,21574,264111300
2017-08-03,21627,21794,21525,21794,21794,347674400
2017-08-04,21774,21962,21723,21936,21936,347595000
2017-08-07,21978,22036,21942,22031,22031,244200200
2017-08-08,22002,22065,21947,22048,22048,247490400
2017-08-09,21926,21958,21746,21848,21848,323615800
2017-08-10,21837,21867,21647,21682,21682,258775600
2017-08-11,21558,21570,21329,21354,21354,306798400
2017-08-14,21476,21779,21468,21722,21722,259524700
2017-08-16,21814,22013,21811,21985,21985,314099200
2017-08-17,21928,22028,21789,21789,21789,299671000
2017-08-18,21583,21815,21566,21815,21815,271107100
2017-08-21,21756,21843,21637,21753,21753,263087000
2017-08-22,21858,21906,21617,21729,21729,302755800
2017-08-23,21740,21844,21541,21620,21620,322775000
2017-08-24,21704,21896,21680,21730,21730,302773300
2017-08-25,21744,21852,21691,21747,21747,219910000
2017-08-28,21688,21805,21623,21726,21726,189305100
2017-08-29,21612,21616,21335,21409,21409,396385000
2017-08-30,21538,21561,21406,21503,21503,256880200
2017-08-31,21588,21768,21543,21670,21670,311103500
2017-09-01,21743,21886,21733,21859,21859,299934300
2017-09-04,21693,21859,21689,21791,21791,211186700
2017-09-05,21806,21916,21709,21738,21738,281582600
2017-09-06,21607,21908,21597,21815,21815,305433900
2017-09-07,21853,21876,21695,21723,21723,328084100
2017-09-08,21689,21828,21582,21777,21777,302439700
2017-09-11,21901,22134,21901,22134,22134,344310600
2017-09-12,22196,22308,22159,22233,22233,356558300
2017-09-13,22207,22310,22193,22233,22233,386741000
2017-09-14,22201,22325,22183,22281,22281,410290700
2017-09-15,22302,22302,22210,22229,22229,522685100
2017-09-18,22286,22391,22274,22365,22365,435558400
2017-09-19,22357,22425,22319,22425,22425,281988800
2017-09-20,22422,22462,22320,22356,22356,283897600
2017-09-21,22410,22530,22401,22492,22492,338381100
2017-09-22,22449,22613,22438,22531,22531,312354100
2017-09-25,22499,22556,22367,22390,22390,307243400
2017-09-26,22377,22480,22366,22431,22431,287695700
2017-09-27,22473,22650,22465,22622,22622,438591500
2017-09-28,22656,22669,22564,22588,22588,375320900
2017-09-29,22621,22696,22541,22696,22696,335690900
2017-10-02,22714,22811,22660,22811,22811,356464900
2017-10-03,22829,22860,22744,22785,22785,277527300
2017-10-04,22780,22782,22434,22456,22456,507911300
2017-10-05,22422,22614,22387,22566,22566,441142300
2017-10-06,22542,22556,22347,22392,22392,339455100
2017-10-09,22410,22524,22366,22477,22477,314369500
2017-10-10,22426,22436,22261,22336,22336,390946300
2017-10-11,22407,22555,22314,22552,22552,523773500
2017-10-12,22537,22571,22378,22399,22399,360692900
2017-10-13,22421,22517,22335,22414,22414,406095300
2017-10-16,22382,22498,22352,22428,22428,359370000
2017-10-17,22460,22477,22305,22338,22338,325818600
2017-10-18,22341,22392,22264,22355,22355,271745100
2017-10-19,22344,22395,22021,22133,22133,386470100
2017-10-20,22191,22362,22166,22347,22347,342798700
2017-10-23,22378,22441,22275,22379,22379,253851400
2017-10-24,22389,22651,22377,22630,22630,432567800
2017-10-25,22620,22672,22434,22446,22446,333600200
2017-10-26,22474,22839,22435,22807,22807,439053200
2017-10-27,22861,22899,22597,22665,22665,478708200
2017-10-30,22685,22790,22639,22753,22753,324791100
2017-10-31,22775,22826,22709,22794,22794,322725400
2017-11-01,22910,23061,22891,22992,22992,315378200
2017-11-02,23006,23128,22935,23046,23046,409209200
2017-11-03,23099,23099,22948,23014,23014,310054800
2017-11-06,23007,23038,22885,23003,23003,281754700
2017-11-07,23064,23133,22963,22963,22963,370357800
2017-11-08,22992,22998,22699,22831,22831,455129300
2017-11-09,22885,22961,22593,22641,22641,492778800
2017-11-10,22695,22736,22535,22561,22561,572431000
2017-11-13,22579,22587,22269,22438,22438,454684100
2017-11-14,22491,22572,22243,22297,22297,543633900
2017-11-15,22175,22214,21933,22159,22159,523905000
2017-11-16,22258,22281,22083,22207,22207,415585200
2017-11-17,22203,22279,22011,22093,22093,414738400
2017-11-20,21974,22210,21947,22189,22189,314876100
2017-11-21,22192,22433,22127,22326,22326,350631500
2017-11-22,22358,22495,22312,22315,22315,342067300
2017-11-23,22239,22406,22192,22398,22398,403119400
2017-11-24,22396,22592,22357,22416,22416,392193600
2017-11-27,22389,22493,22177,22177,22177,319475600
2017-11-28,22223,22301,22195,22292,22292,287040800
2017-11-29,22403,22509,22275,22326,22326,388332600
2017-11-30,22361,22558,22321,22368,22368,574217600
2017-12-01,22397,22410,22063,22106,22106,406851300
2017-12-04,22353,22422,22271,22362,22362,324898600
2017-12-05,22374,22482,22261,22416,22416,327327300
2017-12-06,22236,22371,22205,22307,22307,427768600
2017-12-07,22356,22460,22318,22460,22460,371934300
2017-12-08,22571,22798,22571,22774,22774,418192900
2017-12-11,22798,22838,22684,22691,22691,355179400
2017-12-12,22725,22767,22611,22727,22727,406836200
2017-12-13,22695,22752,22400,22400,22400,512953500
2017-12-14,22361,22487,22192,22192,22192,458935500
2017-12-15,22078,22211,21994,22094,22094,588862300
2017-12-18,22224,22403,22207,22391,22391,357352400
2017-12-19,22382,22455,22254,22275,22275,342166700
2017-12-20,22335,22354,22089,22110,22110,309951200
2017-12-21,22112,22251,22000,22240,22240,326107200
2017-12-22,22166,22249,22116,22209,22209,228321600
2017-12-27,22257,22295,22121,22201,22201,221090700
2017-12-28,22188,22230,22098,22121,22121,233072900
2017-12-29,22144,22154,21834,21853,21853,247350500
2018-01-02,21899,21942,21614,21845,21845,317436400
2018-01-03,21890,21942,21719,21905,21905,305355700
2018-01-04,22012,22573,22012,22512,22512,414427700
2018-01-05,22548,22762,22534,22762,22762,319725100
2018-01-08,22868,22899,22705,22846,22846,340037900
2018-01-09,22850,23056,22840,23005,23005,319213500
2018-01-10,22979,23173,22956,23157,23157,522090700
2018-01-11,23156,23323,23130,23305,23305,438755500
2018-01-12,23428,23475,23344,23430,23430,364480900
2018-01-15,23459,23604,23332,23544,23544,286219100
2018-01-16,23538,23698,23443,23495,23495,368334600
2018-01-17,23370,23555,23356,23515,23515,364196600
2018-01-18,23580,23631,23439,23631,23631,374110900
2018-01-19,23628,23867,23603,23749,23749,400942200
2018-01-22,23672,23896,23630,23890,23890,380084400
2018-01-23,23985,24050,23787,23837,23837,363162100
2018-01-24,23816,23883,23623,23623,23623,349422800
2018-01-25,23616,23818,23600,23720,23720,419057300
2018-01-26,23725,23875,23698,23857,23857,311580600
2018-01-29,23898,23960,23774,23802,23802,355320600
2018-01-30,23682,23799,23412,23481,23481,512439200
2018-01-31,23505,23602,23420,23507,23507,377166900
2018-02-01,23639,23810,23436,23541,23541,427286100
2018-02-02,23545,23562,23184,23203,23203,435825900
2018-02-05,22916,23104,22818,22822,22822,464100500
2018-02-06,22003,22649,21982,22347,22347,850479800
2018-02-07,22606,23009,22400,22986,22986,685853900
2018-02-08,22875,22998,22393,22467,22467,618208800
2018-02-09,22339,22570,22042,22167,22167,610368500
2018-02-12,22389,22513,22231,22337,22337,374615400
2018-02-13,22335,22370,22034,22034,22034,375413300
2018-02-14,22192,22481,21908,22434,22434,545386000
2018-02-15,22537,22736,22393,22496,22496,432560900
2018-02-16,22717,22807,22618,22798,22798,338118300
2018-02-19,22853,22861,22569,22569,22569,224609500
2018-02-20,22580,22703,22477,22674,22674,364398300
2018-02-21,22615,22692,22449,22653,22653,342463100
2018-02-22,22517,22602,22270,22464,22464,375698900
2018-02-23,22469,22699,22395,22672,22672,410730700
2018-02-26,22776,22859,22619,22706,22706,305253500
2018-02-27,22756,22853,22639,22724,22724,386699600
2018-02-28,22603,22792,22602,22608,22608,389915800
2018-03-01,22527,22593,22344,22448,22448,391935800
2018-03-02,22284,22299,21833,21912,21912,508523400
2018-03-05,21469,21827,21460,21820,21820,547692200
2018-03-06,22000,22274,21950,22203,22203,647257900
2018-03-07,22134,22521,22101,22473,22473,591221200
2018-03-08,22515,22792,22417,22731,22731,689928700
2018-03-09,22711,22779,22622,22746,22746,566248000
2018-03-12,22889,22907,22711,22765,22765,350243700
2018-03-13,22807,22872,22589,22691,22691,458076600
2018-03-14,22695,22787,22401,22452,22452,435766800
2018-03-15,22540,22736,22454,22713,22713,509763500
2018-03-16,22780,22938,22685,22858,22858,717542200
2018-03-19,22843,22874,22595,22633,22633,349801600
2018-03-20,22641,22837,22597,22798,22798,361691100
2018-03-21,22838,22858,22674,22820,22820,352950500
2018-03-22,22694,22830,22208,22398,22398,474962400
2018-03-23,22127,22367,21965,22289,22289,469142100
2018-03-26,22354,22354,21921,22012,22012,362325200
2018-03-27,22337,22394,22171,22210,22210,336429900
2018-03-28,22014,22331,21919,22331,22331,409097800
2018-03-29,22381,22557,22327,22411,22411,327185400
2018-04-03,22289,22561,22220,22510,22510,345992400
2018-04-04,22524,22538,22206,22443,22443,353863600
2018-04-05,22734,22977,22714,22970,22970,470274400
2018-04-06,22933,23000,22866,22930,22930,602490300
2018-04-09,22997,23127,22947,23054,23054,599734500
2018-04-10,23167,23194,23037,23174,23174,654565900
2018-04-11,23133,23206,22958,23013,23013,662135300
2018-04-12,23023,23331,23007,23305,23305,447419600
2018-04-13,23322,23433,23278,23330,23330,399940500
2018-04-16,23343,23411,23292,23329,23329,296134200
2018-04-17,23407,23674,23387,23649,23649,488620800
2018-04-18,23687,23802,23605,23760,23760,409699000
2018-04-19,23766,23823,23697,23792,23792,391421900
2018-04-20,23803,23951,23699,23829,23829,468274600
2018-04-23,23783,23983,23766,23983,23983,395175000
2018-04-24,23936,24074,23934,24035,24035,454559500
2018-04-25,23933,24024,23680,23801,23801,440136600
2018-04-26,23853,24040,23801,24040,24040,380967600
2018-04-27,23998,24048,23801,23928,23928,354902700
2018-04-30,23939,24013,23823,23979,23979,337063500
2018-05-02,24015,24306,23999,24266,24266,461247800
2018-05-03,24229,24270,24027,24064,24064,358699100
2018-05-04,24175,24335,24144,24335,24335,534099100
2018-05-07,24355,24544,24275,24544,24544,390192300
2018-05-08,24488,24512,23951,24143,24143,665560700
2018-05-09,24218,24419,24209,24267,24267,470724900
2018-05-10,24280,24329,23871,24034,24034,596013000
2018-05-11,24123,24171,23970,24159,24159,413594100
2018-05-14,24160,24221,23960,24221,24221,305940700
2018-05-15,24144,24360,24142,24297,24297,461869800
2018-05-16,24176,24221,23617,23734,23734,777414200
2018-05-17,23831,23985,23613,23802,23802,561865800
2018-05-18,23919,23921,23384,23450,23450,763408300
2018-05-21,23083,23428,22952,23092,23092,551293800
2018-05-22,23135,23298,23024,23217,23217,538455700
2018-05-23,23061,23061,22754,22912,22912,457878400
2018-05-24,22990,23142,22627,22749,22749,459256400
2018-05-25,22795,22828,22205,22398,22398,716650400
2018-05-28,22635,22856,21797,21933,21933,680125000
2018-05-29,21554,21666,21123,21351,21351,1036363600
2018-05-30,21480,21870,21287,21798,21798,781761900
2018-05-31,21881,22100,21600,21784,21784,958403700
2018-06-01,22251,22416,22020,22110,22110,716898600
2018-06-04,22352,22381,21916,22010,22010,455517200
2018-06-05,21945,22195,21750,21750,21750,530623800
2018-06-06,21815,21877,21412,21808,21808,578760000
2018-06-07,21955,22073,21690,21768,21768,428230300
2018-06-08,21498,21661,21298,21356,21356,442915100
2018-06-11,21786,22139,21740,22086,22086,557914300
2018-06-12,22199,22340,21998,22120,22120,406674500
2018-06-13,22170,22364,22115,22216,22216,417754800
2018-06-14,22107,22517,21978,22486,22486,491746000
2018-06-15,22504,22508,22163,22190,22190,634104200
2018-06-18,22098,22199,21949,22099,22099,356939700
2018-06-19,21798,22172,21717,22084,22084,430897400
2018-06-20,22276,22325,22107,22121,22121,414101600
2018-06-21,22199,22235,21638,21673,21673,407073300
2018-06-22,21739,21958,21725,21888,21888,359000300
2018-06-25,21731,21762,21355,21355,21355,304202200
2018-06-26,21501,21580,21321,21419,21419,408545300
2018-06-27,21401,21727,21157,21558,21558,513263100
2018-06-28,21430,21626,21295,21432,21432,375562700
2018-06-29,21712,21843,21587,21626,21626,402258400
2018-07-02,21411,21534,21169,21427,21427,319464400
2018-07-03,21550,21825,21459,21764,21764,404344500
2018-07-04,21737,21775,21660,21687,21687,226779800
2018-07-05,21767,22040,21767,21914,21914,358476200
2018-07-06,21990,22010,21812,21926,21926,292681000
2018-07-09,22040,22090,21955,22033,22033,238081700
2018-07-10,22080,22194,21912,22057,22057,333095400
2018-07-11,21888,21907,21669,21708,21708,302140800
2018-07-12,21754,21836,21580,21790,21790,323964700
2018-07-13,21883,21962,21809,21892,21892,320565000
2018-07-16,21895,22072,21823,21823,21823,261290500
2018-07-17,21819,21996,21741,21978,21978,290647800
2018-07-18,22059,22066,21906,21972,21972,295425700
2018-07-19,21969,22067,21808,21885,21885,344181700
2018-07-20,21759,21855,21594,21795,21795,387408400
2018-07-23,21626,21778,21535,21605,21605,276006100
2018-07-24,21745,21904,21723,21875,21875,330384700
2018-07-25,21843,21937,21546,21561,21561,417430200
2018-07-26,21711,21873,21692,21863,21863,322929900
2018-07-27,21832,21970,21832,21955,21955,404165800
2018-07-30,21864,21970,21854,21941,21941,293427300
2018-07-31,21931,22244,21930,22216,22216,417525100
2018-08-01,22224,22224,21791,21791,21791,484075600
2018-08-02,21651,21678,21323,21415,21415,484060900
2018-08-03,21470,21694,21324,21587,21587,376805800
2018-08-06,21608,21638,21466,21580,21580,315083100
2018-08-07,21663,21887,21657,21854,21854,276949900
2018-08-08,21862,21950,21761,21790,21790,293476500
2018-08-09,21774,21809,21580,21634,21634,245826000
2018-08-10,21388,21448,20968,21091,21091,463584800
2018-08-13,20944,21060,20769,20969,20969,328280100
2018-08-14,21101,21139,20861,20906,20906,323574500
2018-08-16,20799,20903,20470,20524,20524,404352800
2018-08-17,20494,20573,20236,20415,20415,385902100
2018-08-20,20472,20560,20366,20471,20471,277182100
2018-08-21,20459,20832,20452,20784,20784,305322900
2018-08-22,20715,20832,20666,20700,20700,280909400
2018-08-23,20690,20734,20548,20609,20609,287074600
2018-08-24,20628,20775,20628,20742,20742,256902300
2018-08-27,20786,20801,20583,20798,20798,187209100
2018-08-28,20834,20844,20550,20620,20620,328995300
2018-08-29,20614,20760,20513,20760,20760,311408900
2018-08-30,20721,20781,20495,20495,20495,361464800
2018-08-31,20509,20519,20244,20269,20269,480358400
2018-09-03,20269,20414,20253,20396,20396,252617500
2018-09-04,20510,20650,20377,20601,20601,704572100
2018-09-05,20581,20877,20501,20582,20582,648308900
2018-09-06,20563,20761,20489,20527,20527,394861700
2018-09-07,20558,20602,20310,20448,20448,404107100
2018-09-10,20449,20995,20405,20919,20919,503038300
2018-09-11,21012,21022,20724,20854,20854,322939900
2018-09-12,20897,20966,20646,20963,20963,399578100
2018-09-13,20899,21052,20829,20846,20846,293896300
2018-09-14,20953,20959,20775,20885,20885,245503300
2018-09-17,20823,21149,20798,21111,21111,387699300
2018-09-18,21120,21228,21026,21228,21228,390704700
2018-09-19,21235,21324,21091,21281,21281,391674800
2018-09-20,21295,21476,21285,21388,21388,460993900
2018-09-21,21545,21653,21462,21537,21537,695497300
2018-09-24,21444,21487,21333,21340,21340,345524900
2018-09-25,21394,21669,21393,21669,21669,383515500
2018-09-26,21651,21680,21574,21646,21646,397300600
2018-09-27,21504,21548,21220,21511,21511,448084600
2018-09-28,21299,21299,20511,20712,20712,794451000
2018-10-01,20602,21078,20553,20610,20610,611286700
2018-10-02,20337,20659,20207,20562,20562,630204000
2018-10-03,20825,20871,20579,20736,20736,533967200
2018-10-04,20714,20770,20581,20613,20613,447946400
2018-10-05,20570,20584,20321,20346,20346,447419400
2018-10-08,20167,20175,19812,19851,19851,474856100
2018-10-09,19926,20138,19679,20062,20062,574460900
2018-10-10,19918,20138,19719,19719,19719,532764400
2018-10-11,19425,19664,19348,19357,19357,535548600
2018-10-12,19523,19572,19255,19256,19256,433328500
2018-10-15,19218,19336,19167,19288,19288,311385700
2018-10-16,19338,19725,19247,19718,19718,418407300
2018-10-17,19787,19912,19393,19455,19455,352218900
2018-10-18,19410,19598,19088,19088,19088,448478500
2018-10-19,19015,19193,18754,19080,19080,601303900
2018-10-22,19427,19467,18928,18966,18966,446271100
2018-10-23,18763,18955,18705,18802,18802,471285200
2018-10-24,18878,18925,18474,18485,18485,410557100
2018-10-25,18434,18832,18411,18815,18815,507402500
2018-10-26,18722,18726,18418,18683,18683,445580600
2018-10-29,18938,19212,18836,19040,19040,442158800
2018-10-30,19076,19181,18852,18999,18999,431529900
2018-10-31,19168,19229,19016,19050,19050,476919500
2018-11-01,19015,19282,18979,19185,19185,343925600
2018-11-02,19372,19529,19339,19390,19390,399937500
2018-11-05,19394,19397,19280,19281,19281,298059100
2018-11-06,19321,19321,19073,19268,19268,334516300
2018-11-07,19385,19609,19383,19541,19541,361676200
2018-11-08,19576,19624,19383,19429,19429,451450500
2018-11-09,19304,19334,19133,19258,19258,490169600
2018-11-12,19329,19369,19056,19056,19056,444952200
2018-11-13,19100,19257,18932,19227,19227,397377100
2018-11-14,19017,19257,18858,19077,19077,402957800
2018-11-15,19164,19223,18756,18905,18905,349894400
2018-11-16,19038,19098,18782,18878,18878,395682400
2018-11-19,18926,19134,18823,18823,18823,387883800
2018-11-20,18760,18808,18454,18471,18471,463635700
2018-11-21,18653,18784,18512,18732,18732,415493000
2018-11-22,18653,18765,18515,18603,18603,314663600
2018-11-23,18620,18783,18598,18715,18715,337560400
2018-11-26,19037,19320,19037,19233,19233,549808900
2018-11-27,19247,19310,19101,19150,19150,414608800
2018-11-28,19194,19250,19087,19115,19115,429815500
2018-11-29,19292,19339,19060,19160,19160,403505400
2018-11-30,19228,19235,19072,19189,19189,394511000
2018-12-03,19590,19675,19525,19622,19622,465360800
2018-12-04,19590,19623,19353,19353,19353,327064500
2018-12-05,19155,19395,19108,19329,19329,344432800
2018-12-06,19136,19138,18583,18644,18644,529533000
2018-12-07,18787,18961,18742,18742,18742,352771800
2018-12-10,18585,18709,18399,18410,18410,351547100
2018-12-11,18553,18768,18422,18591,18591,383944400
2018-12-12,18667,19021,18627,18946,18946,441794700
2018-12-13,19094,19210,18956,19049,19049,439975500
2018-12-14,18875,18968,18734,18911,18911,311941700
2018-12-17,18901,18914,18655,18693,18693,320391400
2018-12-18,18587,18787,18555,18645,18645,398116100
2018-12-19,18814,19021,18808,18942,18942,463962100
2018-12-20,18679,18759,18577,18577,18577,541967900
2018-12-21,18438,18484,18280,18397,18397,702608200
2018-12-27,18338,18358,17914,18065,18065,444607500
2018-12-28,18226,18385,18169,18324,18324,342714300
2019-01-02,18192,18410,17959,18331,18331,343914600
2019-01-03,18212,18425,18153,18218,18218,419430000
2019-01-04,18376,18832,18373,18832,18832,414845500
2019-01-07,18917,18968,18800,18953,18953,327490700
2019-01-08,18978,19193,18922,19000,19000,399111000
2019-01-09,19152,19297,19125,19179,19179,409097800
2019-01-10,19101,19301,19038,19301,19301,354622400
2019-01-11,19373,19386,19187,19290,19290,357851400
2019-01-14,19163,19235,19016,19171,19171,342051900
2019-01-15,19316,19379,19028,19165,19165,464042700
2019-01-16,19253,19478,19241,19478,19478,428622100
2019-01-17,19357,19512,19314,19470,19470,342927200
2019-01-18,19637,19723,19543,19708,19708,763361200
2019-01-21,19606,19639,19530,19639,19639,376648900
2019-01-22,19523,19584,19413,19437,19437,644478500
2019-01-23,19351,19555,19277,19400,19400,474470800
2019-01-24,19417,19663,19377,19564,19564,511265400
2019-01-25,19672,19825,19652,19811,19811,413862100
2019-01-28,19735,19776,19569,19608,19608,366757300
2019-01-29,19594,19771,19560,19702,19702,379532600
2019-01-30,19729,19772,19670,19772,19772,364751200
2019-01-31,19859,19905,19542,19731,19731,858335000
2019-02-01,19752,19840,19356,19577,19577,559619300
2019-02-04,19565,19660,19494,19606,19606,420694200
2019-02-05,19651,19848,19575,19833,19833,500293000
2019-02-06,19764,20010,19753,19996,19996,440012600
2019-02-07,19941,20002,19478,19478,19478,600364900
2019-02-08,19462,19593,19268,19352,19352,468512800
2019-02-11,19435,19686,19425,19587,19587,427018100
2019-02-12,19743,19861,19674,19805,19805,390650100
2019-02-13,19878,20048,19844,19990,19990,399263600
2019-02-14,20077,20091,19813,19835,19835,447041300
2019-02-15,19800,20271,19789,20212,20212,715474000
2019-02-18,20232,20348,20226,20330,20330,439081800
2019-02-19,20300,20361,20125,20228,20228,409234000
2019-02-20,20271,20311,20159,20304,20304,423094100
2019-02-21,20310,20346,20157,20210,20210,483809200
2019-02-22,20195,20293,20195,20263,20263,433670000
2019-02-25,20428,20488,20403,20437,20437,473937300
2019-02-26,20374,20507,20337,20460,20460,425903600
2019-02-27,20409,20561,20398,20499,20499,513160300
2019-02-28,20424,20683,20423,20659,20659,551080700
2019-03-01,20798,20836,20695,20695,20695,427725200
2019-03-04,20820,20857,20633,20718,20718,342298100
2019-03-05,20720,20827,20657,20716,20716,433780900
2019-03-06,20734,20906,20678,20852,20852,531969000
2019-03-07,20825,21010,20598,20698,20698,707971100
2019-03-08,20564,20674,20386,20484,20484,490944700
2019-03-11,20588,20656,20472,20638,20638,369862800
2019-03-12,20746,20746,20528,20631,20631,500906000
2019-03-13,20598,20758,20592,20749,20749,442591400
2019-03-14,20767,20971,20764,20877,20877,488084800
2019-03-15,20948,21112,20877,21045,21045,714128000
2019-03-18,21091,21255,21086,21235,21235,466280700
2019-03-19,21275,21484,21231,21430,21430,430734700
2019-03-20,21360,21477,21330,21330,21330,385296000
2019-03-21,21346,21441,21265,21373,21373,349253800
2019-03-22,21463,21464,21046,21079,21079,548497100
2019-03-25,21017,21224,20925,21060,21060,367269700
2019-03-26,21107,21185,20988,21139,21139,347037900
2019-03-27,21190,21424,21011,21194,21194,473969200
2019-03-28,21165,21213,21036,21081,21081,326023100
2019-03-29,21208,21295,21087,21286,21286,560557200
2019-04-01,21404,21547,21349,21520,21520,444344600
2019-04-02,21532,21572,21448,21523,21523,365165100
2019-04-03,21655,21789,21629,21756,21756,480225800
2019-04-04,21696,21742,21634,21706,21706,373581600
2019-04-05,21751,21824,21679,21759,21759,357901300
2019-04-08,21772,21810,21696,21772,21772,347374500
2019-04-09,21759,21898,21611,21672,21672,371716900
2019-04-10,21687,21761,21619,21672,21672,353450200
2019-04-11,21698,21770,21478,21685,21685,462740200
2019-04-12,21677,21912,21633,21858,21858,557602400
2019-04-15,21909,22004,21841,21892,21892,394044200
2019-04-16,21919,21982,21806,21919,21919,409160800
2019-04-17,21939,22053,21889,22001,22001,514517400
2019-04-18,21995,22024,21789,21957,21957,459091800
2019-04-23,21951,21952,21818,21897,21897,401468700
2019-04-24,21839,21890,21667,21724,21724,464647800
2019-04-25,21698,21776,21653,21720,21720,292361100
2019-04-26,21722,21770,21590,21738,21738,326486200
2019-04-29,21772,21844,21652,21789,21789,324648600
2019-04-30,21770,21887,21753,21881,21881,339718700
2019-05-02,21834,21915,21677,21710,21710,359603300
2019-05-03,21713,21812,21665,21763,21763,308603200
2019-05-06,21317,21469,21246,21409,21409,356675600
2019-05-07,21444,21555,21173,21219,21219,509334800
2019-05-08,21207,21257,21031,21204,21204,468009600
2019-05-09,21102,21104,20789,20817,20817,501271000
2019-05-10,21006,21051,20837,20875,20875,372063000
2019-05-13,20909,20911,20586,20594,20594,446913000
2019-05-14,20700,20893,20650,20893,20893,456220900
2019-05-15,20898,20905,20556,20863,20863,586426500
2019-05-16,20838,21152,20768,21152,21152,501407600
2019-05-17,21151,21164,20979,21105,21105,524970900
2019-05-20,20746,20909,20486,20540,20540,546435600
2019-05-21,20638,20709,20583,20699,20699,480199600
2019-05-22,20652,20738,20503,20573,20573,438055800
2019-05-23,20424,20470,20122,20136,20136,516690100
2019-05-24,20261,20464,20245,20376,20376,425582400
2019-05-27,20417,20683,20299,20363,20363,308042900
2019-05-28,20349,20359,20093,20261,20261,708887600
2019-05-29,20087,20104,19928,20000,20000,388969800
2019-05-30,20073,20173,19879,19948,19948,311765100
2019-05-31,19730,19829,19536,19802,19802,462779900
2019-06-03,19680,19881,19594,19874,19874,343590400
2019-06-04,19778,20245,19753,20229,20229,456040800
2019-06-05,20229,20264,20035,20156,20156,438219600
2019-06-06,20147,20396,20079,20178,20178,437586300
2019-06-07,20248,20454,20237,20361,20361,343927900
2019-06-10,20465,20496,20345,20485,20485,252709300
2019-06-11,20495,20705,20482,20610,20610,372924300
2019-06-12,20494,20545,20429,20463,20463,325198000
2019-06-13,20447,20659,20391,20631,20631,294536300
2019-06-14,20586,20647,20534,20612,20612,273495300
2019-06-17,20660,20722,20602,20626,20626,260285300
2019-06-18,20632,21157,20510,21134,21134,519026800
2019-06-19,21140,21244,21070,21221,21221,521632300
2019-06-20,21355,21498,21346,21361,21361,571270800
2019-06-21,21377,21511,21336,21389,21389,785052200
2019-06-24,21315,21472,21262,21284,21284,324441800
2019-06-25,21225,21283,21112,21128,21128,303147100
2019-06-26,21082,21240,21020,21057,21057,356270000
2019-06-27,21140,21202,20997,21111,21111,322638700
2019-06-28,21132,21252,21079,21235,21235,338951200
2019-07-01,21464,21482,21254,21254,21254,344110500
2019-07-02,21320,21435,21245,21393,21393,327322300
2019-07-03,21415,21912,21404,21905,21905,567009000
2019-07-04,21957,22175,21930,22121,22121,473828700
2019-07-05,22130,22142,21926,21986,21986,372561300
2019-07-08,21942,22051,21912,21976,21976,320240600
2019-07-09,21930,22003,21820,21886,21886,347663600
2019-07-10,21894,22186,21879,22045,22045,355846800
2019-07-11,22150,22270,22126,22169,22169,328046100
2019-07-12,22182,22263,22175,22183,22183,314774600
2019-07-15,22239,22330,22127,22178,22178,285274600
2019-07-16,22158,22273,22079,22204,22204,313883700
2019-07-17,22160,22237,22036,22079,22079,334285900
2019-07-18,21950,22196,21925,22091,22091,317501100
2019-07-19,22195,22198,21628,21641,21641,493802000
2019-07-22,21616,21747,21588,21736,21736,289944800
2019-07-23,21824,22008,21796,21955,21955,322261700
2019-07-24,21996,22087,21934,22080,22080,302986700
2019-07-25,22158,22357,21779,21903,21903,464940800
2019-07-26,21909,21911,21764,21838,21838,394095500
2019-07-29,21784,21865,21709,21709,21709,299188000
2019-07-30,21695,21695,21235,21278,21278,469200300
2019-07-31,21300,21422,21265,21398,21398,369458500
2019-08-01,21307,21606,21303,21567,21567,361628700
2019-08-02,21155,21303,21039,21047,21047,463156900
2019-08-05,20880,20964,20688,20773,20773,414502000
2019-08-06,20814,20915,20632,20632,20632,312209800
2019-08-07,20669,20810,20407,20539,20539,458261200
2019-08-08,20737,20841,20598,20841,20841,345985900
2019-08-09,20505,20584,20296,20324,20324,621898600
2019-08-12,20446,20560,20243,20264,20264,328344800
2019-08-13,20191,20597,20067,20539,20539,506203600
2019-08-14,20525,20525,19936,20020,20020,450629900
2019-08-16,20083,20348,20010,20323,20323,539327500
2019-08-19,20506,20730,20472,20715,20715,354908200
2019-08-20,20673,20718,20452,20485,20485,323170700
2019-08-21,20563,20911,20562,20847,20847,308790900
2019-08-22,20793,21044,20768,20817,20817,342319300
2019-08-23,20963,20965,20474,20474,20474,399795800
2019-08-26,20482,20721,20367,20677,20677,304979300
2019-08-27,20733,21061,20664,20991,20991,396647200
2019-08-28,20983,21013,20831,20991,20991,360705000
2019-08-29,21020,21441,20973,21398,21398,523182500
2019-08-30,21400,21559,21255,21323,21323,402872700
2019-09-02,21390,21567,21389,21452,21452,227807500
2019-09-03,21438,21497,21311,21399,21399,283939100
2019-09-04,21665,21777,21630,21738,21738,408310000
2019-09-05,21853,21955,21796,21955,21955,444458900
2019-09-06,21967,22010,21857,21947,21947,396569400
2019-09-09,22008,22041,21935,21990,21990,358176500
2019-09-10,21964,21989,21824,21869,21869,465833900
2019-09-11,21994,22033,21796,21892,21892,520578100
2019-09-12,21983,22141,21835,22083,22083,576922200
2019-09-13,22127,22230,22076,22181,22181,489149200
2019-09-16,22125,22139,21898,21969,21969,433352100
2019-09-17,21964,21989,21783,21802,21802,402607500
2019-09-18,21787,22009,21774,21948,21948,323308900
2019-09-19,21965,22160,21930,22128,22128,409468500
2019-09-20,22191,22283,22112,22123,22123,639677700
2019-09-23,22088,22111,21831,21900,21900,369579300
2019-09-24,21955,21994,21885,21901,21901,329448400
2019-09-25,21796,21806,21492,21788,21788,383403300
2019-09-26,21791,22006,21778,21948,21948,322274800
2019-09-27,NA,NA,NA,NA,NA,NA
2019-09-30,22008,22131,21935,22108,22108,331571400
2019-10-01,22185,22294,21928,21928,21928,430463500
2019-10-02,21872,21893,21298,21298,21298,552414200
2019-10-03,21302,21457,21127,21312,21312,391603300
2019-10-04,21374,21473,21258,21470,21470,411527400
2019-10-07,21442,21652,21379,21652,21652,258014500
2019-10-08,21681,21685,21337,21406,21406,320247200
2019-10-09,21414,21649,21366,21534,21534,328849800
2019-10-10,21555,21764,21420,21756,21756,414631200
2019-10-11,21838,22165,21776,22165,22165,518465900
2019-10-14,22108,22156,21992,22098,22098,294669400
2019-10-15,22244,22399,22168,22365,22365,413132500
2019-10-16,22388,22514,22286,22428,22428,495250600
2019-10-17,22380,22663,22373,22376,22376,438017500
2019-10-18,22406,22450,22291,22322,22322,397160800
2019-10-21,22347,22501,22344,22478,22478,371778600
2019-10-22,22504,22525,22361,22487,22487,343207300
2019-10-23,22377,22441,22284,22351,22351,376068700
2019-10-24,22446,22548,22397,22527,22527,406303700
2019-10-25,22554,22609,22466,22609,22609,246328600
2019-10-28,22597,22749,22529,22696,22696,272005000
2019-10-29,22703,22748,22615,22681,22681,327253200
2019-10-30,22700,22782,22454,22646,22646,440251100
2019-10-31,22659,22783,22584,22694,22694,435498500
2019-11-01,22735,22946,22721,22934,22934,289466200
2019-11-04,23041,23349,23027,23311,23311,437875800
2019-11-05,23346,23436,23295,23365,23365,486391800
2019-11-06,23375,23415,23309,23373,23373,438771400
2019-11-07,23487,23585,23445,23503,23503,499285200
2019-11-08,23478,23562,23354,23534,23534,596251800
2019-11-11,23454,23516,23396,23490,23490,369318400
2019-11-12,23555,23828,23548,23782,23782,436422200
2019-11-13,23696,23727,23436,23578,23578,399806100
2019-11-14,23576,23641,23480,23481,23481,378029000
2019-11-15,23600,23632,23463,23589,23589,337912500
2019-11-18,23572,23615,23350,23464,23464,374167800
2019-11-19,23520,23660,23303,23329,23329,374663800
2019-11-20,23221,23384,23150,23352,23352,419633500
2019-11-21,23195,23372,23105,23280,23280,477095700
2019-11-22,23325,23462,23255,23260,23260,372915500
2019-11-25,23398,23497,23384,23455,23455,297104600
2019-11-26,23476,23570,23359,23547,23547,473714000
2019-11-27,23624,23651,23452,23485,23485,332169700
2019-11-28,23401,23481,23270,23342,23342,237624600
2019-11-29,23268,23425,23207,23259,23259,265983000
2019-12-02,23298,23403,22698,22729,22729,452945300
2019-12-03,22845,22987,22581,22737,22737,367761300
2019-12-04,22737,23036,22733,23034,23034,324496600
2019-12-05,23049,23191,22946,22969,22969,298652300
2019-12-06,23055,23220,22940,23183,23183,294138000
2019-12-09,23215,23233,22856,22957,22957,302722800
2019-12-10,22936,23141,22790,23123,23123,298165100
2019-12-11,23101,23203,23038,23156,23156,283415000
2019-12-12,23229,23488,23161,23391,23391,413347000
2019-12-13,23714,23728,23272,23329,23329,478941300
2019-12-16,23436,23550,23388,23525,23525,276509700
2019-12-17,23536,23717,23482,23631,23631,343983200
2019-12-18,23646,23738,23627,23629,23629,311229600
2019-12-19,23647,23710,23583,23709,23709,374666200
2019-12-20,23842,24004,23837,24004,24004,793556100
2019-12-23,23919,23941,23845,23898,23898,229767000
2019-12-27,23868,23899,23732,23758,23758,274188700
2019-12-30,23712,23736,23506,23506,23506,212207400
2020-01-02,23607,23862,23572,23836,23836,264537200
2020-01-03,23710,23760,23517,23702,23702,325924900
2020-01-06,23566,23608,23265,23581,23581,349155800
2020-01-07,23688,23794,23636,23723,23723,306340300
2020-01-08,23551,23893,23481,23832,23832,472506700
2020-01-09,23980,24078,23964,24017,24017,430637300
2020-01-10,24061,24147,23966,24021,24021,326014300
2020-01-13,24061,24061,23829,23897,23897,340838600
2020-01-14,23932,23948,23706,23928,23928,350706400
2020-01-15,23903,23932,23719,23764,23764,341178900
2020-01-16,23862,23961,23760,23940,23940,361875400
2020-01-17,24043,24169,24011,24141,24141,319934800
2020-01-20,24033,24085,23973,24002,24002,218203400
2020-01-21,23858,23860,23645,23845,23845,332896600
2020-01-22,23888,23907,23680,23706,23706,424389000
2020-01-23,23716,23901,23611,23707,23707,379431100
2020-01-24,23848,24083,23848,23969,23969,368587000
2020-01-27,23713,23978,23384,23416,23416,506925600
2020-01-28,23545,24028,23429,24028,24028,428294600
2020-01-29,24053,24198,23969,24165,24165,356515300
2020-01-30,23892,23983,23688,23781,23781,454729400
2020-01-31,23863,23873,23208,23237,23237,557656600
2020-02-03,23297,23466,23219,23460,23460,363184200
2020-02-04,23573,23901,23542,23845,23845,479889400
2020-02-05,23816,24270,23746,24237,24237,564241000
2020-02-06,24348,24514,24338,24490,24490,531888100
2020-02-07,24465,24523,24372,24478,24478,411437000
2020-02-10,24437,24585,24389,24508,24508,297204400
2020-02-11,24617,24763,24534,24689,24689,405685400
2020-02-12,24738,24902,24735,24861,24861,462480100
2020-02-13,24769,24892,24588,24892,24892,526068000
2020-02-14,24942,24983,24832,24867,24867,341383900
2020-02-17,24962,25121,24903,25121,25121,0
2020-02-18,24986,25389,24970,25224,25224,737036300
2020-02-19,25353,25483,25272,25478,25478,464703000
2020-02-20,25415,25420,25080,25080,25080,445153900
2020-02-21,24979,25130,24670,24773,24773,638705500
2020-02-24,23919,24005,23255,23427,23427,977128300
2020-02-25,23586,23630,23046,23090,23090,664950800
2020-02-26,22961,23600,22638,23423,23423,737757000
2020-02-27,22969,23078,22480,22799,22799,781145900
2020-02-28,22059,22335,21698,21984,21984,1052025600
2020-03-02,22333,22361,21119,21655,21655,924414500
2020-03-03,22116,22340,21651,21748,21748,799970700
2020-03-04,21740,22204,21500,21946,21946,724365300
2020-03-05,22012,22035,21362,21555,21555,772854700
2020-03-06,20987,21151,20624,20800,20800,864917500
2020-03-09,20781,20781,18346,18476,18476,1272046600
2020-03-10,18654,19175,17772,17870,17870,1096966400
2020-03-11,18172,18410,17675,17929,17929,916163300
2020-03-12,17654,17660,14894,14894,14894,1535614400
2020-03-13,15108,17545,15107,15954,15954,1267823900
2020-03-16,15697,15699,14153,14980,14980,1218842000
2020-03-17,15420,15810,14696,15315,15315,1041111800
2020-03-18,14986,15438,14792,15120,15120,796190300
2020-03-19,15417,15844,15038,15467,15467,1016984600
2020-03-20,15773,16180,15617,15732,15732,1222210600
2020-03-23,15318,15789,15092,15560,15560,768024600
2020-03-24,15978,16949,15970,16949,16949,847366000
2020-03-25,17247,17830,16582,17244,17244,906278800
2020-03-26,16877,17369,16835,17369,17369,712229600
2020-03-27,17039,17283,16667,16823,16823,590902100
2020-03-30,16856,16925,16313,16872,16872,551307000
2020-03-31,17097,17292,16695,17051,17051,698055400
2020-04-01,16600,16845,16500,16545,16545,515027400
2020-04-02,16660,16878,16414,16834,16834,580523400
2020-04-03,16742,16791,16384,16384,16384,547565400
2020-04-06,16769,17054,16765,17039,17039,528126600
2020-04-07,17588,17887,17178,17412,17412,679854300
2020-04-08,17212,17406,17196,17381,17381,476312900
2020-04-09,17686,17756,17360,17622,17622,553979400
2020-04-14,17822,17831,17507,17558,17558,443873000
2020-04-15,17455,17543,16719,16719,16719,536650700
2020-04-16,17003,17161,16730,16768,16768,453153600
2020-04-17,17153,17308,16964,17055,17055,469218300
2020-04-20,17144,17155,16786,17064,17064,339570700
2020-04-21,16812,16935,16451,16451,16451,401986500
2020-04-22,16615,16770,16555,16765,16765,347495900
2020-04-23,16925,17145,16778,17011,17011,392978300
2020-04-24,16640,17155,16640,16859,16859,349284500
2020-04-27,17313,17380,17164,17380,17380,307768100
2020-04-28,17428,17941,17413,17677,17677,496793100
2020-04-29,17616,18076,17609,18067,18067,477978500
2020-04-30,18209,18303,17655,17690,17690,597318500
2020-05-04,17157,17345,17036,17036,17036,430626400
2020-05-05,17289,17390,17082,17387,17387,413815000
2020-05-06,17368,17500,17146,17159,17159,330052900
2020-05-07,17256,17363,17094,17245,17245,360975400
2020-05-08,17416,17462,17254,17439,17439,242317800
2020-05-11,17602,17678,17307,17381,17381,279808500
2020-05-12,17394,17602,17394,17559,17559,323340100
2020-05-13,17354,17427,17183,17183,17183,370538600
2020-05-14,17066,17177,16551,16868,16868,435987200
2020-05-15,17055,17124,16792,16852,16852,350474400
2020-05-18,16998,17446,16953,17401,17401,409926900
2020-05-19,17579,17613,16929,17035,17035,837116200
2020-05-20,16990,17248,16674,17213,17213,802296700
2020-05-21,16987,17284,16950,17087,17087,468260800
2020-05-22,16905,17386,16820,17316,17316,488722400
2020-05-25,17451,17596,17304,17596,17596,275240000
2020-05-26,17796,17894,17697,17860,17860,565674900
2020-05-27,17861,18228,17737,17910,17910,796359100
2020-05-28,18081,18414,18046,18351,18351,616898400
2020-05-29,18193,18391,18149,18198,18198,731191700
2020-06-01,18437,18531,18237,18524,18524,459197200
2020-06-02,18676,19053,18569,18971,18971,612512800
2020-06-03,19204,19642,19171,19642,19642,828030700
2020-06-04,19520,19849,19391,19634,19634,814390200
2020-06-05,19904,20198,19869,20188,20188,925086600
2020-06-08,20133,20399,20050,20231,20231,773230400
2020-06-09,20243,20274,19678,19930,19930,779956200
2020-06-10,20096,20181,19694,19758,19758,703770700
2020-06-11,19222,19353,18807,18807,18807,789867400
2020-06-12,18573,19169,18553,18888,18888,610202600
2020-06-15,18303,19065,18303,18969,18969,483442500
2020-06-16,19383,19874,19297,19626,19626,786184600
2020-06-17,19670,19876,19487,19586,19586,575170300
2020-06-18,19562,19815,19332,19486,19486,495706400
2020-06-19,19601,19741,19572,19619,19619,934839800
2020-06-22,19402,19685,19311,19479,19479,421857500
2020-06-23,19626,19885,19551,19842,19842,523455200
2020-06-24,19778,19907,19163,19163,19163,511785200
2020-06-25,19101,19319,18878,19235,19235,491616700
2020-06-26,19442,19549,19124,19124,19124,366134900
2020-06-29,19159,19541,19113,19447,19447,358186700
2020-06-30,19517,19540,19223,19376,19376,414866900
2020-07-01,19452,19455,19013,19331,19331,361833800
2020-07-02,19531,19975,19482,19887,19887,495115800
2020-07-03,19941,19969,19632,19727,19727,289547200
2020-07-06,20121,20223,19928,20032,20032,443634500
2020-07-07,19938,20066,19845,20013,20013,352024500
2020-07-08,19914,20101,19848,19900,19900,327081800
2020-07-09,19993,20008,19502,19506,19506,324855600
2020-07-10,19395,19770,19395,19768,19768,299117400
2020-07-13,20063,20067,19735,20003,20003,449146200
2020-07-14,19799,19900,19677,19880,19880,425475000
2020-07-15,20046,20361,19982,20281,20281,507289700
2020-07-16,20207,20389,20179,20356,20356,483034300
2020-07-17,20414,20427,20264,20419,20419,399015800
2020-07-20,20327,20679,20217,20621,20621,448609300
2020-07-21,20899,21133,20703,20723,20723,642358800
2020-07-22,20689,20797,20509,20599,20599,400283900
2020-07-23,20664,20689,20363,20454,20454,372189300
2020-07-24,20155,20241,19960,20075,20075,378518300
2020-07-27,20034,20163,19914,20020,20020,358176700
2020-07-28,20022,20120,19698,19903,19903,335491900
2020-07-29,19895,19973,19719,19881,19881,359277100
2020-07-30,19926,19976,19116,19228,19228,545919800
2020-07-31,19342,19532,19086,19092,19092,454759400
2020-08-03,19137,19402,18949,19380,19380,411205200
2020-08-04,19532,19658,19377,19614,19614,566864900
2020-08-05,19766,19896,19642,19740,19740,544154400
2020-08-06,19702,19834,19353,19475,19475,642423100
2020-08-07,19429,19564,19251,19516,19516,349794600
2020-08-10,19570,19668,19454,19652,19652,251844900
2020-08-11,19850,20294,19850,20209,20209,486632200
2020-08-12,20172,20463,20151,20437,20437,372877300
2020-08-13,20383,20472,20257,20257,20257,314363800
2020-08-14,20159,20185,19821,20028,20028,296289800
2020-08-17,20101,20123,19853,19950,19950,246143300
2020-08-18,19845,20159,19723,19846,19846,255470500
2020-08-19,19833,20055,19734,20055,20055,221316800
2020-08-20,19827,19921,19719,19767,19767,264922400
2020-08-21,19846,19868,19480,19695,19695,300533200
2020-08-24,19908,20130,19887,20113,20113,304828800
2020-08-25,20256,20368,20030,20030,20030,327848800
2020-08-26,19971,20137,19928,20137,20137,336048100
2020-08-27,20131,20133,19847,19847,19847,479171100
2020-08-28,19953,19992,19687,19841,19841,475736200
2020-08-31,19972,20081,19616,19634,19634,411640300
2020-09-01,19776,19871,19435,19595,19595,429280800
2020-09-02,19713,20036,19672,19858,19858,375861100
2020-09-03,20009,20141,19462,19551,19551,460398600
2020-09-04,19466,19781,19255,19391,19391,470672600
2020-09-07,19530,19757,19480,19738,19738,309461500
2020-09-08,19808,19817,19202,19380,19380,431597700
2020-09-09,19365,19792,19364,19771,19771,378273400
2020-09-10,19786,19971,19692,19820,19820,462606700
2020-09-11,19790,19876,19698,19821,19821,357726000
2020-09-14,19943,19968,19725,19794,19794,270291800
2020-09-15,19831,20043,19718,19957,19957,337754900
2020-09-16,19982,20033,19803,19964,19964,338233900
2020-09-17,19646,19811,19630,19740,19740,444680400
2020-09-18,19685,19790,19510,19525,19525,714073700
2020-09-21,19408,19440,18778,18793,18793,575956100
2020-09-22,18945,19081,18803,18896,18896,384961300
2020-09-23,19080,19232,18930,18930,18930,359846900
2020-09-24,18653,19102,18621,18907,18907,413000800
2020-09-25,18936,18938,18546,18698,18698,404244200
2020-09-28,18953,19173,18903,19160,19160,385654500
2020-09-29,19132,19222,18996,19061,19061,290185600
2020-09-30,18886,19146,18873,19015,19015,343267400
2020-10-01,19177,19271,18970,19062,19062,396385700
2020-10-02,18834,19072,18815,19064,19064,371254100
2020-10-05,19208,19270,19091,19266,19266,380939400
2020-10-06,19333,19520,19195,19430,19430,440230000
2020-10-07,19410,19473,19356,19435,19435,355102000
2020-10-08,19536,19631,19462,19582,19582,366363800
2020-10-09,19592,19683,19476,19595,19595,324307300
2020-10-12,19643,19765,19559,19719,19719,302531800
2020-10-13,19722,19730,19489,19559,19559,351485400
2020-10-14,19576,19738,19516,19608,19608,306627600
2020-10-15,19380,19385,18957,19065,19065,477390500
2020-10-16,19203,19454,19037,19390,19390,447815200
2020-10-19,19476,19585,19310,19374,19374,290278700
2020-10-20,19323,19568,19245,19482,19482,375281300
2020-10-21,19526,19528,19083,19086,19086,392794000
2020-10-22,19086,19171,18856,19077,19077,375503700
2020-10-23,19082,19365,19074,19285,19285,425542700
2020-10-26,18942,19203,18919,18945,18945,415680400
2020-10-27,19011,19011,18647,18655,18655,429077300
2020-10-28,18297,18347,17843,17898,17898,679900600
2020-10-29,17965,18082,17636,17872,17872,552011900
2020-10-30,17683,17970,17670,17943,17943,470261200
2020-11-02,17968,18400,17806,18400,18400,472405000
2020-11-03,18536,18986,18508,18986,18986,537178700
2020-11-04,18673,19395,18577,19358,19358,571091200
2020-11-05,19490,19788,19480,19731,19731,497400000
2020-11-06,19686,19822,19482,19682,19682,471238000
2020-11-09,20011,20932,19961,20750,20750,1136870400
2020-11-10,20788,20929,20584,20852,20852,936791400
2020-11-11,20958,21050,20816,20993,20993,587145900
2020-11-12,20826,20960,20710,20818,20818,543216500
2020-11-13,20707,20965,20701,20904,20904,426848500
2020-11-16,21145,21435,21008,21317,21317,682567300
2020-11-17,21307,21495,21248,21435,21435,491659300
2020-11-18,21421,21659,21366,21623,21623,587685300
2020-11-19,21486,21680,21426,21536,21536,513106200
2020-11-20,21522,21771,21496,21707,21707,493720900
2020-11-23,21871,21996,21702,21702,21702,548503600
2020-11-24,21985,22150,21953,22145,22145,721630200
2020-11-25,22281,22344,22054,22304,22304,641951300
2020-11-26,22385,22387,22201,22201,22201,541595900
2020-11-27,22173,22386,22167,22352,22352,583607500
2020-11-30,22210,22353,22061,22061,22061,734672200
2020-12-01,22193,22227,22010,22100,22100,578774400
2020-12-02,22020,22043,21784,21972,21972,543377900
2020-12-03,22019,22034,21902,22007,22007,425138400
2020-12-04,22030,22197,22027,22179,22179,507922100
2020-12-07,22130,22156,21964,22107,22107,351279100
2020-12-08,22064,22106,21904,22053,22053,275971200
2020-12-09,22215,22274,21957,21970,21970,471702800
2020-12-10,22032,22089,21746,21916,21916,450860100
2020-12-11,21857,21904,21572,21702,21702,428052900
2020-12-14,21863,21997,21760,21760,21760,389977700
2020-12-15,21718,21964,21676,21935,21935,347534000
2020-12-16,21995,22176,21888,21987,21987,447187000
2020-12-17,22079,22142,22009,22012,22012,456361000
2020-12-18,21919,22145,21911,21976,21976,653820900
2020-12-21,21470,21634,21087,21411,21411,596283800
2020-12-22,21491,21851,21489,21844,21844,307522300
2020-12-23,21970,22156,21921,22130,22130,306654600
2020-12-28,22308,22354,22252,22289,22289,260519700
2020-12-29,22389,22395,22203,22259,22259,229758800
2020-12-30,22303,22345,22233,22233,22233,224887400
2021-01-04,22398,22493,22228,22316,22316,432600300
2021-01-05,22223,22355,22106,22201,22201,381948600
2021-01-06,22364,22793,22218,22734,22734,672068000
2021-01-07,22824,22852,22622,22746,22746,476763700
2021-01-08,22946,23004,22701,22794,22794,447809200
2021-01-11,22704,22804,22502,22722,22722,358993400
2021-01-12,22787,22821,22558,22646,22646,459404700
2021-01-13,22611,22812,22574,22744,22744,388253200
2021-01-14,22743,22880,22638,22638,22638,405187100
2021-01-15,22633,22748,22243,22381,22381,434287800
2021-01-18,22258,22516,22239,22499,22499,335089300
2021-01-19,22636,22650,22428,22442,22442,386351200
2021-01-20,22570,22665,22503,22651,22651,380508500
2021-01-21,22790,22836,22425,22429,22429,407667700
2021-01-22,22253,22259,21926,22088,22088,455886600
2021-01-25,22237,22250,21667,21736,21736,444515300
2021-01-26,21710,22044,21655,21987,21987,370538500
2021-01-27,21923,21985,21421,21663,21663,460640200
2021-01-28,21470,21941,21312,21917,21917,421309200
2021-01-29,21570,21786,21521,21573,21573,430738500
2021-02-01,21737,21883,21619,21826,21826,320779300
2021-02-02,21957,22152,21956,22067,22067,385385100
2021-02-03,22444,22738,22378,22528,22528,788305200
2021-02-04,22562,22982,22481,22901,22901,585655700
2021-02-05,22988,23276,22937,23083,23083,763260500
2021-02-08,23281,23513,23231,23426,23426,677058800
2021-02-09,23482,23482,23259,23300,23300,435700200
2021-02-10,23413,23414,23134,23265,23265,449557400
2021-02-11,23288,23369,23255,23307,23307,391629500
2021-02-12,23291,23411,23059,23411,23411,355015700
2021-02-15,23629,23652,23562,23604,23604,438025700
2021-02-16,23631,23641,23423,23441,23441,372745200
2021-02-17,23384,23453,23122,23179,23179,391642600
2021-02-18,23196,23278,22882,22922,22922,385295100
2021-02-19,22935,23187,22852,23136,23136,451362100
2021-02-22,23000,23045,22842,23009,23009,377445000
2021-02-23,23102,23174,22635,22939,22939,508987300
2021-02-24,22904,23133,22870,23098,23098,879138700
2021-02-25,23265,23292,23055,23064,23064,695998400
2021-02-26,22724,23027,22678,22849,22849,561491600
2021-03-01,23123,23272,23078,23265,23265,475925000
2021-03-02,23177,23326,23084,23084,23084,444498500
2021-03-03,23218,23353,22824,23047,23047,610081900
2021-03-04,22955,23188,22796,23093,23093,505106200
2021-03-05,22955,23290,22874,22966,22966,599011100
2021-03-08,23174,23730,23068,23682,23682,660479000
2021-03-09,23691,23870,23632,23817,23817,609586300
2021-03-10,23794,23958,23736,23926,23926,599918900
2021-03-11,24024,24222,24024,24121,24121,749086700
2021-03-12,24098,24180,24020,24113,24113,583290800
2021-03-15,24217,24425,24054,24139,24139,519599900
2021-03-16,24256,24319,24183,24261,24261,5477600
2021-03-17,24277,24350,24198,24281,24281,5001700
2021-03-18,24434,24459,24259,24360,24360,624093300
2021-03-19,24014,24370,23967,24199,24199,1238440000
2021-03-22,24075,24286,24029,24263,24263,448927300
2021-03-23,24213,24218,24024,24114,24114,464538900
2021-03-24,23970,24217,23934,24209,24209,395181000
2021-03-25,24149,24265,23993,24219,24219,453740100
2021-03-26,24390,24427,24266,24393,24393,457711200
2021-03-29,24426,24486,24328,24421,24421,377326900
2021-03-30,24537,24708,24469,24636,24636,462403700
2021-03-31,24677,24778,24637,24649,24649,434928900
2021-04-01,24731,24755,24656,24710,24710,367029700
2021-04-06,24926,24939,24746,24761,24761,434526200
2021-04-07,24762,24835,24602,24741,24741,333287300
2021-04-08,24855,24876,24532,24577,24577,474760600
2021-04-09,24614,24678,24429,24429,24429,374601700
2021-04-12,24404,24578,24341,24457,24457,269571200
2021-04-13,24486,24639,24462,24600,24600,353958500
2021-04-14,24631,24631,24435,24575,24575,326141900
2021-04-15,24601,24641,24470,24529,24529,317438800
2021-04-16,24555,24767,24526,24744,24744,395037300
2021-04-19,24733,24805,24657,24691,24691,324837700
2021-04-20,24698,24732,24048,24089,24089,456679600
2021-04-21,24194,24268,23917,24161,24161,360222400
2021-04-22,24252,24414,24176,24398,24398,299136100
2021-04-23,24278,24396,24227,24386,24386,252467100
2021-04-26,24426,24547,24322,24514,24514,318567000
2021-04-27,24515,24537,24346,24473,24473,296045600
2021-04-28,24526,24555,24359,24460,24460,357370600
2021-04-29,24548,24552,24151,24278,24278,439223600
2021-04-30,24326,24396,24086,24141,24141,464200000
2021-05-03,24196,24466,24147,24420,24420,311724400
2021-05-04,24464,24516,23944,23978,23978,445303600
2021-05-05,24159,24473,24106,24464,24464,382990200
2021-05-06,24552,24677,24371,24495,24495,732682000
2021-05-07,24630,24641,24420,24612,24612,435968900
2021-05-10,24724,24813,24651,24803,24803,502226100
2021-05-11,24614,24619,24262,24396,24396,520032700
2021-05-12,24440,24535,24254,24453,24453,482207800
2021-05-13,24235,24564,23898,24486,24486,434877100
2021-05-14,24624,24766,24430,24766,24766,405360300
2021-05-17,24846,24929,24713,24863,24863,409875100
2021-05-18,25054,25114,24818,24880,24880,439499000
2021-05-19,24623,24772,24260,24487,24487,458337300
2021-05-20,24608,24702,24397,24702,24702,387799300
2021-05-21,24770,24975,24717,24975,24975,462066600
2021-05-24,24851,24969,24792,24891,24891,313590800
2021-05-25,24950,25009,24881,24893,24893,384107900
2021-05-26,24958,24996,24682,24778,24778,408740600
2021-05-27,24713,25103,24708,25056,25056,636884800
2021-05-28,25096,25186,25043,25169,25169,339212800
2021-05-31,25171,25279,25149,25171,25171,228536500
2021-06-01,25273,25553,25268,25322,25322,368281300
2021-06-02,25281,25408,25256,25380,25380,288084600
2021-06-03,25359,25479,25201,25452,25452,337004100
2021-06-04,25449,25570,25442,25570,25570,344696400
2021-06-07,25556,25829,25515,25825,25825,402527800
2021-06-08,25843,25927,25705,25809,25809,381595000
2021-06-09,25845,25880,25692,25742,25742,263931500
2021-06-10,25756,25769,25517,25638,25638,321813200
2021-06-11,25656,25740,25608,25717,25717,245868600
2021-06-14,25789,25863,25688,25758,25758,274146300
2021-06-15,25828,25840,25645,25737,25737,306929500
2021-06-16,25807,25827,25699,25768,25768,314186900
2021-06-17,25687,25794,25671,25714,25714,371570700
2021-06-18,25670,25747,25217,25218,25218,731037000
2021-06-21,24903,25398,24903,25398,25398,317477200
2021-06-22,25428,25429,25208,25316,25316,259562500
2021-06-23,25354,25410,25077,25077,25077,263817800
2021-06-24,25150,25429,25120,25422,25422,327891600
2021-06-25,25457,25517,25422,25511,25511,243548300
2021-06-28,25504,25572,25227,25227,25227,279356800
2021-06-29,25247,25468,25247,25357,25357,308238500
2021-06-30,25351,25401,24954,25102,25102,379004600
2021-07-01,25257,25408,25040,25286,25286,288355000
2021-07-02,25342,25389,25231,25282,25282,242390400
2021-07-05,25271,25513,25163,25441,25441,188095500
2021-07-06,25446,25452,25163,25228,25228,365431800
2021-07-07,25314,25436,25166,25285,25285,365651400
2021-07-08,25135,25146,24464,24641,24641,565763000
2021-07-09,24754,25080,24751,25052,25052,363310000
2021-07-12,25119,25302,24969,25283,25283,250998000
2021-07-13,25322,25327,25082,25157,25157,299328200
2021-07-14,25110,25320,25098,25194,25194,0
2021-07-15,25085,25103,24833,24876,24876,273841400
2021-07-16,24918,24999,24686,24793,24793,334825400
2021-07-19,24513,24531,23835,23966,23966,521284300
2021-07-20,24108,24234,23818,24107,24107,348537800
2021-07-21,24248,24682,24231,24676,24676,356040000
2021-07-22,24798,24987,24735,24805,24805,296145100
2021-07-23,24936,25160,24912,25125,25125,290847900
2021-07-26,24994,25296,24972,25296,25296,335468700
2021-07-27,25225,25261,25004,25087,25087,306853600
2021-07-28,25100,25296,25060,25262,25262,334329600
2021-07-29,25363,25541,25313,25516,25516,291852900
2021-07-30,25428,25504,25348,25363,25363,395428300
2021-08-02,25536,25680,25352,25352,25352,304444700
2021-08-03,25415,25477,25276,25356,25356,287525400
2021-08-04,25478,25552,25350,25490,25490,286732600
2021-08-05,25496,25672,25492,25666,25666,274087400
2021-08-06,25679,26035,25652,26000,26000,424175900
2021-08-09,26012,26157,26010,26139,26139,270750800
2021-08-10,26155,26289,26142,26201,26201,232389200
2021-08-11,26269,26480,26219,26457,26457,375909200
2021-08-12,26483,26575,26439,26558,26558,315729200
2021-08-13,26570,26688,26539,26653,26653,227179600
2021-08-16,26488,26608,26392,26449,26449,241063300
2021-08-17,26331,26331,26161,26225,26225,295681600
2021-08-18,26225,26376,26158,26357,26357,256836500
2021-08-19,26038,26050,25716,25929,25929,353293300
2021-08-20,25906,25937,25707,25918,25918,274437900
2021-08-23,26121,26180,25936,26046,26046,235797900
2021-08-24,26151,26152,25896,26028,26028,223774200
2021-08-25,26031,26062,25966,26060,26060,233866600
2021-08-26,25963,26049,25835,25862,25862,249266600
2021-08-27,25858,26013,25814,26007,26007,197947300
2021-08-30,26062,26074,25944,26024,26024,148386600
2021-08-31,26051,26205,25895,26009,26009,353280200
2021-09-01,26186,26398,26095,26182,26182,368480600
2021-09-02,26172,26263,26151,26233,26233,275518300
2021-09-03,26221,26261,25971,26065,26065,299511900
2021-09-06,26129,26298,26121,26263,26263,215641300
2021-09-07,26245,26269,26038,26074,26074,243791300
2021-09-08,25949,26064,25717,25877,25877,341131500
2021-09-09,25716,26002,25643,25910,25910,291664000
2021-09-10,25962,25991,25643,25686,25686,374487100
2021-09-13,25794,26011,25793,25926,25926,333632100
2021-09-14,25944,26130,25916,26027,26027,332447700
2021-09-15,26051,26060,25688,25762,25762,399956600
2021-09-16,25917,26105,25914,25964,25964,359528800
2021-09-17,26119,26162,25710,25710,25710,696227800
2021-09-20,25355,25396,24941,25048,25048,471648300
2021-09-21,25210,25436,25169,25353,25353,342132800
2021-09-22,25529,25717,25432,25717,25717,357936200
2021-09-23,25895,26088,25854,26081,26081,411942700
2021-09-24,26022,26082,25921,25969,25969,355960400
2021-09-27,26159,26187,26010,26132,26132,474510700
2021-09-28,26156,26223,25573,25573,25573,490155200
2021-09-29,25727,25826,25577,25737,25737,500922400
2021-09-30,25901,25938,25558,25684,25684,519538600
2021-10-01,25306,25740,25276,25615,25615,451575900
2021-10-04,25541,25722,25411,25461,25461,360740600
2021-10-05,25531,25956,25520,25956,25956,534430700
2021-10-06,25782,25784,25330,25606,25606,536857600
2021-10-07,25934,26048,25761,25992,25992,474763900
2021-10-08,26023,26095,25937,26051,26051,383664800
2021-10-11,25997,26052,25805,25930,25930,369413400
2021-10-12,25636,25990,25597,25990,25990,327384700
2021-10-13,25928,26046,25858,25959,25959,329950500
2021-10-14,26123,26317,26079,26278,26278,413141500
2021-10-15,26438,26550,26349,26489,26489,603041500
2021-10-18,26332,26386,26156,26269,26269,412976400
2021-10-19,26300,26387,26256,26333,26333,378157600
2021-10-20,26274,26609,26256,26582,26582,392749400
2021-10-21,26450,26631,26386,26525,26525,299329800
2021-10-22,26582,26682,26551,26572,26572,257427900
2021-10-25,26596,26823,26573,26816,26816,381634700
2021-10-26,26877,27049,26835,26971,26971,340319900
2021-10-27,26878,26944,26759,26806,26806,375187500
2021-10-28,26821,26938,26762,26890,26890,748505700
2021-10-29,26753,26896,26629,26876,26876,563963300
2021-11-01,27020,27303,27005,27206,27206,416822700
2021-11-02,27173,27238,27097,27190,27190,413299600
2021-11-03,27168,27378,27141,27378,27378,373304600
2021-11-04,27518,27550,27405,27522,27522,620753300
2021-11-05,27526,27867,27521,27796,27796,755313700
2021-11-08,27809,27833,27711,27711,27711,492955900
2021-11-09,27662,27719,27441,27441,27441,364222500
2021-11-10,27527,27601,27418,27561,27561,397432600
2021-11-11,27535,27654,27481,27633,27633,312141500
2021-11-12,27639,27737,27579,27732,27732,480493600
2021-11-15,27701,27878,27680,27868,27868,442422400
2021-11-16,27932,27969,27801,27805,27805,510247200
2021-11-17,27840,27884,27780,27825,27825,415445900
2021-11-18,27816,27874,27595,27662,27662,370509600
2021-11-19,27755,27817,27164,27337,27337,795925200
2021-11-22,27273,27440,27199,27383,27383,2015241700
2021-11-23,27158,27252,26912,26939,26939,1184362600
2021-11-24,27013,27148,26797,27109,27109,1721921700
2021-11-25,27216,27302,27042,27099,27099,1051578800
2021-11-26,26303,26443,25853,25853,25853,903003400
2021-11-29,26227,26330,25967,26042,26042,584948900
2021-11-30,25659,26085,25518,25814,25814,795726200
2021-12-01,26039,26426,25987,26372,26372,501587200
2021-12-02,26100,26236,25883,26005,26005,519689600
2021-12-03,26233,26284,25826,25939,25939,456414500
2021-12-06,26153,26526,26036,26498,26498,443852100
2021-12-07,26725,27171,26715,27138,27138,419090400
2021-12-08,27041,27156,26752,26752,26752,363889000
2021-12-09,26787,26896,26690,26817,26817,436604800
2021-12-10,26665,26906,26660,26722,26722,341538000
2021-12-13,26795,26947,26513,26551,26551,408158500
2021-12-14,26654,26747,26521,26557,26557,394016500
2021-12-15,26661,26783,26613,26666,26666,396490600
2021-12-16,27041,27041,26707,26782,26782,503570300
2021-12-17,26589,26681,26352,26611,26611,574739700
2021-12-20,26005,26246,25783,26178,26178,381439600
2021-12-21,26431,26653,26299,26653,26653,259080800
2021-12-22,26667,26828,26541,26828,26828,282845400
2021-12-23,26886,27023,26814,27016,27016,218448800
2021-12-27,26942,27252,26925,27231,27231,196458800
2021-12-28,27275,27497,27274,27445,27445,238404900
2021-12-29,27461,27467,27260,27344,27344,209813300
2021-12-30,27354,27415,27308,27347,27347,198002200
2022-01-03,27409,27779,27409,27730,27730,403410700
2022-01-04,27897,28084,27753,27955,27955,427310400
2022-01-05,28002,28213,27951,28163,28163,459306200
2022-01-06,27738,27942,27601,27656,27656,413528200
2022-01-07,27776,27853,27449,27618,27618,389938700
2022-01-10,27779,27803,27273,27354,27354,352259500
2022-01-11,27551,27642,27446,27535,27535,281269000
2022-01-12,27693,27727,27508,27714,27714,453715000
2022-01-13,27676,27900,27662,27844,27844,351016000
2022-01-14,27598,27737,27422,27544,27544,406157900
2022-01-17,27678,27705,27574,27689,27689,356541300
2022-01-18,27579,27585,27305,27483,27483,481745500
2022-01-19,27327,27563,27221,27371,27371,490314700
2022-01-20,27429,27570,27316,27570,27570,465538800
2022-01-21,27172,27316,26807,27061,27061,434447800
2022-01-24,26880,26990,25802,25973,25973,493968100
2022-01-25,26186,26274,25785,26029,26029,401987900
2022-01-26,26225,26657,26199,26619,26619,410532700
2022-01-27,26294,27040,26258,26882,26882,460394300
2022-01-28,26842,26866,26293,26565,26565,402469900
2022-01-31,27055,27060,26648,26814,26814,528600800
2022-02-01,27024,27225,26999,27225,27225,485074500
2022-02-02,27342,27550,27318,27389,27389,464182300
2022-02-03,27372,27380,27062,27089,27089,442171200
2022-02-04,27261,27267,26514,26604,26604,501398800
2022-02-07,26720,26749,26144,26329,26329,494420900
2022-02-08,26335,26659,26202,26412,26412,522508300
2022-02-09,26642,27129,26641,27129,27129,577214900
2022-02-10,27216,27354,26966,27190,27190,591659000
2022-02-11,26850,27047,26741,26966,26966,491655600
2022-02-14,26334,26507,25894,26415,26415,620984700
2022-02-15,26339,26974,26303,26968,26968,488413100
2022-02-16,27066,27161,26779,26969,26969,418117400
2022-02-17,26944,27025,26562,26669,26669,398071200
2022-02-18,26762,26832,26420,26507,26507,337144000
2022-02-21,26678,26703,25848,26050,26050,357596100
2022-02-22,25330,26222,25329,26044,26044,491922500
2022-02-23,26173,26384,25917,25955,25955,416540200
2022-02-24,25486,25545,24507,24878,24878,871835400
2022-02-25,25137,25803,24797,25773,25773,669513500
2022-02-28,25208,25479,24953,25416,25416,760481500
2022-03-01,25400,25630,24364,24364,24364,824196900
2022-03-02,24270,24709,23967,24534,24534,749019200
2022-03-03,24597,24743,23908,23959,23959,1024376900
2022-03-04,23718,23746,22465,22465,22465,1219170300
2022-03-07,21913,22761,21060,22160,22160,1473195100
2022-03-08,21889,22988,21887,22336,22336,1028269400
2022-03-09,22856,23889,22763,23889,23889,984422600
2022-03-10,23926,23979,22830,22887,22887,932538900
2022-03-11,23036,23707,22778,23041,23041,860175100
2022-03-14,23325,23618,23241,23427,23427,730121400
2022-03-15,23226,23595,22929,23500,23500,553963600
2022-03-16,24036,24453,23975,24285,24285,753734200
2022-03-17,24380,24460,23846,24124,24124,649613300
2022-03-18,24205,24262,23827,24222,24222,790510200
2022-03-21,24165,24496,24163,24295,24295,429349900
2022-03-22,24402,24595,24368,24534,24534,355881700
2022-03-23,24641,24644,24225,24299,24299,487124700
2022-03-24,24357,24552,24276,24401,24401,817457300
2022-03-25,24439,24674,24337,24559,24559,637523100
2022-03-28,24594,25093,24580,24713,24713,562470800
2022-03-29,25026,25506,24916,25308,25308,684783800
2022-03-30,25221,25358,25065,25300,25300,760812800
2022-03-31,25336,25367,25021,25021,25021,698466800
2022-04-01,25055,25297,24950,25163,25163,640705800
2022-04-04,25202,25240,24906,25176,25176,540352000
2022-04-05,25165,25280,24853,24960,24960,445472100
2022-04-06,24916,25016,24191,24447,24447,525445400
2022-04-07,24526,24913,24276,24303,24303,464475800
2022-04-08,24667,24844,24616,24819,24819,500051900
2022-04-11,24774,24981,24606,24749,24749,372617600
2022-04-12,24459,24810,24336,24667,24667,427734600
2022-04-13,24588,24722,24513,24722,24722,398769200
2022-04-14,24784,24943,24659,24862,24862,423365700
2022-04-19,24581,24675,24355,24624,24624,359742400
2022-04-20,24661,24928,24606,24878,24878,370914100
2022-04-21,24873,24984,24806,24806,24806,361956100
2022-04-22,24442,24601,24261,24280,24280,443872600
2022-04-25,23888,24108,23734,23909,23909,358461500
2022-04-26,24150,24153,23679,23682,23682,359105800
2022-04-27,23702,23887,23304,23830,23830,394768900
2022-04-28,24040,24248,23835,24056,24056,329995300
2022-04-29,24313,24409,24129,24252,24252,357495400
2022-05-02,24042,24121,23320,23857,23857,349572200
2022-05-03,24035,24242,23951,24242,24242,358182400
2022-05-04,24265,24304,23894,23902,23902,364539500
2022-05-05,24349,24441,23695,23760,23760,481453500
2022-05-06,23688,23814,23356,23476,23476,484070600
2022-05-09,23419,23542,22833,22833,22833,400315000
2022-05-10,23085,23378,23021,23070,23070,429969700
2022-05-11,23276,23724,23152,23724,23724,471116200
2022-05-12,23310,23707,23219,23566,23566,424182600
2022-05-13,23768,24048,23669,24048,24048,364913400
2022-05-16,23979,24149,23869,24033,24033,321864600
2022-05-17,24230,24475,24168,24302,24302,363427400
2022-05-18,24338,24388,24061,24086,24086,344060900
2022-05-19,23877,24070,23720,24065,24065,340805300
2022-05-20,24224,24543,24035,24095,24095,396640200
2022-05-23,24050,24137,23778,24137,24137,342164500
2022-05-24,23890,24082,23797,23876,23876,358772700
2022-05-25,24089,24291,23854,24250,24250,352799600
2022-05-26,24284,24572,24211,24547,24547,272708200
2022-05-27,24636,24673,24445,24636,24636,284738300
2022-05-30,24772,24835,24675,24809,24809,364633000
2022-05-31,24730,24788,24453,24505,24505,667807100
2022-06-01,24657,24695,24230,24284,24284,361429400
2022-06-02,24382,24448,24287,24427,24427,198464800
2022-06-03,24565,24575,24113,24167,24167,243310500
2022-06-06,24352,24649,24347,24566,24566,252542800
2022-06-07,24446,24463,24209,24366,24366,300169400
2022-06-08,24418,24445,24101,24237,24237,281019400
2022-06-09,24077,24196,23641,23777,23777,355820100
2022-06-10,23619,23626,22545,22547,22547,732032000
2022-06-13,22106,22255,21797,21918,21918,511753800
2022-06-14,22107,22166,21616,21847,21847,407278600
2022-06-15,22214,22599,22079,22474,22474,483970700
2022-06-16,22347,22397,21723,21727,21727,431048500
2022-06-17,21748,22224,21737,21789,21789,670781300
2022-06-20,21845,22032,21723,22004,22004,313111200
2022-06-21,22077,22294,22026,22089,22089,316449000
2022-06-22,21719,21935,21502,21789,21789,333714300
2022-06-23,21694,21968,21452,21615,21615,471403600
2022-06-24,21700,22160,21593,22119,22119,363744400
2022-06-27,22219,22349,21839,21929,21929,343807600
2022-06-28,22065,22283,22026,22101,22101,307070700
2022-06-29,21862,21975,21744,21834,21834,282028700
2022-06-30,21495,21566,21141,21294,21294,522736000
2022-07-01,21067,21547,21024,21355,21355,376541900
2022-07-04,21503,21566,21318,21344,21344,311479800
2022-07-05,21479,21479,20699,20705,20705,416457600
2022-07-06,20997,21054,20743,20921,20921,383257400
2022-07-07,21190,21581,21144,21558,21558,451762500
2022-07-08,21541,21839,21476,21774,21774,353311000
2022-07-11,21455,21772,21434,21568,21568,367306400
2022-07-12,21414,21511,21285,21486,21486,452468500
2022-07-13,21405,21431,21039,21286,21286,362058200
2022-07-14,21143,21169,20421,20554,20554,569346200
2022-07-15,20568,20977,20469,20933,20933,554128100
2022-07-18,20933,21294,20931,21169,21169,420226400
2022-07-19,21003,21705,21002,21696,21696,470556000
2022-07-20,21771,21842,21207,21348,21348,520747600
2022-07-21,20918,21323,20725,21197,21197,724201000
2022-07-22,21165,21385,21094,21212,21212,446864000
2022-07-25,21153,21414,21115,21383,21383,370609200
2022-07-26,21351,21371,21146,21160,21160,377526200
2022-07-27,21292,21498,21252,21481,21481,393246000
2022-07-28,21700,21932,21636,21932,21932,419821600
2022-07-29,22197,22494,22120,22405,22405,526844600
2022-08-01,22488,22808,22429,22429,22429,385204900
2022-08-02,22386,22402,22156,22351,22351,345526300
2022-08-03,22375,22581,22300,22575,22575,427583900
2022-08-04,22650,22880,22590,22646,22646,456256900
2022-08-05,22677,22732,22500,22587,22587,401954400
2022-08-08,22722,22828,22560,22728,22728,292730300
2022-08-09,22728,22771,22470,22488,22488,288696400
2022-08-10,22419,22733,22354,22702,22702,279043900
2022-08-11,22814,22870,22755,22858,22858,277055400
2022-08-12,22869,23015,22866,22971,22971,432556800
2022-08-16,23083,23154,22962,22998,22998,335462100
2022-08-17,23091,23154,22726,22758,22758,306882200
2022-08-18,22788,22986,22786,22986,22986,267309900
2022-08-19,22891,22931,22522,22535,22535,354849400
2022-08-22,22356,22433,22042,22166,22166,416375700
2022-08-23,22070,22475,22042,22380,22380,428462800
2022-08-24,22300,22466,22134,22431,22431,339358000
2022-08-25,22581,22607,22319,22454,22454,422052500
2022-08-26,22556,22565,21888,21895,21895,381928400
2022-08-29,21664,21904,21539,21842,21842,311263600
2022-08-30,21960,22229,21760,21825,21825,405269700
2022-08-31,21952,21994,21559,21559,21559,467509100
2022-09-01,21338,21447,21223,21302,21302,337343100
2022-09-02,21423,21947,21376,21921,21921,375061100
2022-09-05,21449,21553,21270,21480,21480,346167100
2022-09-06,21479,21626,21317,21481,21481,296134000
2022-09-07,21318,21545,21283,21489,21489,481173600
2022-09-08,21616,21728,21203,21678,21678,577406700
2022-09-09,21765,22167,21759,22095,22095,538142200
2022-09-12,22227,22668,22218,22610,22610,482361600
2022-09-13,22699,22882,22304,22304,22304,503454600
2022-09-14,22211,22502,22202,22413,22413,386901600
2022-09-15,22418,22573,22281,22366,22366,465284200
2022-09-16,22077,22224,21896,22111,22111,995122100
2022-09-19,22040,22266,21774,22141,22141,423063400
2022-09-20,22273,22367,21730,21774,21774,527295900
2022-09-21,21620,22036,21615,22036,22036,395912700
2022-09-22,21709,22186,21682,21799,21799,433770900
2022-09-23,21741,21759,21040,21067,21067,500228400
2022-09-26,20954,21389,20954,21207,21207,472341300
2022-09-27,21396,21493,20961,20961,20961,527970000
2022-09-28,20768,20906,20482,20853,20853,509551200
2022-09-29,20837,20848,20183,20353,20353,437743100
2022-09-30,20482,20692,20416,20649,20649,467354100
2022-10-03,20475,20973,20361,20973,20973,400944800
2022-10-04,21268,21691,21207,21691,21691,403945200
2022-10-05,21546,21620,21177,21361,21361,402015300
2022-10-06,21463,21500,21043,21141,21141,397961400
2022-10-07,21027,21255,20862,20902,20902,342344400
2022-10-10,20732,20975,20718,20913,20913,367998900
2022-10-11,20720,20799,20502,20731,20731,455465000
2022-10-12,20705,20755,20421,20467,20467,377391000
2022-10-13,20408,20826,20192,20786,20786,458577200
2022-10-14,21105,21309,20902,20931,20931,435448900
2022-10-17,20978,21390,20856,21320,21320,329692300
2022-10-18,21514,21828,21503,21519,21519,544115900
2022-10-19,21637,21657,21398,21472,21472,317854200
2022-10-20,21465,21754,21398,21702,21702,380199900
2022-10-21,21509,21643,21261,21568,21568,358440400
2022-10-24,21757,22141,21571,21983,21983,425390000
2022-10-25,22085,22290,21858,22290,22290,416215300
2022-10-26,22244,22405,22130,22390,22390,402728500
2022-10-27,22285,22634,22188,22590,22590,598066800
2022-10-28,22385,22560,22255,22529,22529,393453500
2022-10-31,22604,22725,22459,22652,22652,376563300
2022-11-01,22860,23102,22730,22796,22796,467679400
2022-11-02,22865,22970,22778,22803,22803,512251100
2022-11-03,22565,22706,22507,22706,22706,493262700
2022-11-04,22815,23392,22653,23282,23282,691058700
2022-11-07,23186,23525,23158,23493,23493,692042000
2022-11-08,23431,23732,23378,23694,23694,731285800
2022-11-09,23697,23847,23626,23780,23780,463540300
2022-11-10,23670,24440,23669,24394,24394,824957200
2022-11-11,24539,24676,24402,24456,24456,634189300
2022-11-14,24583,24725,24512,24597,24597,394243400
2022-11-15,24673,24764,24498,24700,24700,499693900
2022-11-16,24725,24759,24514,24531,24531,483665300
2022-11-17,24626,24680,24184,24340,24340,465796300
2022-11-18,24501,24700,24422,24675,24675,568161900
2022-11-21,24509,24567,24315,24356,24356,442472800
2022-11-22,24456,24657,24351,24591,24591,356506900
2022-11-23,24613,24613,24399,24581,24581,427043100
2022-11-24,24634,24761,24593,24731,24731,311226900
2022-11-25,24744,24803,24656,24719,24719,255539600
2022-11-28,24557,24600,24407,24441,24441,377821400
2022-11-29,24533,24562,24253,24466,24466,359518400
2022-11-30,24585,24685,24475,24610,24610,681498200
2022-12-01,24806,24857,24599,24686,24686,619545100
2022-12-02,24625,24702,24415,24622,24622,354863900
2022-12-05,24607,24674,24495,24548,24548,271908000
2022-12-06,24511,24582,24265,24265,24265,463522700
2022-12-07,24256,24429,24155,24241,24241,317701100
2022-12-08,24278,24300,24103,24207,24207,243494700
2022-12-09,24333,24333,23941,24277,24277,396141100
2022-12-12,24173,24353,24133,24304,24304,345228100
2022-12-13,24396,24899,24292,24637,24637,464187300
2022-12-14,24588,24667,24514,24574,24574,314553900
2022-12-15,24424,24481,23726,23726,23726,568089000
2022-12-16,23739,23815,23505,23688,23688,668735500
2022-12-19,23765,23912,23661,23684,23684,335971100
2022-12-20,23411,23759,23353,23718,23718,371100900
2022-12-21,23820,24112,23757,24112,24112,332791000
2022-12-22,24126,24192,23786,23813,23813,280811100
2022-12-23,23830,23938,23773,23878,23878,253043700
2022-12-27,24033,24081,23808,23856,23856,216142900
2022-12-28,23850,23913,23721,23770,23770,283942900
2022-12-29,23689,24065,23645,24057,24057,287294200
2022-12-30,23924,23956,23702,23707,23707,252891700
2023-01-02,23869,24158,23862,24158,24158,273453000
2023-01-03,24165,24612,24111,24436,24436,460535500
2023-01-04,24532,24920,24484,24861,24861,597639400
2023-01-05,24805,24939,24759,24833,24833,318474900
2023-01-06,24934,25180,24821,25180,25180,425168300
2023-01-09,25210,25455,25195,25385,25385,594611500
2023-01-10,25292,25390,25244,25365,25365,446231300
2023-01-11,25404,25603,25314,25547,25547,545453700
2023-01-12,25613,25803,25559,25734,25734,567193100
2023-01-13,25747,25861,25651,25783,25783,401813500
2023-01-16,25875,25933,25753,25901,25901,453728800
2023-01-17,25915,26072,25704,25981,25981,553273700
2023-01-18,26014,26149,25951,26052,26052,492963700
2023-01-19,25943,25976,25596,25596,25596,502674300
2023-01-20,25766,25834,25690,25776,25776,448719700
2023-01-23,25827,25897,25618,25821,25821,393544500
2023-01-24,25909,25930,25735,25884,25884,404309400
2023-01-25,25902,25917,25715,25875,25875,365694200
2023-01-26,26013,26218,25980,26218,26218,428513100
2023-01-27,26252,26473,26197,26436,26436,408994100
2023-01-30,26385,26439,26275,26336,26336,656150100
2023-01-31,26347,26623,26245,26600,26600,695312700
2023-02-01,26708,26827,26627,26704,26704,576837500
2023-02-02,26851,27133,26832,27101,27101,981751000
2023-02-03,26989,27015,26703,26951,26951,676428400
2023-02-06,26800,27022,26692,27022,27022,664293500
2023-02-07,27105,27219,27022,27119,27119,705676000
2023-02-08,27290,27377,27161,27161,27161,668219200
2023-02-09,27315,27584,27312,27504,27504,730837600
2023-02-10,27443,27563,27095,27268,27268,555251800
2023-02-13,27349,27458,27285,27439,27439,634146500
2023-02-14,27508,27681,27438,27498,27498,520296300
2023-02-15,27483,27585,27426,27534,27534,541963900
2023-02-16,27685,27876,27612,27854,27854,611548100
2023-02-17,27691,27857,27474,27751,27751,790198400
2023-02-20,27843,27852,27590,27597,27597,553061800
2023-02-21,27524,27575,27157,27409,27409,542316600
2023-02-22,27362,27389,26868,27102,27102,672419600
2023-02-23,27181,27449,27132,27278,27278,560127200
2023-02-24,27377,27413,26961,26986,26986,531513900
2023-02-27,27215,27542,27202,27444,27444,491986500
2023-02-28,27345,27655,27253,27478,27478,775334900
2023-03-01,27561,27705,27275,27315,27315,583401500
2023-03-02,27234,27426,27036,27398,27398,371830200
2023-03-03,27572,27839,27561,27825,27825,428047500
2023-03-06,27948,28050,27828,27949,27949,554470200
2023-03-07,27888,28018,27757,27762,27762,441739500
2023-03-08,27669,27922,27664,27912,27912,385010300
2023-03-09,27919,27949,27559,27711,27711,401790800
2023-03-10,27140,27320,26982,27282,27282,511907900
2023-03-13,27202,27202,25995,26184,26184,913690400
2023-03-14,26196,26844,26087,26801,26801,595702600
2023-03-15,26695,26860,25513,25566,25566,834015200
2023-03-16,25980,26175,25306,25919,25919,674231500
2023-03-17,26145,26372,25330,25495,25495,1045058400
2023-03-20,25246,26000,24751,25900,25900,764799400
2023-03-21,26185,26694,26169,26554,26554,547713300
2023-03-22,26519,26678,26439,26523,26523,373498500
2023-03-23,26458,26607,26248,26482,26482,394823300
2023-03-24,26292,26311,25709,25892,25892,537974400
2023-03-27,26274,26349,25998,26207,26207,324453800
2023-03-28,26483,26499,26161,26329,26329,362879200
2023-03-29,26460,26741,26420,26739,26739,371529900
2023-03-30,26889,27108,26857,27021,27021,375512500
2023-03-31,27023,27186,26883,27114,27114,389511200
2023-04-03,27183,27315,27156,27179,27179,417507900
2023-04-04,27250,27343,27013,27027,27027,417318400
2023-04-05,27020,27082,26783,26867,26867,383442200
2023-04-06,26957,27222,26952,27214,27214,344858300
2023-04-11,27433,27526,27363,27526,27526,358703300
2023-04-12,27533,27952,27518,27629,27629,386925000
2023-04-13,27684,27711,27510,27627,27627,389280100
2023-04-14,27742,27932,27694,27872,27872,407647300
2023-04-17,27939,28110,27700,27700,27700,376921000
2023-04-18,27851,28008,27732,27891,27891,376606900
2023-04-19,27878,28029,27796,27934,27934,737145700
2023-04-20,27922,27937,27557,27627,27627,596977300
2023-04-21,27625,27757,27483,27746,27746,680638000
2023-04-24,27408,27588,27375,27537,27537,401807400
2023-04-25,27395,27397,27161,27253,27253,383475300
2023-04-26,27101,27167,26852,27108,27108,448461600
2023-04-27,27117,27228,27007,27158,27158,367810500
2023-04-28,27252,27283,26668,27077,27077,447347400
2023-05-02,27163,27343,26608,26630,26630,396391600
2023-05-03,26765,27003,26757,26835,26835,451218200
2023-05-04,26766,26800,26495,26670,26670,399239500
2023-05-05,26868,27354,26805,27349,27349,536337000
2023-05-08,27375,27474,27312,27426,27426,347435400
2023-05-09,27445,27486,27206,27384,27384,355766200
2023-05-10,27440,27476,27172,27265,27265,570764300
2023-05-11,27315,27371,26896,27099,27099,454332900
2023-05-12,27250,27436,27222,27347,27347,309355600
2023-05-15,27451,27484,27173,27245,27245,284730700
2023-05-16,27186,27368,27110,27199,27199,443917200
2023-05-17,27064,27238,26938,27196,27196,315694900
2023-05-18,27401,27588,27236,27236,27236,408353800
2023-05-19,27336,27674,27311,27520,27520,419433100
2023-05-22,27257,27485,27187,27311,27311,329661600
2023-05-23,27252,27315,27127,27175,27175,262021200
2023-05-24,26987,26989,26459,26525,26525,470197500
2023-05-25,26573,26585,26287,26408,26408,377030300
2023-05-26,26510,26768,26179,26713,26713,412949400
2023-05-29,26876,26881,26503,26617,26617,239452300
2023-05-30,26579,26807,26508,26576,26576,283844200
2023-05-31,26395,26542,26000,26051,26051,839245800
2023-06-01,26280,26583,26278,26576,26576,343360600
2023-06-02,26752,27105,26634,27068,27068,326740100
2023-06-05,27111,27111,26726,26857,26857,334206200
2023-06-06,26789,27037,26687,27037,27037,347584800
2023-06-07,27013,27056,26778,27056,27056,369944700
2023-06-08,27059,27384,27005,27275,27275,427430600
2023-06-09,27290,27366,27094,27162,27162,359243500
2023-06-12,27266,27469,27232,27410,27410,384612800
2023-06-13,27511,27613,27354,27566,27566,318053900
2023-06-14,27579,27970,27566,27809,27809,503698100
2023-06-15,27725,27787,27553,27732,27732,371693100
2023-06-16,27757,27961,27694,27862,27862,729056200
2023-06-19,27724,27896,27701,27754,27754,342574100
2023-06-20,27657,27822,27574,27576,27576,374128500
2023-06-21,27586,27731,27563,27609,27609,366780000
2023-06-22,27368,27509,27083,27410,27410,535748900
2023-06-23,27272,27328,27111,27210,27210,409199900
2023-06-26,27229,27318,26864,27243,27243,386297100
2023-06-27,27397,27443,27178,27401,27401,355925200
2023-06-28,27557,27644,27435,27637,27637,368838700
2023-06-29,27666,27964,27648,27928,27928,402881900
2023-06-30,28079,28312,28048,28231,28231,457549900
2023-07-03,28379,28550,28370,28447,28447,396466200
2023-07-04,28503,28558,28383,28387,28387,354004200
2023-07-05,28272,28405,28185,28220,28220,368625900
2023-07-06,27991,28038,27420,27507,27507,474105100
2023-07-07,27531,27792,27381,27778,27778,360002200
2023-07-10,27715,27997,27620,27872,27872,272183100
2023-07-11,27969,28103,27835,28062,28062,294616000
2023-07-12,28185,28599,28171,28552,28552,457250100
2023-07-13,28578,28876,28575,28775,28775,420187400
2023-07-14,28761,28825,28625,28663,28663,376051300
2023-07-17,28546,28728,28528,28609,28609,262088600
2023-07-18,28611,28724,28535,28707,28707,272962500
2023-07-19,28801,28896,28630,28712,28712,344226700
2023-07-20,28634,28866,28630,28816,28816,374737100
2023-07-21,28808,28920,28800,28855,28855,314751700
2023-07-24,28688,28913,28648,28908,28908,290903300
2023-07-25,28988,28988,28845,28966,28966,293283600
2023-07-26,29101,29154,28779,28980,28980,410639100
2023-07-27,29105,29598,29043,29598,29598,536051400
2023-07-28,29551,29599,29448,29500,29500,485711700
2023-07-31,29510,29712,29490,29645,29645,459718200
2023-08-01,29642,29758,29273,29356,29356,485044200
2023-08-02,29040,29187,28815,28975,28975,391615300
2023-08-03,28824,28830,28470,28703,28703,507533900
2023-08-04,28760,28792,28495,28586,28586,384907800
2023-08-07,28556,28687,28334,28548,28548,321383000
2023-08-08,28383,28444,27771,27942,27942,828374600
2023-08-09,28324,28525,28218,28308,28308,621622200
2023-08-10,28474,28687,28439,28575,28575,652369800
2023-08-11,28443,28477,28242,28275,28275,619234000
2023-08-14,28216,28504,28197,28435,28435,430699700
2023-08-16,28061,28405,28035,28170,28170,358803300
2023-08-17,28048,28162,27850,27879,27879,304128000
2023-08-18,27779,27801,27566,27762,27762,311403400
2023-08-21,27851,28233,27842,27987,27987,348514600
2023-08-22,28141,28319,28046,28165,28165,278396900
2023-08-23,28268,28381,28133,28234,28234,282954000
2023-08-24,28485,28544,28072,28072,28072,291265300
2023-08-25,28047,28419,28039,28208,28208,234066100
2023-08-28,28432,28630,28385,28545,28545,382144000
2023-08-29,28633,28894,28601,28890,28890,501840800
2023-08-30,28967,29103,28850,28917,28917,395150900
2023-08-31,28938,29046,28832,28832,28832,530429200
2023-09-01,28815,28955,28622,28650,28650,442734600
2023-09-04,28801,28896,28603,28647,28647,564846100
2023-09-05,28519,28741,28444,28652,28652,385180300
2023-09-06,28552,28634,28211,28211,28211,540801500
2023-09-07,28103,28296,28002,28156,28156,397759800
2023-09-08,28263,28306,27864,28233,28233,440727200
2023-09-11,28433,28550,28354,28525,28525,312208900
2023-09-12,28595,28608,28425,28585,28585,417066700
2023-09-13,28499,28576,28247,28482,28482,412442300
2023-09-14,28412,28919,28303,28873,28873,623791400
2023-09-15,29054,29130,28846,28895,28895,761337100
2023-09-18,28871,28916,28492,28586,28586,396604000
2023-09-19,28528,28795,28506,28758,28758,515386800
2023-09-20,28784,29275,28756,29229,29229,770231900
2023-09-21,28994,29078,28646,28709,28709,528203700
2023-09-22,28528,28703,28474,28576,28576,497697400
2023-09-25,28519,28676,28116,28382,28382,461125000
2023-09-26,28274,28290,27993,28099,28099,405115800
2023-09-27,28109,28221,27932,28012,28012,357638300
2023-09-28,28016,28178,27811,28163,28163,472089300
2023-09-29,28307,28506,28190,28243,28243,381564900
2023-10-02,28243,28302,27778,27850,27850,389361700
2023-10-03,27708,27951,27444,27482,27482,421049800
2023-10-04,27351,27589,27146,27436,27436,436014900
2023-10-05,27515,27628,27318,27491,27491,471642500
2023-10-06,27606,27840,27433,27811,27811,743314400
2023-10-09,27716,27831,27467,27682,27682,477989100
2023-10-10,27945,28362,27945,28318,28318,494264700
2023-10-11,28163,28587,28163,28419,28419,441672400
2023-10-12,28579,28753,28450,28493,28493,453387800
2023-10-13,28430,28534,28210,28237,28237,573925400
2023-10-16,28333,28460,28064,28392,28392,922444500
2023-10-17,28355,28527,28139,28367,28367,592671700
2023-10-18,28352,28514,28102,28136,28136,618819100
2023-10-19,28019,28019,27716,27747,27747,384626100
2023-10-20,27570,27635,27336,27357,27357,476957100
2023-10-23,27451,27598,27199,27559,27559,510222600
2023-10-24,27575,27676,27293,27573,27573,384426100
2023-10-25,27492,27515,27236,27429,27429,530722700
2023-10-26,27244,27586,27078,27508,27508,558997200
2023-10-27,27646,27705,27228,27287,27287,344813100
2023-10-30,27405,27569,27305,27340,27340,393410800
2023-10-31,27422,27794,27384,27742,27742,410533000
2023-11-01,27843,28080,27677,27985,27985,413372000
2023-11-02,28207,28567,28181,28479,28479,495663000
2023-11-03,28612,28746,28509,28675,28675,507003300
2023-11-06,28792,28810,28548,28593,28593,727107500
2023-11-07,28474,28690,28328,28396,28396,367704700
2023-11-08,28332,28649,28192,28433,28433,399616600
2023-11-09,28443,28692,28387,28644,28644,439190900
2023-11-10,28563,28581,28390,28504,28504,366605600
2023-11-13,28623,28928,28623,28925,28925,520370100
2023-11-14,29015,29413,28976,29344,29344,571957300
2023-11-15,29389,29561,29374,29467,29467,480572200
2023-11-16,29453,29568,29258,29258,29258,457588000
2023-11-17,29320,29540,29320,29498,29498,451530500
2023-11-20,29452,29581,29422,29542,29542,395888600
2023-11-21,29503,29537,29153,29153,29153,480207000
2023-11-22,29242,29361,29098,29155,29155,300388300
2023-11-23,29221,29273,29080,29236,29236,256312900
2023-11-24,29277,29438,29192,29432,29432,291441400
2023-11-27,29430,29480,29253,29342,29342,392656800
2023-11-28,29316,29378,29187,29377,29377,310413400
2023-11-29,29409,29730,29403,29688,29688,586941700
2023-11-30,29793,29883,29645,29737,29737,872068800
2023-12-01,29836,29944,29755,29928,29928,372554400
2023-12-04,29920,29984,29826,29914,29914,387937900
2023-12-05,29903,30090,29889,30083,30083,390244900
2023-12-06,30212,30455,30140,30326,30326,394851500
2023-12-07,30297,30343,30053,30122,30122,421882000
2023-12-08,30150,30427,30058,30404,30404,315888900
2023-12-11,30418,30470,30303,30427,30427,309967400
2023-12-12,30501,30571,30341,30342,30342,428779800
2023-12-13,30357,30466,30294,30296,30296,471257900
2023-12-14,30595,30653,30146,30359,30359,828047200
2023-12-15,30502,30593,30303,30374,30374,1031364400
2023-12-18,30275,30339,30196,30241,30241,506372100
2023-12-19,30262,30375,30201,30364,30364,407486700
2023-12-20,30452,30461,30204,30361,30361,671724000
2023-12-21,30221,30313,30143,30274,30274,430096600
2023-12-22,30268,30393,30209,30353,30353,459968700
2023-12-27,30414,30516,30325,30422,30422,313142300
2023-12-28,30502,30519,30331,30331,30331,238378900
2023-12-29,30376,30481,30316,30352,30352,276797300
