"Fecha","Open","High","Low","Close","Adj.Close","Volume"
2007-01-02,12924.5,12989.599609375,12908.400390625,12923.7001953125,12923.7001953125,60857400
2007-01-03,12919.2001953125,12926.400390625,12672.7998046875,12701.400390625,12701.400390625,199791400
2007-01-04,12679.2001953125,12701.400390625,12519.400390625,12553.599609375,12553.599609375,247371600
2007-01-05,12517.599609375,12553.599609375,12439.2998046875,12478,12478,201713900
2007-01-08,12558.2998046875,12617.2998046875,12478,12553.099609375,12553.099609375,172708200
2007-01-09,12496.7998046875,12553.099609375,12412.7998046875,12468,12468,207620800
2007-01-10,12461.2001953125,12474.2001953125,12412.599609375,12457.599609375,12457.599609375,196377200
2007-01-11,12455,12594.099609375,12453.099609375,12519.900390625,12519.900390625,213038300
2007-01-12,12565.2001953125,12702.900390625,12519.900390625,12678.7998046875,12678.7998046875,186501500
2007-01-15,12714.7001953125,12776.400390625,12678.7998046875,12755.400390625,12755.400390625,75247400
2007-01-16,12708.2001953125,12760.2001953125,12679.599609375,12720.2998046875,12720.2998046875,186471100
2007-01-17,12705.7001953125,12751.2001953125,12651.400390625,12730.400390625,12730.400390625,193312500
2007-01-18,12762.400390625,12795.900390625,12629.7001953125,12640.7001953125,12640.7001953125,202792000
2007-01-19,12638.7001953125,12751.599609375,12637.5,12719,12719,184046200
2007-01-22,12779.2998046875,12790.599609375,12696.2001953125,12705.7998046875,12705.7998046875,161886800
2007-01-23,12765.5,12910.900390625,12705.7998046875,12910.900390625,12910.900390625,220488600
2007-01-24,12875.7998046875,13030.099609375,12875.7998046875,13010.7001953125,13010.7001953125,196440200
2007-01-25,13038.2001953125,13046.599609375,12921.7998046875,12927.2998046875,12927.2998046875,221637500
2007-01-26,12976.2001953125,13006.7998046875,12927.2998046875,12979.2998046875,12979.2998046875,154448900
2007-01-29,12988.7001953125,13025,12926,12946,12946,216575300
2007-01-30,12951.900390625,13034.2001953125,12924.400390625,13014.599609375,13014.599609375,229124000
2007-01-31,12967,13074.099609375,12967,13034.099609375,13034.099609375,221977700
2007-02-01,13090.7001953125,13178.900390625,13034.099609375,13144.7001953125,13144.7001953125,220033300
2007-02-02,13177.7001953125,13177.7998046875,13102.5,13111.599609375,13111.599609375,187389600
2007-02-05,13144.900390625,13177,13111.599609375,13166.7001953125,13166.7001953125,140378600
2007-02-06,13204,13222.400390625,13158.400390625,13183.2998046875,13183.2998046875,174213000
2007-02-07,13210.599609375,13237.7001953125,13108.2001953125,13142.2998046875,13142.2998046875,194201100
2007-02-08,13138.900390625,13185.099609375,13095.599609375,13184.2998046875,13184.2998046875,199769200
2007-02-09,13177.5,13209.2998046875,13069.7998046875,13084,13084,201590600
2007-02-12,13100.599609375,13128.7998046875,13018.599609375,13040.5,13040.5,157700800
2007-02-13,13068.099609375,13171.7998046875,13040.5,13171.7998046875,13171.7998046875,191164800
2007-02-14,13209.5,13258.7998046875,13171.7998046875,13204.5,13204.5,195645300
2007-02-15,13218.2998046875,13294.2998046875,13204.5,13288.2001953125,13288.2001953125,223171500
2007-02-16,13310.099609375,13325.099609375,13279.2001953125,13312,13312,208040000
2007-02-19,13314,13323.7998046875,13281.7998046875,13291.5,13291.5,86850300
2007-02-20,13220.7001953125,13322.7001953125,13200.7001953125,13319.7001953125,13319.7001953125,206971500
2007-02-21,13309.5,13331.599609375,13238.2001953125,13330.2998046875,13330.2998046875,239685200
2007-02-22,13373.2998046875,13377.7998046875,13248.400390625,13318,13318,198729400
2007-02-23,13364.900390625,13376.2998046875,13318,13343.5,13343.5,171308000
2007-02-26,13406.2001953125,13433,13343.5,13404.5,13404.5,197053300
2007-02-27,13259.2998046875,13404.5,12947.900390625,13040.099609375,13040.099609375,249326400
2007-02-28,13049,13086.099609375,12951.7001953125,13045,13045,218005000
2007-03-01,12920,13045,12794.900390625,12981.099609375,12981.099609375,212759300
2007-03-02,12930.2998046875,13024.900390625,12857,12863.2998046875,12863.2998046875,232959700
2007-03-05,12691.5,12863.2998046875,12674.7001953125,12711.2998046875,12711.2998046875,202800500
2007-03-06,12831.7001953125,12886,12711.2998046875,12868.2001953125,12868.2001953125,213557300
2007-03-07,12891.900390625,13016.599609375,12868.2001953125,12989.599609375,12989.599609375,186820800
2007-03-08,13030.599609375,13102.2998046875,12989.599609375,13051,13051,188968400
2007-03-09,13050.7001953125,13102.400390625,13026.7001953125,13057.400390625,13057.400390625,152614600
2007-03-12,13032.599609375,13065.2001953125,13004.099609375,13065.2001953125,13065.2001953125,151876400
2007-03-13,13042.2001953125,13095.5,12804.5,12809.599609375,12809.599609375,175190600
2007-03-14,12776.2001953125,12842.5,12661.5,12808.7001953125,12808.7001953125,199023500
2007-03-15,12859.7998046875,12901.400390625,12808.7001953125,12874.2998046875,12874.2998046875,168906900
2007-03-16,12873.5,12932.900390625,12814,12829.7001953125,12829.7001953125,253309200
2007-03-19,12894.7001953125,13025.7001953125,12829.7001953125,13011.7001953125,13011.7001953125,155104400
2007-03-20,13012.5,13045.7998046875,12975.2001953125,12977.400390625,12977.400390625,153814100
2007-03-21,12985,13155.599609375,12977.400390625,13155.599609375,13155.599609375,185137400
2007-03-22,13190.599609375,13231.599609375,13135.7998046875,13139.599609375,13139.599609375,229223500
2007-03-23,13152.400390625,13237.7001953125,13139.599609375,13237.7001953125,13237.7001953125,189586500
2007-03-26,13306.2001953125,13308.099609375,13216.2998046875,13302.900390625,13302.900390625,222152400
2007-03-27,13254.2001953125,13302.900390625,13203.099609375,13218.7998046875,13218.7998046875,176646600
2007-03-28,13216.5,13247.599609375,13182.5,13197.2001953125,13197.2001953125,225507400
2007-03-29,13275.2998046875,13299.5,13197.2001953125,13258,13258,193218300
2007-03-30,13229.099609375,13258,13143.099609375,13165.5,13165.5,202292000
2007-04-02,13185.2998046875,13268.599609375,13165.5,13265.7998046875,13265.7998046875,145315400
2007-04-03,13275.099609375,13383.599609375,13254.099609375,13361.2001953125,13361.2001953125,208472600
2007-04-04,13367.900390625,13448.2998046875,13322.2001953125,13448.2998046875,13448.2998046875,222440300
2007-04-05,13445.2998046875,13460.2998046875,13425,13425,13425,165520400
2007-04-09,13459.400390625,13519.099609375,13425,13482.2998046875,13482.2998046875,132136800
2007-04-10,13518.400390625,13518.400390625,13429.099609375,13431.2998046875,13431.2998046875,225567800
2007-04-11,13447.7001953125,13474.599609375,13398.2001953125,13401,13401,241546100
2007-04-12,13396.5,13502.400390625,13359,13499.7001953125,13499.7001953125,197813300
2007-04-13,13509.7001953125,13581.2998046875,13491.900390625,13578.599609375,13578.599609375,203283900
2007-04-16,13599.7998046875,13667.099609375,13578.599609375,13660,13660,205978500
2007-04-17,13712.2001953125,13712.2001953125,13630.2998046875,13658,13658,226247200
2007-04-18,13612.7001953125,13713.099609375,13612.7001953125,13712,13712,183662900
2007-04-19,13582.5,13712,13539,13574.7001953125,13574.7001953125,185490900
2007-04-20,13666.099609375,13673.599609375,13574.7001953125,13664.7001953125,13664.7001953125,348114800
2007-04-23,13639.099609375,13684,13605.599609375,13629,13629,169162000
2007-04-24,13607.400390625,13656.5,13572.099609375,13590.2998046875,13590.2998046875,198853800
2007-04-25,13610,13675.2998046875,13590,13672.900390625,13672.900390625,198452100
2007-04-26,13628.7998046875,13672.900390625,13597.5,13597.5,13597.5,198615100
2007-04-27,13524.7998046875,13632.099609375,13507.400390625,13632,13632,204154300
2007-04-30,13617,13632,13416.7001953125,13416.7001953125,13416.7001953125,189737900
2007-05-01,13430.2001953125,13447.5,13305.099609375,13406.2998046875,13406.2998046875,222947900
2007-05-02,13385.099609375,13598.2998046875,13363.400390625,13578.7001953125,13578.7001953125,262613200
2007-05-03,13639.900390625,13687,13578.7001953125,13687,13687,262884400
2007-05-04,13729.5,13808.7998046875,13687,13769.900390625,13769.900390625,258206600
2007-05-07,13844.2001953125,13896.900390625,13769.900390625,13865.5,13865.5,217697700
2007-05-08,13856.900390625,13915.400390625,13793.2001953125,13915.400390625,13915.400390625,240391200
2007-05-09,13890.7001953125,13950.900390625,13847.5,13895.2001953125,13895.2001953125,258611600
2007-05-10,13875.099609375,13925.5,13819.900390625,13853.099609375,13853.099609375,223108000
2007-05-11,13852.2001953125,14009.2998046875,13851.900390625,14003.7998046875,14003.7998046875,205220100
2007-05-14,13980,14003.7998046875,13893.599609375,13903.2998046875,13903.2998046875,168247700
2007-05-15,13913.7001953125,13979.099609375,13883.599609375,13934.599609375,13934.599609375,211509200
2007-05-16,13927.5,14026.599609375,13923.099609375,14025,14025,209769900
2007-05-17,14011.099609375,14100.7001953125,13946.2998046875,14100.7001953125,14100.7001953125,211902000
2007-05-18,14113,14113,14055.400390625,14105.2998046875,14105.2998046875,181981500
2007-05-22,14129.2001953125,14161.900390625,14098.599609375,14112.2001953125,14112.2001953125,210447500
2007-05-23,14173.7998046875,14216.2001953125,14112.2001953125,14142.5,14142.5,264423200
2007-05-24,14145.099609375,14182.2001953125,13925.400390625,13946.2998046875,13946.2998046875,209701000
2007-05-25,13988.900390625,14077,13946.2998046875,14024.099609375,14024.099609375,193966400
2007-05-28,14041.2998046875,14073.7001953125,14024.099609375,14073.7001953125,14073.7001953125,59849300
2007-05-29,14073,14084.2998046875,13962.7001953125,13962.7001953125,13962.7001953125,223904800
2007-05-30,13927.2001953125,14096.5,13895.900390625,14081.7001953125,14081.7001953125,227615400
2007-05-31,14085.2998046875,14132.2001953125,14056.7998046875,14056.7998046875,14056.7998046875,265406800
2007-06-01,14084.5,14151.400390625,14056.7998046875,14119.400390625,14119.400390625,242379000
2007-06-04,14044.400390625,14146.7001953125,14009,14146.7001953125,14146.7001953125,258584600
2007-06-05,14133.099609375,14170.2998046875,14108.599609375,14141.7001953125,14141.7001953125,234029100
2007-06-06,14094.599609375,14141.7001953125,13914.599609375,13941.599609375,13941.599609375,240053900
2007-06-07,13924.2001953125,13964.5,13700.599609375,13703.900390625,13703.900390625,254420600
2007-06-08,13650.099609375,13809.400390625,13650.099609375,13798.5,13798.5,206591100
2007-06-11,13826.2998046875,13893.7998046875,13798.5,13832.7998046875,13832.7998046875,159244900
2007-06-12,13775.7001953125,13852.099609375,13721.7001953125,13724.2998046875,13724.2998046875,199447700
2007-06-13,13774,13862.5,13724.2998046875,13859.5,13859.5,196390100
2007-06-14,13864.400390625,14003.099609375,13859.5,14002,14002,225142200
2007-06-15,14017.400390625,14146.099609375,14002,14137.400390625,14137.400390625,309281800
2007-06-18,14155.5,14209.400390625,14137.400390625,14176.400390625,14176.400390625,214144700
2007-06-19,14161,14176.400390625,14080.900390625,14119.5,14119.5,217825100
2007-06-20,14139.2001953125,14174.099609375,13978.2001953125,13978.2001953125,13978.2001953125,204065400
2007-06-21,14041.7998046875,14107.2998046875,13941.599609375,14095.7001953125,14095.7001953125,186210700
2007-06-22,14076.900390625,14095.7001953125,13913.900390625,13986,13986,159963300
2007-06-25,13931.900390625,13988.900390625,13838.7998046875,13841.900390625,13841.900390625,194151800
2007-06-26,13861.5,13882.400390625,13646.7998046875,13663.900390625,13663.900390625,254975900
2007-06-27,13618.400390625,13741.900390625,13535.2998046875,13741.900390625,13741.900390625,231437300
2007-06-28,13784.599609375,13824.2001953125,13709,13715.7001953125,13715.7001953125,267820800
2007-06-29,13843.7001953125,13906.599609375,13715.7001953125,13906.599609375,13906.599609375,218875500
2007-07-03,14001.400390625,14064.7001953125,13906.599609375,14064.7001953125,14064.7001953125,210753200
2007-07-04,14050.2001953125,14092,14039.7998046875,14060.400390625,14060.400390625,88821900
2007-07-05,14093.2001953125,14093.7001953125,13952.7001953125,14079.400390625,14079.400390625,228641300
2007-07-06,14056,14128.400390625,14034.7998046875,14118.7001953125,14118.7001953125,198628700
2007-07-09,14159.400390625,14211.2998046875,14118.7001953125,14177.5,14177.5,202979300
2007-07-10,14156.7998046875,14207.099609375,14131.900390625,14131.900390625,14131.900390625,195335800
2007-07-11,14126.400390625,14171.7001953125,14087.099609375,14166.099609375,14166.099609375,207098300
2007-07-12,14210.7998046875,14356,14166.099609375,14356,14356,293548000
2007-07-13,14370,14496.5,14356,14496.5,14496.5,190352800
2007-07-16,14460.5,14496.5,14309.5,14338.2998046875,14338.2998046875,232943800
2007-07-17,14370.900390625,14428.599609375,14338.2998046875,14382,14382,212657800
2007-07-18,14369.2001953125,14583.7001953125,14354.599609375,14583.7001953125,14583.7001953125,264110700
2007-07-19,14584.599609375,14646.7998046875,14558.7998046875,14625.7998046875,14625.7998046875,211897800
2007-07-20,14607.2998046875,14633.7998046875,14553.400390625,14582.900390625,14582.900390625,191945700
2007-07-23,14542.599609375,14582.900390625,14429.2001953125,14468.2998046875,14468.2998046875,163201000
2007-07-24,14365.400390625,14468.2998046875,14065,14068.2001953125,14068.2001953125,228169600
2007-07-25,14116.7001953125,14205.900390625,13949.900390625,14105.2998046875,14105.2998046875,228080100
2007-07-26,14027.2998046875,14105.2998046875,13705,13844.599609375,13844.599609375,259855900
2007-07-27,13813.5,13959.099609375,13730,13748.5,13748.5,208563300
2007-07-30,13838.7001953125,13881.2998046875,13748.5,13864.7001953125,13864.7001953125,197170400
2007-07-31,13990.7001953125,14029.099609375,13864.2998046875,13868.599609375,13868.599609375,259323900
2007-08-01,13751.7998046875,13868.599609375,13527.400390625,13654.7001953125,13654.7001953125,236569800
2007-08-02,13768.599609375,13813.599609375,13654.7001953125,13813.599609375,13813.599609375,195141900
2007-08-03,13804.900390625,13813.599609375,13565.2001953125,13565.2001953125,13565.2001953125,227232700
2007-08-07,13570.400390625,13627.900390625,13450.7001953125,13560.599609375,13560.599609375,238428500
2007-08-08,13684.900390625,13835.400390625,13560.599609375,13758.2001953125,13758.2001953125,261535200
2007-08-09,13558.2998046875,13758.2001953125,13460.900390625,13478,13478,310048400
2007-08-10,13400.7001953125,13478,13228.7001953125,13466.2998046875,13466.2998046875,286591000
2007-08-13,13596.2001953125,13652.599609375,13427.5,13427.5,13427.5,200987500
2007-08-14,13501.099609375,13525.7998046875,13210.099609375,13242.599609375,13242.599609375,224308800
2007-08-15,13145.099609375,13323.099609375,13043.400390625,13048.7998046875,13048.7998046875,253137000
2007-08-16,12834,13048.7998046875,12463.7998046875,12848.7001953125,12848.7001953125,376236900
2007-08-17,13161.7001953125,13245.2998046875,12835.7001953125,13049.599609375,13049.599609375,279423600
2007-08-20,13117.400390625,13171,12968.2998046875,13110.2998046875,13110.2998046875,180229600
2007-08-21,13148.2998046875,13257.900390625,13110.2998046875,13238.7001953125,13238.7001953125,186513500
2007-08-22,13383.7001953125,13470.7998046875,13238.7001953125,13463.099609375,13463.099609375,214544200
2007-08-23,13539,13547.5,13358.099609375,13451.099609375,13451.099609375,178057200
2007-08-24,13493.2998046875,13560.599609375,13418,13520.2998046875,13520.2998046875,133891300
2007-08-27,13480,13526.7998046875,13421.7998046875,13487.400390625,13487.400390625,113339700
2007-08-28,13419.7001953125,13487.400390625,13252.5,13264.900390625,13264.900390625,149986000
2007-08-29,13311.7998046875,13494.099609375,13264.900390625,13490.099609375,13490.099609375,170080100
2007-08-30,13425.7001953125,13501.2998046875,13367.599609375,13444.599609375,13444.599609375,149589800
2007-08-31,13590.2998046875,13660.5,13444.599609375,13660.5,13660.5,155691600
2007-09-04,13673.7001953125,13781.599609375,13660.5,13755.2001953125,13755.2001953125,157414800
2007-09-05,13688,13785.7001953125,13652.7998046875,13683.2998046875,13683.2998046875,168668100
2007-09-06,13739.5,13795.7001953125,13670,13795.7001953125,13795.7001953125,229204700
2007-09-07,13661.400390625,13795.7001953125,13620.2998046875,13651.2001953125,13651.2001953125,243160700
2007-09-10,13645.7001953125,13677.7001953125,13539.900390625,13625.5,13625.5,193607600
2007-09-11,13632.599609375,13727.599609375,13625.5,13704.2998046875,13704.2998046875,229447100
2007-09-12,13689.599609375,13767,13685.7998046875,13756.7001953125,13756.7001953125,202758400
2007-09-13,13787.5,13895.900390625,13756.7001953125,13843.2001953125,13843.2001953125,201065700
2007-09-14,13810.599609375,13905.099609375,13801.2001953125,13846.400390625,13846.400390625,182685900
2007-09-17,13832,13877.400390625,13769.900390625,13809.900390625,13809.900390625,136169000
2007-09-18,13808.400390625,14005.400390625,13793.2001953125,14005.400390625,14005.400390625,218283800
2007-09-19,14010.900390625,14070.7001953125,13899.900390625,13939.7998046875,13939.7998046875,251773100
2007-09-20,13941.5,13941.5,13814.5,13838.400390625,13838.400390625,331143100
2007-09-21,13962.900390625,13962.900390625,13838.400390625,13940.099609375,13940.099609375,332403000
2007-09-24,13960.7001953125,14040.599609375,13940.099609375,13958.2998046875,13958.2998046875,288130400
2007-09-25,13889,13999,13874.2998046875,13997.599609375,13997.599609375,223888200
2007-09-26,14061.400390625,14080.2998046875,13975.599609375,14035,14035,225928700
2007-09-27,14130,14139.599609375,14035,14129.7001953125,14129.7001953125,195028700
2007-09-28,14138.2998046875,14167.2998046875,14081.2001953125,14098.900390625,14098.900390625,215798100
2007-10-01,14113.099609375,14214.7001953125,14098.900390625,14200.599609375,14200.599609375,186569500
2007-10-02,14141.400390625,14200.599609375,14061.2998046875,14152.7001953125,14152.7001953125,233912300
2007-10-03,14145.2001953125,14180.7001953125,14016.900390625,14020.900390625,14020.900390625,204685600
2007-10-04,14059.2998046875,14125.099609375,14015.900390625,14125.099609375,14125.099609375,207789100
2007-10-05,14171.5,14261.7001953125,14125.099609375,14233.2998046875,14233.2998046875,188068000
2007-10-09,14284.7001953125,14285.2998046875,14186.2001953125,14262.2001953125,14262.2001953125,297421500
2007-10-10,14268.2001953125,14306.7001953125,14190.099609375,14276.2001953125,14276.2001953125,295092100
2007-10-11,14357,14407.900390625,14161.599609375,14229.400390625,14229.400390625,337402200
2007-10-12,14267.400390625,14307.2998046875,14212.099609375,14295.900390625,14295.900390625,230272900
2007-10-15,14358.2001953125,14360.7001953125,14196.2998046875,14231.2998046875,14231.2998046875,265735300
2007-10-16,14205.5,14231.2998046875,14117.400390625,14153,14153,242588800
2007-10-17,14250.599609375,14254.2001953125,14117,14219.5,14219.5,232740100
2007-10-18,14191.900390625,14335.900390625,14191.900390625,14332,14332,232320400
2007-10-19,14231.900390625,14332,13992,14001.7001953125,14001.7001953125,233144300
2007-10-22,13874.7001953125,14043.599609375,13869.099609375,14043.599609375,14043.599609375,192016800
2007-10-23,14030.400390625,14102.900390625,13978,14087.5,14087.5,216362000
2007-10-24,14065.400390625,14107.7001953125,13933.7001953125,14088.5,14088.5,207270600
2007-10-25,14153.099609375,14175.7001953125,14059.599609375,14124.900390625,14124.900390625,206927400
2007-10-26,14154.599609375,14296.400390625,14124.900390625,14296.400390625,14296.400390625,249226400
2007-10-29,14351.900390625,14431.400390625,14296.400390625,14427.400390625,14427.400390625,252244800
2007-10-30,14356.7998046875,14427.400390625,14290.7001953125,14312.099609375,14312.099609375,209988200
2007-10-31,14384.400390625,14625,14312.099609375,14625,14625,422721600
2007-11-01,14485.7001953125,14625,14346,14372.5,14372.5,265709500
2007-11-02,14427.599609375,14427.599609375,14216.7001953125,14363.900390625,14363.900390625,246736400
2007-11-05,14214.099609375,14363.900390625,14158.7998046875,14273.400390625,14273.400390625,188249400
2007-11-06,14385.400390625,14391.7001953125,14273.400390625,14370.599609375,14370.599609375,259325100
2007-11-07,14342.5,14370.599609375,14117.2001953125,14118.2001953125,14118.2001953125,276431800
2007-11-08,14166.2001953125,14214.099609375,13881.7998046875,14128.599609375,14128.599609375,279329000
2007-11-09,13972.900390625,14128.599609375,13840.2998046875,13869.7998046875,13869.7998046875,236532600
2007-11-12,13819,13869.7998046875,13590,13605,13605,217173000
2007-11-13,13742.900390625,13753.099609375,13579.7998046875,13705.099609375,13705.099609375,227886000
2007-11-14,13873.099609375,13878.099609375,13705.099609375,13774.5,13774.5,226803100
2007-11-15,13692.099609375,13774.5,13450.7998046875,13524.400390625,13524.400390625,228564700
2007-11-16,13565.099609375,13576.400390625,13450.7998046875,13530.400390625,13530.400390625,201214500
2007-11-19,13521.099609375,13536.7998046875,13310.400390625,13348.2001953125,13348.2001953125,202189200
2007-11-20,13393.7001953125,13541.900390625,13312.599609375,13459.7998046875,13459.7998046875,245314700
2007-11-21,13370.5,13459.7998046875,13264.5,13280.599609375,13280.599609375,216490400
2007-11-22,13290.7998046875,13381,13269.099609375,13381,13381,86182000
2007-11-23,13403.099609375,13490.7998046875,13381,13467.2001953125,13467.2001953125,188029100
2007-11-26,13501.099609375,13552.7001953125,13309.2998046875,13321.099609375,13321.099609375,219871500
2007-11-27,13268.7001953125,13374.7998046875,13190.099609375,13369.099609375,13369.099609375,245634500
2007-11-28,13422.2998046875,13637.900390625,13369.099609375,13632.2001953125,13632.2001953125,265412500
2007-11-29,13638.400390625,13679.2998046875,13585.900390625,13663.900390625,13663.900390625,240803900
2007-11-30,13705.2998046875,13785.5,13610.5,13689.099609375,13689.099609375,294043600
2007-12-03,13671.599609375,13718.2001953125,13635,13657.2001953125,13657.2001953125,198374600
2007-12-04,13664.5,13668,13568.5,13579.599609375,13579.599609375,230717600
2007-12-05,13662.400390625,13769.400390625,13579.599609375,13734.5,13734.5,290440800
2007-12-06,13753.7001953125,13850.7998046875,13706.099609375,13849.7998046875,13849.7998046875,244332800
2007-12-07,13896.7998046875,13897.900390625,13826.400390625,13863,13863,199115200
2007-12-10,13915.7998046875,13988.5,13863,13940.400390625,13940.400390625,191317700
2007-12-11,13963.400390625,14027.2001953125,13722.599609375,13723.7001953125,13723.7001953125,223172400
2007-12-12,13906.2001953125,13942,13723.7001953125,13809.400390625,13809.400390625,201438100
2007-12-13,13677.099609375,13809.400390625,13626.400390625,13747.2998046875,13747.2998046875,199186500
2007-12-14,13689.2998046875,13747.2998046875,13636.900390625,13674.2001953125,13674.2001953125,181766900
2007-12-17,13588,13674.2001953125,13376.2998046875,13387.099609375,13387.099609375,208912400
2007-12-18,13534.5,13535.900390625,13295.599609375,13358.099609375,13358.099609375,220468400
2007-12-19,13368.900390625,13492.7001953125,13358.099609375,13389.7998046875,13389.7998046875,180994900
2007-12-20,13456.7001953125,13468.400390625,13350.2001953125,13407,13407,180319900
2007-12-21,13348.7001953125,13603.2998046875,13348.400390625,13596.099609375,13596.099609375,307809100
2007-12-24,13608.5,13694.7998046875,13596.099609375,13694.7998046875,13694.7998046875,57123400
2007-12-27,13686.599609375,13738.599609375,13666.400390625,13675.599609375,13675.599609375,101611500
2007-12-28,13695.2998046875,13822.2998046875,13675.599609375,13821.2998046875,13821.2998046875,88693300
2007-12-31,13816.2998046875,13864.900390625,13788.2001953125,13833.099609375,13833.099609375,82166700
2008-01-02,13907.7001953125,13945.400390625,13833.099609375,13926.7998046875,13926.7998046875,148683700
2008-01-03,13906.7998046875,14037.7001953125,13877.2998046875,13978.2001953125,13978.2001953125,193893700
2008-01-04,13875,13978.2001953125,13769.099609375,13778.599609375,13778.599609375,169909600
2008-01-07,13781.900390625,13839.7001953125,13569.7001953125,13618.900390625,13618.900390625,195406300
2008-01-08,13749,13771.2001953125,13521.7998046875,13541.7998046875,13541.7998046875,235676000
2008-01-09,13528.2998046875,13586.599609375,13414.099609375,13579.900390625,13579.900390625,246848500
2008-01-10,13501.2998046875,13683.900390625,13437,13642.7001953125,13642.7001953125,240158400
2008-01-11,13587,13679.5,13568.2998046875,13632.599609375,13632.599609375,236679500
2008-01-14,13729.5,13734.400390625,13632.599609375,13698.2998046875,13698.2998046875,208299300
2008-01-15,13580.7998046875,13698.2998046875,13314.599609375,13316.7998046875,13316.7998046875,263789600
2008-01-16,13177.7001953125,13316.7998046875,12989.2001953125,13074.900390625,13074.900390625,289472300
2008-01-17,13154.900390625,13209.2998046875,12766.099609375,12795.599609375,12795.599609375,262736600
2008-01-18,12897.7998046875,12962.5,12598.400390625,12737.099609375,12737.099609375,262415400
2008-01-21,12249.099609375,12737.7998046875,12119.900390625,12132.099609375,12132.099609375,170828600
2008-01-22,11982.900390625,12640.900390625,11982.900390625,12640.900390625,12640.900390625,332059700
2008-01-23,12415.5,12682,12216.7998046875,12657.400390625,12657.400390625,300858000
2008-01-24,12936,12974.099609375,12657.2998046875,12907.2998046875,12907.2998046875,292327100
2008-01-25,13171.2998046875,13171.2998046875,12837.900390625,12894.7998046875,12894.7998046875,281087400
2008-01-28,12891.5,12989.7001953125,12774.7998046875,12986.900390625,12986.900390625,202346000
2008-01-29,13037.900390625,13069.2001953125,12972.900390625,13046.400390625,13046.400390625,200174200
2008-01-30,13033,13135.599609375,12946.099609375,12998.2001953125,12998.2001953125,224484600
2008-01-31,12887.400390625,13176.599609375,12817.7001953125,13155.099609375,13155.099609375,288015600
2008-02-01,13202.599609375,13331.099609375,13155.099609375,13318.400390625,13318.400390625,335260300
2008-02-04,13338.2001953125,13351.7001953125,13234.7001953125,13258.2001953125,13258.2001953125,210055300
2008-02-05,13169.099609375,13258.2001953125,12932,12932,12932,206920300
2008-02-06,13064.900390625,13067.2998046875,12838.2998046875,12867.2001953125,12867.2001953125,180121800
2008-02-07,12832.2998046875,12980.400390625,12747.599609375,12925.400390625,12925.400390625,194629900
2008-02-08,12890.599609375,13016.5,12890.599609375,12989.2998046875,12989.2998046875,202230200
2008-02-11,13051.900390625,13139.2998046875,12928.7001953125,13130.900390625,13130.900390625,180305500
2008-02-12,13141.7998046875,13219.2001953125,13036.5,13087.400390625,13087.400390625,204573300
2008-02-13,13141.400390625,13282.2998046875,13087.400390625,13282.2998046875,13282.2998046875,206388900
2008-02-14,13350.7998046875,13350.7998046875,13204.5,13208,13208,217019900
2008-02-15,13223.7998046875,13227.599609375,13107,13226.7998046875,13226.7998046875,182057200
2008-02-19,13399.400390625,13480.599609375,13226.7998046875,13447.7001953125,13447.7001953125,240136900
2008-02-20,13339.2001953125,13566,13331.900390625,13551.7001953125,13551.7001953125,221030300
2008-02-21,13669.900390625,13669.900390625,13489.7998046875,13509.599609375,13509.599609375,274898900
2008-02-22,13564.2998046875,13603.400390625,13395.2998046875,13585.900390625,13585.900390625,219595200
2008-02-25,13560,13728.5,13527.400390625,13697.5,13697.5,191256600
2008-02-26,13639.7998046875,13846.7998046875,13634.5,13797,13797,241199100
2008-02-27,13741.7998046875,13851.7001953125,13733,13778.400390625,13778.400390625,259073600
2008-02-28,13773.7001953125,13891.7998046875,13738.2998046875,13873.900390625,13873.900390625,286854400
2008-02-29,13804.099609375,13873.900390625,13546.900390625,13582.7001953125,13582.7001953125,252219700
2008-03-03,13622.5,13667.599609375,13449,13544.400390625,13544.400390625,220826800
2008-03-04,13525.900390625,13570.099609375,13297.5,13476.7998046875,13476.7998046875,273474400
2008-03-05,13565.900390625,13650.099609375,13476.7998046875,13603.2998046875,13603.2998046875,277049000
2008-03-06,13617.099609375,13617.099609375,13347.7998046875,13360.400390625,13360.400390625,223792300
2008-03-07,13215.2001953125,13419.5,13147.7001953125,13281.7001953125,13281.7001953125,214546900
2008-03-10,13266.900390625,13281.7001953125,12980.400390625,13005.099609375,13005.099609375,196905800
2008-03-11,13197.2001953125,13344.5,13005.099609375,13344.5,13344.5,252834800
2008-03-12,13349.2001953125,13381.099609375,13237.400390625,13297.400390625,13297.400390625,216394700
2008-03-13,13171.400390625,13454.2001953125,13123.400390625,13443.5,13443.5,251918900
2008-03-14,13486.400390625,13495.599609375,13160.400390625,13252.7998046875,13252.7998046875,251022300
2008-03-17,12922.7001953125,13252.7998046875,12797.7998046875,12952.2001953125,12952.2001953125,268053000
2008-03-18,13068.2998046875,13140.2001953125,12952.2001953125,13136.7001953125,13136.7001953125,220571200
2008-03-19,13119.7998046875,13147,12695.2001953125,12709.400390625,12709.400390625,275035200
2008-03-20,12618,12833.599609375,12453.900390625,12775.599609375,12775.599609375,374695000
2008-03-24,12892.599609375,13113.5,12775.599609375,13019.7001953125,13019.7001953125,199119800
2008-03-25,13126.400390625,13324.099609375,13019.7001953125,13322.2001953125,13322.2001953125,280179500
2008-03-26,13329.7001953125,13419.7001953125,13277.7001953125,13391.900390625,13391.900390625,284192900
2008-03-27,13403.2001953125,13454.5,13350,13405.7998046875,13405.7998046875,243022800
2008-03-28,13402,13419.400390625,13224.7998046875,13233.7998046875,13233.7998046875,245537300
2008-03-31,13281.2001953125,13350.099609375,13131.099609375,13350.099609375,13350.099609375,240603300
2008-04-01,13337.7001953125,13440.7001953125,13254,13440.7001953125,13440.7001953125,240400400
2008-04-02,13515,13598.2998046875,13440.7001953125,13514.099609375,13514.099609375,249818800
2008-04-03,13475.7001953125,13633.400390625,13472.099609375,13551.2998046875,13551.2998046875,240891400
2008-04-04,13598.5,13721.099609375,13551.2998046875,13668.2001953125,13668.2001953125,217658400
2008-04-07,13800.2001953125,13897.400390625,13668.2001953125,13745,13745,221763300
2008-04-08,13626.099609375,13763.7001953125,13626.099609375,13727.5,13727.5,202982800
2008-04-09,13737.2998046875,13767.400390625,13682.599609375,13750.599609375,13750.599609375,212498900
2008-04-10,13804.400390625,13909.599609375,13704.7998046875,13909.599609375,13909.599609375,218197300
2008-04-11,13787.7001953125,13909.599609375,13666.5,13683,13683,185122600
2008-04-14,13689.599609375,13775.099609375,13669.599609375,13738.599609375,13738.599609375,167636500
2008-04-15,13833.2998046875,13878.2001953125,13738.599609375,13851,13851,191832900
2008-04-16,13929.900390625,14103.7998046875,13851,14099.5,14099.5,219898200
2008-04-17,14085.7001953125,14172.7998046875,14052.7998046875,14115.5,14115.5,198433600
2008-04-18,14188.2001953125,14272.2001953125,14096.400390625,14237.099609375,14237.099609375,243537400
2008-04-21,14286.599609375,14330.2001953125,14237.099609375,14321.2001953125,14321.2001953125,192463500
2008-04-22,14299.599609375,14372.2998046875,14236.900390625,14266.2998046875,14266.2998046875,212224200
2008-04-23,14253.7001953125,14267.900390625,14069.7998046875,14069.7998046875,14069.7998046875,215780600
2008-04-24,14058.599609375,14069.7998046875,13859.400390625,13966.2998046875,13966.2998046875,214440100
2008-04-25,14063.400390625,14114.2001953125,13966.2998046875,14103.900390625,14103.900390625,217542800
2008-04-28,14171.099609375,14233.900390625,14082.400390625,14085.900390625,14085.900390625,190177700
2008-04-29,14008.2998046875,14085.900390625,13820.2001953125,13825.599609375,13825.599609375,220932900
2008-04-30,13876.900390625,14039.599609375,13825.599609375,13937,13937,281018600
2008-05-01,13920.2998046875,14087.900390625,13846.599609375,14065.7998046875,14065.7998046875,220035800
2008-05-02,14203.7001953125,14301,14065.7998046875,14280.2998046875,14280.2998046875,210844800
2008-05-05,14356.900390625,14365.7998046875,14266.2998046875,14274.2998046875,14274.2998046875,207439500
2008-05-06,14246.5,14430.7998046875,14226.099609375,14414.2998046875,14414.2998046875,226276900
2008-05-07,14416.900390625,14448.099609375,14350.7998046875,14371.5,14371.5,251686000
2008-05-08,14388.2001953125,14609.2001953125,14371.5,14608,14608,289040800
2008-05-09,14567.5,14634,14510.2001953125,14521.2001953125,14521.2001953125,261997000
2008-05-12,14611.599609375,14695.7998046875,14506.7998046875,14666.099609375,14666.099609375,209327700
2008-05-13,14628.400390625,14666.099609375,14553.099609375,14616.7001953125,14616.7001953125,201092800
2008-05-14,14628,14737.2001953125,14614,14626.2998046875,14626.2998046875,235580300
2008-05-15,14687.2001953125,14828.099609375,14626.2998046875,14828.099609375,14828.099609375,244604600
2008-05-16,15012.2998046875,15012.2998046875,14828.099609375,14984.2001953125,14984.2001953125,245978200
2008-05-20,14944.7998046875,15090.7001953125,14914.900390625,15047.2998046875,15047.2998046875,273786000
2008-05-21,15017.099609375,15128.599609375,14779.2998046875,14790.400390625,14790.400390625,306770200
2008-05-22,14781.099609375,14878,14728.599609375,14792.400390625,14792.400390625,249169400
2008-05-23,14813.2998046875,14835.7001953125,14616.099609375,14723.400390625,14723.400390625,200592400
2008-05-26,14750.400390625,14775.099609375,14695.099609375,14758.599609375,14758.599609375,78237200
2008-05-27,14700.900390625,14758.599609375,14515.7998046875,14522.099609375,14522.099609375,214062400
2008-05-28,14508.2001953125,14698.099609375,14464.7001953125,14688.599609375,14688.599609375,216388900
2008-05-29,14590.900390625,14697,14561.599609375,14577.2001953125,14577.2001953125,198541400
2008-05-30,14684.5,14804.2998046875,14577.2001953125,14714.7001953125,14714.7001953125,252813400
2008-06-02,14673.900390625,14858.900390625,14647.7001953125,14814.2001953125,14814.2001953125,205809700
2008-06-03,14787.2001953125,14915.2001953125,14678.099609375,14728.599609375,14728.599609375,188975200
2008-06-04,14691.5,14790.2998046875,14640.7001953125,14690.5,14690.5,199238700
2008-06-05,14761.7998046875,14991.900390625,14690.5,14982.900390625,14982.900390625,236132100
2008-06-06,15071.599609375,15154.7998046875,14948.7001953125,14969.599609375,14969.599609375,230357300
2008-06-09,14978.599609375,15096.7001953125,14901.900390625,14960.7998046875,14960.7998046875,182800500
2008-06-10,14897.5,14960.7998046875,14660.599609375,14736.2001953125,14736.2001953125,236976600
2008-06-11,14816.7998046875,14817.099609375,14687.400390625,14716.5,14716.5,260035900
2008-06-12,14650.400390625,14716.5,14576.5,14602.599609375,14602.599609375,212495500
2008-06-13,14591.900390625,14789,14578.099609375,14778.5,14778.5,173172700
2008-06-16,14893.099609375,15006.599609375,14778.5,14944.2998046875,14944.2998046875,169138400
2008-06-17,14950.400390625,15096.900390625,14944.2998046875,15068.7998046875,15068.7998046875,207227800
2008-06-18,15068.599609375,15093,14949.599609375,15073.099609375,15073.099609375,243902000
2008-06-19,15049.099609375,15073.099609375,14768,14790.2001953125,14790.2001953125,201156900
2008-06-20,14804.900390625,14854.400390625,14580.7001953125,14580.7001953125,14580.7001953125,392121600
2008-06-23,14622,14719.900390625,14580.7001953125,14691.7998046875,14691.7998046875,218061200
2008-06-24,14679.099609375,14694,14376,14409.599609375,14409.599609375,231723800
2008-06-25,14442.099609375,14503.900390625,14259.900390625,14441.099609375,14441.099609375,252791600
2008-06-26,14417.7001953125,14441.099609375,14156.5,14292.099609375,14292.099609375,243093800
2008-06-27,14281.599609375,14397.5,14236,14355.2001953125,14355.2001953125,222405500
2008-06-30,14403,14492.099609375,14346.599609375,14467,14467,200524200
2008-07-02,14573.5,14584.900390625,13983.7001953125,14034.099609375,14034.099609375,253846700
2008-07-03,13992.7998046875,14143.599609375,13796.5,14143.599609375,14143.599609375,204984700
2008-07-04,14176.2998046875,14176.2998046875,14010.400390625,14010.400390625,14010.400390625,98098400
2008-07-07,13971.2998046875,14068.7001953125,13640.2001953125,13712.7998046875,13712.7998046875,244551200
2008-07-08,13689.599609375,13823.2001953125,13557.099609375,13809.7998046875,13809.7998046875,246564000
2008-07-09,13932.7001953125,13981.2001953125,13609.5,13610.7998046875,13610.7998046875,213149700
2008-07-10,13727.900390625,13776.5,13572.599609375,13743.900390625,13743.900390625,202962100
2008-07-11,13797.400390625,13859.900390625,13596.599609375,13709.099609375,13709.099609375,229439900
2008-07-14,13855.2998046875,13888.2998046875,13663.400390625,13741.2998046875,13741.2998046875,263815900
2008-07-15,13651.7998046875,13741.2998046875,13256.2001953125,13357.599609375,13357.599609375,302770100
2008-07-16,13356.2998046875,13514.7001953125,13167.2998046875,13503.7998046875,13503.7998046875,272214100
2008-07-17,13595.599609375,13662.5,13348.400390625,13460.2998046875,13460.2998046875,275368600
2008-07-18,13556.7998046875,13607.7998046875,13460.2998046875,13516,13516,207760100
2008-07-21,13658.5,13740.400390625,13516,13689.2001953125,13689.2001953125,170343200
2008-07-22,13634.2001953125,13689.2001953125,13476.2998046875,13643.2001953125,13643.2001953125,196395300
2008-07-23,13624.2998046875,13644.7001953125,13509.2001953125,13512.7001953125,13512.7001953125,268329600
2008-07-24,13567.400390625,13592.7001953125,13196.900390625,13206.099609375,13206.099609375,334197700
2008-07-25,13303.599609375,13390.599609375,13157.900390625,13378.7998046875,13378.7998046875,214827100
2008-07-28,13406.900390625,13534.2998046875,13288.099609375,13304,13304,176408200
2008-07-29,13303.599609375,13348.5,13240.2001953125,13342.599609375,13342.599609375,197950900
2008-07-30,13374.099609375,13691.099609375,13342.599609375,13683.2001953125,13683.2001953125,272732600
2008-07-31,13654.7001953125,13728,13564.2001953125,13592.900390625,13592.900390625,270456800
2008-08-01,13645.099609375,13665.2001953125,13400,13496.5,13496.5,199082500
2008-08-05,13148.900390625,13496.5,13130.5,13242.2001953125,13242.2001953125,292119100
2008-08-06,13331.2001953125,13504,13242.2001953125,13453.5,13453.5,236537200
2008-08-07,13441.2998046875,13493.5,13348.2998046875,13385.2001953125,13385.2001953125,222856600
2008-08-08,13301.7998046875,13386.7001953125,13223.5,13341.7001953125,13341.7001953125,200133600
2008-08-11,13310.599609375,13341.7001953125,13167.599609375,13203.2001953125,13203.2001953125,247063800
2008-08-12,13229.2001953125,13272.400390625,13141.5,13167,13167,220588900
2008-08-13,13155.599609375,13377.2001953125,13086.5,13377.2001953125,13377.2001953125,280383200
2008-08-14,13282.900390625,13409.2001953125,13254.7998046875,13358.900390625,13358.900390625,186595500
2008-08-15,13251.7998046875,13358.900390625,13063.900390625,13096.7001953125,13096.7001953125,175123600
2008-08-18,13197.099609375,13234.7998046875,13073.900390625,13119.400390625,13119.400390625,161712500
2008-08-19,13049.7998046875,13185.099609375,13015.900390625,13063.900390625,13063.900390625,213024900
2008-08-20,13190.900390625,13360.099609375,13063.900390625,13350.099609375,13350.099609375,204317300
2008-08-21,13431,13575.7998046875,13350.099609375,13539.2001953125,13539.2001953125,212659000
2008-08-22,13461.599609375,13539.2001953125,13339.7998046875,13447.2998046875,13447.2998046875,150228500
2008-08-25,13422.2001953125,13447.2998046875,13258.599609375,13289,13289,128985600
2008-08-26,13273.900390625,13322.2001953125,13243.900390625,13299.099609375,13299.099609375,177937400
2008-08-27,13387.900390625,13574.7001953125,13299.099609375,13530.7001953125,13530.7001953125,202063400
2008-08-28,13659.2998046875,13750.5,13530.7001953125,13750.5,13750.5,199779100
2008-08-29,13720.099609375,13771.2998046875,13663.2998046875,13771.2998046875,13771.2998046875,159773000
2008-09-02,13558.7998046875,13771.2998046875,13299.5,13299.5,13299.5,209854600
2008-09-03,13288.400390625,13299.5,12959.900390625,13137.7001953125,13137.7001953125,260429600
2008-09-04,13134.2998046875,13137.7001953125,12708.900390625,12814.099609375,12814.099609375,280263800
2008-09-05,12765.2998046875,12868.7001953125,12549.900390625,12816.400390625,12816.400390625,261892100
2008-09-08,13160.900390625,13164,12634.599609375,12634.599609375,12634.599609375,292286500
2008-09-09,12605.7001953125,12634.599609375,12146.7998046875,12146.7998046875,12146.7998046875,307157900
2008-09-10,12279.7001953125,12550.7001953125,12146.7998046875,12497.2001953125,12497.2001953125,330260400
2008-09-11,12373,12628.400390625,12258.2001953125,12612.7998046875,12612.7998046875,260685100
2008-09-12,12582.2998046875,12780,12568.7001953125,12769.599609375,12769.599609375,246221800
2008-09-15,12325.7001953125,12769.599609375,12254,12254,12254,231950900
2008-09-16,11958.400390625,12254,11903.099609375,12227,12227,341578500
2008-09-17,12151.099609375,12227,11788,11877.7001953125,11877.7001953125,443857500
2008-09-18,12082.099609375,12382.7001953125,11877.7001953125,12064.599609375,12064.599609375,599756200
2008-09-19,12626,12913,12064.599609375,12913,12913,579792500
2008-09-22,12896.7998046875,12968.2001953125,12638.099609375,12638.099609375,12638.099609375,276061200
2008-09-23,12599.900390625,12758.7998046875,12450,12532.599609375,12532.599609375,259658400
2008-09-24,12643.2001953125,12664.2998046875,12467.599609375,12513.400390625,12513.400390625,260783800
2008-09-25,12427.2001953125,12601.599609375,12405.599609375,12546.5,12546.5,246649100
2008-09-26,12242.2001953125,12546.5,12028.2998046875,12126,12126,201701100
2008-09-29,11987.099609375,12126,11171.2998046875,11285.099609375,11285.099609375,288953700
2008-09-30,11559.2001953125,11902.7001953125,11285.099609375,11752.900390625,11752.900390625,328661200
2008-10-01,11730.7001953125,11775.7998046875,11550.900390625,11714.5,11714.5,276044000
2008-10-02,11513.900390625,11714.5,10900.5,10900.5,10900.5,320492000
2008-10-03,11074.599609375,11356.400390625,10798.5,10803.400390625,10803.400390625,330804600
2008-10-06,10445,10803.400390625,9617.900390625,10230.400390625,10230.400390625,398402200
2008-10-07,10442.5,10523.2001953125,9782.900390625,9829.599609375,9829.599609375,355597100
2008-10-08,9520.2998046875,10103.7001953125,9496.7001953125,10056.2998046875,10056.2998046875,384032800
2008-10-09,10302.5,10385.400390625,9449.599609375,9600.2001953125,9600.2001953125,304732900
2008-10-10,9065.2001953125,9600.2001953125,8850.5,9065.2001953125,9065.2001953125,390417300
2008-10-14,10773.099609375,10773.099609375,9065.2001953125,9955.7001953125,9955.7001953125,394607100
2008-10-15,9652.2998046875,9955.7001953125,9264.2001953125,9323.900390625,9323.900390625,291985000
2008-10-16,9327,9430.599609375,8761,9270,9270,324332100
2008-10-17,9253.2998046875,9862.2998046875,9064.2998046875,9562.5,9562.5,285032600
2008-10-20,9839.5,10251.400390625,9562.5,10251.400390625,10251.400390625,278144100
2008-10-21,9988,10251.400390625,9770.2998046875,9795.7998046875,9795.7998046875,238177000
2008-10-22,9591.099609375,9795.7998046875,9202.2998046875,9236.900390625,9236.900390625,263649100
2008-10-23,9351.5,9466.5,8887.5,9331.400390625,9331.400390625,325754100
2008-10-24,8652.400390625,9331.400390625,8633.7001953125,9294.099609375,9294.099609375,302984000
2008-10-27,9143,9294.099609375,8537.2998046875,8537.2998046875,8537.2998046875,240550100
2008-10-28,8973.2998046875,9151.599609375,8537.2998046875,9151.599609375,9151.599609375,328987500
2008-10-29,9238.599609375,9628.900390625,9151.599609375,9501.599609375,9501.599609375,378658700
2008-10-30,9700.5,9856.2001953125,9457.2001953125,9856.2001953125,9856.2001953125,297065700
2008-10-31,9736.599609375,9941,9614.099609375,9762.7998046875,9762.7998046875,280330400
2008-11-03,9841.2998046875,9878.099609375,9649.5,9721.2998046875,9721.2998046875,211114300
2008-11-04,9906.2001953125,10165.400390625,9721.2998046875,10116.599609375,10116.599609375,304540100
2008-11-05,10066.5,10199.7998046875,9813.400390625,9887.2001953125,9887.2001953125,272129300
2008-11-06,9843.900390625,9887.2001953125,9424.400390625,9555.400390625,9555.400390625,309252100
2008-11-07,9635.5,9674.2998046875,9501.400390625,9596.2001953125,9596.2001953125,220043500
2008-11-10,9892.2001953125,9928.7998046875,9596.2001953125,9688.7998046875,9688.7998046875,247138700
2008-11-11,9538.099609375,9688.7998046875,9328.099609375,9424,9424,252460300
2008-11-12,9286.900390625,9424,8861.7998046875,8922.599609375,8922.599609375,284912000
2008-11-13,9013.7001953125,9352.7998046875,8572.400390625,9352.7998046875,9352.7998046875,370932500
2008-11-14,9249.400390625,9352.7998046875,9025.7998046875,9056,9056,307825600
2008-11-17,9024.5,9056,8779.7998046875,8795.5,8795.5,241682600
2008-11-18,8865.2001953125,8923,8659.2998046875,8835.7001953125,8835.7001953125,284910000
2008-11-19,8827.099609375,8872,8451.2001953125,8490.599609375,8490.599609375,304596100
2008-11-20,8347.400390625,8490.599609375,7713.60009765625,7724.7998046875,7724.7998046875,422259400
2008-11-21,8079.7998046875,8175.60009765625,7647.10009765625,8155.39990234375,8155.39990234375,454000100
2008-11-24,8276.5,8607.900390625,8136.7998046875,8440.900390625,8440.900390625,382061300
2008-11-25,8494.099609375,8563.7001953125,8269.5,8442.900390625,8442.900390625,364713700
2008-11-26,8300.2001953125,8645.7001953125,8222.599609375,8643.5,8643.5,333415300
2008-11-27,8599.099609375,8757,8584.599609375,8753.7998046875,8753.7998046875,131523500
2008-11-28,8737.2001953125,9270.599609375,8635.599609375,9270.599609375,9270.599609375,228559500
2008-12-01,8816.400390625,9270.599609375,8380.7998046875,8406.2001953125,8406.2001953125,293157800
2008-12-02,8509.900390625,8527,8220.2001953125,8327.7998046875,8327.7998046875,334706000
2008-12-03,8117.2998046875,8352.599609375,8081.2998046875,8297,8297,300345100
2008-12-04,8295.099609375,8483.400390625,7978.5,8057.7998046875,8057.7998046875,270111500
2008-12-05,7954.2001953125,8126.2998046875,7802.2998046875,8117,8117,264157700
2008-12-08,8426,8625,8117,8567.099609375,8567.099609375,292669900
2008-12-09,8442.2998046875,8598.7001953125,8348.599609375,8397.599609375,8397.599609375,299393300
2008-12-10,8539.2001953125,8692.900390625,8397.599609375,8634,8634,363796100
2008-12-11,8635,8684.7001953125,8304.599609375,8391.900390625,8391.900390625,327383900
2008-12-12,8140.2998046875,8537.900390625,8110.10009765625,8515.5,8515.5,286908100
2008-12-15,8608.2001953125,8609.400390625,8362.2998046875,8461.7998046875,8461.7998046875,270698100
2008-12-16,8426.2998046875,8724.099609375,8426.2998046875,8724.099609375,8724.099609375,316240900
2008-12-17,8724.099609375,8724.099609375,8724.099609375,8724.099609375,8724.099609375,0
2008-12-18,8613.099609375,8724.099609375,8262.099609375,8425.400390625,8425.400390625,403284800
2008-12-19,8346.599609375,8552.5,8305.400390625,8552,8552,587410100
2008-12-22,8511.099609375,8552,8206.599609375,8249.5,8249.5,197899100
2008-12-23,8310.2998046875,8421.099609375,8227,8311.900390625,8311.900390625,201537400
2008-12-24,8286.7001953125,8357.2001953125,8253.5,8310.599609375,8310.599609375,103412800
2008-12-29,8508.2998046875,8637.2998046875,8310.599609375,8637.2998046875,8637.2998046875,150955700
2008-12-30,8645.2998046875,8833.2998046875,8591.5,8830.7001953125,8830.7001953125,189074500
2008-12-31,8794.5,8998.400390625,8790.400390625,8987.7001953125,8987.7001953125,197765600
2009-01-02,8951.900390625,9235.2001953125,8918.099609375,9234.099609375,9234.099609375,150686300
2009-01-05,9233,9372.900390625,9116,9285.5,9285.5,242539100
2009-01-06,9409.7998046875,9505.7001953125,9285.5,9472.099609375,9472.099609375,263953300
2009-01-07,9362.900390625,9472.099609375,9100.2001953125,9121.2998046875,9121.2998046875,222084700
2009-01-08,9075.5,9224.099609375,9016.7001953125,9221.599609375,9221.599609375,204077300
2009-01-09,9237.7998046875,9267.5,9053.2001953125,9085.2001953125,9085.2001953125,199519200
2009-01-12,8952.5,9085.2001953125,8751.599609375,8793.2998046875,8793.2998046875,210801900
2009-01-13,8826.400390625,8986.2001953125,8793.2998046875,8961.599609375,8961.599609375,203531900
2009-01-14,8863.7998046875,8961.599609375,8608.599609375,8688.400390625,8688.400390625,285194900
2009-01-15,8730.7998046875,8879.599609375,8471,8879.599609375,8879.599609375,333600300
2009-01-16,9082.099609375,9082.099609375,8734.400390625,8920.400390625,8920.400390625,210110800
2009-01-19,8864.2998046875,8920.400390625,8807.7001953125,8841.5,8841.5,95880600
2009-01-20,8867.900390625,8869.2998046875,8486.2998046875,8504.900390625,8504.900390625,271032100
2009-01-21,8574.5,8763.5,8392.099609375,8757.900390625,8757.900390625,245971100
2009-01-22,8619.2001953125,8757.900390625,8472.5,8486.599609375,8486.599609375,210894900
2009-01-23,8428.5,8687.7998046875,8387.599609375,8628,8628,272410200
2009-01-26,8700.099609375,8821.900390625,8539.400390625,8656.5,8656.5,196544700
2009-01-27,8692.099609375,8762.7001953125,8621.400390625,8759.599609375,8759.599609375,183251400
2009-01-28,8900.5,8966.7001953125,8759.599609375,8906.2001953125,8906.2001953125,271162100
2009-01-29,8815.5,8906.2001953125,8740.7998046875,8762.7998046875,8762.7998046875,231914900
2009-01-30,8901.5,8901.5,8579.900390625,8694.900390625,8694.900390625,264801300
2009-02-02,8603,8694.900390625,8533.599609375,8624.7998046875,8624.7998046875,186573300
2009-02-03,8643.900390625,8663,8540.5,8628.599609375,8628.599609375,206606800
2009-02-04,8700,8814,8628.599609375,8693.099609375,8693.099609375,282623000
2009-02-05,8708.099609375,8861,8607.5,8861,8861,243661500
2009-02-06,8827.099609375,9102,8824.7001953125,9008,9008,245330000
2009-02-09,9055.7998046875,9151.599609375,8997.400390625,9047.2998046875,9047.2998046875,194103000
2009-02-10,9084.2998046875,9114.5,8771.7998046875,8817.900390625,8817.900390625,232526700
2009-02-11,8840.2998046875,8919.2001953125,8731.2001953125,8737.900390625,8737.900390625,282015900
2009-02-12,8698.2998046875,8785.099609375,8590.5,8778.7998046875,8778.7998046875,242732500
2009-02-13,8797,8797,8669.2001953125,8678.099609375,8678.099609375,177555200
2009-02-17,8630.2998046875,8678.099609375,8351.900390625,8378.7001953125,8378.7001953125,230619200
2009-02-18,8419.5,8419.5,8139,8176,8176,273964500
2009-02-19,8234.099609375,8296.2998046875,8117.39990234375,8185.39990234375,8185.39990234375,263957600
2009-02-20,8103.2001953125,8185.39990234375,7874.89990234375,7950,7950,261802700
2009-02-23,8014.39990234375,8032.10009765625,7640.7998046875,7647.7001953125,7647.7001953125,257605900
2009-02-24,7674.10009765625,7859.2998046875,7566.2998046875,7859.2998046875,7859.2998046875,349883300
2009-02-25,7886,8033.10009765625,7753.89990234375,7932.2998046875,7932.2998046875,255041100
2009-02-26,8052.2001953125,8195.900390625,7932.2998046875,8186.7998046875,8186.7998046875,306885600
2009-02-27,8061.5,8188.7001953125,8005.10009765625,8123,8123,268426100
2009-03-02,7997.60009765625,8123,7589.7001953125,7687.5,7687.5,259172400
2009-03-03,7752.89990234375,7797.7001953125,7501.10009765625,7631.60009765625,7631.60009765625,259564400
2009-03-04,7857.5,7866,7631.60009765625,7814.7998046875,7814.7998046875,292503200
2009-03-05,7734.2998046875,7814.7998046875,7589.7998046875,7629.2001953125,7629.2001953125,263630600
2009-03-06,7686.7998046875,7764.7998046875,7480,7591.5,7591.5,241503300
2009-03-09,7527.39990234375,7695.2998046875,7515,7566.89990234375,7566.89990234375,196926900
2009-03-10,7699.89990234375,7886.7998046875,7566.89990234375,7880.39990234375,7880.39990234375,323569100
2009-03-11,7922.39990234375,8056.7998046875,7858.39990234375,8011,8011,284729000
2009-03-12,8027.2998046875,8332.5,7975,8282.2998046875,8282.2998046875,273301000
2009-03-13,8359.400390625,8359.400390625,8183.7998046875,8303.400390625,8303.400390625,218644100
2009-03-16,8289.900390625,8550.7998046875,8278.900390625,8386.7001953125,8386.7001953125,234874600
2009-03-17,8434.2001953125,8559.599609375,8304.599609375,8559.599609375,8559.599609375,234226400
2009-03-18,8461,8669.7998046875,8287.7001953125,8629.099609375,8629.099609375,274610600
2009-03-19,8797.400390625,8845.7998046875,8629.099609375,8690.5,8690.5,310970400
2009-03-20,8708.099609375,8737.7998046875,8506.400390625,8506.400390625,8506.400390625,338244400
2009-03-23,8765.5,8958.5,8506.400390625,8958.5,8958.5,287218400
2009-03-24,8825.7001953125,8958.5,8766.7001953125,8849.400390625,8849.400390625,268014100
2009-03-25,8890.7001953125,8981.7998046875,8692.599609375,8797.400390625,8797.400390625,298050800
2009-03-26,8939.7998046875,9018.5,8797.400390625,8995.5,8995.5,279141100
2009-03-27,8894.7998046875,8995.5,8807.2001953125,8821.099609375,8821.099609375,240942900
2009-03-30,8605.400390625,8821.099609375,8453.099609375,8596.2001953125,8596.2001953125,236756000
2009-03-31,8673.400390625,8780.599609375,8596.2001953125,8720.400390625,8720.400390625,222846500
2009-04-01,8647.599609375,8941.7998046875,8617.2998046875,8941.7998046875,8941.7998046875,228013800
2009-04-02,9093.5,9139.5,8941.7998046875,9073.099609375,9073.099609375,306829000
2009-04-03,9107.099609375,9140.099609375,8987.7001953125,9065.7998046875,9065.7998046875,248886300
2009-04-06,8963.7998046875,9065.7998046875,8919,9016.2001953125,9016.2001953125,230342000
2009-04-07,8940.2998046875,9016.2001953125,8820.2001953125,8824.7998046875,8824.7998046875,206404900
2009-04-08,8819.599609375,8969.2998046875,8782.7001953125,8969.2998046875,8969.2998046875,187002800
2009-04-09,9110,9187.099609375,8969.2998046875,9187.099609375,9187.099609375,234965600
2009-04-13,9142.2001953125,9310.900390625,9114.900390625,9285.599609375,9285.599609375,190854500
2009-04-14,9292.599609375,9330.599609375,9185.900390625,9231.599609375,9231.599609375,266511600
2009-04-15,9196.7998046875,9251.400390625,9118.900390625,9246.099609375,9246.099609375,201106700
2009-04-16,9293.2001953125,9356.5,9184.7001953125,9343.400390625,9343.400390625,244882400
2009-04-17,9365.2998046875,9483.599609375,9343.400390625,9437.7001953125,9437.7001953125,237748800
2009-04-20,9324.400390625,9437.7001953125,9125.2998046875,9126.2001953125,9126.2001953125,238680800
2009-04-21,9034.7998046875,9254.2001953125,9014.099609375,9247.2001953125,9247.2001953125,247191100
2009-04-22,9223.599609375,9411.599609375,9189.599609375,9279.2001953125,9279.2001953125,211917700
2009-04-23,9341.5,9413,9279.2001953125,9409.5,9409.5,250466400
2009-04-24,9483.400390625,9566.7001953125,9409.5,9549.5,9549.5,245772000
2009-04-27,9345.900390625,9549.5,9345.900390625,9394.7998046875,9394.7998046875,196360800
2009-04-28,9268.900390625,9394.7998046875,9268.900390625,9348,9348,219941200
2009-04-29,9429.5,9476.599609375,9348,9416.2998046875,9416.2998046875,205905400
2009-04-30,9454.2001953125,9568.2998046875,9321.400390625,9324.7998046875,9324.7998046875,257407500
2009-05-01,9369.2001953125,9527.7001953125,9324.7998046875,9497,9497,195208200
2009-05-04,9604.599609375,9870.400390625,9497,9870.400390625,9870.400390625,244645600
2009-05-05,9869.2998046875,9918.900390625,9783.7001953125,9880.7001953125,9880.7001953125,231632700
2009-05-06,9992.2001953125,10158.2001953125,9880.7001953125,10143.400390625,10143.400390625,295074900
2009-05-07,10332.099609375,10340.7998046875,9922,9967.099609375,9967.099609375,301150800
2009-05-08,10118.2998046875,10256,9967.099609375,10238,10238,242237300
2009-05-11,10069.5,10238,9995.7998046875,10094.099609375,10094.099609375,294925500
2009-05-12,10184,10193.099609375,9970.2998046875,10077.7001953125,10077.7001953125,248317300
2009-05-13,9958.599609375,10077.7001953125,9695.599609375,9709.5,9709.5,258717200
2009-05-14,9700.2001953125,9938,9683.099609375,9849.2001953125,9849.2001953125,228312700
2009-05-15,9877,9947.099609375,9750.900390625,9762.900390625,9762.900390625,164836300
2009-05-19,10037.7001953125,10139.599609375,9762.900390625,10101,10101,219886500
2009-05-20,10191.2001953125,10365.400390625,10101,10232.400390625,10232.400390625,259143800
2009-05-21,10090.599609375,10232.400390625,9935.2001953125,9949.599609375,9949.599609375,207258800
2009-05-22,10014.900390625,10065.7998046875,9941.900390625,9993.400390625,9993.400390625,217204800
2009-05-25,10004.7998046875,10073.2001953125,9993.400390625,10069.5,10069.5,67191500
2009-05-26,9989.599609375,10286.900390625,9971.599609375,10285.900390625,10285.900390625,215721000
2009-05-27,10313.599609375,10335.2001953125,10142.2001953125,10142.2001953125,10142.2001953125,242732900
2009-05-28,10270.599609375,10413.900390625,10142.2001953125,10392.400390625,10392.400390625,268209900
2009-05-29,10473.400390625,10493.099609375,10320,10370.099609375,10370.099609375,303617500
2009-06-01,10530.7998046875,10637.7001953125,10370.099609375,10604.099609375,10604.099609375,263260800
2009-06-02,10566.2001953125,10634.400390625,10515.099609375,10588.7998046875,10588.7998046875,240680600
2009-06-03,10484.900390625,10588.7998046875,10235.400390625,10290.099609375,10290.099609375,256640000
2009-06-04,10410.2001953125,10500.099609375,10290.099609375,10477.2001953125,10477.2001953125,204008500
2009-06-05,10544.400390625,10581.599609375,10413.5,10569.2998046875,10569.2998046875,224646400
2009-06-08,10466.7001953125,10569.2998046875,10380.7998046875,10549.099609375,10549.099609375,186309200
2009-06-09,10597.5,10605,10502.900390625,10547.900390625,10547.900390625,225292700
2009-06-10,10673.5,10674.099609375,10523.2001953125,10598,10598,250903000
2009-06-11,10568.2998046875,10726,10554.400390625,10714.099609375,10714.099609375,228186800
2009-06-12,10648.5,10714.099609375,10613,10645,10645,179018900
2009-06-15,10581.7998046875,10645,10341.7998046875,10394.7998046875,10394.7998046875,189470900
2009-06-16,10554.2001953125,10561.099609375,10292.599609375,10307.400390625,10307.400390625,218200100
2009-06-17,10278.900390625,10307.400390625,10056.2998046875,10066.099609375,10066.099609375,227915500
2009-06-18,10066.2001953125,10142.599609375,10005.400390625,10121.5,10121.5,219819800
2009-06-19,10204.5,10288,10121.5,10288,10288,321336400
2009-06-22,10105.7001953125,10288,9830.2001953125,9834.2001953125,9834.2001953125,224230700
2009-06-23,9865.400390625,9912.2001953125,9727.2998046875,9896.7001953125,9896.7001953125,224765200
2009-06-24,10004.5,10138.099609375,9896.7001953125,10100.900390625,10100.900390625,209751400
2009-06-25,10106.2998046875,10366.7001953125,10078.2998046875,10355.900390625,10355.900390625,221355100
2009-06-26,10315,10423.599609375,10269,10389.7998046875,10389.7998046875,164447600
2009-06-29,10455.400390625,10516.900390625,10389.7998046875,10476.7998046875,10476.7998046875,138130400
2009-06-30,10471.2001953125,10528.5,10308,10374.900390625,10374.900390625,180972800
2009-07-02,10290.5,10374.900390625,10217.099609375,10245.900390625,10245.900390625,166628000
2009-07-03,10228.7001953125,10294.2001953125,10228.7001953125,10283.099609375,10283.099609375,56694800
2009-07-06,10115,10283.099609375,9927.2001953125,10027.400390625,10027.400390625,169508200
2009-07-07,10029.2001953125,10078.599609375,9836.7998046875,9844.400390625,9844.400390625,193190600
2009-07-08,9794.099609375,9867.900390625,9535.5,9653.5,9653.5,241770000
2009-07-09,9718.5,9820.5,9647.099609375,9773.900390625,9773.900390625,182280500
2009-07-10,9698.7001953125,9773.900390625,9630,9747.099609375,9747.099609375,140866300
2009-07-13,9733.7001953125,9891.900390625,9588.400390625,9891.900390625,9891.900390625,171589300
2009-07-14,9968,9993.7998046875,9881.099609375,9986.2001953125,9986.2001953125,161042900
2009-07-15,10123.2001953125,10244.2998046875,9986.2001953125,10215.5,10215.5,212357200
2009-07-16,10178.7998046875,10335.5,10163.5,10304.400390625,10304.400390625,146062700
2009-07-17,10324.400390625,10404.2998046875,10251.7001953125,10369.400390625,10369.400390625,152722600
2009-07-20,10478.5,10561.7001953125,10369.400390625,10540.7001953125,10540.7001953125,176186200
2009-07-21,10592.2998046875,10597.7001953125,10423.099609375,10515.2998046875,10515.2998046875,194317700
2009-07-22,10422.7001953125,10545.2998046875,10404.900390625,10432.400390625,10432.400390625,166250200
2009-07-23,10425.900390625,10675.7001953125,10425.900390625,10675.7001953125,10675.7001953125,206705900
2009-07-24,10665.5,10717.7998046875,10574.099609375,10687.900390625,10687.900390625,152617600
2009-07-27,10727.099609375,10806.5,10687.900390625,10757.400390625,10757.400390625,170871700
2009-07-28,10613.5,10757.400390625,10521.2998046875,10570.5,10570.5,196886700
2009-07-29,10482.7001953125,10570.5,10384.599609375,10455.2998046875,10455.2998046875,163716900
2009-07-30,10601.7001953125,10687.599609375,10455.2998046875,10676.7001953125,10676.7001953125,188619600
2009-07-31,10632.5,10841.5,10626.400390625,10787.2001953125,10787.2001953125,164082800
2009-08-04,10943.2998046875,11018.099609375,10787.2001953125,11018.099609375,11018.099609375,213626900
2009-08-05,11014.2001953125,11065.400390625,10952.599609375,11046.900390625,11046.900390625,229501900
2009-08-06,11042,11065.2001953125,10793.400390625,10793.400390625,10793.400390625,251845900
2009-08-07,10896,10964.099609375,10793.400390625,10885.2998046875,10885.2998046875,183307800
2009-08-10,10833.2998046875,10885.2998046875,10767.7001953125,10793.7001953125,10793.7001953125,153939500
2009-08-11,10760.2001953125,10795.599609375,10607.599609375,10629.5,10629.5,156988700
2009-08-12,10596.7001953125,10742.099609375,10587.7001953125,10659.900390625,10659.900390625,156095800
2009-08-13,10789.5,10849.5,10659.900390625,10825.599609375,10825.599609375,200784100
2009-08-14,10832.099609375,10848,10713.2001953125,10848,10848,145783100
2009-08-17,10577,10848,10480.2001953125,10531.599609375,10531.599609375,151826800
2009-08-18,10601.2001953125,10680.400390625,10531.599609375,10673.7998046875,10673.7998046875,141815800
2009-08-19,10536.400390625,10737.5,10519,10686.7998046875,10686.7998046875,181317800
2009-08-20,10707.7001953125,10763.7001953125,10686.7998046875,10700.5,10700.5,159800200
2009-08-21,10825.599609375,10836.900390625,10700.5,10831.2001953125,10831.2001953125,176228600
2009-08-24,10865.400390625,10903.2998046875,10747.2001953125,10790,10790,158906900
2009-08-25,10872.099609375,10963,10790,10920.5,10920.5,186166900
2009-08-26,10861.2001953125,10960.599609375,10838.5,10912.2001953125,10912.2001953125,172419600
2009-08-27,10986.400390625,10986.400390625,10807.900390625,10934,10934,177967200
2009-08-28,10979.7998046875,11011,10893.599609375,10978,10978,164482800
2009-08-31,10866.2001953125,10978,10772.7998046875,10868.2001953125,10868.2001953125,179470200
2009-09-01,10840.900390625,10927,10665.900390625,10689.7998046875,10689.7998046875,206259500
2009-09-02,10656.099609375,10737,10634.7998046875,10701.2998046875,10701.2998046875,246015300
2009-09-03,10768.7998046875,10922,10701.2998046875,10921.5,10921.5,251783400
2009-09-04,10901.2001953125,11017.5,10872.5,11017.5,11017.5,148070400
2009-09-08,11147.900390625,11176.400390625,11017.5,11105.2998046875,11105.2998046875,210673700
2009-09-09,11082,11113.7998046875,10966.2001953125,11000.2001953125,11000.2001953125,243696600
2009-09-10,11011.7001953125,11155,11000.2001953125,11155,11155,213760700
2009-09-11,11216.2998046875,11283.2998046875,11155,11253.2001953125,11253.2001953125,208118600
2009-09-14,11174.7001953125,11332,11167.400390625,11332,11332,167911400
2009-09-15,11360.2001953125,11495.7998046875,11332,11495.7998046875,11495.7998046875,209964700
2009-09-16,11551.7998046875,11592.400390625,11495.7998046875,11555.599609375,11555.599609375,256997900
2009-09-17,11536.400390625,11613.7998046875,11447,11528.2001953125,11528.2001953125,223679600
2009-09-18,11532,11540.2001953125,11446,11446,11446,369937600
2009-09-21,11348.099609375,11446,11329.5,11424.599609375,11424.599609375,173697500
2009-09-22,11533.7001953125,11602.2998046875,11424.599609375,11585.7001953125,11585.7001953125,211364300
2009-09-23,11596.2998046875,11648.599609375,11502.7001953125,11517.5,11517.5,197618600
2009-09-24,11547.7001953125,11553,11284.2001953125,11285.7998046875,11285.7998046875,217668800
2009-09-25,11237.2001953125,11300.2001953125,11174.599609375,11212.400390625,11212.400390625,159279400
2009-09-28,11269.400390625,11390,11212.400390625,11338.7001953125,11338.7001953125,166605600
2009-09-29,11354.599609375,11403.599609375,11313.7001953125,11395,11395,194923600
2009-09-30,11480.900390625,11480.900390625,11251,11395,11395,257237900
2009-10-01,11403.2998046875,11403.2998046875,11070.7001953125,11071.7998046875,11071.7998046875,186535900
2009-10-02,10922.2998046875,11071.7998046875,10855.2001953125,10958.2998046875,10958.2998046875,185082100
2009-10-05,10975.7001953125,11142.2998046875,10932.2001953125,11102.599609375,11102.599609375,184666200
2009-10-06,11230.2001953125,11358.7001953125,11102.599609375,11248,11248,238045700
2009-10-07,11275.2998046875,11351.599609375,11194.400390625,11349.900390625,11349.900390625,197364500
2009-10-08,11422.599609375,11513.099609375,11349.900390625,11484.5,11484.5,245385600
2009-10-09,11432.400390625,11497.2001953125,11382.5,11436.900390625,11436.900390625,176698200
2009-10-13,11423.2998046875,11445.099609375,11299.599609375,11413.5,11413.5,199711600
2009-10-14,11531.5,11539.2001953125,11413.5,11532.7998046875,11532.7998046875,190889700
2009-10-15,11459,11532.7998046875,11448.599609375,11504.5,11504.5,166225200
2009-10-16,11459.599609375,11514.2001953125,11409,11504.7998046875,11504.7998046875,158645000
2009-10-19,11566.7998046875,11571.2998046875,11485.099609375,11538.400390625,11538.400390625,152408000
2009-10-20,11586.900390625,11589.900390625,11496.900390625,11538.099609375,11538.099609375,154625100
2009-10-21,11475,11595,11437.599609375,11442,11442,190196100
2009-10-22,11427.400390625,11533.400390625,11365.7998046875,11533.400390625,11533.400390625,199417800
2009-10-23,11564.7001953125,11569.400390625,11357.7998046875,11382.099609375,11382.099609375,178163000
2009-10-26,11426.2998046875,11525.7998046875,11210.599609375,11234.900390625,11234.900390625,169730800
2009-10-27,11229.599609375,11247.099609375,11053.5,11053.5,11053.5,198483500
2009-10-28,11000.099609375,11053.5,10805.2998046875,10805.2998046875,10805.2998046875,229661700
2009-10-29,10916.599609375,11075.2001953125,10805.2998046875,11075.2001953125,11075.2001953125,220211900
2009-10-30,11091.599609375,11091.599609375,10767.599609375,10910.7998046875,10910.7998046875,219733200
2009-11-02,10896.7001953125,10963.7001953125,10745.2998046875,10878.400390625,10878.400390625,189351600
2009-11-03,10777.7998046875,11025.900390625,10751.7001953125,11025.900390625,11025.900390625,212424400
2009-11-04,11103.400390625,11187.900390625,11025.900390625,11071.2001953125,11071.2001953125,223211300
2009-11-05,11070.2001953125,11180.7001953125,11041.7001953125,11180.7001953125,11180.7001953125,169603000
2009-11-06,11100.900390625,11259.599609375,11098.7001953125,11250.400390625,11250.400390625,184893700
2009-11-09,11372.2001953125,11488.2998046875,11250.400390625,11486.900390625,11486.900390625,195835900
2009-11-10,11457.5,11486.900390625,11369,11426.7001953125,11426.7001953125,177798000
2009-11-11,11546,11559.7001953125,11419.400390625,11439.7998046875,11439.7998046875,161129500
2009-11-12,11383.2998046875,11456.099609375,11330.2998046875,11360.7998046875,11360.7998046875,169073200
2009-11-13,11348.2998046875,11417.400390625,11322.099609375,11407.7001953125,11407.7001953125,153405200
2009-11-16,11496.7998046875,11539.7998046875,11407.7001953125,11512.2998046875,11512.2998046875,194387600
2009-11-17,11507.7998046875,11631.599609375,11502.599609375,11630,11630,161564700
2009-11-18,11667.900390625,11702.2001953125,11604.900390625,11652.7001953125,11652.7001953125,200219800
2009-11-19,11588.400390625,11652.7001953125,11484.400390625,11600.2998046875,11600.2998046875,218465200
2009-11-20,11524.5,11600.2998046875,11508.7998046875,11579.2998046875,11579.2998046875,151515800
2009-11-23,11689.400390625,11737.7998046875,11579.2998046875,11624,11624,167178300
2009-11-24,11644.5,11644.5,11539.599609375,11539.599609375,11539.599609375,174537900
2009-11-25,11594.099609375,11647.599609375,11539.599609375,11636.900390625,11636.900390625,161886600
2009-11-26,11569.2998046875,11636.900390625,11428.2998046875,11436.7998046875,11436.7998046875,69466700
2009-11-27,11281.099609375,11539.900390625,11281.099609375,11464.400390625,11464.400390625,121024300
2009-11-30,11476.2998046875,11586.2001953125,11447.2001953125,11447.2001953125,11447.2001953125,182471900
2009-12-01,11574.7001953125,11715.599609375,11447.2001953125,11707.2998046875,11707.2998046875,223001900
2009-12-02,11729.400390625,11802.400390625,11707.2998046875,11779.7001953125,11779.7001953125,206687700
2009-12-03,11775,11816.2998046875,11629,11636.599609375,11636.599609375,177773900
2009-12-04,11672.099609375,11700.099609375,11414.900390625,11510.7998046875,11510.7998046875,195124200
2009-12-07,11467.5,11571.5,11445.5,11489.599609375,11489.599609375,177900700
2009-12-08,11412,11489.599609375,11342.5,11368.900390625,11368.900390625,172526000
2009-12-09,11428.599609375,11428.599609375,11248.900390625,11379.2001953125,11379.2001953125,186472900
2009-12-10,11399.7001953125,11464.599609375,11370,11464.599609375,11464.599609375,167441700
2009-12-11,11472.099609375,11504.2998046875,11387.400390625,11423.900390625,11423.900390625,158965300
2009-12-14,11481.599609375,11549.7001953125,11423.900390625,11545.7001953125,11545.7001953125,166925500
2009-12-15,11532.7998046875,11581.5,11498.7998046875,11541,11541,165290600
2009-12-16,11609.2001953125,11691.7001953125,11541,11637,11637,168264900
2009-12-17,11570.2001953125,11637,11473.099609375,11473.099609375,11473.099609375,169450100
2009-12-18,11510.099609375,11562,11448,11463.400390625,11463.400390625,336889400
2009-12-21,11559.599609375,11596.7001953125,11463.400390625,11554.7001953125,11554.7001953125,147844500
2009-12-22,11539,11628,11522.400390625,11628,11628,125601300
2009-12-23,11625,11688.099609375,11625,11658.7001953125,11658.7001953125,118372900
2009-12-24,11666.2001953125,11754.599609375,11658.7001953125,11754.599609375,11754.599609375,47051500
2009-12-29,11740.400390625,11754.599609375,11691.7001953125,11701.7998046875,11701.7998046875,77560400
2009-12-30,11687.099609375,11728.400390625,11673,11717.5,11717.5,68744400
2009-12-31,11745.2001953125,11766,11717.5,11746.099609375,11746.099609375,64616700
2010-01-04,11847.2998046875,11872.2001953125,11746.099609375,11866.900390625,11866.900390625,132670500
2010-01-05,11900,11935.2001953125,11837.2001953125,11888.099609375,11888.099609375,167798200
2010-01-06,11912.900390625,11971.599609375,11888.099609375,11944.5,11944.5,194400800
2010-01-07,11925,11944.5,11819.5,11887.5,11887.5,190573600
2010-01-08,11883.2998046875,11953.7998046875,11863.099609375,11953.7998046875,11953.7998046875,167761200
2010-01-11,12070.7001953125,12070.7001953125,11923.2001953125,11947.099609375,11947.099609375,172295300
2010-01-12,11866.599609375,11947.099609375,11766.5,11820.2001953125,11820.2001953125,177640000
2010-01-13,11802.7998046875,11865.2001953125,11738.599609375,11853.599609375,11853.599609375,172419900
2010-01-14,11873.599609375,11888.2998046875,11776.400390625,11804.400390625,11804.400390625,161042700
2010-01-15,11782.599609375,11804.400390625,11684.2001953125,11685.400390625,11685.400390625,148632900
2010-01-18,11711.099609375,11754.099609375,11685.400390625,11750.5,11750.5,632200
2010-01-19,11746.2001953125,11765.599609375,11710.400390625,11763.400390625,11763.400390625,144213400
2010-01-20,11699.099609375,11763.400390625,11581.599609375,11679.2998046875,11679.2998046875,193857300
2010-01-21,11557.2001953125,11679.2998046875,11461.2998046875,11469.099609375,11469.099609375,197664900
2010-01-22,11400,11481,11318.2998046875,11343.400390625,11343.400390625,194087600
2010-01-25,11384.7001953125,11423.2998046875,11343.400390625,11354.5,11354.5,134679900
2010-01-26,11349.2998046875,11421.599609375,11271.400390625,11361.2001953125,11361.2001953125,165123100
2010-01-27,11324.7001953125,11367.400390625,11259,11344.099609375,11344.099609375,196445400
2010-01-28,11279.599609375,11389.2001953125,11162.099609375,11274.2001953125,11274.2001953125,181342100
2010-01-29,11142.7998046875,11324.2001953125,11084.2998046875,11094.2998046875,11094.2998046875,183158600
2010-02-01,11147.5,11317.599609375,11094.2998046875,11317.599609375,11317.599609375,151740700
2010-02-02,11366,11430.2998046875,11297.599609375,11408.2998046875,11408.2998046875,201381600
2010-02-03,11395.599609375,11454.599609375,11348.7001953125,11390.5,11390.5,177829900
2010-02-04,11163.599609375,11390.5,11120.099609375,11128.7998046875,11128.7998046875,213830700
2010-02-05,11123.7001953125,11223.099609375,10990.400390625,11223.099609375,11223.099609375,213138200
2010-02-08,11135.099609375,11277.599609375,11099.5,11115.2998046875,11115.2998046875,151081000
2010-02-09,11210,11314.400390625,11115.2998046875,11274.2001953125,11274.2001953125,166711900
2010-02-10,11280.2998046875,11321.400390625,11212.400390625,11286.2998046875,11286.2998046875,153652200
2010-02-11,11300.099609375,11438,11232.900390625,11435.5,11435.5,202980700
2010-02-12,11349.2001953125,11469.7998046875,11335.7001953125,11469.7998046875,11469.7998046875,175657700
2010-02-16,11545.5,11601.5,11469.7998046875,11586.400390625,11586.400390625,156177800
2010-02-17,11605.599609375,11697,11586.400390625,11635.5,11635.5,166419800
2010-02-18,11629.7001953125,11712.2998046875,11618.599609375,11694.7998046875,11694.7998046875,144869600
2010-02-19,11692,11758.2001953125,11679.599609375,11709.2998046875,11709.2998046875,138424500
2010-02-22,11745.099609375,11763.2998046875,11634.7998046875,11634.7998046875,11634.7998046875,119081200
2010-02-23,11606.599609375,11634.7998046875,11481.599609375,11526.7001953125,11526.7001953125,149779200
2010-02-24,11526.7998046875,11584.400390625,11492.7998046875,11521.7998046875,11521.7998046875,124588100
2010-02-25,11457.400390625,11637.400390625,11421,11631.400390625,11631.400390625,177113500
2010-02-26,11654.7998046875,11664.400390625,11591,11629.599609375,11629.599609375,159871000
2010-03-01,11682.7998046875,11732.099609375,11629.599609375,11728.099609375,11728.099609375,138624800
2010-03-02,11751.599609375,11843.7001953125,11728.099609375,11828.2998046875,11828.2998046875,161257900
2010-03-03,11842.2001953125,11876.5,11811.400390625,11852.900390625,11852.900390625,163136300
2010-03-04,11866.7998046875,11876.7001953125,11792.400390625,11825,11825,175292000
2010-03-05,11878.400390625,11975.099609375,11825,11975.099609375,11975.099609375,170065800
2010-03-08,12026.2998046875,12039.5,11958.5,11963.7998046875,11963.7998046875,143493100
2010-03-09,11923.099609375,11965.099609375,11893.400390625,11918.7001953125,11918.7001953125,177582200
2010-03-10,11931.7998046875,11994.599609375,11916.599609375,11961.099609375,11961.099609375,199895800
2010-03-11,11935.7998046875,11981.7998046875,11909.599609375,11979.7001953125,11979.7001953125,142983100
2010-03-12,12019.7998046875,12047.599609375,11954.400390625,12013.7998046875,12013.7998046875,177279900
2010-03-15,11988.400390625,12016.7998046875,11908,12008.7998046875,12008.7998046875,128560300
2010-03-16,12048.7998046875,12097.7001953125,12008.7998046875,12089.400390625,12089.400390625,155497800
2010-03-17,12122.5,12122.5,12085.2998046875,12100.7001953125,12100.7001953125,158066600
2010-03-18,12091.099609375,12129.2998046875,12008.099609375,12040,12040,155656200
2010-03-19,12032,12047.400390625,11926,11948,11948,342072200
2010-03-22,11876.599609375,11991.5,11844,11967.2001953125,11967.2001953125,211048700
2010-03-23,11988,12048,11967.2001953125,12044.5,12044.5,193096400
2010-03-24,12008.7001953125,12044.5,11962.7001953125,11963,11963,206398800
2010-03-25,12010.099609375,12048.7001953125,11957.7001953125,11958.099609375,11958.099609375,208243200
2010-03-26,11992,12040.599609375,11909.099609375,11957.400390625,11957.400390625,197405200
2010-03-29,11999.5,12034.900390625,11957.400390625,12029.7001953125,12029.7001953125,159040900
2010-03-30,12042.2001953125,12061.7001953125,12022.7998046875,12044.2001953125,12044.2001953125,153305600
2010-03-31,12063.2998046875,12080.5,11983.400390625,12037.7001953125,12037.7001953125,192925500
2010-04-01,12069.900390625,12157.400390625,12037.7001953125,12151.099609375,12151.099609375,190576800
2010-04-05,12190.7998046875,12203.400390625,12151.099609375,12186.400390625,12186.400390625,146615800
2010-04-06,12135.599609375,12200.099609375,12120.2998046875,12156.7001953125,12156.7001953125,163854800
2010-04-07,12137.099609375,12160,12059.2998046875,12110.900390625,12110.900390625,210588900
2010-04-08,12060.7001953125,12139,11975.900390625,12113.5,12113.5,179570400
2010-04-09,12150.5,12211.099609375,12113.5,12176.7998046875,12176.7998046875,163373500
2010-04-12,12167.5,12214.400390625,12139.2001953125,12148.7001953125,12148.7001953125,163197100
2010-04-13,12091.5,12148.7001953125,12025.400390625,12101.5,12101.5,145607200
2010-04-14,12141.7001953125,12211.599609375,12095.900390625,12204.400390625,12204.400390625,177248500
2010-04-15,12178.599609375,12249.5,12168.7001953125,12211.5,12211.5,164368500
2010-04-16,12190.599609375,12211.5,12019.900390625,12070.7001953125,12070.7001953125,209408300
2010-04-19,11974.7001953125,12103,11954,12103,12103,185354900
2010-04-20,12122,12159.900390625,12103,12113.5,12113.5,179248400
2010-04-21,12135.2998046875,12158.2001953125,12070.7001953125,12134.599609375,12134.599609375,182199700
2010-04-22,12053.2998046875,12160.900390625,11985.2998046875,12160.900390625,12160.900390625,201924700
2010-04-23,12167.900390625,12248.400390625,12126.7998046875,12239.599609375,12239.599609375,192225700
2010-04-26,12254.2001953125,12297.900390625,12234.7001953125,12281,12281,155928300
2010-04-27,12255.599609375,12321.7998046875,12143.2001953125,12146.7001953125,12146.7001953125,221201200
2010-04-28,12165,12173.2998046875,12075.7998046875,12076.900390625,12076.900390625,222609000
2010-04-29,12110.7001953125,12227,12076.900390625,12200.2998046875,12200.2998046875,223547300
2010-04-30,12247.400390625,12308.099609375,12184.2998046875,12210.7001953125,12210.7001953125,246932700
2010-05-03,12274,12294.599609375,12165.7998046875,12196.5,12196.5,179449500
2010-05-04,12164.900390625,12196.5,11954.5,12030.900390625,12030.900390625,256142700
2010-05-05,11862.400390625,12030.900390625,11754.2998046875,11875.099609375,11875.099609375,284613800
2010-05-06,11845.7998046875,11949,11422.7001953125,11842.400390625,11842.400390625,365163000
2010-05-07,11749.900390625,11842.400390625,11557,11692.400390625,11692.400390625,281577500
2010-05-10,12011.7998046875,12024.5,11692.400390625,11947.900390625,11947.900390625,205450400
2010-05-11,11931.7001953125,12093.5,11916.2001953125,12000.599609375,12000.599609375,255876300
2010-05-12,12102.599609375,12205,12000.599609375,12196,12196,237159700
2010-05-13,12170.900390625,12210.400390625,12059.099609375,12116.599609375,12116.599609375,205673700
2010-05-14,12088,12116.599609375,11891,12015,12015,210463900
2010-05-17,11999.7998046875,12015,11695.599609375,11813,11813,230554000
2010-05-18,11891.099609375,11959.7001953125,11760.7998046875,11764.5,11764.5,227515300
2010-05-19,11700.5,11787.2001953125,11514.099609375,11665.7998046875,11665.7998046875,260917700
2010-05-20,11495,11665.7998046875,11381.400390625,11406,11406,287930300
2010-05-21,11244.5,11539.099609375,11180,11521.400390625,11521.400390625,212582900
2010-05-25,11270.7001953125,11522.2998046875,11263.2001953125,11518.099609375,11518.099609375,253635700
2010-05-26,11699.7001953125,11723.900390625,11518.099609375,11543.900390625,11543.900390625,295819700
2010-05-27,11608.599609375,11755.099609375,11543.900390625,11749.099609375,11749.099609375,235526800
2010-05-28,11778.900390625,11799.599609375,11640.900390625,11671.400390625,11671.400390625,174609600
2010-05-31,11765.5,11765.5,11671.400390625,11763,11763,586800
2010-06-01,11702.2001953125,11778.7998046875,11566.900390625,11572,11572,247640200
2010-06-02,11619.2001953125,11780.7001953125,11569.2998046875,11780.7001953125,11780.7001953125,277592900
2010-06-03,11824.2001953125,11842.2998046875,11692,11811.900390625,11811.900390625,227712300
2010-06-04,11661.900390625,11811.900390625,11548.900390625,11569.599609375,11569.599609375,212460600
2010-06-07,11570.400390625,11616.7001953125,11493.599609375,11504.7001953125,11504.7001953125,201112300
2010-06-08,11522.2001953125,11559.5,11402.5,11517.2001953125,11517.2001953125,230881400
2010-06-09,11575,11613.099609375,11436.400390625,11450.599609375,11450.599609375,208969000
2010-06-10,11514.7998046875,11637.7998046875,11450.599609375,11635.900390625,11635.900390625,177325200
2010-06-11,11591.400390625,11693.7001953125,11586.400390625,11666.900390625,11666.900390625,150092300
2010-06-14,11730.099609375,11781.2001953125,11653,11667.2998046875,11667.2998046875,164946000
2010-06-15,11702.099609375,11907.5,11670.5,11907.5,11907.5,188665900
2010-06-16,11873.900390625,11938.599609375,11864.900390625,11921.099609375,11921.099609375,166225900
2010-06-17,11968.400390625,11981.400390625,11908.900390625,11946,11946,177607500
2010-06-18,11990.2001953125,12017.900390625,11927.599609375,11927.599609375,11927.599609375,355137900
2010-06-21,12042.7998046875,12077,11905.7001953125,11936.099609375,11936.099609375,192616100
2010-06-22,11910.599609375,11952.900390625,11796.400390625,11797.900390625,11797.900390625,158052000
2010-06-23,11784.099609375,11849.7998046875,11730,11807.5,11807.5,164066000
2010-06-24,11774.900390625,11805.7998046875,11661.099609375,11670.2001953125,11670.2001953125,131022200
2010-06-25,11692.900390625,11774.400390625,11619.400390625,11707.900390625,11707.900390625,150615000
2010-06-28,11715.2998046875,11718.900390625,11602.2001953125,11607,11607,142217200
2010-06-29,11508.099609375,11594.599609375,11244,11263.7998046875,11263.7998046875,237759600
2010-06-30,11266.5,11415.2998046875,11258.400390625,11294.400390625,11294.400390625,198625600
2010-07-02,11245.2998046875,11311,11146.7998046875,11196.099609375,11196.099609375,149305300
2010-07-05,11163,11192.400390625,11065.5,11092.5,11092.5,542800
2010-07-06,11195.2998046875,11269.900390625,11093.900390625,11200.2001953125,11200.2001953125,218609700
2010-07-07,11227.7001953125,11397.2998046875,11201.2998046875,11397.2998046875,11397.2998046875,315669300
2010-07-08,11482.599609375,11482.599609375,11330.599609375,11433.400390625,11433.400390625,222372500
2010-07-09,11430.7001953125,11570.5,11393.900390625,11570.5,11570.5,159365000
2010-07-12,11567.400390625,11600.7998046875,11497.2998046875,11565.7998046875,11565.7998046875,146214600
2010-07-13,11678.400390625,11695.599609375,11573.2998046875,11672.7998046875,11672.7998046875,196260600
2010-07-14,11673,11694.099609375,11606.7998046875,11620.2001953125,11620.2001953125,169886400
2010-07-15,11643.099609375,11741.7998046875,11552.400390625,11741.7998046875,11741.7998046875,191605900
2010-07-16,11690.2001953125,11741.7998046875,11503.7998046875,11569.7001953125,11569.7001953125,186759200
2010-07-19,11542.2001953125,11580.2998046875,11447.7998046875,11543.5,11543.5,157275100
2010-07-20,11454.2998046875,11629.900390625,11446,11629.900390625,11629.900390625,187924900
2010-07-21,11668.7001953125,11668.7001953125,11465.7001953125,11513.2998046875,11513.2998046875,166371000
2010-07-22,11573.2001953125,11668,11513.400390625,11667.7998046875,11667.7998046875,182217100
2010-07-23,11679,11722.599609375,11622.900390625,11714.2001953125,11714.2001953125,147800200
2010-07-26,11742.400390625,11768.5,11679.599609375,11746.099609375,11746.099609375,134590600
2010-07-27,11803.7001953125,11822.7001953125,11683.7998046875,11716.7001953125,11716.7001953125,190675700
2010-07-28,11667.5,11716.2998046875,11659.099609375,11696.599609375,11696.599609375,174776100
2010-07-29,11746.7998046875,11771.7998046875,11634.099609375,11728.599609375,11728.599609375,205437800
2010-07-30,11667.900390625,11746.7998046875,11603.7998046875,11713.400390625,11713.400390625,153668100
2010-08-03,11829.2998046875,11872.900390625,11713.900390625,11782.599609375,11782.599609375,228189300
2010-08-04,11843.7998046875,11855.900390625,11784.7998046875,11845.099609375,11845.099609375,191089900
2010-08-05,11819.2001953125,11845.400390625,11747.7998046875,11774.7998046875,11774.7998046875,227178800
2010-08-06,11752.900390625,11822.400390625,11700.099609375,11800,11800,187277700
2010-08-09,11846.7001953125,11878.400390625,11783.400390625,11863.599609375,11863.599609375,146656100
2010-08-10,11778.400390625,11871.2998046875,11749.5,11838.2998046875,11838.2998046875,166176800
2010-08-11,11736.400390625,11833.900390625,11565,11582.2001953125,11582.2001953125,187670900
2010-08-12,11513.2001953125,11579.7001953125,11480.5,11523.599609375,11523.599609375,243569900
2010-08-13,11505.2001953125,11548.599609375,11491.099609375,11528.2998046875,11528.2998046875,164371900
2010-08-16,11527.7001953125,11558.7998046875,11493.599609375,11552.7998046875,11552.7998046875,152054900
2010-08-17,11677.2998046875,11744.7998046875,11552.599609375,11728.599609375,11728.599609375,207051300
2010-08-18,11722.5,11806.5,11646,11781.099609375,11781.099609375,173697900
2010-08-19,11775.2998046875,11801.2001953125,11669.2998046875,11710.2001953125,11710.2001953125,187373900
2010-08-20,11672.5,11736.2001953125,11594.7001953125,11722.099609375,11722.099609375,160721100
2010-08-23,11751.5,11774.400390625,11712.2998046875,11718.599609375,11718.599609375,162052800
2010-08-24,11610.7998046875,11706.900390625,11553.400390625,11557.400390625,11557.400390625,193425200
2010-08-25,11515.099609375,11648.099609375,11469.2998046875,11648.099609375,11648.099609375,202774300
2010-08-26,11667.2998046875,11707.099609375,11618.7001953125,11653.2001953125,11653.2001953125,190937900
2010-08-27,11700.400390625,11887.7998046875,11638,11879.7001953125,11879.7001953125,178412300
2010-08-30,11873.099609375,11952.599609375,11865.7998046875,11895.599609375,11895.599609375,137653900
2010-08-31,11894.2998046875,11990.7998046875,11845.2001953125,11913.900390625,11913.900390625,231320800
2010-09-01,11978.2998046875,12016.099609375,11914.2001953125,12003.7998046875,12003.7998046875,236076600
2010-09-02,12040.2998046875,12111.900390625,12003.7001953125,12111.099609375,12111.099609375,215058400
2010-09-03,12136.599609375,12197.900390625,12109,12144.900390625,12144.900390625,199106600
2010-09-07,12148.099609375,12148.099609375,12070.599609375,12102,12102,147623800
2010-09-08,12102.400390625,12160.7001953125,12040.2001953125,12042.2998046875,12042.2998046875,191014200
2010-09-09,12106.400390625,12116.099609375,11997.7001953125,12033.5,12033.5,185537700
2010-09-10,12023.5,12097.099609375,12021.7998046875,12097.099609375,12097.099609375,213188400
2010-09-13,12147.400390625,12157,12101.400390625,12149.900390625,12149.900390625,189965700
2010-09-14,12151.099609375,12251.5,12147,12193,12193,207852800
2010-09-15,12160.099609375,12191.900390625,12081.599609375,12144.7998046875,12144.7998046875,184877100
2010-09-16,12146,12180.2001953125,12106.5,12173.400390625,12173.400390625,198796300
2010-09-17,12262.2998046875,12262.2998046875,12140.7998046875,12164.599609375,12164.599609375,437462400
2010-09-20,12190.5,12281.400390625,12166.7001953125,12234.5,12234.5,191041100
2010-09-21,12256.900390625,12256.900390625,12129.7998046875,12170.599609375,12170.599609375,255126800
2010-09-22,12209.2998046875,12253.2001953125,12139.7998046875,12147.2998046875,12147.2998046875,186610300
2010-09-23,12098.7001953125,12159.599609375,12055.599609375,12101.7998046875,12101.7998046875,183976900
2010-09-24,12168.099609375,12219.2001953125,12103.599609375,12204.900390625,12204.900390625,200783500
2010-09-27,12211.099609375,12246.400390625,12189.599609375,12190.599609375,12190.599609375,166245500
2010-09-28,12179,12279.7001953125,12123.7998046875,12278.900390625,12278.900390625,219391900
2010-09-29,12255.5,12382.7998046875,12237.2998046875,12382.7998046875,12382.7998046875,216326900
2010-09-30,12404.2001953125,12406.400390625,12257.900390625,12368.7001953125,12368.7001953125,271240200
2010-10-01,12400.099609375,12446.900390625,12363.099609375,12363.099609375,12363.099609375,208557400
2010-10-04,12368,12375.2001953125,12262.7001953125,12322.900390625,12322.900390625,157341600
2010-10-05,12394.400390625,12509.7998046875,12327.7998046875,12498,12498,246214000
2010-10-06,12511.7998046875,12511.7998046875,12447.099609375,12501.7001953125,12501.7001953125,207399000
2010-10-07,12509.2998046875,12523,12375,12445.900390625,12445.900390625,232346200
2010-10-08,12467,12541,12445.900390625,12535.599609375,12535.599609375,180405900
2010-10-12,12530,12581.900390625,12479.599609375,12575.599609375,12575.599609375,184262000
2010-10-13,12638.099609375,12710.2001953125,12576.7001953125,12673.2998046875,12673.2998046875,274715000
2010-10-14,12670.900390625,12708.400390625,12588.5,12619.7001953125,12619.7001953125,208122600
2010-10-15,12648,12652.7998046875,12549.5,12609.099609375,12609.099609375,181512300
2010-10-18,12596.2001953125,12672.599609375,12596.2001953125,12668,12668,148482300
2010-10-19,12551.2998046875,12661,12518.5,12570.599609375,12570.599609375,216523300
2010-10-20,12561.2001953125,12667.7001953125,12557.2998046875,12649.900390625,12649.900390625,179934400
2010-10-21,12658.599609375,12674.099609375,12575.5,12599.2001953125,12599.2001953125,219438100
2010-10-22,12621.2998046875,12625.2998046875,12566.2998046875,12601.2001953125,12601.2001953125,161467600
2010-10-25,12671.2998046875,12692.599609375,12609,12663.599609375,12663.599609375,171415200
2010-10-26,12607.099609375,12694.5,12602.7998046875,12684.7001953125,12684.7001953125,180927800
2010-10-27,12626.2998046875,12680.5,12508.7001953125,12567.2998046875,12567.2998046875,213783200
2010-10-28,12611.099609375,12621,12504.7998046875,12564.099609375,12564.099609375,190636900
2010-10-29,12560.2998046875,12681.900390625,12560.2998046875,12676.2001953125,12676.2001953125,184429300
2010-11-01,12725.900390625,12759.099609375,12639.7998046875,12664.7998046875,12664.7998046875,158674900
2010-11-02,12718.900390625,12721.5,12660.5,12681.400390625,12681.400390625,159424400
2010-11-03,12685.400390625,12703.900390625,12569.400390625,12671.099609375,12671.099609375,232230700
2010-11-04,12831.099609375,12921.2998046875,12676,12878.7998046875,12878.7998046875,301956400
2010-11-05,12894.599609375,13001.2001953125,12881.2001953125,12925.099609375,12925.099609375,272720600
2010-11-08,12940.2998046875,13052.5,12924,13052.5,13052.5,222268000
2010-11-09,13109.2998046875,13114.099609375,12877.599609375,12916.599609375,12916.599609375,292264000
2010-11-10,12905,12942.599609375,12787,12942.599609375,12942.599609375,257640300
2010-11-11,12925.099609375,12941.900390625,12850.7998046875,12934.7001953125,12934.7001953125,201985700
2010-11-12,12838.400390625,12934.2001953125,12661.900390625,12749.2001953125,12749.2001953125,259861100
2010-11-15,12757.5,12820.400390625,12712.599609375,12735.400390625,12735.400390625,177636900
2010-11-16,12663.5,12726.599609375,12501.7998046875,12602.2001953125,12602.2001953125,235133100
2010-11-17,12556.7998046875,12673.400390625,12542.400390625,12657.7998046875,12657.7998046875,177500400
2010-11-18,12769.599609375,12903.2998046875,12684.599609375,12870,12870,215549700
2010-11-19,12835.400390625,12967.5,12813.7998046875,12956.2998046875,12956.2998046875,175933800
2010-11-22,12931.7998046875,12964,12850.7998046875,12929,12929,160171300
2010-11-23,12858.599609375,12929,12780.900390625,12793.7998046875,12793.7998046875,211518600
2010-11-24,12843.900390625,12902,12795.7001953125,12902,12902,191357600
2010-11-25,12912.099609375,12945.7998046875,12902.2001953125,12945.7998046875,12945.7998046875,73676300
2010-11-26,12865.900390625,12917.599609375,12845.400390625,12892.7001953125,12892.7001953125,151956900
2010-11-29,12888.099609375,12930.2998046875,12783.400390625,12895.7001953125,12895.7001953125,208343200
2010-11-30,12882.7998046875,13032.5,12882.7998046875,12952.900390625,12952.900390625,330680000
2010-12-01,13067,13154.400390625,12952.900390625,13148.400390625,13148.400390625,269398800
2010-12-02,13139.7001953125,13190.7001953125,13132,13163.5,13163.5,252668300
2010-12-03,13134.7998046875,13196.5,13134.7998046875,13179,13179,300830700
2010-12-06,13207.2001953125,13276,13181.2998046875,13276,13276,207716900
2010-12-07,13368.7998046875,13368.7998046875,13240.5,13250.7001953125,13250.7001953125,249669100
2010-12-08,13211.2998046875,13234.2998046875,13132.400390625,13152,13152,239692500
2010-12-09,13221.7998046875,13225,13144.2998046875,13166.900390625,13166.900390625,201102700
2010-12-10,13163.2998046875,13253.400390625,13163.2998046875,13239.5,13239.5,188781000
2010-12-13,13290.2998046875,13360.099609375,13256.599609375,13295.900390625,13295.900390625,215552200
2010-12-14,13313.900390625,13328.400390625,13241.7001953125,13280.099609375,13280.099609375,210577200
2010-12-15,13234,13281,13168.099609375,13229.099609375,13229.099609375,236636000
2010-12-16,13205.2998046875,13223.7001953125,13122.900390625,13181.2001953125,13181.2001953125,209990300
2010-12-17,13194.599609375,13220.5,13094.099609375,13201.5,13201.5,431223700
2010-12-20,13231.5,13262.7998046875,13193.2998046875,13193.2998046875,13193.2998046875,173580200
2010-12-21,13240.7998046875,13365.2001953125,13194.7001953125,13365.2001953125,13365.2001953125,158998600
2010-12-22,13380.7998046875,13397.2998046875,13349.7001953125,13380.7001953125,13380.7001953125,150806900
2010-12-23,13353.900390625,13397,13316.599609375,13371.2001953125,13371.2001953125,119625000
2010-12-24,13371.400390625,13394.400390625,13366.599609375,13383.2001953125,13383.2001953125,182400
2010-12-29,13413.2001953125,13449.7998046875,13383.2001953125,13449.2001953125,13449.2001953125,108949200
2010-12-30,13449.7998046875,13493.599609375,13400.7001953125,13434.400390625,13434.400390625,95725600
2010-12-31,13416.5,13465.5,13383,13443.2001953125,13443.2001953125,80432400
2011-01-04,13530.400390625,13530.400390625,13326.7001953125,13402.2998046875,13402.2998046875,203992800
2011-01-05,13365.2998046875,13400,13301.2001953125,13396,13396,226953900
2011-01-06,13407.599609375,13413.2001953125,13290.900390625,13311.7001953125,13311.7001953125,225910200
2011-01-07,13263.099609375,13329.599609375,13233.2998046875,13272.2998046875,13272.2998046875,208031100
2011-01-10,13291.599609375,13295.400390625,13139.5,13245.099609375,13245.099609375,179375700
2011-01-11,13341.900390625,13421.7998046875,13245.099609375,13401.099609375,13401.099609375,248494500
2011-01-12,13467.400390625,13497.7001953125,13402.2998046875,13460.2001953125,13460.2001953125,270387700
2011-01-13,13492.2998046875,13505.400390625,13383.5,13401.5,13401.5,279592600
2011-01-14,13408.900390625,13464.099609375,13376.099609375,13464.099609375,13464.099609375,245390800
2011-01-17,13427.099609375,13473,13424.400390625,13440.099609375,13440.099609375,931000
2011-01-18,13486.2001953125,13565.599609375,13440.7001953125,13559.2001953125,13559.2001953125,288004600
2011-01-19,13570.099609375,13572.2998046875,13411.5,13439,13439,219379700
2011-01-20,13362.400390625,13429.5,13238.900390625,13331.2998046875,13331.2998046875,260261800
2011-01-21,13355.2998046875,13408,13258.599609375,13258.599609375,13258.599609375,406148700
2011-01-24,13313.7001953125,13369.2998046875,13264.7001953125,13347.599609375,13347.599609375,185934400
2011-01-25,13322.400390625,13347,13192.7001953125,13259.599609375,13259.599609375,253727900
2011-01-26,13300.2998046875,13477.900390625,13259.599609375,13465.7998046875,13465.7998046875,252211900
2011-01-27,13473,13497.2001953125,13397.5,13410.2001953125,13410.2001953125,215484600
2011-01-28,13406.400390625,13497.599609375,13406,13437.599609375,13437.599609375,234654000
2011-01-31,13449.7001953125,13588.5,13438.400390625,13552,13552,231294400
2011-02-01,13617.7001953125,13714.5,13552.2998046875,13712.599609375,13712.599609375,253788900
2011-02-02,13729.099609375,13731.2998046875,13673.099609375,13680.2998046875,13680.2998046875,193310800
2011-02-03,13733.099609375,13844.099609375,13683.5,13841.400390625,13841.400390625,287565500
2011-02-04,13843.5,13863.099609375,13778.099609375,13791.900390625,13791.900390625,212051300
2011-02-07,13854.099609375,13872.099609375,13791.7998046875,13811.900390625,13811.900390625,240762100
2011-02-08,13841.2998046875,13909.7998046875,13786.400390625,13892.5,13892.5,219467600
2011-02-09,13892.2998046875,13905.400390625,13774.7998046875,13784.2998046875,13784.2998046875,218829400
2011-02-10,13741.599609375,13848.599609375,13692.7998046875,13840.599609375,13840.599609375,210192300
2011-02-11,13823.7998046875,13854,13766.7998046875,13766.7998046875,13766.7998046875,190407800
2011-02-14,13835.099609375,13923.400390625,13776.599609375,13910.7998046875,13910.7998046875,198345900
2011-02-15,13944.7998046875,13971.7998046875,13910.7001953125,13929.400390625,13929.400390625,202771500
2011-02-16,13980.099609375,14092.2998046875,13929.599609375,14059.2001953125,14059.2001953125,220114700
2011-02-17,14068.7001953125,14136.2001953125,14018.599609375,14136.2001953125,14136.2001953125,221043900
2011-02-18,14153.599609375,14156.400390625,14094.7001953125,14123.099609375,14123.099609375,242268500
2011-02-22,14155.599609375,14160.7001953125,13946.2001953125,13963.7001953125,13963.7001953125,247888000
2011-02-23,13983.2998046875,14080.900390625,13951.2001953125,13956.2001953125,13956.2001953125,256081800
2011-02-24,13994.2001953125,14034.599609375,13810.5,13867.2998046875,13867.2998046875,249330500
2011-02-25,13950.400390625,14052.099609375,13885.900390625,14052.099609375,14052.099609375,252045600
2011-02-28,14083,14159.900390625,14053.099609375,14136.5,14136.5,287666000
2011-03-01,14167,14213.2001953125,14092.400390625,14122.900390625,14122.900390625,237699800
2011-03-02,14123.2001953125,14160.900390625,14093,14144,14144,210064900
2011-03-03,14184,14220.2001953125,14143.900390625,14214.7001953125,14214.7001953125,248627900
2011-03-04,14260.2998046875,14280.599609375,14214.5,14252.7998046875,14252.7998046875,203106400
2011-03-07,14303.2998046875,14329.5,14077.599609375,14092.400390625,14092.400390625,211330300
2011-03-08,14130.599609375,14130.599609375,13973.599609375,14013,14013,222435500
2011-03-09,14014.2001953125,14031.900390625,13840.400390625,13884.7001953125,13884.7001953125,235819400
2011-03-10,13746.7001953125,13884.400390625,13578.2998046875,13638.599609375,13638.599609375,236807700
2011-03-11,13478,13709.400390625,13477.400390625,13674.2998046875,13674.2998046875,190931600
2011-03-14,13545,13673.900390625,13511.2001953125,13619.2001953125,13619.2001953125,249150400
2011-03-15,13275.400390625,13604.099609375,13237.900390625,13547,13547,333462600
2011-03-16,13541.099609375,13680.900390625,13430.7998046875,13524.7998046875,13524.7998046875,302401700
2011-03-17,13682.7998046875,13755.400390625,13524.7998046875,13746.2001953125,13746.2001953125,242798500
2011-03-18,13819.599609375,13875.7001953125,13746.2998046875,13789.599609375,13789.599609375,352301200
2011-03-21,13919,14016.7001953125,13812.2998046875,14013.7001953125,14013.7001953125,184426100
2011-03-22,14008.2998046875,14035.099609375,13967.400390625,14000,14000,183082200
2011-03-23,14017.2998046875,14100.099609375,13985.599609375,14087.2001953125,14087.2001953125,209491800
2011-03-24,14084.400390625,14107,14015.2998046875,14029.400390625,14029.400390625,206255100
2011-03-25,14014.2001953125,14130.400390625,14014.2001953125,14039.400390625,14039.400390625,185202600
2011-03-28,14003.599609375,14036.5,13888.7001953125,13892.7001953125,13892.7001953125,177978500
2011-03-29,13891,13961,13843.400390625,13930.400390625,13930.400390625,181050300
2011-03-30,14007.5,14096,13934.5,14083.599609375,14083.599609375,234486300
2011-03-31,14154.400390625,14166.599609375,14083.7001953125,14116.099609375,14116.099609375,253333700
2011-04-01,14118.2001953125,14181.5,14116.7998046875,14130.2001953125,14130.2001953125,240069000
2011-04-04,14212.7001953125,14248.7001953125,14145.5,14218.400390625,14218.400390625,226202900
2011-04-05,14201.2001953125,14270.5,14187.900390625,14270.5,14270.5,233507400
2011-04-06,14315.400390625,14315.400390625,14139.5,14202.7001953125,14202.7001953125,234208000
2011-04-07,14181.900390625,14215.599609375,14096.900390625,14107.7998046875,14107.7998046875,194127000
2011-04-08,14195,14229.7998046875,14107.7998046875,14208.400390625,14208.400390625,205884100
2011-04-11,14187.7998046875,14208,13933.099609375,13996.900390625,13996.900390625,177510000
2011-04-12,13902.5,13996.2001953125,13720.099609375,13801.400390625,13801.400390625,229062800
2011-04-13,13882.400390625,13947.2001953125,13805.099609375,13833.599609375,13833.599609375,231915900
2011-04-14,13807.5,13848.2001953125,13781.7998046875,13821.7998046875,13821.7998046875,184423400
2011-04-15,13824.7998046875,13889.5,13798.2998046875,13799.099609375,13799.099609375,183776700
2011-04-18,13738.7998046875,13798.5,13584.599609375,13702.2998046875,13702.2998046875,183792800
2011-04-19,13688.2998046875,13756.2998046875,13671.7001953125,13736.7998046875,13736.7998046875,174828400
2011-04-20,13866.7001953125,13921.2998046875,13738,13897.5,13897.5,177964100
2011-04-21,13946.900390625,13977.5,13898.2998046875,13972,13972,145015000
2011-04-25,13983.2998046875,13997.900390625,13888.2998046875,13907.2998046875,13907.2998046875,191204700
2011-04-26,13896.7998046875,13926.2001953125,13871.2001953125,13909.099609375,13909.099609375,193028500
2011-04-27,13941.099609375,13943,13770.7998046875,13892.599609375,13892.599609375,244523500
2011-04-28,13891.599609375,13936.7001953125,13848.2998046875,13894.400390625,13894.400390625,175469000
2011-04-29,13872.2001953125,13945.7001953125,13861.400390625,13944.7998046875,13944.7998046875,197821500
2011-05-02,13944.7998046875,14089.099609375,13893,13934.5,13934.5,15914000
2011-05-03,13912.2001953125,13931.7001953125,13618.7998046875,13692.400390625,13692.400390625,24579200
2011-05-04,13676.5,13694.2998046875,13499.7998046875,13611.2998046875,13611.2998046875,214496300
2011-05-05,13521.7001953125,13606.900390625,13416,13455.400390625,13455.400390625,235265100
2011-05-06,13513.2001953125,13615.5,13456.599609375,13566.599609375,13566.599609375,208956100
2011-05-09,13628.2998046875,13678.900390625,13561.400390625,13677.099609375,13677.099609375,175743100
2011-05-10,13703,13703,13632.5,13642.099609375,13642.099609375,168172500
2011-05-11,13597.2001953125,13641.7001953125,13386.900390625,13419.7001953125,13419.7001953125,221128400
2011-05-12,13340.599609375,13440.7998046875,13264.7998046875,13389.400390625,13389.400390625,270588000
2011-05-13,13424.7001953125,13439.900390625,13341.400390625,13377.2001953125,13377.2001953125,171966400
2011-05-16,13360.599609375,13519.2001953125,13338,13391.400390625,13391.400390625,184635900
2011-05-17,13368.7001953125,13472.7998046875,13349,13441.099609375,13441.099609375,225325200
2011-05-18,13513.599609375,13646.2998046875,13446.2998046875,13607.2998046875,13607.2998046875,214278500
2011-05-19,13624.2001953125,13646.7998046875,13566.900390625,13625.099609375,13625.099609375,205296500
2011-05-20,13591.400390625,13682.900390625,13537.599609375,13652.2998046875,13652.2998046875,202873200
2011-05-24,13631.7001953125,13691.099609375,13584.5,13595.099609375,13595.099609375,200117900
2011-05-25,13578.2001953125,13768.2001953125,13578.2001953125,13751.5,13751.5,173707400
2011-05-26,13692.900390625,13775.900390625,13671,13775.900390625,13775.900390625,228212100
2011-05-27,13777.5,13856.5,13777.5,13797.599609375,13797.599609375,254044700
2011-05-30,13810.599609375,13856.2001953125,13796.2001953125,13829.7001953125,13829.7001953125,867000
2011-05-31,13892.099609375,13901.599609375,13737.599609375,13802.900390625,13802.900390625,275436400
2011-06-01,13806.099609375,13823.400390625,13527.900390625,13527.900390625,13527.900390625,222845000
2011-06-02,13555.900390625,13622.7001953125,13457.900390625,13519.5,13519.5,188476200
2011-06-03,13388.900390625,13532.5,13365.400390625,13517.900390625,13517.900390625,182495500
2011-06-06,13517.5,13538.099609375,13284.599609375,13318.7001953125,13318.7001953125,157090900
2011-06-07,13320.099609375,13392,13272.900390625,13282.900390625,13282.900390625,195369900
2011-06-08,13223.599609375,13288.7001953125,13161.400390625,13183.7998046875,13183.7998046875,225589000
2011-06-09,13202.5,13266.7001953125,13164.7998046875,13255.7001953125,13255.7001953125,206085800
2011-06-10,13179.599609375,13242.7001953125,13008.7998046875,13084,13084,164134800
2011-06-13,13050.2001953125,13085.7998046875,12906.400390625,12939.7001953125,12939.7001953125,172657900
2011-06-14,13004.2998046875,13122.400390625,12947.7001953125,13097.7998046875,13097.7998046875,223182200
2011-06-15,13012.099609375,13082.2998046875,12938.400390625,12972,12972,205168200
2011-06-16,12964,12994.7998046875,12834.599609375,12853.099609375,12853.099609375,209645000
2011-06-17,12852.5,12948.7998046875,12790,12790,12790,346478900
2011-06-20,12789,12872.7998046875,12763.5,12857.7001953125,12857.7001953125,197585700
2011-06-21,12901.400390625,13085.400390625,12860.7001953125,13063.2998046875,13063.2998046875,277598500
2011-06-22,13050,13160.900390625,13041.7001953125,13060.599609375,13060.599609375,226687600
2011-06-23,12928.2001953125,13060.599609375,12838.7998046875,12979.599609375,12979.599609375,210385000
2011-06-24,13017.599609375,13017.599609375,12893.7998046875,12908.900390625,12908.900390625,143880900
2011-06-27,12886,12974.7998046875,12858.400390625,12966.5,12966.5,162644000
2011-06-28,12996.900390625,13112,12966.5,13105,13105,179191600
2011-06-29,13155.7001953125,13233.7998046875,13069.5,13188.900390625,13188.900390625,200236800
2011-06-30,13219.5,13301.7001953125,13189.599609375,13300.900390625,13300.900390625,190153200
2011-07-04,13315.400390625,13414,13297.7001953125,13386.5,13386.5,1049600
2011-07-05,13423.7998046875,13474.099609375,13395.7001953125,13425.2998046875,13425.2998046875,244400100
2011-07-06,13450.900390625,13455,13371.2998046875,13403.099609375,13403.099609375,225537900
2011-07-07,13459.599609375,13474.900390625,13396.5,13406,13406,169604900
2011-07-08,13368.400390625,13410.7001953125,13335.599609375,13371.7001953125,13371.7001953125,127950400
2011-07-11,13339.5,13370.2001953125,13134.7001953125,13179.7998046875,13179.7998046875,155022000
2011-07-12,13101.900390625,13272.7998046875,13101.900390625,13234.099609375,13234.099609375,181692400
2011-07-13,13268.599609375,13428.5,13243.900390625,13324.900390625,13324.900390625,217836800
2011-07-14,13397.7001953125,13399.900390625,13222,13252.900390625,13252.900390625,173918300
2011-07-15,13308.2001953125,13337.2001953125,13252.900390625,13299.5,13299.5,155726300
2011-07-18,13291.400390625,13338.2001953125,13210.099609375,13254.099609375,13254.099609375,160497100
2011-07-19,13284.099609375,13346.400390625,13261.099609375,13332.900390625,13332.900390625,212809600
2011-07-20,13348.900390625,13374.400390625,13312.900390625,13340.7998046875,13340.7998046875,223655900
2011-07-21,13371.099609375,13469.099609375,13345.099609375,13434.2998046875,13434.2998046875,205526100
2011-07-22,13473.7001953125,13516.2001953125,13439,13494.599609375,13494.599609375,171351900
2011-07-25,13451.5,13486.2998046875,13413,13436,13436,162651300
2011-07-26,13413.900390625,13429.2001953125,13286.900390625,13300.599609375,13300.599609375,178844600
2011-07-27,13261.2998046875,13299.099609375,13032.7001953125,13032.7001953125,13032.7001953125,192959600
2011-07-28,12997.2001953125,13107,12931.2001953125,13047.7998046875,13047.7998046875,198575800
2011-07-29,12983.5,13039.099609375,12858.400390625,12945.599609375,12945.599609375,169302400
2011-08-02,13010.599609375,13010.599609375,12751.2998046875,12752.2998046875,12752.2998046875,204532700
2011-08-03,12742,12816.400390625,12567.7001953125,12816,12816,263165600
2011-08-04,12764.099609375,12815.2001953125,12322.099609375,12380.099609375,12380.099609375,349171800
2011-08-05,12356.7001953125,12400.099609375,11894.7001953125,12162.2001953125,12162.2001953125,347256400
2011-08-08,11747,12159.7001953125,11617.7998046875,11671,11671,391284500
2011-08-09,11786.099609375,12109.2998046875,11663.2998046875,12109.2998046875,12109.2998046875,422379100
2011-08-10,12126.2001953125,12307.900390625,11916.7998046875,12198.900390625,12198.900390625,327937700
2011-08-11,12183.400390625,12543.7998046875,12063.7998046875,12539.7998046875,12539.7998046875,306676400
2011-08-12,12638.2998046875,12638.2998046875,12501.5,12542.2001953125,12542.2001953125,192824800
2011-08-15,12626.900390625,12710.099609375,12550.900390625,12683.599609375,12683.599609375,185099100
2011-08-16,12623.7001953125,12668.7998046875,12487.2998046875,12530.7001953125,12530.7001953125,220346300
2011-08-17,12595.7001953125,12715,12542.2998046875,12579.599609375,12579.599609375,202294600
2011-08-18,12389,12545.099609375,12122.400390625,12186.7001953125,12186.7001953125,237559600
2011-08-19,12053.400390625,12261.7001953125,11988.599609375,12007.5,12007.5,240205600
2011-08-22,12235.900390625,12235.900390625,12041.7001953125,12068.400390625,12068.400390625,190172400
2011-08-23,12111.7001953125,12338.400390625,12025.900390625,12338.2998046875,12338.2998046875,267434800
2011-08-24,12311.2001953125,12410,12225.900390625,12343.7998046875,12343.7998046875,206580100
2011-08-25,12360.900390625,12379.2998046875,12221.7001953125,12284.2998046875,12284.2998046875,178355500
2011-08-26,12208,12339.7998046875,12067,12327.5,12327.5,170613400
2011-08-29,12433.5,12523.900390625,12340.5,12504.900390625,12504.900390625,172833600
2011-08-30,12530.2001953125,12664.7001953125,12460.5,12634.7001953125,12634.7001953125,196728900
2011-08-31,12690.2001953125,12778.400390625,12640.400390625,12768.7001953125,12768.7001953125,286670400
2011-09-01,12770.7001953125,12798.5,12689.2998046875,12700.7001953125,12700.7001953125,237899400
2011-09-02,12566.2001953125,12700.7001953125,12556.7001953125,12602.400390625,12602.400390625,180309700
2011-09-06,12406.099609375,12596.5,12355.900390625,12518.5,12518.5,221623900
2011-09-07,12570.400390625,12720.599609375,12514.7998046875,12720.599609375,12720.599609375,188969900
2011-09-08,12654.099609375,12745.099609375,12654.099609375,12684,12684,177330400
2011-09-09,12589.099609375,12674.599609375,12361.099609375,12387.5,12387.5,201762600
2011-09-12,12214,12387.5,12041.599609375,12148.7998046875,12148.7998046875,212100900
2011-09-13,12187.7001953125,12248.599609375,12139,12205.5,12205.5,221933600
2011-09-14,12275.2998046875,12372.900390625,12165.2998046875,12293.400390625,12293.400390625,211700100
2011-09-15,12369.7998046875,12428.099609375,12293.400390625,12424.7998046875,12424.7998046875,198098600
2011-09-16,12436.7001953125,12466.7998046875,12263.7001953125,12263.7001953125,12263.7001953125,497597700
2011-09-19,12187.099609375,12263.7998046875,12117.7998046875,12172,12172,158446000
2011-09-20,12203.2001953125,12356.7998046875,12168.5,12209.900390625,12209.900390625,216520400
2011-09-21,12203.2001953125,12230.7998046875,11948.400390625,11955,11955,230033800
2011-09-22,11653.099609375,11944.2001953125,11420.400390625,11562.5,11562.5,389201900
2011-09-23,11373.099609375,11557.599609375,11355.7998046875,11462.900390625,11462.900390625,290858500
2011-09-26,11487.099609375,11707.2001953125,11293.599609375,11707.2001953125,11707.2001953125,261487400
2011-09-27,11940.2998046875,12058,11710.7998046875,11821.099609375,11821.099609375,277822900
2011-09-28,11868.400390625,11868.400390625,11569,11585.900390625,11585.900390625,229594300
2011-09-29,11721.400390625,11754.599609375,11547.7001953125,11686.2998046875,11686.2998046875,257829700
2011-09-30,11565.7998046875,11685.099609375,11535.2001953125,11623.7998046875,11623.7998046875,257338600
2011-10-03,11516.900390625,11623.5,11221.2001953125,11251.7998046875,11251.7998046875,230269900
2011-10-04,11049.7001953125,11242.099609375,10848.2001953125,11177.900390625,11177.900390625,299568500
2011-10-05,11215.7998046875,11509.2001953125,11135.5,11457.2001953125,11457.2001953125,271715000
2011-10-06,11530.599609375,11782.7001953125,11458.7998046875,11780.099609375,11780.099609375,260299300
2011-10-07,11816.5,11819.599609375,11574.099609375,11588.400390625,11588.400390625,198453900
2011-10-11,11846.400390625,11890.2001953125,11596.900390625,11875.599609375,11875.599609375,316413000
2011-10-12,11956.7001953125,12094.7001953125,11887.2001953125,12030,12030,263435500
2011-10-13,11990.5,12029.900390625,11830,11911.900390625,11911.900390625,206240500
2011-10-14,12031.599609375,12081.7001953125,11926.599609375,12081.7001953125,12081.7001953125,222924800
2011-10-17,12067.7001953125,12084.099609375,11891.400390625,11923,11923,158833700
2011-10-18,11867.5,12066.2001953125,11755.900390625,12053.099609375,12053.099609375,204172600
2011-10-19,12015.2001953125,12051,11832.2001953125,11849.5,11849.5,202470600
2011-10-20,11794.2998046875,11898.400390625,11697.5,11830.2998046875,11830.2998046875,196843100
2011-10-21,11982.7001953125,11993.900390625,11876.900390625,11949.5,11949.5,185069400
2011-10-24,12005.7001953125,12162.2998046875,11957,12162.2998046875,12162.2998046875,231505100
2011-10-25,12173.7998046875,12230.7998046875,12030.099609375,12109.7998046875,12109.7998046875,286073200
2011-10-26,12172.400390625,12208.099609375,12052.5,12186.099609375,12186.099609375,236790400
2011-10-27,12425.2998046875,12526.2998046875,12186.099609375,12465.400390625,12465.400390625,330546200
2011-10-28,12427.2001953125,12541.7998046875,12415.5,12519.5,12519.5,239914300
2011-10-31,12416.900390625,12510.7998046875,12252.099609375,12252.099609375,12252.099609375,290368400
2011-11-01,11963.2001953125,12244.5,11913.7001953125,12115.099609375,12115.099609375,295017900
2011-11-02,12210.7001953125,12325.7998046875,12138.7998046875,12241.7998046875,12241.7998046875,210858000
2011-11-03,12347.400390625,12471.400390625,12237.2998046875,12468.400390625,12468.400390625,258625000
2011-11-04,12432.599609375,12470,12308.2001953125,12408.2998046875,12408.2998046875,190776200
2011-11-07,12416.2001953125,12485.2001953125,12402.7001953125,12462,12462,205585800
2011-11-08,12507,12542.599609375,12431.5,12488.900390625,12488.900390625,199379800
2011-11-09,12314.599609375,12437.2001953125,12156.099609375,12156.2001953125,12156.2001953125,222082000
2011-11-10,12218.7998046875,12260.2998046875,12025.599609375,12108.900390625,12108.900390625,192236900
2011-11-11,12198.900390625,12321.5,12116.400390625,12276.900390625,12276.900390625,165644400
2011-11-14,12276.900390625,12342,12157.7001953125,12224.2001953125,12224.2001953125,136413000
2011-11-15,12190,12258,12147.900390625,12229.2998046875,12229.2998046875,182342500
2011-11-16,12189.2998046875,12295.2998046875,12163.400390625,12174.400390625,12174.400390625,264218700
2011-11-17,12152.900390625,12162.7001953125,11878.7001953125,11915.400390625,11915.400390625,222262000
2011-11-18,11982.400390625,11994.400390625,11876.5,11892.400390625,11892.400390625,208877000
2011-11-21,11751.2998046875,11892.400390625,11636.099609375,11784.7001953125,11784.7001953125,196256000
2011-11-22,11801.7001953125,11842.400390625,11730.599609375,11795.2001953125,11795.2001953125,199922200
2011-11-23,11689.599609375,11780.900390625,11540.2001953125,11571.7001953125,11571.7001953125,189951000
2011-11-24,11596,11604.599609375,11470.2998046875,11485.2998046875,11485.2998046875,489000
2011-11-25,11465.400390625,11536.7998046875,11420.7998046875,11462.099609375,11462.099609375,114691200
2011-11-28,11672,11741.2998046875,11462.099609375,11640.2001953125,11640.2001953125,186585700
2011-11-29,11654.400390625,11766.5,11638.5,11732.5,11732.5,222462900
2011-11-30,11966.400390625,12204.2001953125,11798.599609375,12204.099609375,12204.099609375,282704100
2011-12-01,12174.099609375,12215.2001953125,12088.2001953125,12113.2998046875,12113.2998046875,201004800
2011-12-02,12225.400390625,12229.900390625,12061.7001953125,12075.099609375,12075.099609375,195798200
2011-12-05,12152.099609375,12268.900390625,12076.2001953125,12119.2998046875,12119.2998046875,188982300
2011-12-06,12092.7998046875,12162.2998046875,12010.5,12081.2998046875,12081.2998046875,294246300
2011-12-07,12071.900390625,12167.099609375,11997.2998046875,12148.7001953125,12148.7001953125,234979200
2011-12-08,12067.599609375,12117.7998046875,11917,11951.7998046875,11951.7998046875,236446000
2011-12-09,11964.599609375,12068.2998046875,11958,12034.7998046875,12034.7998046875,168917400
2011-12-12,11905.900390625,12034.400390625,11805.7998046875,11907.900390625,11907.900390625,223748700
2011-12-13,11913.599609375,11987.5,11688.2001953125,11759.900390625,11759.900390625,225191400
2011-12-14,11671.2001953125,11750.7001953125,11496.7001953125,11543.099609375,11543.099609375,258366000
2011-12-15,11610,11630.599609375,11468.7001953125,11504.400390625,11504.400390625,212926600
2011-12-16,11520.7001953125,11667.2998046875,11508.2001953125,11635.400390625,11635.400390625,465639700
2011-12-19,11659.7998046875,11666.900390625,11507.599609375,11539.7001953125,11539.7001953125,200565700
2011-12-20,11627,11753.5,11573.400390625,11716.900390625,11716.900390625,278005600
2011-12-21,11718.099609375,11768.7998046875,11670.2001953125,11753.5,11753.5,227279800
2011-12-22,11766.2001953125,11880,11743.900390625,11876.5,11876.5,172966700
2011-12-23,11900.599609375,11949.099609375,11884.2001953125,11926.7001953125,11926.7001953125,122283600
2011-12-28,11893.400390625,11917,11709.7998046875,11728.400390625,11728.400390625,98273900
2011-12-29,11703.2001953125,11842.099609375,11703.2001953125,11841.7001953125,11841.7001953125,95627700
2011-12-30,11837.5,11959.7998046875,11837.5,11955.099609375,11955.099609375,94681700
2012-01-03,12097.2001953125,12216.7998046875,11955.900390625,12208.400390625,12208.400390625,162333300
2012-01-04,12189.7001953125,12234.2998046875,12154,12226.5,12226.5,175575300
2012-01-05,12196.2001953125,12253.099609375,12137.099609375,12237.400390625,12237.400390625,161562800
2012-01-06,12241.7998046875,12246,12148.2998046875,12188.599609375,12188.599609375,144785000
2012-01-09,12195,12210.599609375,12150.7001953125,12196.7001953125,12196.7001953125,149905200
2012-01-10,12320.7001953125,12346.7998046875,12198.400390625,12270.7001953125,12270.7001953125,188406200
2012-01-11,12268.400390625,12284.7001953125,12228.7001953125,12260.900390625,12260.900390625,178804200
2012-01-12,12279,12307.5,12227.599609375,12274.2998046875,12274.2998046875,231832500
2012-01-13,12216.7001953125,12268.099609375,12117,12231.099609375,12231.099609375,179576800
2012-01-16,12232.599609375,12272.5,12226.599609375,12258.599609375,12258.599609375,948000
2012-01-17,12302.5,12317,12198.900390625,12232.7998046875,12232.7998046875,276862200
2012-01-18,12209.7001953125,12346.7001953125,12209.7001953125,12327.5,12327.5,255761900
2012-01-19,12378.7998046875,12417.7001953125,12335.400390625,12380.7001953125,12380.7001953125,261849100
2012-01-20,12361.5,12397.099609375,12354,12397.099609375,12397.099609375,191752300
2012-01-23,12433,12530.2998046875,12408,12521.7001953125,12521.7001953125,207744000
2012-01-24,12454.5,12509.599609375,12355.2001953125,12395.2001953125,12395.2001953125,242250500
2012-01-25,12375,12539.599609375,12326.7998046875,12539.2001953125,12539.2001953125,294333800
2012-01-26,12591.099609375,12616,12424.7001953125,12464.2998046875,12464.2998046875,240864600
2012-01-27,12430.2998046875,12529,12430.2998046875,12466.5,12466.5,187536000
2012-01-30,12371.7001953125,12454.2998046875,12338.2998046875,12436.400390625,12436.400390625,187569700
2012-01-31,12518.5,12532.7001953125,12366.7001953125,12452.2001953125,12452.2001953125,209443200
2012-02-01,12510.7001953125,12542.2998046875,12463.7998046875,12517.7001953125,12517.7001953125,213032700
2012-02-02,12515.2001953125,12574.599609375,12497.900390625,12553.5,12553.5,200591200
2012-02-03,12580.7001953125,12624,12553.5,12577.2998046875,12577.2998046875,213276200
2012-02-06,12547.2001953125,12592.099609375,12521.599609375,12559.900390625,12559.900390625,147979100
2012-02-07,12568.900390625,12568.900390625,12424.7998046875,12512.400390625,12512.400390625,203803000
2012-02-08,12543.7998046875,12575.2001953125,12469.5,12521,12521,181283400
2012-02-09,12521.099609375,12547.400390625,12461.900390625,12497.900390625,12497.900390625,200222300
2012-02-10,12403,12458.400390625,12328.900390625,12389.400390625,12389.400390625,192173600
2012-02-13,12428.400390625,12458.099609375,12382.400390625,12398.7001953125,12398.7001953125,193319800
2012-02-14,12381,12399.599609375,12291.7998046875,12354.5,12354.5,182814900
2012-02-15,12390.099609375,12400,12328.5,12362,12362,172736600
2012-02-16,12333.099609375,12486.7998046875,12326.7998046875,12485.599609375,12485.599609375,231209000
2012-02-17,12516.7998046875,12516.7998046875,12428.900390625,12458.2998046875,12458.2998046875,187916900
2012-02-21,12538.599609375,12656.2998046875,12469,12623.400390625,12623.400390625,240739700
2012-02-22,12639.2001953125,12719.2998046875,12618.599609375,12701.2998046875,12701.2998046875,253713900
2012-02-23,12695.900390625,12734.2998046875,12657.7001953125,12731.2998046875,12731.2998046875,218670000
2012-02-24,12742,12763.7998046875,12710.599609375,12725.7998046875,12725.7998046875,199606100
2012-02-27,12703.2998046875,12723.2001953125,12624.099609375,12700.400390625,12700.400390625,150056800
2012-02-28,12695.2001953125,12753,12678.599609375,12740.5,12740.5,209891100
2012-02-29,12757.099609375,12788.599609375,12602.5,12644,12644,324589000
2012-03-01,12643,12731.5,12643,12723.5,12723.5,216689600
2012-03-02,12713.900390625,12722.5,12621.900390625,12643.7998046875,12643.7998046875,167509000
2012-03-05,12630.400390625,12644.900390625,12507.2998046875,12524,12524,187668100
2012-03-06,12406.599609375,12486.7998046875,12249.900390625,12298.599609375,12298.599609375,281226900
2012-03-07,12311.2001953125,12367.099609375,12237.7001953125,12350.2001953125,12350.2001953125,212815300
2012-03-08,12430.599609375,12485.2998046875,12359.2001953125,12461.900390625,12461.900390625,192373900
2012-03-09,12476.099609375,12528.2998046875,12457.5,12503.599609375,12503.599609375,209223800
2012-03-12,12493,12518.599609375,12408.2998046875,12428,12428,192770600
2012-03-13,12424,12538.5,12424,12537.7001953125,12537.7001953125,205102300
2012-03-14,12519,12536.900390625,12354.099609375,12377.900390625,12377.900390625,242909500
2012-03-15,12376.599609375,12530.7001953125,12372.7001953125,12455.7998046875,12455.7998046875,275880700
2012-03-16,12467.099609375,12537.5,12455,12497,12497,416617100
2012-03-19,12494.599609375,12561.7998046875,12475.5,12479.7001953125,12479.7001953125,183863600
2012-03-20,12422.099609375,12473.900390625,12336.900390625,12430.7001953125,12430.7001953125,250579200
2012-03-21,12427.2001953125,12462.900390625,12380.900390625,12436.5,12436.5,194589300
2012-03-22,12354.7998046875,12418.900390625,12335.400390625,12361.7998046875,12361.7998046875,220250100
2012-03-23,12376.900390625,12465.7001953125,12364.2998046875,12465.7001953125,12465.7001953125,185974300
2012-03-26,12535.599609375,12583.099609375,12486.7998046875,12574.7998046875,12574.7998046875,220257800
2012-03-27,12595.400390625,12603.7001953125,12498.7998046875,12512,12512,192301000
2012-03-28,12471,12491.7998046875,12354.900390625,12413.900390625,12413.900390625,209310700
2012-03-29,12379.599609375,12413.7998046875,12194.5,12339.400390625,12339.400390625,246981600
2012-03-30,12391.599609375,12433.2998046875,12333.099609375,12392.2001953125,12392.2001953125,233374100
2012-04-02,12381.5,12526.599609375,12373.400390625,12507.099609375,12507.099609375,219843600
2012-04-03,12465.2998046875,12498.7001953125,12284.599609375,12323.599609375,12323.599609375,233993600
2012-04-04,12191.099609375,12310.2998046875,12098.599609375,12178.7001953125,12178.7001953125,221608400
2012-04-05,12147.900390625,12172.099609375,12051.2001953125,12103.099609375,12103.099609375,198230400
2012-04-09,12047,12098.2001953125,12004.2001953125,12018.5,12018.5,124048600
2012-04-10,12012,12032.7001953125,11869,11935.2998046875,11935.2998046875,203676900
2012-04-11,11970.7001953125,12056.7998046875,11940,12026.7998046875,12026.7998046875,184928700
2012-04-12,12035.7001953125,12230.5,12023.400390625,12214.7001953125,12214.7001953125,211046300
2012-04-13,12180.599609375,12214.7001953125,12040.400390625,12040.400390625,12040.400390625,174270800
2012-04-16,12076.2001953125,12121.400390625,12016.2001953125,12037.599609375,12037.599609375,193236800
2012-04-17,12066,12176.7998046875,12039.7001953125,12136.900390625,12136.900390625,176201800
2012-04-18,12110.5,12162.599609375,12077.900390625,12128.900390625,12128.900390625,158124400
2012-04-19,12148.2001953125,12227.7998046875,12118.400390625,12153.7001953125,12153.7001953125,168231200
2012-04-20,12197.900390625,12228,12142.599609375,12147.2998046875,12147.2998046875,149301600
2012-04-23,12025.099609375,12136.2998046875,11919.099609375,11989,11989,171223100
2012-04-24,11997.400390625,12034.5,11957.599609375,11980.099609375,11980.099609375,142969400
2012-04-25,12057.5,12112.2001953125,11997.2998046875,12111.099609375,12111.099609375,177534400
2012-04-26,12084.599609375,12146,12073.7998046875,12145.900390625,12145.900390625,174340800
2012-04-27,12158,12248.099609375,12139.7001953125,12237.7998046875,12237.7998046875,184521100
2012-04-30,12203.7998046875,12292.7001953125,12156.7998046875,12292.7001953125,12292.7001953125,169650200
2012-05-01,12325.7001953125,12364.599609375,12292.7001953125,12332.7998046875,12332.7998046875,192404500
2012-05-02,12272.2001953125,12332.7001953125,12178.099609375,12230.099609375,12230.099609375,161344700
2012-05-03,12223.5,12227.400390625,11981.2998046875,12014.900390625,12014.900390625,194210900
2012-05-04,11935.7001953125,11985.2998046875,11824.2998046875,11871.2001953125,11871.2001953125,183051800
2012-05-07,11805.2998046875,11879,11785.7001953125,11860.7001953125,11860.7001953125,162633000
2012-05-08,11786.900390625,11821.900390625,11609.5,11704.7001953125,11704.7001953125,262137900
2012-05-09,11588.2001953125,11755.7998046875,11555.099609375,11675,11675,241462900
2012-05-10,11759.7001953125,11812.2001953125,11682.7001953125,11736.2001953125,11736.2001953125,207539600
2012-05-11,11681.2998046875,11795.7001953125,11646.400390625,11694.7001953125,11694.7001953125,159645700
2012-05-14,11571.7001953125,11689.400390625,11484.7001953125,11488.5,11488.5,182843700
2012-05-15,11494.7998046875,11502.2001953125,11325.7001953125,11343.099609375,11343.099609375,187469100
2012-05-16,11348.2001953125,11474.099609375,11298.5,11326.099609375,11326.099609375,213100100
2012-05-17,11370.2998046875,11421.7998046875,11317.099609375,11330.7001953125,11330.7001953125,255381200
2012-05-18,11415.2001953125,11435.7001953125,11256.7001953125,11280.599609375,11280.599609375,213164400
2012-05-22,11444.599609375,11534.2001953125,11283,11451.7998046875,11451.7998046875,191021100
2012-05-23,11363.7001953125,11567.2001953125,11260,11564.7998046875,11564.7998046875,194356600
2012-05-24,11601,11627.599609375,11473,11566.099609375,11566.099609375,184820800
2012-05-25,11569.2998046875,11588.2998046875,11524.7001953125,11576.5,11576.5,155869200
2012-05-28,11622.099609375,11634.7998046875,11523.5,11566.2001953125,11566.2001953125,826400
2012-05-29,11611.5,11687.7001953125,11572.5,11609.2998046875,11609.2998046875,157047900
2012-05-30,11498.2998046875,11609.2998046875,11422.7001953125,11433.2001953125,11433.2001953125,175997100
2012-05-31,11459.2001953125,11518.400390625,11361.400390625,11513.2001953125,11513.2001953125,240418900
2012-06-01,11413.099609375,11512.7998046875,11344.400390625,11361.2001953125,11361.2001953125,269926900
2012-06-04,11347.099609375,11370.099609375,11209.599609375,11335.7998046875,11335.7998046875,191437400
2012-06-05,11331.400390625,11511.599609375,11325.2998046875,11507.7001953125,11507.7001953125,196553800
2012-06-06,11607.099609375,11687,11517.7001953125,11633.400390625,11633.400390625,219273500
2012-06-07,11716.2998046875,11727.599609375,11586,11592.099609375,11592.099609375,190285000
2012-06-08,11515.2998046875,11575.2998046875,11480.5,11500.599609375,11500.599609375,140081700
2012-06-11,11592.5,11593.7001953125,11382.400390625,11401.7998046875,11401.7998046875,145427900
2012-06-12,11432.900390625,11497.2998046875,11385.5,11497.2998046875,11497.2998046875,218520400
2012-06-13,11452.599609375,11580.400390625,11440.400390625,11497.900390625,11497.900390625,190979300
2012-06-14,11520.099609375,11520.099609375,11423.2001953125,11466.400390625,11466.400390625,196193800
2012-06-15,11495.7998046875,11540.400390625,11487.599609375,11524.900390625,11524.900390625,350271900
2012-06-18,11490.400390625,11635.099609375,11483.7001953125,11601.099609375,11601.099609375,240210700
2012-06-19,11633,11801.900390625,11623.7001953125,11788.400390625,11788.400390625,175485900
2012-06-20,11778,11824.599609375,11681.2001953125,11759.2998046875,11759.2998046875,161464600
2012-06-21,11698.599609375,11752.900390625,11405.7998046875,11408.2998046875,11408.2998046875,172547000
2012-06-22,11453.5,11472.7001953125,11381.7001953125,11435.5,11435.5,137137700
2012-06-25,11373.599609375,11419.7998046875,11295.099609375,11330.400390625,11330.400390625,124803000
2012-06-26,11310.099609375,11345,11251.900390625,11334.400390625,11334.400390625,182893800
2012-06-27,11357.900390625,11419.400390625,11326.900390625,11410.900390625,11410.900390625,146448700
2012-06-28,11384.400390625,11424.7001953125,11270.2001953125,11424.7001953125,11424.7001953125,222922000
2012-06-29,11621.400390625,11629.599609375,11483.7998046875,11596.599609375,11596.599609375,227388800
2012-07-03,11727.5,11885.2998046875,11596.599609375,11848.7998046875,11848.7998046875,191697400
2012-07-04,11841.2998046875,11936.2001953125,11829.7998046875,11913.900390625,11913.900390625,839400
2012-07-05,11879.5,11894.7998046875,11816.900390625,11817,11817,178431100
2012-07-06,11727.7001953125,11750.7998046875,11646.7998046875,11660,11660,153943600
2012-07-09,11659.599609375,11692.5,11565,11634.7001953125,11634.7001953125,127930500
2012-07-10,11643.5,11706.7001953125,11459.7998046875,11512.2001953125,11512.2001953125,154983600
2012-07-11,11496.400390625,11561.599609375,11488.7998046875,11544.599609375,11544.599609375,159789000
2012-07-12,11473.5,11527.2001953125,11366.7001953125,11425.5,11425.5,164433900
2012-07-13,11470.2001953125,11525.7998046875,11451.2998046875,11514.5,11514.5,148962200
2012-07-16,11511.2998046875,11542.400390625,11467.599609375,11521.2001953125,11521.2001953125,134885500
2012-07-17,11553.2001953125,11572.2001953125,11479.5,11571.2001953125,11571.2001953125,133904700
2012-07-18,11578.5,11615.400390625,11554.7998046875,11579.2001953125,11579.2001953125,131477900
2012-07-19,11620.900390625,11674.400390625,11585.400390625,11665.7001953125,11665.7001953125,195017400
2012-07-20,11613.099609375,11642.7001953125,11586.2998046875,11622.900390625,11622.900390625,118147400
2012-07-23,11535.400390625,11609.900390625,11416.5,11545.5,11545.5,198814900
2012-07-24,11555.599609375,11577.599609375,11441.7001953125,11467,11467,158283200
2012-07-25,11510.599609375,11519.599609375,11428.7001953125,11492.5,11492.5,160602700
2012-07-26,11528,11655.400390625,11492.5,11639.7998046875,11639.7998046875,214681800
2012-07-27,11695.900390625,11802.5,11640.2001953125,11766.400390625,11766.400390625,213589600
2012-07-30,11763.7998046875,11803.7998046875,11724.2998046875,11757.900390625,11757.900390625,148418600
2012-07-31,11795.7998046875,11797.2998046875,11651.7998046875,11664.7001953125,11664.7001953125,159364400
2012-08-01,11693.099609375,11693.099609375,11600.900390625,11618.5,11618.5,156661600
2012-08-02,11556.2998046875,11611.2001953125,11475.400390625,11506.5,11506.5,149732000
2012-08-03,11635,11687.7001953125,11512.2001953125,11662.599609375,11662.599609375,125813000
2012-08-07,11764.2001953125,11874.7001953125,11666.2001953125,11863.5,11863.5,151853600
2012-08-08,11861.2998046875,11884.2001953125,11780.2001953125,11781,11781,166145100
2012-08-09,11799.5,11882.7998046875,11788.2001953125,11858.099609375,11858.099609375,145392800
2012-08-10,11842,11890.900390625,11816.7001953125,11890.900390625,11890.900390625,131484600
2012-08-13,11898.2998046875,11913.099609375,11802.900390625,11838.2998046875,11838.2998046875,126550000
2012-08-14,11865.5,11899.5,11838.400390625,11853.599609375,11853.599609375,134988300
2012-08-15,11851.900390625,11914.7998046875,11841.599609375,11905.400390625,11905.400390625,159674100
2012-08-16,11939,12032.599609375,11918.099609375,12032.599609375,12032.599609375,141990000
2012-08-17,12054.7998046875,12089.900390625,12034.900390625,12089.900390625,12089.900390625,122092200
2012-08-20,12088.900390625,12100,12034.2001953125,12076,12076,106624300
2012-08-21,12134.2001953125,12196.7998046875,12091.5,12116.900390625,12116.900390625,164793000
2012-08-22,12102.099609375,12125.7998046875,12034.099609375,12119,12119,137483700
2012-08-23,12128.7998046875,12128.7998046875,12033.599609375,12062.5,12062.5,155452800
2012-08-24,12039,12130.5,12036.5,12082.2001953125,12082.2001953125,107863800
2012-08-27,12097.900390625,12100.2001953125,12030.599609375,12048.7998046875,12048.7998046875,95743100
2012-08-28,12061,12080.5,12005.2998046875,12009.900390625,12009.900390625,136829400
2012-08-29,12025.2001953125,12034,11952.099609375,12009.7998046875,12009.7998046875,128072000
2012-08-30,11986.900390625,12007.900390625,11875.099609375,11886.7001953125,11886.7001953125,131149000
2012-08-31,11932.2998046875,11985.099609375,11872.2998046875,11949.2998046875,11949.2998046875,159477500
2012-09-04,11978,11978,11904.5,11941.7001953125,11941.7001953125,156155400
2012-09-05,11934.099609375,11994,11931.2998046875,11990.099609375,11990.099609375,149192600
2012-09-06,12041.099609375,12144.2998046875,11996.5,12139.7001953125,12139.7001953125,165566400
2012-09-07,12194.5,12271,12144.400390625,12268,12268,191316200
2012-09-10,12257.2001953125,12303.7998046875,12213.7001953125,12215.400390625,12215.400390625,148466200
2012-09-11,12239.2001953125,12264.099609375,12193.7998046875,12220.5,12220.5,155731000
2012-09-12,12262.2998046875,12284.7998046875,12201,12232.599609375,12232.599609375,167362600
2012-09-13,12234.7998046875,12366,12194.2001953125,12360.2001953125,12360.2001953125,189007300
2012-09-14,12446.099609375,12529.7998046875,12360.2001953125,12499.5,12499.5,240486200
2012-09-17,12494.599609375,12508.7001953125,12432.400390625,12446.900390625,12446.900390625,162684000
2012-09-18,12422.7998046875,12450,12391.400390625,12422.7001953125,12422.7001953125,179558600
2012-09-19,12441.7001953125,12462.7998046875,12405.900390625,12436.2001953125,12436.2001953125,188496700
2012-09-20,12372.2998046875,12432.099609375,12358.400390625,12409.2998046875,12409.2998046875,165227700
2012-09-21,12454,12473.5,12383.599609375,12383.599609375,12383.599609375,516667800
2012-09-24,12342.400390625,12382.400390625,12296.2001953125,12313.5,12313.5,145955300
2012-09-25,12351.400390625,12382.900390625,12240.099609375,12257.2001953125,12257.2001953125,186586600
2012-09-26,12163.900390625,12254.400390625,12163.900390625,12232.900390625,12232.900390625,167295800
2012-09-27,12297.7001953125,12363.2998046875,12241.5,12338.900390625,12338.900390625,165738600
2012-09-28,12291.2001953125,12336.2998046875,12248.7998046875,12317.5,12317.5,201025600
2012-10-01,12372.5,12452.2998046875,12318.2001953125,12370.2001953125,12370.2001953125,156969800
2012-10-02,12396.900390625,12414.400390625,12340.599609375,12391.2001953125,12391.2001953125,184549600
2012-10-03,12406.400390625,12411.5,12341.900390625,12359.5,12359.5,153548400
2012-10-04,12403.099609375,12458.2001953125,12371.599609375,12447.7001953125,12447.7001953125,162606300
2012-10-05,12460.7998046875,12480.7998046875,12388.7998046875,12419,12419,130588700
2012-10-09,12389.5,12415.7001953125,12267,12273.599609375,12273.599609375,161133700
2012-10-10,12241.099609375,12278.7001953125,12195.7998046875,12212.400390625,12212.400390625,138918000
2012-10-11,12263.599609375,12295.400390625,12215,12234,12234,151202000
2012-10-12,12225.5,12250.400390625,12170.099609375,12202,12202,131407000
2012-10-15,12181.900390625,12230,12137.2001953125,12230,12230,109713800
2012-10-16,12298.099609375,12412.2001953125,12232.099609375,12407.7001953125,12407.7001953125,150614400
2012-10-17,12423.7001953125,12463.2998046875,12396.7001953125,12461.2998046875,12461.2998046875,194273200
2012-10-18,12425.5,12494,12425,12466.099609375,12466.099609375,154959500
2012-10-19,12437.900390625,12465,12372.900390625,12416,12416,163589600
2012-10-22,12362.7001953125,12430.5,12340.400390625,12403.5,12403.5,155419800
2012-10-23,12261,12391.900390625,12141.2001953125,12225.7998046875,12225.7998046875,165770600
2012-10-24,12258.099609375,12261.099609375,12186.599609375,12195,12195,151735100
2012-10-25,12289.7001953125,12326.7001953125,12195,12300.2001953125,12300.2001953125,160945900
2012-10-26,12301.599609375,12353.2001953125,12290.400390625,12300.2998046875,12300.2998046875,151531800
2012-10-29,12282.099609375,12318,12250.5,12312.7998046875,12312.7998046875,777400
2012-10-30,12302.5,12395.400390625,12294.599609375,12377,12377,991000
2012-10-31,12416.7001953125,12462.2998046875,12390,12422.900390625,12422.900390625,185566100
2012-11-01,12408.5,12511.5,12408.5,12499.7998046875,12499.7998046875,182869800
2012-11-02,12489.7001953125,12501.599609375,12373.2001953125,12380.400390625,12380.400390625,182355400
2012-11-05,12373.5,12417.2998046875,12347.099609375,12352.7998046875,12352.7998046875,131371800
2012-11-06,12380.2998046875,12395.599609375,12334.099609375,12361.2001953125,12361.2001953125,156460000
2012-11-07,12326.7998046875,12360.900390625,12201.900390625,12230.599609375,12230.599609375,167321000
2012-11-08,12227.900390625,12252.2001953125,12164.099609375,12191.099609375,12191.099609375,185660200
2012-11-09,12166.599609375,12251.5,12151.2001953125,12196.7998046875,12196.7998046875,157798300
2012-11-12,12219.7998046875,12239.599609375,12187,12191.5,12191.5,106605900
2012-11-13,12130.2998046875,12212.900390625,12124.400390625,12134.7001953125,12134.7001953125,136348500
2012-11-14,12139.7998046875,12139.7998046875,11915.099609375,11929.7998046875,11929.7998046875,192495200
2012-11-15,11879.599609375,11926.400390625,11761.2998046875,11811.400390625,11811.400390625,227346200
2012-11-16,11814.400390625,11877.7001953125,11761.900390625,11877.7001953125,11877.7001953125,160133300
2012-11-19,12003.5,12040.400390625,11878.2001953125,12040.400390625,12040.400390625,139715500
2012-11-20,12040.7998046875,12051.7001953125,11986,12046.2998046875,12046.2998046875,164426800
2012-11-21,12016.7001953125,12104.7001953125,12016.7001953125,12100.099609375,12100.099609375,146577100
2012-11-22,12129.2998046875,12171.2001953125,12100.099609375,12153.099609375,12153.099609375,590400
2012-11-23,12169.2001953125,12229.7998046875,12142.2998046875,12213.2001953125,12213.2001953125,99293500
2012-11-26,12199.2001953125,12212.900390625,12149,12185.099609375,12185.099609375,127850700
2012-11-27,12194.400390625,12196.5,12106,12111.599609375,12111.599609375,152654900
2012-11-28,12012.599609375,12141.400390625,12004.5,12140.2998046875,12140.2998046875,157293400
2012-11-29,12207.900390625,12227.5,12140.2998046875,12202.900390625,12202.900390625,163096100
2012-11-30,12203.7998046875,12246.2998046875,12170.400390625,12239.400390625,12239.400390625,217841900
2012-12-03,12253.7001953125,12253.7001953125,12151.2998046875,12169.7001953125,12169.7001953125,165226000
2012-12-04,12106.2001953125,12169.7001953125,12095.5,12137.2001953125,12137.2001953125,162209000
2012-12-05,12155.2998046875,12208.5,12136.400390625,12157.2998046875,12157.2998046875,179536700
2012-12-06,12189.2998046875,12189.2998046875,12132.7001953125,12151.099609375,12151.099609375,194665500
2012-12-07,12189.400390625,12208.099609375,12144.2001953125,12159.599609375,12159.599609375,201048000
2012-12-10,12212.099609375,12236.7001953125,12161.099609375,12230.5,12230.5,182791100
2012-12-11,12242.5,12306.7998046875,12235,12282.400390625,12282.400390625,191879100
2012-12-12,12305.7998046875,12365.7998046875,12282.599609375,12353.099609375,12353.099609375,223019600
2012-12-13,12305.400390625,12346.2001953125,12262,12289.2001953125,12289.2001953125,205052800
2012-12-14,12284.2998046875,12307.099609375,12256.599609375,12296.7001953125,12296.7001953125,236856400
2012-12-17,12281.2998046875,12296.900390625,12233.099609375,12281.400390625,12281.400390625,232325400
2012-12-18,12285.900390625,12353.900390625,12279.7001953125,12334.2998046875,12334.2998046875,220015700
2012-12-19,12356.099609375,12414.099609375,12335.400390625,12403.599609375,12403.599609375,206849300
2012-12-20,12376,12403.099609375,12335.400390625,12388.7001953125,12388.7001953125,170132700
2012-12-21,12383.7001953125,12414.900390625,12313.7001953125,12385.7001953125,12385.7001953125,345415100
2012-12-24,12379.2998046875,12400,12350.2998046875,12370.7998046875,12370.7998046875,56857600
2012-12-27,12325,12373.7998046875,12289.7001953125,12373.7998046875,12373.7998046875,110472100
2012-12-28,12317,12371.2001953125,12305,12316.099609375,12316.099609375,84459900
2012-12-31,12296.099609375,12457.2998046875,12289.7001953125,12433.5,12433.5,99702000
2013-01-02,12571.7998046875,12588.7998046875,12439.2998046875,12540.7998046875,12540.7998046875,149629700
2013-01-03,12539.099609375,12540.599609375,12430.400390625,12470.400390625,12470.400390625,160667700
2013-01-04,12435.099609375,12540.7998046875,12435.099609375,12540.7998046875,12540.7998046875,133007300
2013-01-07,12503.2001953125,12540.7998046875,12448.2001953125,12499.599609375,12499.599609375,152628800
2013-01-08,12490.400390625,12504.7998046875,12456,12504.7998046875,12504.7998046875,168870400
2013-01-09,12508.099609375,12528.900390625,12484.7998046875,12522.2001953125,12522.2001953125,166356400
2013-01-10,12572,12618.400390625,12523.599609375,12599.7001953125,12599.7001953125,207718100
2013-01-11,12600.900390625,12603.2001953125,12545,12602.2001953125,12602.2001953125,155720300
2013-01-14,12627.400390625,12636.7001953125,12582.2001953125,12603.099609375,12603.099609375,216472400
2013-01-15,12569.2001953125,12642,12569.2001953125,12642,12642,186582600
2013-01-16,12602.5,12638.400390625,12580.2998046875,12608.7998046875,12608.7998046875,143642900
2013-01-17,12614.2998046875,12684.099609375,12608.7998046875,12674.7001953125,12674.7001953125,160678300
2013-01-18,12702,12751.2001953125,12675.599609375,12725.7001953125,12725.7001953125,192755500
2013-01-21,12748.099609375,12798.900390625,12725.7001953125,12794.2998046875,12794.2998046875,971800
2013-01-22,12774.7001953125,12824.599609375,12758.599609375,12824.599609375,12824.599609375,178762000
2013-01-23,12779.7001953125,12828.900390625,12779.7001953125,12794.099609375,12794.099609375,156830900
2013-01-24,12802.2998046875,12863.5,12794.099609375,12823.599609375,12823.599609375,176337400
2013-01-25,12851.5,12875.400390625,12808.7001953125,12816.599609375,12816.599609375,163200500
2013-01-28,12860.400390625,12860.400390625,12812.099609375,12815.900390625,12815.900390625,154394900
2013-01-29,12817.400390625,12849.2001953125,12813,12830.599609375,12830.599609375,170437000
2013-01-30,12846.2998046875,12895.2998046875,12773.599609375,12794.400390625,12794.400390625,175687300
2013-01-31,12760.7001953125,12794.400390625,12682.7001953125,12685.2001953125,12685.2001953125,201181900
2013-02-01,12741.2001953125,12783.099609375,12691.900390625,12768.7998046875,12768.7998046875,163622600
2013-02-04,12683.7001953125,12768.7998046875,12668.7998046875,12717.599609375,12717.599609375,122958000
2013-02-05,12740.400390625,12786.7998046875,12717.599609375,12745.7001953125,12745.7001953125,157056900
2013-02-06,12714,12783.7001953125,12714,12761.599609375,12761.599609375,164001000
2013-02-07,12762.5,12790.099609375,12737.2001953125,12755.900390625,12755.900390625,183254400
2013-02-08,12773,12823.5,12756.2001953125,12801.2001953125,12801.2001953125,140525900
2013-02-11,12789.2001953125,12800.7001953125,12748.2001953125,12748.2001953125,12748.2001953125,133824700
2013-02-12,12746.599609375,12815.400390625,12746.599609375,12789,12789,166804300
2013-02-13,12813.5,12814.5,12763.400390625,12775.2998046875,12775.2998046875,176896300
2013-02-14,12769.7998046875,12775.099609375,12699.7001953125,12721.7998046875,12721.7998046875,180840700
2013-02-15,12686.5,12719.2001953125,12667.7001953125,12686.599609375,12686.599609375,190267700
2013-02-19,12722.2001953125,12810.2001953125,12686.2001953125,12810.2001953125,12810.2001953125,175223900
2013-02-20,12788.400390625,12809.099609375,12684.599609375,12714.099609375,12714.099609375,251708700
2013-02-21,12676.2001953125,12714.099609375,12602.5,12640,12640,234482500
2013-02-22,12660.400390625,12707.2001953125,12641.7001953125,12701.599609375,12701.599609375,143580100
2013-02-25,12760.900390625,12832.7001953125,12648.900390625,12650.900390625,12650.900390625,185360800
2013-02-26,12659.7001953125,12673,12605.7998046875,12660.400390625,12660.400390625,182781900
2013-02-27,12624.7998046875,12738,12624.7998046875,12732.400390625,12732.400390625,179288100
2013-02-28,12741,12821.7998046875,12726,12821.7998046875,12821.7998046875,196030400
2013-03-01,12798.7001953125,12819.400390625,12736.099609375,12773.099609375,12773.099609375,176707900
2013-03-04,12765.7998046875,12773.099609375,12705,12707.400390625,12707.400390625,161517700
2013-03-05,12783.599609375,12820.099609375,12707.400390625,12736,12736,172736800
2013-03-06,12793.7998046875,12833.5,12736.2998046875,12832,12832,181727500
2013-03-07,12853.5,12869.599609375,12814.2998046875,12826.5,12826.5,178964800
2013-03-08,12833.2998046875,12843.7001953125,12795.2998046875,12835.599609375,12835.599609375,220260200
2013-03-11,12824.900390625,12865.2998046875,12812.7998046875,12858.5,12858.5,136221700
2013-03-12,12879.900390625,12904.7001953125,12853.900390625,12878.599609375,12878.599609375,211006000
2013-03-13,12873.5,12878.599609375,12725.7998046875,12744.099609375,12744.099609375,169066900
2013-03-14,12751.599609375,12816.7998046875,12736.099609375,12799.900390625,12799.900390625,201652800
2013-03-15,12795.2001953125,12866,12790,12830,12830,344798800
2013-03-18,12788.900390625,12830,12759.099609375,12781.7998046875,12781.7998046875,196871800
2013-03-19,12780.7998046875,12826.2998046875,12752.099609375,12773.900390625,12773.900390625,174528800
2013-03-20,12816.2998046875,12828.599609375,12776,12826.599609375,12826.599609375,190046000
2013-03-21,12826.5,12831.2001953125,12747.5,12747.900390625,12747.900390625,174729900
2013-03-22,12751.2001953125,12818.400390625,12745.400390625,12757.400390625,12757.400390625,139537300
2013-03-25,12783.7001953125,12788.400390625,12668.599609375,12680.7001953125,12680.7001953125,185892400
2013-03-26,12686.7001953125,12709.7998046875,12651.2998046875,12706.400390625,12706.400390625,137280500
2013-03-27,12673.599609375,12712.400390625,12622.5,12699.7001953125,12699.7001953125,148622900
2013-03-28,12661.2998046875,12764.900390625,12647.2001953125,12749.900390625,12749.900390625,169490200
2013-04-01,12751.599609375,12751.599609375,12685.5,12695.099609375,12695.099609375,101529800
2013-04-02,12680,12718.2998046875,12672.099609375,12682.099609375,12682.099609375,150446000
2013-04-03,12678.900390625,12688.599609375,12390.7998046875,12422.099609375,12422.099609375,225505300
2013-04-04,12404.7998046875,12422.099609375,12338.2998046875,12363.099609375,12363.099609375,179001400
2013-04-05,12293.7001953125,12363,12244.2001953125,12331.900390625,12331.900390625,186500800
2013-04-08,12325.099609375,12352,12290.2998046875,12344.599609375,12344.599609375,131839800
2013-04-09,12369.7998046875,12498,12344.7998046875,12484.099609375,12484.099609375,170729600
2013-04-10,12503.099609375,12555.7001953125,12485.7001953125,12534.900390625,12534.900390625,195269900
2013-04-11,12523.400390625,12534.900390625,12458.599609375,12481.400390625,12481.400390625,139521300
2013-04-12,12404.7001953125,12481.400390625,12300,12337.599609375,12337.599609375,177977300
2013-04-15,12184.099609375,12335.900390625,11998,12004.900390625,12004.900390625,302809200
2013-04-16,12061.2001953125,12124.7998046875,12002.5,12119.900390625,12119.900390625,181110900
2013-04-17,12086,12116.099609375,11916.599609375,11947.2998046875,11947.2998046875,230908000
2013-04-18,12024.2001953125,12036.5,11918.900390625,11996.2998046875,11996.2998046875,194536900
2013-04-19,11987.400390625,12067.099609375,11987.2001953125,12065.599609375,12065.599609375,156909300
2013-04-22,12117.7998046875,12122.900390625,12026.900390625,12090.7001953125,12090.7001953125,131464000
2013-04-23,12097.5,12127.099609375,12031.599609375,12090.900390625,12090.900390625,97387700
2013-04-24,12127.7001953125,12271.2998046875,12090.900390625,12270.400390625,12270.400390625,182003600
2013-04-25,12308.599609375,12370.7001953125,12270.400390625,12329.5,12329.5,222015900
2013-04-26,12306.099609375,12329.5,12181.2001953125,12220.2001953125,12220.2001953125,148578300
2013-04-29,12283.2998046875,12322.900390625,12220.2001953125,12312.7001953125,12312.7001953125,123655900
2013-04-30,12310.7001953125,12460.5,12244.2001953125,12456.5,12456.5,215982800
2013-05-01,12408,12454.900390625,12285.099609375,12321.2998046875,12321.2998046875,209323700
2013-05-02,12326.400390625,12415.7998046875,12276,12379.599609375,12379.599609375,177845700
2013-05-03,12459.900390625,12533.7998046875,12381.2998046875,12438,12438,158236800
2013-05-06,12480.2001953125,12505.400390625,12440.7998046875,12453.900390625,12453.900390625,1430000
2013-05-07,12443,12489.7998046875,12416.2998046875,12464.099609375,12464.099609375,1862400
2013-05-08,12480.099609375,12598.400390625,12464.099609375,12585,12585,1925000
2013-05-09,12584.7001953125,12601.099609375,12530,12543.900390625,12543.900390625,2089600
2013-05-10,12517.2001953125,12589.099609375,12511.900390625,12589.099609375,12589.099609375,1708200
2013-05-13,12573,12586.2998046875,12479.099609375,12529.5,12529.5,1615600
2013-05-14,12529.2001953125,12600.7001953125,12529.2001953125,12577,12577,1700800
2013-05-15,12526.099609375,12575,12439.099609375,12473.7001953125,12473.7001953125,1649600
2013-05-16,12473.400390625,12563,12463.400390625,12507.599609375,12507.599609375,1626400
2013-05-17,12487.2998046875,12636.2998046875,12487.2998046875,12613,12613,1713800
2013-05-21,12669.5,12806.5,12613,12742.400390625,12742.400390625,2420000
2013-05-22,12801.5,12889.2998046875,12735.599609375,12752.5,12752.5,2195000
2013-05-23,12648.7998046875,12748.599609375,12598.900390625,12658.099609375,12658.099609375,1593000
2013-05-24,12617.2001953125,12670.7001953125,12617.2001953125,12667.2001953125,12667.2001953125,1396600
2013-05-27,12688.599609375,12703.099609375,12662.7998046875,12696.400390625,12696.400390625,547000
2013-05-28,12755.599609375,12798.5,12704.7001953125,12750.5,12750.5,2046600
2013-05-29,12677.400390625,12750.5,12658.599609375,12732.599609375,12732.599609375,1763200
2013-05-30,12745.2001953125,12767.5,12725.900390625,12746.5,12746.5,2034200
2013-05-31,12691.400390625,12745.7001953125,12620.099609375,12650.400390625,12650.400390625,2957600
2013-06-03,12661.2001953125,12681.2001953125,12570.900390625,12609.7998046875,12609.7998046875,1688400
2013-06-04,12600.5,12636.400390625,12568.900390625,12594,12594,1421000
2013-06-05,12541,12588.599609375,12422.400390625,12443.7001953125,12443.7001953125,2095000
2013-06-06,12406.7998046875,12453.7998046875,12327.7001953125,12409.2998046875,12409.2998046875,1806200
2013-06-07,12388.5,12413,12310.2998046875,12373.2998046875,12373.2998046875,1588400
2013-06-10,12375.599609375,12400.7001953125,12328.5,12382.7001953125,12382.7001953125,1227000
2013-06-11,12301,12375.7998046875,12217.7001953125,12223.599609375,12223.599609375,1728000
2013-06-12,12246.099609375,12246.099609375,12092.5,12109.900390625,12109.900390625,1800000
2013-06-13,12064.400390625,12291.2001953125,12032.400390625,12277.099609375,12277.099609375,1684000
2013-06-14,12271,12298.2998046875,12178.2001953125,12187.400390625,12187.400390625,1725200
2013-06-17,12249.2998046875,12325.7998046875,12189.7998046875,12288.900390625,12288.900390625,1432800
2013-06-18,12299.2001953125,12389.099609375,12288.2998046875,12367.5,12367.5,1638200
2013-06-19,12347.7001953125,12365.5,12237.7001953125,12268.2998046875,12268.2998046875,1759800
2013-06-20,12100.099609375,12268.2998046875,11940.5,11968.599609375,11968.599609375,2973200
2013-06-21,12019.099609375,12067.5,11935.7001953125,11995.7001953125,11995.7001953125,3785200
2013-06-24,11909,11994.7001953125,11759,11836.900390625,11836.900390625,1811200
2013-06-25,11893.7001953125,12007.7001953125,11838.5,12005.400390625,12005.400390625,1821400
2013-06-26,11990.5,12005.400390625,11934.7001953125,11951.900390625,11951.900390625,1896000
2013-06-27,12003.900390625,12053.599609375,11951.900390625,12005.7998046875,12005.7998046875,1993400
2013-06-28,11995.900390625,12181,11992.900390625,12129.099609375,12129.099609375,2090800
2013-07-02,12178,12217.400390625,12113.7998046875,12178.400390625,12178.400390625,1824600
2013-07-03,12175.5,12179.099609375,12055.599609375,12145.7001953125,12145.7001953125,1293600
2013-07-04,12174.900390625,12217.2001953125,12138.400390625,12166.7001953125,12166.7001953125,415800
2013-07-05,12160.2001953125,12170.900390625,12073.599609375,12134.900390625,12134.900390625,144084300
2013-07-08,12188.099609375,12219.7998046875,12134.900390625,12208.900390625,12208.900390625,1392800
2013-07-09,12247,12298.7001953125,12203.5,12297.099609375,12297.099609375,1429600
2013-07-10,12311.599609375,12315.5,12250.099609375,12306.900390625,12306.900390625,1469400
2013-07-11,12420.099609375,12496.2998046875,12306.900390625,12493.2998046875,12493.2998046875,2251000
2013-07-12,12516.2998046875,12519.7001953125,12436.7998046875,12462.2001953125,12462.2001953125,1238800
2013-07-15,12515.900390625,12569.900390625,12462.2001953125,12528.2998046875,12528.2998046875,1377800
2013-07-16,12569,12569,12490.599609375,12516.900390625,12516.900390625,1466400
2013-07-17,12536.2998046875,12598,12519,12568.7998046875,12568.7998046875,1627800
2013-07-18,12593.7998046875,12680.2001953125,12568.2998046875,12628.7998046875,12628.7998046875,1695200
2013-07-19,12628.2998046875,12693.900390625,12625,12685.099609375,12685.099609375,1666200
2013-07-22,12685.099609375,12761.400390625,12685.099609375,12758.400390625,12758.400390625,1581400
2013-07-23,12759.099609375,12772.099609375,12710.400390625,12745.400390625,12745.400390625,1679600
2013-07-24,12745.400390625,12766.900390625,12632.7001953125,12672.2998046875,12672.2998046875,1833400
2013-07-25,12672.400390625,12705,12637.2998046875,12669.099609375,12669.099609375,1665400
2013-07-26,12666.900390625,12676.7998046875,12614.599609375,12647.900390625,12647.900390625,1299400
2013-07-29,12647.900390625,12688.400390625,12618,12669,12669,1153400
2013-07-30,12669,12669,12555.7998046875,12581.7998046875,12581.7998046875,176272400
2013-07-31,12581.7998046875,12631.7001953125,12486.599609375,12486.599609375,12486.599609375,203824200
2013-08-01,12486.599609375,12623.400390625,12486.599609375,12594,12594,1657200
2013-08-02,12594,12627.599609375,12579,12603.2998046875,12603.2998046875,124497400
2013-08-06,12603.2998046875,12603.2998046875,12419,12469.2998046875,12469.2998046875,173302700
2013-08-07,12469.2998046875,12469.2998046875,12400.099609375,12412.7001953125,12412.7001953125,149940700
2013-08-08,12412.7001953125,12564.099609375,12412.7001953125,12552.900390625,12552.900390625,174198900
2013-08-09,12552.900390625,12557.2998046875,12502.2001953125,12542.099609375,12542.099609375,154693700
2013-08-12,12542.2001953125,12594.2998046875,12542.2001953125,12594.2998046875,12594.2998046875,155373100
2013-08-13,12594.2998046875,12655.7998046875,12594.2998046875,12642.2001953125,12642.2001953125,158472400
2013-08-14,12642.2001953125,12664.2001953125,12614.400390625,12639.2998046875,12639.2998046875,195460500
2013-08-15,12639,12704.5,12562,12704.5,12704.5,212846300
2013-08-16,12704.5,12800,12704.5,12736.900390625,12736.900390625,152862300
2013-08-19,12735.5,12735.5,12578.7998046875,12588,12588,127044300
2013-08-20,12588,12707.5,12573.5,12670.099609375,12670.099609375,143285800
2013-08-21,12670.099609375,12670.099609375,12542.7998046875,12573.099609375,12573.099609375,159390300
2013-08-22,12573.099609375,12700.2001953125,12573.099609375,12674.400390625,12674.400390625,147391600
2013-08-23,12674.2998046875,12776.099609375,12674.2998046875,12762.2998046875,12762.2998046875,1314000
2013-08-26,12762.2998046875,12812.599609375,12751.900390625,12760.2998046875,12760.2998046875,127814600
2013-08-27,12760.2998046875,12760.2998046875,12567.2001953125,12591.2001953125,12591.2001953125,1686800
2013-08-28,12591.2001953125,12677.5,12582.599609375,12607.2001953125,12607.2001953125,150204900
2013-08-29,12607.2001953125,12742.7001953125,12607.2001953125,12704.7001953125,12704.7001953125,1538000
2013-08-30,12704.599609375,12746.5,12653,12653.900390625,12653.900390625,1340400
2013-09-03,12654.2998046875,12828.099609375,12654.2998046875,12740.5,12740.5,1332400
2013-09-04,12740.5,12758.900390625,12692.099609375,12757.7998046875,12757.7998046875,124533100
2013-09-05,12757.7998046875,12851.7001953125,12757.7998046875,12845.099609375,12845.099609375,161151900
2013-09-06,12845.099609375,12888.7001953125,12796.7001953125,12820.900390625,12820.900390625,1386000
2013-09-09,12820.900390625,12861.400390625,12820.900390625,12854.599609375,12854.599609375,116086200
2013-09-10,12854.599609375,12854.599609375,12793.7001953125,12824.5,12824.5,1529800
2013-09-11,12824.5,12840.400390625,12764.5,12825.400390625,12825.400390625,139019400
2013-09-12,12825.400390625,12825.400390625,12693.900390625,12701,12701,144151300
2013-09-13,12701.099609375,12761.099609375,12701.099609375,12723.400390625,12723.400390625,1340600
2013-09-16,12723.400390625,12847.7998046875,12723.400390625,12816.900390625,12816.900390625,1906200
2013-09-17,12816.900390625,12847.2001953125,12812.2001953125,12834.099609375,12834.099609375,128785200
2013-09-18,12834.099609375,12958.900390625,12794.900390625,12931.400390625,12931.400390625,218093300
2013-09-19,12931.400390625,12964.900390625,12892.7998046875,12926.7998046875,12926.7998046875,164904300
2013-09-20,12926.7001953125,12942.7001953125,12806.5,12806.5,12806.5,458819700
2013-09-23,12806.5,12828.400390625,12798.2998046875,12811.2001953125,12811.2001953125,151447800
2013-09-24,12809.599609375,12878.7001953125,12784.099609375,12848.900390625,12848.900390625,149410500
2013-09-25,12848.900390625,12913.599609375,12832.5,12836.7001953125,12836.7001953125,160862300
2013-09-26,12836.7001953125,12905.099609375,12836.7001953125,12841.599609375,12841.599609375,128192200
2013-09-27,12841.599609375,12865.900390625,12818.099609375,12844.099609375,12844.099609375,130691300
2013-09-30,12843.2001953125,12858.599609375,12734.7001953125,12787.2001953125,12787.2001953125,172227500
2013-10-01,12787.2001953125,12866.900390625,12753.400390625,12847.400390625,12847.400390625,166036300
2013-10-02,12847.400390625,12853.2998046875,12790.099609375,12839,12839,149800900
2013-10-03,12839,12844.900390625,12700.400390625,12735.099609375,12735.099609375,137555300
2013-10-04,12735.099609375,12787.099609375,12730,12758.7001953125,12758.7001953125,129490600
2013-10-07,12758.7001953125,12814.7001953125,12704.599609375,12788.2998046875,12788.2998046875,123590300
2013-10-08,12788.2998046875,12824.2001953125,12682.900390625,12692.400390625,12692.400390625,140463900
2013-10-09,12692.400390625,12763.5,12678,12730.2998046875,12730.2998046875,151681000
2013-10-10,12730.2998046875,12934.599609375,12730.2998046875,12894.400390625,12894.400390625,163858200
2013-10-11,12894.400390625,12924.900390625,12874.099609375,12892.099609375,12892.099609375,115807100
2013-10-15,12892.099609375,12934.5,12839.2998046875,12931.5,12931.5,128012800
2013-10-16,12931.5,12957.2001953125,12912.2001953125,12957.2001953125,12957.2001953125,119941300
2013-10-17,12956.900390625,13042.099609375,12951.2998046875,13036.400390625,13036.400390625,148061500
2013-10-18,13035.900390625,13156.7998046875,13035.900390625,13136.099609375,13136.099609375,155385800
2013-10-21,13136.099609375,13190.900390625,13136.099609375,13186.5,13186.5,141919000
2013-10-22,13186.5,13291.2001953125,13186.5,13248.099609375,13248.099609375,203811000
2013-10-23,13248.099609375,13308.2001953125,13226.2001953125,13243.2998046875,13243.2998046875,195689100
2013-10-24,13243.2998046875,13329.2998046875,13243.2998046875,13324.7998046875,13324.7998046875,206167100
2013-10-25,13324.7998046875,13402.400390625,13315.7998046875,13399.400390625,13399.400390625,146249700
2013-10-28,13399.400390625,13416.2001953125,13366.2998046875,13371.7998046875,13371.7998046875,135952600
2013-10-29,13371.7998046875,13443.2998046875,13371.7998046875,13440.599609375,13440.599609375,149841200
2013-10-30,13440.599609375,13471.099609375,13365,13455.2998046875,13455.2998046875,173296900
2013-10-31,13454.2001953125,13463.7001953125,13361.2998046875,13361.2998046875,13361.2998046875,213910000
2013-11-01,13362.900390625,13402.5,13326.2001953125,13337.5,13337.5,176205600
2013-11-04,13337.5,13374,13309.599609375,13361.7998046875,13361.7998046875,142472000
2013-11-05,13361.7001953125,13364,13305.2001953125,13361.7001953125,13361.7001953125,163246500
2013-11-06,13361.7001953125,13412.2998046875,13354.2998046875,13380.400390625,13380.400390625,154878200
2013-11-07,13380.400390625,13394.2001953125,13285.2001953125,13294.2001953125,13294.2001953125,1841000
2013-11-08,13294.2001953125,13394.2998046875,13291.400390625,13378.2998046875,13378.2998046875,179029500
2013-11-11,13378.2998046875,13393.599609375,13358.400390625,13358.400390625,13358.400390625,106102900
2013-11-12,13358.400390625,13378.5,13324.7001953125,13326,13326,155088500
2013-11-13,13325.900390625,13379.2998046875,13289.7998046875,13370.7001953125,13370.7001953125,174996700
2013-11-14,13370.7001953125,13460.7998046875,13370.7001953125,13431.400390625,13431.400390625,172624100
2013-11-15,13431.400390625,13490.2001953125,13431.400390625,13482.599609375,13482.599609375,150691000
2013-11-18,13482.599609375,13512.5,13441.400390625,13458.099609375,13458.099609375,141548500
2013-11-19,13458.099609375,13497.5,13442.5,13442.7998046875,13442.7998046875,1384600
2013-11-20,13442.7998046875,13460,13387.2998046875,13430,13430,169460800
2013-11-21,13430.099609375,13505.400390625,13430.099609375,13475.2998046875,13475.2998046875,178716100
2013-11-22,13475.2998046875,13517,13469.2001953125,13478.2998046875,13478.2998046875,1441800
2013-11-25,13478.400390625,13507.2998046875,13460.900390625,13472.2001953125,13472.2001953125,179814400
2013-11-26,13472.099609375,13472.099609375,13348.7998046875,13349.7998046875,13349.7998046875,206492000
2013-11-27,13349.599609375,13389.099609375,13349.599609375,13362.099609375,13362.099609375,133606700
2013-11-28,13362.099609375,13400.7998046875,13362.099609375,13370.7998046875,13370.7998046875,516200
2013-11-29,13371.7998046875,13496.7001953125,13371.7998046875,13395.400390625,13395.400390625,108240000
2013-12-02,13395.400390625,13459,13389.5,13419.599609375,13419.599609375,162083300
2013-12-03,13419.5,13419.5,13279.099609375,13319.900390625,13319.900390625,178375500
2013-12-04,13319.900390625,13319.900390625,13234.5,13304.900390625,13304.900390625,182430600
2013-12-05,13304.900390625,13304.900390625,13200.400390625,13200.400390625,13200.400390625,223232500
2013-12-06,13200.599609375,13313.599609375,13200.599609375,13280.7001953125,13280.7001953125,131031600
2013-12-09,13280.7001953125,13352,13280.7001953125,13312.7998046875,13312.7998046875,163559800
2013-12-10,13312.7998046875,13360.7998046875,13312.7998046875,13324,13324,166947200
2013-12-11,13324.099609375,13324.099609375,13133.400390625,13133.400390625,13133.400390625,1608400
2013-12-12,13133.400390625,13143.7998046875,13059.7001953125,13114.400390625,13114.400390625,167153200
2013-12-13,13114.400390625,13144.599609375,13098,13125.7001953125,13125.7001953125,137588700
2013-12-16,13125.7001953125,13226.400390625,13125.7001953125,13184.400390625,13184.400390625,148006300
2013-12-17,13184.400390625,13224.7998046875,13170,13180.2001953125,13180.2001953125,153833400
2013-12-18,13180.2001953125,13358.099609375,13180.2001953125,13334.7001953125,13334.7001953125,184611400
2013-12-19,13334.7001953125,13396.599609375,13322.900390625,13392.2001953125,13392.2001953125,162247600
2013-12-20,13392.2001953125,13504.2998046875,13392.2001953125,13399.599609375,13399.599609375,337623400
2013-12-23,13399.900390625,13463.5,13399.900390625,13447.7001953125,13447.7001953125,99247600
2013-12-24,13447.7001953125,13531.400390625,13447.7001953125,13518,13518,51761600
2013-12-27,13517.900390625,13604.2998046875,13517.900390625,13588,13588,82102100
2013-12-30,13587.599609375,13597.5,13572.2998046875,13581.400390625,13581.400390625,77787400
2013-12-31,13581.5,13644.2998046875,13580.900390625,13621.599609375,13621.599609375,75504900
2014-01-02,13621.400390625,13621.400390625,13528.2998046875,13594.2001953125,13594.2001953125,112481400
2014-01-03,13594.2001953125,13594.2001953125,13521.7998046875,13548.900390625,13548.900390625,102227000
2014-01-06,13548.900390625,13560.599609375,13473.2001953125,13495.5,13495.5,129263400
2014-01-07,13495.099609375,13617.099609375,13495.099609375,13596.900390625,13596.900390625,154228700
2014-01-08,13596.900390625,13639.2001953125,13586.7998046875,13614.599609375,13614.599609375,164831900
2014-01-09,13614.7001953125,13644.2001953125,13585,13629.400390625,13629.400390625,170185700
2014-01-10,13629.7001953125,13750.7001953125,13629.7001953125,13747.5,13747.5,182515800
2014-01-13,13747.5,13771.099609375,13658,13681.5,13681.5,247669900
2014-01-14,13681.5,13747,13681.5,13692.400390625,13692.400390625,206284500
2014-01-15,13692.400390625,13785,13692.400390625,13772.599609375,13772.599609375,191848200
2014-01-16,13772.7998046875,13831.599609375,13741.7001953125,13831.599609375,13831.599609375,225592300
2014-01-17,13831.599609375,13910.400390625,13829.2001953125,13888.2001953125,13888.2001953125,214753400
2014-01-20,13888.2001953125,13990.2998046875,13888.2001953125,13990.2998046875,13990.2998046875,103998900
2014-01-21,13990.2001953125,13999.599609375,13948.2998046875,13951.7998046875,13951.7998046875,213020600
2014-01-22,13951.7998046875,13999.599609375,13933.599609375,13988.2001953125,13988.2001953125,250149100
2014-01-23,13988.2001953125,14002.400390625,13932.2998046875,13933,13933,192452500
2014-01-24,13933,13933,13698.2998046875,13717.7998046875,13717.7998046875,208906000
2014-01-27,13717.7998046875,13717.7998046875,13520.5,13582.2998046875,13582.2998046875,179324200
2014-01-28,13583,13706.5,13583,13687.7001953125,13687.7001953125,174773700
2014-01-29,13687.7001953125,13687.7001953125,13587.2998046875,13643.2001953125,13643.2001953125,186217300
2014-01-30,13643.2001953125,13750.2998046875,13634.099609375,13735.2998046875,13735.2998046875,166745000
2014-01-31,13735.2998046875,13735.2998046875,13598,13694.900390625,13694.900390625,181443300
2014-02-03,13694.900390625,13694.900390625,13450.2998046875,13486.2001953125,13486.2001953125,180781600
2014-02-04,13486.2001953125,13506.900390625,13463.400390625,13504.5,13504.5,184282800
2014-02-05,13504.5,13569.7998046875,13455.7998046875,13559.7001953125,13559.7001953125,201964600
2014-02-06,13560.2998046875,13732.7001953125,13560.2998046875,13713.400390625,13713.400390625,190312000
2014-02-07,13717.599609375,13793.5,13698.400390625,13786.5,13786.5,171761900
2014-02-10,13786.5,13839.5,13780.099609375,13794.2001953125,13794.2001953125,149925000
2014-02-11,13794.400390625,13926,13794.400390625,13881,13881,203680800
2014-02-12,13881,13947.2998046875,13881,13900.5,13900.5,201666100
2014-02-13,13900.5,14001.7001953125,13839,14001.7001953125,14001.7001953125,258103000
2014-02-14,14001.7001953125,14071.5,13998.2001953125,14054.7998046875,14054.7998046875,189410300
2014-02-18,14054.7998046875,14109.7998046875,14054.7998046875,14077.5,14077.5,186745100
2014-02-19,14077.5,14174.2998046875,14077.5,14119.7001953125,14119.7001953125,218225600
2014-02-20,14119.7001953125,14222.599609375,14112,14210.400390625,14210.400390625,207862400
2014-02-21,14212.099609375,14253.2001953125,14205.7001953125,14205.7001953125,14205.7001953125,184286100
2014-02-24,14205.7001953125,14278.599609375,14205.7001953125,14227.099609375,14227.099609375,178503900
2014-02-25,14227.099609375,14232.900390625,14179.2998046875,14189,14189,171866800
2014-02-26,14189.2001953125,14228.7998046875,14176.400390625,14188.599609375,14188.599609375,178396700
2014-02-27,14188.599609375,14247.2998046875,14185.5,14214.7001953125,14214.7001953125,182310500
2014-02-28,14214.400390625,14280.900390625,14203.400390625,14209.599609375,14209.599609375,210869200
2014-03-03,14209.7001953125,14259,14160.900390625,14212.7001953125,14212.7001953125,173739500
2014-03-04,14212.7001953125,14328.5,14212.7001953125,14289.900390625,14289.900390625,160309000
2014-03-05,14289.900390625,14309.2001953125,14261,14304.2001953125,14304.2001953125,161986600
2014-03-06,14304.2001953125,14323.2998046875,14264.7001953125,14271.900390625,14271.900390625,174335800
2014-03-07,14276.5,14335.5,14268.7998046875,14299.099609375,14299.099609375,169906300
2014-03-10,14299,14323.400390625,14266.7998046875,14302.099609375,14302.099609375,134744700
2014-03-11,14302.099609375,14330.400390625,14260.099609375,14267.2001953125,14267.2001953125,158438600
2014-03-12,14267.2001953125,14329.7998046875,14201.2001953125,14319,14319,178729000
2014-03-13,14319,14328.7001953125,14215.2998046875,14245.099609375,14245.099609375,182702100
2014-03-14,14245,14276.900390625,14205.7001953125,14227.7001953125,14227.7001953125,153689700
2014-03-17,14227.7001953125,14315.2001953125,14220,14231.900390625,14231.900390625,155010600
2014-03-18,14232,14372.5,14228.599609375,14369,14369,173980500
2014-03-19,14369,14380.900390625,14297.400390625,14334,14334,159487100
2014-03-20,14332.2001953125,14377.599609375,14264.7998046875,14361.7998046875,14361.7998046875,153130600
2014-03-21,14361.900390625,14406.900390625,14335.7998046875,14335.7998046875,14335.7998046875,307306800
2014-03-24,14335.7998046875,14402.5,14226.900390625,14278.599609375,14278.599609375,163174600
2014-03-25,14278.599609375,14328.400390625,14278.599609375,14299.5,14299.5,137841000
2014-03-26,14299.900390625,14345.400390625,14179.5,14184.099609375,14184.099609375,192881400
2014-03-27,14184.099609375,14197.7001953125,14139.2998046875,14178.7998046875,14178.7998046875,189633800
2014-03-28,14178.7998046875,14300.2001953125,14178.7998046875,14260.7001953125,14260.7001953125,172798400
2014-03-31,14260.7001953125,14358.5,14260.7001953125,14335.2998046875,14335.2998046875,210506200
2014-04-01,14335.2998046875,14390.2998046875,14335.2998046875,14380.599609375,14380.599609375,155762500
2014-04-02,14380.599609375,14471.5,14380.599609375,14459.099609375,14459.099609375,206406300
2014-04-03,14459.099609375,14459.099609375,14352.099609375,14402.2001953125,14402.2001953125,154667400
2014-04-04,14402.099609375,14474.7001953125,14364,14393.099609375,14393.099609375,165402500
2014-04-07,14393.099609375,14393.099609375,14247.099609375,14270.2998046875,14270.2998046875,151538100
2014-04-08,14270.2998046875,14382.7998046875,14251.900390625,14372.5,14372.5,161334500
2014-04-09,14372.400390625,14444.599609375,14372.400390625,14435.599609375,14435.599609375,182481700
2014-04-10,14435.599609375,14444.900390625,14266.599609375,14308,14308,209549500
2014-04-11,14308,14308,14221.400390625,14257.7001953125,14257.7001953125,159710900
2014-04-14,14257.7001953125,14357,14245.5,14284.400390625,14284.400390625,161845500
2014-04-15,14284.400390625,14355.5,14224.900390625,14303.900390625,14303.900390625,176427100
2014-04-16,14303.900390625,14448.599609375,14303.900390625,14446.5,14446.5,196046500
2014-04-17,14446.5,14508.5,14423.7001953125,14500.400390625,14500.400390625,169281200
2014-04-21,14500.400390625,14509.7001953125,14232.2998046875,14493.7001953125,14493.7001953125,135970800
2014-04-22,14492.900390625,14556.599609375,14471.900390625,14556,14556,159636400
2014-04-23,14556.2998046875,14587.099609375,14533.400390625,14533.400390625,14533.400390625,166976100
2014-04-24,14533.400390625,14584.099609375,14522.2001953125,14554.2998046875,14554.2998046875,181767100
2014-04-25,14554.2998046875,14554.2998046875,14472.099609375,14533.599609375,14533.599609375,149223000
2014-04-28,14533.599609375,14557.2998046875,14459.7998046875,14530.900390625,14530.900390625,135655600
2014-04-29,14530.900390625,14613,14520.2001953125,14583.099609375,14583.099609375,153530400
2014-04-30,14583.099609375,14662,14569.2998046875,14651.900390625,14651.900390625,173048100
2014-05-01,14651.900390625,14684.2001953125,14639.5,14664.099609375,14664.099609375,155588500
2014-05-02,14664.5,14765.2001953125,14664.5,14765.2001953125,14765.2001953125,152156400
2014-05-05,14765.2001953125,14765.2001953125,14665.7998046875,14697,14697,126804800
2014-05-06,14697,14697,14593.599609375,14612.2998046875,14612.2998046875,134642700
2014-05-07,14612.599609375,14662.2998046875,14572.099609375,14656.400390625,14656.400390625,164756900
2014-05-08,14656.400390625,14693.2001953125,14512.099609375,14546,14546,167129800
2014-05-09,14546,14580.900390625,14491.900390625,14534.099609375,14534.099609375,153780200
2014-05-12,14535.599609375,14657.2998046875,14535.599609375,14654.900390625,14654.900390625,136031700
2014-05-13,14654.900390625,14687.7998046875,14636.5,14679.7998046875,14679.7998046875,131262200
2014-05-14,14679.7998046875,14706.099609375,14660.400390625,14673.7001953125,14673.7001953125,121698600
2014-05-15,14673.7001953125,14673.7001953125,14516.2001953125,14588.900390625,14588.900390625,205180800
2014-05-16,14588.900390625,14588.900390625,14473.7998046875,14514.7001953125,14514.7001953125,139016400
2014-05-20,14514.7001953125,14565,14488.599609375,14525.2001953125,14525.2001953125,129595100
2014-05-21,14525.2001953125,14650.2998046875,14525.2001953125,14649.900390625,14649.900390625,145059500
2014-05-22,14649.900390625,14742.5,14649.900390625,14702.2998046875,14702.2998046875,123296800
2014-05-23,14702.2998046875,14713.7001953125,14684.7998046875,14708.099609375,14708.099609375,110145300
2014-05-26,14708.099609375,14765,14701.099609375,14715.7001953125,14715.7001953125,39629400
2014-05-27,14715.7001953125,14725.400390625,14634.900390625,14658,14658,159882500
2014-05-28,14658,14658,14557.900390625,14611,14611,133445600
2014-05-29,14611,14631.099609375,14529.099609375,14589,14589,146301300
2014-05-30,14589,14630.2998046875,14537.099609375,14604.2001953125,14604.2001953125,220322600
2014-06-02,14604.2001953125,14680.7998046875,14604.2001953125,14680.7998046875,14680.7998046875,136349000
2014-06-03,14680.900390625,14747.900390625,14659.400390625,14734.7001953125,14734.7001953125,171520700
2014-06-04,14734.599609375,14806,14670,14796.7998046875,14796.7998046875,150926200
2014-06-05,14797,14821.7001953125,14736.400390625,14800.2001953125,14800.2001953125,175135700
2014-06-06,14800.2001953125,14840.5,14788.599609375,14838.900390625,14838.900390625,122808000
2014-06-09,14838.900390625,14896.7001953125,14832.599609375,14871.2001953125,14871.2001953125,120795800
2014-06-10,14870.2998046875,14909.2998046875,14859,14904.400390625,14904.400390625,136797500
2014-06-11,14904.5,14904.5,14850.400390625,14892.099609375,14892.099609375,164839000
2014-06-12,14891.400390625,14922.599609375,14857.400390625,14909.599609375,14909.599609375,179032000
2014-06-13,14910.2001953125,15017.2001953125,14904.7001953125,15001.599609375,15001.599609375,154130900
2014-06-16,15001.599609375,15075.7001953125,15001.599609375,15040.400390625,15040.400390625,150460000
2014-06-17,15040,15074.7001953125,15006.400390625,15055.900390625,15055.900390625,136557800
2014-06-18,15059.2001953125,15115.400390625,15058,15109.2998046875,15109.2998046875,155015300
2014-06-19,15109.2998046875,15119.900390625,15081.900390625,15112.2001953125,15112.2001953125,225796400
2014-06-20,15112.2001953125,15124.900390625,15086.599609375,15109,15109,359777500
2014-06-23,15109.400390625,15118,15073.7998046875,15105.599609375,15105.599609375,145504200
2014-06-24,15106.2001953125,15137.7001953125,14956.7998046875,14962.400390625,14962.400390625,185118500
2014-06-25,14962.7998046875,15013.2001953125,14952.400390625,14974.7001953125,14974.7001953125,156097800
2014-06-26,14974.7001953125,15036.7998046875,14937.900390625,15030.7001953125,15030.7001953125,121767000
2014-06-27,15030.7001953125,15094.2998046875,15017,15094.2998046875,15094.2998046875,122729700
2014-06-30,15092.7998046875,15146,15060.7998046875,15146,15146,122514500
2014-07-02,15146,15223,15146,15209.7998046875,15209.7998046875,166809600
2014-07-03,15210.2001953125,15256.400390625,15195.900390625,15207.099609375,15207.099609375,145990600
2014-07-04,15207.099609375,15246.7998046875,15207.099609375,15215,15215,48783700
2014-07-07,15215.400390625,15215.400390625,15107.2001953125,15172.900390625,15172.900390625,143433400
2014-07-08,15172.900390625,15172.900390625,15021.099609375,15137.2001953125,15137.2001953125,185867200
2014-07-09,15136.900390625,15216.099609375,15121,15215.2001953125,15215.2001953125,176974800
2014-07-10,15214.400390625,15214.400390625,15100.2001953125,15114.5,15114.5,174996400
2014-07-11,15115.099609375,15138.7001953125,15082.7998046875,15125.5,15125.5,140336400
2014-07-14,15125.099609375,15180.400390625,15125.099609375,15171.2001953125,15171.2001953125,141525100
2014-07-15,15171.099609375,15177.900390625,15057.400390625,15081.2998046875,15081.2998046875,187124600
2014-07-16,15081.2998046875,15240.7998046875,15081.2998046875,15226.2998046875,15226.2998046875,160836700
2014-07-17,15226.2998046875,15269.400390625,15186.099609375,15204.5,15204.5,163178400
2014-07-18,15202.099609375,15291.2001953125,15179.2998046875,15266.599609375,15266.599609375,132334100
2014-07-21,15266.400390625,15266.400390625,15208.7998046875,15250,15250,96353600
2014-07-22,15251.900390625,15343.5,15251.900390625,15315.099609375,15315.099609375,147356300
2014-07-23,15314.900390625,15395.7001953125,15313.2998046875,15394.400390625,15394.400390625,146911200
2014-07-24,15394.400390625,15421.400390625,15370.099609375,15394.5,15394.5,157100300
2014-07-25,15394.5,15503.400390625,15379.7001953125,15455,15455,140407700
2014-07-28,15452.2998046875,15465.2998046875,15406.099609375,15445.2001953125,15445.2001953125,134919100
2014-07-29,15445.2001953125,15506.099609375,15445.2001953125,15446.599609375,15446.599609375,139316600
2014-07-30,15449,15527.2998046875,15449,15524.7998046875,15524.7998046875,185082800
2014-07-31,15524.7998046875,15524.7998046875,15275.099609375,15330.7001953125,15330.7001953125,207807300
2014-08-01,15330.7998046875,15371.7998046875,15130.900390625,15215.2998046875,15215.2998046875,170392200
2014-08-05,15215.900390625,15254.7001953125,15130.7998046875,15187.7001953125,15187.7001953125,173566800
2014-08-06,15184.599609375,15226.2998046875,15122,15202.099609375,15202.099609375,149164100
2014-08-07,15201.400390625,15254.7998046875,15056.099609375,15118.400390625,15118.400390625,172806600
2014-08-08,15118.400390625,15204.599609375,15092.099609375,15196.2998046875,15196.2998046875,137214200
2014-08-11,15196.2998046875,15301.2001953125,15196.2998046875,15261.599609375,15261.599609375,126262000
2014-08-12,15261.599609375,15319.900390625,15229.7001953125,15274.2001953125,15274.2001953125,153169300
2014-08-13,15274.7998046875,15309.900390625,15242.900390625,15262.7001953125,15262.7001953125,140795900
2014-08-14,15262.7001953125,15312.900390625,15257.5,15291.2001953125,15291.2001953125,138445000
2014-08-15,15290.7998046875,15307.2998046875,15182.099609375,15304.2001953125,15304.2001953125,147686700
2014-08-18,15304.2001953125,15369,15304.2001953125,15338.5,15338.5,109596200
2014-08-19,15339.5,15496.2998046875,15339.5,15477.2001953125,15477.2001953125,126247600
2014-08-20,15477.7001953125,15570.5,15425.7998046875,15562,15562,140333600
2014-08-21,15561.7001953125,15566.5,15526,15556.099609375,15556.099609375,123912100
2014-08-22,15556.099609375,15574.2001953125,15495.099609375,15535.599609375,15535.599609375,102244500
2014-08-25,15535.900390625,15624,15535.900390625,15598.7001953125,15598.7001953125,101680900
2014-08-26,15599.5,15653.400390625,15599.5,15619.2001953125,15619.2001953125,128557500
2014-08-27,15619.2001953125,15624.5,15559.7998046875,15602.7001953125,15602.7001953125,119750600
2014-08-28,15600.7998046875,15600.7998046875,15542,15558.2001953125,15558.2001953125,114796600
2014-08-29,15558.2001953125,15632.599609375,15516.5,15625.7001953125,15625.7001953125,157610200
2014-09-02,15626.900390625,15627.7998046875,15574.099609375,15619.099609375,15619.099609375,146208800
2014-09-03,15619.099609375,15685.099609375,15619.099609375,15657.599609375,15657.599609375,153229900
2014-09-04,15657.5,15674.2001953125,15541.900390625,15576.7998046875,15576.7998046875,159218700
2014-09-05,15576.7998046875,15589.900390625,15525.2001953125,15569.900390625,15569.900390625,151717700
2014-09-08,15569.900390625,15569.900390625,15482.400390625,15509.400390625,15509.400390625,132817800
2014-09-09,15510.099609375,15564.2001953125,15500.099609375,15536.7998046875,15536.7998046875,163200400
2014-09-10,15536.7998046875,15536.7998046875,15434.099609375,15471.900390625,15471.900390625,135966700
2014-09-11,15471.599609375,15546.5,15432.2998046875,15534.2998046875,15534.2998046875,164480100
2014-09-12,15534.099609375,15580.5,15498.099609375,15531.599609375,15531.599609375,147274700
2014-09-15,15530.900390625,15530.900390625,15442.099609375,15482.599609375,15482.599609375,149597200
2014-09-16,15482.2001953125,15556.2001953125,15442.7001953125,15510.5,15510.5,182343500
2014-09-17,15509.7001953125,15520.400390625,15428.2998046875,15458.900390625,15458.900390625,152938300
2014-09-18,15458.900390625,15477,15422.5,15465.5,15465.5,173521200
2014-09-19,15461.2998046875,15461.2998046875,15238,15265.400390625,15265.400390625,453002800
2014-09-22,15259.400390625,15266.099609375,15117.5,15129,15129,182382400
2014-09-23,15125,15171,15089.400390625,15125.7001953125,15125.7001953125,163285500
2014-09-24,15125.7001953125,15164.7001953125,15005.599609375,15120.5,15120.5,192040800
2014-09-25,15120.5,15120.5,14879.2998046875,14893.599609375,14893.599609375,191932000
2014-09-26,14893.7998046875,15055.7998046875,14821.7001953125,15026.7998046875,15026.7998046875,162318100
2014-09-29,14976.2001953125,15011.900390625,14853.599609375,14976.900390625,14976.900390625,161729900
2014-09-30,14968.400390625,15047.099609375,14899.2998046875,14960.5,14960.5,217764200
2014-10-01,14958.5,14958.5,14764,14805.400390625,14805.400390625,192397000
2014-10-02,14781.5,14781.5,14545.599609375,14760.599609375,14760.599609375,234463500
2014-10-03,14782,14875,14763.7001953125,14789.7998046875,14789.7998046875,195634200
2014-10-06,14829.599609375,14878.7001953125,14743.099609375,14743.099609375,14743.099609375,153072300
2014-10-07,14716.099609375,14757.900390625,14572.2001953125,14576.5,14576.5,189987800
2014-10-08,14584.5,14678.2998046875,14439.599609375,14666.5,14666.5,257065900
2014-10-09,14661.7001953125,14661.7001953125,14400,14460.599609375,14460.599609375,226716300
2014-10-10,14438.5,14438.5,14188.7998046875,14227.400390625,14227.400390625,245691300
2014-10-14,14185.2001953125,14185.2001953125,13977.7001953125,14036.7001953125,14036.7001953125,257770500
2014-10-15,13957.2998046875,13957.2998046875,13677.2998046875,13869.900390625,13869.900390625,305502600
2014-10-16,13775.7998046875,14166.2998046875,13646.7998046875,14053,14053,267559400
2014-10-17,14142,14297.2001953125,14142,14227.7001953125,14227.7001953125,238636000
2014-10-20,14240.099609375,14354.7998046875,14180.099609375,14337.7998046875,14337.7998046875,162358900
2014-10-21,14413.2001953125,14564.099609375,14364.599609375,14547.7001953125,14547.7001953125,189092600
2014-10-22,14574.2998046875,14584.2998046875,14295.099609375,14312.099609375,14312.099609375,202868200
2014-10-23,14407.7998046875,14529.099609375,14384.5,14486.7998046875,14486.7998046875,174786600
2014-10-24,14489,14569.400390625,14436.599609375,14543.7998046875,14543.7998046875,143071800
2014-10-27,14526,14526,14385.2998046875,14469,14469,150434500
2014-10-28,14503.099609375,14628.599609375,14473.900390625,14624.2998046875,14624.2998046875,161520400
2014-10-29,14634.2998046875,14641.2998046875,14471.599609375,14527.599609375,14527.599609375,197553100
2014-10-30,14500.900390625,14546.5,14413,14458.7001953125,14458.7001953125,193266900
2014-10-31,14510.400390625,14627,14507.599609375,14613.2998046875,14613.2998046875,261257900
2014-11-03,14632.2001953125,14637.599609375,14519.2998046875,14537.599609375,14537.599609375,173203200
2014-11-04,14522.7998046875,14522.7998046875,14327,14390.400390625,14390.400390625,234613800
2014-11-05,14452.2998046875,14599.7001953125,14441.2001953125,14548.2998046875,14548.2998046875,235833200
2014-11-06,14576.5,14640.900390625,14488.099609375,14563.400390625,14563.400390625,215195000
2014-11-07,14574.099609375,14712.099609375,14561.2998046875,14690.7998046875,14690.7998046875,216670300
2014-11-10,14729.099609375,14769,14671.7001953125,14709.7998046875,14709.7998046875,191840100
2014-11-11,14720.7998046875,14770.7001953125,14688.2001953125,14760.2998046875,14760.2998046875,162235000
2014-11-12,14736.2998046875,14856.2001953125,14696.900390625,14856.2001953125,14856.2001953125,209369200
2014-11-13,14867.099609375,14890.7998046875,14739.7998046875,14778.7998046875,14778.7998046875,196536700
2014-11-14,14779,14843.099609375,14748.099609375,14843.099609375,14843.099609375,210827800
2014-11-17,14825.900390625,14950.5,14825.900390625,14882.5,14882.5,183312900
2014-11-18,14911.900390625,14990,14911.900390625,14973,14973,193039900
2014-11-19,14996.900390625,15012.599609375,14914.400390625,14980.2001953125,14980.2001953125,211938800
2014-11-20,14966.400390625,15075.2001953125,14948.2001953125,15075.2001953125,15075.2001953125,197525300
2014-11-21,15134.099609375,15184.400390625,15087.400390625,15111.099609375,15111.099609375,206015200
2014-11-24,15121.400390625,15132.599609375,14980.2001953125,15015.400390625,15015.400390625,164249300
2014-11-25,15031.599609375,15100.5,15031.599609375,15073.7001953125,15073.7001953125,286515700
2014-11-26,15055.7998046875,15060.400390625,15003.900390625,15038.400390625,15038.400390625,152803900
2014-11-27,15026,15033.599609375,14866.599609375,14922.400390625,14922.400390625,156014400
2014-11-28,14871.7998046875,14871.7998046875,14743.900390625,14744.7001953125,14744.7001953125,211437900
2014-12-01,14753.5,14771.7998046875,14558.2001953125,14625.2998046875,14625.2998046875,303964900
2014-12-02,14610.099609375,14707.7001953125,14570.7001953125,14620.099609375,14620.099609375,294647200
2014-12-03,14638.2998046875,14769.2998046875,14627.099609375,14754.099609375,14754.099609375,240756600
2014-12-04,14789,14789,14562.7001953125,14583.400390625,14583.400390625,192155100
2014-12-05,14483.2998046875,14542,14435,14473.7001953125,14473.7001953125,252701900
2014-12-08,14410.099609375,14410.099609375,13983.7001953125,14144.2001953125,14144.2001953125,285279000
2014-12-09,14083.2998046875,14195.7001953125,14001,14195.7001953125,14195.7001953125,279979900
2014-12-10,14167.2998046875,14167.2998046875,13779.5,13853,13853,307753200
2014-12-11,13828.2998046875,14083.7001953125,13827.400390625,13905.099609375,13905.099609375,258578100
2014-12-12,13847.2998046875,13889.099609375,13713.2001953125,13731.099609375,13731.099609375,274628700
2014-12-15,13758.2998046875,13852.099609375,13635.5,13705.099609375,13705.099609375,300375700
2014-12-16,13677.2998046875,14056.900390625,13670.7998046875,13861.5,13861.5,425344300
2014-12-17,13880.2001953125,14227,13831.7998046875,14213.900390625,14213.900390625,373359600
2014-12-18,14356.099609375,14439.099609375,14193.2001953125,14346.7998046875,14346.7998046875,333418400
2014-12-19,14390,14530.5,14348.7001953125,14468.2998046875,14468.2998046875,795341500
2014-12-22,14494.599609375,14547,14395.400390625,14432.400390625,14432.400390625,210367900
2014-12-23,14471,14597.599609375,14471,14594,14594,164413900
2014-12-24,14595.400390625,14645.099609375,14516.2001953125,14609.2998046875,14609.2998046875,72371600
2014-12-29,14634.2998046875,14738.599609375,14628.900390625,14663.900390625,14663.900390625,122918800
2014-12-30,14663.2001953125,14681.099609375,14601.7998046875,14640,14640,123975000
2014-12-31,14632.400390625,14670.2001953125,14555.7001953125,14632.400390625,14632.400390625,106689800
2015-01-02,14637.2998046875,14756.2998046875,14631.400390625,14753.7001953125,14753.7001953125,132965800
2015-01-05,14709,14709,14339.5,14392.7001953125,14392.7001953125,224213600
2015-01-06,14368.099609375,14370.400390625,14162,14246.7998046875,14246.7998046875,273374500
2015-01-07,14324.400390625,14427.400390625,14265.7001953125,14285,14285,234522600
2015-01-08,14368.599609375,14506.099609375,14368.599609375,14457.7001953125,14457.7001953125,225812700
2015-01-09,14484.599609375,14496.900390625,14325.2001953125,14384.900390625,14384.900390625,216286900
2015-01-12,14378.2998046875,14378.2998046875,14122.400390625,14265,14265,240041100
2015-01-13,14285.099609375,14369.7998046875,14075,14187.2001953125,14187.2001953125,276614600
2015-01-14,14119.7998046875,14119.7998046875,13892.599609375,14084.400390625,14084.400390625,298845400
2015-01-15,14149.7001953125,14170.7001953125,14017.2001953125,14041.7998046875,14041.7998046875,353728200
2015-01-16,14043.7998046875,14330.7998046875,14043.7998046875,14309.400390625,14309.400390625,303918800
2015-01-19,14307.7001953125,14323.7998046875,14195.400390625,14312.5,14312.5,97313000
2015-01-20,14368.400390625,14377.599609375,14260.400390625,14308.400390625,14308.400390625,279251400
2015-01-21,14315.599609375,14624.2001953125,14266.2001953125,14560.400390625,14560.400390625,300489200
2015-01-22,14589.5,14792.5,14589.5,14764,14764,266872000
2015-01-23,14775.099609375,14853.2998046875,14741.599609375,14779.400390625,14779.400390625,226367700
2015-01-26,14787.7001953125,14803.7001953125,14702.900390625,14797.7998046875,14797.7998046875,186840600
2015-01-27,14773.5,14838.7998046875,14656.2998046875,14833.900390625,14833.900390625,223926700
2015-01-28,14849.2998046875,14852.7001953125,14599.7001953125,14602.900390625,14602.900390625,239058900
2015-01-29,14599.7001953125,14672.599609375,14392.599609375,14637.2998046875,14637.2998046875,253821600
2015-01-30,14581.2001953125,14812.5,14514.599609375,14673.5,14673.5,324263400
2015-02-02,14713.900390625,14931.099609375,14713.900390625,14900.5,14900.5,228902300
2015-02-03,14955.7998046875,15154.900390625,14955.7998046875,15062.900390625,15062.900390625,316768900
2015-02-04,15027.5,15056.400390625,14939.2001953125,14995.7001953125,14995.7001953125,259138900
2015-02-05,15031.099609375,15172.2998046875,15031.099609375,15124.900390625,15124.900390625,237014900
2015-02-06,15149.5,15204.5,15025.599609375,15083.900390625,15083.900390625,221622600
2015-02-09,15084.900390625,15168.099609375,15056.599609375,15100.7001953125,15100.7001953125,207884000
2015-02-10,15114.5,15147.7001953125,14977.2001953125,15112.5,15112.5,206419100
2015-02-11,15092.900390625,15170.599609375,15080.7001953125,15151.5,15151.5,223441000
2015-02-12,15192.7998046875,15236.7001953125,15114.900390625,15228.5,15228.5,260688700
2015-02-13,15281.900390625,15339.5,15256.7001953125,15264.7998046875,15264.7998046875,194129800
2015-02-17,15249,15349,15190.2001953125,15284.599609375,15284.599609375,188670700
2015-02-18,15276.2001953125,15286.400390625,15178,15212.7998046875,15212.7998046875,216985800
2015-02-19,15198.900390625,15211.7998046875,15099.900390625,15180.2998046875,15180.2998046875,196613700
2015-02-20,15187.7001953125,15232.7001953125,15124.2998046875,15172.2001953125,15172.2001953125,212484500
2015-02-23,15127.599609375,15204.599609375,15120.7998046875,15200.2998046875,15200.2998046875,188332600
2015-02-24,15215.099609375,15275,15150.7001953125,15165,15165,202903000
2015-02-25,15201.400390625,15258.900390625,15155.099609375,15228.599609375,15228.599609375,202158400
2015-02-26,15273.099609375,15318.400390625,15241.2001953125,15241.2001953125,15241.2001953125,189355900
2015-02-27,15237.599609375,15333.599609375,15234.2998046875,15234.2998046875,15234.2998046875,339748900
2015-03-02,15240.900390625,15283.7001953125,15212.2998046875,15264.099609375,15264.099609375,192652600
2015-03-03,15258,15258,15109.900390625,15133.900390625,15133.900390625,195697700
2015-03-04,15108.7001953125,15135.900390625,14995.099609375,15082.7998046875,15082.7998046875,196308300
2015-03-05,15136.7001953125,15189.099609375,15094.7998046875,15103.099609375,15103.099609375,191332200
2015-03-06,15067.5,15145.2998046875,14910.2998046875,14952.5,14952.5,230716700
2015-03-09,14964.599609375,14964.599609375,14854.5,14854.5,14854.5,182390300
2015-03-10,14784.7001953125,14784.7001953125,14628,14641.7998046875,14641.7998046875,198307400
2015-03-11,14650.5,14778.900390625,14637.599609375,14739.2001953125,14739.2001953125,189464100
2015-03-12,14744.7998046875,14809.099609375,14719.7001953125,14770.7001953125,14770.7001953125,182561600
2015-03-13,14734.7001953125,14738.900390625,14606.2001953125,14731.5,14731.5,185435000
2015-03-16,14733.5,14913.5,14719.2998046875,14862.7998046875,14862.7998046875,187656200
2015-03-17,14818,14922.099609375,14722.5,14898.5,14898.5,176396100
2015-03-18,14869,15028,14825.2001953125,14962.2001953125,14962.2001953125,201339500
2015-03-19,14942.5,14964.2001953125,14817.5,14873.900390625,14873.900390625,184971700
2015-03-20,14913.900390625,14998,14913.900390625,14942.400390625,14942.400390625,496186900
2015-03-23,14962.900390625,15019.099609375,14925.099609375,14957.2001953125,14957.2001953125,161626900
2015-03-24,14959.400390625,15103.2001953125,14930.900390625,15081.2998046875,15081.2998046875,179668500
2015-03-25,15103.2001953125,15161.599609375,14929.400390625,14929.400390625,14929.400390625,221781000
2015-03-26,14945.400390625,14996.7001953125,14849,14869.7998046875,14869.7998046875,207990500
2015-03-27,14856.099609375,14897.7998046875,14717.7001953125,14812.400390625,14812.400390625,147454800
2015-03-30,14855.400390625,14995,14855.400390625,14908.400390625,14908.400390625,167648700
2015-03-31,14867.7998046875,14962.7998046875,14813.7001953125,14902.400390625,14902.400390625,201751600
2015-04-01,14925.2001953125,14972.2998046875,14878.5,14942.599609375,14942.599609375,188681900
2015-04-02,14925.5,15070.2998046875,14912.2998046875,15026.599609375,15026.599609375,156413900
2015-04-06,15028.7001953125,15160.7001953125,15016.5,15100.7001953125,15100.7001953125,157700500
2015-04-07,15115.2998046875,15266.599609375,15115.2998046875,15188.7998046875,15188.7998046875,221954200
2015-04-08,15188.599609375,15249.5,15175.400390625,15213.599609375,15213.599609375,177053800
2015-04-09,15216.2001953125,15359.2998046875,15216.2001953125,15326.2998046875,15326.2998046875,176797200
2015-04-10,15362.2998046875,15406.099609375,15350.400390625,15388.400390625,15388.400390625,179796600
2015-04-13,15401.2998046875,15446.5,15352.099609375,15383.599609375,15383.599609375,154725200
2015-04-14,15372.099609375,15403,15342.099609375,15389.2998046875,15389.2998046875,179254400
2015-04-15,15437,15524.7998046875,15437,15450.900390625,15450.900390625,254299100
2015-04-16,15429.7001953125,15454.2998046875,15325,15386.7998046875,15386.7998046875,208304600
2015-04-17,15364.599609375,15367.599609375,15275.5,15360.599609375,15360.599609375,163532700
2015-04-20,15376.7998046875,15483.099609375,15376.7998046875,15412.599609375,15412.599609375,153460400
2015-04-21,15418.2998046875,15434.099609375,15300.2001953125,15346.400390625,15346.400390625,162758800
2015-04-22,15341.900390625,15341.900390625,15215.900390625,15304.7998046875,15304.7998046875,157452700
2015-04-23,15285.400390625,15425.7998046875,15266.900390625,15392.400390625,15392.400390625,160971300
2015-04-24,15406,15440.400390625,15368,15408.2998046875,15408.2998046875,139734000
2015-04-27,15442.2998046875,15456.400390625,15319.599609375,15344.099609375,15344.099609375,188782900
2015-04-28,15340.7998046875,15348.2998046875,15278.7001953125,15346.099609375,15346.099609375,168472300
2015-04-29,15288,15363.7998046875,15242.099609375,15347.2998046875,15347.2998046875,192321400
2015-04-30,15324.2001953125,15324.2001953125,15192.5,15224.5,15224.5,229900400
2015-05-01,15224.400390625,15362.900390625,15208.400390625,15339.7998046875,15339.7998046875,158965400
2015-05-04,15347.7001953125,15403.5,15340.900390625,15367.5,15367.5,150908400
2015-05-05,15378.7998046875,15416.599609375,15128.2001953125,15173.900390625,15173.900390625,204036900
2015-05-06,15145.5,15148.5,14945,15023.900390625,15023.900390625,244358700
2015-05-07,15016.900390625,15103.5,14934.2998046875,15088.7998046875,15088.7998046875,276978400
2015-05-08,15141.7001953125,15200.2001953125,15099.2001953125,15170,15170,185148700
2015-05-11,15182.2001953125,15237.2001953125,15108.900390625,15152.599609375,15152.599609375,146601400
2015-05-12,15127,15127,15026.2001953125,15043.2001953125,15043.2001953125,189066200
2015-05-13,15053.5,15095.5,14948.2998046875,14980.7001953125,14980.7001953125,191793600
2015-05-14,14999.599609375,15036.7998046875,14984,15028.099609375,15028.099609375,183190200
2015-05-15,15020.2998046875,15108.099609375,14990.7001953125,15108.099609375,15108.099609375,163163400
2015-05-19,15115.7998046875,15159.099609375,15063.2998046875,15121,15121,177613000
2015-05-20,15146.7001953125,15187,15051.7001953125,15072.7998046875,15072.7998046875,150691600
2015-05-21,15092.2998046875,15230.7001953125,15092.2998046875,15203.599609375,15203.599609375,173031700
2015-05-22,15196.7998046875,15218,15139.2001953125,15200.7998046875,15200.7998046875,122902000
2015-05-25,15192.599609375,15205.2998046875,15172.2001953125,15187.400390625,15187.400390625,37855100
2015-05-26,15181,15188.7001953125,14974.2998046875,15050.7998046875,15050.7998046875,148932600
2015-05-27,15066.7001953125,15144.400390625,15016.400390625,15110.5,15110.5,147678600
2015-05-28,15110.599609375,15161.2998046875,15005,15107,15107,148946400
2015-05-29,15097,15118.599609375,14956,15014.099609375,15014.099609375,281160900
2015-06-01,15040.900390625,15078.599609375,14982.400390625,15074.099609375,15074.099609375,139629200
2015-06-02,15075.900390625,15155.7001953125,15049.5,15104.7001953125,15104.7001953125,149221100
2015-06-03,15119.5,15182.2001953125,15104,15154.7001953125,15154.7001953125,154326600
2015-06-04,15096.2001953125,15114.5,14957.599609375,15019.400390625,15019.400390625,153522400
2015-06-05,14995.2998046875,15060.900390625,14946,14957.2001953125,14957.2001953125,153567800
2015-06-08,14939.099609375,14939.099609375,14714.7001953125,14743.2998046875,14743.2998046875,153647900
2015-06-09,14742.099609375,14840.099609375,14687,14817.7001953125,14817.7001953125,156708900
2015-06-10,14860.900390625,14953,14843.5,14889,14889,166024900
2015-06-11,14894.2001953125,14921.5,14810.7001953125,14830.900390625,14830.900390625,152418900
2015-06-12,14798.2998046875,14798.2998046875,14725.2998046875,14741.2001953125,14741.2001953125,140996500
2015-06-15,14684.2001953125,14784.5,14651.400390625,14756.099609375,14756.099609375,147917300
2015-06-16,14743.7001953125,14754,14683.400390625,14753.099609375,14753.099609375,162528800
2015-06-17,14773,14825.099609375,14659.900390625,14733,14733,162174500
2015-06-18,14731.599609375,14781.5,14685.2001953125,14770.599609375,14770.599609375,149846900
2015-06-19,14680.2998046875,14746.400390625,14584.400390625,14653.099609375,14653.099609375,482101400
2015-06-22,14644.900390625,14827.2001953125,14644.900390625,14790.5,14790.5,150406700
2015-06-23,14814.400390625,14923.7998046875,14814.400390625,14904.900390625,14904.900390625,145320600
2015-06-24,14903.099609375,14995.2998046875,14871.900390625,14947.5,14947.5,170667600
2015-06-25,14957.2001953125,14957.2001953125,14861.7001953125,14897.5,14897.5,149486400
2015-06-26,14886.2998046875,14886.2998046875,14782.5,14808.099609375,14808.099609375,142466700
2015-06-29,14738.5,14738.5,14482.2001953125,14490.2001953125,14490.2001953125,162380600
2015-06-30,14542.099609375,14607.900390625,14492.2001953125,14553.2998046875,14553.2998046875,180527600
2015-07-02,14588.2001953125,14663.400390625,14560.2998046875,14638,14638,173442300
2015-07-03,14637.099609375,14682.400390625,14622.2998046875,14682.400390625,14682.400390625,51349100
2015-07-06,14594.599609375,14670.2998046875,14524.599609375,14593.599609375,14593.599609375,194847500
2015-07-07,14602.400390625,14625.099609375,14389.099609375,14624.5,14624.5,194129800
2015-07-08,14600,14600,14379.900390625,14412.099609375,14412.099609375,166323900
2015-07-09,14451.5,14558.7001953125,14275.5,14278.5,14278.5,188521100
2015-07-10,14338.099609375,14419.5,14338.099609375,14411.099609375,14411.099609375,156177800
2015-07-13,14499.400390625,14566,14453.2998046875,14533.2001953125,14533.2001953125,166202600
2015-07-14,14527,14613.5,14453.7001953125,14599.400390625,14599.400390625,153715000
2015-07-15,14608.900390625,14706.2998046875,14541.7001953125,14662.2998046875,14662.2998046875,158321200
2015-07-16,14713.7001953125,14748,14694,14731.099609375,14731.099609375,155607800
2015-07-17,14738.2998046875,14738.2998046875,14597.599609375,14642.7998046875,14642.7998046875,145241900
2015-07-20,14630.5,14630.5,14405.099609375,14425.599609375,14425.599609375,159506500
2015-07-21,14452.5,14512,14335.7998046875,14376.2001953125,14376.2001953125,158798400
2015-07-22,14335,14361,14231.099609375,14307.099609375,14307.099609375,189872000
2015-07-23,14339.2998046875,14339.2998046875,14168.900390625,14265.400390625,14265.400390625,192099200
2015-07-24,14260.099609375,14275.5,14145.2998046875,14186.2001953125,14186.2001953125,213182000
2015-07-27,14101,14112.099609375,13956.099609375,14001.400390625,14001.400390625,190016900
2015-07-28,14031.2001953125,14104.2998046875,13938.900390625,14077.400390625,14077.400390625,189404500
2015-07-29,14079.400390625,14303.7998046875,14059.2998046875,14301.7998046875,14301.7998046875,207644000
2015-07-30,14308.7001953125,14386.7998046875,14226.599609375,14382.7998046875,14382.7998046875,208091800
2015-07-31,14420.599609375,14501.599609375,14391.599609375,14468.400390625,14468.400390625,191981600
2015-08-04,14465.7998046875,14515.7998046875,14424.900390625,14491.099609375,14491.099609375,177553300
2015-08-05,14538.400390625,14622.400390625,14484.7001953125,14503,14503,174759100
2015-08-06,14499.400390625,14499.400390625,14378.599609375,14405.900390625,14405.900390625,221728300
2015-08-07,14397.900390625,14458.099609375,14265,14302.7001953125,14302.7001953125,175109800
2015-08-10,14346.7001953125,14471.099609375,14343.099609375,14466.400390625,14466.400390625,175189600
2015-08-11,14408.5,14414.7001953125,14264.2998046875,14414.7001953125,14414.7001953125,195188800
2015-08-12,14359.599609375,14359.599609375,14182.5,14339.5,14339.5,214900200
2015-08-13,14322.2001953125,14340.599609375,14223.599609375,14238.400390625,14238.400390625,169966800
2015-08-14,14251.7998046875,14304.400390625,14224.5,14277.900390625,14277.900390625,170578800
2015-08-17,14267.2001953125,14267.2001953125,14184.599609375,14251.5,14251.5,145429400
2015-08-18,14217.7001953125,14227.400390625,14125.5,14193.900390625,14193.900390625,155036000
2015-08-19,14187.599609375,14187.599609375,14014,14036.599609375,14036.599609375,216708600
2015-08-20,14022.099609375,14022.099609375,13737,13737,13737,220463100
2015-08-21,13664.7998046875,13697.5,13468.7001953125,13473.7001953125,13473.7001953125,242627500
2015-08-24,13351,13396.7998046875,12705.2001953125,13052.7001953125,13052.7001953125,318857900
2015-08-25,13314.599609375,13445.599609375,13134.2998046875,13150.900390625,13150.900390625,242924600
2015-08-26,13319,13393.2001953125,13061.900390625,13381.599609375,13381.599609375,229144000
2015-08-27,13465.599609375,13845.7001953125,13465.599609375,13766.7001953125,13766.7001953125,269528200
2015-08-28,13734.7001953125,13866.2998046875,13710.099609375,13865.099609375,13865.099609375,217015300
2015-08-31,13832.900390625,13888.2001953125,13653.900390625,13859.099609375,13859.099609375,274554700
2015-09-01,13691.7998046875,13691.7998046875,13419.099609375,13481.900390625,13481.900390625,223509200
2015-09-02,13553.2998046875,13626.900390625,13420,13545.2998046875,13545.2998046875,197082800
2015-09-03,13567,13706.7998046875,13538.7998046875,13596.400390625,13596.400390625,179596000
2015-09-04,13469.2998046875,13510,13414.599609375,13478.2998046875,13478.2998046875,142024500
2015-09-08,13636.099609375,13683.599609375,13593.5,13630.7001953125,13630.7001953125,165293600
2015-09-09,13706.599609375,13766.7001953125,13517,13531.900390625,13531.900390625,208366600
2015-09-10,13504.099609375,13643.5,13504.099609375,13569.900390625,13569.900390625,189545300
2015-09-11,13522.7998046875,13523.5,13404.599609375,13461.5,13461.5,188368400
2015-09-14,13460,13460,13353.2998046875,13353.2998046875,13353.2998046875,161268500
2015-09-15,13370.2001953125,13478.7001953125,13365.2998046875,13462.7001953125,13462.7001953125,170456100
2015-09-16,13501.2998046875,13776.7001953125,13501.2998046875,13763.7998046875,13763.7998046875,245113200
2015-09-17,13763,13876,13704.599609375,13787.2001953125,13787.2001953125,216804000
2015-09-18,13692.599609375,13692.599609375,13587.400390625,13646.900390625,13646.900390625,608096000
2015-09-21,13701.7001953125,13847.400390625,13687.099609375,13779.400390625,13779.400390625,185414200
2015-09-22,13646.099609375,13646.099609375,13452.5,13491.099609375,13491.099609375,173972500
2015-09-23,13537.099609375,13560.099609375,13378,13383.7001953125,13383.7001953125,155134600
2015-09-24,13334.2998046875,13384.5,13237.400390625,13338.7001953125,13338.7001953125,211139100
2015-09-25,13451,13468.7998046875,13350.7001953125,13378.599609375,13378.599609375,207201500
2015-09-28,13295.900390625,13297.7998046875,13004.599609375,13004.599609375,13004.599609375,188785200
2015-09-29,13025,13111.400390625,12964.099609375,13037,13037,205446200
2015-09-30,13135.2001953125,13310.599609375,13135.2001953125,13307,13307,234915200
2015-10-01,13362.5,13379.900390625,13152.099609375,13241.900390625,13241.900390625,226505700
2015-10-02,13179.5,13341.7001953125,13086.400390625,13339.7001953125,13339.7001953125,215950500
2015-10-05,13416.2998046875,13590.7001953125,13416.2998046875,13552.2001953125,13552.2001953125,304422500
2015-10-06,13582.099609375,13690.900390625,13582.099609375,13647.2998046875,13647.2998046875,284121300
2015-10-07,13735.400390625,13873.7998046875,13735.400390625,13868.400390625,13868.400390625,338065200
2015-10-08,13861,13994.5,13839.5,13978.7001953125,13978.7001953125,264683500
2015-10-09,14012.7998046875,14053.2001953125,13948.099609375,13964.400390625,13964.400390625,252713400
2015-10-13,13927.2001953125,13952.7001953125,13828.7998046875,13844.7001953125,13844.7001953125,212132700
2015-10-14,13861.400390625,13958.5,13850.900390625,13875.2998046875,13875.2998046875,211035400
2015-10-15,13822.400390625,13873.2001953125,13761.2001953125,13829,13829,198093000
2015-10-16,13888.099609375,13925.5,13838.099609375,13838.099609375,13838.099609375,206490700
2015-10-19,13777,13818.2001953125,13718.599609375,13758.400390625,13758.400390625,180214100
2015-10-20,13762.900390625,13916,13740.7001953125,13841.900390625,13841.900390625,169687900
2015-10-21,13850.900390625,13882.599609375,13626.099609375,13704.2001953125,13704.2001953125,187226100
2015-10-22,13732.5,13888.5,13730.7001953125,13878.099609375,13878.099609375,213309700
2015-10-23,13944.5,14014.7998046875,13924.2998046875,13953.7001953125,13953.7001953125,208995400
2015-10-26,13940.5,13947.7001953125,13784.099609375,13790.900390625,13790.900390625,188864000
2015-10-27,13758.400390625,13789.2998046875,13662.5,13699.599609375,13699.599609375,220051000
2015-10-28,13733.2998046875,13911.7998046875,13727.5,13863.2001953125,13863.2001953125,245564200
2015-10-29,13841.900390625,13869.900390625,13773.7998046875,13791.900390625,13791.900390625,248803000
2015-10-30,13762.7998046875,13766.599609375,13519.5,13529.2001953125,13529.2001953125,262586400
2015-11-02,13531,13632.7001953125,13515.900390625,13623,13623,172222200
2015-11-03,13643.2998046875,13740.400390625,13609.599609375,13710.2998046875,13710.2998046875,213866400
2015-11-04,13745.7998046875,13790.099609375,13637.2998046875,13661.7998046875,13661.7998046875,234638000
2015-11-05,13652.2001953125,13664.5,13534.900390625,13558.7998046875,13558.7998046875,225689200
2015-11-06,13562.2001953125,13593.7001953125,13481.5,13553.2998046875,13553.2998046875,202938700
2015-11-09,13556.599609375,13556.599609375,13385.7998046875,13482.599609375,13482.599609375,185883900
2015-11-10,13451.2001953125,13451.2001953125,13336.900390625,13411.599609375,13411.599609375,193360100
2015-11-11,13429.2001953125,13438.7998046875,13325.599609375,13341.900390625,13341.900390625,185492300
2015-11-12,13318.099609375,13318.099609375,13119,13127.2001953125,13127.2001953125,234869800
2015-11-13,13104.7001953125,13162.400390625,13030.5,13075.400390625,13075.400390625,204065700
2015-11-16,13080.7001953125,13317.5,13078.7998046875,13317.5,13317.5,181704800
2015-11-17,13323.7998046875,13379.900390625,13248,13280.400390625,13280.400390625,181956500
2015-11-18,13317.900390625,13421.7998046875,13317.900390625,13400,13400,183319400
2015-11-19,13399.7001953125,13478.7998046875,13384.7998046875,13473.7998046875,13473.7998046875,189696600
2015-11-20,13504.5,13514.7998046875,13413.7001953125,13433.5,13433.5,200454700
2015-11-23,13417.599609375,13508.099609375,13372,13382.400390625,13382.400390625,156074700
2015-11-24,13371.7001953125,13461.2001953125,13359.599609375,13407.7998046875,13407.7998046875,218593400
2015-11-25,13410.400390625,13481.2998046875,13368.099609375,13403.400390625,13403.400390625,188905300
2015-11-26,13410.2998046875,13451.599609375,13401.2001953125,13425.2001953125,13425.2001953125,61259600
2015-11-27,13406.7998046875,13424.7998046875,13353.5,13368.2001953125,13368.2001953125,100022000
2015-11-30,13390.599609375,13495.5,13390.599609375,13469.7998046875,13469.7998046875,298491200
2015-12-01,13488.400390625,13653.7001953125,13482.400390625,13636.099609375,13636.099609375,222514200
2015-12-02,13622.5,13629.2001953125,13442.2998046875,13463.7998046875,13463.7998046875,215056100
2015-12-03,13515.599609375,13529,13288.2001953125,13324.7001953125,13324.7001953125,199938600
2015-12-04,13307.599609375,13374.2001953125,13268.400390625,13358.7998046875,13358.7998046875,225388700
2015-12-07,13316.2001953125,13316.2001953125,13018.7001953125,13042.7998046875,13042.7998046875,228591200
2015-12-08,12972.2001953125,13007.7001953125,12872.2998046875,12922.5,12922.5,228968400
2015-12-09,12927.900390625,13133.5,12877.599609375,12937.599609375,12937.599609375,245500000
2015-12-10,12922.7001953125,13081.7998046875,12895,13016.599609375,13016.599609375,223401900
2015-12-11,12956.900390625,12956.900390625,12771.2001953125,12790,12790,205777600
2015-12-14,12776.2998046875,12805.2001953125,12617.7001953125,12695.5,12695.5,246218400
2015-12-15,12783.7001953125,12932.400390625,12783.7001953125,12919.599609375,12919.599609375,228818900
2015-12-16,12967.099609375,13182.7001953125,12967.099609375,13166.099609375,13166.099609375,284652500
2015-12-17,13141.5,13158.900390625,12967.400390625,13009.900390625,13009.900390625,262462800
2015-12-18,12971.599609375,13061.7001953125,12968,13024.2998046875,13024.2998046875,530058000
2015-12-21,13051.5,13141.099609375,12983.7001953125,13034.400390625,13034.400390625,192207100
2015-12-22,13034.7998046875,13103.099609375,12950.5,13082.900390625,13082.900390625,162292500
2015-12-23,13141.400390625,13284.900390625,13141.400390625,13284.900390625,13284.900390625,192255300
2015-12-24,13290.5,13344.2001953125,13280.2998046875,13309.7998046875,13309.7998046875,72358500
2015-12-29,13279.5,13315.2001953125,13193.599609375,13245.7998046875,13245.7998046875,120776600
2015-12-30,13225.5,13244.7998046875,13121.900390625,13142.2998046875,13142.2998046875,97136600
2015-12-31,13077.599609375,13098.599609375,12988,13010,13010,111101400
2016-01-04,12920.599609375,12928.900390625,12748.5,12927.2001953125,12927.2001953125,186952500
2016-01-05,12929.2001953125,12954.900390625,12839.7998046875,12920.099609375,12920.099609375,181894700
2016-01-06,12854.599609375,12854.599609375,12701.7001953125,12726.7998046875,12726.7998046875,225652800
2016-01-07,12661.2001953125,12661.2001953125,12439.099609375,12448.2001953125,12448.2001953125,293235700
2016-01-08,12470.900390625,12543.400390625,12431.900390625,12445.5,12445.5,220250200
2016-01-11,12464.5,12479.400390625,12230,12319.2998046875,12319.2998046875,208496500
2016-01-12,12361.400390625,12451.7001953125,12192.900390625,12373.900390625,12373.900390625,258256000
2016-01-13,12426.5,12499.5,12141.7001953125,12170.400390625,12170.400390625,261525900
2016-01-14,12176.2998046875,12362.7998046875,12060.2998046875,12336,12336,277737000
2016-01-15,12184.599609375,12184.599609375,11950.900390625,12073.5,12073.5,285852400
2016-01-18,12025.599609375,12047.900390625,11913.400390625,11942.2001953125,11942.2001953125,100097400
2016-01-19,12002.2998046875,12099.599609375,11894.2001953125,12002.2001953125,12002.2001953125,281063700
2016-01-20,11897.599609375,11932.400390625,11531.2001953125,11843.099609375,11843.099609375,357071400
2016-01-21,11834.900390625,12070.7001953125,11772.2001953125,12035.900390625,12035.900390625,310391800
2016-01-22,12191.599609375,12389.599609375,12191.599609375,12389.599609375,12389.599609375,300418000
2016-01-25,12377.5,12377.5,12130.2998046875,12143.2001953125,12143.2001953125,224918400
2016-01-26,12192.2998046875,12374,12175.400390625,12331.2998046875,12331.2998046875,247219300
2016-01-27,12309.599609375,12524.099609375,12249.7998046875,12377.7998046875,12377.7998046875,281404400
2016-01-28,12432.400390625,12612.2001953125,12420.900390625,12591.900390625,12591.900390625,295773300
2016-01-29,12636.099609375,12822.099609375,12601.7001953125,12822.099609375,12822.099609375,331433000
2016-02-01,12766.2001953125,12766.2001953125,12590.900390625,12674.400390625,12674.400390625,207051200
2016-02-02,12646.7998046875,12646.7998046875,12387.2001953125,12442.2998046875,12442.2998046875,209651500
2016-02-03,12492.2998046875,12613.900390625,12320.400390625,12593,12593,282033700
2016-02-04,12606.099609375,12826.7001953125,12606.099609375,12774.5,12774.5,304632400
2016-02-05,12764,12777,12669.599609375,12764,12764,244547900
2016-02-08,12691.099609375,12691.099609375,12486.5,12535.400390625,12535.400390625,275959400
2016-02-09,12448.099609375,12448.099609375,12192.5,12282.7001953125,12282.7001953125,309793400
2016-02-10,12314.2998046875,12392.2998046875,12171.900390625,12185.7001953125,12185.7001953125,286727300
2016-02-11,12163,12163,11985.7001953125,12087.400390625,12087.400390625,355026800
2016-02-12,12136.2998046875,12381.900390625,12136.2998046875,12381.2001953125,12381.2001953125,252630300
2016-02-16,12431.2998046875,12561.2998046875,12373.2001953125,12555,12555,282619700
2016-02-17,12644.400390625,12880.7001953125,12639,12867.2001953125,12867.2001953125,328295500
2016-02-18,12904.5,12947.2998046875,12839.400390625,12931.400390625,12931.400390625,317561200
2016-02-19,12858.7998046875,12858.7998046875,12734.900390625,12813.400390625,12813.400390625,252609000
2016-02-22,12888.7001953125,12984.7001953125,12844.7998046875,12845.599609375,12845.599609375,293520100
2016-02-23,12867.599609375,12962.7998046875,12727.5,12763.400390625,12763.400390625,235355100
2016-02-24,12727.400390625,12754.900390625,12506.099609375,12740.2998046875,12740.2998046875,312129400
2016-02-25,12724,12753.599609375,12633.7001953125,12753.599609375,12753.599609375,248831300
2016-02-26,12817.5,12915.7001953125,12781.2001953125,12797.7998046875,12797.7998046875,255406600
2016-02-29,12820.099609375,12912.599609375,12784.7998046875,12860.400390625,12860.400390625,299128600
2016-03-01,12896.2998046875,12998.5,12896.2998046875,12982.099609375,12982.099609375,285256700
2016-03-02,12985.2001953125,13030.400390625,12858,13017.900390625,13017.900390625,295879500
2016-03-03,13055.2001953125,13157.400390625,13025.5,13123.7001953125,13123.7001953125,343296700
2016-03-04,13150.5,13281.7998046875,13150.5,13212.5,13212.5,394167400
2016-03-07,13235.2998046875,13447.7001953125,13235.2998046875,13383.599609375,13383.599609375,343216600
2016-03-08,13374.099609375,13391.7998046875,13256.7998046875,13311.099609375,13311.099609375,330238400
2016-03-09,13346.2001953125,13435.900390625,13342.7001953125,13392.900390625,13392.900390625,300409700
2016-03-10,13423.599609375,13513.2001953125,13298.2998046875,13379.099609375,13379.099609375,274931600
2016-03-11,13434.5,13543.2998046875,13434.5,13522,13522,239951500
2016-03-14,13520.099609375,13530.2998046875,13426.099609375,13477.5,13477.5,232678300
2016-03-15,13383.099609375,13400.2998046875,13284.2001953125,13400.2998046875,13400.2998046875,245980600
2016-03-16,13410.5,13507.2998046875,13402,13478.099609375,13478.099609375,265553600
2016-03-17,13505.2001953125,13685.5,13494.599609375,13621.2998046875,13621.2998046875,314587600
2016-03-18,13607.900390625,13621.7998046875,13490.099609375,13497.099609375,13497.099609375,680620500
2016-03-21,13496,13567.400390625,13479.2998046875,13561.099609375,13561.099609375,182302300
2016-03-22,13527.099609375,13565.400390625,13493.5,13493.5,13493.5,191544100
2016-03-23,13503.099609375,13503.099609375,13365,13379.5,13379.5,247556200
2016-03-24,13302.900390625,13358.099609375,13255.5,13358.099609375,13358.099609375,192384300
2016-03-28,13369.2998046875,13395.5,13277.2001953125,13390.2001953125,13390.2001953125,133834300
2016-03-29,13353.599609375,13443.7998046875,13270.2001953125,13426.2001953125,13426.2001953125,189196700
2016-03-30,13475.400390625,13575,13475.400390625,13504,13504,212730200
2016-03-31,13495.5,13548.2001953125,13475.2998046875,13494.400390625,13494.400390625,219047700
2016-04-01,13404.599609375,13440.7998046875,13323.599609375,13440.400390625,13440.400390625,205610900
2016-04-04,13450,13452.900390625,13314.599609375,13336.2001953125,13336.2001953125,162699600
2016-04-05,13309.2998046875,13326.5,13262.2001953125,13304.7001953125,13304.7001953125,181700400
2016-04-06,13308.900390625,13348,13237.900390625,13347.5,13347.5,209952600
2016-04-07,13327.2998046875,13327.2998046875,13217.2001953125,13266.400390625,13266.400390625,209397600
2016-04-08,13328.400390625,13428.7998046875,13328.400390625,13396.7001953125,13396.7001953125,223954300
2016-04-11,13422.099609375,13529,13422.099609375,13422.7998046875,13422.7998046875,215507800
2016-04-12,13447.5,13632.7998046875,13444.5,13581.400390625,13581.400390625,287997300
2016-04-13,13617.900390625,13703.599609375,13608.900390625,13671.400390625,13671.400390625,236988900
2016-04-14,13680,13701.099609375,13629.599609375,13668.2998046875,13668.2998046875,227931800
2016-04-15,13632.2001953125,13657.599609375,13596.2001953125,13637.2001953125,13637.2001953125,201683900
2016-04-18,13595.599609375,13730.599609375,13548.7998046875,13719.7998046875,13719.7998046875,223276100
2016-04-19,13761.099609375,13871.7998046875,13739.2001953125,13867.2998046875,13867.2998046875,260806600
2016-04-20,13873,13971.7998046875,13854,13911.2998046875,13911.2998046875,302419700
2016-04-21,13924.2001953125,13963.099609375,13844.7001953125,13881.2001953125,13881.2001953125,263388500
2016-04-22,13874.7001953125,13928.7998046875,13854.400390625,13874,13874,224861200
2016-04-25,13861.099609375,13861.099609375,13756,13796,13796,182890300
2016-04-26,13821.400390625,13862.400390625,13793,13809.400390625,13809.400390625,223160700
2016-04-27,13833.900390625,13902.7998046875,13823.5,13887.7001953125,13887.7001953125,267456600
2016-04-28,13874.099609375,13966.5,13780.2001953125,13886.400390625,13886.400390625,300923200
2016-04-29,13891.7001953125,13972.599609375,13889.2001953125,13951.5,13951.5,330816400
2016-05-02,13963.900390625,13963.900390625,13836.400390625,13865.599609375,13865.599609375,240760400
2016-05-03,13842.099609375,13842.099609375,13599.900390625,13707.7001953125,13707.7001953125,254404600
2016-05-04,13680.7001953125,13734.099609375,13570,13632,13632,242917200
2016-05-05,13683.7998046875,13758.900390625,13578.7998046875,13632,13632,241876000
2016-05-06,13621.7998046875,13768.400390625,13597.599609375,13701.5,13701.5,236543900
2016-05-09,13663.599609375,13663.599609375,13535.5,13563.7998046875,13563.7998046875,200744000
2016-05-10,13582,13798,13582,13775.2001953125,13775.2001953125,217463600
2016-05-11,13779,13829.7001953125,13737.2998046875,13788.2001953125,13788.2001953125,256547100
2016-05-12,13843.099609375,13882.5,13670.2001953125,13787.7998046875,13787.7998046875,229066300
2016-05-13,13774.2998046875,13833.599609375,13725.5,13748.599609375,13748.599609375,221864700
2016-05-16,13807.2001953125,13930.599609375,13807.2001953125,13893.5,13893.5,213145800
2016-05-17,13886.599609375,13981.2001953125,13873.7001953125,13917.099609375,13917.099609375,237676600
2016-05-18,13900.7001953125,13949.5,13792.2001953125,13826,13826,270185000
2016-05-19,13759.099609375,13817.2998046875,13690.2001953125,13817.2998046875,13817.2998046875,245226900
2016-05-20,13863.900390625,13962,13863.900390625,13919.599609375,13919.599609375,192297500
2016-05-24,13927.7001953125,14025.7998046875,13920.2998046875,13952.900390625,13952.900390625,212998300
2016-05-25,13963.7001953125,14093.2998046875,13963.7001953125,14053.7001953125,14053.7001953125,225244200
2016-05-26,14127,14143.5,14049,14049.2001953125,14049.2001953125,205325900
2016-05-27,14050.5,14130.900390625,14045.599609375,14105.2001953125,14105.2001953125,178296600
2016-05-30,14119.599609375,14124,14068.900390625,14086.7001953125,14086.7001953125,69147900
2016-05-31,14099.7001953125,14172.400390625,14063.2998046875,14065.7998046875,14065.7998046875,350396100
2016-06-01,14017,14066,13959.599609375,14063.5,14063.5,197727200
2016-06-02,14055.7998046875,14147.599609375,14017.099609375,14137,14137,159506200
2016-06-03,14154,14240.2998046875,14128.2001953125,14226.7998046875,14226.7998046875,225080700
2016-06-06,14261.2001953125,14297.5,14236.7001953125,14276.2001953125,14276.2001953125,221587400
2016-06-07,14272.099609375,14365.599609375,14272.099609375,14365.599609375,14365.599609375,231774800
2016-06-08,14411.599609375,14450.900390625,14289.7001953125,14313.099609375,14313.099609375,273079700
2016-06-09,14270.5,14270.5,14203.400390625,14240,14240,204015500
2016-06-10,14214.7998046875,14214.7998046875,14003.7001953125,14037.5,14037.5,206939200
2016-06-13,14035.400390625,14078.599609375,13958.7998046875,13993.900390625,13993.900390625,230786000
2016-06-14,13981.599609375,14000,13855.5,13884.2001953125,13884.2001953125,212739400
2016-06-15,13883.900390625,13987.599609375,13883.900390625,13923.5,13923.5,233766100
2016-06-16,13907.900390625,13907.900390625,13814.2001953125,13882.400390625,13882.400390625,252326100
2016-06-17,13894.900390625,13957.2001953125,13892,13901.7998046875,13901.7998046875,587674500
2016-06-20,13915.2998046875,14059.400390625,13915.2998046875,14015.099609375,14015.099609375,192086300
2016-06-21,14007,14049.2001953125,13956.900390625,14012.2998046875,14012.2998046875,162875900
2016-06-22,14037.7001953125,14066.599609375,13981.7998046875,14003.7998046875,14003.7998046875,193981600
2016-06-23,14071.5,14150.400390625,14071.5,14131.400390625,14131.400390625,179671800
2016-06-24,14020.5,14020.5,13790.7001953125,13891.900390625,13891.900390625,278507800
2016-06-27,13856.900390625,13856.900390625,13609.599609375,13689.7998046875,13689.7998046875,285929200
2016-06-28,13745.599609375,13869.2001953125,13745.599609375,13842.7001953125,13842.7001953125,222712600
2016-06-29,13928.7001953125,14058,13928.7001953125,14036.7001953125,14036.7001953125,235539800
2016-06-30,14056.2001953125,14106.7998046875,13967.599609375,14064.5,14064.5,246966800
2016-07-04,14200.099609375,14291.599609375,14200.099609375,14258.900390625,14258.900390625,116770200
2016-07-05,14243.7998046875,14249.900390625,14147.2001953125,14219.599609375,14219.599609375,221271900
2016-07-06,14196.099609375,14233.900390625,14080.2001953125,14231.099609375,14231.099609375,251669000
2016-07-07,14235.2998046875,14259.099609375,14103,14134.5,14134.5,205373900
2016-07-08,14152.7998046875,14327.7998046875,14152.7998046875,14259.7998046875,14259.7998046875,202716700
2016-07-11,14277.2001953125,14415.5,14277.2001953125,14361.900390625,14361.900390625,209798400
2016-07-12,14387.2998046875,14488,14387.2998046875,14477.7001953125,14477.7001953125,246935900
2016-07-13,14484.900390625,14535.7001953125,14419.2998046875,14493.7998046875,14493.7998046875,212665200
2016-07-14,14518.599609375,14558.099609375,14494.900390625,14514.5,14514.5,391808800
2016-07-15,14526.599609375,14531.7001953125,14482.400390625,14482.400390625,14482.400390625,150476200
2016-07-18,14485.900390625,14534.7998046875,14482.2001953125,14532.400390625,14532.400390625,130542800
2016-07-19,14530.5,14536.599609375,14499.7998046875,14524.599609375,14524.599609375,145410100
2016-07-20,14508.2998046875,14567.400390625,14484.599609375,14533.599609375,14533.599609375,194105500
2016-07-21,14541.400390625,14596.2998046875,14531.099609375,14565.7998046875,14565.7998046875,156964900
2016-07-22,14573.5,14605.2998046875,14546.599609375,14600.7001953125,14600.7001953125,137583900
2016-07-25,14590.900390625,14590.900390625,14472.2001953125,14498.099609375,14498.099609375,155254500
2016-07-26,14495.7998046875,14564.900390625,14491.7001953125,14550,14550,165278900
2016-07-27,14571.400390625,14609,14460.2001953125,14546.5,14546.5,192825600
2016-07-28,14548.7998046875,14571.599609375,14499.5,14552.7001953125,14552.7001953125,199156800
2016-07-29,14535.599609375,14591.599609375,14498.7001953125,14582.7001953125,14582.7001953125,186151000
2016-08-02,14555.2001953125,14559.5,14428.2001953125,14477,14477,198378600
2016-08-03,14477.5,14523.900390625,14439.7998046875,14512.099609375,14512.099609375,178762700
2016-08-04,14502.7998046875,14539.900390625,14469.599609375,14528.7998046875,14528.7998046875,187436400
2016-08-05,14559.599609375,14651.400390625,14559.599609375,14648.7998046875,14648.7998046875,188564500
2016-08-08,14663.5,14783.2001953125,14663.5,14755.599609375,14755.599609375,178590800
2016-08-09,14773.400390625,14835.2001953125,14773.400390625,14801.2001953125,14801.2001953125,170399600
2016-08-10,14820.900390625,14846.2998046875,14751.400390625,14775,14775,188370100
2016-08-11,14794.2998046875,14855.7001953125,14792.5,14796.099609375,14796.099609375,187329900
2016-08-12,14799,14799,14703.599609375,14747.5,14747.5,187457600
2016-08-15,14770.599609375,14803,14767.900390625,14777,14777,149004800
2016-08-16,14765.2001953125,14765.2001953125,14688.7998046875,14703.400390625,14703.400390625,148229600
2016-08-17,14695.900390625,14701.7998046875,14609.7001953125,14697.599609375,14697.599609375,175492600
2016-08-18,14710.400390625,14712.7001953125,14665.900390625,14695.7001953125,14695.7001953125,149238300
2016-08-19,14679.7001953125,14700.099609375,14633.900390625,14687.5,14687.5,134940000
2016-08-22,14642.400390625,14748.2001953125,14616.900390625,14748.2001953125,14748.2001953125,157517700
2016-08-23,14774.400390625,14796.599609375,14752.7001953125,14764.7998046875,14764.7998046875,153961400
2016-08-24,14749.7998046875,14757.7998046875,14618.400390625,14626.2001953125,14626.2001953125,181074800
2016-08-25,14615.900390625,14677.7001953125,14579.599609375,14630.7001953125,14630.7001953125,160458200
2016-08-26,14662.5,14746.2001953125,14596.900390625,14639.900390625,14639.900390625,174591400
2016-08-29,14624.7998046875,14707.900390625,14616.2001953125,14682,14682,136914200
2016-08-30,14703.599609375,14779.599609375,14659,14684.900390625,14684.900390625,181535700
2016-08-31,14653.7001953125,14666.599609375,14543.2001953125,14598,14598,239636100
2016-09-01,14573.2998046875,14705.2998046875,14571.099609375,14683.900390625,14683.900390625,218685400
2016-09-02,14736.2001953125,14841.400390625,14736.2001953125,14795.7001953125,14795.7001953125,174034400
2016-09-06,14821.599609375,14821.599609375,14770.2001953125,14813,14813,209938700
2016-09-07,14800.2998046875,14806.599609375,14736.099609375,14796.7998046875,14796.7998046875,187921700
2016-09-08,14798.2998046875,14823,14746.900390625,14803.2998046875,14803.2998046875,199097400
2016-09-09,14717.2001953125,14717.2001953125,14502.900390625,14540,14540,202109000
2016-09-12,14470.7001953125,14628.2998046875,14457.400390625,14597.099609375,14597.099609375,202210600
2016-09-13,14500.7001953125,14500.7001953125,14319.099609375,14349.099609375,14349.099609375,214211600
2016-09-14,14346.900390625,14455.7998046875,14342.900390625,14366.5,14366.5,196523100
2016-09-15,14382.900390625,14529.7998046875,14382.900390625,14503.7001953125,14503.7001953125,189998700
2016-09-16,14471.5,14471.5,14387.5,14450.7001953125,14450.7001953125,462318200
2016-09-19,14512.2001953125,14557.5,14472.599609375,14496.2001953125,14496.2001953125,166805200
2016-09-20,14555.2001953125,14573.2998046875,14514.5,14522,14522,179849200
2016-09-21,14597.2001953125,14720.7998046875,14595,14710.7998046875,14710.7998046875,202742600
2016-09-22,14804.7001953125,14841.2001953125,14783.400390625,14797.2001953125,14797.2001953125,195533500
2016-09-23,14798.099609375,14798.099609375,14673.099609375,14697.900390625,14697.900390625,178274100
2016-09-26,14653,14664.7001953125,14611.7998046875,14619.5,14619.5,156349500
2016-09-27,14569.400390625,14599.099609375,14518.400390625,14558,14558,183235400
2016-09-28,14606.5,14740.099609375,14574.5,14731.400390625,14731.400390625,230927200
2016-09-29,14721.7001953125,14815.7998046875,14708.400390625,14754.599609375,14754.599609375,217299400
2016-09-30,14798.5,14821.7998046875,14725.900390625,14725.900390625,14725.900390625,220198400
2016-10-03,14722.5,14736.7998046875,14642.599609375,14689,14689,159504200
2016-10-04,14674.400390625,14677.099609375,14468,14521,14521,248628900
2016-10-05,14582,14640.400390625,14581.2001953125,14610.599609375,14610.599609375,240783000
2016-10-06,14598,14632.599609375,14564.400390625,14595.5,14595.5,222987900
2016-10-07,14606.2998046875,14627,14496.2001953125,14566.2998046875,14566.2998046875,192554700
2016-10-11,14594,14594,14529.599609375,14549.599609375,14549.599609375,183178100
2016-10-12,14544.2998046875,14634.900390625,14529.099609375,14619,14619,189874400
2016-10-13,14534.099609375,14672.2998046875,14472.7998046875,14643.7001953125,14643.7001953125,212846400
2016-10-14,14681.099609375,14726.5,14585,14585,14585,169896400
2016-10-17,14586.7998046875,14627.5,14572.900390625,14596.5,14596.5,140504400
2016-10-18,14671.7001953125,14777.400390625,14654.2001953125,14752.2998046875,14752.2998046875,195092700
2016-10-19,14776.7998046875,14883.900390625,14747.900390625,14840.5,14840.5,212995700
2016-10-20,14819.5,14872.7001953125,14794.5,14847.900390625,14847.900390625,192647800
2016-10-21,14842.5,14958.900390625,14838.400390625,14939,14939,178409000
2016-10-24,14962.400390625,14963.599609375,14881.2998046875,14923,14923,175545700
2016-10-25,14921.900390625,14933.900390625,14865.7998046875,14870.599609375,14870.599609375,202159600
2016-10-26,14828.2001953125,14873.5,14781.2001953125,14807.599609375,14807.599609375,239045100
2016-10-27,14864,14898.599609375,14820.2001953125,14833.7998046875,14833.7998046875,204342200
2016-10-28,14812.099609375,14872.7998046875,14773.099609375,14785.2998046875,14785.2998046875,202493400
2016-10-31,14781.400390625,14830.7001953125,14764.7001953125,14787.2998046875,14787.2998046875,187207800
2016-11-01,14827.900390625,14850.2998046875,14711.2001953125,14778.2998046875,14778.2998046875,234198000
2016-11-02,14737.7998046875,14749.7998046875,14593,14594.7001953125,14594.7001953125,243386400
2016-11-03,14613.7998046875,14669.599609375,14556.7001953125,14583.400390625,14583.400390625,207046200
2016-11-04,14572.2001953125,14573.599609375,14497.599609375,14509.2998046875,14509.2998046875,212217800
2016-11-07,14596.2001953125,14664.099609375,14594.599609375,14652.5,14652.5,176604500
2016-11-08,14644.099609375,14714.7001953125,14611.400390625,14656.7998046875,14656.7998046875,210500000
2016-11-09,14637.900390625,14807.099609375,14631.7001953125,14759.900390625,14759.900390625,295775200
2016-11-10,14814,14852.7998046875,14735.400390625,14744.2998046875,14744.2998046875,314977300
2016-11-11,14722.2001953125,14728.599609375,14481.599609375,14555.400390625,14555.400390625,276187500
2016-11-14,14570.400390625,14600.2001953125,14509.5,14598.5,14598.5,289726600
2016-11-15,14637.400390625,14767.7998046875,14618.2998046875,14756.099609375,14756.099609375,252401800
2016-11-16,14707.900390625,14734.2001953125,14672.7998046875,14733.2001953125,14733.2001953125,223987600
2016-11-17,14739.2998046875,14852.400390625,14738.599609375,14826.099609375,14826.099609375,258580500
2016-11-18,14810.7001953125,14872.2001953125,14797.900390625,14864,14864,192168000
2016-11-21,14928.900390625,15041.099609375,14928.900390625,15039.900390625,15039.900390625,212035000
2016-11-22,15074.2001953125,15112.7001953125,15034.5,15100.400390625,15100.400390625,220581500
2016-11-23,15026.7001953125,15111.900390625,15026.7001953125,15080.900390625,15080.900390625,216007400
2016-11-24,15082.599609375,15121.7001953125,15067.400390625,15075.2001953125,15075.2001953125,69559100
2016-11-25,15092.400390625,15126.5,15059.2998046875,15075.400390625,15075.400390625,129196100
2016-11-28,15064.2001953125,15069.099609375,14996.900390625,15015.400390625,15015.400390625,189238400
2016-11-29,14972.2001953125,15014.7001953125,14941.2998046875,14999.7998046875,14999.7998046875,192463200
2016-11-30,15118.400390625,15141,15076.5,15082.900390625,15082.900390625,367857700
2016-12-01,15138.599609375,15149.5,15014.7998046875,15027.5,15027.5,284152100
2016-12-02,15014.900390625,15100.900390625,15000.599609375,15052.5,15052.5,198304700
2016-12-05,15081,15141,15075.2001953125,15095.2001953125,15095.2001953125,227069700
2016-12-06,15098.5,15137.7001953125,15080.7001953125,15125.7998046875,15125.7998046875,197775600
2016-12-07,15129,15249.2001953125,15124.2001953125,15237.7998046875,15237.7998046875,220647300
2016-12-08,15251.2001953125,15312.7998046875,15244.2998046875,15295.2001953125,15295.2001953125,210441500
2016-12-09,15302.2998046875,15347.7001953125,15300.599609375,15312.2001953125,15312.2001953125,209885700
2016-12-12,15340.900390625,15374.2998046875,15286.5,15287.7001953125,15287.7001953125,238602200
2016-12-13,15331,15414.599609375,15315.7001953125,15385.2998046875,15385.2998046875,226345800
2016-12-14,15358.7001953125,15365.400390625,15195.099609375,15197.2001953125,15197.2001953125,288274400
2016-12-15,15185.5,15271.2001953125,15176,15218.2998046875,15218.2998046875,276846800
2016-12-16,15292.900390625,15302,15234.2001953125,15252.2001953125,15252.2001953125,635485600
2016-12-19,15270.400390625,15303.900390625,15254,15269.900390625,15269.900390625,206908400
2016-12-20,15289.099609375,15324.900390625,15281.2998046875,15293,15293,198547600
2016-12-21,15301.2998046875,15328.900390625,15297.2998046875,15305.900390625,15305.900390625,144851200
2016-12-22,15313.2998046875,15345.099609375,15299.900390625,15335.2001953125,15335.2001953125,150279900
2016-12-23,15348.5,15363.400390625,15328.2001953125,15328.2001953125,15328.2001953125,113543700
2016-12-28,15375.099609375,15411.900390625,15341.2001953125,15361.099609375,15361.099609375,150188800
2016-12-29,15366.5,15430.400390625,15364.2001953125,15422.099609375,15422.099609375,143572300
2016-12-30,15432.599609375,15432.599609375,15276.7998046875,15287.599609375,15287.599609375,151033900
2017-01-03,15366.7998046875,15450.2998046875,15340,15403,15403,201117500
2017-01-04,15433.900390625,15520.599609375,15412.5,15516.7998046875,15516.7998046875,215081200
2017-01-05,15542.099609375,15621.400390625,15537.400390625,15586.599609375,15586.599609375,247712500
2017-01-06,15562.5,15562.900390625,15477.2998046875,15496.099609375,15496.099609375,198912100
2017-01-09,15475.5,15475.5,15382,15389,15389,186465200
2017-01-10,15422.7001953125,15459.099609375,15422.7001953125,15426.2998046875,15426.2998046875,218071500
2017-01-11,15457.599609375,15494.099609375,15404.2998046875,15491.5,15491.5,247770500
2017-01-12,15499.2998046875,15499.2998046875,15380.099609375,15418.2001953125,15418.2001953125,240679500
2017-01-13,15419.599609375,15513.900390625,15403.400390625,15497.2998046875,15497.2998046875,188584200
2017-01-16,15494.900390625,15505.099609375,15442.7001953125,15479.2998046875,15479.2998046875,73294800
2017-01-17,15497.900390625,15500.400390625,15430.900390625,15441.400390625,15441.400390625,207465500
2017-01-18,15430.900390625,15450.099609375,15366.2001953125,15397.900390625,15397.900390625,232023600
2017-01-19,15411.599609375,15452.2001953125,15397.2998046875,15409.7998046875,15409.7998046875,183536700
2017-01-20,15467.7001953125,15573.2001953125,15467.7001953125,15547.900390625,15547.900390625,209609500
2017-01-23,15531,15531,15421.2001953125,15480.099609375,15480.099609375,189354900
2017-01-24,15489.2001953125,15622.099609375,15467.2998046875,15610.7001953125,15610.7001953125,257478800
2017-01-25,15631.2998046875,15674.2998046875,15625.2998046875,15643.7998046875,15643.7998046875,225249100
2017-01-26,15634.5,15652.2001953125,15590.2001953125,15615.5,15615.5,196639700
2017-01-27,15614.7001953125,15648.2001953125,15543.5,15575.7998046875,15575.7998046875,162511800
2017-01-30,15544.099609375,15544.099609375,15366.7001953125,15405.099609375,15405.099609375,201825700
2017-01-31,15393,15421.7998046875,15313,15386,15386,250645400
2017-02-01,15423.7998046875,15442.900390625,15327.2001953125,15402.400390625,15402.400390625,219188600
2017-02-02,15409.400390625,15435.5,15375,15399.099609375,15399.099609375,209702900
2017-02-03,15437.7998046875,15502.5,15396,15476.400390625,15476.400390625,189442200
2017-02-06,15488.900390625,15492.7001953125,15425.5,15456.900390625,15456.900390625,189735800
2017-02-07,15470.400390625,15516.2998046875,15459.599609375,15498.7998046875,15498.7998046875,217956900
2017-02-08,15482.099609375,15554,15414.099609375,15554,15554,236404100
2017-02-09,15583.599609375,15635.7998046875,15583.599609375,15617.2998046875,15617.2998046875,204203000
2017-02-10,15651.7998046875,15736.599609375,15645.599609375,15729.099609375,15729.099609375,220292600
2017-02-13,15750.7001953125,15769.7001953125,15732.7998046875,15756.599609375,15756.599609375,177735900
2017-02-14,15756,15800.2998046875,15713.5,15786,15786,203943600
2017-02-15,15790.099609375,15850,15784.400390625,15845,15845,218503900
2017-02-16,15842.2998046875,15865.5,15820.7001953125,15864.2001953125,15864.2001953125,227255900
2017-02-17,15809.7998046875,15848.400390625,15789.099609375,15838.599609375,15838.599609375,201416400
2017-02-21,15873.7998046875,15943.099609375,15861.599609375,15922.400390625,15922.400390625,225803600
2017-02-22,15890.7998046875,15901.400390625,15830.2001953125,15830.2001953125,15830.2001953125,219354600
2017-02-23,15900.900390625,15913.400390625,15774.900390625,15781.2001953125,15781.2001953125,246185700
2017-02-24,15718,15719.7001953125,15513.7998046875,15533.5,15533.5,253962800
2017-02-27,15544.2998046875,15547.2001953125,15463.5,15463.5,15463.5,431018400
2017-02-28,15465.5,15525.099609375,15396.2998046875,15399.2001953125,15399.2001953125,310033800
2017-03-01,15534.7001953125,15631.400390625,15481,15599.7001953125,15599.7001953125,267459400
2017-03-02,15586.7998046875,15620.599609375,15532.099609375,15536.7001953125,15536.7001953125,232759400
2017-03-03,15522.599609375,15622.2001953125,15521.2998046875,15608.5,15608.5,216741700
2017-03-06,15570.7001953125,15631.2001953125,15499.599609375,15629.7998046875,15629.7998046875,203871700
2017-03-07,15617.400390625,15637.599609375,15577.2998046875,15608.7998046875,15608.7998046875,209343000
2017-03-08,15602.2998046875,15645.599609375,15488.900390625,15497,15497,219321900
2017-03-09,15501.5,15583.900390625,15431,15496.7998046875,15496.7998046875,234936400
2017-03-10,15543.099609375,15573.5,15422.099609375,15506.7001953125,15506.7001953125,225497900
2017-03-13,15495.5,15566.2998046875,15495.5,15544.7998046875,15544.7998046875,233150100
2017-03-14,15474.599609375,15474.599609375,15370.900390625,15379.599609375,15379.599609375,229413500
2017-03-15,15436.5,15534.2001953125,15419.900390625,15520.900390625,15520.900390625,259678800
2017-03-16,15562.900390625,15607.099609375,15556.599609375,15562.400390625,15562.400390625,203344500
2017-03-17,15563,15623.2998046875,15490.5,15490.5,15490.5,498165600
2017-03-20,15490.7998046875,15508.2998046875,15391.599609375,15442.2998046875,15442.2998046875,188533500
2017-03-21,15456.099609375,15519.5,15299.5,15313.099609375,15313.099609375,214897700
2017-03-22,15274.2001953125,15365.5,15241.599609375,15348.5,15348.5,224717000
2017-03-23,15350,15468.2998046875,15326.099609375,15433.599609375,15433.599609375,191565100
2017-03-24,15466.7998046875,15485.2998046875,15422.2001953125,15442.7001953125,15442.7001953125,167699800
2017-03-27,15368.7001953125,15512.2001953125,15332.099609375,15506.2001953125,15506.2001953125,188275700
2017-03-28,15522.400390625,15613.599609375,15522.400390625,15598.599609375,15598.599609375,232617000
2017-03-29,15585.5,15661.599609375,15545,15657.599609375,15657.599609375,184256000
2017-03-30,15653.400390625,15664.099609375,15537.7998046875,15578.7998046875,15578.7998046875,184165000
2017-03-31,15557.599609375,15607.599609375,15544,15547.7998046875,15547.7998046875,226075100
2017-04-03,15587,15633.2998046875,15457.7998046875,15584.400390625,15584.400390625,208062900
2017-04-04,15555.2998046875,15682.7001953125,15555.2998046875,15669.099609375,15669.099609375,180643800
2017-04-05,15717.7001953125,15758.400390625,15642.2001953125,15643,15643,227717500
2017-04-06,15684.7998046875,15728.599609375,15659.7998046875,15697.2001953125,15697.2001953125,180306700
2017-04-07,15699.599609375,15704.099609375,15641.2998046875,15667.099609375,15667.099609375,214293300
2017-04-10,15657.2998046875,15757.7998046875,15642.7998046875,15730.7998046875,15730.7998046875,164370600
2017-04-11,15732.900390625,15738.2998046875,15604.099609375,15727.099609375,15727.099609375,221277700
2017-04-12,15701.099609375,15714.5,15643,15648.400390625,15648.400390625,208125600
2017-04-13,15634.7001953125,15634.7001953125,15529,15535.5,15535.5,179648400
2017-04-17,15562.2998046875,15687.7998046875,15562.2998046875,15684.900390625,15684.900390625,160815800
2017-04-18,15643,15659.400390625,15543.400390625,15622.599609375,15622.599609375,206884300
2017-04-19,15658.7998046875,15683.900390625,15532.7998046875,15552.900390625,15552.900390625,222195500
2017-04-20,15583.5,15675,15566,15625.599609375,15625.599609375,198428200
2017-04-21,15609,15640.7998046875,15584.599609375,15614.5,15614.5,177328600
2017-04-24,15693.900390625,15763.2998046875,15682.599609375,15712.5,15712.5,202147700
2017-04-25,15748.400390625,15792.599609375,15735.599609375,15745.2001953125,15745.2001953125,251930500
2017-04-26,15744.7001953125,15755.2001953125,15649.5,15649.5,15649.5,235581100
2017-04-27,15643.599609375,15643.599609375,15427.2998046875,15506.5,15506.5,277398200
2017-04-28,15542.2001953125,15630,15503.599609375,15586.099609375,15586.099609375,216799900
2017-05-01,15601.7001953125,15605.900390625,15561.599609375,15575.599609375,15575.599609375,202493500
2017-05-02,15590.2998046875,15656,15565.7001953125,15619.7001953125,15619.7001953125,254795900
2017-05-03,15591.2001953125,15639.7001953125,15537.5,15543.099609375,15543.099609375,240566200
2017-05-04,15510,15523.900390625,15367.400390625,15396.7001953125,15396.7001953125,275477100
2017-05-05,15441.599609375,15594.5,15423.2998046875,15582,15582,213120600
2017-05-08,15624.900390625,15661.2998046875,15592.5,15652.099609375,15652.099609375,199934100
2017-05-09,15644.099609375,15672.2001953125,15516.7001953125,15569.2001953125,15569.2001953125,209499100
2017-05-10,15567.5,15643.099609375,15565.900390625,15633.2001953125,15633.2001953125,245801500
2017-05-11,15616.7998046875,15636.400390625,15526,15550.599609375,15550.599609375,255468800
2017-05-12,15550.7998046875,15603,15505.099609375,15537.900390625,15537.900390625,200337600
2017-05-15,15625.7001953125,15674.599609375,15613.7998046875,15629.5,15629.5,207388000
2017-05-16,15650,15700.599609375,15542.599609375,15543.2998046875,15543.2998046875,211461200
2017-05-17,15501.599609375,15501.599609375,15273.7001953125,15273.7001953125,15273.7001953125,23474800
2017-05-18,15229.2998046875,15336.599609375,15164.7001953125,15277.2001953125,15277.2001953125,234164500
2017-05-19,15347,15469.900390625,15334.900390625,15458.5,15458.5,209881600
2017-05-23,15521.099609375,15538.7998046875,15465.900390625,15476.900390625,15476.900390625,225545100
2017-05-24,15470.5,15470.5,15326.900390625,15419.5,15419.5,204849000
2017-05-25,15463.599609375,15504,15340.2998046875,15410.7001953125,15410.7001953125,191402900
2017-05-26,15429,15429.400390625,15368.2998046875,15416.900390625,15416.900390625,151789900
2017-05-29,15420.2998046875,15460.5,15405.2998046875,15421.900390625,15421.900390625,58843500
2017-05-30,15396.2001953125,15429,15360.900390625,15372.400390625,15372.400390625,161106700
2017-05-31,15374.400390625,15382.099609375,15254.099609375,15349.900390625,15349.900390625,374619900
2017-06-01,15363.099609375,15493.900390625,15337.5,15469.900390625,15469.900390625,224803200
2017-06-02,15466.099609375,15466.099609375,15419.400390625,15442.7998046875,15442.7998046875,179056300
2017-06-05,15420.599609375,15447.7001953125,15344.900390625,15409.7998046875,15409.7998046875,143408600
2017-06-06,15378.2001953125,15471.099609375,15368.2998046875,15464.599609375,15464.599609375,213763200
2017-06-07,15445.7001953125,15495.7998046875,15356.7998046875,15372.099609375,15372.099609375,217926200
2017-06-08,15354.900390625,15423.7001953125,15342.7998046875,15423.099609375,15423.099609375,196666200
2017-06-09,15415.2001953125,15505.2001953125,15401.099609375,15473.2001953125,15473.2001953125,234931800
2017-06-12,15476.2998046875,15594.2001953125,15354.2998046875,15383.7998046875,15383.7998046875,213191100
2017-06-13,15380.2001953125,15380.900390625,15296.099609375,15379.7998046875,15379.7998046875,222944700
2017-06-14,15381.599609375,15381.599609375,15166.2998046875,15170.099609375,15170.099609375,273769200
2017-06-15,15111.7998046875,15176.400390625,15078,15160.400390625,15160.400390625,221256000
2017-06-16,15148.5,15214.2001953125,15092.2998046875,15192.5,15192.5,858888100
2017-06-19,15242.900390625,15325.900390625,15234.7001953125,15266,15266,187796400
2017-06-20,15228.599609375,15228.900390625,15136.7001953125,15149.599609375,15149.599609375,187916100
2017-06-21,15163.099609375,15246,15125.099609375,15148.5,15148.5,199182100
2017-06-22,15157.099609375,15266.7001953125,15153,15219.900390625,15219.900390625,208581200
2017-06-23,15240.7001953125,15344.599609375,15221.7998046875,15319.599609375,15319.599609375,175042300
2017-06-26,15331,15378.7001953125,15264.7001953125,15316,15316,149923100
2017-06-27,15328.2001953125,15354.400390625,15274.400390625,15281.2001953125,15281.2001953125,193094700
2017-06-28,15306.7998046875,15368.900390625,15264.599609375,15355.599609375,15355.599609375,170469800
2017-06-29,15359,15359,15148.2998046875,15213.400390625,15213.400390625,188734400
2017-06-30,15233.7998046875,15239.599609375,15114.599609375,15182.2001953125,15182.2001953125,183600900
2017-07-04,15217.400390625,15242.599609375,15095.7998046875,15130.599609375,15130.599609375,65948600
2017-07-05,15125,15176.7998046875,15033.7998046875,15153.099609375,15153.099609375,172451300
2017-07-06,15086.900390625,15138.5,15053.099609375,15078,15078,188841800
2017-07-07,15037.2001953125,15037.2001953125,14915.7998046875,15027.2001953125,15027.2001953125,162697700
2017-07-10,15013.7998046875,15138.2001953125,14987.7998046875,15105.2998046875,15105.2998046875,149962300
2017-07-11,15100.599609375,15149.099609375,15033.7001953125,15149.099609375,15149.099609375,160577000
2017-07-12,15215.7998046875,15297,15138,15144,15144,177893800
2017-07-13,15147.400390625,15159.7001953125,15113.099609375,15135,15135,155218700
2017-07-14,15158.400390625,15208.400390625,15130.099609375,15174.7998046875,15174.7998046875,132014200
2017-07-17,15186.2998046875,15209.2998046875,15155.400390625,15165.400390625,15165.400390625,132561400
2017-07-18,15159.599609375,15159.599609375,15086.2998046875,15149.599609375,15149.599609375,140094100
2017-07-19,15162.400390625,15257.900390625,15161.400390625,15244.7001953125,15244.7001953125,144505500
2017-07-20,15281,15319.2001953125,15224.7998046875,15264.599609375,15264.599609375,141898800
2017-07-21,15234.7001953125,15237.5,15134.7001953125,15183.099609375,15183.099609375,160563700
2017-07-24,15170.5,15170.5,15082.900390625,15128.7001953125,15128.7001953125,114964000
2017-07-25,15199.2998046875,15276,15178.7001953125,15202.400390625,15202.400390625,166052000
2017-07-26,15228.400390625,15247.2998046875,15166.900390625,15171.400390625,15171.400390625,181482200
2017-07-27,15218.599609375,15232.7998046875,15070.7998046875,15191.400390625,15191.400390625,194483800
2017-07-28,15111.5,15153.5,15089.400390625,15128.7001953125,15128.7001953125,155324100
2017-07-31,15150,15207.7001953125,15140,15143.900390625,15143.900390625,159564700
2017-08-01,15192.099609375,15229,15052.400390625,15202.099609375,15202.099609375,166680200
2017-08-02,15203.900390625,15272.2998046875,15195.5,15265.599609375,15265.599609375,175729500
2017-08-03,15297.2001953125,15324.599609375,15176.599609375,15192,15192,171140900
2017-08-04,15247.400390625,15261.5,15198.5,15258,15258,154934900
2017-08-08,15267.400390625,15287,15212.599609375,15256.400390625,15256.400390625,174770100
2017-08-09,15247.900390625,15287.900390625,15191.7001953125,15217.2998046875,15217.2998046875,175106700
2017-08-10,15198,15209.599609375,15056.7998046875,15074.2998046875,15074.2998046875,195717700
2017-08-11,15038.5,15068.7001953125,14995.2998046875,15033.400390625,15033.400390625,164547500
2017-08-14,15087.099609375,15196.099609375,15080.2001953125,15119.900390625,15119.900390625,148058200
2017-08-15,15129.7998046875,15133.2998046875,15070.2998046875,15097.7998046875,15097.7998046875,139781900
2017-08-16,15124.7998046875,15173.400390625,15077.7001953125,15082.2001953125,15082.2001953125,168476300
2017-08-17,15068.2998046875,15111.2998046875,15031.400390625,15033.599609375,15033.599609375,134595600
2017-08-18,15010,15010,14923.2001953125,14952.2998046875,14952.2998046875,150614800
2017-08-21,14946.7998046875,14967.5,14918.599609375,14951.900390625,14951.900390625,119609300
2017-08-22,14967.7001953125,15002.400390625,14960.400390625,14985,14985,108993300
2017-08-23,14940.400390625,15096.099609375,14940.400390625,15063.2001953125,15063.2001953125,129635800
2017-08-24,15095.900390625,15108.2001953125,15045.599609375,15076.2001953125,15076.2001953125,121823000
2017-08-25,15104.2001953125,15107.7001953125,15056,15056,15056,121605000
2017-08-28,15067.400390625,15067.400390625,14989.599609375,15052,15052,126788200
2017-08-29,14983.7998046875,15084,14934,15082.7001953125,15082.7001953125,170355000
2017-08-30,15092.2001953125,15174.099609375,15070.7001953125,15133.099609375,15133.099609375,155345300
2017-08-31,15155.2001953125,15228.099609375,15147.7998046875,15211.900390625,15211.900390625,195360400
2017-09-01,15194.7001953125,15217.599609375,15148.2998046875,15191.599609375,15191.599609375,129936400
2017-09-05,15186.099609375,15186.099609375,15014.099609375,15090.2001953125,15090.2001953125,177248000
2017-09-06,15107.599609375,15179,15052,15059.7998046875,15059.7998046875,174651400
2017-09-07,15062.5,15072.900390625,15018.099609375,15024.5,15024.5,153852900
2017-09-08,15007.7001953125,15009.2001953125,14953.900390625,14985.2998046875,14985.2998046875,144437300
2017-09-11,15023,15067.7998046875,15015.599609375,15040.2998046875,15040.2998046875,163375200
2017-09-12,15063.2998046875,15154.2001953125,15039,15143.400390625,15143.400390625,163186900
2017-09-13,15148,15163.2998046875,15123,15126.7998046875,15126.7998046875,176837000
2017-09-14,15129.5,15183.7998046875,15119.099609375,15172.7001953125,15172.7001953125,186187100
2017-09-15,15180.099609375,15181.599609375,15136.599609375,15173,15173,548079500
2017-09-18,15175.7998046875,15249.599609375,15173.599609375,15236.7001953125,15236.7001953125,165350500
2017-09-19,15269.599609375,15315.2998046875,15258,15293,15293,170903600
2017-09-20,15313,15392.2001953125,15313,15389.599609375,15389.599609375,219715100
2017-09-21,15379.099609375,15479.2001953125,15373.2998046875,15454.900390625,15454.900390625,185348500
2017-09-22,15459.7998046875,15468.2998046875,15413.7998046875,15454.2001953125,15454.2001953125,168293800
2017-09-25,15453.599609375,15519.7001953125,15437.7998046875,15516.2001953125,15516.2001953125,199184000
2017-09-26,15499.599609375,15501.400390625,15459.400390625,15474.099609375,15474.099609375,167217300
2017-09-27,15499.7998046875,15609.7001953125,15492,15609.7001953125,15609.7001953125,203120800
2017-09-28,15591.2998046875,15639.900390625,15587.599609375,15618.2998046875,15618.2998046875,186250100
2017-09-29,15647.599609375,15692,15632.900390625,15634.900390625,15634.900390625,186884600
2017-10-02,15640,15705.400390625,15619.2001953125,15705,15705,156580500
2017-10-03,15712.2998046875,15748.2998046875,15712.2998046875,15728.5,15728.5,173093100
2017-10-04,15732.7998046875,15752.099609375,15702,15721,15721,177404500
2017-10-05,15738.2998046875,15787.2998046875,15737.599609375,15776.2998046875,15776.2998046875,163039600
2017-10-06,15732.400390625,15732.400390625,15680.400390625,15728.2998046875,15728.2998046875,138492000
2017-10-10,15763.599609375,15788.5,15745.5,15770.400390625,15770.400390625,156218300
2017-10-11,15788.599609375,15816.7998046875,15784.400390625,15800.400390625,15800.400390625,164401700
2017-10-12,15785.099609375,15793.7001953125,15742.2001953125,15742.2001953125,15742.2001953125,153991800
2017-10-13,15790.5,15828.900390625,15790.5,15807.2001953125,15807.2001953125,138471400
2017-10-16,15844,15866.7998046875,15797.7998046875,15802.7001953125,15802.7001953125,146651400
2017-10-17,15810,15850.2001953125,15802.5,15816.900390625,15816.900390625,196278100
2017-10-18,15847.2001953125,15859.2998046875,15782.2001953125,15782.2001953125,15782.2001953125,154459600
2017-10-19,15755.599609375,15824.099609375,15754.099609375,15818,15818,149310500
2017-10-20,15877.7001953125,15880.7001953125,15852.599609375,15857.2001953125,15857.2001953125,155954500
2017-10-23,15881.599609375,15900.599609375,15851.5,15855.7998046875,15855.7998046875,142570700
2017-10-24,15887.7998046875,15922.2001953125,15886.599609375,15905.099609375,15905.099609375,156385600
2017-10-25,15883,15894.5,15816.5,15854.7998046875,15854.7998046875,177185000
2017-10-26,15881.900390625,15913.900390625,15864.599609375,15891.599609375,15891.599609375,190173500
2017-10-27,15902.900390625,15963.599609375,15872.900390625,15953.5,15953.5,209593900
2017-10-30,15942.900390625,16033.099609375,15942.900390625,16002.7998046875,16002.7998046875,188586400
2017-10-31,16017.7998046875,16064.7001953125,16003.2998046875,16025.599609375,16025.599609375,193921000
2017-11-01,16093.400390625,16105.900390625,16019.400390625,16029.2998046875,16029.2998046875,224524200
2017-11-02,16026.2998046875,16045.2001953125,15994,16015,16015,210150200
2017-11-03,16006.599609375,16024.2998046875,15968.900390625,16020.2001953125,16020.2001953125,178755200
2017-11-06,16049.400390625,16103.7998046875,16033.599609375,16092.2001953125,16092.2001953125,196882200
2017-11-07,16097.099609375,16131.7998046875,16075.599609375,16131.7998046875,16131.7998046875,187894000
2017-11-08,16100.2001953125,16118.5,16071.2998046875,16105.400390625,16105.400390625,202581100
2017-11-09,16038.7998046875,16096.2001953125,16030.7998046875,16082.099609375,16082.099609375,194341000
2017-11-10,16073.599609375,16085.900390625,16006.2998046875,16039.2998046875,16039.2998046875,171526200
2017-11-13,15999.099609375,16065.900390625,15999.099609375,16026.2998046875,16026.2998046875,138974400
2017-11-14,15961.400390625,15970.7001953125,15902.5,15913.099609375,15913.099609375,166018900
2017-11-15,15876.2001953125,15915.900390625,15829.400390625,15878.5,15878.5,177046800
2017-11-16,15903.599609375,15954.7998046875,15894.7998046875,15935.400390625,15935.400390625,160419600
2017-11-17,15962.099609375,16006.400390625,15960.7998046875,15998.599609375,15998.599609375,169091400
2017-11-20,15988.7998046875,16035.2998046875,15986,16004.400390625,16004.400390625,154502800
2017-11-21,16036.7998046875,16105.900390625,16035.599609375,16076.7001953125,16076.7001953125,156331300
2017-11-22,16100.5,16126,16059.2001953125,16073.599609375,16073.599609375,150764100
2017-11-23,16077.599609375,16101.099609375,16068.2001953125,16074.2998046875,16074.2998046875,49979100
2017-11-24,16103.400390625,16126,16091.7001953125,16108.099609375,16108.099609375,99351700
2017-11-27,16110.599609375,16110.599609375,16032.2998046875,16042.099609375,16042.099609375,135241000
2017-11-28,16064.2001953125,16086,16019.400390625,16029.599609375,16029.599609375,153985000
2017-11-29,16046.400390625,16046.400390625,15926.599609375,15967.7001953125,15967.7001953125,169842300
2017-11-30,16004.900390625,16101.2001953125,16004.900390625,16067.5,16067.5,440676100
2017-12-01,16058.2001953125,16102.7998046875,15963,16039,16039,220633900
2017-12-04,16069.400390625,16092.099609375,15966,15969,15969,172661600
2017-12-05,15953.900390625,15973.7998046875,15908.400390625,15915.7001953125,15915.7001953125,173448300
2017-12-06,15870.5,15992.2001953125,15853.099609375,15908.7998046875,15908.7998046875,180013600
2017-12-07,15921.099609375,16016.400390625,15921.099609375,16015.7001953125,16015.7001953125,168828300
2017-12-08,16048.2998046875,16113.2998046875,16047.2998046875,16096.099609375,16096.099609375,149423200
2017-12-11,16096,16124.7998046875,16073.099609375,16103.5,16103.5,150667200
2017-12-12,16121.7998046875,16142.7998046875,16111.400390625,16114,16114,192679800
2017-12-13,16135.400390625,16187.900390625,16131.599609375,16136.599609375,16136.599609375,211583300
2017-12-14,16124.400390625,16161.5,16008.5,16016.5,16016.5,187146500
2017-12-15,16035.599609375,16104.599609375,16035.599609375,16042,16042,414094100
2017-12-18,16107.7998046875,16200.7998046875,16099.599609375,16131.599609375,16131.599609375,172506500
2017-12-19,16172.099609375,16199.2998046875,16133.400390625,16133.400390625,16133.400390625,191021900
2017-12-20,16163.900390625,16173.400390625,16099.7001953125,16159.7001953125,16159.7001953125,178794500
2017-12-21,16139,16195.5,16111.599609375,16182.599609375,16182.599609375,159267100
2017-12-22,16180.5,16197,16147.099609375,16165.2998046875,16165.2998046875,133173500
2017-12-27,16180.400390625,16207.5,16163.5,16203.099609375,16203.099609375,131755400
2017-12-28,16185.5,16222,16131.7998046875,16222,16222,133908700
2017-12-29,16232.2001953125,16232.2001953125,16162.2998046875,16209.099609375,16209.099609375,179568700
2018-01-02,16213.400390625,16310,16181,16310,16310,157073400
2018-01-03,16336.7001953125,16386.30078125,16322.599609375,16371.599609375,16371.599609375,196865400
2018-01-04,16385.400390625,16421.400390625,16344.900390625,16412.900390625,16412.900390625,195975200
2018-01-05,16362.599609375,16370.2998046875,16309.900390625,16349.400390625,16349.400390625,160313100
2018-01-08,16355.400390625,16373.5,16297.900390625,16317.7001953125,16317.7001953125,166095400
2018-01-09,16351.400390625,16358.2001953125,16309.7998046875,16319.2001953125,16319.2001953125,236911700
2018-01-10,16314.2001953125,16341.099609375,16229.2998046875,16248,16248,243953300
2018-01-11,16276.2001953125,16301.400390625,16244.900390625,16286.900390625,16286.900390625,231161200
2018-01-12,16296.099609375,16323.5,16278.099609375,16308.2001953125,16308.2001953125,242891100
2018-01-15,16321.7998046875,16384.5,16313.5,16371.7998046875,16371.7998046875,123891500
2018-01-16,16368.599609375,16373.2998046875,16270.900390625,16298.900390625,16298.900390625,246627400
2018-01-17,16320.7998046875,16358.2001953125,16277.599609375,16326.7001953125,16326.7001953125,221463200
2018-01-18,16339.7998046875,16344.099609375,16270.599609375,16284.5,16284.5,212308100
2018-01-19,16311.2998046875,16364.2998046875,16288.400390625,16353.5,16353.5,201143600
2018-01-22,16348.900390625,16360.5,16303.400390625,16348,16348,205285200
2018-01-23,16342,16383.7998046875,16252.400390625,16357.599609375,16357.599609375,234085600
2018-01-24,16360.7998046875,16365,16238.400390625,16284.2001953125,16284.2001953125,245792400
2018-01-25,16309.400390625,16315.099609375,16194.2998046875,16204,16204,234944000
2018-01-26,16227.2001953125,16239.7001953125,16180.7001953125,16239.2001953125,16239.2001953125,202112800
2018-01-29,16195.7001953125,16195.7001953125,16090.7001953125,16094.7001953125,16094.7001953125,200161400
2018-01-30,16030.2001953125,16054.5,15947.099609375,15955.5,15955.5,227045000
2018-01-31,15956.099609375,15979.900390625,15898.7001953125,15951.7001953125,15951.7001953125,249790300
2018-02-01,15920,15922.599609375,15818,15860.900390625,15860.900390625,224854400
2018-02-02,15780.5,15783,15600.900390625,15606,15606,233251100
2018-02-05,15490.099609375,15584.099609375,15284.400390625,15334.7998046875,15334.7998046875,264583100
2018-02-06,15112.2998046875,15401.7998046875,14945.7998046875,15363.900390625,15363.900390625,289213400
2018-02-07,15365.400390625,15421.2001953125,15325.7001953125,15330.599609375,15330.599609375,243344100
2018-02-08,15335.099609375,15359.5,15065.599609375,15065.599609375,15065.599609375,256435100
2018-02-09,15087.599609375,15110.900390625,14785.7998046875,15034.5,15034.5,290429600
2018-02-12,15148.099609375,15292.5,15114,15241.900390625,15241.900390625,254215800
2018-02-13,15206.2001953125,15250,15147,15216.5,15216.5,219326700
2018-02-14,15143.7998046875,15391.099609375,15120.7998046875,15328.2998046875,15328.2998046875,286177400
2018-02-15,15438.400390625,15445.7998046875,15276.599609375,15407.7001953125,15407.7001953125,248749100
2018-02-16,15424.599609375,15500.7998046875,15404.2001953125,15452.599609375,15452.599609375,215288300
2018-02-20,15427.2001953125,15499,15414.599609375,15439.400390625,15439.400390625,191939900
2018-02-21,15472.900390625,15625.599609375,15472.900390625,15524,15524,221868900
2018-02-22,15588.900390625,15638,15493.599609375,15508.2001953125,15508.2001953125,208979300
2018-02-23,15560.2001953125,15641.099609375,15533.2998046875,15638.5,15638.5,163631100
2018-02-26,15701.099609375,15735.2001953125,15652.2001953125,15714.7001953125,15714.7001953125,172844500
2018-02-27,15703.7001953125,15766.5,15655.5,15671.2001953125,15671.2001953125,195624400
2018-02-28,15723.599609375,15726.099609375,15442,15442.7001953125,15442.7001953125,268253000
2018-03-01,15452.7001953125,15455.900390625,15313.900390625,15394,15394,234929600
2018-03-02,15314.599609375,15404.900390625,15286.599609375,15384.599609375,15384.599609375,218609500
2018-03-05,15340.2001953125,15559.2001953125,15334.7001953125,15541.2998046875,15541.2998046875,20663500
2018-03-06,15568.900390625,15591,15503.7998046875,15545.2001953125,15545.2001953125,220908900
2018-03-07,15487.2001953125,15611.900390625,15471.599609375,15472.599609375,15472.599609375,183071700
2018-03-08,15511.099609375,15552.7001953125,15477.7998046875,15538.7001953125,15538.7001953125,173265200
2018-03-09,15581,15598.7998046875,15503,15577.7998046875,15577.7998046875,163811300
2018-03-12,15579.599609375,15628.099609375,15549,15604.7998046875,15604.7998046875,152231100
2018-03-13,15661.5,15709.400390625,15628.7998046875,15647.099609375,15647.099609375,158921500
2018-03-14,15696.599609375,15712.599609375,15619.7001953125,15653.599609375,15653.599609375,167702100
2018-03-15,15687.900390625,15735.2998046875,15642.400390625,15670.599609375,15670.599609375,186611800
2018-03-16,15694.2998046875,15791.2001953125,15694.2998046875,15711.2998046875,15711.2998046875,478268800
2018-03-19,15693.099609375,15693.099609375,15540.900390625,15589.400390625,15589.400390625,175993800
2018-03-20,15608.7998046875,15642.5,15593.099609375,15616.400390625,15616.400390625,215898400
2018-03-21,15593.900390625,15741.5,15580.599609375,15675.2998046875,15675.2998046875,261388100
2018-03-22,15563.5,15570.900390625,15387.099609375,15399.900390625,15399.900390625,230352600
2018-03-23,15415.400390625,15455.599609375,15203.900390625,15223.7001953125,15223.7001953125,213911900
2018-03-26,15334.2001953125,15356.900390625,15211.400390625,15298.599609375,15298.599609375,213984100
2018-03-27,15307.7998046875,15367.5,15171.7998046875,15216.2001953125,15216.2001953125,212058200
2018-03-28,15198.7001953125,15232,15150.5,15169.900390625,15169.900390625,214705000
2018-03-29,15224.2998046875,15390.7998046875,15204,15367.2998046875,15367.2998046875,227294100
2018-04-02,15351.2001953125,15351.2001953125,15157.2998046875,15213.5,15213.5,166742600
2018-04-03,15215.099609375,15228,15104.2001953125,15180.7998046875,15180.7998046875,199121700
2018-04-04,15050.900390625,15180.099609375,14991.2001953125,15164.400390625,15164.400390625,227789600
2018-04-05,15194.599609375,15371.400390625,15187.2001953125,15356.099609375,15356.099609375,214608900
2018-04-06,15294.7998046875,15367.099609375,15160.599609375,15207.400390625,15207.400390625,200467100
2018-04-09,15268.400390625,15320.5,15216,15227.7001953125,15227.7001953125,174468400
2018-04-10,15339.7998046875,15339.7998046875,15252.7998046875,15262.099609375,15262.099609375,212896000
2018-04-11,15234.400390625,15318.900390625,15231.7998046875,15257.900390625,15257.900390625,229950600
2018-04-12,15288.599609375,15313.599609375,15259,15269.2998046875,15269.2998046875,160611500
2018-04-13,15337.2998046875,15349.599609375,15254.900390625,15274,15274,190227600
2018-04-16,15298.7998046875,15326.099609375,15266.900390625,15300.400390625,15300.400390625,188529800
2018-04-17,15336.400390625,15404.5,15325,15353.2998046875,15353.2998046875,167451700
2018-04-18,15422.900390625,15576.7001953125,15422.900390625,15530,15530,230935400
2018-04-19,15542.599609375,15559.400390625,15434.400390625,15454.400390625,15454.400390625,191719900
2018-04-20,15470.2998046875,15501.099609375,15442.400390625,15484.2998046875,15484.2998046875,170639000
2018-04-23,15503.400390625,15582.2998046875,15495.900390625,15552.099609375,15552.099609375,202793400
2018-04-24,15585,15589.2001953125,15430.599609375,15477,15477,202523700
2018-04-25,15470.599609375,15538.5,15443.400390625,15509.7998046875,15509.7998046875,189569500
2018-04-26,15557.599609375,15658.7998046875,15526.400390625,15637.599609375,15637.599609375,208957600
2018-04-27,15649.7998046875,15682.2998046875,15631.900390625,15668.900390625,15668.900390625,111784200
2018-04-30,15676.7998046875,15702.599609375,15607.900390625,15607.900390625,15607.900390625,202543600
2018-05-01,15592.5,15628,15550.099609375,15618.900390625,15618.900390625,166611100
2018-05-02,15634.2998046875,15681.5,15620.900390625,15627.900390625,15627.900390625,208381100
2018-05-03,15633.099609375,15644.900390625,15548.7001953125,15621.5,15621.5,234870100
2018-05-04,15602.599609375,15752.5,15600.2001953125,15729.400390625,15729.400390625,180930100
2018-05-07,15759.7001953125,15848.400390625,15759.7001953125,15808.599609375,15808.599609375,204416700
2018-05-08,15815.599609375,15842.7001953125,15771.900390625,15842.7001953125,15842.7001953125,239405500
2018-05-09,15902.599609375,15910.7998046875,15828.2001953125,15910.7998046875,15910.7998046875,249620000
2018-05-10,15929.400390625,16000.2001953125,15910.099609375,15959.5,15959.5,230424900
2018-05-11,15998.099609375,16030.400390625,15975.900390625,15983.2998046875,15983.2998046875,196733700
2018-05-14,16023.900390625,16101.599609375,16016.900390625,16085.599609375,16085.599609375,226311000
2018-05-15,16097.7998046875,16132.099609375,16053.2998046875,16097.7998046875,16097.7998046875,224440500
2018-05-16,16105.7998046875,16120.2998046875,16067.2001953125,16108.099609375,16108.099609375,201996900
2018-05-17,16125.2998046875,16179.5,16117.5,16143.599609375,16143.599609375,208702800
2018-05-18,16151.2998046875,16168.2001953125,16108,16162.2998046875,16162.2998046875,181368400
2018-05-22,16179.2998046875,16238.7998046875,16139.7998046875,16144.7998046875,16144.7998046875,231832700
2018-05-23,16084.099609375,16151.900390625,16072.400390625,16133.7998046875,16133.7998046875,195487800
2018-05-24,16147.599609375,16171.5,16086,16113.599609375,16113.599609375,204773800
2018-05-25,16085,16148.2001953125,16059.7001953125,16075.7001953125,16075.7001953125,182237200
2018-05-28,16059.400390625,16089.2998046875,16001.900390625,16016.099609375,16016.099609375,83342500
2018-05-29,15958.5,16013.599609375,15884.2998046875,15922.599609375,15922.599609375,196780200
2018-05-30,15964.2001953125,16048.900390625,15938.599609375,16048.7001953125,16048.7001953125,187813200
2018-05-31,16013.5,16064.400390625,15979.599609375,16061.5,16061.5,288780000
2018-06-01,16075.7998046875,16095.2001953125,16040.5,16043.5,16043.5,181961200
2018-06-04,16064.900390625,16121.2001953125,16038,16052.2001953125,16052.2001953125,172744300
2018-06-05,16100.900390625,16176.2001953125,16080,16122.2998046875,16122.2998046875,188418400
2018-06-06,16128.7998046875,16183.900390625,16072.400390625,16183.900390625,16183.900390625,185476800
2018-06-07,16201,16249.2001953125,16149.400390625,16192.7998046875,16192.7998046875,202165900
2018-06-08,16179.900390625,16202.7001953125,16142.2001953125,16202.7001953125,16202.7001953125,171122400
2018-06-11,16229.2001953125,16294.7998046875,16220.5,16263.2998046875,16263.2998046875,169658600
2018-06-12,16275.7998046875,16290.7998046875,16240.599609375,16289,16289,176743900
2018-06-13,16299.900390625,16321,16259,16265.7998046875,16265.7998046875,168594800
2018-06-14,16308,16351.599609375,16254,16329,16329,166514200
2018-06-15,16309.2998046875,16329.900390625,16257.2998046875,16314.400390625,16314.400390625,448100700
2018-06-18,16275.5,16389.30078125,16253.2998046875,16383.599609375,16383.599609375,203500400
2018-06-19,16291.7001953125,16351.900390625,16264.599609375,16316.5,16316.5,195318600
2018-06-20,16388.5,16444.5,16374.7001953125,16421,16421,214355600
2018-06-21,16401.400390625,16412.30078125,16323.2001953125,16335.2001953125,16335.2001953125,196887700
2018-06-22,16457.30078125,16489.5,16438.099609375,16450.099609375,16450.099609375,230346100
2018-06-25,16381.5,16384.80078125,16165.599609375,16184,16184,255366700
2018-06-26,16239,16347.5,16199.7998046875,16280.099609375,16280.099609375,249086000
2018-06-27,16320.599609375,16344.400390625,16218,16231.2998046875,16231.2998046875,233945300
2018-06-28,16163.599609375,16218,16112.599609375,16179.900390625,16179.900390625,212392300
2018-06-29,16230,16304.2998046875,16230,16277.7001953125,16277.7001953125,215940200
2018-07-03,16332.400390625,16346.099609375,16227.2998046875,16263.2001953125,16263.2001953125,167706400
2018-07-04,16272.400390625,16330.7001953125,16260.2998046875,16304.7001953125,16304.7001953125,63098400
2018-07-05,16326.900390625,16330.900390625,16235.599609375,16266.599609375,16266.599609375,169774100
2018-07-06,16242.400390625,16378.599609375,16230.2998046875,16371.7998046875,16371.7998046875,141594800
2018-07-09,16402.69921875,16460.5,16382.2998046875,16452.30078125,16452.30078125,149277900
2018-07-10,16481.30078125,16553.80078125,16481.30078125,16548.69921875,16548.69921875,179453700
2018-07-11,16448.900390625,16464,16390.099609375,16417.30078125,16417.30078125,223771000
2018-07-12,16490.19921875,16577.099609375,16449.099609375,16567.400390625,16567.400390625,168849100
2018-07-13,16560.900390625,16586.5,16539.19921875,16561.099609375,16561.099609375,140905500
2018-07-16,16531.099609375,16531.099609375,16467.80078125,16494.69921875,16494.69921875,152593700
2018-07-17,16462.19921875,16546.30078125,16445.19921875,16519.19921875,16519.19921875,164404500
2018-07-18,16547.900390625,16557.400390625,16477.400390625,16477.400390625,16477.400390625,182820700
2018-07-19,16463,16564.400390625,16463,16543,16543,179816500
2018-07-20,16491.900390625,16498.599609375,16424.80078125,16435.5,16435.5,175726000
2018-07-23,16444.5,16444.5,16389.400390625,16420.80078125,16420.80078125,154956300
2018-07-24,16460.30078125,16512.30078125,16390.099609375,16390.099609375,16390.099609375,178751900
2018-07-25,16366.5,16421.900390625,16351,16420.80078125,16420.80078125,158513300
2018-07-26,16387.599609375,16480.599609375,16364.2998046875,16455.69921875,16455.69921875,185503900
2018-07-27,16465.400390625,16489.099609375,16361.2998046875,16394,16394,213660700
2018-07-30,16443,16443,16340.5,16345.5,16345.5,143937900
2018-07-31,16358.599609375,16434,16324.7001953125,16434,16434,218906200
2018-08-01,16383.7998046875,16432.19921875,16328.599609375,16376.7998046875,16376.7998046875,183217000
2018-08-02,16322,16418.80078125,16266.599609375,16409.19921875,16409.19921875,177619800
2018-08-03,16390.900390625,16429.099609375,16369.7998046875,16420.19921875,16420.19921875,169210300
2018-08-07,16491.599609375,16494.099609375,16281,16286.2998046875,16286.2998046875,247971400
2018-08-08,16302.099609375,16325.099609375,16235.599609375,16315.099609375,16315.099609375,173124600
2018-08-09,16327.099609375,16430.900390625,16326.900390625,16417,16417,178858400
2018-08-10,16353.5,16362.5,16281.7998046875,16326.5,16326.5,181112000
2018-08-13,16318.2998046875,16371.900390625,16239.7001953125,16250.7998046875,16250.7998046875,169202400
2018-08-14,16296.099609375,16342,16250.599609375,16330.7001953125,16330.7001953125,187168600
2018-08-15,16260.2998046875,16260.2998046875,16075.2998046875,16148.5,16148.5,284164600
2018-08-16,16226.400390625,16287.7001953125,16214.7998046875,16225.7001953125,16225.7001953125,199689700
2018-08-17,16219.599609375,16336.900390625,16194.900390625,16323.7001953125,16323.7001953125,173991100
2018-08-20,16332.099609375,16370.900390625,16317.400390625,16331,16331,208751900
2018-08-21,16340.2998046875,16398.599609375,16296.400390625,16297,16297,219442800
2018-08-22,16322.7998046875,16397.099609375,16322.7998046875,16347.2998046875,16347.2998046875,200198300
2018-08-23,16336.2001953125,16358.599609375,16309.2001953125,16326.7998046875,16326.7998046875,171141500
2018-08-24,16382.7998046875,16400.900390625,16331.5,16356.099609375,16356.099609375,211605900
2018-08-27,16416.099609375,16475.30078125,16416.099609375,16444.400390625,16444.400390625,213875400
2018-08-28,16464.900390625,16464.900390625,16328.900390625,16355.5,16355.5,198610200
2018-08-29,16380.599609375,16432.900390625,16339.099609375,16390.30078125,16390.30078125,180128300
2018-08-30,16375.2998046875,16439.19921875,16349.599609375,16371.599609375,16371.599609375,216595200
2018-08-31,16361.2001953125,16390.400390625,16252.400390625,16262.900390625,16262.900390625,217160800
2018-09-04,16276.2998046875,16276.2998046875,16152.2001953125,16161.2998046875,16161.2998046875,239502100
2018-09-05,16144.599609375,16156.7998046875,16033,16137.599609375,16137.599609375,255580900
2018-09-06,16162.2001953125,16196.2001953125,16077.400390625,16100.900390625,16100.900390625,229173900
2018-09-07,16028.900390625,16093.400390625,15994.2998046875,16090.2998046875,16090.2998046875,225132900
2018-09-10,16121,16147.099609375,16057.099609375,16057.099609375,16057.099609375,200681100
2018-09-11,16042.2998046875,16111.7001953125,15975.7998046875,16094.2998046875,16094.2998046875,215647000
2018-09-12,16093.2998046875,16096.099609375,15993.599609375,16049,16049,266571000
2018-09-13,16059.2001953125,16071.2001953125,15987.2001953125,16001.7001953125,16001.7001953125,221711900
2018-09-14,15990.2998046875,16032.5,15981,16013.5,16013.5,194435900
2018-09-17,16046.5,16118,16045.2998046875,16082.2998046875,16082.2998046875,222709300
2018-09-18,16120.7998046875,16198.7001953125,16091.5,16196,16196,228914700
2018-09-19,16206.7998046875,16230,16149.900390625,16149.900390625,16149.900390625,348868600
2018-09-20,16210,16225.2998046875,16147.099609375,16214.7998046875,16214.7998046875,259244800
2018-09-21,16235.099609375,16267.7001953125,16211,16224.099609375,16224.099609375,497537500
2018-09-24,16244.5,16276.7998046875,16198.7001953125,16207.2998046875,16207.2998046875,234911500
2018-09-25,16269.2001953125,16300.7001953125,16159.5,16159.5,16159.5,237368500
2018-09-26,16166.7001953125,16241.400390625,16146.900390625,16169.2998046875,16169.2998046875,234652900
2018-09-27,16195.400390625,16262.7998046875,16193,16204.599609375,16204.599609375,224428600
2018-09-28,16167.400390625,16177.5,16063.7001953125,16073.099609375,16073.099609375,260484900
2018-10-01,16152.2998046875,16193.099609375,16069.7001953125,16104.400390625,16104.400390625,232645500
2018-10-02,16086.2998046875,16086.2998046875,15987.099609375,16017.2001953125,16017.2001953125,248211900
2018-10-03,16069.5,16082.2998046875,16006.2001953125,16072.099609375,16072.099609375,225949100
2018-10-04,16057.2998046875,16057.7001953125,15928.2001953125,16006.7001953125,16006.7001953125,253042000
2018-10-05,15986.599609375,16028,15895.5,15946.2001953125,15946.2001953125,208165400
2018-10-09,15891.2998046875,15917.7998046875,15853.900390625,15854.099609375,15854.099609375,228171700
2018-10-10,15830.2001953125,15830.2001953125,15511.7998046875,15517.400390625,15517.400390625,339860300
2018-10-11,15416.7998046875,15482.2998046875,15317.099609375,15317.099609375,15317.099609375,389019100
2018-10-12,15464,15470.900390625,15317.7001953125,15414.2998046875,15414.2998046875,289282400
2018-10-15,15441.400390625,15476.2998046875,15398.5,15409.5,15409.5,246963900
2018-10-16,15456.900390625,15579.7001953125,15399.5,15579.7001953125,15579.7001953125,280525800
2018-10-17,15548.7998046875,15556.599609375,15452.7001953125,15529.900390625,15529.900390625,312769400
2018-10-18,15486.400390625,15513.599609375,15380.7001953125,15404.099609375,15404.099609375,268976300
2018-10-19,15478.599609375,15579.7998046875,15466.5,15470.099609375,15470.099609375,251480500
2018-10-22,15488.099609375,15492.900390625,15364.099609375,15412.7001953125,15412.7001953125,278747800
2018-10-23,15244.900390625,15323.2001953125,15094.7001953125,15285.2001953125,15285.2001953125,346691200
2018-10-24,15265.7001953125,15295.7001953125,14900.400390625,14909.099609375,14909.099609375,290191400
2018-10-25,14988.7001953125,15009.900390625,14905.2998046875,14924.099609375,14924.099609375,300106200
2018-10-26,14827.599609375,14950.7998046875,14732,14888.2998046875,14888.2998046875,269257400
2018-10-29,14987,15019.599609375,14639.7001953125,14721.7998046875,14721.7998046875,283759500
2018-10-30,14715.7001953125,14899.2001953125,14696.2998046875,14894.5,14894.5,286522100
2018-10-31,15004.900390625,15085.5,14982.7001953125,15027.2998046875,15027.2998046875,310550400
2018-11-01,15032.7998046875,15150.2001953125,15029.2001953125,15150.2001953125,15150.2001953125,290143000
2018-11-02,15204.2998046875,15222.900390625,15037.2001953125,15119.2998046875,15119.2998046875,268963600
2018-11-05,15136.7998046875,15242.400390625,15136.7998046875,15217.7001953125,15217.7001953125,255477900
2018-11-06,15245,15295.2998046875,15220.2001953125,15292.7001953125,15292.7001953125,237092100
2018-11-07,15385.5,15392,15293.2998046875,15369.400390625,15369.400390625,271236500
2018-11-08,15349.599609375,15393.099609375,15293.2998046875,15357.5,15357.5,281152200
2018-11-09,15271.400390625,15304,15196.099609375,15274.400390625,15274.400390625,287404100
2018-11-12,15263.2001953125,15263.7001953125,15145.599609375,15156.400390625,15156.400390625,241196100
2018-11-13,15167.7001953125,15245.5,15108.599609375,15131.7998046875,15131.7998046875,300186800
2018-11-14,15172,15258,15046.7998046875,15133.099609375,15133.099609375,295362000
2018-11-15,15104.7998046875,15177.599609375,15068.2001953125,15144.900390625,15144.900390625,268321200
2018-11-16,15082.900390625,15170.2998046875,15082.900390625,15155.5,15155.5,285186100
2018-11-19,15137.400390625,15170.7998046875,15040.5,15071,15071,225780400
2018-11-20,14941.7001953125,14952.5,14810.599609375,14877,14877,292344300
2018-11-21,14941.7001953125,15195.400390625,14938.2998046875,15095,15095,270566000
2018-11-22,15077.900390625,15105.599609375,15059.099609375,15091.599609375,15091.599609375,83391200
2018-11-23,14998.099609375,15028.599609375,14900.2998046875,15010.7001953125,15010.7001953125,154972200
2018-11-26,15066.7001953125,15127.099609375,14994.2998046875,15012.7001953125,15012.7001953125,245892100
2018-11-27,14994.400390625,15021.7001953125,14907.5,14944.099609375,14944.099609375,219177800
2018-11-28,15002.900390625,15171.2998046875,14981.7001953125,15171.2998046875,15171.2998046875,244842300
2018-11-29,15157.099609375,15251.2001953125,15138.900390625,15194,15194,223082300
2018-11-30,15135,15214.2998046875,15125.400390625,15197.7998046875,15197.7998046875,339228800
2018-12-03,15358.900390625,15378.900390625,15154.7001953125,15275,15275,294475600
2018-12-04,15226.7998046875,15259.2998046875,15047.099609375,15063.599609375,15063.599609375,285129100
2018-12-05,15139.2998046875,15253.7998046875,15122.599609375,15182.599609375,15182.599609375,180095700
2018-12-06,14972.7001953125,14972.7001953125,14773.900390625,14937,14937,28338700
2018-12-07,14986.5,15059.7001953125,14763.900390625,14795.099609375,14795.099609375,311247900
2018-12-10,14769.599609375,14795.900390625,14610.2001953125,14728.2998046875,14728.2998046875,275806900
2018-12-11,14891.2001953125,14957.7998046875,14665.900390625,14667.7998046875,14667.7998046875,275639600
2018-12-12,14802.2998046875,14902.7001953125,14778.900390625,14783.099609375,14783.099609375,268233000
2018-12-13,14814.099609375,14871.7001953125,14721.2998046875,14750.400390625,14750.400390625,264774700
2018-12-14,14651.2001953125,14715.2998046875,14567.2998046875,14595.099609375,14595.099609375,277086200
2018-12-17,14567.599609375,14577.599609375,14323.7001953125,14362.7001953125,14362.7001953125,264315200
2018-12-18,14378.5,14502.599609375,14373.7998046875,14416.900390625,14416.900390625,386847800
2018-12-19,14452,14552.2998046875,14256.099609375,14264.099609375,14264.099609375,370363000
2018-12-20,14244.7001953125,14341.7001953125,14075.900390625,14141.7998046875,14141.7998046875,308247100
2018-12-21,14161.7998046875,14220.900390625,13924.400390625,13935.400390625,13935.400390625,614345800
2018-12-24,13857.7998046875,13924,13776.900390625,13780.2001953125,13780.2001953125,170610500
2018-12-27,14018,14165.5,13918.2998046875,14165.2001953125,14165.2001953125,235414700
2018-12-28,14234.2001953125,14326.900390625,14174,14222,14222,266928600
2018-12-31,14312.400390625,14349.2001953125,14218.5,14322.900390625,14322.900390625,171356600
2019-01-02,14163.900390625,14400.2998046875,14112.7998046875,14347.2001953125,14347.2001953125,270319800
2019-01-03,14294.099609375,14297.900390625,14155.2998046875,14212.7998046875,14212.7998046875,211587200
2019-01-04,14351.599609375,14438.599609375,14314.7998046875,14426.599609375,14426.599609375,231237200
2019-01-07,14471,14515.099609375,14383.099609375,14504.099609375,14504.099609375,257832000
2019-01-08,14610.5,14645.599609375,14533.900390625,14605.2001953125,14605.2001953125,260100900
2019-01-09,14668.5,14811.099609375,14644.099609375,14804.7001953125,14804.7001953125,269093100
2019-01-10,14770.7001953125,14921.099609375,14702.2998046875,14903.5,14903.5,262984000
2019-01-11,14874.2001953125,14956.2001953125,14855.2001953125,14939.2001953125,14939.2001953125,249299500
2019-01-14,14881,14997.900390625,14881,14975.5,14975.5,228994500
2019-01-15,15002,15079.7998046875,14966.5,15046.2998046875,15046.2998046875,241300600
2019-01-16,15072.2998046875,15118.2998046875,15057,15111.2998046875,15111.2998046875,248816800
2019-01-17,15077.099609375,15238.099609375,15066.5,15211.2001953125,15211.2001953125,257298500
2019-01-18,15295,15325.599609375,15258.900390625,15303.7998046875,15303.7998046875,293702200
2019-01-21,15300.400390625,15354.2001953125,15263,15354.2001953125,15354.2001953125,92562500
2019-01-22,15276.2998046875,15285.2001953125,15160.5,15233.7998046875,15233.7998046875,228363300
2019-01-23,15275.7001953125,15293.2998046875,15141.5,15208.2998046875,15208.2998046875,210174500
2019-01-24,15201.5,15281.2998046875,15194.2998046875,15280.7998046875,15280.7998046875,206075300
2019-01-25,15350.2001953125,15388,15298.400390625,15366.099609375,15366.099609375,216014400
2019-01-28,15289.099609375,15378.599609375,15276.900390625,15378.599609375,15378.599609375,226010300
2019-01-29,15414.7001953125,15497.400390625,15413.900390625,15463.099609375,15463.099609375,233364800
2019-01-30,15493.400390625,15520.900390625,15418.599609375,15484.599609375,15484.599609375,233825500
2019-01-31,15507.400390625,15564.599609375,15486.5,15540.599609375,15540.599609375,286422200
2019-02-01,15562.2998046875,15569,15483.400390625,15506.2998046875,15506.2998046875,224777300
2019-02-04,15527.400390625,15606.2998046875,15513.7001953125,15602.2998046875,15602.2998046875,245284400
2019-02-05,15631.7998046875,15702.7001953125,15627.7998046875,15702.7001953125,15702.7001953125,217732500
2019-02-06,15679.900390625,15745.400390625,15668.599609375,15712.2998046875,15712.2998046875,218136700
2019-02-07,15697.599609375,15726.5,15588.7001953125,15703.400390625,15703.400390625,253785300
2019-02-08,15648.2998046875,15659.7998046875,15567.7998046875,15633.2998046875,15633.2998046875,211877800
2019-02-11,15660.5,15660.5,15545.900390625,15568.900390625,15568.900390625,193012400
2019-02-12,15613.099609375,15654.7998046875,15583.400390625,15642.099609375,15642.099609375,248558800
2019-02-13,15679.2001953125,15689.7001953125,15623.7001953125,15626.7001953125,15626.7001953125,236823500
2019-02-14,15622.2998046875,15733.099609375,15608.2001953125,15696,15696,305833800
2019-02-15,15770,15866.599609375,15763.400390625,15838.2001953125,15838.2001953125,255717300
2019-02-19,15856.900390625,15953.900390625,15831.900390625,15937.400390625,15937.400390625,336230800
2019-02-20,15942.900390625,16036.900390625,15942.900390625,16031.2001953125,16031.2001953125,268328500
2019-02-21,16001.900390625,16030.7001953125,15979.7001953125,16000.900390625,16000.900390625,298529700
2019-02-22,16038.400390625,16071,15997.400390625,16013,16013,222858800
2019-02-25,16051,16099.900390625,16051,16057,16057,219234400
2019-02-26,16051,16115.7998046875,16051,16067.900390625,16067.900390625,266318500
2019-02-27,16043.7998046875,16077.599609375,15990.2998046875,16074.2998046875,16074.2998046875,226354300
2019-02-28,16054.7998046875,16067,15975.099609375,15999,15999,304602900
2019-03-01,16086.2998046875,16122.099609375,16058.099609375,16068.2998046875,16068.2998046875,243003500
2019-03-04,16088.599609375,16093.5,15955,16038.099609375,16038.099609375,286358000
2019-03-05,16077.2998046875,16105.2998046875,16068.599609375,16086.5,16086.5,256504000
2019-03-06,16098.7001953125,16145.7998046875,16077.599609375,16092.099609375,16092.099609375,272531800
2019-03-07,16079,16085.400390625,15981.7998046875,16056.5,16056.5,271719200
2019-03-08,15958.099609375,16000.7998046875,15891.900390625,15996.2001953125,15996.2001953125,255412900
2019-03-11,16028.099609375,16131.900390625,16028.099609375,16106.2001953125,16106.2001953125,250342300
2019-03-12,16142.599609375,16149,16099.599609375,16136.7001953125,16136.7001953125,229111500
2019-03-13,16193.099609375,16212.599609375,16143.5,16150,16150,271091300
2019-03-14,16139.400390625,16144.5,16083.099609375,16087.599609375,16087.599609375,196598800
2019-03-15,16156.7001953125,16174.5,16123.7998046875,16140.400390625,16140.400390625,635539200
2019-03-18,16149.099609375,16251.400390625,16148.2998046875,16251.400390625,16251.400390625,231369100
2019-03-19,16275.2998046875,16275.2998046875,16188.099609375,16188.099609375,16188.099609375,250958500
2019-03-20,16168.2001953125,16214.7001953125,16118,16167.599609375,16167.599609375,261723000
2019-03-21,16148.7998046875,16266.5,16146.400390625,16244.599609375,16244.599609375,254945500
2019-03-22,16172.900390625,16185.400390625,16043.900390625,16089.2998046875,16089.2998046875,325520900
2019-03-25,16066.2998046875,16113.2001953125,16021,16065.900390625,16065.900390625,234398100
2019-03-26,16138.900390625,16192.2001953125,16116.7001953125,16155.2001953125,16155.2001953125,242530400
2019-03-27,16147.400390625,16187.400390625,16079.099609375,16132.5,16132.5,244631900
2019-03-28,16094.099609375,16173.2001953125,16094.099609375,16155.5,16155.5,223248900
2019-03-29,16200.2998046875,16212.7001953125,16081.099609375,16102.099609375,16102.099609375,227955800
2019-04-01,16187.900390625,16228.099609375,16153.599609375,16228.099609375,16228.099609375,233225700
2019-04-02,16240.400390625,16263.900390625,16194.900390625,16263.900390625,16263.900390625,178277900
2019-04-03,16296,16338,16244.5,16279.900390625,16279.900390625,224154600
2019-04-04,16290,16311.599609375,16249.900390625,16311.599609375,16311.599609375,189917700
2019-04-05,16337.900390625,16396.19921875,16330.2001953125,16396.19921875,16396.19921875,170618000
2019-04-08,16373.099609375,16407.30078125,16326.7001953125,16407.30078125,16407.30078125,207573900
2019-04-09,16340.599609375,16345.900390625,16294.2998046875,16336.5,16336.5,175136900
2019-04-10,16369,16409.80078125,16368,16396.30078125,16396.30078125,213547500
2019-04-11,16412.80078125,16471.80078125,16399.5,16399.5,16399.5,230076600
2019-04-12,16473.900390625,16487.099609375,16437.30078125,16480.5,16480.5,195851400
2019-04-15,16459.900390625,16532.69921875,16443.30078125,16515.5,16515.5,194884000
2019-04-16,16537.69921875,16553.400390625,16498.599609375,16502.19921875,16502.19921875,202476900
2019-04-17,16535.900390625,16553.400390625,16495.69921875,16544.19921875,16544.19921875,333377300
2019-04-18,16558.5,16615.099609375,16557.5,16612.80078125,16612.80078125,195729700
2019-04-22,16607.19921875,16616.30078125,16552.80078125,16577.30078125,16577.30078125,169942700
2019-04-23,16591.599609375,16672.69921875,16581.099609375,16669.400390625,16669.400390625,221708500
2019-04-24,16642.099609375,16666,16572.099609375,16586.5,16586.5,212959200
2019-04-25,16567.19921875,16593.19921875,16527.900390625,16576.099609375,16576.099609375,278775000
2019-04-26,16554.30078125,16615.19921875,16515.5,16613.5,16613.5,282659400
2019-04-29,16612.099609375,16642.099609375,16589.80078125,16600.400390625,16600.400390625,180944800
2019-04-30,16582.69921875,16618.80078125,16544.599609375,16580.69921875,16580.69921875,207324200
2019-05-01,16580.599609375,16604.900390625,16493.80078125,16502.80078125,16502.80078125,220860600
2019-05-02,16485,16492.900390625,16402.19921875,16410.900390625,16410.900390625,255495300
2019-05-03,16467.69921875,16496.599609375,16430,16494.400390625,16494.400390625,202157100
2019-05-06,16332.7998046875,16493.5,16327.099609375,16493.5,16493.5,197204000
2019-05-07,16378,16408.5,16317.900390625,16357.7998046875,16357.7998046875,248842000
2019-05-08,16349.099609375,16451.400390625,16347.2001953125,16397.400390625,16397.400390625,213596600
2019-05-09,16342.099609375,16379,16258.900390625,16321.7998046875,16321.7998046875,224368300
2019-05-10,16278.2998046875,16351.7001953125,16139,16297.599609375,16297.599609375,233580500
2019-05-13,16158.2001953125,16199.900390625,16111.2998046875,16193.400390625,16193.400390625,232643800
2019-05-14,16227.400390625,16320.900390625,16206.2001953125,16284.5,16284.5,205376300
2019-05-15,16237.7998046875,16341.2998046875,16229.7001953125,16318.099609375,16318.099609375,203556400
2019-05-16,16361.099609375,16461.900390625,16349.7001953125,16443.900390625,16443.900390625,207250700
2019-05-17,16383.5,16456.099609375,16376.7998046875,16401.80078125,16401.80078125,182489100
2019-05-21,16383.2998046875,16426.5,16354.2998046875,16426.5,16426.5,218951700
2019-05-22,16345.7998046875,16355.099609375,16308.7998046875,16327.400390625,16327.400390625,197464300
2019-05-23,16228.5,16228.5,16105.5,16164.599609375,16164.599609375,243742200
2019-05-24,16221.7001953125,16251.5,16181.599609375,16230,16230,192188500
2019-05-27,16241.400390625,16346.7001953125,16238.2998046875,16346.7001953125,16346.7001953125,73315600
2019-05-28,16326.900390625,16355.5,16266.2998046875,16297.5,16297.5,396196700
2019-05-29,16196,16215.2998046875,16105,16131.5,16131.5,206795300
2019-05-30,16144.900390625,16151.599609375,16062.5,16089.2001953125,16089.2001953125,171203300
2019-05-31,15997.7001953125,16047.400390625,15963.2998046875,16037.5,16037.5,224730200
2019-06-03,16053.5,16105.900390625,15960.900390625,16015.900390625,16015.900390625,223718800
2019-06-04,16075.599609375,16166.2001953125,16027.2998046875,16166.2001953125,16166.2001953125,211115800
2019-06-05,16219.5,16224.7998046875,16128.599609375,16212.7001953125,16212.7001953125,230596500
2019-06-06,16237.400390625,16241.599609375,16175.099609375,16227.7998046875,16227.7998046875,164790400
2019-06-07,16237.2998046875,16277.400390625,16220.7001953125,16231,16231,171066300
2019-06-10,16234.400390625,16262.2001953125,16201.599609375,16216.2998046875,16216.2998046875,172571600
2019-06-11,16290.099609375,16302,16228.2001953125,16248.7998046875,16248.7998046875,178845100
2019-06-12,16201.7001953125,16253.2998046875,16199.900390625,16227.2001953125,16227.2001953125,190864300
2019-06-13,16261.099609375,16267.099609375,16213.2998046875,16239.2998046875,16239.2998046875,184289900
2019-06-14,16228.099609375,16325.400390625,16190.900390625,16301.900390625,16301.900390625,170254100
2019-06-17,16301.7001953125,16360.099609375,16286.5,16353.5,16353.5,185238200
2019-06-18,16451.5,16527.30078125,16448.80078125,16503.400390625,16503.400390625,218953000
2019-06-19,16515.400390625,16529.599609375,16492.30078125,16511.80078125,16511.80078125,190088100
2019-06-20,16585.900390625,16603.900390625,16548.400390625,16574.80078125,16574.80078125,235060200
2019-06-21,16558.900390625,16558.900390625,16508.400390625,16525.400390625,16525.400390625,493939000
2019-06-24,16527.099609375,16547.80078125,16506.80078125,16523.5,16523.5,198177100
2019-06-25,16504.599609375,16514.80078125,16371.2998046875,16371.2998046875,16371.2998046875,207158600
2019-06-26,16393.900390625,16393.900390625,16302.400390625,16312.2001953125,16312.2001953125,211051800
2019-06-27,16306.7001953125,16319.599609375,16268.2001953125,16307.7001953125,16307.7001953125,177472300
2019-06-28,16328.7001953125,16382.2001953125,16302.599609375,16382.2001953125,16382.2001953125,207980500
2019-07-02,16463.599609375,16472.599609375,16381.7001953125,16471.30078125,16471.30078125,178238300
2019-07-03,16486.69921875,16580.599609375,16480.400390625,16576.19921875,16576.19921875,143993900
2019-07-04,16570.30078125,16598.30078125,16557.900390625,16588.900390625,16588.900390625,56637400
2019-07-05,16529.400390625,16547,16469.900390625,16542,16542,133774100
2019-07-08,16473.30078125,16495.30078125,16458.5,16463,16463,172378100
2019-07-09,16436.69921875,16545.19921875,16421.69921875,16545.19921875,16545.19921875,159727900
2019-07-10,16582,16641.80078125,16527.099609375,16563.30078125,16563.30078125,188751200
2019-07-11,16563.900390625,16568.099609375,16525.099609375,16527.900390625,16527.900390625,190584700
2019-07-12,16526,16528.400390625,16476.400390625,16488.099609375,16488.099609375,160587500
2019-07-15,16505.599609375,16524.5,16474.900390625,16510.80078125,16510.80078125,147789200
2019-07-16,16487,16522,16467.099609375,16502.400390625,16502.400390625,178472900
2019-07-17,16509.099609375,16534.900390625,16469,16484.19921875,16484.19921875,165612900
2019-07-18,16464.900390625,16514.5,16445.099609375,16494.19921875,16494.19921875,203717800
2019-07-19,16536.900390625,16573.69921875,16485.5,16485.900390625,16485.900390625,164302800
2019-07-22,16504.900390625,16530.30078125,16500.900390625,16518.900390625,16518.900390625,138546100
2019-07-23,16582.5,16590,16530.19921875,16572.69921875,16572.69921875,148830300
2019-07-24,16536.099609375,16623.900390625,16530.900390625,16611.80078125,16611.80078125,171778800
2019-07-25,16613.099609375,16613.099609375,16458.400390625,16488.19921875,16488.19921875,209506500
2019-07-26,16532.80078125,16556.5,16521.900390625,16531,16531,167192900
2019-07-29,16549.400390625,16549.400390625,16476.30078125,16492.19921875,16492.19921875,184840900
2019-07-30,16433.5,16473.900390625,16418.5,16466.099609375,16466.099609375,181417800
2019-07-31,16447.30078125,16470.5,16282.099609375,16406.599609375,16406.599609375,265480700
2019-08-01,16389.19921875,16505.900390625,16362.2001953125,16377,16377,304393300
2019-08-02,16368.599609375,16389.5,16206.400390625,16271.7001953125,16271.7001953125,240108500
2019-08-06,16111,16188.2001953125,15994.2998046875,16149.5,16149.5,317366800
2019-08-07,16092.7001953125,16285.900390625,16064.2998046875,16265.2001953125,16265.2001953125,279764100
2019-08-08,16304.7001953125,16420.69921875,16292.599609375,16404.5,16404.5,230997900
2019-08-09,16372,16423.19921875,16305.599609375,16341.2998046875,16341.2998046875,210694000
2019-08-12,16325.599609375,16334.2998046875,16209.400390625,16237.7998046875,16237.7998046875,193944600
2019-08-13,16235.2998046875,16375,16232.7001953125,16350.7998046875,16350.7998046875,227506600
2019-08-14,16212.5,16260.2001953125,16022.5,16045.900390625,16045.900390625,235438100
2019-08-15,16026.7001953125,16066.599609375,15964.400390625,16012.5,16012.5,202386000
2019-08-16,16064.400390625,16162.400390625,16053.5,16149.7998046875,16149.7998046875,0
2019-08-19,16218.2998046875,16321.2998046875,16206.599609375,16304.099609375,16304.099609375,0
2019-08-20,16281.400390625,16281.400390625,16198.900390625,16213.2998046875,16213.2998046875,165281200
2019-08-21,16247.5,16309.2001953125,16240.2998046875,16309.2001953125,16309.2001953125,179093700
2019-08-22,16314,16335.099609375,16238.400390625,16253.5,16253.5,145756500
2019-08-23,16214.7998046875,16301.599609375,16003.099609375,16037.599609375,16037.599609375,227392200
2019-08-26,16133.599609375,16167.5,16069.900390625,16098.7998046875,16098.7998046875,167942900
2019-08-27,16138.5,16193.2998046875,16125.2001953125,16183.599609375,16183.599609375,232156300
2019-08-28,16178.7001953125,16294.099609375,16166.2998046875,16271.7001953125,16271.7001953125,182417600
2019-08-29,16360.2998046875,16407.30078125,16342.7001953125,16384.5,16384.5,183112200
2019-08-30,16431.80078125,16456.5,16377.7001953125,16442.099609375,16442.099609375,178987200
2019-09-03,16382.5,16434.19921875,16328.400390625,16399.19921875,16399.19921875,223316900
2019-09-04,16487,16550,16435.30078125,16448.80078125,16448.80078125,201346000
2019-09-05,16498.5,16604.400390625,16492.19921875,16574.80078125,16574.80078125,236406500
2019-09-06,16546.19921875,16577.69921875,16519.900390625,16535.30078125,16535.30078125,185443700
2019-09-09,16565.19921875,16566.69921875,16463.30078125,16495.099609375,16495.099609375,216894100
2019-09-10,16467.30078125,16537.30078125,16459.400390625,16537.30078125,16537.30078125,238455800
2019-09-11,16565.19921875,16623,16548.900390625,16611.099609375,16611.099609375,218707000
2019-09-12,16624.099609375,16696.400390625,16592.400390625,16643.30078125,16643.30078125,267934400
2019-09-13,16679.80078125,16756.099609375,16679.80078125,16682.400390625,16682.400390625,221919900
2019-09-16,16706.30078125,16767.19921875,16698.30078125,16751.30078125,16751.30078125,307592600
2019-09-17,16738.30078125,16855.5,16727.19921875,16834.80078125,16834.80078125,247102000
2019-09-18,16824.5,16851.5,16731.099609375,16800.30078125,16800.30078125,232114900
2019-09-19,16829.599609375,16913.5,16829.599609375,16858.400390625,16858.400390625,209325900
2019-09-20,16896.80078125,16947.19921875,16864.19921875,16899.69921875,16899.69921875,501130200
2019-09-23,16870.099609375,16892.5,16846.400390625,16867.19921875,16867.19921875,168552700
2019-09-24,16877.400390625,16917.599609375,16772.400390625,16798.30078125,16798.30078125,207308500
2019-09-25,16771,16800.900390625,16725.80078125,16784.30078125,16784.30078125,197464000
2019-09-26,16788.099609375,16800.69921875,16749.900390625,16790.400390625,16790.400390625,204562400
2019-09-27,16769.400390625,16769.400390625,16656.400390625,16694.30078125,16694.30078125,196461700
2019-09-30,16666.69921875,16730.5,16658.599609375,16658.599609375,16658.599609375,200791800
2019-10-01,16683.599609375,16707.5,16429.599609375,16447.69921875,16447.69921875,225195700
2019-10-02,16401.80078125,16417,16223.599609375,16311,16311,218200100
2019-10-03,16285.400390625,16369.599609375,16198.099609375,16369,16369,237883100
2019-10-04,16386.900390625,16453.19921875,16362,16449.400390625,16449.400390625,183485000
2019-10-07,16420.69921875,16474.69921875,16394.5,16421.80078125,16421.80078125,155833300
2019-10-08,16366.5,16372.7001953125,16274.7001953125,16294,16294,198432200
2019-10-09,16347.2998046875,16409.099609375,16308.7001953125,16379.900390625,16379.900390625,168389300
2019-10-10,16375.400390625,16444.400390625,16358.099609375,16422.69921875,16422.69921875,186014600
2019-10-11,16487.19921875,16516.69921875,16413.400390625,16415.19921875,16415.19921875,200746600
2019-10-15,16433.69921875,16510.69921875,16417.80078125,16418.400390625,16418.400390625,212333000
2019-10-16,16435.099609375,16445.599609375,16408.69921875,16427.19921875,16427.19921875,165968300
2019-10-17,16450.5,16468.80078125,16400.5,16426.30078125,16426.30078125,168397700
2019-10-18,16452.69921875,16462.099609375,16376.599609375,16377.099609375,16377.099609375,166417400
2019-10-21,16421,16443.30078125,16412.099609375,16418.5,16418.5,155105700
2019-10-22,16470.30078125,16484.80078125,16391.5,16391.5,16391.5,171979500
2019-10-23,16386.099609375,16395.900390625,16309.2001953125,16335.900390625,16335.900390625,181906700
2019-10-24,16380.7998046875,16412.099609375,16332.5,16369.2998046875,16369.2998046875,167159100
2019-10-25,16369.7998046875,16425,16356.5,16404.5,16404.5,173518300
2019-10-28,16434.400390625,16453.19921875,16387.5,16387.5,16387.5,162175300
2019-10-29,16330.900390625,16454.099609375,16315.599609375,16418.099609375,16418.099609375,178116500
2019-10-30,16412.5,16501.5,16373.5,16501.400390625,16501.400390625,160008300
2019-10-31,16473.30078125,16483.19921875,16409.5,16483.19921875,16483.19921875,222279500
2019-11-01,16537.69921875,16608,16534.900390625,16594.099609375,16594.099609375,201175400
2019-11-04,16646.099609375,16681.599609375,16642.5,16669.80078125,16669.80078125,244774900
2019-11-05,16663.900390625,16696.80078125,16660.30078125,16681.900390625,16681.900390625,229381500
2019-11-06,16693,16766.599609375,16666.900390625,16745.599609375,16745.599609375,217181200
2019-11-07,16797.30078125,16834.400390625,16788.599609375,16805.80078125,16805.80078125,242580400
2019-11-08,16795.69921875,16879.69921875,16795.69921875,16877.400390625,16877.400390625,207483800
2019-11-11,16834.80078125,16895.099609375,16819.900390625,16882.80078125,16882.80078125,153122700
2019-11-12,16898.099609375,16927.5,16884.80078125,16909.400390625,16909.400390625,230960400
2019-11-13,16891.599609375,16987.30078125,16880.69921875,16958,16958,184507900
2019-11-14,16959.900390625,16984.099609375,16939.099609375,16972.19921875,16972.19921875,166391500
2019-11-15,16982.69921875,17036,16978,17028.5,17028.5,189379400
2019-11-18,17003.80078125,17025.099609375,16994.5,17025.099609375,17025.099609375,206179100
2019-11-19,17033.900390625,17033.900390625,16963.900390625,17011.400390625,17011.400390625,224995000
2019-11-20,16992.099609375,17040.599609375,16962.599609375,17005.80078125,17005.80078125,237379700
2019-11-21,17019.5,17019.5,16950.80078125,16999.19921875,16999.19921875,236455800
2019-11-22,17012.5,17012.5,16935.69921875,16954.80078125,16954.80078125,199534600
2019-11-25,16980.599609375,17048.5,16972.69921875,17032.900390625,17032.900390625,218539900
2019-11-26,17016.900390625,17048.19921875,16975.69921875,17035.900390625,17035.900390625,327576100
2019-11-27,17046.599609375,17104.30078125,17023.30078125,17100.599609375,17100.599609375,176184000
2019-11-28,17086.80078125,17120.900390625,17077.80078125,17114.5,17114.5,63774100
2019-11-29,17099.19921875,17117.19921875,17040.19921875,17040.19921875,17040.19921875,155880500
2019-12-02,17060.900390625,17060.900390625,16930.400390625,16981.5,16981.5,198659100
2019-12-03,16900.30078125,16908.5,16853.19921875,16892.19921875,16892.19921875,220648800
2019-12-04,16909.30078125,16957.900390625,16893.400390625,16897.30078125,16897.30078125,206239700
2019-12-05,16886.80078125,16886.80078125,16817,16854.900390625,16854.900390625,227230800
2019-12-06,16937.400390625,17023.30078125,16930,16997,16997,183338400
2019-12-09,16986.69921875,17003.400390625,16934.69921875,16950.900390625,16950.900390625,194556800
2019-12-10,16947.099609375,16967.5,16906.599609375,16950.69921875,16950.69921875,187213300
2019-12-11,16968.19921875,17006,16915.19921875,16939.599609375,16939.599609375,191719000
2019-12-12,16951.599609375,17031.900390625,16946.19921875,16946.900390625,16946.900390625,242569600
2019-12-13,16956.099609375,17036.80078125,16930,17003.099609375,17003.099609375,296508900
2019-12-16,17043.80078125,17095.5,17036.099609375,17056.400390625,17056.400390625,205035700
2019-12-17,17065.69921875,17088,17032.30078125,17075.19921875,17075.19921875,206814500
2019-12-18,17047,17051.69921875,17004.5,17032,17032,248873100
2019-12-19,17036.69921875,17079,17015.400390625,17064,17064,207784300
2019-12-20,17078.69921875,17166,17078.69921875,17118.400390625,17118.400390625,465801000
2019-12-23,17149,17166.400390625,17102.30078125,17128.69921875,17128.69921875,162520400
2019-12-24,17132.80078125,17180.19921875,17095.19921875,17180.19921875,17180.19921875,93195000
2019-12-27,17216.19921875,17230.599609375,17145,17168.19921875,17168.19921875,134796700
2019-12-30,17159.599609375,17159.599609375,17066.599609375,17098.599609375,17098.599609375,128084900
2019-12-31,17052.400390625,17079.5,17027.400390625,17063.400390625,17063.400390625,155098600
2020-01-02,17131.599609375,17164.599609375,17043.5,17100,17100,156213500
2020-01-03,17054.80078125,17105.69921875,17033.19921875,17066.099609375,17066.099609375,185492100
2020-01-06,17042.30078125,17105.5,17041.19921875,17105.5,17105.5,195351800
2020-01-07,17119.599609375,17178,17110.30078125,17168.099609375,17168.099609375,171935800
2020-01-08,17172.69921875,17229.900390625,17164.599609375,17167.80078125,17167.80078125,246980100
2020-01-09,17205.900390625,17255.5,17201.30078125,17235.599609375,17235.599609375,222501200
2020-01-10,17223.19921875,17254.099609375,17187.19921875,17234.5,17234.5,192514100
2020-01-13,17237.599609375,17301.80078125,17198.900390625,17293.400390625,17293.400390625,268086800
2020-01-14,17288.599609375,17356.5,17281.30078125,17352.900390625,17352.900390625,235495600
2020-01-15,17364.80078125,17421.69921875,17345.099609375,17415.19921875,17415.19921875,207645200
2020-01-16,17443.5,17489.599609375,17438.5,17484.80078125,17484.80078125,261420600
2020-01-17,17507.69921875,17572.19921875,17502.400390625,17559,17559,224673300
2020-01-20,17548.099609375,17620.19921875,17538.400390625,17597.400390625,17597.400390625,111821100
2020-01-21,17551.5,17589.5,17536.30078125,17572.30078125,17572.30078125,241563100
2020-01-22,17570.30078125,17666.5,17558,17599.900390625,17599.900390625,213329700
2020-01-23,17564.80078125,17621.80078125,17540.80078125,17621.80078125,17621.80078125,330914300
2020-01-24,17629.400390625,17646.400390625,17514.69921875,17565.30078125,17565.30078125,193689100
2020-01-27,17376.80078125,17466.099609375,17360,17442.5,17442.5,203774000
2020-01-28,17475,17519,17456.099609375,17500.900390625,17500.900390625,198139800
2020-01-29,17547.5,17561.900390625,17496.69921875,17511.80078125,17511.80078125,169412800
2020-01-30,17429.599609375,17502.900390625,17395.900390625,17490.599609375,17490.599609375,191070300
2020-01-31,17442.30078125,17450.69921875,17272.69921875,17318.5,17318.5,239157000
2020-02-03,17351,17441.599609375,17351,17379.80078125,17379.80078125,196331500
2020-02-04,17504.599609375,17548.80078125,17493.80078125,17512.69921875,17512.69921875,235045300
2020-02-05,17629.400390625,17674,17606.099609375,17651.599609375,17651.599609375,223399700
2020-02-06,17686.099609375,17758.5,17670.599609375,17757.5,17757.5,199327500
2020-02-07,17705.400390625,17716.69921875,17633,17655.5,17655.5,209827800
2020-02-10,17646.599609375,17743.599609375,17646.599609375,17740.599609375,17740.599609375,210735600
2020-02-11,17783.599609375,17822.19921875,17769.30078125,17777.099609375,17777.099609375,199302100
2020-02-12,17873.099609375,17873.099609375,17812,17832.900390625,17832.900390625,246203500
2020-02-13,17764.099609375,17829.19921875,17750.80078125,17821.19921875,17821.19921875,255696600
2020-02-14,17811.30078125,17848.5,17798.599609375,17848.400390625,17848.400390625,222706800
2020-02-18,17818.900390625,17871.30078125,17812.5,17858.30078125,17858.30078125,294361000
2020-02-19,17887.599609375,17933.19921875,17851.30078125,17925.400390625,17925.400390625,215953000
2020-02-20,17911.599609375,17970.5,17860.599609375,17944.099609375,17944.099609375,248798000
2020-02-21,17936.5,17949.80078125,17833.099609375,17843.5,17843.5,271260900
2020-02-24,17608.900390625,17608.900390625,17463.099609375,17562.69921875,17562.69921875,310120500
2020-02-25,17560.5,17586.80078125,17124.900390625,17177.400390625,17177.400390625,303245600
2020-02-26,17140.900390625,17304.599609375,17029.900390625,17041.900390625,17041.900390625,303632000
2020-02-27,16803.400390625,16816.19921875,16456.80078125,16717.400390625,16717.400390625,232685900
2020-02-28,16184.400390625,16276.900390625,15896.400390625,16263.099609375,16263.099609375,590219300
2020-03-02,16325,16566.69921875,16166.2998046875,16553.30078125,16553.30078125,374721500
2020-03-03,16674.900390625,16798.19921875,16378.2998046875,16423.599609375,16423.599609375,393127900
2020-03-04,16659.900390625,16779.5,16539.400390625,16779.5,16779.5,273718600
2020-03-05,16541.599609375,16684.900390625,16456.69921875,16554,16554,313012300
2020-03-06,16222.099609375,16261.5,16015.7998046875,16175,16175,374703800
2020-03-09,15221.7998046875,15240.2998046875,14498.2998046875,14514.2001953125,14514.2001953125,559227400
2020-03-10,15019,15048.7998046875,14481.900390625,14958.099609375,14958.099609375,571001300
2020-03-11,14639.7001953125,14714.2001953125,14185.2001953125,14270.099609375,14270.099609375,468990900
2020-03-12,13611.7998046875,13611.7998046875,12451.099609375,12508.5,12508.5,678332900
2020-03-13,13161.599609375,13716.2998046875,12608.2998046875,13716.2998046875,13716.2998046875,669328700
2020-03-16,12648.7001953125,12851.7001953125,11883.7001953125,12360.400390625,12360.400390625,525668300
2020-03-17,12525.2998046875,13114.5,12322.7001953125,12685.2001953125,12685.2001953125,618745200
2020-03-18,12197.7001953125,12500,11384.099609375,11721.400390625,11721.400390625,589437000
2020-03-19,11657.2998046875,12294.400390625,11361.2998046875,12170.5,12170.5,531586300
2020-03-20,12335.7001953125,12670.7998046875,11809.400390625,11851.7998046875,11851.7998046875,727890300
2020-03-23,11802.7998046875,11870.599609375,11172.7001953125,11228.5,11228.5,473241500
2020-03-24,11909.7001953125,12588.2998046875,11823.900390625,12571.099609375,12571.099609375,489332500
2020-03-25,12588.099609375,13690.400390625,12496.2998046875,13139.2001953125,13139.2001953125,553126800
2020-03-26,13154.099609375,13592.2998046875,13138.2998046875,13371.2001953125,13371.2001953125,471047400
2020-03-27,12942.900390625,12963.599609375,12630.2998046875,12687.7001953125,12687.7001953125,453378000
2020-03-30,12780.900390625,13048.400390625,12549,13038.5,13038.5,388246500
2020-03-31,13083.900390625,13557.599609375,13083.900390625,13378.7998046875,13378.7998046875,498993900
2020-04-01,12966.7998046875,13138.099609375,12814,12876.400390625,12876.400390625,373013200
2020-04-02,12946.599609375,13248.599609375,12921,13097.7998046875,13097.7998046875,446041600
2020-04-03,13108.2998046875,13171.2001953125,12829.400390625,12938.2998046875,12938.2998046875,354988900
2020-04-06,13362.400390625,13603,13300.099609375,13592.7001953125,13592.7001953125,386784300
2020-04-07,13937.900390625,14062.7001953125,13571.5,13614.099609375,13614.099609375,400917900
2020-04-08,13726,13964.900390625,13588.400390625,13925.7001953125,13925.7001953125,374163600
2020-04-09,14082,14329.2001953125,14010.7001953125,14166.599609375,14166.599609375,437301200
2020-04-13,14195.099609375,14197.599609375,13889.2998046875,14075.900390625,14075.900390625,326410100
2020-04-14,14239.099609375,14440.900390625,14110.7001953125,14258.400390625,14258.400390625,335902300
2020-04-15,14010.900390625,14071,13900.7001953125,13958.599609375,13958.599609375,315611500
2020-04-16,14024.7998046875,14056.900390625,13874.7001953125,13899.2998046875,13899.2998046875,288395700
2020-04-17,14079.2998046875,14365.7998046875,14079.2998046875,14359.900390625,14359.900390625,374045500
2020-04-20,14132.7998046875,14509.7998046875,14075.7998046875,14388.2998046875,14388.2998046875,334709500
2020-04-21,14106.5,14307.7001953125,13940.099609375,13940.099609375,13940.099609375,307129600
2020-04-22,14212.900390625,14305,14113,14288.2001953125,14288.2001953125,267174100
2020-04-23,14329.400390625,14422.400390625,14238.7001953125,14251.099609375,14251.099609375,311058300
2020-04-24,14337.599609375,14433.7001953125,14242.7998046875,14420.400390625,14420.400390625,323679000
2020-04-27,14492,14649.599609375,14404.599609375,14642.099609375,14642.099609375,284519400
2020-04-28,14767.599609375,14856,14658.7001953125,14798.2998046875,14798.2998046875,297711300
2020-04-29,15003,15257.900390625,15002.099609375,15228.099609375,15228.099609375,371318900
2020-04-30,15114.7998046875,15114.7998046875,14767.099609375,14780.7001953125,14780.7001953125,403599800
2020-05-01,14563,14661.2001953125,14520.2001953125,14620.2998046875,14620.2998046875,287321200
2020-05-04,14554.2001953125,14745,14518.099609375,14745,14745,295093500
2020-05-05,14899.400390625,14943.7001953125,14764.099609375,14811.599609375,14811.599609375,297575700
2020-05-06,14855.400390625,14909.599609375,14744.2998046875,14830.7001953125,14830.7001953125,302690800
2020-05-07,14963.2001953125,15016,14815.7998046875,14833.7001953125,14833.7001953125,314631200
2020-05-08,14958.2001953125,14985.599609375,14898.5,14966.599609375,14966.599609375,312192200
2020-05-11,14901.900390625,15118.7998046875,14852.7998046875,15103.2001953125,15103.2001953125,249605200
2020-05-12,15161.5,15184.900390625,14881.2001953125,14881.2001953125,14881.2001953125,306665300
2020-05-13,14898.099609375,14898.099609375,14419.900390625,14503.2001953125,14503.2001953125,311644000
2020-05-14,14346.2001953125,14553.099609375,14187.5,14509.7001953125,14509.7001953125,307622100
2020-05-15,14504.2998046875,14657.599609375,14447.900390625,14638.900390625,14638.900390625,286946500
2020-05-19,14911.400390625,14951.2001953125,14823,14885.5,14885.5,378893100
2020-05-20,15048.2001953125,15054.7998046875,14972.2001953125,14997.599609375,14997.599609375,300482200
2020-05-21,14993.5,14999.5,14783.900390625,14884.900390625,14884.900390625,288950700
2020-05-22,14929.2998046875,14933.2001953125,14834.7998046875,14913.599609375,14913.599609375,252740100
2020-05-25,15004.2001953125,15089.599609375,14983,15075.400390625,15075.400390625,127867600
2020-05-26,15162.099609375,15185.099609375,15095,15148.099609375,15148.099609375,299837800
2020-05-27,15176.5,15272,14940.2998046875,15272,15272,349327900
2020-05-28,15325.7001953125,15342.400390625,15226.900390625,15262.7001953125,15262.7001953125,333986700
2020-05-29,15241.7998046875,15244.400390625,15092.900390625,15192.7998046875,15192.7998046875,793563100
2020-06-01,15177.599609375,15271.099609375,15163.099609375,15236.2001953125,15236.2001953125,246513500
2020-06-02,15301.2001953125,15398.7001953125,15279.400390625,15394.400390625,15394.400390625,281513600
2020-06-03,15517.099609375,15628.900390625,15504.2001953125,15575.099609375,15575.099609375,372203400
2020-06-04,15577.2998046875,15637.400390625,15502.400390625,15527.900390625,15527.900390625,300079200
2020-06-05,15780.900390625,15883,15774,15854.099609375,15854.099609375,378218200
2020-06-08,15963.5,15980.099609375,15847.900390625,15974.900390625,15974.900390625,443015800
2020-06-09,15881,15907.900390625,15772.2001953125,15833.7001953125,15833.7001953125,360731300
2020-06-10,15863.599609375,15863.599609375,15610.7001953125,15701.2998046875,15701.2998046875,361958600
2020-06-11,15374.5,15401.2998046875,15015.5,15050.900390625,15050.900390625,374440700
2020-06-12,15394.900390625,15424.099609375,15117.2998046875,15256.599609375,15256.599609375,340418600
2020-06-15,15044.5,15442.900390625,14934.7001953125,15359.7001953125,15359.7001953125,294431200
2020-06-16,15694.2998046875,15701.7998046875,15450.7001953125,15515.7998046875,15515.7998046875,288913500
2020-06-17,15571.5,15571.5,15413.7998046875,15428.7001953125,15428.7001953125,232465300
2020-06-18,15367.2998046875,15523.5,15341.5,15479.7998046875,15479.7998046875,223123700
2020-06-19,15638.099609375,15638.099609375,15436.900390625,15474.2001953125,15474.2001953125,944037400
2020-06-22,15484.2998046875,15537.7001953125,15427.2998046875,15516.900390625,15516.900390625,240802500
2020-06-23,15673.7998046875,15679.400390625,15527.2001953125,15564.7998046875,15564.7998046875,219102200
2020-06-24,15489.2998046875,15489.2998046875,15144.400390625,15294.400390625,15294.400390625,237452500
2020-06-25,15222.599609375,15451,15178.400390625,15446.099609375,15446.099609375,195778400
2020-06-26,15400.7998046875,15405.900390625,15167.599609375,15189,15189,256563900
2020-06-29,15250.5,15425,15182.7998046875,15389.7001953125,15389.7001953125,216259300
2020-06-30,15342.599609375,15564.900390625,15319.400390625,15515.2001953125,15515.2001953125,255554700
2020-07-02,15694.099609375,15828.599609375,15613.099609375,15622.400390625,15622.400390625,212038300
2020-07-03,15613.2001953125,15625.099609375,15561.599609375,15596.7998046875,15596.7998046875,61228900
2020-07-06,15765.599609375,15797,15643.400390625,15669.7001953125,15669.7001953125,238091400
2020-07-07,15605.2998046875,15717.7001953125,15582.400390625,15595.5,15595.5,183708700
2020-07-08,15637,15706.900390625,15533.099609375,15629.2001953125,15629.2001953125,207847400
2020-07-09,15637.7001953125,15649.099609375,15391.7001953125,15568.599609375,15568.599609375,203776400
2020-07-10,15582.599609375,15717.599609375,15546.2998046875,15713.7998046875,15713.7998046875,202764300
2020-07-13,15782.599609375,15879.7001953125,15621,15639.400390625,15639.400390625,229578300
2020-07-14,15625,15923.5,15573.5,15908.5,15908.5,231744500
2020-07-15,15996.2001953125,16130.599609375,15979.2001953125,16063.2998046875,16063.2998046875,238757000
2020-07-16,15965.099609375,16069.099609375,15957.7998046875,16024.5,16024.5,174875100
2020-07-17,16089.2998046875,16142.7001953125,16012.900390625,16123.5,16123.5,163793600
2020-07-20,16113.400390625,16201.7001953125,16112.2998046875,16183.7001953125,16183.7001953125,200331300
2020-07-21,16297.599609375,16317.400390625,16153.2001953125,16163,16163,222826400
2020-07-22,16173.2001953125,16196.400390625,16107.7001953125,16171.099609375,16171.099609375,185905000
2020-07-23,16178.5,16186.900390625,15969.7998046875,16018.7001953125,16018.7001953125,196712200
2020-07-24,15980.599609375,16006.2998046875,15928.400390625,15997.099609375,15997.099609375,166469100
2020-07-27,16076.2998046875,16165.7998046875,16012.7001953125,16161.2998046875,16161.2998046875,183667000
2020-07-28,16140,16189.5,16085.2998046875,16121.2998046875,16121.2998046875,191264800
2020-07-29,16271.400390625,16317.900390625,16173,16294.7001953125,16294.7001953125,188311500
2020-07-30,16123.099609375,16299.2998046875,16020.599609375,16299.2998046875,16299.2998046875,185968400
2020-07-31,16288.7998046875,16288.7998046875,16060.599609375,16169.2001953125,16169.2001953125,215140900
2020-08-04,16172.599609375,16370.7998046875,16172.599609375,16368,16368,241457700
2020-08-05,16454.099609375,16507.30078125,16440.30078125,16501.599609375,16501.599609375,233396100
2020-08-06,16543.5,16593.400390625,16496.80078125,16579.099609375,16579.099609375,224432100
2020-08-07,16544.30078125,16567.30078125,16492.099609375,16544.5,16544.5,184328200
2020-08-10,16603.900390625,16647.30078125,16535,16605.5,16605.5,224219200
2020-08-11,16579.19921875,16640.400390625,16486,16497,16497,252377700
2020-08-12,16645.599609375,16681.400390625,16565,16575.30078125,16575.30078125,221356900
2020-08-13,16554,16587.69921875,16471.599609375,16530.099609375,16530.099609375,175048500
2020-08-14,16467.099609375,16543,16454,16514.599609375,16514.599609375,163417100
2020-08-17,16627.099609375,16663,16600.19921875,16656.099609375,16656.099609375,189274000
2020-08-18,16701.69921875,16706.599609375,16579,16626.099609375,16626.099609375,165959100
2020-08-19,16609.5,16654,16565.19921875,16577.400390625,16577.400390625,213007900
2020-08-20,16514.900390625,16621.900390625,16490.599609375,16606.80078125,16606.80078125,182658000
2020-08-21,16546.30078125,16546.30078125,16474.69921875,16517.900390625,16517.900390625,170632100
2020-08-24,16631.69921875,16639,16573.19921875,16626.599609375,16626.599609375,185390100
2020-08-25,16654.900390625,16654.900390625,16523.900390625,16617.5,16617.5,158151600
2020-08-26,16642.599609375,16792.69921875,16611.400390625,16790,16790,172126300
2020-08-27,16823.400390625,16835.099609375,16650.5,16731.5,16731.5,188262000
2020-08-28,16780.900390625,16781.900390625,16681.400390625,16705.80078125,16705.80078125,208789600
2020-08-31,16685.5,16685.5,16498.099609375,16514.400390625,16514.400390625,240911400
2020-09-01,16533.19921875,16645,16462.69921875,16645,16645,199788500
2020-09-02,16711.30078125,16725.69921875,16650,16698,16698,212021600
2020-09-03,16676,16720.80078125,16386.30078125,16448.900390625,16448.900390625,204806400
2020-09-04,16471.900390625,16507.19921875,16086.2001953125,16218,16218,260641900
2020-09-08,16064.5,16222.2001953125,15956,16099.5,16099.5,282440900
2020-09-09,16250.400390625,16432.69921875,16250.400390625,16383.599609375,16383.599609375,227750500
2020-09-10,16431.599609375,16431.599609375,16153.2001953125,16185.2998046875,16185.2998046875,215670200
2020-09-11,16252.099609375,16316.7998046875,16143.2001953125,16222.5,16222.5,186518000
2020-09-14,16314.900390625,16373.2998046875,16295.099609375,16360.099609375,16360.099609375,231781100
2020-09-15,16468.19921875,16515.19921875,16408.099609375,16431.30078125,16431.30078125,208592800
2020-09-16,16495.599609375,16495.599609375,16295.7001953125,16295.7001953125,16295.7001953125,228140600
2020-09-17,16134.5,16294.2998046875,16103.099609375,16246.7001953125,16246.7001953125,206870300
2020-09-18,16289.5,16310,16174.2998046875,16199,16199,532484100
2020-09-21,15981.2998046875,15981.7998046875,15763.099609375,15981.7998046875,15981.7998046875,270490900
2020-09-22,16048.900390625,16180.2001953125,16000.5,16142.900390625,16142.900390625,194993600
2020-09-23,16183.5,16195,15816.400390625,15817.099609375,15817.099609375,222693800
2020-09-24,15781.400390625,15994.2001953125,15725,15912.2998046875,15912.2998046875,206012100
2020-09-25,15878.2001953125,16088.7998046875,15832,16065.400390625,16065.400390625,177956600
2020-09-28,16237.099609375,16286.7998046875,16185.099609375,16242.7998046875,16242.7998046875,235688000
2020-09-29,16231.2001953125,16232.599609375,16131.5,16211.5,16211.5,169170700
2020-09-30,16228,16273.7998046875,16090.599609375,16121.400390625,16121.400390625,262491800
2020-10-01,16189.7001953125,16228.5,16117.2998046875,16184.5,16184.5,214841700
2020-10-02,16021.599609375,16213.900390625,16005.7001953125,16199.2998046875,16199.2998046875,188127700
2020-10-05,16262.5,16418.599609375,16251.099609375,16410.19921875,16410.19921875,219567000
2020-10-06,16454.099609375,16455.80078125,16205.5,16236.099609375,16236.099609375,242801100
2020-10-07,16352.7998046875,16443.900390625,16339,16428.30078125,16428.30078125,205379400
2020-10-08,16485,16539.099609375,16481.599609375,16534.5,16534.5,226461000
2020-10-09,16584.099609375,16611,16518.400390625,16562.80078125,16562.80078125,209636000
2020-10-13,16569.900390625,16569.900390625,16449.80078125,16510.80078125,16510.80078125,222182000
2020-10-14,16554.099609375,16575.400390625,16436.80078125,16455.400390625,16455.400390625,224321800
2020-10-15,16305.099609375,16515.19921875,16290,16501,16501,182202700
2020-10-16,16534.400390625,16549.69921875,16435.69921875,16438.80078125,16438.80078125,176881000
2020-10-19,16483.400390625,16490.900390625,16261.7998046875,16274.099609375,16274.099609375,212659200
2020-10-20,16350,16369.900390625,16246,16273.2998046875,16273.2998046875,213156900
2020-10-21,16246.900390625,16313.099609375,16203,16230.2001953125,16230.2001953125,188644100
2020-10-22,16222.7998046875,16294,16148.599609375,16279.400390625,16279.400390625,202800600
2020-10-23,16312.599609375,16334.7998046875,16228.599609375,16304.099609375,16304.099609375,188749600
2020-10-26,16208,16224.2001953125,15990.099609375,16079.599609375,16079.599609375,219833500
2020-10-27,16084.7001953125,16104.599609375,15999.2001953125,16020.900390625,16020.900390625,188804700
2020-10-28,15835.099609375,15835.099609375,15575.099609375,15586.599609375,15586.599609375,277461700
2020-10-29,15633.599609375,15738.2001953125,15514.599609375,15670.7001953125,15670.7001953125,205663200
2020-10-30,15616,15632.2998046875,15418.5,15580.599609375,15580.599609375,221840800
2020-11-02,15684.900390625,15724.900390625,15569.400390625,15696.900390625,15696.900390625,197139100
2020-11-03,15791.7998046875,15975.900390625,15791.7998046875,15939.2001953125,15939.2001953125,194521900
2020-11-04,16053.7001953125,16111.7001953125,15894.2001953125,15998.7001953125,15998.7001953125,285809900
2020-11-05,16232.7001953125,16318.599609375,16223.7001953125,16298.2001953125,16298.2001953125,294457200
2020-11-06,16359.400390625,16378.599609375,16236.599609375,16282.7998046875,16282.7998046875,285271300
2020-11-09,16550.69921875,16715.69921875,16465.19921875,16475.900390625,16475.900390625,476657600
2020-11-10,16503,16654.80078125,16485.80078125,16615.400390625,16615.400390625,311212700
2020-11-11,16718.400390625,16801,16674.900390625,16774.099609375,16774.099609375,270429800
2020-11-12,16774.19921875,16794.900390625,16532.80078125,16582.19921875,16582.19921875,268327400
2020-11-13,16679.5,16736.30078125,16662.400390625,16675.599609375,16675.599609375,240207100
2020-11-16,16791.900390625,16889.80078125,16734,16889.80078125,16889.80078125,306813300
2020-11-17,16800.19921875,16952.80078125,16768.69921875,16948.099609375,16948.099609375,264191800
2020-11-18,16972.30078125,16990.599609375,16884.80078125,16889.80078125,16889.80078125,254893100
2020-11-19,16838,16922.599609375,16813.599609375,16909.80078125,16909.80078125,223713200
2020-11-20,16929.400390625,17048.900390625,16891.599609375,17019.099609375,17019.099609375,230208100
2020-11-23,17067.30078125,17137.30078125,17035.69921875,17094.5,17094.5,277217400
2020-11-24,17203,17311.099609375,17190.900390625,17274.30078125,17274.30078125,322087400
2020-11-25,17278.400390625,17323.80078125,17215.5,17313.099609375,17313.099609375,249081100
2020-11-26,17306.19921875,17366.599609375,17301.900390625,17351.30078125,17351.30078125,98806100
2020-11-27,17316.80078125,17411,17316.80078125,17396.599609375,17396.599609375,187468700
2020-11-30,17339.69921875,17339.69921875,17124.900390625,17190.30078125,17190.30078125,445832900
2020-12-01,17431.30078125,17471.19921875,17285.30078125,17296.900390625,17296.900390625,296753900
2020-12-02,17278.099609375,17358.30078125,17220.900390625,17358.19921875,17358.19921875,261964200
2020-12-03,17386,17452.900390625,17382,17398,17398,251025700
2020-12-04,17438.900390625,17525.69921875,17437.5,17521,17521,310268400
2020-12-07,17494.69921875,17611.5,17447.30078125,17582.400390625,17582.400390625,337305200
2020-12-08,17541.599609375,17654.900390625,17541.599609375,17639,17639,240054200
2020-12-09,17654.19921875,17668,17475.099609375,17559.900390625,17559.900390625,285235700
2020-12-10,17478.30078125,17603.69921875,17452.900390625,17593.30078125,17593.30078125,236325200
2020-12-11,17539.5,17561.80078125,17470.900390625,17548.900390625,17548.900390625,215913700
2020-12-14,17614.19921875,17617.30078125,17383.30078125,17387.400390625,17387.400390625,297756300
2020-12-15,17481.80078125,17533.099609375,17441.80078125,17506.5,17506.5,221396900
2020-12-16,17570.400390625,17600.599609375,17480.80078125,17567.400390625,17567.400390625,256848900
2020-12-17,17646.900390625,17684.099609375,17605.5,17652.900390625,17652.900390625,247245800
2020-12-18,17675.30078125,17676.599609375,17517.19921875,17534.599609375,17534.599609375,484558400
2020-12-21,17367,17507.69921875,17307.5,17500.900390625,17500.900390625,247287200
2020-12-22,17538.19921875,17572.900390625,17478.400390625,17552.5,17552.5,208088700
2020-12-23,17586.900390625,17652.69921875,17583.599609375,17593.599609375,17593.599609375,185161800
2020-12-24,17595.900390625,17641.69921875,17568.5,17623.900390625,17623.900390625,95985400
2020-12-29,17610.5,17661.19921875,17512.19921875,17543.400390625,17543.400390625,205406800
2020-12-30,17572.30078125,17623.099609375,17534.099609375,17545.80078125,17545.80078125,159579800
2020-12-31,17520.69921875,17556.5,17428.69921875,17433.400390625,17433.400390625,158566700
2021-01-04,17583.400390625,17593.80078125,17405.400390625,17527.80078125,17527.80078125,238981100
2021-01-05,17544,17694.400390625,17544,17682.5,17682.5,290354800
2021-01-06,17721.599609375,17924.5,17721.599609375,17828.099609375,17828.099609375,310529000
2021-01-07,17935.30078125,18051.80078125,17912.80078125,18027.599609375,18027.599609375,261370100
2021-01-08,18057.099609375,18058.599609375,17935.599609375,18042.099609375,18042.099609375,259284100
2021-01-11,17930,18027.19921875,17927.19921875,17934.5,17934.5,225412100
2021-01-12,17981.80078125,18009.30078125,17894.099609375,17985.80078125,17985.80078125,244677100
2021-01-13,18001.30078125,18010,17897.19921875,17934.69921875,17934.69921875,241172100
2021-01-14,17974.19921875,18025.30078125,17948.30078125,17958.099609375,17958.099609375,301078300
2021-01-15,17961.599609375,17972.69921875,17808.900390625,17909,17909,272687100
2021-01-18,17889.400390625,17967.69921875,17889.400390625,17944.900390625,17944.900390625,99218700
2021-01-19,17992.5,18023.30078125,17916.80078125,17957.400390625,17957.400390625,249130300
2021-01-20,18016.400390625,18027.5,17911.5,18014.900390625,18014.900390625,250065700
2021-01-21,18018.30078125,18018.30078125,17870.30078125,17916.19921875,17916.19921875,223742100
2021-01-22,17812.5,17869.900390625,17790.19921875,17845.900390625,17845.900390625,209351600
2021-01-25,17835.30078125,17931.099609375,17735.900390625,17906,17906,246248500
2021-01-26,17945,17945,17774.400390625,17779.400390625,17779.400390625,221426800
2021-01-27,17688.19921875,17688.19921875,17412.19921875,17424.400390625,17424.400390625,291250600
2021-01-28,17571.19921875,17711.900390625,17537.099609375,17657.19921875,17657.19921875,270830400
2021-01-29,17615.80078125,17615.80078125,17297.80078125,17337,17337,304309300
2021-02-01,17527.400390625,17716.099609375,17487.69921875,17692.5,17692.5,249639800
2021-02-02,17755.69921875,17895.30078125,17752.900390625,17874.5,17874.5,261105300
2021-02-03,17906.599609375,17924.69921875,17822.19921875,17915.900390625,17915.900390625,255233000
2021-02-04,17954.30078125,18072.19921875,17929.69921875,18042,18042,257772500
2021-02-05,18110.599609375,18159.19921875,18070.69921875,18135.900390625,18135.900390625,232815100
2021-02-08,18236.400390625,18333.80078125,18236.400390625,18330.30078125,18330.30078125,304595300
2021-02-09,18369.900390625,18421,18334.5,18408.599609375,18408.599609375,247757000
2021-02-10,18494.80078125,18527.900390625,18302.099609375,18457.80078125,18457.80078125,258145800
2021-02-11,18463,18481.099609375,18325.5,18393,18393,271159600
2021-02-12,18381.900390625,18460.80078125,18335.80078125,18460.19921875,18460.19921875,253651600
2021-02-16,18514.400390625,18579.69921875,18452.5,18492.5,18492.5,290057900
2021-02-17,18346.099609375,18391.30078125,18254.30078125,18374.80078125,18374.80078125,273855900
2021-02-18,18304.19921875,18351.099609375,18207.19921875,18274.099609375,18274.099609375,266208900
2021-02-19,18316,18393.099609375,18271.400390625,18384.30078125,18384.30078125,268139900
2021-02-22,18347,18467.30078125,18336.19921875,18416.69921875,18416.69921875,334212900
2021-02-23,18307.400390625,18375.099609375,18021.900390625,18330.099609375,18330.099609375,289758200
2021-02-24,18341.900390625,18548.900390625,18241.900390625,18484.5,18484.5,323819900
2021-02-25,18462.80078125,18526.099609375,18147.099609375,18223.5,18223.5,337509600
2021-02-26,18203.599609375,18219.599609375,17930,18060.30078125,18060.30078125,402542300
2021-03-01,18249.80078125,18363.19921875,18232.80078125,18299.599609375,18299.599609375,269334400
2021-03-02,18340.19921875,18454.400390625,18292.30078125,18421.599609375,18421.599609375,286904700
2021-03-03,18427.5,18437.30078125,18248.30078125,18320.69921875,18320.69921875,269124900
2021-03-04,18281.69921875,18354.5,17950.80078125,18125.69921875,18125.69921875,334455700
2021-03-05,18250.5,18406.5,17998.30078125,18381,18381,327500800
2021-03-08,18404.099609375,18595.69921875,18353.400390625,18457.80078125,18457.80078125,328558000
2021-03-09,18565.400390625,18711.599609375,18556.30078125,18599.19921875,18599.19921875,303912400
2021-03-10,18702.900390625,18761.900390625,18602.599609375,18690,18690,242923900
2021-03-11,18815.099609375,18881.19921875,18778.80078125,18844.599609375,18844.599609375,260042200
2021-03-12,18794.400390625,18853.19921875,18725.599609375,18851.30078125,18851.30078125,254099200
2021-03-15,18910.099609375,18964.30078125,18808.5,18954.80078125,18954.80078125,265614100
2021-03-16,18974.19921875,18974.19921875,18854.69921875,18874,18874,264008800
2021-03-17,18840.80078125,19037.099609375,18820.900390625,18983.099609375,18983.099609375,271250700
2021-03-18,18924,18989.599609375,18813.30078125,18836.5,18836.5,266495000
2021-03-19,18836.69921875,18883.69921875,18721.69921875,18854,18854,602538800
2021-03-22,18838.400390625,18852.400390625,18772.599609375,18815.099609375,18815.099609375,211043900
2021-03-23,18791.69921875,18824.69921875,18642.5,18669.80078125,18669.80078125,252576800
2021-03-24,18744.400390625,18789.80078125,18626.400390625,18628.30078125,18628.30078125,237789800
2021-03-25,18553.30078125,18674.599609375,18460.599609375,18651.099609375,18651.099609375,258146600
2021-03-26,18683.400390625,18758.599609375,18591.19921875,18752.599609375,18752.599609375,221384200
2021-03-29,18707.69921875,18760,18613.900390625,18719.19921875,18719.19921875,236511600
2021-03-30,18647.69921875,18733.69921875,18606.599609375,18705.599609375,18705.599609375,201113500
2021-03-31,18727.30078125,18786.80078125,18687.900390625,18700.69921875,18700.69921875,272256500
2021-04-01,18799.900390625,18993.80078125,18772.69921875,18990.30078125,18990.30078125,216025700
2021-04-05,19062.30078125,19082.69921875,19017.30078125,19026.80078125,19026.80078125,214805600
2021-04-06,19083.30078125,19153,19058.900390625,19104.099609375,19104.099609375,206255900
2021-04-07,19138.19921875,19178,19099.19921875,19129.099609375,19129.099609375,215459500
2021-04-08,19157,19228.900390625,19089.099609375,19228.900390625,19228.900390625,225408600
2021-04-09,19183.30078125,19228,19157.30078125,19228,19228,183702100
2021-04-12,19220.099609375,19252.80078125,19161.69921875,19201.30078125,19201.30078125,228013000
2021-04-13,19249.30078125,19256.400390625,19182,19203.69921875,19203.69921875,221511800
2021-04-14,19263.599609375,19312.30078125,19163.400390625,19171.69921875,19171.69921875,205082600
2021-04-15,19253,19337.19921875,19249.69921875,19321.900390625,19321.900390625,202971300
2021-04-16,19380.69921875,19380.69921875,19293.80078125,19351.30078125,19351.30078125,238407300
2021-04-19,19341.19921875,19364.599609375,19180,19204.400390625,19204.400390625,192886200
2021-04-20,19106.69921875,19119.69921875,18967.099609375,19040.80078125,19040.80078125,198043100
2021-04-21,19022.900390625,19152.80078125,19022.900390625,19143.30078125,19143.30078125,168590500
2021-04-22,19148.400390625,19148.400390625,18988.69921875,19031.599609375,19031.599609375,171677300
2021-04-23,19056,19126.099609375,19033.5,19102.30078125,19102.30078125,170634600
2021-04-26,19109.900390625,19186.80078125,19104.900390625,19170.599609375,19170.599609375,191570100
2021-04-27,19205.5,19241.599609375,19123.400390625,19175.099609375,19175.099609375,184476700
2021-04-28,19235.900390625,19403.5,19217.599609375,19357,19357,191692600
2021-04-29,19413.5,19439.80078125,19221.69921875,19255.900390625,19255.900390625,198641000
2021-04-30,19196.5,19227.400390625,19085,19108.30078125,19108.30078125,199398200
2021-05-03,19193.599609375,19276.099609375,19193.599609375,19213.19921875,19213.19921875,185820800
2021-05-04,19207.19921875,19231.19921875,19052.400390625,19188,19188,227748500
2021-05-05,19259.099609375,19340.30078125,19219.099609375,19310.69921875,19310.69921875,246331200
2021-05-06,19313.30078125,19320.30078125,19181.900390625,19291,19291,244417800
2021-05-07,19330.80078125,19491.5,19317.30078125,19472.69921875,19472.69921875,249444600
2021-05-10,19503.599609375,19543.900390625,19361.900390625,19361.900390625,19361.900390625,272988500
2021-05-11,19185.5,19295.599609375,19090.30078125,19274,19274,268601300
2021-05-12,19216.30078125,19259,19067.69921875,19107.80078125,19107.80078125,246142000
2021-05-13,19100.80078125,19210,19064,19135.80078125,19135.80078125,239063600
2021-05-14,19206.19921875,19393.30078125,19202.69921875,19366.69921875,19366.69921875,228570100
2021-05-17,19341.900390625,19475.5,19320.099609375,19474.69921875,19474.69921875,246782700
2021-05-18,19477.099609375,19556.900390625,19414.099609375,19507.099609375,19507.099609375,203655300
2021-05-19,19348.19921875,19440.5,19224.19921875,19417,19417,271844900
2021-05-20,19444.69921875,19582.400390625,19420.599609375,19543,19543,210291100
2021-05-21,19614.80078125,19614.80078125,19507.80078125,19527.30078125,19527.30078125,171957500
2021-05-25,19621.30078125,19679.900390625,19553.80078125,19564.099609375,19564.099609375,232155800
2021-05-26,19654.19921875,19763.69921875,19634.599609375,19745.5,19745.5,228186300
2021-05-27,19768.099609375,19835.30078125,19752.5,19774.400390625,19774.400390625,465079100
2021-05-28,19876.5,19904.80078125,19841,19852.19921875,19852.19921875,227001800
2021-05-31,19905.80078125,19909.599609375,19705.80078125,19731,19731,102257000
2021-06-01,19909.099609375,20022.099609375,19909.099609375,19976,19976,283358600
2021-06-02,20043.099609375,20043.099609375,19940.400390625,19971.19921875,19971.19921875,251315200
2021-06-03,19941.099609375,20011.099609375,19906.80078125,19941.400390625,19941.400390625,250960000
2021-06-04,20028.099609375,20050.400390625,19973.19921875,20029.19921875,20029.19921875,191285800
2021-06-07,20053.80078125,20067.19921875,19994.599609375,20035.30078125,20035.30078125,241189900
2021-06-08,20052.69921875,20106.19921875,20006.80078125,20065.900390625,20065.900390625,246510100
2021-06-09,20046.30078125,20047.099609375,19960.900390625,20002.30078125,20002.30078125,217093200
2021-06-10,20066.80078125,20081.099609375,19969.69921875,20049.5,20049.5,213997600
2021-06-11,20099.30078125,20155.900390625,20075.400390625,20138.400390625,20138.400390625,164745600
2021-06-14,20118.599609375,20163.5,20102.30078125,20157.69921875,20157.69921875,276893700
2021-06-15,20202.80078125,20269.900390625,20198.400390625,20231.30078125,20231.30078125,221299500
2021-06-16,20231.80078125,20295.19921875,20194.69921875,20231,20231,227014100
2021-06-17,20204.30078125,20246.599609375,20083.80078125,20144,20144,270320000
2021-06-18,20024.900390625,20123,19978.30078125,19999.599609375,19999.599609375,477517000
2021-06-21,20067.400390625,20222.599609375,20013.900390625,20156.400390625,20156.400390625,200461400
2021-06-22,20188.599609375,20244.19921875,20110.099609375,20200.69921875,20200.69921875,211240900
2021-06-23,20226.30078125,20226.30078125,20154.599609375,20164.400390625,20164.400390625,199866600
2021-06-24,20241.400390625,20257.80078125,20176.400390625,20215.099609375,20215.099609375,159856200
2021-06-25,20230.80078125,20240.19921875,20146.400390625,20230.30078125,20230.30078125,179232200
2021-06-28,20273.599609375,20273.599609375,20113.5,20145.30078125,20145.30078125,181150800
2021-06-29,20171.69921875,20214.400390625,20148,20171,20171,185839400
2021-06-30,20155.900390625,20182.5,20093.80078125,20165.599609375,20165.599609375,197649100
2021-07-02,20267.19921875,20338.5,20185.400390625,20226.099609375,20226.099609375,182938100
2021-07-05,20249.19921875,20291.30078125,20202.69921875,20281.5,20281.5,75507300
2021-07-06,20303.69921875,20307.400390625,20175,20300,20300,231969900
2021-07-07,20315.400390625,20381.69921875,20234.19921875,20290.599609375,20290.599609375,191802300
2021-07-08,20101.69921875,20117.599609375,19980.30078125,20061.19921875,20061.19921875,197785500
2021-07-09,20136.400390625,20265.19921875,20132.900390625,20258,20258,152907800
2021-07-12,20259.900390625,20283.099609375,20226.5,20233.099609375,20233.099609375,173755200
2021-07-13,20274.19921875,20316.80078125,20250.80078125,20270.69921875,20270.69921875,165779300
2021-07-14,20307.900390625,20316.30078125,20130.599609375,20147.19921875,20147.19921875,174734700
2021-07-15,20128.30078125,20214.599609375,20092.900390625,20183.69921875,20183.69921875,171278300
2021-07-16,20203.5,20206.80078125,19976,19985.5,19985.5,174429000
2021-07-19,19821.400390625,19821.400390625,19605.900390625,19726.5,19726.5,251706500
2021-07-20,19762.69921875,19983.900390625,19714.69921875,19942.69921875,19942.69921875,175942000
2021-07-21,20012.69921875,20144.599609375,20012.69921875,20110.099609375,20110.099609375,161134900
2021-07-22,20098.69921875,20117.30078125,20040.19921875,20097.5,20097.5,141246400
2021-07-23,20163.19921875,20203.599609375,20146.599609375,20188.400390625,20188.400390625,144762700
2021-07-26,20189.69921875,20216.80078125,20121.80078125,20165,20165,175659800
2021-07-27,20130.80078125,20175.599609375,20081.400390625,20173.400390625,20173.400390625,139268000
2021-07-28,20213.5,20250.099609375,20153.69921875,20230.400390625,20230.400390625,139790800
2021-07-29,20284.30078125,20363,20273.69921875,20311.80078125,20311.80078125,163123700
2021-07-30,20236,20300.69921875,20208.19921875,20287.80078125,20287.80078125,192685000
2021-08-03,20325.099609375,20385.400390625,20261.5,20365.900390625,20365.900390625,179052400
2021-08-04,20355.099609375,20434,20328.599609375,20329.69921875,20329.69921875,164078700
2021-08-05,20361,20422.5,20349.80078125,20375.5,20375.5,181712300
2021-08-06,20391.69921875,20506.19921875,20391.69921875,20475.400390625,20475.400390625,170245200
2021-08-09,20418.80078125,20446.400390625,20370.19921875,20437.400390625,20437.400390625,182433600
2021-08-10,20464,20541.400390625,20458,20495.69921875,20495.69921875,197481600
2021-08-11,20531.599609375,20565.400390625,20487.900390625,20554,20554,186541100
2021-08-12,20549.099609375,20549.099609375,20417.69921875,20520.599609375,20520.599609375,170010800
2021-08-13,20565.19921875,20567.099609375,20501.599609375,20518.099609375,20518.099609375,157582000
2021-08-16,20461.099609375,20492.5,20417.900390625,20483.400390625,20483.400390625,162557100
2021-08-17,20421,20437.599609375,20273.69921875,20363.599609375,20363.599609375,186165600
2021-08-18,20354.900390625,20386.69921875,20294.400390625,20302.099609375,20302.099609375,183344200
2021-08-19,20196.80078125,20246,20109.400390625,20215.400390625,20215.400390625,193058200
2021-08-20,20222.5,20347.599609375,20209.5,20339,20339,153921700
2021-08-23,20400.900390625,20479.30078125,20386.5,20477.30078125,20477.30078125,190565400
2021-08-24,20503.69921875,20576.69921875,20484.19921875,20547.80078125,20547.80078125,149688600
2021-08-25,20574.80078125,20612.400390625,20540.5,20587.30078125,20587.30078125,204518800
2021-08-26,20578.69921875,20591.400390625,20497.099609375,20504.19921875,20504.19921875,160925700
2021-08-27,20548.5,20662.900390625,20540.19921875,20644.599609375,20644.599609375,165905800
2021-08-30,20660.30078125,20660.30078125,20555.19921875,20595,20595,176024600
2021-08-31,20611.5,20703.900390625,20570.19921875,20582.900390625,20582.900390625,228293900
2021-09-01,20604.80078125,20723.900390625,20604.80078125,20689.599609375,20689.599609375,188488500
2021-09-02,20726.69921875,20818.400390625,20726.69921875,20795.099609375,20795.099609375,161190800
2021-09-03,20817.5,20845.599609375,20782.5,20821.400390625,20821.400390625,163300500
2021-09-07,20848.30078125,20897.599609375,20801.099609375,20806.599609375,20806.599609375,206918400
2021-09-08,20805.400390625,20863.19921875,20730.69921875,20741.80078125,20741.80078125,203581900
2021-09-09,20723.900390625,20785.599609375,20675.5,20705.30078125,20705.30078125,188048600
2021-09-10,20759.19921875,20759.19921875,20631.900390625,20633.099609375,20633.099609375,205512300
2021-09-13,20726.30078125,20759.400390625,20628.80078125,20666.400390625,20666.400390625,262623800
2021-09-14,20668,20679.599609375,20539.19921875,20553.30078125,20553.30078125,220491900
2021-09-15,20591.900390625,20717.19921875,20569.19921875,20693.80078125,20693.80078125,265198200
2021-09-16,20663.400390625,20663.400390625,20555.099609375,20602.099609375,20602.099609375,199049100
2021-09-17,20519,20557.5,20449,20490.400390625,20490.400390625,506942300
2021-09-20,20285.599609375,20285.599609375,19982.19921875,20154.5,20154.5,271222600
2021-09-21,20268.099609375,20344.69921875,20204.599609375,20244.30078125,20244.30078125,210541200
2021-09-22,20372.599609375,20479.69921875,20372.599609375,20401.5,20401.5,210098300
2021-09-23,20423.099609375,20514.900390625,20407.80078125,20461.900390625,20461.900390625,252503700
2021-09-24,20417.099609375,20438.099609375,20384.19921875,20402.69921875,20402.69921875,186160200
2021-09-27,20433.599609375,20503.80078125,20428.19921875,20463.400390625,20463.400390625,257972100
2021-09-28,20379.5,20379.5,20128.099609375,20174.099609375,20174.099609375,244275400
2021-09-29,20223.69921875,20275.30078125,20154.5,20158.099609375,20158.099609375,216217200
2021-09-30,20186.5,20243.5,20058,20070.30078125,20070.30078125,253270400
2021-10-01,20122.69921875,20201.900390625,19954.80078125,20150.900390625,20150.900390625,204776600
2021-10-04,20094.599609375,20162.900390625,19968.5,20052.30078125,20052.30078125,225641400
2021-10-05,20107.19921875,20220.69921875,20062.400390625,20183.400390625,20183.400390625,241854800
2021-10-06,20057.80078125,20196.400390625,20014.30078125,20191.69921875,20191.69921875,247192300
2021-10-07,20291.80078125,20470.30078125,20291.80078125,20416.19921875,20416.19921875,193384800
2021-10-08,20469.5,20510.69921875,20416.30078125,20416.30078125,20416.30078125,189523800
2021-10-12,20412.69921875,20478.5,20375.80078125,20437.099609375,20437.099609375,267121000
2021-10-13,20468.099609375,20621.099609375,20427.400390625,20618.5,20618.5,234477100
2021-10-14,20746.19921875,20840.30078125,20735.400390625,20819.900390625,20819.900390625,246778800
2021-10-15,20888.599609375,20969.400390625,20855.5,20928.099609375,20928.099609375,213140900
2021-10-18,20898.599609375,20985.400390625,20853.30078125,20985.400390625,20985.400390625,200005600
2021-10-19,21053.80078125,21087.599609375,21019.30078125,21087,21087,203134700
2021-10-20,21079.099609375,21188.19921875,21067.80078125,21188.19921875,21188.19921875,185128900
2021-10-21,21137.400390625,21230.900390625,21126.900390625,21212.400390625,21212.400390625,170551000
2021-10-22,21219.099609375,21265.80078125,21133.900390625,21216.19921875,21216.19921875,188119200
2021-10-25,21244.099609375,21307,21205.19921875,21284.80078125,21284.80078125,238220000
2021-10-26,21311.80078125,21311.80078125,21167.19921875,21173.5,21173.5,179745700
2021-10-27,21167.900390625,21167.900390625,20955,20955,20955,190897400
2021-10-28,20990.80078125,21216.19921875,20979.400390625,21197.5,21197.5,199062800
2021-10-29,21116.900390625,21146.599609375,21037.099609375,21037.099609375,21037.099609375,244019900
2021-11-01,21124.30078125,21254.900390625,21107,21247,21247,188454600
2021-11-02,21250.599609375,21254.599609375,21160.5,21170,21170,187748700
2021-11-03,21175.400390625,21286.19921875,21160.5,21265.099609375,21265.099609375,190797100
2021-11-04,21334.400390625,21381.30078125,21274.80078125,21342.099609375,21342.099609375,254331500
2021-11-05,21412.80078125,21473.80078125,21378.400390625,21455.80078125,21455.80078125,272469000
2021-11-08,21537.400390625,21585.599609375,21527.599609375,21556.5,21556.5,297444000
2021-11-09,21571.80078125,21597.099609375,21471.5,21594.5,21594.5,255523000
2021-11-10,21567.19921875,21597.80078125,21415.30078125,21461.900390625,21461.900390625,233961500
2021-11-11,21602.099609375,21621.5,21556,21582,21582,204117800
2021-11-12,21595,21773.099609375,21586.599609375,21768.5,21768.5,254103800
2021-11-15,21758.099609375,21765.5,21661.19921875,21683.099609375,21683.099609375,262101000
2021-11-16,21720.400390625,21796.19921875,21697.69921875,21717.19921875,21717.19921875,200819700
2021-11-17,21713.5,21753.5,21628.099609375,21653,21653,245156200
2021-11-18,21649.900390625,21692.69921875,21560.900390625,21637.5,21637.5,219013300
2021-11-19,21588.900390625,21625.69921875,21527.599609375,21555,21555,212532700
2021-11-22,21578.80078125,21578.80078125,21420.80078125,21420.80078125,21420.80078125,244176000
2021-11-23,21422.900390625,21527.5,21350.69921875,21453.80078125,21453.80078125,279819000
2021-11-24,21378.099609375,21557.30078125,21345.69921875,21548.400390625,21548.400390625,208277700
2021-11-25,21581.19921875,21649.099609375,21571.19921875,21613.19921875,21613.19921875,84093300
2021-11-26,21383.69921875,21383.69921875,21086.900390625,21125.900390625,21125.900390625,265164700
2021-11-29,21256.19921875,21306.099609375,21044.599609375,21149,21149,262472000
2021-11-30,21059.80078125,21101.599609375,20660,20660,20660,639744000
2021-12-01,20917.5,21012.30078125,20464.599609375,20464.599609375,20464.599609375,293741100
2021-12-02,20496.69921875,20833.19921875,20479.400390625,20762,20762,266107900
2021-12-03,20815.900390625,20825.19921875,20492,20633.30078125,20633.30078125,253119400
2021-12-06,20669.80078125,20898.19921875,20594,20861.099609375,20861.099609375,294213800
2021-12-07,21041.400390625,21227,21037.5,21162.69921875,21162.69921875,238351700
2021-12-08,21136,21136,21047.900390625,21077.400390625,21077.400390625,206511800
2021-12-09,20983,21027.400390625,20897.30078125,20925.5,20925.5,226062200
2021-12-10,21014.30078125,21021.900390625,20833.599609375,20890.599609375,20890.599609375,201337800
2021-12-13,20885.5,20903.599609375,20672,20748.5,20748.5,356758100
2021-12-14,20616,20785.099609375,20613.69921875,20648.599609375,20648.599609375,215703000
2021-12-15,20653.80078125,20799.900390625,20526.099609375,20769.19921875,20769.19921875,300765900
2021-12-16,20890.5,20988.5,20713.5,20739.80078125,20739.80078125,242016800
2021-12-17,20616.5,20858,20594.80078125,20739.19921875,20739.19921875,481062600
2021-12-20,20545.80078125,20551,20382.30078125,20538.19921875,20538.19921875,258638000
2021-12-21,20717.30078125,20953.900390625,20717.30078125,20924.900390625,20924.900390625,215703700
2021-12-22,20893.400390625,21076.5,20878.80078125,21070.099609375,21070.099609375,168479800
2021-12-23,21118.19921875,21265.80078125,21112.599609375,21218.900390625,21218.900390625,210872000
2021-12-24,21233.900390625,21270.19921875,21229.599609375,21229.69921875,21229.69921875,40520600
2021-12-29,21276.400390625,21430.599609375,21276.400390625,21344.69921875,21344.69921875,233871000
2021-12-30,21339.099609375,21433.900390625,21293.400390625,21294.599609375,21294.599609375,145727400
2021-12-31,21253.30078125,21276.5,21168.69921875,21222.80078125,21222.80078125,128384600
2022-01-04,21335.599609375,21473.69921875,21222.099609375,21236.5,21236.5,269077900
2022-01-05,21281.900390625,21319.19921875,21037.400390625,21039.69921875,21039.69921875,311271500
2022-01-06,21057.900390625,21148.599609375,20934.19921875,21072.19921875,21072.19921875,238503500
2022-01-07,21066.80078125,21113.19921875,20942.400390625,21084.5,21084.5,201893900
2022-01-10,21034.5,21072.30078125,20790.900390625,21072.30078125,21072.30078125,249460500
2022-01-11,21086.19921875,21284,21009.099609375,21274.80078125,21274.80078125,292134500
2022-01-12,21338,21449.900390625,21286.099609375,21395,21395,282425700
2022-01-13,21427,21471.099609375,21276.30078125,21293,21293,232657500
2022-01-14,21191.599609375,21365.5,21162.80078125,21357.599609375,21357.599609375,248685200
2022-01-17,21373.19921875,21550.099609375,21373.19921875,21537.5,21537.5,102382400
2022-01-18,21386.69921875,21386.69921875,21193,21274.599609375,21274.599609375,270941200
2022-01-19,21343.599609375,21344.5,21155.900390625,21205.19921875,21205.19921875,269018900
2022-01-20,21245.19921875,21369.69921875,21043.5,21058.19921875,21058.19921875,235930000
2022-01-21,20921.80078125,20921.80078125,20534.400390625,20621.400390625,20621.400390625,314223500
2022-01-24,20465.19921875,20577.400390625,19912.599609375,20571.30078125,20571.30078125,395028200
2022-01-25,20364.69921875,20746.69921875,20130.5,20591,20591,273778800
2022-01-26,20781.30078125,20933.19921875,20502.599609375,20595.900390625,20595.900390625,279753000
2022-01-27,20755.400390625,20852.599609375,20514.099609375,20544.099609375,20544.099609375,271999200
2022-01-28,20539.19921875,20741.80078125,20411.80078125,20741.80078125,20741.80078125,244859200
2022-01-31,20714.30078125,21109.400390625,20697.80078125,21098.30078125,21098.30078125,273255000
2022-02-01,21160.5,21321,21073.099609375,21319.900390625,21319.900390625,264205400
2022-02-02,21363.19921875,21419.30078125,21287.19921875,21362.400390625,21362.400390625,255962600
2022-02-03,21176.900390625,21228.80078125,21082.69921875,21094,21094,237618600
2022-02-04,21158.30078125,21343.099609375,21158.30078125,21271.900390625,21271.900390625,236739900
2022-02-07,21271.30078125,21327.69921875,21158.69921875,21235.5,21235.5,267467700
2022-02-08,21253.900390625,21402.80078125,21206.400390625,21377.19921875,21377.19921875,297003600
2022-02-09,21524.099609375,21650.80078125,21524.099609375,21604.19921875,21604.19921875,253686100
2022-02-10,21521,21784.69921875,21491.900390625,21531.69921875,21531.69921875,310182300
2022-02-11,21547,21670.30078125,21427.599609375,21548.80078125,21548.80078125,341259700
2022-02-14,21509.80078125,21509.80078125,21280,21352.5,21352.5,296881100
2022-02-15,21398.19921875,21510.599609375,21388,21502.599609375,21502.599609375,279605200
2022-02-16,21376.69921875,21461.5,21344.69921875,21383.599609375,21383.599609375,255282300
2022-02-17,21358.5,21395.099609375,21160.099609375,21176.30078125,21176.30078125,254383600
2022-02-18,21184.30078125,21202.80078125,21000.599609375,21008.19921875,21008.19921875,243061100
2022-02-22,20936.30078125,21030.5,20737.69921875,20907.80078125,20907.80078125,323454100
2022-02-23,20956.80078125,20996.099609375,20718,20744.19921875,20744.19921875,292754100
2022-02-24,20500.5,20770.400390625,20397.19921875,20761.900390625,20761.900390625,397835700
2022-02-25,20828.099609375,21114,20784,21106,21106,272944300
2022-02-28,21010.900390625,21142.400390625,20951.900390625,21126.400390625,21126.400390625,399194900
2022-03-01,21144,21213.30078125,20912.099609375,21004.5,21004.5,353650800
2022-03-02,21065.599609375,21297.69921875,21065.599609375,21255.599609375,21255.599609375,291797500
2022-03-03,21280.099609375,21348.900390625,21208.5,21250.400390625,21250.400390625,298464500
2022-03-04,21204.400390625,21406.900390625,21198.599609375,21402.400390625,21402.400390625,332349200
2022-03-07,21382.30078125,21575.099609375,21298.099609375,21304.400390625,21304.400390625,426010600
2022-03-08,21333.099609375,21501.400390625,21220.5,21232,21232,490401300
2022-03-09,21303,21544,21243.19921875,21493.19921875,21493.19921875,386823000
2022-03-10,21390.400390625,21587.400390625,21371.900390625,21581.69921875,21581.69921875,310184700
2022-03-11,21534.900390625,21620,21455,21461.80078125,21461.80078125,294326600
2022-03-14,21440,21443.5,21122,21180.80078125,21180.80078125,327796200
2022-03-15,21065.099609375,21198.599609375,20971.099609375,21187.80078125,21187.80078125,320480100
2022-03-16,21296.400390625,21485.80078125,21190.099609375,21468.80078125,21468.80078125,310154000
2022-03-17,21521.5,21772.5,21506.400390625,21771.19921875,21771.19921875,239055600
2022-03-18,21702.900390625,21877.099609375,21698.5,21818.5,21818.5,623070600
2022-03-21,21918.400390625,22023.80078125,21910.30078125,22009.099609375,22009.099609375,264205300
2022-03-22,22073.900390625,22152.900390625,22045.19921875,22074.400390625,22074.400390625,264320300
2022-03-23,22086.30078125,22100.599609375,21932.19921875,21932.19921875,21932.19921875,280579000
2022-03-24,22011.30078125,22018,21871.5,21937.900390625,21937.900390625,243935500
2022-03-25,21947.80078125,22019.599609375,21900,22005.900390625,22005.900390625,255481600
2022-03-28,21949.80078125,21993.69921875,21871.599609375,21977.80078125,21977.80078125,219945400
2022-03-29,21968.19921875,22108.30078125,21908.400390625,22087.19921875,22087.19921875,278078400
2022-03-30,22068.5,22109.19921875,22016.5,22076,22076,242508000
2022-03-31,22109.69921875,22181.80078125,21890.19921875,21890.19921875,21890.19921875,266132700
2022-04-01,21970.80078125,22031.69921875,21840.19921875,21953,21953,250073700
2022-04-04,21979.400390625,22089.80078125,21942.599609375,22085.599609375,22085.599609375,279845500
2022-04-05,22060.19921875,22213.099609375,21916.599609375,21930.80078125,21930.80078125,269794200
2022-04-06,21860,21894.5,21702.099609375,21788.599609375,21788.599609375,233714500
2022-04-07,21792.30078125,21851.599609375,21635.30078125,21834.900390625,21834.900390625,232258500
2022-04-08,21876.80078125,21953,21824.30078125,21874.400390625,21874.400390625,203320500
2022-04-11,21873.80078125,21889.69921875,21737.5,21790.5,21790.5,289444800
2022-04-12,21897.900390625,21948.599609375,21701,21715.400390625,21715.400390625,252644300
2022-04-13,21780.099609375,21888.80078125,21739.5,21838,21838,211304100
2022-04-14,21862.19921875,21935.5,21843,21855.69921875,21855.69921875,231678300
2022-04-18,21866.900390625,21972.099609375,21847.599609375,21878.400390625,21878.400390625,228308100
2022-04-19,21853,22035.69921875,21820.80078125,22018.80078125,22018.80078125,204365100
2022-04-20,22012.5,22062.599609375,21934,21998.400390625,21998.400390625,218905100
2022-04-21,22088.099609375,22088.099609375,21613.19921875,21650.400390625,21650.400390625,258689400
2022-04-22,21593.900390625,21593.900390625,21169.30078125,21186.400390625,21186.400390625,287668700
2022-04-25,20985.5,21074.69921875,20672.599609375,21011.900390625,21011.900390625,317526500
2022-04-26,21021.19921875,21021.19921875,20690.80078125,20690.80078125,20690.80078125,256416900
2022-04-27,20747.19921875,20855.5,20619.30078125,20744.19921875,20744.19921875,234351800
2022-04-28,20899.900390625,21206.5,20817.900390625,21121.099609375,21121.099609375,280966100
2022-04-29,21036.19921875,21168.80078125,20753.900390625,20762,20762,287081200
2022-05-02,20707.69921875,20758.099609375,20456.80078125,20692.19921875,20692.19921875,253789500
2022-05-03,20726.5,21030.69921875,20724.30078125,20905.30078125,20905.30078125,249853500
2022-05-04,20973,21212.900390625,20798.80078125,21185,21185,300983500
2022-05-05,21120.69921875,21120.69921875,20550.599609375,20696.19921875,20696.19921875,284578000
2022-05-06,20664.5,20729.30078125,20416.400390625,20633.30078125,20633.30078125,274933100
2022-05-09,20392.400390625,20392.400390625,19955.80078125,19999.69921875,19999.69921875,340770200
2022-05-10,20166.19921875,20253.30078125,19736.69921875,19890.099609375,19890.099609375,361166500
2022-05-11,19922.80078125,20189.400390625,19792.80078125,19837.30078125,19837.30078125,324385300
2022-05-12,19681.30078125,19809,19480,19699.099609375,19699.099609375,320281000
2022-05-13,19871.900390625,20196.599609375,19871.900390625,20099.80078125,20099.80078125,294638400
2022-05-16,20116,20309.19921875,20064.80078125,20206.400390625,20206.400390625,310724000
2022-05-17,20440.80078125,20514.599609375,20330.5,20491,20491,278816000
2022-05-18,20424,20424,20040.5,20101.400390625,20101.400390625,256316600
2022-05-19,19927.099609375,20336.099609375,19907.30078125,20181.900390625,20181.900390625,259832400
2022-05-20,20335.69921875,20359.80078125,19937.30078125,20197.599609375,20197.599609375,221995700
2022-05-24,20333.400390625,20337.30078125,20146.900390625,20286.19921875,20286.19921875,304125000
2022-05-25,20295.19921875,20452.5,20290.69921875,20383.80078125,20383.80078125,240858200
2022-05-26,20454.099609375,20624.69921875,20448.69921875,20532.19921875,20532.19921875,267121500
2022-05-27,20587.099609375,20777.599609375,20581.69921875,20748.599609375,20748.599609375,267596300
2022-05-30,20835.599609375,20940.099609375,20817.5,20919.400390625,20919.400390625,122884600
2022-05-31,20830.5,20875.900390625,20697.599609375,20729.30078125,20729.30078125,588164500
2022-06-01,20816.69921875,20866.400390625,20610.19921875,20713.69921875,20713.69921875,268211700
2022-06-02,20713.599609375,21036.400390625,20713.599609375,21031.80078125,21031.80078125,244190000
2022-06-03,20915.19921875,20931.5,20753.5,20790.69921875,20790.69921875,206023800
2022-06-06,20912.900390625,20931.900390625,20796.099609375,20819.099609375,20819.099609375,279744600
2022-06-07,20730.69921875,20928.19921875,20695.900390625,20928.19921875,20928.19921875,263549000
2022-06-08,20879.5,20919.30078125,20712,20792.400390625,20792.400390625,266654500
2022-06-09,20718.400390625,20771.69921875,20563.900390625,20563.900390625,20563.900390625,239596000
2022-06-10,20390.30078125,20390.30078125,20196.19921875,20274.80078125,20274.80078125,283280000
2022-06-13,19943.400390625,19943.400390625,19602.900390625,19742.599609375,19742.599609375,340413100
2022-06-14,19844.30078125,19844.30078125,19435,19548.5,19548.5,316000900
2022-06-15,19665.400390625,19743.400390625,19383.69921875,19611.599609375,19611.599609375,281533900
2022-06-16,19284,19320.69921875,18952.69921875,19004.099609375,19004.099609375,284709200
2022-06-17,19067.400390625,19194,18787.69921875,18930.5,18930.5,579457700
2022-06-20,18967.69921875,19186.5,18967.69921875,19183.599609375,19183.599609375,126178800
2022-06-21,19248.19921875,19385.5,19239.400390625,19257.30078125,19257.30078125,275427300
2022-06-22,18947.099609375,19142.80078125,18871.69921875,19004,19004,283616600
2022-06-23,19033.099609375,19067,18661.5,18717.099609375,18717.099609375,312412300
2022-06-24,18831.69921875,19100.69921875,18828.900390625,19062.900390625,19062.900390625,262852600
2022-06-27,19168.69921875,19294.19921875,19068,19258.30078125,19258.30078125,321214400
2022-06-28,19406.5,19500.900390625,19160.19921875,19222.69921875,19222.69921875,275264400
2022-06-29,19274.30078125,19274.30078125,19010.400390625,19078.599609375,19078.599609375,215310300
2022-06-30,18848.69921875,18898.69921875,18665.30078125,18861.400390625,18861.400390625,272836300
2022-07-04,18951.19921875,19129.69921875,18946.5,19028.900390625,19028.900390625,122906700
2022-07-05,18877.19921875,18911.099609375,18520.400390625,18834.19921875,18834.19921875,338113600
2022-07-06,18795.69921875,18872.099609375,18543.900390625,18729.69921875,18729.69921875,317959800
2022-07-07,18871.30078125,19085.5,18871.30078125,19063.19921875,19063.19921875,251534300
2022-07-08,19063.099609375,19100.099609375,18897.69921875,19022.900390625,19022.900390625,197640400
2022-07-11,18905.30078125,18955.400390625,18785.80078125,18816.80078125,18816.80078125,225897100
2022-07-12,18712.30078125,18798.30078125,18619.5,18678.599609375,18678.599609375,232305400
2022-07-13,18517.5,18691.900390625,18378.80078125,18615.19921875,18615.19921875,227053400
2022-07-14,18448.099609375,18466.80078125,18169.900390625,18329.099609375,18329.099609375,340294700
2022-07-15,18491,18500.099609375,18311.599609375,18394.5,18394.5,205985000
2022-07-18,18582.5,18733.599609375,18560.099609375,18595.599609375,18595.599609375,270479500
2022-07-19,18723.099609375,18944.099609375,18716.900390625,18937.69921875,18937.69921875,231296300
2022-07-20,18912.400390625,19056.400390625,18845.19921875,19020.69921875,19020.69921875,197328500
2022-07-21,18954,19064.900390625,18870.80078125,19062.900390625,19062.900390625,214889000
2022-07-22,19085.69921875,19141.69921875,18911.900390625,18982.900390625,18982.900390625,180504600
2022-07-25,19010.30078125,19119,18971.5,19104.5,19104.5,219076800
2022-07-26,19070.69921875,19110.5,18923.400390625,18972.69921875,18972.69921875,209670300
2022-07-27,19056.900390625,19315.5,19056.900390625,19254.599609375,19254.599609375,230203700
2022-07-28,19353.5,19472.69921875,19182.400390625,19456.69921875,19456.69921875,251616900
2022-07-29,19539.900390625,19734,19539.900390625,19692.900390625,19692.900390625,252031900
2022-08-02,19568.900390625,19673.5,19486.69921875,19505.30078125,19505.30078125,270793400
2022-08-03,19616.099609375,19616.099609375,19485,19545.900390625,19545.900390625,220501000
2022-08-04,19573.099609375,19619.099609375,19538.099609375,19577,19577,250540000
2022-08-05,19471.30078125,19620.099609375,19443.30078125,19620.099609375,19620.099609375,238711500
2022-08-08,19666.900390625,19768,19661.80078125,19669.19921875,19669.19921875,243324500
2022-08-09,19693.599609375,19699.80078125,19540.19921875,19578.30078125,19578.30078125,216384000
2022-08-10,19743.599609375,19911,19716.30078125,19885.900390625,19885.900390625,264927000
2022-08-11,20014.19921875,20100.599609375,19961.099609375,19991.900390625,19991.900390625,268131000
2022-08-12,20051.400390625,20188.599609375,20021.30078125,20179.80078125,20179.80078125,230349300
2022-08-15,20061.400390625,20199.19921875,20023.099609375,20180.599609375,20180.599609375,272053600
2022-08-16,20182.19921875,20287.19921875,20166.5,20270,20270,223800800
2022-08-17,20191.69921875,20252,20130.80078125,20181.400390625,20181.400390625,225969400
2022-08-18,20230.599609375,20323.599609375,20209.5,20265.400390625,20265.400390625,199911000
2022-08-19,20184.900390625,20192.80078125,20067.19921875,20111.400390625,20111.400390625,212866200
2022-08-22,19917,19974.900390625,19837.80078125,19974.900390625,19974.900390625,252502700
2022-08-23,19968.5,20082.900390625,19941.099609375,19985.400390625,19985.400390625,237556600
2022-08-24,19961.80078125,20068.900390625,19961.5,20021.400390625,20021.400390625,216588500
2022-08-25,20113.099609375,20189,20081,20172.30078125,20172.30078125,248113000
2022-08-26,20204.69921875,20205.599609375,19860.599609375,19873.30078125,19873.30078125,219288100
2022-08-29,19752.80078125,19884.19921875,19705,19836.099609375,19836.099609375,286760800
2022-08-30,19819.80078125,19819.80078125,19484.80078125,19512.900390625,19512.900390625,220073700
2022-08-31,19450.599609375,19506.400390625,19329.900390625,19330.80078125,19330.80078125,281282600
2022-09-01,19179.5,19179.5,18986.19921875,19142.69921875,19142.69921875,248534900
2022-09-02,19349.400390625,19478.30078125,19203.80078125,19270.900390625,19270.900390625,211097400
2022-09-06,19346.400390625,19371.5,19074.599609375,19088.19921875,19088.19921875,258388000
2022-09-07,19013.69921875,19264.5,18982,19241.400390625,19241.400390625,233638300
2022-09-08,19193.19921875,19415.5,19163.599609375,19413,19413,226538100
2022-09-09,19592.400390625,19789.599609375,19592.400390625,19773.30078125,19773.30078125,233564800
2022-09-12,19923.19921875,20032.599609375,19885.900390625,19987.19921875,19987.19921875,286226100
2022-09-13,19713.099609375,19850.599609375,19602.5,19645.400390625,19645.400390625,248375000
2022-09-14,19683.599609375,19809.099609375,19649.30078125,19726.099609375,19726.099609375,237740700
2022-09-15,19640.69921875,19785.099609375,19521.30078125,19560.19921875,19560.19921875,218513100
2022-09-16,19386.19921875,19421.599609375,19283.19921875,19385.900390625,19385.900390625,622084600
2022-09-19,19203.30078125,19569.099609375,19198.099609375,19562.400390625,19562.400390625,264092100
2022-09-20,19505.400390625,19507.80078125,19246.80078125,19368.69921875,19368.69921875,234575900
2022-09-21,19473.69921875,19503.5,19184.5,19184.5,19184.5,222076200
2022-09-22,19263.30078125,19290.30078125,18985,19002.69921875,19002.69921875,209762900
2022-09-23,18739.69921875,18739.69921875,18372.599609375,18481,18481,324442400
2022-09-26,18405.30078125,18603.5,18273,18327,18327,350601100
2022-09-27,18493.900390625,18546.80078125,18247.69921875,18307.900390625,18307.900390625,243468100
2022-09-28,18307.900390625,18703.900390625,18247.900390625,18648.900390625,18648.900390625,229100000
2022-09-29,18534,18534,18258.400390625,18441.80078125,18441.80078125,216911900
2022-09-30,18453.900390625,18685,18381.099609375,18444.19921875,18444.19921875,238134400
2022-10-03,18621.80078125,18966.900390625,18581.30078125,18881.19921875,18881.19921875,238315900
2022-10-04,19172.80078125,19405.099609375,19172.80078125,19371,19371,283826900
2022-10-05,19240.30078125,19296.69921875,19106.5,19235.099609375,19235.099609375,228995200
2022-10-06,19166,19197.80078125,18895.400390625,18979,18979,247767500
2022-10-07,18849.099609375,18849.30078125,18522.599609375,18583.099609375,18583.099609375,237888300
2022-10-11,18380.400390625,18427.30078125,18174.400390625,18216.69921875,18216.69921875,304718800
2022-10-12,18185.099609375,18273.599609375,18111.599609375,18206.30078125,18206.30078125,230560900
2022-10-13,17958.80078125,18661.400390625,17873.19921875,18613.599609375,18613.599609375,263546600
2022-10-14,18686.900390625,18763.69921875,18319.900390625,18326.400390625,18326.400390625,219842600
2022-10-17,18546.099609375,18756.69921875,18546.099609375,18621,18621,272425800
2022-10-18,18872.099609375,18923.900390625,18668.80078125,18798.19921875,18798.19921875,187285700
2022-10-19,18712.30078125,18761.599609375,18577,18674.400390625,18674.400390625,205778100
2022-10-20,18682.099609375,18838.80078125,18534.30078125,18579.30078125,18579.30078125,225180200
2022-10-21,18558.099609375,18880.80078125,18513.5,18861,18861,209607800
2022-10-24,18915,18955.900390625,18786.099609375,18918.400390625,18918.400390625,236806800
2022-10-25,18859,19099.5,18859,19097,19097,227760800
2022-10-26,19097.5,19435.900390625,19097.5,19279.80078125,19279.80078125,254302600
2022-10-27,19391.099609375,19516.400390625,19316.599609375,19352.099609375,19352.099609375,223826400
2022-10-28,19365.099609375,19471.30078125,19282.69921875,19471.19921875,19471.19921875,198107200
2022-10-31,19406.5,19510.900390625,19402.099609375,19426.099609375,19426.099609375,262561400
2022-11-01,19674.900390625,19698.30078125,19496.30078125,19517.69921875,19517.69921875,178366400
2022-11-02,19490.80078125,19669.400390625,19277,19277,19277,290685300
2022-11-03,19133.900390625,19322.400390625,19090.599609375,19241.19921875,19241.19921875,257780000
2022-11-04,19475.599609375,19580.099609375,19300,19449.80078125,19449.80078125,298290900
2022-11-07,19525.19921875,19565.599609375,19431.099609375,19545.900390625,19545.900390625,247551300
2022-11-08,19578.30078125,19743.30078125,19533.900390625,19660.30078125,19660.30078125,231561300
2022-11-09,19570.5,19585.099609375,19338,19344.30078125,19344.30078125,244299000
2022-11-10,19724.5,20035.30078125,19724.5,19990.400390625,19990.400390625,301123200
2022-11-11,20097.5,20169.80078125,20023.5,20111.5,20111.5,266577300
2022-11-14,20057.5,20102.30078125,19921.80078125,19921.80078125,19921.80078125,367889200
2022-11-15,20110.099609375,20117.400390625,19938.599609375,19994.80078125,19994.80078125,242851000
2022-11-16,19929,20011.599609375,19897.30078125,19958,19958,266857900
2022-11-17,19790.5,19884.599609375,19742.30078125,19884.599609375,19884.599609375,257158600
2022-11-18,19934.400390625,19995.19921875,19891.400390625,19980.900390625,19980.900390625,243056700
2022-11-21,19901.80078125,19986,19787.099609375,19977.099609375,19977.099609375,319942200
2022-11-22,20060.5,20236.5,20048.599609375,20220,20220,221847400
2022-11-23,20185.099609375,20303.599609375,20185.099609375,20282.30078125,20282.30078125,238316600
2022-11-24,20309.19921875,20386.69921875,20309.19921875,20344.099609375,20344.099609375,88111700
2022-11-25,20348.900390625,20446.30078125,20342.19921875,20383.80078125,20383.80078125,157063000
2022-11-28,20310,20397.900390625,20178.80078125,20220.5,20220.5,276019100
2022-11-29,20319.80078125,20322.69921875,20229.30078125,20277.400390625,20277.400390625,240667600
2022-11-30,20341.69921875,20456.599609375,20137.099609375,20453.30078125,20453.30078125,510923700
2022-12-01,20541.19921875,20639.5,20486.30078125,20525.5,20525.5,234415200
2022-12-02,20364.400390625,20554.5,20364.400390625,20485.69921875,20485.69921875,264750500
2022-12-05,20453.69921875,20476.400390625,20204,20242.30078125,20242.30078125,293487300
2022-12-06,20262,20306.599609375,19960,19990.19921875,19990.19921875,273032300
2022-12-07,19971.30078125,20093,19957.599609375,19973.19921875,19973.19921875,241429400
2022-12-08,20044.900390625,20086.400390625,19947.19921875,19969.19921875,19969.19921875,240247300
2022-12-09,19990.099609375,20086.30078125,19944.80078125,19947.099609375,19947.099609375,215724900
2022-12-12,19841.099609375,20019.900390625,19834.30078125,20019.69921875,20019.69921875,305801700
2022-12-13,20312.900390625,20341.30078125,19955.599609375,20023.5,20023.5,278272300
2022-12-14,20022.599609375,20081.80078125,19864,19891.69921875,19891.69921875,263781200
2022-12-15,19722.900390625,19726.599609375,19512.900390625,19600.599609375,19600.599609375,277405200
2022-12-16,19429.19921875,19504.19921875,19352.80078125,19443.30078125,19443.30078125,543394400
2022-12-19,19455.599609375,19485.30078125,19159.599609375,19200.80078125,19200.80078125,288092500
2022-12-20,19213.5,19379.099609375,19196.5,19306.900390625,19306.900390625,256453900
2022-12-21,19447.30078125,19598.69921875,19447.30078125,19571.099609375,19571.099609375,215845900
2022-12-22,19480.400390625,19480.400390625,19173.80078125,19349.69921875,19349.69921875,222587000
2022-12-23,19361.400390625,19506.69921875,19315.099609375,19506.69921875,19506.69921875,195463800
2022-12-28,19472.30078125,19519,19263.599609375,19284.099609375,19284.099609375,241863200
2022-12-29,19316.900390625,19515.400390625,19308.900390625,19485.900390625,19485.900390625,185217200
2022-12-30,19401.30078125,19496.19921875,19332.80078125,19384.900390625,19384.900390625,155571700
2023-01-03,19531.400390625,19661.599609375,19380.30078125,19443.80078125,19443.80078125,261589200
2023-01-04,19460.099609375,19639.5,19414.599609375,19588.80078125,19588.80078125,238146400
2023-01-05,19518.69921875,19536,19386.69921875,19506.80078125,19506.80078125,194759400
2023-01-06,19615.599609375,19821.400390625,19556.599609375,19814.5,19814.5,222341300
2023-01-09,19900,19987.5,19840.80078125,19857.099609375,19857.099609375,211962600
2023-01-10,19857.30078125,19898.900390625,19745.599609375,19898.900390625,19898.900390625,198069200
2023-01-11,19980.400390625,20038.30078125,19910.30078125,20025.099609375,20025.099609375,231468900
2023-01-12,20101.599609375,20214.30078125,19993.400390625,20211.19921875,20211.19921875,263797000
2023-01-13,20150.900390625,20380,20147.599609375,20360.099609375,20360.099609375,237924900
2023-01-16,20340.69921875,20435.099609375,20324.400390625,20390.30078125,20390.30078125,118836200
2023-01-17,20410.19921875,20479.900390625,20389.80078125,20457.5,20457.5,240442600
2023-01-18,20535.69921875,20632,20376.19921875,20376.19921875,20376.19921875,280008600
2023-01-19,20290.5,20406.5,20258.30078125,20341.400390625,20341.400390625,221749000
2023-01-20,20364.099609375,20517.099609375,20287.30078125,20503.19921875,20503.19921875,219872800
2023-01-23,20535.400390625,20641.69921875,20480.400390625,20631.599609375,20631.599609375,237356600
2023-01-24,20565,20653.19921875,20502.400390625,20629.599609375,20629.599609375,210676200
2023-01-25,20501.80078125,20634.30078125,20402.19921875,20599.599609375,20599.599609375,237469000
2023-01-26,20672.099609375,20700.5,20559.30078125,20700.5,20700.5,276746400
2023-01-27,20669.69921875,20763,20621.900390625,20714.5,20714.5,250949400
2023-01-30,20609,20713.69921875,20570.19921875,20572.099609375,20572.099609375,260418500
2023-01-31,20600.30078125,20771.599609375,20590.099609375,20767.400390625,20767.400390625,294121300
2023-02-01,20731.900390625,20828.400390625,20579.5,20751.099609375,20751.099609375,293853300
2023-02-02,20813.5,20843.19921875,20696.900390625,20740.400390625,20740.400390625,292419400
2023-02-03,20680.900390625,20830.30078125,20680.900390625,20758.30078125,20758.30078125,262056000
2023-02-06,20662.30078125,20683.599609375,20550.099609375,20628.900390625,20628.900390625,212391500
2023-02-07,20612,20775.69921875,20541.599609375,20725,20725,227523300
2023-02-08,20710.5,20779.19921875,20623.099609375,20679.5,20679.5,188011200
2023-02-09,20774.099609375,20821.69921875,20541.30078125,20597.80078125,20597.80078125,234223700
2023-02-10,20540.099609375,20624,20484.5,20612.099609375,20612.099609375,254306600
2023-02-13,20610.5,20741.5,20604.69921875,20702.19921875,20702.19921875,199921700
2023-02-14,20675.80078125,20766.80078125,20553.19921875,20704.80078125,20704.80078125,213762300
2023-02-15,20642.5,20725.69921875,20576.599609375,20720.400390625,20720.400390625,263772700
2023-02-16,20572.5,20706.19921875,20531.5,20606.400390625,20606.400390625,263447700
2023-02-17,20546.5,20575.30078125,20456.80078125,20515.19921875,20515.19921875,235929000
2023-02-21,20463.099609375,20463.099609375,20242.80078125,20252.599609375,20252.599609375,247827700
2023-02-22,20246.80078125,20284,20134.5,20193.30078125,20193.30078125,270951400
2023-02-23,20233.80078125,20293.69921875,20083.400390625,20188.19921875,20188.19921875,253377400
2023-02-24,20115.5,20220,19997.30078125,20219.19921875,20219.19921875,232664600
2023-02-27,20245.599609375,20374,20236.80078125,20260.099609375,20260.099609375,257382400
2023-02-28,20223.69921875,20242.599609375,20156.5,20221.19921875,20221.19921875,410582800
2023-03-01,20200.900390625,20318.900390625,20200.900390625,20259.80078125,20259.80078125,321373700
2023-03-02,20209.69921875,20347.099609375,20149,20337.19921875,20337.19921875,268034900
2023-03-03,20384.900390625,20609,20384.900390625,20581.599609375,20581.599609375,269826500
2023-03-06,20578.80078125,20615.5,20498.5,20514.80078125,20514.80078125,240762000
2023-03-07,20505.5,20505.5,20236.5,20275.5,20275.5,252344800
2023-03-08,20274.599609375,20438.19921875,20270.400390625,20346.5,20346.5,258126000
2023-03-09,20358.80078125,20441,20063.900390625,20086.69921875,20086.69921875,285414800
2023-03-10,20046.19921875,20064.69921875,19743.5,19774.900390625,19774.900390625,348103000
2023-03-13,19645.5,19714.19921875,19427.5,19588.900390625,19588.900390625,356349500
2023-03-14,19732.900390625,19850.599609375,19562.30078125,19694.19921875,19694.19921875,297283300
2023-03-15,19533,19533,19179.400390625,19378.80078125,19378.80078125,387722500
2023-03-16,19311.30078125,19589.400390625,19155.80078125,19539,19539,337397200
2023-03-17,19493,19493,19298,19387.69921875,19387.69921875,606497500
2023-03-20,19411.80078125,19535.599609375,19411.80078125,19519.400390625,19519.400390625,286514000
2023-03-21,19615.5,19734.69921875,19614.69921875,19654.900390625,19654.900390625,242855700
2023-03-22,19681.30078125,19813,19532.80078125,19532.80078125,19532.80078125,247697000
2023-03-23,19565.900390625,19681.80078125,19393.099609375,19459.900390625,19459.900390625,266470700
2023-03-24,19391.599609375,19506.599609375,19278.599609375,19501.5,19501.5,235964900
2023-03-27,19562.69921875,19638.599609375,19511.19921875,19624.69921875,19624.69921875,264218600
2023-03-28,19622.900390625,19700.19921875,19600.5,19657.5,19657.5,220188500
2023-03-29,19730.30078125,19841.30078125,19730.30078125,19837.69921875,19837.69921875,226950600
2023-03-30,19920.400390625,19949.099609375,19866.099609375,19941,19941,210219500
2023-03-31,19977.5,20126.5,19977.5,20099.900390625,20099.900390625,295642300
2023-04-03,20108.400390625,20281.19921875,20108.400390625,20278.30078125,20278.30078125,334009100
2023-04-04,20326.400390625,20361.30078125,20203.30078125,20275.80078125,20275.80078125,253929700
2023-04-05,20221.400390625,20246.30078125,20097.599609375,20159.599609375,20159.599609375,237311100
2023-04-06,20157.19921875,20201.599609375,20099.80078125,20196.69921875,20196.69921875,212583400
2023-04-10,20160.30078125,20281.099609375,20151.900390625,20275.80078125,20275.80078125,228205600
2023-04-11,20303.900390625,20461.69921875,20303.900390625,20421.900390625,20421.900390625,201959500
2023-04-12,20505.80078125,20593.5,20442.69921875,20454.30078125,20454.30078125,188062200
2023-04-13,20480.19921875,20591.900390625,20469.599609375,20564.5,20564.5,214314900
2023-04-14,20585.30078125,20638.19921875,20516,20579.900390625,20579.900390625,200538000
2023-04-17,20576.69921875,20646.900390625,20553.400390625,20642,20642,243716600
2023-04-18,20665.5,20729.5,20659,20684.69921875,20684.69921875,230440000
2023-04-19,20609.099609375,20695,20606.80078125,20680.80078125,20680.80078125,188384700
2023-04-20,20614.5,20705.30078125,20597.099609375,20630.69921875,20630.69921875,198556700
2023-04-21,20640.5,20696.5,20602.30078125,20693.19921875,20693.19921875,195036300
2023-04-24,20664.900390625,20709.599609375,20643.19921875,20676.69921875,20676.69921875,225222700
2023-04-25,20637,20637,20435.5,20439.900390625,20439.900390625,194142700
2023-04-26,20451.599609375,20501.5,20324.5,20366.69921875,20366.69921875,228511300
2023-04-27,20400.80078125,20546.69921875,20400.80078125,20522.599609375,20522.599609375,213761600
2023-04-28,20502.30078125,20661,20499.5,20636.5,20636.5,234250900
2023-05-01,20663.69921875,20766.900390625,20613.30078125,20615.099609375,20615.099609375,189384700
2023-05-02,20579.19921875,20579.19921875,20282.099609375,20407.599609375,20407.599609375,254437000
2023-05-03,20397.30078125,20498.900390625,20350,20354.69921875,20354.69921875,238384500
2023-05-04,20423.69921875,20444.19921875,20237.19921875,20238.19921875,20238.19921875,223576300
2023-05-05,20305.400390625,20565.599609375,20305.400390625,20542,20542,227862200
2023-05-08,20586.599609375,20627.80078125,20544.19921875,20585.19921875,20585.19921875,217315900
2023-05-09,20487.30078125,20599,20455.5,20585.69921875,20585.69921875,187098600
2023-05-10,20644.30078125,20644.30078125,20399.5,20499.30078125,20499.30078125,214002200
2023-05-11,20440,20444.69921875,20328.400390625,20417.599609375,20417.599609375,219530400
2023-05-12,20448.599609375,20492.099609375,20346.900390625,20419.599609375,20419.599609375,194640200
2023-05-15,20431.80078125,20544.099609375,20431.80078125,20540,20540,235032100
2023-05-16,20452.19921875,20452.19921875,20236.80078125,20242.099609375,20242.099609375,205406500
2023-05-17,20282.900390625,20297.30078125,20158.69921875,20296.400390625,20296.400390625,193198200
2023-05-18,20262.80078125,20302.900390625,20171,20297.099609375,20297.099609375,208292000
2023-05-19,20356,20399.599609375,20306.69921875,20351.099609375,20351.099609375,174612100
2023-05-23,20312.5,20327.5,20138.599609375,20146,20146,241493000
2023-05-24,20063.900390625,20063.900390625,19898.80078125,19927.69921875,19927.69921875,207572600
2023-05-25,19879.19921875,19879.19921875,19717.400390625,19774.099609375,19774.099609375,178511300
2023-05-26,19840.400390625,19944.099609375,19832.80078125,19920.30078125,19920.30078125,186378200
2023-05-29,19929,19991.900390625,19929,19968,19968,53333800
2023-05-30,19919.099609375,19936.5,19708.400390625,19739.69921875,19739.69921875,176191200
2023-05-31,19674.69921875,19674.69921875,19522.599609375,19572.19921875,19572.19921875,383419700
2023-06-01,19573,19735.19921875,19542.599609375,19672.30078125,19672.30078125,199567300
2023-06-02,19783.19921875,20032.099609375,19783.19921875,20024.599609375,20024.599609375,232220500
2023-06-05,20045.900390625,20068.30078125,19926.099609375,19931.599609375,19931.599609375,217525700
2023-06-06,19925.900390625,20059.5,19911.599609375,20055.599609375,20055.599609375,197427000
2023-06-07,20068.69921875,20150,19955.599609375,19983.69921875,19983.69921875,200207800
2023-06-08,19994.80078125,19996.30078125,19855.30078125,19942.69921875,19942.69921875,185562900
2023-06-09,19940,19976.099609375,19857.400390625,19892.099609375,19892.099609375,162962100
2023-06-12,19862.599609375,19933.599609375,19805.900390625,19921.30078125,19921.30078125,212148400
2023-06-13,19998.30078125,20099.19921875,19975.900390625,19990.400390625,19990.400390625,205098400
2023-06-14,20027.80078125,20098.5,19930.30078125,20015.099609375,20015.099609375,212250000
2023-06-15,19986.099609375,20057.400390625,19952.19921875,20027.400390625,20027.400390625,199331900
2023-06-16,20057.30078125,20112.400390625,19973.19921875,19975.400390625,19975.400390625,499628700
2023-06-19,19983.69921875,19985.19921875,19917.599609375,19934.19921875,19934.19921875,51027700
2023-06-20,19881.900390625,19881.900390625,19739.80078125,19754.099609375,19754.099609375,234693800
2023-06-21,19718.599609375,19761.69921875,19656.099609375,19706,19706,222469800
2023-06-22,19638.5,19638.5,19545.599609375,19580.900390625,19580.900390625,213520500
2023-06-23,19511.400390625,19511.400390625,19406.5,19418.19921875,19418.19921875,205268400
2023-06-26,19400.69921875,19630.5,19400.69921875,19587.30078125,19587.30078125,207613200
2023-06-27,19606.69921875,19757.400390625,19579.099609375,19733.099609375,19733.099609375,177727100
2023-06-28,19749.400390625,19818.900390625,19706.5,19818.900390625,19818.900390625,180146900
2023-06-29,19820.30078125,19914.5,19790.400390625,19913.19921875,19913.19921875,173336900
2023-06-30,19973.400390625,20178.80078125,19973.400390625,20155.30078125,20155.30078125,220958700
2023-07-04,20180.30078125,20227.69921875,20176.599609375,20204.900390625,20204.900390625,71685700
2023-07-05,20177.80078125,20177.80078125,20086.19921875,20103.900390625,20103.900390625,190949600
2023-07-06,20006.099609375,20006.099609375,19757.599609375,19810.69921875,19810.69921875,215164300
2023-07-07,19740.80078125,19911.30078125,19719.599609375,19831,19831,203482400
2023-07-10,19820.69921875,19863.30078125,19798.80078125,19822.5,19822.5,186459900
2023-07-11,19857.599609375,19882.5,19820.69921875,19878.599609375,19878.599609375,190110200
2023-07-12,19957.30078125,20092.69921875,19938.099609375,20070.80078125,20070.80078125,221857300
2023-07-13,20119.80078125,20294.30078125,20119.80078125,20277.599609375,20277.599609375,206193800
2023-07-14,20311,20336.599609375,20234.19921875,20262.099609375,20262.099609375,196626900
2023-07-17,20231.80078125,20256.80078125,20192.599609375,20226.80078125,20226.80078125,205999200
2023-07-18,20252.5,20380,20243.900390625,20376.599609375,20376.599609375,248064900
2023-07-19,20401.5,20497.400390625,20401.5,20491.19921875,20491.19921875,184128300
2023-07-20,20487.80078125,20507.400390625,20412.400390625,20436.900390625,20436.900390625,190154700
2023-07-21,20488.30078125,20562,20479.30078125,20547.5,20547.5,192841400
2023-07-24,20573.69921875,20623.900390625,20551.5,20582.099609375,20582.099609375,192374100
2023-07-25,20590.19921875,20612.19921875,20543.5,20551.5,20551.5,197296500
2023-07-26,20514.80078125,20596.19921875,20492.400390625,20561.599609375,20561.599609375,208307300
2023-07-27,20603.5,20610.599609375,20370.5,20385.5,20385.5,200254200
2023-07-28,20472.400390625,20578.400390625,20449.5,20519.400390625,20519.400390625,201665100
2023-07-31,20541.80078125,20677.30078125,20541.80078125,20626.599609375,20626.599609375,224123400
2023-08-01,20570.599609375,20585.900390625,20468.69921875,20532.900390625,20532.900390625,188166500
2023-08-02,20423.5,20423.5,20148.19921875,20218.19921875,20218.19921875,220650100
2023-08-03,20163.80078125,20163.80078125,20077.5,20120.69921875,20120.69921875,191898700
2023-08-04,20155.900390625,20356.599609375,20146.400390625,20236,20236,217548900
2023-08-08,20187.80078125,20223.599609375,20089.900390625,20206,20206,227909500
2023-08-09,20230.19921875,20317.19921875,20211.80078125,20275.30078125,20275.30078125,188600200
2023-08-10,20353.400390625,20444.599609375,20279.69921875,20342.900390625,20342.900390625,209810300
2023-08-11,20300.5,20415,20293.5,20407.599609375,20407.599609375,164371100
2023-08-14,20337.69921875,20338.80078125,20237.900390625,20290.5,20290.5,194938800
2023-08-15,20190.19921875,20190.19921875,19888.30078125,19899.80078125,19899.80078125,216307200
2023-08-16,19857.30078125,19965.69921875,19852,19899.099609375,19899.099609375,191254000
2023-08-17,19956.400390625,20008.900390625,19792.5,19812.19921875,19812.19921875,167615100
2023-08-18,19746.30078125,19845.30078125,19683.900390625,19818.400390625,19818.400390625,174024900
2023-08-21,19837.599609375,19875.69921875,19733.5,19784.900390625,19784.900390625,201363500
2023-08-22,19820.400390625,19820.400390625,19675.099609375,19691.19921875,19691.19921875,162812800
2023-08-23,19718.80078125,19907.30078125,19713.5,19879.80078125,19879.80078125,184846600
2023-08-24,19862,19900.900390625,19775.80078125,19775.80078125,19775.80078125,180708000
2023-08-25,19838.099609375,19883.599609375,19681.80078125,19835.80078125,19835.80078125,147497500
2023-08-28,19900.30078125,20038.599609375,19900.30078125,20025.099609375,20025.099609375,161416000
2023-08-29,20014.30078125,20290.80078125,19999.599609375,20290.400390625,20290.400390625,175093600
2023-08-30,20319.400390625,20403.400390625,20309.400390625,20330.30078125,20330.30078125,149122100
2023-08-31,20392.69921875,20426.69921875,20286.599609375,20292.599609375,20292.599609375,295670100
2023-09-01,20398.80078125,20575.400390625,20398.80078125,20545.400390625,20545.400390625,208562600
2023-09-05,20521.400390625,20546.400390625,20412.900390625,20413.80078125,20413.80078125,207766100
2023-09-06,20375.099609375,20375.099609375,20181.599609375,20227,20227,203759200
2023-09-07,20175.599609375,20224.69921875,20119.400390625,20132.099609375,20132.099609375,229427100
2023-09-08,20118.80078125,20161.099609375,20066.400390625,20074.69921875,20074.69921875,161860900
2023-09-11,20117.69921875,20222.900390625,20096.900390625,20182.80078125,20182.80078125,182505900
2023-09-12,20154.30078125,20267.900390625,20154.30078125,20223.099609375,20223.099609375,204613300
2023-09-13,20228.80078125,20298.69921875,20202.69921875,20278.900390625,20278.900390625,203489100
2023-09-14,20370.400390625,20576.5,20370.400390625,20567.80078125,20567.80078125,240479500
2023-09-15,20558.5,20652.19921875,20534.5,20622.30078125,20622.30078125,511260500
2023-09-18,20592.80078125,20598.599609375,20449.099609375,20492.80078125,20492.80078125,209947200
2023-09-19,20447.69921875,20447.69921875,20203.30078125,20218.900390625,20218.900390625,204462900
2023-09-20,20238.30078125,20351.5,20214.400390625,20214.69921875,20214.69921875,168205300
2023-09-21,20115,20115,19791.599609375,19791.599609375,19791.599609375,234089500
2023-09-22,19852.099609375,19898.900390625,19769.30078125,19780,19780,175034100
2023-09-25,19733.69921875,19850.19921875,19671.80078125,19800.599609375,19800.599609375,223278100
2023-09-26,19729.099609375,19774.69921875,19555.5,19556.19921875,19556.19921875,232673700
2023-09-27,19590.400390625,19633.400390625,19341.400390625,19436,19436,234124200
2023-09-28,19424.19921875,19629,19409.599609375,19590.69921875,19590.69921875,212463200
2023-09-29,19671.30078125,19707.599609375,19529.900390625,19541.30078125,19541.30078125,244108100
2023-10-02,19520.900390625,19520.900390625,19145.30078125,19177.19921875,19177.19921875,240239600
2023-10-03,19094.599609375,19125.900390625,18945.80078125,19020.900390625,19020.900390625,227841300
2023-10-04,19017.69921875,19052.19921875,18847.099609375,19034.80078125,19034.80078125,215488300
2023-10-05,18999.5,19157.5,18997.80078125,19137.80078125,19137.80078125,191165600
2023-10-06,19079.599609375,19283.80078125,18907.599609375,19246.099609375,19246.099609375,171571500
2023-10-10,19304.099609375,19573,19304.099609375,19501.19921875,19501.19921875,211061100
2023-10-11,19557.5,19669.599609375,19541.69921875,19663.80078125,19663.80078125,203638900
2023-10-12,19673.599609375,19702.099609375,19410.5,19500.19921875,19500.19921875,149020600
2023-10-13,19620.5,19659.099609375,19435,19462.900390625,19462.900390625,178223300
2023-10-16,19498.099609375,19643.099609375,19426.900390625,19620.80078125,19620.80078125,192172100
2023-10-17,19561.599609375,19768.599609375,19552.19921875,19692.80078125,19692.80078125,195977300
2023-10-18,19670.099609375,19670.099609375,19434.30078125,19450.69921875,19450.69921875,189308900
2023-10-19,19448.599609375,19505.19921875,19327.099609375,19348.80078125,19348.80078125,193909500
2023-10-20,19309.5,19309.5,19115.599609375,19115.599609375,19115.599609375,200966000
2023-10-23,19042.900390625,19193.400390625,18937.599609375,19046.69921875,19046.69921875,194662500
2023-10-24,19091.19921875,19139.19921875,18952.19921875,18986.5,18986.5,191869600
2023-10-25,18929.69921875,19090.80078125,18922.400390625,18947.900390625,18947.900390625,182306500
2023-10-26,18918.099609375,18987.400390625,18811.30078125,18875.30078125,18875.30078125,193011000
2023-10-27,18916.099609375,18927.400390625,18692.099609375,18737.400390625,18737.400390625,169618100
2023-10-30,18794.5,18966.80078125,18762.30078125,18856.80078125,18856.80078125,175898200
2023-10-31,18883.80078125,18928.19921875,18823.900390625,18873.5,18873.5,255771100
2023-11-01,18926.19921875,19089.69921875,18907.69921875,19079,19079,211870500
2023-11-02,19162.400390625,19640.099609375,19162.400390625,19626.30078125,19626.30078125,223991900
2023-11-03,19701.30078125,19888.400390625,19690.30078125,19824.900390625,19824.900390625,241029200
2023-11-06,19850.30078125,19905.400390625,19710,19743.900390625,19743.900390625,178950300
2023-11-07,19701.30078125,19701.30078125,19530.69921875,19575.599609375,19575.599609375,228639800
2023-11-08,19566.400390625,19646,19479.400390625,19530.19921875,19530.19921875,196549500
2023-11-09,19578.80078125,19791.099609375,19578.80078125,19587.400390625,19587.400390625,204740300
2023-11-10,19596.19921875,19655.900390625,19503.19921875,19654.5,19654.5,170463500
2023-11-13,19637.69921875,19775.599609375,19606.30078125,19709.19921875,19709.19921875,149713900
2023-11-14,19863.5,20071,19863.5,20023.69921875,20023.69921875,223084300
2023-11-15,20061,20139.30078125,20035.400390625,20057.900390625,20057.900390625,218852500
2023-11-16,20051.5,20089.5,19969.900390625,20053.099609375,20053.099609375,216366800
2023-11-17,20096.5,20206.599609375,20096.5,20175.80078125,20175.80078125,190919700
2023-11-20,20166.19921875,20262,20125.900390625,20246.5,20246.5,165146100
2023-11-21,20222.80078125,20259.5,20104.30078125,20110,20110,192164500
2023-11-22,20123.19921875,20168.69921875,20048.900390625,20114,20114,200963400
2023-11-23,20101.900390625,20179.30078125,20101.900390625,20116.69921875,20116.69921875,48635800
2023-11-24,20091.69921875,20156.69921875,20070.5,20103.099609375,20103.099609375,119816500
2023-11-27,20103.69921875,20106.5,20031.80078125,20032.69921875,20032.69921875,218137000
2023-11-28,19955.69921875,20076,19918.5,20036.80078125,20036.80078125,215593500
2023-11-29,20063.30078125,20156.30078125,20042.69921875,20116.19921875,20116.19921875,203591400
2023-11-30,20157.599609375,20244.19921875,20107.30078125,20236.30078125,20236.30078125,397333600
2023-12-01,20208.099609375,20459.69921875,20154.900390625,20452.900390625,20452.900390625,227706700
2023-12-04,20407,20473.19921875,20341.400390625,20410.19921875,20410.19921875,254110400
2023-12-05,20382.599609375,20453.69921875,20361.19921875,20375.900390625,20375.900390625,235689300
2023-12-06,20392.69921875,20492.099609375,20271.599609375,20274.19921875,20274.19921875,257432800
2023-12-07,20301.599609375,20315.80078125,20236.5,20278.5,20278.5,241437600
2023-12-08,20271.599609375,20376.599609375,20265.80078125,20331.5,20331.5,215407200
2023-12-11,20304.80078125,20319.5,20209.30078125,20318.400390625,20318.400390625,255014500
2023-12-12,20308,20308,20162.099609375,20233.80078125,20233.80078125,236956300
2023-12-13,20217.19921875,20629.69921875,20125.099609375,20629.5,20629.5,253693200
2023-12-14,20682.099609375,20842.400390625,20682.099609375,20778.80078125,20778.80078125,314329900
2023-12-15,20784,20784,20499.5,20529.19921875,20529.19921875,584631200
2023-12-18,20543.80078125,20676.19921875,20543.80078125,20622.69921875,20622.69921875,223826100
2023-12-19,20651.69921875,20848.80078125,20651.69921875,20839.599609375,20839.599609375,207254000
2023-12-20,20821,20891.900390625,20598.599609375,20600.80078125,20600.80078125,252490000
2023-12-21,20663.69921875,20810,20663.69921875,20765.69921875,20765.69921875,219444700
2023-12-22,20796.900390625,20938.69921875,20796.900390625,20881.19921875,20881.19921875,185515900
2023-12-27,20879,21091.099609375,20879,21015.900390625,21015.900390625,154654900
2023-12-28,20976,21022.80078125,20914.5,20929.400390625,20929.400390625,149852600
2023-12-29,20921.400390625,20965.900390625,20860.30078125,20958.400390625,20958.400390625,135138200
