"Fecha","Open","High","Low","Close","Adj.Close","Volume"
2007-01-02,20004.83984375,20323.58984375,19990.279296875,20310.1796875,20310.1796875,1264600000
2007-01-03,20353.419921875,20554.580078125,20249.609375,20413.390625,20413.390625,1.674e+09
2007-01-04,20415.669921875,20463.1796875,19948.01953125,20025.580078125,20025.580078125,2130500000
2007-01-05,19890.150390625,20213.640625,19757.240234375,20211.279296875,20211.279296875,1959100000
2007-01-08,19915,20085.580078125,19844.310546875,20029.66015625,20029.66015625,1438600000
2007-01-09,20162.5390625,20173.060546875,19794.2890625,19898.080078125,19898.080078125,1524400000
2007-01-10,19665.400390625,19693.69921875,19507.970703125,19568.33984375,19568.33984375,1684200000
2007-01-11,19653.01953125,19697.580078125,19350.5,19385.369140625,19385.369140625,1436300000
2007-01-12,19628.8203125,19680.630859375,19523.759765625,19613.41015625,19613.41015625,1.486e+09
2007-01-15,19776.130859375,20073.2890625,19746.0703125,20068.560546875,20068.560546875,1252400000
2007-01-16,20130.55078125,20133.490234375,19938.19921875,20027.94921875,20027.94921875,1026800000
2007-01-17,19917.490234375,20122.4296875,19841.16015625,20064.5703125,20064.5703125,1117700000
2007-01-18,20064.75,20297.41015625,20002.76953125,20277.509765625,20277.509765625,1354200000
2007-01-19,20215.55078125,20337.9296875,20189.359375,20327.720703125,20327.720703125,1025900000
2007-01-22,20501.44921875,20779.51953125,20487.599609375,20772.220703125,20772.220703125,1.019e+09
2007-01-23,20743.849609375,20810.7890625,20589.419921875,20769.69921875,20769.69921875,1409600000
2007-01-24,20950.939453125,20971.4609375,20725.48046875,20821.05078125,20821.05078125,1053400000
2007-01-25,20889.740234375,20897.55078125,20610.220703125,20669.830078125,20669.830078125,918300000
2007-01-26,20457.48046875,20457.48046875,20204.669921875,20281.130859375,20281.130859375,1539100000
2007-01-29,20317.390625,20366.7109375,20197.599609375,20236.6796875,20236.6796875,680500000
2007-01-30,20281.9296875,20465.4609375,20165.220703125,20460.4609375,20460.4609375,626600000
2007-01-31,20463.8203125,20507.6796875,20008.599609375,20106.419921875,20106.419921875,997400000
2007-02-01,20251.5703125,20496.810546875,20176.619140625,20430.16015625,20430.16015625,1071600000
2007-02-02,20544.330078125,20704.099609375,20468.83984375,20563.6796875,20563.6796875,945600000
2007-02-05,20514.830078125,20645.8203125,20409.16015625,20455.619140625,20455.619140625,819100000
2007-02-06,20511.779296875,20712.3203125,20438.359375,20655.19921875,20655.19921875,848200000
2007-02-07,20716.58984375,20739.009765625,20598.029296875,20679.689453125,20679.689453125,1088500000
2007-02-08,20475.880859375,20763.5703125,20318.990234375,20735.05078125,20735.05078125,1525200000
2007-02-09,20746.94921875,20771.08984375,20593.759765625,20677.66015625,20677.66015625,772400000
2007-02-12,20534.4296875,20696.650390625,20488.8203125,20593.41015625,20593.41015625,813600000
2007-02-13,20523.91015625,20523.91015625,20127.119140625,20132.25,20132.25,953700000
2007-02-14,20302.19921875,20330.369140625,20184.689453125,20209.91015625,20209.91015625,686800000
2007-02-15,20466.650390625,20570.140625,20398.44921875,20538.419921875,20538.419921875,845100000
2007-02-16,20545.9296875,20588.1796875,20458.009765625,20567.91015625,20567.91015625,709900000
2007-02-21,20649.720703125,20677.2890625,20540.3203125,20651.419921875,20651.419921875,7.5e+08
2007-02-22,20748.4609375,20829.66015625,20740.330078125,20809.23046875,20809.23046875,795300000
2007-02-23,20844.25,20844.25,20547.439453125,20711.650390625,20711.650390625,874100000
2007-02-26,20520.44921875,20581.419921875,20474.41015625,20507.94921875,20507.94921875,782300000
2007-02-27,20500.880859375,20500.880859375,20042.30078125,20147.869140625,20147.869140625,1412400000
2007-02-28,19426.94921875,19749.58984375,19381.880859375,19651.509765625,19651.509765625,2038300000
2007-03-01,19581.859375,19643.41015625,19346.599609375,19346.599609375,19346.599609375,1474400000
2007-03-02,19386.5703125,19560.51953125,19355.630859375,19442.009765625,19442.009765625,1132400000
2007-03-05,19137.359375,19164.349609375,18659.23046875,18664.880859375,18664.880859375,1.986e+09
2007-03-06,18899.2109375,19080.33984375,18876.619140625,19058.560546875,19058.560546875,1606500000
2007-03-07,19188.220703125,19239.919921875,18910.240234375,18918.640625,18918.640625,1453800000
2007-03-08,18924.279296875,19191.099609375,18909.0703125,19175.169921875,19175.169921875,1240700000
2007-03-09,19259.099609375,19259.099609375,19065.029296875,19134.880859375,19134.880859375,1765800000
2007-03-12,19252.369140625,19470.369140625,19220.509765625,19442.419921875,19442.419921875,1720500000
2007-03-13,19397.0390625,19442.51953125,19251.19921875,19333.140625,19333.140625,1336200000
2007-03-14,18803.0703125,18888.400390625,18738.509765625,18836.9296875,18836.9296875,2054900000
2007-03-15,19029.2109375,19054.939453125,18932.4609375,18969.439453125,18969.439453125,898700000
2007-03-16,18846.490234375,19130.099609375,18770.279296875,18953.5,18953.5,0
2007-03-19,19006.150390625,19267.830078125,18967.41015625,19266.740234375,19266.740234375,1292300000
2007-03-20,19430.69921875,19463.900390625,19332.599609375,19356.900390625,19356.900390625,1021300000
2007-03-21,19380.98046875,19537.08984375,19270.720703125,19516.41015625,19516.41015625,977800000
2007-03-22,19757.73046875,19813.2109375,19621.259765625,19690.25,19690.25,1650400000
2007-03-23,19665.05078125,19729.490234375,19634.109375,19692.640625,19692.640625,1073200000
2007-03-26,19719.880859375,19819.0390625,19653.73046875,19765.849609375,19765.849609375,780600000
2007-03-27,19749.810546875,19768.3203125,19661.859375,19706.7890625,19706.7890625,920300000
2007-03-28,19664.880859375,19729.310546875,19459.189453125,19553.869140625,19553.869140625,1198500000
2007-03-29,19470.419921875,19832.140625,19460.359375,19821.779296875,19821.779296875,1914500000
2007-03-30,19810.859375,19880.259765625,19705.560546875,19800.9296875,19800.9296875,938600000
2007-04-02,19900.009765625,19976.810546875,19672.939453125,19809.69921875,19809.69921875,848500000
2007-04-03,19903.890625,20021.029296875,19903.890625,20002.69921875,20002.69921875,8.37e+08
2007-04-04,20187.669921875,20210.83984375,20099.849609375,20209.7109375,20209.7109375,1526200000
2007-04-10,20416.5390625,20416.5390625,20248.0390625,20347.869140625,20347.869140625,1327700000
2007-04-11,20427.94921875,20502.169921875,20278.83984375,20449.4296875,20449.4296875,1485600000
2007-04-12,20360.3203125,20428.599609375,20293.330078125,20380.2109375,20380.2109375,1723300000
2007-04-13,20413.48046875,20432.009765625,20264.990234375,20340.970703125,20340.970703125,1643700000
2007-04-16,20493.259765625,20765.400390625,20489.91015625,20757.529296875,20757.529296875,1761300000
2007-04-17,20804.919921875,20816.109375,20635.630859375,20788.609375,20788.609375,1813700000
2007-04-18,20868.0703125,20868.0703125,20718.720703125,20777.08984375,20777.08984375,1990600000
2007-04-19,20615.419921875,20634.900390625,20232.810546875,20299.7109375,20299.7109375,2153200000
2007-04-20,20495.830078125,20567.33984375,20474.310546875,20566.58984375,20566.58984375,1825300000
2007-04-23,20710.380859375,20757.41015625,20529.0703125,20556.5703125,20556.5703125,1269200000
2007-04-24,20455.349609375,20618.009765625,20396.369140625,20572.80078125,20572.80078125,1220500000
2007-04-25,20484.1796875,20621.6796875,20417.58984375,20536.779296875,20536.779296875,1111500000
2007-04-26,20672.490234375,20778.439453125,20651.2890625,20667.2890625,20667.2890625,1.328e+09
2007-04-27,20557.0703125,20619.109375,20425.5703125,20526.5,20526.5,1115600000
2007-04-30,20525.9609375,20525.9609375,20130.109375,20318.98046875,20318.98046875,1232500000
2007-05-02,20384.029296875,20483.240234375,20351.259765625,20388.490234375,20388.490234375,1118200000
2007-05-03,20582.41015625,20739.029296875,20555.5703125,20681.580078125,20681.580078125,1119200000
2007-05-04,20865.060546875,20883.2109375,20714.8203125,20841.080078125,20841.080078125,1261900000
2007-05-07,20933.990234375,21070.2109375,20891.060546875,20896.640625,20896.640625,1.355e+09
2007-05-08,20850.0703125,20880.69921875,20662.599609375,20706.349609375,20706.349609375,1.137e+09
2007-05-09,20704.369140625,20844.779296875,20677.810546875,20844.779296875,20844.779296875,912600000
2007-05-10,20729.51953125,20821.859375,20683.30078125,20746.26953125,20746.26953125,1187400000
2007-05-11,20469.490234375,20552.560546875,20420.119140625,20468.2109375,20468.2109375,1440600000
2007-05-14,21036.619140625,21065.58984375,20870.009765625,20979.240234375,20979.240234375,2746200000
2007-05-15,20985.9296875,21088.859375,20826.9296875,20868.150390625,20868.150390625,1830100000
2007-05-16,20854.08984375,20953.240234375,20784.25,20937.259765625,20937.259765625,1.083e+09
2007-05-17,21042.669921875,21084.23046875,20944.150390625,20994.609375,20994.609375,1084700000
2007-05-18,20882.869140625,20904.83984375,20769.099609375,20904.83984375,20904.83984375,1294100000
2007-05-21,20963.51953125,21055.109375,20922.349609375,20927.75,20927.75,1483100000
2007-05-22,20996.990234375,21020.419921875,20782.380859375,20843.919921875,20843.919921875,1351400000
2007-05-23,20838.359375,20888.140625,20767.6796875,20798.970703125,20798.970703125,920800000
2007-05-25,20553.779296875,20566.259765625,20474.029296875,20520.66015625,20520.66015625,1601200000
2007-05-28,20594.140625,20619.16015625,20503.869140625,20529.759765625,20529.759765625,998500000
2007-05-29,20518.349609375,20565.25,20395.099609375,20469.58984375,20469.58984375,0
2007-05-30,20342.9609375,20403.359375,20184.48046875,20293.759765625,20293.759765625,1831400000
2007-05-31,20405.94921875,20673.400390625,20354.66015625,20634.470703125,20634.470703125,1885300000
2007-06-01,20717.26953125,20793.380859375,20598.849609375,20602.869140625,20602.869140625,1668100000
2007-06-04,20698.990234375,20821.91015625,20638.69921875,20729.58984375,20729.58984375,1385400000
2007-06-05,20820.48046875,20878.08984375,20615.9609375,20842.150390625,20842.150390625,1628200000
2007-06-06,20850.259765625,20943.939453125,20803.220703125,20818.609375,20818.609375,1225400000
2007-06-07,20637.900390625,20838.439453125,20600.369140625,20800.16015625,20800.16015625,1456500000
2007-06-08,20531.849609375,20536.169921875,20433.51953125,20509.150390625,20509.150390625,1947600000
2007-06-11,20649.05078125,20673.900390625,20591.419921875,20615.490234375,20615.490234375,1034100000
2007-06-12,20654.470703125,20664.849609375,20511.029296875,20636.390625,20636.390625,989100000
2007-06-13,20527.26953125,20628.060546875,20520.669921875,20578.75,20578.75,1040500000
2007-06-14,20714.859375,20924.810546875,20714.859375,20867.259765625,20867.259765625,2314400000
2007-06-15,21024.3203125,21052.94921875,20917.640625,21017.05078125,21017.05078125,2.894e+09
2007-06-18,21256.2890625,21585.029296875,21256.2890625,21582.890625,21582.890625,3890400000
2007-06-20,21645.060546875,21897.580078125,21644.119140625,21684.669921875,21684.669921875,3363800000
2007-06-21,21784.119140625,21969.259765625,21714.94921875,21954.669921875,21954.669921875,2357800000
2007-06-22,21879.5,22052.849609375,21788.150390625,21999.91015625,21999.91015625,2095700000
2007-06-25,21884.099609375,22085.58984375,21814.4609375,21822.349609375,21822.349609375,1598800000
2007-06-26,21800.76953125,21950.01953125,21755.2890625,21803.5703125,21803.5703125,1552700000
2007-06-27,21775.1796875,21800.490234375,21562,21705.560546875,21705.560546875,2007400000
2007-06-28,21912.7890625,22035.419921875,21885.529296875,21938.220703125,21938.220703125,2522400000
2007-06-29,21997.25,22044.6796875,21768.759765625,21772.73046875,21772.73046875,1621400000
2007-07-03,22004.140625,22159.51953125,21960.759765625,22151.140625,22151.140625,1882500000
2007-07-04,22279.830078125,22307.599609375,22131.240234375,22218.55078125,22218.55078125,1.891e+09
2007-07-05,22272.810546875,22328.609375,22126.970703125,22252.990234375,22252.990234375,2014900000
2007-07-06,22217.4609375,22565.4296875,22081.349609375,22531.740234375,22531.740234375,2258600000
2007-07-09,22719.990234375,22818.3203125,22601.650390625,22817.4296875,22817.4296875,2780800000
2007-07-10,22833.470703125,22889.609375,22718.130859375,22885.83984375,22885.83984375,3951100000
2007-07-11,22655.380859375,22850.400390625,22539.69921875,22607.01953125,22607.01953125,3298300000
2007-07-12,22797.75,22975.810546875,22773.7109375,22809.01953125,22809.01953125,2265800000
2007-07-13,23199.060546875,23239.919921875,23048.689453125,23099.2890625,23099.2890625,1952500000
2007-07-16,23098.66015625,23128.560546875,22932.30078125,22953.939453125,22953.939453125,1338800000
2007-07-17,22915.7890625,23148.259765625,22915.7890625,23057.30078125,23057.30078125,1557900000
2007-07-18,22956.970703125,23035.80078125,22782.630859375,22841.919921875,22841.919921875,2.212e+09
2007-07-19,22864.75,23024.5,22817.919921875,23016.19921875,23016.19921875,1915800000
2007-07-20,23195.41015625,23301.9296875,23118.669921875,23291.900390625,23291.900390625,1810900000
2007-07-23,23170.349609375,23389.939453125,23152.5390625,23365.560546875,23365.560546875,1564600000
2007-07-24,23459.740234375,23534.380859375,23410.5390625,23472.880859375,23472.880859375,1757500000
2007-07-25,23228.560546875,23439.830078125,23228.560546875,23362.1796875,23362.1796875,1877600000
2007-07-26,23494.0390625,23557.740234375,23127.80078125,23211.689453125,23211.689453125,1718400000
2007-07-27,22647.109375,22854.5390625,22443.099609375,22570.41015625,22570.41015625,2901400000
2007-07-30,22478.76953125,22759.490234375,22473.919921875,22739.900390625,22739.900390625,1662300000
2007-07-31,23023.4296875,23199.900390625,22881.970703125,23184.939453125,23184.939453125,1757700000
2007-08-01,23018.19921875,23025.140625,22209.7890625,22455.359375,22455.359375,2848100000
2007-08-02,22730.400390625,22767.470703125,22144.73046875,22443.25,22443.25,2099200000
2007-08-03,22625.380859375,22644.580078125,22356.30078125,22538.439453125,22538.439453125,1787600000
2007-08-06,22128.060546875,22147.419921875,21916.69921875,21936.73046875,21936.73046875,2154500000
2007-08-07,22171.900390625,22177.80078125,21833.140625,21907.990234375,21907.990234375,1593400000
2007-08-08,22102.759765625,22540.30078125,22100.33984375,22536.669921875,22536.669921875,1987100000
2007-08-09,22715.080078125,22796.73046875,22425.0703125,22439.359375,22439.359375,1874300000
2007-08-10,21797.390625,21860.130859375,21661.05078125,21792.7109375,21792.7109375,1987800000
2007-08-13,21932,21969.44921875,21692.16015625,21891.099609375,21891.099609375,1535600000
2007-08-14,21886.259765625,22012.0390625,21836.099609375,22007.3203125,22007.3203125,1.157e+09
2007-08-15,21637.5,21637.5,21303.349609375,21375.720703125,21375.720703125,2057800000
2007-08-16,20841.23046875,20841.23046875,20435.150390625,20672.390625,20672.390625,3139800000
2007-08-17,20761.310546875,20761.310546875,19386.720703125,20387.130859375,20387.130859375,4215400000
2007-08-20,21140.73046875,21608.33984375,20901.640625,21595.630859375,21595.630859375,3.73e+09
2007-08-21,22228.240234375,22616.849609375,21651.400390625,21729.349609375,21729.349609375,4533200000
2007-08-22,21949.390625,22360.029296875,21854.220703125,22346.880859375,22346.880859375,2207500000
2007-08-23,23055.119140625,23063.9296875,22771.849609375,22966.970703125,22966.970703125,3440600000
2007-08-24,22718.5390625,22933.80078125,22629.490234375,22921.890625,22921.890625,3.329e+09
2007-08-27,23358.380859375,23582.66015625,23285.7109375,23577.73046875,23577.73046875,3614900000
2007-08-28,23750.25,23750.25,23304.640625,23363.759765625,23363.759765625,2876800000
2007-08-29,22802.830078125,23110.259765625,22686.83984375,23020.599609375,23020.599609375,2609900000
2007-08-30,23509.98046875,23583.490234375,23376.6796875,23484.5390625,23484.5390625,2371600000
2007-08-31,23584.66015625,24089,23487.0703125,23984.140625,23984.140625,3266700000
2007-09-03,23611.01953125,23915.05078125,23611.01953125,23904.08984375,23904.08984375,1703300000
2007-09-04,23937.4609375,24127.16015625,23855.109375,23886.0703125,23886.0703125,1982800000
2007-09-05,24196.58984375,24283.150390625,23839,24069.169921875,24069.169921875,1817500000
2007-09-06,23857.970703125,24089.060546875,23853.05078125,24050.400390625,24050.400390625,1588700000
2007-09-07,24036.359375,24135.240234375,23881.720703125,23982.609375,23982.609375,2604900000
2007-09-10,23584.0703125,24123.66015625,23578.109375,23999.69921875,23999.69921875,2092800000
2007-09-11,24000.1796875,24157.359375,23753.349609375,23952.240234375,23952.240234375,1687600000
2007-09-12,24195.380859375,24329.19921875,24088.109375,24310.140625,24310.140625,1.734e+09
2007-09-13,24475.970703125,24552.1796875,24216.41015625,24537.01953125,24537.01953125,1378300000
2007-09-14,24750.0390625,24978.609375,24715.740234375,24898.109375,24898.109375,2032500000
2007-09-17,24977.419921875,24977.419921875,24544.740234375,24599.33984375,24599.33984375,1338800000
2007-09-18,24503.830078125,24599.310546875,24368.650390625,24576.849609375,24576.849609375,1397500000
2007-09-19,25511.359375,25648.439453125,25286.919921875,25554.640625,25554.640625,3122500000
2007-09-20,25638.310546875,25773.599609375,25571.150390625,25701.130859375,25701.130859375,3257500000
2007-09-21,25659.9609375,25893.19921875,25554.5390625,25843.779296875,25843.779296875,2553600000
2007-09-24,26002.099609375,26635.26953125,25994.779296875,26551.939453125,26551.939453125,3199800000
2007-09-25,26388.859375,26667.240234375,26236.73046875,26430.2890625,26430.2890625,2863200000
2007-09-27,26664.7890625,27166.009765625,26664.7890625,27065.150390625,27065.150390625,3126900000
2007-09-28,27126.130859375,27254.970703125,26899.48046875,27142.470703125,27142.470703125,3152600000
2007-10-02,27816.919921875,28256.80078125,27795.55078125,28199.75,28199.75,4.002e+09
2007-10-03,28163.26953125,28871.0390625,27245.48046875,27479.939453125,27479.939453125,4924100000
2007-10-04,27108.26953125,27423.109375,26746.630859375,26973.98046875,26973.98046875,2888200000
2007-10-05,27329.650390625,27843.58984375,27203.91015625,27831.51953125,27831.51953125,2411400000
2007-10-08,28233.30078125,28482.419921875,27651.2109375,27770.2890625,27770.2890625,3766200000
2007-10-09,27817.109375,28238.310546875,27491.9296875,28228.0390625,28228.0390625,2439200000
2007-10-10,28654.94921875,28771.470703125,28292.900390625,28569.330078125,28569.330078125,4380300000
2007-10-11,28689.73046875,29133.759765625,28609.6796875,29133.01953125,29133.01953125,3820200000
2007-10-12,28773.060546875,28935.669921875,28368.689453125,28838.369140625,28838.369140625,3.267e+09
2007-10-15,29147.83984375,29561.98046875,28767.41015625,29540.779296875,29540.779296875,2642600000
2007-10-16,29238.2890625,29920.25,28884.23046875,28954.55078125,28954.55078125,3997700000
2007-10-17,28674.26953125,29310.779296875,28484.19921875,29298.7109375,29298.7109375,2589900000
2007-10-18,30013.48046875,30025.0703125,29265.470703125,29465.05078125,29465.05078125,2831300000
2007-10-22,28336.970703125,28760.55078125,28336.970703125,28373.630859375,28373.630859375,3018800000
2007-10-23,28726.9609375,29418.990234375,28718.55078125,29376.859375,29376.859375,2795800000
2007-10-24,29810.380859375,29997.009765625,29290.720703125,29333.529296875,29333.529296875,3174400000
2007-10-25,29660.470703125,29943.390625,29314.220703125,29854.490234375,29854.490234375,3462800000
2007-10-26,30215.19921875,30562.630859375,29932.640625,30405.220703125,30405.220703125,3197400000
2007-10-29,30986.220703125,31604.5,30986.220703125,31586.900390625,31586.900390625,3541600000
2007-10-30,31361.91015625,31958.41015625,31361.91015625,31638.220703125,31638.220703125,4108600000
2007-10-31,31530.9609375,31556.05078125,31159.5390625,31352.580078125,31352.580078125,3478800000
2007-11-01,31783.470703125,31897.490234375,31342.05078125,31492.880859375,31492.880859375,3724600000
2007-11-02,30580.0703125,30922.310546875,30366.689453125,30468.33984375,30468.33984375,3254900000
2007-11-05,30165.779296875,30356.7890625,28920.30078125,28942.3203125,28942.3203125,3222300000
2007-11-06,29220.0390625,29470.970703125,28479.029296875,29438.130859375,29438.130859375,3051500000
2007-11-07,30054.080078125,30195.640625,29596.1796875,29708.9296875,29708.9296875,2510200000
2007-11-08,28758.720703125,29009.369140625,28545.69921875,28760.220703125,28760.220703125,2681600000
2007-11-09,28510.529296875,29249.94921875,28408.529296875,28783.41015625,28783.41015625,2.419e+09
2007-11-12,28061.44921875,28071.529296875,27468,27665.73046875,27665.73046875,2892800000
2007-11-13,27561.5703125,28010.970703125,26952.939453125,27803.349609375,27803.349609375,3.266e+09
2007-11-14,28787.400390625,29175.259765625,28622.970703125,29166.009765625,29166.009765625,2952900000
2007-11-15,29078.2109375,29249.990234375,28730.30078125,28751.2109375,28751.2109375,1852800000
2007-11-16,28037.1796875,28120.419921875,27496.150390625,27614.4296875,27614.4296875,2922800000
2007-11-19,27628.970703125,27801.529296875,27300.2890625,27460.169921875,27460.169921875,1637300000
2007-11-20,26583.640625,27851.310546875,26404.279296875,27771.2109375,27771.2109375,2942600000
2007-11-21,27277.720703125,27303.91015625,26500.5390625,26618.189453125,26618.189453125,2.568e+09
2007-11-22,26318.2109375,27003.869140625,25861.73046875,26004.919921875,26004.919921875,2503400000
2007-11-23,26484.740234375,26723.33984375,26305.44921875,26541.08984375,26541.08984375,1759700000
2007-11-26,27398.529296875,27643.560546875,27311.880859375,27626.619140625,27626.619140625,2287900000
2007-11-27,26704.759765625,27552.33984375,26637.609375,27210.2109375,27210.2109375,3300500000
2007-11-28,27315.9296875,27455.810546875,27028.669921875,27371.240234375,27371.240234375,1596700000
2007-11-29,28337.109375,28667.26953125,28114.6796875,28482.5390625,28482.5390625,3118200000
2007-11-30,28604.6796875,28792.30078125,28436.7109375,28643.609375,28643.609375,1761200000
2007-12-03,28825.029296875,29119.73046875,28658.419921875,28658.419921875,28658.419921875,1481700000
2007-12-04,28544.1796875,29020.7890625,28544.1796875,28879.58984375,28879.58984375,1117800000
2007-12-05,28942.23046875,29411.390625,28712.470703125,29345.44921875,29345.44921875,2070400000
2007-12-06,29769.150390625,29889.349609375,29530.3203125,29558.919921875,29558.919921875,2528800000
2007-12-07,29890.640625,29962.9296875,28838.939453125,28842.470703125,28842.470703125,2621600000
2007-12-10,29017.69921875,29137.890625,28445.669921875,28501.099609375,28501.099609375,2.767e+09
2007-12-11,28947.69921875,29235.2109375,28726.130859375,29226.83984375,29226.83984375,1822500000
2007-12-12,28611.640625,28777.279296875,28343.2109375,28521.060546875,28521.060546875,2741100000
2007-12-13,28518.779296875,28604.169921875,27606.23046875,27744.44921875,27744.44921875,2.963e+09
2007-12-14,27708.310546875,27813.8203125,27245.169921875,27563.640625,27563.640625,2426900000
2007-12-17,27236.44921875,27245.509765625,26551.369140625,26596.580078125,26596.580078125,2406700000
2007-12-18,26515.08984375,26912.2890625,26093.9609375,26732.869140625,26732.869140625,2245700000
2007-12-19,26880.08984375,27214.650390625,26670.849609375,27029.259765625,27029.259765625,1637100000
2007-12-20,27034.599609375,27203.890625,26957.650390625,27017.08984375,27017.08984375,1421500000
2007-12-21,27192.80078125,27670.310546875,27192.80078125,27626.919921875,27626.919921875,1608500000
2007-12-24,27965.25,28191.259765625,27954.279296875,28128.80078125,28128.80078125,1238100000
2007-12-27,28337.470703125,28343.390625,27842.9296875,27842.9296875,27842.9296875,1551900000
2007-12-28,27511.5390625,27678.400390625,27296.859375,27370.599609375,27370.599609375,1772100000
2007-12-31,27437.939453125,27820.140625,27437.939453125,27812.650390625,27812.650390625,853800000
2008-01-02,27632.19921875,27853.599609375,27299.44921875,27560.51953125,27560.51953125,1232100000
2008-01-03,27050.029296875,27223.7109375,26864.130859375,26887.279296875,26887.279296875,2442700000
2008-01-04,27004.33984375,27596.859375,26994.849609375,27519.689453125,27519.689453125,2375500000
2008-01-07,26962.5390625,27186.0703125,26698.5390625,27179.490234375,27179.490234375,2452900000
2008-01-08,27466.9609375,27637.599609375,27088.69921875,27112.900390625,27112.900390625,2492400000
2008-01-09,26847.490234375,27625.830078125,26757.029296875,27615.849609375,27615.849609375,2714700000
2008-01-10,27426.419921875,27596.5,27115.8203125,27230.859375,27230.859375,2704600000
2008-01-11,27435.509765625,27593.69921875,26725.94921875,26867.009765625,26867.009765625,2950300000
2008-01-14,27019.130859375,27142.880859375,26464.640625,26468.130859375,26468.130859375,2050200000
2008-01-15,26728.9296875,26800.51953125,25823.5,25837.779296875,25837.779296875,2333400000
2008-01-16,25131.109375,25131.109375,24320.029296875,24450.849609375,24450.849609375,4294600000
2008-01-17,24705.080078125,25381.91015625,23957.609375,25114.98046875,25114.98046875,3535100000
2008-01-18,24247.169921875,25378.240234375,24134.25,25201.869140625,25201.869140625,3155100000
2008-01-21,24459.01953125,24650.279296875,23770.130859375,23818.859375,23818.859375,3252100000
2008-01-22,22624.2890625,22713.689453125,21709.630859375,21757.630859375,21757.630859375,5979700000
2008-01-23,23359.19921875,24239.98046875,22647.279296875,24090.169921875,24090.169921875,5350500000
2008-01-24,24396.849609375,24966.169921875,23478.869140625,23539.26953125,23539.26953125,4.254e+09
2008-01-25,24801.4609375,25243.580078125,24483.9296875,25122.369140625,25122.369140625,3.929e+09
2008-01-28,24342.390625,24384.26953125,23586.51953125,24053.609375,24053.609375,3.088e+09
2008-01-29,24640.099609375,24736.80078125,24229.140625,24291.80078125,24291.80078125,1953200000
2008-01-30,24605.150390625,24631.58984375,23586.369140625,23653.689453125,23653.689453125,2550800000
2008-01-31,23789.720703125,23887.169921875,23052.94921875,23455.740234375,23455.740234375,2.46e+09
2008-02-01,23791.919921875,24238.30078125,23322.05078125,24123.580078125,24123.580078125,3429300000
2008-02-04,24885.0703125,25101.41015625,24728.5,25032.080078125,25032.080078125,3259200000
2008-02-05,24710.099609375,24961.98046875,24504.529296875,24808.69921875,24808.69921875,1704100000
2008-02-06,23458.150390625,23592.310546875,23283.970703125,23469.4609375,23469.4609375,2714600000
2008-02-11,23404.740234375,23404.740234375,22569.529296875,22616.109375,22616.109375,2369900000
2008-02-12,22953.779296875,23146.439453125,22891.220703125,22921.669921875,22921.669921875,1584800000
2008-02-13,23330.08984375,23534.490234375,22938.05078125,23169.55078125,23169.55078125,2.066e+09
2008-02-14,23893.509765625,24140.2890625,23756.44921875,24021.6796875,24021.6796875,2799200000
2008-02-15,23511.470703125,24208.509765625,23446.369140625,24148.4296875,24148.4296875,1.92e+09
2008-02-18,24344.26953125,24413.890625,23735.869140625,23759.25,23759.25,1666300000
2008-02-19,24040.66015625,24402.640625,24025.05078125,24123.169921875,24123.169921875,2524500000
2008-02-20,24265.3203125,24265.3203125,23481.060546875,23590.580078125,23590.580078125,2652400000
2008-02-21,23957.640625,24003.599609375,23500.94921875,23623,23623,1680700000
2008-02-22,23233.900390625,23420.349609375,23077.509765625,23305.0390625,23305.0390625,1760200000
2008-02-25,23546.099609375,23552.990234375,23164.970703125,23269.140625,23269.140625,1323800000
2008-02-26,23564.76953125,23762.400390625,23395.259765625,23714.75,23714.75,1.621e+09
2008-02-27,24161.189453125,24610.41015625,24111.599609375,24483.83984375,24483.83984375,3009500000
2008-02-28,24373.900390625,24841.23046875,24205.009765625,24591.689453125,24591.689453125,2194400000
2008-02-29,24226.830078125,24370.689453125,24010.48046875,24331.669921875,24331.669921875,1997900000
2008-03-03,23491.5703125,23738.669921875,23458.94921875,23584.970703125,23584.970703125,2.409e+09
2008-03-04,23858.0390625,23923.19921875,23060.900390625,23119.869140625,23119.869140625,2208700000
2008-03-05,23066.640625,23268.44921875,22873.310546875,23114.33984375,23114.33984375,1.977e+09
2008-03-06,23360.6796875,23615.1796875,23254.310546875,23342.73046875,23342.73046875,1691900000
2008-03-07,22694.23046875,22836.759765625,22447.83984375,22501.330078125,22501.330078125,2764200000
2008-03-10,22387.25,22725.2109375,22034.759765625,22705.05078125,22705.05078125,2510400000
2008-03-11,22634.7109375,22995.349609375,22263.359375,22995.349609375,22995.349609375,2261200000
2008-03-12,23737.650390625,23737.650390625,23139.400390625,23422.759765625,23422.759765625,2.637e+09
2008-03-13,22925.419921875,23007.609375,22251.240234375,22301.640625,22301.640625,2546500000
2008-03-14,22536.119140625,22747.140625,22151.509765625,22237.109375,22237.109375,2340200000
2008-03-17,21318.029296875,21473.400390625,21041.259765625,21084.609375,21084.609375,3369500000
2008-03-18,21444.609375,21467.1796875,20572.919921875,21384.609375,21384.609375,3676800000
2008-03-19,22191.880859375,22191.880859375,21779.83984375,21866.939453125,21866.939453125,2951800000
2008-03-20,21173.30078125,21471.669921875,20896.140625,21108.220703125,21108.220703125,2784800000
2008-03-25,21841.779296875,22529.80078125,21691.55078125,22464.51953125,22464.51953125,3281200000
2008-03-26,22581.75,22811.349609375,22428.4296875,22617.009765625,22617.009765625,2754500000
2008-03-27,22312.5703125,22758.939453125,22205.19921875,22664.220703125,22664.220703125,2271900000
2008-03-28,22750.310546875,23313.880859375,22721.220703125,23285.94921875,23285.94921875,3177600000
2008-03-31,22997.0390625,23077.83984375,22700.83984375,22849.19921875,22849.19921875,1.817e+09
2008-04-01,23084.9296875,23305.7109375,22700.5,23137.4609375,23137.4609375,2122800000
2008-04-02,24133.76953125,24195.3203125,23858.890625,23872.4296875,23872.4296875,3980900000
2008-04-03,23947.55078125,24334.189453125,23937.310546875,24264.630859375,24264.630859375,2489100000
2008-04-07,24484.830078125,24642.01953125,24269.55078125,24578.759765625,24578.759765625,2.084e+09
2008-04-08,24507.0703125,24557.4296875,24212.599609375,24311.689453125,24311.689453125,1980400000
2008-04-09,24293.419921875,24492.029296875,23921.150390625,23984.5703125,23984.5703125,2280700000
2008-04-10,24101.41015625,24214.5703125,23905.580078125,24187.099609375,24187.099609375,2034500000
2008-04-11,24442.26953125,24681.4609375,24322.109375,24667.7890625,24667.7890625,2777500000
2008-04-14,23968.0390625,24070.259765625,23753.0390625,23811.19921875,23811.19921875,2289900000
2008-04-15,23950.400390625,24043.890625,23613.490234375,23901.330078125,23901.330078125,1951900000
2008-04-16,24075.6796875,24194.1796875,23749.6796875,23878.349609375,23878.349609375,1510800000
2008-04-17,24369.859375,24442.0703125,24150.509765625,24258.9609375,24258.9609375,1.972e+09
2008-04-18,24234.529296875,24400.869140625,24107.240234375,24197.779296875,24197.779296875,2314100000
2008-04-21,24821,24887.109375,24668.279296875,24721.669921875,24721.669921875,2069800000
2008-04-22,24460.640625,24965.740234375,24413.25,24939.150390625,24939.150390625,2474600000
2008-04-23,25000.490234375,25361.2890625,24919.73046875,25289.240234375,25289.240234375,2661200000
2008-04-24,25776.2890625,25861.6796875,25603.5703125,25680.779296875,25680.779296875,3261400000
2008-04-25,25852.970703125,25852.970703125,25437.8203125,25516.779296875,25516.779296875,2047800000
2008-04-28,25613.169921875,25717.4296875,25567.58984375,25666.2890625,25666.2890625,2082900000
2008-04-29,25661.9609375,26038.580078125,25633.470703125,25914.150390625,25914.150390625,2901800000
2008-04-30,25998.26953125,26066.5,25731.640625,25755.349609375,25755.349609375,2282500000
2008-05-02,26324.970703125,26374.08984375,26173.8203125,26241.01953125,26241.01953125,2.749e+09
2008-05-05,26321.609375,26387.369140625,26118.609375,26183.94921875,26183.94921875,1900600000
2008-05-06,26084.609375,26314.990234375,26072.619140625,26262.130859375,26262.130859375,1696800000
2008-05-07,26377.990234375,26377.990234375,25471.189453125,25610.2109375,25610.2109375,2539300000
2008-05-08,25442.51953125,25616.94921875,25353.509765625,25449.7890625,25449.7890625,1846300000
2008-05-09,25401.91015625,25483.759765625,24911.330078125,25063.169921875,25063.169921875,2.068e+09
2008-05-13,25190.1796875,25601.55078125,25032.169921875,25552.76953125,25552.76953125,2460700000
2008-05-14,25461.369140625,25546.779296875,25108.060546875,25533.48046875,25533.48046875,1855800000
2008-05-15,25719.01953125,25736.560546875,25208.220703125,25513.7109375,25513.7109375,2.137e+09
2008-05-16,25665.640625,25748.330078125,25533.599609375,25618.859375,25618.859375,2457700000
2008-05-19,25592.2109375,25822,25592.2109375,25742.23046875,25742.23046875,1587600000
2008-05-20,25692.26953125,25702.869140625,25042.08984375,25169.4609375,25169.4609375,2068800000
2008-05-21,24828.0390625,25498.08984375,24820.169921875,25460.2890625,25460.2890625,2106300000
2008-05-22,24984.279296875,25057.5390625,24700.490234375,25043.119140625,25043.119140625,2061200000
2008-05-23,25085.349609375,25128.439453125,24693.55078125,24714.0703125,24714.0703125,1574800000
2008-05-26,24234.349609375,24331.689453125,24100.310546875,24127.310546875,24127.310546875,1780700000
2008-05-27,24239.05078125,24441.0703125,24221.279296875,24282.0390625,24282.0390625,1144900000
2008-05-28,24209.029296875,24338.6796875,24178.7109375,24249.509765625,24249.509765625,1445200000
2008-05-29,24542.099609375,24542.099609375,24222.05078125,24383.990234375,24383.990234375,1779300000
2008-05-30,24448.369140625,24585.779296875,24289.849609375,24533.119140625,24533.119140625,2117200000
2008-06-02,24542.2890625,24923.279296875,24453.7890625,24831.359375,24831.359375,1.827e+09
2008-06-03,24556.1796875,24590.599609375,24254.9296875,24375.759765625,24375.759765625,2556800000
2008-06-04,24327.720703125,24462.580078125,24123.25,24123.25,24123.25,1965700000
2008-06-05,24150.529296875,24321.66015625,24003.98046875,24255.2890625,24255.2890625,1718600000
2008-06-06,24505.599609375,24524.58984375,24392.8203125,24402.1796875,24402.1796875,1723100000
2008-06-10,23689.16015625,23741.08984375,23343.189453125,23375.51953125,23375.51953125,2721500000
2008-06-11,23288.9609375,23486.169921875,23178.01953125,23327.599609375,23327.599609375,1655600000
2008-06-12,22820.890625,23023.859375,22695.099609375,23023.859375,23023.859375,2122600000
2008-06-13,22920.76953125,22984.08984375,22592.30078125,22592.30078125,22592.30078125,1499600000
2008-06-16,22814.169921875,23232.990234375,22814.169921875,23029.689453125,23029.689453125,1493200000
2008-06-17,23008.080078125,23128.580078125,22872.330078125,23057.990234375,23057.990234375,1172400000
2008-06-18,23114.44921875,23492.2109375,22946.9609375,23325.80078125,23325.80078125,2194500000
2008-06-19,22849.359375,22999.669921875,22733.779296875,22797.609375,22797.609375,1847300000
2008-06-20,22817.990234375,23411.630859375,22745.599609375,22745.599609375,22745.599609375,2389600000
2008-06-23,22407.08984375,22830.4296875,22384.580078125,22714.9609375,22714.9609375,1772600000
2008-06-24,22697.259765625,22731.490234375,22456.01953125,22456.01953125,22456.01953125,1738800000
2008-06-25,22745.169921875,22827.560546875,22567.9296875,22635.16015625,22635.16015625,1404600000
2008-06-26,22742.5390625,22885.349609375,22441.470703125,22455.669921875,22455.669921875,1858500000
2008-06-27,21901.26953125,22201.470703125,21773.669921875,22042.349609375,22042.349609375,2215900000
2008-06-30,22237.919921875,22237.919921875,21997.689453125,22102.009765625,22102.009765625,1489400000
2008-07-02,21785.390625,21938.19921875,21555.529296875,21704.44921875,21704.44921875,2548600000
2008-07-03,21389.490234375,21742.0703125,21163.5703125,21242.779296875,21242.779296875,2725300000
2008-07-04,21402.169921875,21534.05078125,21344.849609375,21423.8203125,21423.8203125,1796300000
2008-07-07,21402.69921875,21916.2109375,21402.69921875,21913.060546875,21913.060546875,1964600000
2008-07-08,21632.69921875,21684.2109375,21098.83984375,21220.810546875,21220.810546875,2015200000
2008-07-09,21740.859375,21954.169921875,21531.970703125,21805.810546875,21805.810546875,2691200000
2008-07-10,21562.0703125,22020.66015625,21498.869140625,21821.779296875,21821.779296875,2512100000
2008-07-11,21834.640625,22225.380859375,21761.0390625,22184.55078125,22184.55078125,2163700000
2008-07-14,22205,22360.2890625,21871.599609375,22014.4609375,22014.4609375,1494900000
2008-07-15,21644.0390625,21644.0390625,21077.240234375,21174.76953125,21174.76953125,2140100000
2008-07-16,20988.740234375,21334.380859375,20988.740234375,21223.5,21223.5,1784100000
2008-07-17,21825.240234375,21892.529296875,21672.26953125,21734.720703125,21734.720703125,2289900000
2008-07-18,22010.939453125,22010.939453125,21677.150390625,21874.189453125,21874.189453125,1842100000
2008-07-21,22523.279296875,22645.51953125,22455.009765625,22532.900390625,22532.900390625,2571600000
2008-07-22,22430.58984375,22690.740234375,22393.140625,22527.48046875,22527.48046875,1505900000
2008-07-23,22900.76953125,23134.55078125,22871.0390625,23134.55078125,23134.55078125,2586700000
2008-07-24,23330.890625,23369.05078125,23062.619140625,23087.720703125,23087.720703125,2589700000
2008-07-25,22751.509765625,22843.19921875,22542.080078125,22740.7109375,22740.7109375,1917700000
2008-07-28,22801.849609375,22862.029296875,22619.23046875,22687.2109375,22687.2109375,1081800000
2008-07-29,22265.9296875,22265.9296875,22089.08984375,22258,22258,1403200000
2008-07-30,22637.330078125,22751.0390625,22573.1796875,22690.599609375,22690.599609375,1968700000
2008-07-31,22878.759765625,22878.759765625,22695.73046875,22731.099609375,22731.099609375,1572700000
2008-08-01,22497.900390625,22881.26953125,22207.310546875,22862.599609375,22862.599609375,1800200000
2008-08-04,22630.58984375,22713.580078125,22425.130859375,22514.919921875,22514.919921875,1293100000
2008-08-05,22225.060546875,22225.060546875,21739.220703125,21949.75,21949.75,1946700000
2008-08-06,NA,NA,NA,NA,NA,NA
2008-08-07,22403.259765625,22424.5390625,21915.279296875,22104.19921875,22104.19921875,2172200000
2008-08-08,21997.640625,22230.55078125,21690.599609375,21885.2109375,21885.2109375,1737900000
2008-08-11,22020.5390625,22235.509765625,21859.33984375,21859.33984375,21859.33984375,1549100000
2008-08-12,21992.1796875,22309.330078125,21640.890625,21640.890625,21640.890625,1868400000
2008-08-13,21270.859375,21665.75,21223.380859375,21293.3203125,21293.3203125,3083100000
2008-08-14,21302.69921875,21453.48046875,21109.009765625,21392.7109375,21392.7109375,2250400000
2008-08-15,21383.7109375,21383.7109375,20994.5390625,21160.580078125,21160.580078125,1450500000
2008-08-18,21163.009765625,21206.599609375,20751.140625,20930.669921875,20930.669921875,1318400000
2008-08-19,20675.75,20902.509765625,20484.369140625,20484.369140625,20484.369140625,1387900000
2008-08-20,20388.7890625,20971.189453125,20388.7890625,20931.259765625,20931.259765625,1.839e+09
2008-08-21,20762.650390625,20762.650390625,20350.48046875,20392.060546875,20392.060546875,1711500000
2008-08-22,NA,NA,NA,NA,NA,NA
2008-08-25,20739.48046875,21108.25,20739.48046875,21104.7890625,21104.7890625,1915400000
2008-08-26,20849.080078125,21173.560546875,20785.80078125,21056.66015625,21056.66015625,1382900000
2008-08-27,21104.560546875,21464.720703125,21104.560546875,21464.720703125,21464.720703125,1945700000
2008-08-28,21546.939453125,21546.939453125,20857.029296875,20972.2890625,20972.2890625,2187600000
2008-08-29,21289.69921875,21474.310546875,21223.990234375,21261.890625,21261.890625,2047900000
2008-09-01,20999.3203125,21031.080078125,20844.150390625,20906.310546875,20906.310546875,1213900000
2008-09-02,20956.939453125,21066.580078125,20595.58984375,21042.4609375,21042.4609375,1618400000
2008-09-03,20964.75,20964.75,20526.73046875,20585.060546875,20585.060546875,1666100000
2008-09-04,20545.380859375,20621.48046875,20356.509765625,20389.48046875,20389.48046875,1561100000
2008-09-05,19833.869140625,19987.150390625,19708.390625,19933.279296875,19933.279296875,2582600000
2008-09-08,20840.689453125,20840.689453125,20637.990234375,20794.26953125,20794.26953125,3035300000
2008-09-09,20439.470703125,20543.150390625,20299.970703125,20491.109375,20491.109375,1942600000
2008-09-10,20114.859375,20283.990234375,19951.359375,19999.779296875,19999.779296875,2697600000
2008-09-11,19854.8203125,19854.8203125,19220.279296875,19388.720703125,19388.720703125,2913100000
2008-09-12,19432.720703125,19525.55078125,19157.73046875,19352.900390625,19352.900390625,2445800000
2008-09-16,18325.650390625,18538.509765625,18019.19921875,18300.609375,18300.609375,5213600000
2008-09-17,18691.30078125,18699.1796875,17637.189453125,17637.189453125,17637.189453125,4390100000
2008-09-18,17120.23046875,17849.970703125,16283.7197265625,17632.4609375,17632.4609375,6237700000
2008-09-19,18878.259765625,19327.73046875,18588.109375,19327.73046875,19327.73046875,6690200000
2008-09-22,19869.01953125,19869.01953125,19137.669921875,19632.19921875,19632.19921875,3731600000
2008-09-23,19178.490234375,19302.759765625,18872.849609375,18872.849609375,18872.849609375,2546600000
2008-09-24,18954.3203125,19291.01953125,18862.900390625,18961.990234375,18961.990234375,2084500000
2008-09-25,19003.220703125,19248.720703125,18870.109375,18934.4296875,18934.4296875,1682500000
2008-09-26,18909.58984375,18936.939453125,18500.109375,18682.08984375,18682.08984375,1895400000
2008-09-29,18742.25,18742.25,17796.33984375,17880.6796875,17880.6796875,2578500000
2008-09-30,16898.330078125,18029.76953125,16799.2890625,18016.2109375,18016.2109375,3226900000
2008-10-02,17870.4296875,18285.6796875,17631.69921875,18211.109375,18211.109375,2476200000
2008-10-03,17788.990234375,17926.140625,17682.400390625,17682.400390625,17682.400390625,2074900000
2008-10-06,17156.2109375,17241.779296875,16790.859375,16803.759765625,16803.759765625,2234400000
2008-10-08,16107.98046875,16422.51953125,15431.73046875,15431.73046875,15431.73046875,4925700000
2008-10-09,15550.8603515625,15990.2001953125,15550.8603515625,15943.240234375,15943.240234375,3388900000
2008-10-10,14717.51953125,14910.5498046875,14398.5400390625,14796.8701171875,14796.8701171875,4705200000
2008-10-13,15156.16015625,16376.419921875,14754.6396484375,16312.16015625,16312.16015625,4305100000
2008-10-14,17141.05078125,17141.05078125,16615.009765625,16832.880859375,16832.880859375,4018100000
2008-10-15,16609.08984375,16609.08984375,15961.919921875,15998.2998046875,15998.2998046875,2561700000
2008-10-16,14902.33984375,15230.51953125,14578.5400390625,15230.51953125,15230.51953125,4412600000
2008-10-17,15081.4599609375,15300.0703125,14554.2099609375,14554.2099609375,14554.2099609375,3950800000
2008-10-20,14691.900390625,15472.6796875,14691.7900390625,15323.009765625,15323.009765625,3013300000
2008-10-21,15616.9599609375,15616.9599609375,14884.0703125,15041.169921875,15041.169921875,2354300000
2008-10-22,14878.2099609375,15161.6904296875,14038.41015625,14266.599609375,14266.599609375,3102100000
2008-10-23,13596.3095703125,14032.25,13403.349609375,13760.490234375,13760.490234375,3545900000
2008-10-24,13478.6298828125,13478.6298828125,12618.3798828125,12618.3798828125,12618.3798828125,3538900000
2008-10-27,12372.75,12736.849609375,10676.2900390625,11015.83984375,11015.83984375,4834400000
2008-10-28,11154.5703125,12596.2900390625,11133.9404296875,12596.2900390625,12596.2900390625,5810900000
2008-10-29,12807.349609375,13307.419921875,12333.9404296875,12702.0703125,12702.0703125,4183600000
2008-10-30,13280.4404296875,14329.849609375,13280.4404296875,14329.849609375,14329.849609375,5338300000
2008-10-31,14037.3701171875,14122.7802734375,13517.419921875,13968.669921875,13968.669921875,3531200000
2008-11-03,14436.0302734375,14889.1298828125,14272.169921875,14344.3701171875,14344.3701171875,2971300000
2008-11-04,14337.6201171875,14539.58984375,13853.16015625,14384.33984375,14384.33984375,2387900000
2008-11-05,15045.5302734375,15317.830078125,14750.0400390625,14840.16015625,14840.16015625,3458900000
2008-11-06,14081.759765625,14081.759765625,13674.0703125,13790.0400390625,13790.0400390625,2739100000
2008-11-07,13273.08984375,14254.2197265625,13273.08984375,14243.4296875,14243.4296875,2750300000
2008-11-10,15033.1796875,15147.9599609375,14453.6201171875,14744.6298828125,14744.6298828125,2.801e+09
2008-11-11,14322.9501953125,14853.830078125,13926.7099609375,14040.900390625,14040.900390625,2453800000
2008-11-12,14155.259765625,14256.0595703125,13626.3095703125,13939.08984375,13939.08984375,2071500000
2008-11-13,13068.9296875,13373.1103515625,12943.1103515625,13221.349609375,13221.349609375,2813700000
2008-11-14,13749.5302734375,13749.5302734375,13493.8603515625,13542.66015625,13542.66015625,2182700000
2008-11-17,13584.349609375,13738.1201171875,13277.6396484375,13529.5302734375,13529.5302734375,1604600000
2008-11-18,13298.8798828125,13363.5703125,12676.2802734375,12915.8896484375,12915.8896484375,2.489e+09
2008-11-19,12827.3701171875,13179.330078125,12738.5302734375,12815.7998046875,12815.7998046875,2060800000
2008-11-20,12170.98046875,12298.5595703125,11976.8798828125,12298.5595703125,12298.5595703125,3096100000
2008-11-21,11814.8095703125,13048.5,11814.8095703125,12659.2001953125,12659.2001953125,3.106e+09
2008-11-24,12239.490234375,12707.23046875,12239.490234375,12457.9404296875,12457.9404296875,1769100000
2008-11-25,13012,13090.8798828125,12767.4404296875,12878.599609375,12878.599609375,2466300000
2008-11-26,12990.349609375,13369.4501953125,12990.349609375,13369.4501953125,13369.4501953125,2394600000
2008-11-27,13901.4501953125,13930.91015625,13332.9296875,13552.0595703125,13552.0595703125,2776100000
2008-11-28,13550.2900390625,13896.490234375,13550.2900390625,13888.240234375,13888.240234375,2150300000
2008-12-01,13775.2802734375,14253.66015625,13659.4404296875,14108.83984375,14108.83984375,2041600000
2008-12-02,13373.01953125,13513.5,13344.599609375,13405.849609375,13405.849609375,1961200000
2008-12-03,13598.599609375,13778.0498046875,13573.4296875,13588.66015625,13588.66015625,1811400000
2008-12-04,13857.2900390625,13883.8701171875,13459.6103515625,13509.7802734375,13509.7802734375,1862600000
2008-12-05,13718.919921875,13875.1396484375,13656.919921875,13846.08984375,13846.08984375,1750600000
2008-12-08,14303.25,15044.8701171875,14303.25,15044.8701171875,15044.8701171875,3219400000
2008-12-09,15032.330078125,15205.3203125,14717.4697265625,14753.2197265625,14753.2197265625,2440300000
2008-12-10,14946,15578.9599609375,14946,15577.740234375,15577.740234375,2684200000
2008-12-11,15533.6201171875,15781.0498046875,15337.73046875,15613.900390625,15613.900390625,2477400000
2008-12-12,15287.7001953125,15393.08984375,14479.23046875,14758.3896484375,14758.3896484375,2916300000
2008-12-15,15363.490234375,15386.900390625,15007.419921875,15046.9501953125,15046.9501953125,2021400000
2008-12-16,15018.4599609375,15217.25,14819.73046875,15130.2099609375,15130.2099609375,1661600000
2008-12-17,15544.9697265625,15557.4501953125,15179.3798828125,15460.51953125,15460.51953125,2180500000
2008-12-18,15335.2998046875,15548.259765625,15301.16015625,15497.8095703125,15497.8095703125,1.883e+09
2008-12-19,15235.2197265625,15444.2802734375,15014.98046875,15127.509765625,15127.509765625,2420200000
2008-12-22,15177.1201171875,15227.4296875,14622.3896484375,14622.3896484375,14622.3896484375,1.413e+09
2008-12-23,14472.0302734375,14491.75,14084.8603515625,14220.7900390625,14220.7900390625,1494200000
2008-12-24,13855.8896484375,14300.7001953125,13855.8896484375,14184.1396484375,14184.1396484375,865500000
2008-12-29,14080.8603515625,14332.01953125,13924.3203125,14328.48046875,14328.48046875,1046600000
2008-12-30,14476.740234375,14513.48046875,14189.080078125,14235.5,14235.5,1441700000
2008-12-31,14377.509765625,14527.099609375,14302.150390625,14387.48046875,14387.48046875,1612200000
2009-01-02,14448.2197265625,15042.8095703125,14412.1201171875,15042.8095703125,15042.8095703125,1752400000
2009-01-05,15349.330078125,15563.3095703125,15128.3203125,15563.3095703125,15563.3095703125,2172600000
2009-01-06,15612.4697265625,15651.6103515625,15367.9296875,15509.509765625,15509.509765625,2484500000
2009-01-07,15759.5302734375,15763.5498046875,14976.740234375,14987.4599609375,14987.4599609375,9799100000
2009-01-08,14755.8095703125,14755.8095703125,14334.150390625,14415.91015625,14415.91015625,4374400000
2009-01-09,14530.830078125,14673.599609375,14297.41015625,14377.4404296875,14377.4404296875,3332500000
2009-01-12,14312.259765625,14312.259765625,13895.0400390625,13971,13971,4111600000
2009-01-13,13930.26953125,14118.9296875,13644.5400390625,13668.0498046875,13668.0498046875,3480900000
2009-01-14,13807.0302734375,14019.0302734375,13674.9599609375,13704.6103515625,13704.6103515625,1537700000
2009-01-15,13136.23046875,13300.75,12904.0498046875,13242.9599609375,13242.9599609375,4146200000
2009-01-16,13278.9697265625,13423.240234375,13113.4501953125,13255.509765625,13255.509765625,3467100000
2009-01-19,13414.08984375,13519.1796875,13097.5,13339.990234375,13339.990234375,2194400000
2009-01-20,12854.400390625,13160.8701171875,12816.25,12959.76953125,12959.76953125,2521600000
2009-01-21,12534.599609375,12762.5400390625,12439.1298828125,12583.6298828125,12583.6298828125,3303900000
2009-01-22,12844.3701171875,12895.25,12657.099609375,12657.990234375,12657.990234375,1878300000
2009-01-23,12542.009765625,12734.7998046875,12469.83984375,12578.599609375,12578.599609375,2198200000
2009-01-29,13560.0703125,13560.0703125,13109.26953125,13154.4296875,13154.4296875,2662300000
2009-01-30,12958.080078125,13390.1201171875,12899.5703125,13278.2099609375,13278.2099609375,3689300000
2009-02-02,13194,13239.5,12733.349609375,12861.490234375,12861.490234375,2005500000
2009-02-03,12991.490234375,13065.9697265625,12729.0400390625,12776.8896484375,12776.8896484375,1562200000
2009-02-04,13029.419921875,13108.740234375,12975.2998046875,13063.8896484375,13063.8896484375,2070900000
2009-02-05,13084.7900390625,13492.5302734375,13018.6396484375,13178.900390625,13178.900390625,3.385e+09
2009-02-06,13535.759765625,13660.240234375,13322.6201171875,13655.0400390625,13655.0400390625,2428200000
2009-02-09,13865.58984375,13865.58984375,13561.5400390625,13769.0595703125,13769.0595703125,2.693e+09
2009-02-10,13787.1201171875,13976.3095703125,13663.41015625,13880.6396484375,13880.6396484375,1957900000
2009-02-11,13546.1396484375,13600.01953125,13363.0595703125,13539.2099609375,13539.2099609375,1808300000
2009-02-12,13439.580078125,13478.66015625,13174.009765625,13228.2998046875,13228.2998046875,1.756e+09
2009-02-13,13314.8095703125,13576.3203125,13314.01953125,13554.669921875,13554.669921875,1546700000
2009-02-16,13559.8203125,13559.8203125,13257.349609375,13455.8798828125,13455.8798828125,1357600000
2009-02-17,13195.509765625,13195.509765625,12933.91015625,12945.400390625,12945.400390625,2353200000
2009-02-18,12783.7900390625,13031.2802734375,12712.330078125,13016,13016,2274500000
2009-02-19,12873.099609375,13055.7197265625,12788.080078125,13023.3603515625,13023.3603515625,1587100000
2009-02-20,12719.1396484375,12816.7900390625,12669.5703125,12699.169921875,12699.169921875,2053300000
2009-02-23,12777.9599609375,13207.98046875,12777.9599609375,13175.099609375,13175.099609375,1931100000
2009-02-24,12789.2900390625,12814.3701171875,12634.83984375,12798.51953125,12798.51953125,2134800000
2009-02-25,12979.8603515625,13148.3095703125,12858.2802734375,13005.080078125,13005.080078125,1779100000
2009-02-26,13070.41015625,13071.580078125,12691.9599609375,12894.9404296875,12894.9404296875,1974600000
2009-02-27,12929.990234375,13032.2998046875,12799.8095703125,12811.5703125,12811.5703125,2698400000
2009-03-02,12522.6103515625,12576.4501953125,12296.8603515625,12317.4599609375,12317.4599609375,2194800000
2009-03-03,11967.0703125,12192.349609375,11849.169921875,12033.8798828125,12033.8798828125,2342800000
2009-03-04,11880.169921875,12423.6904296875,11880.169921875,12331.150390625,12331.150390625,2882800000
2009-03-05,12488.330078125,12488.330078125,12163.5498046875,12211.240234375,12211.240234375,2.668e+09
2009-03-06,12041.8203125,12146.16015625,11921.51953125,11921.51953125,11921.51953125,4178100000
2009-03-09,11872.4599609375,11927.8896484375,11344.580078125,11344.580078125,11344.580078125,2071500000
2009-03-10,11542.8798828125,11747.1103515625,11542.8798828125,11694.0498046875,11694.0498046875,1845700000
2009-03-11,12228.2197265625,12228.2197265625,11904.6103515625,11930.66015625,11930.66015625,2685800000
2009-03-12,11905.4697265625,12040.83984375,11848.5,12001.5302734375,12001.5302734375,1457500000
2009-03-13,12395.1796875,12525.7998046875,12303.7001953125,12525.7998046875,12525.7998046875,2857800000
2009-03-16,12657.8701171875,12976.7099609375,12615.4501953125,12976.7099609375,12976.7099609375,2779300000
2009-03-17,12948.849609375,13226.3095703125,12854.0498046875,12878.08984375,12878.08984375,2.897e+09
2009-03-18,13052.9501953125,13167.2001953125,13020.7998046875,13117.169921875,13117.169921875,1768500000
2009-03-19,13205.169921875,13205.169921875,12947.900390625,13130.919921875,13130.919921875,2.041e+09
2009-03-20,13157.900390625,13157.900390625,12797.099609375,12833.509765625,12833.509765625,2073300000
2009-03-23,13001.5498046875,13451.01953125,13001.5498046875,13447.419921875,13447.419921875,2679900000
2009-03-24,13773.169921875,13952.98046875,13538.16015625,13910.33984375,13910.33984375,2.913e+09
2009-03-25,13754.76953125,13892.8798828125,13567.4501953125,13622.1103515625,13622.1103515625,3186100000
2009-03-26,13821.2802734375,14132.08984375,13819.099609375,14108.98046875,14108.98046875,4821700000
2009-03-27,14257.5595703125,14257.5595703125,13955.66015625,14119.5,14119.5,3396900000
2009-03-30,13893.150390625,13893.150390625,13413.48046875,13456.330078125,13456.330078125,2885500000
2009-03-31,13545.3603515625,13696.6904296875,13428.3095703125,13576.01953125,13576.01953125,2854900000
2009-04-01,13746.1796875,13788.41015625,13411.7900390625,13519.5400390625,13519.5400390625,2753400000
2009-04-02,13963.33984375,14533.33984375,13953.5595703125,14521.9697265625,14521.9697265625,3402800000
2009-04-03,14547.51953125,14644.8203125,14392.1904296875,14545.6904296875,14545.6904296875,3078700000
2009-04-06,14920.83984375,15147.0595703125,14778.509765625,14998.0400390625,14998.0400390625,2555300000
2009-04-07,14922.08984375,14994.759765625,14743.7099609375,14928.9697265625,14928.9697265625,2558900000
2009-04-08,14715.7001953125,14715.7001953125,14276.349609375,14474.8603515625,14474.8603515625,2944800000
2009-04-09,14686.48046875,14987.41015625,14656.16015625,14901.41015625,14901.41015625,2609300000
2009-04-14,15302.1396484375,15596.33984375,15140.3896484375,15580.16015625,15580.16015625,3.643e+09
2009-04-15,15344.58984375,15669.849609375,15213.3896484375,15669.6201171875,15669.6201171875,2529500000
2009-04-16,15928.8203125,15977.1298828125,15517.3896484375,15582.990234375,15582.990234375,2.685e+09
2009-04-17,15956.4599609375,15956.4599609375,15541.3095703125,15601.26953125,15601.26953125,3095800000
2009-04-20,15574.3203125,15878.400390625,15382.9599609375,15750.91015625,15750.91015625,2.566e+09
2009-04-21,15065.58984375,15332.26953125,15065.58984375,15285.8896484375,15285.8896484375,2426800000
2009-04-22,15328.830078125,15396.2802734375,14830.58984375,14878.4501953125,14878.4501953125,3069800000
2009-04-23,14958.240234375,15222.2001953125,14867.58984375,15214.4599609375,15214.4599609375,2008300000
2009-04-24,15217.3701171875,15367.48046875,15062.2900390625,15258.849609375,15258.849609375,1.792e+09
2009-04-27,15160.6904296875,15160.6904296875,14798.900390625,14840.419921875,14840.419921875,2331700000
2009-04-28,15057.25,15078.6298828125,14457.990234375,14555.1103515625,14555.1103515625,2818500000
2009-04-29,14767.919921875,14983.66015625,14714.509765625,14956.9501953125,14956.9501953125,2413700000
2009-04-30,15369.1103515625,15587.2900390625,15204.099609375,15520.990234375,15520.990234375,2932900000
2009-05-04,15869.2802734375,16387.119140625,15855.240234375,16381.0498046875,16381.0498046875,3.325e+09
2009-05-05,16572,16580.5390625,16295.8603515625,16430.080078125,16430.080078125,2520500000
2009-05-06,16348.759765625,16885.919921875,16268.0302734375,16834.5703125,16834.5703125,3042100000
2009-05-07,17278.310546875,17327.51953125,16880.599609375,17217.890625,17217.890625,4411500000
2009-05-08,17149.310546875,17442.9609375,16970.19921875,17389.869140625,17389.869140625,3886300000
2009-05-11,17381,17685.640625,17032.439453125,17087.94921875,17087.94921875,3722400000
2009-05-12,16996.2109375,17239.650390625,16908.060546875,17153.640625,17153.640625,4029500000
2009-05-13,17097.8203125,17372.150390625,17014.859375,17059.619140625,17059.619140625,2043300000
2009-05-14,16630.330078125,16630.330078125,16422.279296875,16541.689453125,16541.689453125,2962200000
2009-05-15,16818.810546875,16953.41015625,16736.1796875,16790.69921875,16790.69921875,1.985e+09
2009-05-18,16468.7109375,17062.490234375,16334.3603515625,17022.91015625,17022.91015625,2397300000
2009-05-19,17454.23046875,17588.9296875,17376.4296875,17544.029296875,17544.029296875,2.813e+09
2009-05-20,17486.390625,17611,17362.369140625,17475.83984375,17475.83984375,2308500000
2009-05-21,17291.439453125,17415.259765625,17172.640625,17199.490234375,17199.490234375,1.539e+09
2009-05-22,17169.5703125,17299.259765625,16740.26953125,17062.51953125,17062.51953125,1938400000
2009-05-25,16999.05078125,17264.419921875,16789,17121.8203125,17121.8203125,1950200000
2009-05-26,17050.33984375,17283.890625,16977.7109375,16991.560546875,16991.560546875,2052200000
2009-05-27,17395.609375,17984.01953125,17347.890625,17885.26953125,17885.26953125,4564300000
2009-05-29,18027.9296875,18227.7890625,17833.740234375,18171,18171,4358600000
2009-06-01,18499.919921875,18895.80078125,18415.41015625,18888.58984375,18888.58984375,4124700000
2009-06-02,18916.609375,18916.609375,18300.619140625,18389.080078125,18389.080078125,3931100000
2009-06-03,18616.939453125,18967.390625,18508.30078125,18576.470703125,18576.470703125,3094600000
2009-06-04,18417.900390625,18522.390625,18108.80078125,18502.76953125,18502.76953125,2683300000
2009-06-05,18674.48046875,18722.490234375,18406.859375,18679.529296875,18679.529296875,2501300000
2009-06-08,18521.7890625,18636.150390625,18236.05078125,18253.390625,18253.390625,1987400000
2009-06-09,18450.640625,18475.509765625,17710.44921875,18058.490234375,18058.490234375,2174900000
2009-06-10,18339.91015625,18789.849609375,18258.16015625,18785.66015625,18785.66015625,4432200000
2009-06-11,18578.890625,18883.240234375,18564.869140625,18791.029296875,18791.029296875,3.642e+09
2009-06-12,19034.7890625,19161.970703125,18707.189453125,18889.6796875,18889.6796875,3599400000
2009-06-15,18712.060546875,18872.740234375,18433.30078125,18498.9609375,18498.9609375,2357600000
2009-06-16,18235.970703125,18314.9609375,17859.740234375,18165.5,18165.5,2924100000
2009-06-17,17984.830078125,18255.130859375,17833.76953125,18084.599609375,18084.599609375,2914100000
2009-06-18,17955.6796875,18069.759765625,17655.8203125,17776.66015625,17776.66015625,2355700000
2009-06-19,17936.330078125,18015.109375,17759.859375,17920.9296875,17920.9296875,3085700000
2009-06-22,17906.390625,18398.919921875,17906.390625,18059.55078125,18059.55078125,2.592e+09
2009-06-23,17577.73046875,17682.869140625,17375.9609375,17538.369140625,17538.369140625,2865900000
2009-06-24,17583.349609375,17912.0703125,17484.060546875,17892.150390625,17892.150390625,2.222e+09
2009-06-25,18140.16015625,18340.91015625,18069.369140625,18275.029296875,18275.029296875,2319800000
2009-06-26,18408.369140625,18688.109375,18360.7109375,18600.259765625,18600.259765625,2258500000
2009-06-29,18561.109375,18687.359375,18451.759765625,18528.509765625,18528.509765625,1634700000
2009-06-30,18883.240234375,18883.240234375,18364.810546875,18378.73046875,18378.73046875,2417100000
2009-07-02,18780.9609375,18780.9609375,18053.099609375,18178.05078125,18178.05078125,2287400000
2009-07-03,17961.1796875,18234.240234375,17894.810546875,18203.400390625,18203.400390625,1540800000
2009-07-06,18020.099609375,18258.259765625,17897.6796875,17979.41015625,17979.41015625,1780100000
2009-07-07,17943.490234375,18159.990234375,17821.7109375,17862.26953125,17862.26953125,1497800000
2009-07-08,17652.98046875,17819.310546875,17493.619140625,17721.0703125,17721.0703125,2001900000
2009-07-09,17793.609375,17836.94921875,17509.279296875,17790.58984375,17790.58984375,2.157e+09
2009-07-10,17800.05078125,17851.220703125,17645.55078125,17708.419921875,17708.419921875,1605600000
2009-07-13,17612.44921875,17612.44921875,17185.9609375,17254.630859375,17254.630859375,2006200000
2009-07-14,17631.669921875,17896.359375,17581.4296875,17885.73046875,17885.73046875,1845700000
2009-07-15,18042.58984375,18289,18030.099609375,18258.66015625,18258.66015625,1762600000
2009-07-16,18688.869140625,18700.599609375,18303.580078125,18361.869140625,18361.869140625,1949800000
2009-07-17,18551.91015625,18855.859375,18457.419921875,18805.66015625,18805.66015625,2505100000
2009-07-20,19005.189453125,19506.419921875,18960.5390625,19502.369140625,19502.369140625,2442700000
2009-07-21,19601.859375,19601.859375,19295.23046875,19501.73046875,19501.73046875,1844300000
2009-07-22,19560.419921875,19641.75,19224.05078125,19248.169921875,19248.169921875,2064200000
2009-07-23,19431.919921875,19824.1796875,19415.369140625,19817.69921875,19817.69921875,2305700000
2009-07-24,20063.9296875,20063.9296875,19715.150390625,19982.7890625,19982.7890625,2234900000
2009-07-27,20170.73046875,20385.689453125,20096.169921875,20251.619140625,20251.619140625,2201500000
2009-07-28,20261.939453125,20664.48046875,20109.55078125,20624.5390625,20624.5390625,2356200000
2009-07-29,20404.509765625,20542.609375,19787.48046875,20135.5,20135.5,2523100000
2009-07-30,20150.259765625,20359.7890625,19955.3203125,20234.080078125,20234.080078125,1990200000
2009-07-31,20546.0703125,20712.66015625,20474.05078125,20573.330078125,20573.330078125,1930500000
2009-08-03,20582.6796875,20816.609375,20449.189453125,20807.259765625,20807.259765625,1928400000
2009-08-04,21196.75,21196.75,20748.609375,20796.4296875,20796.4296875,2573900000
2009-08-05,20779.76953125,20995.810546875,20436.650390625,20494.76953125,20494.76953125,2263900000
2009-08-06,20484.33984375,20904.9296875,20339.869140625,20899.240234375,20899.240234375,2427900000
2009-08-07,20708.119140625,20759.560546875,20316.779296875,20375.369140625,20375.369140625,2809800000
2009-08-10,20758.51953125,21010.470703125,20730.41015625,20929.51953125,20929.51953125,2169100000
2009-08-11,20774.970703125,21088.0703125,20733.33984375,21074.2109375,21074.2109375,1627800000
2009-08-12,20725.900390625,20725.900390625,20417.759765625,20435.240234375,20435.240234375,2251800000
2009-08-13,20767.859375,20943.859375,20746.919921875,20861.30078125,20861.30078125,1934500000
2009-08-14,21023.9609375,21037.169921875,20639.560546875,20893.330078125,20893.330078125,1744600000
2009-08-17,20467.30078125,20471.76953125,20058.099609375,20137.650390625,20137.650390625,2556900000
2009-08-18,20125.55078125,20409.189453125,19916.279296875,20306.26953125,20306.26953125,2038100000
2009-08-19,20195.08984375,20352.939453125,19824.859375,19954.23046875,19954.23046875,2101200000
2009-08-20,20282.720703125,20465.220703125,20196.330078125,20328.859375,20328.859375,1799800000
2009-08-21,20288.560546875,20439.419921875,20002.779296875,20199.01953125,20199.01953125,1665100000
2009-08-24,20649.9609375,20649.9609375,20433.609375,20535.939453125,20535.939453125,1.935e+09
2009-08-25,20246.7890625,20476.25,20143.509765625,20435.240234375,20435.240234375,1531400000
2009-08-26,20542.759765625,20576.599609375,20401.740234375,20456.3203125,20456.3203125,1.435e+09
2009-08-27,20289.33984375,20364.400390625,20147.33984375,20242.75,20242.75,1672600000
2009-08-28,20409.130859375,20409.130859375,20004.69921875,20098.619140625,20098.619140625,1764700000
2009-08-31,19827.130859375,19827.130859375,19592.0703125,19724.189453125,19724.189453125,2268100000
2009-09-01,19961.740234375,19961.740234375,19734.26953125,19872.30078125,19872.30078125,1403800000
2009-09-02,19560.26953125,19611.0703125,19425.859375,19522,19522,1666600000
2009-09-03,19526.890625,19823.029296875,19526.890625,19761.6796875,19761.6796875,1580100000
2009-09-04,19830.01953125,20413.609375,19744.44921875,20318.619140625,20318.619140625,3108500000
2009-09-07,20502.849609375,20667.580078125,20446.16015625,20629.310546875,20629.310546875,2267300000
2009-09-08,20617.400390625,21133.7109375,20617.400390625,21069.810546875,21069.810546875,2797300000
2009-09-09,21085.08984375,21085.08984375,20825.16015625,20851.0390625,20851.0390625,1540900000
2009-09-10,21131.080078125,21322.55078125,21020.919921875,21069.560546875,21069.560546875,2224500000
2009-09-11,21122.310546875,21306.109375,20980.150390625,21161.419921875,21161.419921875,1.774e+09
2009-09-14,20841.509765625,21045,20821.58984375,20932.19921875,20932.19921875,1253300000
2009-09-15,21049.220703125,21049.220703125,20819.9296875,20866.369140625,20866.369140625,713500000
2009-09-16,21086.75,21403.130859375,20950.380859375,21402.919921875,21402.919921875,2263700000
2009-09-17,21674.7109375,21929.7890625,21636.51953125,21768.509765625,21768.509765625,2512400000
2009-09-18,21640.970703125,21765.98046875,21515.9296875,21623.44921875,21623.44921875,2002600000
2009-09-21,21574.939453125,21730.7109375,21457.349609375,21472.849609375,21472.849609375,1525100000
2009-09-22,21594.33984375,21704.140625,21491.689453125,21701.140625,21701.140625,1130700000
2009-09-23,21655.619140625,21742.390625,21524.330078125,21595.51953125,21595.51953125,1171900000
2009-09-24,21386.470703125,21399.23046875,20963.369140625,21050.73046875,21050.73046875,2069900000
2009-09-25,20810.810546875,21065.73046875,20766.4609375,21024.400390625,21024.400390625,1265700000
2009-09-28,20798.51953125,20829.509765625,20534.8203125,20588.41015625,20588.41015625,1258600000
2009-09-29,20889.810546875,21087.25,20889.810546875,21013.169921875,21013.169921875,1303100000
2009-09-30,21036.1796875,21090.490234375,20792.98046875,20955.25,20955.25,1120800000
2009-10-02,20380.23046875,20470.919921875,20323.58984375,20375.490234375,20375.490234375,1855200000
2009-10-05,20342.580078125,20489.94921875,20305.060546875,20429.0703125,20429.0703125,1.232e+09
2009-10-06,20509.640625,20824.130859375,20509.640625,20811.529296875,20811.529296875,1441100000
2009-10-07,21074.98046875,21343.75,21072.58984375,21241.58984375,21241.58984375,2029100000
2009-10-08,21418.26953125,21524.05078125,21284.419921875,21492.900390625,21492.900390625,1407600000
2009-10-09,21572.69921875,21572.69921875,21421.76953125,21499.439453125,21499.439453125,1390700000
2009-10-12,21623.330078125,21623.330078125,21262.7109375,21299.349609375,21299.349609375,1010800000
2009-10-13,21371.8203125,21679.150390625,21371.8203125,21467.359375,21467.359375,1.822e+09
2009-10-14,21564.330078125,21893.419921875,21562.66015625,21886.48046875,21886.48046875,2012500000
2009-10-15,22209.189453125,22250.349609375,21971.48046875,21999.080078125,21999.080078125,2154500000
2009-10-16,22138.060546875,22143.009765625,21899.169921875,21929.900390625,21929.900390625,2142500000
2009-10-19,21761.830078125,22250.23046875,21761.830078125,22200.4609375,22200.4609375,1527500000
2009-10-20,22260.41015625,22451.619140625,22260.41015625,22384.9609375,22384.9609375,1.847e+09
2009-10-21,22299.650390625,22407.140625,22200.640625,22318.109375,22318.109375,1399500000
2009-10-22,22237.369140625,22266.740234375,22002.7890625,22210.51953125,22210.51953125,1706800000
2009-10-23,22438.900390625,22620.009765625,22407.400390625,22589.73046875,22589.73046875,2.119e+09
2009-10-27,22016.7890625,22277.060546875,22016.7890625,22169.58984375,22169.58984375,1680300000
2009-10-28,22004.55078125,22149.0390625,21740.330078125,21761.580078125,21761.580078125,1739900000
2009-10-29,21290.08984375,21346.55078125,21134.330078125,21264.990234375,21264.990234375,2279700000
2009-10-30,21720.41015625,21953.58984375,21720.41015625,21752.869140625,21752.869140625,2177400000
2009-11-02,21194.119140625,21632.900390625,21130.900390625,21620.189453125,21620.189453125,1722600000
2009-11-03,21598.630859375,21684.73046875,21223.419921875,21240.060546875,21240.060546875,1458900000
2009-11-04,21396.5,21699.83984375,21360.66015625,21614.76953125,21614.76953125,1403200000
2009-11-05,21405.060546875,21549.099609375,21372.990234375,21479.080078125,21479.080078125,1.262e+09
2009-11-06,21866.720703125,21931.359375,21780.5703125,21829.720703125,21829.720703125,1524100000
2009-11-09,22004.509765625,22214.849609375,21941.619140625,22207.55078125,22207.55078125,1.663e+09
2009-11-10,22556.560546875,22556.560546875,22200.240234375,22268.16015625,22268.16015625,1699800000
2009-11-11,22534.140625,22643.66015625,22396.0390625,22627.2109375,22627.2109375,1321300000
2009-11-12,22660.470703125,22707.359375,22359.08984375,22397.5703125,22397.5703125,1.416e+09
2009-11-13,22381.33984375,22585.529296875,22343.990234375,22553.630859375,22553.630859375,1424400000
2009-11-16,22789.990234375,22998.849609375,22770.689453125,22943.98046875,22943.98046875,1663700000
2009-11-17,23000.369140625,23000.369140625,22798.01953125,22914.150390625,22914.150390625,1263500000
2009-11-18,22974.359375,23099.5703125,22645.740234375,22840.330078125,22840.330078125,1646300000
2009-11-19,22894.83984375,22894.83984375,22587.1796875,22643.16015625,22643.16015625,1302300000
2009-11-20,22486.560546875,22584.55078125,22376.359375,22455.83984375,22455.83984375,1.445e+09
2009-11-23,22541.689453125,22794.130859375,22490.33984375,22771.390625,22771.390625,1136300000
2009-11-24,22697.619140625,22813.9296875,22395.380859375,22423.140625,22423.140625,1.781e+09
2009-11-25,22505.9296875,22638.890625,22336.0703125,22611.80078125,22611.80078125,2905100000
2009-11-26,22580.25,22580.25,22108.259765625,22210.41015625,22210.41015625,2298800000
2009-11-27,21623.919921875,21685.130859375,21002.490234375,21134.5,21134.5,3974800000
2009-11-30,21687.689453125,21924.080078125,21687.689453125,21821.5,21821.5,2028600000
2009-12-01,21813.419921875,22130.75,21789.41015625,22113.150390625,22113.150390625,1442600000
2009-12-02,22402.509765625,22439.359375,22266.689453125,22289.5703125,22289.5703125,1617600000
2009-12-03,22503.6796875,22593.720703125,22333.669921875,22553.869140625,22553.869140625,1437800000
2009-12-04,22400.490234375,22528.83984375,22240.859375,22498.150390625,22498.150390625,1417700000
2009-12-07,22387.23046875,22476.619140625,22256.109375,22324.9609375,22324.9609375,1.121e+09
2009-12-08,22306.169921875,22306.169921875,22055.01953125,22060.51953125,22060.51953125,1317600000
2009-12-09,21905.80078125,22034.810546875,21658.26953125,21741.759765625,21741.759765625,1563800000
2009-12-10,21939.119140625,21981.380859375,21565.580078125,21700.0390625,21700.0390625,1620500000
2009-12-11,21796.830078125,22143.83984375,21796.830078125,21902.109375,21902.109375,1537400000
2009-12-14,21638.970703125,22225.76953125,21546.529296875,22085.75,22085.75,1895300000
2009-12-15,22032.16015625,22032.16015625,21779.919921875,21813.919921875,21813.919921875,1767700000
2009-12-16,21840.25,21907.2890625,21517.58984375,21611.740234375,21611.740234375,1781800000
2009-12-17,21665.7890625,21665.7890625,21218.900390625,21347.630859375,21347.630859375,1787900000
2009-12-18,21162.4296875,21281.91015625,21078.19921875,21175.880859375,21175.880859375,1872800000
2009-12-21,21110.240234375,21178.44921875,20932.76953125,20948.099609375,20948.099609375,1201800000
2009-12-22,21151.849609375,21229.7109375,21029.279296875,21092.0390625,21092.0390625,1273400000
2009-12-23,21115.880859375,21339.1796875,21017.01953125,21328.740234375,21328.740234375,992700000
2009-12-24,21378.7890625,21591.990234375,21357.2890625,21517,21517,688200000
2009-12-28,21622.130859375,21739.390625,21474.109375,21480.220703125,21480.220703125,851800000
2009-12-29,21544.439453125,21608.98046875,21392.900390625,21499.439453125,21499.439453125,775500000
2009-12-30,21469.330078125,21620.740234375,21320.109375,21496.619140625,21496.619140625,1494200000
2009-12-31,21654.25,21886.3203125,21587.48046875,21872.5,21872.5,792400000
2010-01-04,21860.0390625,22024.830078125,21689.220703125,21823.279296875,21823.279296875,1006200000
2010-01-05,22092.150390625,22297.0390625,21987.26953125,22279.580078125,22279.580078125,1965600000
2010-01-06,22357.4609375,22514.7890625,22277.130859375,22416.669921875,22416.669921875,2100200000
2010-01-07,22548.029296875,22548.029296875,22169.609375,22269.44921875,22269.44921875,1495400000
2010-01-08,22282.75,22443.220703125,22206.16015625,22296.75,22296.75,1.626e+09
2010-01-11,22524.1796875,22671.919921875,22373.9609375,22411.51953125,22411.51953125,1744600000
2010-01-12,22378.23046875,22476.119140625,22192.98046875,22326.640625,22326.640625,2204800000
2010-01-13,21990.6796875,22012.0390625,21688.169921875,21748.599609375,21748.599609375,3414200000
2010-01-14,21871.009765625,21988.9296875,21707.099609375,21716.94921875,21716.94921875,2338700000
2010-01-15,21715.08984375,21788.849609375,21581.0703125,21654.16015625,21654.16015625,2659800000
2010-01-18,21418.33984375,21645.6796875,21320.970703125,21460.009765625,21460.009765625,1867400000
2010-01-19,21481.109375,21681.689453125,21335.599609375,21677.98046875,21677.98046875,1913400000
2010-01-20,21543.25,21561.560546875,21171.30078125,21286.169921875,21286.169921875,2197600000
2010-01-21,21192.830078125,21272.259765625,20828.240234375,20862.669921875,20862.669921875,2465600000
2010-01-22,20527.19921875,20738.990234375,20250.359375,20726.1796875,20726.1796875,3220400000
2010-01-25,20447.7890625,20619.69921875,20422.669921875,20598.55078125,20598.55078125,1909800000
2010-01-26,20560.109375,20560.109375,20046.599609375,20109.330078125,20109.330078125,2.27e+09
2010-01-27,20185.80078125,20340.8203125,19923.55078125,20033.0703125,20033.0703125,1822400000
2010-01-28,20202.330078125,20437.560546875,20170.150390625,20356.369140625,20356.369140625,1880600000
2010-01-29,20026.51953125,20327.689453125,19916.33984375,20121.990234375,20121.990234375,1784300000
2010-02-01,19987.669921875,20254.240234375,19845.9296875,20243.75,20243.75,1.702e+09
2010-02-02,20432.9609375,20533.9609375,20181.279296875,20272.1796875,20272.1796875,1561600000
2010-02-03,20486.150390625,20780.5,20315.310546875,20722.080078125,20722.080078125,1922100000
2010-02-04,20534.740234375,20554.19921875,20316.330078125,20341.640625,20341.640625,1607700000
2010-02-05,19706.240234375,19822.9296875,19655.880859375,19665.080078125,19665.080078125,2515400000
2010-02-08,19614.849609375,19673.109375,19423.05078125,19550.890625,19550.890625,1.751e+09
2010-02-09,19493.5,19843.869140625,19461.19921875,19790.279296875,19790.279296875,1495200000
2010-02-10,19914.83984375,19976.66015625,19681.5390625,19922.220703125,19922.220703125,1581400000
2010-02-11,20095.529296875,20310.7890625,20095.529296875,20290.689453125,20290.689453125,1338900000
2010-02-12,20240.669921875,20428.3203125,20212.55078125,20268.689453125,20268.689453125,1193600000
2010-02-17,20657.859375,20684.220703125,20471.359375,20534.009765625,20534.009765625,1111700000
2010-02-18,20534.76953125,20569.609375,20381.30078125,20422.150390625,20422.150390625,720600000
2010-02-19,20261.490234375,20261.490234375,19874.55078125,19894.01953125,19894.01953125,1329500000
2010-02-22,20407.83984375,20427.08984375,20313.150390625,20377.26953125,20377.26953125,1067700000
2010-02-23,20218.509765625,20711.75,20120.099609375,20623,20623,1469300000
2010-02-24,20357.419921875,20583.83984375,20351.05078125,20467.740234375,20467.740234375,1508100000
2010-02-25,20512.380859375,20644.26953125,20261.98046875,20399.5703125,20399.5703125,1980200000
2010-02-26,20657.830078125,20662.83984375,20567.580078125,20608.69921875,20608.69921875,1492500000
2010-03-01,20853.080078125,21056.9296875,20853.080078125,21056.9296875,21056.9296875,2.586e+09
2010-03-02,20921.439453125,20961.830078125,20847.4609375,20906.109375,20906.109375,2296300000
2010-03-03,21016.2890625,21016.2890625,20845.16015625,20876.7890625,20876.7890625,1674100000
2010-03-04,20983.810546875,21000.130859375,20575.779296875,20575.779296875,20575.779296875,1910800000
2010-03-05,20820.970703125,20820.970703125,20654.939453125,20787.970703125,20787.970703125,2875200000
2010-03-08,21099.7109375,21257.08984375,21080.759765625,21196.869140625,21196.869140625,2052900000
2010-03-09,21153.619140625,21277.66015625,21128.9296875,21207.55078125,21207.55078125,1.421e+09
2010-03-10,21293.51953125,21293.51953125,21156.08984375,21208.2890625,21208.2890625,1257700000
2010-03-11,21333.060546875,21333.060546875,21059.060546875,21228.19921875,21228.19921875,1402200000
2010-03-12,21249.80078125,21260.0703125,21116.83984375,21209.740234375,21209.740234375,1164400000
2010-03-15,21036.419921875,21116.5,20964.310546875,21079.099609375,21079.099609375,1143300000
2010-03-16,21135.7890625,21196.830078125,20986.689453125,21022.9296875,21022.9296875,1027800000
2010-03-17,21183.599609375,21440.1796875,21159.4296875,21384.490234375,21384.490234375,1612100000
2010-03-18,21429.689453125,21440.810546875,21287.369140625,21330.669921875,21330.669921875,1.342e+09
2010-03-19,21359.55078125,21389,21257.80078125,21370.8203125,21370.8203125,1347400000
2010-03-22,21120.4296875,21120.4296875,20899.689453125,20933.25,20933.25,1572500000
2010-03-23,21070.650390625,21211.080078125,20971.560546875,20987.779296875,20987.779296875,1253200000
2010-03-24,21203.5,21205.5,20974.05078125,21008.619140625,21008.619140625,1282100000
2010-03-25,20799.05078125,20800.94921875,20659.279296875,20778.55078125,20778.55078125,1456700000
2010-03-26,20679.650390625,21126.75,20679.650390625,21053.109375,21053.109375,1863900000
2010-03-29,21148.05078125,21318.23046875,21125.91015625,21237.4296875,21237.4296875,1394400000
2010-03-30,21230.529296875,21450.98046875,21202.169921875,21374.7890625,21374.7890625,1749800000
2010-03-31,21366.619140625,21446.80078125,21230.2890625,21239.349609375,21239.349609375,2159400000
2010-04-01,21390.890625,21547.66015625,21373.16015625,21537,21537,2059400000
2010-04-07,21828.349609375,21935.41015625,21747.5703125,21928.76953125,21928.76953125,2868700000
2010-04-08,21836.419921875,21949.25,21813.349609375,21867.0390625,21867.0390625,1712300000
2010-04-09,22014.73046875,22249.23046875,21963.779296875,22208.5,22208.5,2129100000
2010-04-12,22388.76953125,22388.76953125,22131.9296875,22138.169921875,22138.169921875,1580100000
2010-04-13,22216.109375,22290.669921875,22008.05078125,22103.529296875,22103.529296875,1868200000
2010-04-14,22183.05078125,22192.330078125,22061.76953125,22121.4296875,22121.4296875,1302100000
2010-04-15,22265.359375,22337.890625,22113.2109375,22157.8203125,22157.8203125,1459700000
2010-04-16,22059.30078125,22111.990234375,21788.880859375,21865.259765625,21865.259765625,2496700000
2010-04-19,21557.779296875,21582.130859375,21283.30078125,21405.169921875,21405.169921875,2348800000
2010-04-20,21519.259765625,21647.75,21507.470703125,21623.380859375,21623.380859375,1.422e+09
2010-04-21,21732.759765625,21740.640625,21475.98046875,21510.9296875,21510.9296875,1624200000
2010-04-22,21283.9296875,21471.109375,21206.740234375,21454.939453125,21454.939453125,1.352e+09
2010-04-23,21385.16015625,21442.76953125,21232.150390625,21244.490234375,21244.490234375,1306500000
2010-04-26,21501.2109375,21617.849609375,21489.05078125,21587.060546875,21587.060546875,1140600000
2010-04-27,21341.48046875,21383.2109375,21224.05078125,21261.7890625,21261.7890625,1327500000
2010-04-28,20853.830078125,21021.669921875,20853.830078125,20949.400390625,20949.400390625,1788300000
2010-04-29,20994.369140625,21007.560546875,20763.33984375,20778.919921875,20778.919921875,1617100000
2010-04-30,20934.0703125,21121.51953125,20920.150390625,21108.58984375,21108.58984375,2387300000
2010-05-03,20799.7890625,20886.849609375,20773.970703125,20811.359375,20811.359375,1312400000
2010-05-04,20935.900390625,21011.94921875,20743.490234375,20763.05078125,20763.05078125,1291200000
2010-05-05,20390.119140625,20505.66015625,20293.23046875,20327.5390625,20327.5390625,2384500000
2010-05-06,20177.470703125,20303.220703125,19888.490234375,20133.41015625,20133.41015625,2153800000
2010-05-07,19699.5,20037.599609375,19699.5,19920.2890625,19920.2890625,2324800000
2010-05-10,20118.94921875,20491.94921875,20035.599609375,20426.640625,20426.640625,1.821e+09
2010-05-11,20346.5390625,20398.4296875,19977.099609375,20146.509765625,20146.509765625,1888700000
2010-05-12,20175.740234375,20237.859375,20003.490234375,20212.490234375,20212.490234375,1157900000
2010-05-13,20411.55078125,20526.580078125,20273.990234375,20422.4609375,20422.4609375,1340600000
2010-05-14,20258.44921875,20352.80078125,20130.779296875,20145.4296875,20145.4296875,1366500000
2010-05-17,19832.029296875,19832.029296875,19593.5,19715.19921875,19715.19921875,1728600000
2010-05-18,19768.80078125,20013.330078125,19672.390625,19944.939453125,19944.939453125,1350100000
2010-05-19,19552.16015625,19785.859375,19546.220703125,19578.98046875,19578.98046875,1293400000
2010-05-20,19694.470703125,19747.16015625,19276.4609375,19545.830078125,19545.830078125,1585500000
2010-05-24,19470.279296875,19757.439453125,19470.279296875,19667.759765625,19667.759765625,1641700000
2010-05-25,19317.240234375,19328.359375,18974.51953125,18985.5,18985.5,2165700000
2010-05-26,19177.33984375,19242.060546875,19047.69921875,19196.44921875,19196.44921875,2264600000
2010-05-27,19015.890625,19555.779296875,18971.51953125,19431.369140625,19431.369140625,2136800000
2010-05-28,19816.390625,19910.060546875,19710.859375,19766.7109375,19766.7109375,2068700000
2010-05-31,19705.529296875,19823.990234375,19629.830078125,19765.189453125,19765.189453125,1075800000
2010-06-01,19600.5703125,19805.599609375,19463.349609375,19496.94921875,19496.94921875,1098800000
2010-06-02,19651.55078125,19656.220703125,19372.130859375,19471.80078125,19471.80078125,1231900000
2010-06-03,19822.890625,19859.80078125,19744.3203125,19786.7109375,19786.7109375,1270600000
2010-06-04,19765.25,19841.6796875,19658.66015625,19780.0703125,19780.0703125,1011300000
2010-06-07,19211.669921875,19389.91015625,19211.669921875,19378.150390625,19378.150390625,1583700000
2010-06-08,19459.740234375,19510.08984375,19333.099609375,19487.48046875,19487.48046875,904500000
2010-06-09,19488.19921875,19792.279296875,19383.890625,19621.240234375,19621.240234375,1263100000
2010-06-10,19517.609375,19729.150390625,19517.609375,19632.69921875,19632.69921875,962200000
2010-06-11,19995.640625,19995.640625,19834.23046875,19872.380859375,19872.380859375,1146600000
2010-06-14,20102.55078125,20102.55078125,20024.0390625,20051.91015625,20051.91015625,954800000
2010-06-15,19998.529296875,20142.099609375,19970.91015625,20062.150390625,20062.150390625,996100000
2010-06-17,20201.810546875,20201.810546875,20078.58984375,20138.400390625,20138.400390625,1034900000
2010-06-18,20199.220703125,20315.419921875,20138.349609375,20286.7109375,20286.7109375,1413400000
2010-06-21,20571.400390625,20938.330078125,20571.400390625,20912.1796875,20912.1796875,3171200000
2010-06-22,20861.470703125,20957.08984375,20796.380859375,20819.080078125,20819.080078125,1597800000
2010-06-23,20718.66015625,20866.880859375,20689.150390625,20856.609375,20856.609375,1362800000
2010-06-24,20797.439453125,20901.150390625,20710.150390625,20733.490234375,20733.490234375,1067900000
2010-06-25,20615.919921875,20732.30078125,20563.9296875,20690.7890625,20690.7890625,1338500000
2010-06-28,20718.080078125,20862.380859375,20687.26953125,20726.6796875,20726.6796875,1171400000
2010-06-29,20727.44921875,20738.150390625,20190.880859375,20248.900390625,20248.900390625,1781400000
2010-06-30,19985.720703125,20143.16015625,19971.26953125,20128.990234375,20128.990234375,1588100000
2010-07-02,20059.560546875,20161.990234375,19803.220703125,19905.3203125,19905.3203125,1374600000
2010-07-05,19809.060546875,19913.400390625,19793.470703125,19842.19921875,19842.19921875,1251600000
2010-07-06,19777.830078125,20084.119140625,19777.830078125,20084.119140625,20084.119140625,1204500000
2010-07-07,19948.150390625,19948.150390625,19800.23046875,19857.0703125,19857.0703125,1083600000
2010-07-08,20231.150390625,20236.1796875,20002.009765625,20050.560546875,20050.560546875,1137900000
2010-07-09,20142.779296875,20418.310546875,20116.51953125,20378.66015625,20378.66015625,1673600000
2010-07-12,20476.01953125,20539.609375,20368.619140625,20467.4296875,20467.4296875,1675500000
2010-07-13,20485.109375,20529.41015625,20378.990234375,20431.060546875,20431.060546875,1309300000
2010-07-14,20722.220703125,20722.220703125,20512.240234375,20560.810546875,20560.810546875,1.563e+09
2010-07-15,20530.2890625,20665.619140625,20226.259765625,20255.619140625,20255.619140625,1591200000
2010-07-16,20293.609375,20313.740234375,20173.490234375,20250.16015625,20250.16015625,1648100000
2010-07-19,20007.880859375,20127.560546875,20007.880859375,20090.94921875,20090.94921875,1040700000
2010-07-20,20075.720703125,20403.009765625,20075.720703125,20264.58984375,20264.58984375,1.168e+09
2010-07-21,20377.599609375,20494.1796875,20334.349609375,20487.23046875,20487.23046875,1115600000
2010-07-22,20487.490234375,20592.4609375,20384.73046875,20589.69921875,20589.69921875,951800000
2010-07-23,20847.849609375,20847.849609375,20728.41015625,20815.330078125,20815.330078125,1641300000
2010-07-26,20944.630859375,20963.080078125,20826.98046875,20839.91015625,20839.91015625,1139700000
2010-07-27,20965.5390625,21008.779296875,20824.05078125,20973.390625,20973.390625,1118100000
2010-07-28,20961.55078125,21199.55078125,20902.16015625,21091.1796875,21091.1796875,1350400000
2010-07-29,21091.169921875,21130.740234375,20970.9296875,21093.8203125,21093.8203125,1014300000
2010-07-30,21008.4609375,21095.900390625,20945.630859375,21029.810546875,21029.810546875,947200000
2010-08-02,21221.4296875,21439.220703125,21221.4296875,21412.7890625,21412.7890625,1646300000
2010-08-03,21610.1796875,21610.1796875,21409.810546875,21457.66015625,21457.66015625,1419700000
2010-08-04,21567.330078125,21621.8203125,21427.509765625,21549.880859375,21549.880859375,1.243e+09
2010-08-05,21577.130859375,21618.580078125,21462.23046875,21551.720703125,21551.720703125,940900000
2010-08-06,21575.94921875,21722.380859375,21456.740234375,21678.80078125,21678.80078125,1309200000
2010-08-09,21640.529296875,21805.939453125,21622.119140625,21801.58984375,21801.58984375,999900000
2010-08-10,21764.23046875,21765.580078125,21446.80078125,21473.599609375,21473.599609375,1257200000
2010-08-11,21542.26953125,21643.240234375,21239.169921875,21294.5390625,21294.5390625,1475900000
2010-08-12,21039.419921875,21124.98046875,20926.48046875,21105.7109375,21105.7109375,1695700000
2010-08-13,21095.169921875,21205.6796875,21012.509765625,21071.5703125,21071.5703125,1230400000
2010-08-16,20881.94921875,21209.4609375,20881.94921875,21112.119140625,21112.119140625,1053800000
2010-08-17,21081.310546875,21161.73046875,21015.009765625,21137.4296875,21137.4296875,671700000
2010-08-18,21167.880859375,21277.119140625,20968.69921875,21022.73046875,21022.73046875,1282600000
2010-08-19,21094.69921875,21297.619140625,21023.30078125,21072.4609375,21072.4609375,1336400000
2010-08-20,20929.720703125,20997.390625,20868.240234375,20981.8203125,20981.8203125,1096900000
2010-08-23,20963.25,21035.009765625,20845.69921875,20889.009765625,20889.009765625,857900000
2010-08-24,20759.349609375,20937.529296875,20651.26953125,20658.7109375,20658.7109375,1243900000
2010-08-25,20603.5703125,20667.30078125,20512.779296875,20634.98046875,20634.98046875,1224500000
2010-08-26,20603.1796875,20664.759765625,20567.330078125,20612.060546875,20612.060546875,1026600000
2010-08-27,20563.08984375,20670.5703125,20552.55078125,20597.349609375,20597.349609375,1212700000
2010-08-30,20797.009765625,20832.359375,20668.810546875,20737.220703125,20737.220703125,1056600000
2010-08-31,20539.220703125,20608.55078125,20372.2890625,20536.490234375,20536.490234375,1329300000
2010-09-01,20570.51953125,20649.44921875,20529.869140625,20623.830078125,20623.830078125,1114900000
2010-09-02,20864.400390625,20938.2890625,20819.609375,20868.919921875,20868.919921875,1272300000
2010-09-03,20918.810546875,21028.66015625,20860.890625,20971.5,20971.5,1340900000
2010-09-06,21155.91015625,21398.08984375,21139.7890625,21355.76953125,21355.76953125,1599600000
2010-09-07,21419.91015625,21435.580078125,21313.259765625,21401.7890625,21401.7890625,1163800000
2010-09-08,21213.19921875,21214.810546875,21066.689453125,21088.859375,21088.859375,1956600000
2010-09-09,21169.8203125,21248.580078125,21122.73046875,21167.26953125,21167.26953125,1086600000
2010-09-10,21310.720703125,21332.439453125,21092.810546875,21257.390625,21257.390625,1125400000
2010-09-13,21396.900390625,21714.359375,21395.5703125,21658.349609375,21658.349609375,2035200000
2010-09-14,21760.73046875,21763.73046875,21656.44921875,21696.0390625,21696.0390625,1515500000
2010-09-15,21819.94921875,21819.94921875,21633.0703125,21725.640625,21725.640625,1104100000
2010-09-16,21694.2109375,21726.009765625,21525.7109375,21691.44921875,21691.44921875,1482300000
2010-09-17,21744.529296875,21988.869140625,21713.669921875,21970.859375,21970.859375,1889400000
2010-09-20,21918.44921875,22009.099609375,21874.419921875,21977.33984375,21977.33984375,1215100000
2010-09-21,22118.580078125,22118.580078125,21950.689453125,22002.58984375,22002.58984375,1279500000
2010-09-22,22077.380859375,22229.1796875,22021.599609375,22047.7109375,22047.7109375,1308400000
2010-09-24,21972.880859375,22155.669921875,21956.759765625,22119.4296875,22119.4296875,1297400000
2010-09-27,22351.330078125,22407.23046875,22292.5390625,22340.83984375,22340.83984375,1522300000
2010-09-28,22329.8203125,22371.599609375,22091.130859375,22109.94921875,22109.94921875,1534400000
2010-09-29,22314.560546875,22439.189453125,22300.08984375,22378.669921875,22378.669921875,1945600000
2010-09-30,22287.080078125,22381.330078125,22202.4296875,22358.169921875,22358.169921875,2329900000
2010-10-04,22542.359375,22734.880859375,22542.359375,22618.66015625,22618.66015625,2.592e+09
2010-10-05,22532.0390625,22670.810546875,22504.05078125,22639.140625,22639.140625,1820400000
2010-10-06,23006.19921875,23023.130859375,22872.419921875,22880.41015625,22880.41015625,3266500000
2010-10-07,22996.73046875,22996.73046875,22824.05078125,22884.3203125,22884.3203125,2175200000
2010-10-08,22861.150390625,23093.76953125,22861.150390625,22944.1796875,22944.1796875,1559400000
2010-10-11,23169.130859375,23302.2890625,23151.619140625,23207.310546875,23207.310546875,2.067e+09
2010-10-12,23161.2109375,23254.140625,23055.609375,23121.69921875,23121.69921875,1655500000
2010-10-13,23329.3203125,23471.66015625,23035.5703125,23457.689453125,23457.689453125,2514500000
2010-10-14,23685.259765625,23866.869140625,23614.400390625,23852.169921875,23852.169921875,4144500000
2010-10-15,23733.7890625,23862.5390625,23650.30078125,23757.630859375,23757.630859375,3.595e+09
2010-10-18,23693.119140625,23716.48046875,23467.44921875,23469.380859375,23469.380859375,2263800000
2010-10-19,23551.310546875,23768.08984375,23551.310546875,23763.73046875,23763.73046875,1616100000
2010-10-20,23423.8203125,23689.990234375,23307.490234375,23556.5,23556.5,2639400000
2010-10-21,23736.7890625,23736.7890625,23450.830078125,23649.48046875,23649.48046875,1713500000
2010-10-22,23647.3203125,23667.419921875,23465.759765625,23517.5390625,23517.5390625,1259300000
2010-10-25,23551.140625,23781.880859375,23519.16015625,23627.91015625,23627.91015625,1441700000
2010-10-26,23727.630859375,23727.630859375,23546.330078125,23601.240234375,23601.240234375,1401300000
2010-10-27,23543.73046875,23708.669921875,23148.1796875,23164.580078125,23164.580078125,1882700000
2010-10-28,23290.5390625,23290.5390625,23136.970703125,23210.859375,23210.859375,1333700000
2010-10-29,23177.689453125,23222.349609375,22880.6796875,23096.3203125,23096.3203125,1.905e+09
2010-11-01,23366.8203125,23656.650390625,23366.8203125,23652.939453125,23652.939453125,1709500000
2010-11-02,23608.1796875,23724.869140625,23566.880859375,23671.419921875,23671.419921875,1622200000
2010-11-03,23802.060546875,24163.83984375,23684.990234375,24144.669921875,24144.669921875,2699600000
2010-11-04,24377.0703125,24550.080078125,24345.9296875,24535.630859375,24535.630859375,2315800000
2010-11-05,24905.4296875,24931.849609375,24732.900390625,24876.8203125,24876.8203125,2815100000
2010-11-08,24838.220703125,24988.5703125,24732.51953125,24964.369140625,24964.369140625,1811300000
2010-11-09,24858.33984375,24963.259765625,24687.30078125,24710.599609375,24710.599609375,2258200000
2010-11-10,24672.5,24692.5390625,24421.029296875,24500.609375,24500.609375,1945400000
2010-11-11,24598.810546875,24887.580078125,24505.150390625,24700.30078125,24700.30078125,1795700000
2010-11-12,24404.91015625,24608.66015625,24187.26953125,24222.580078125,24222.580078125,2093400000
2010-11-15,24371.76953125,24382.140625,24002.650390625,24027.1796875,24027.1796875,1668500000
2010-11-16,24009.83984375,24085.23046875,23578.869140625,23693.01953125,23693.01953125,1923800000
2010-11-17,23432.23046875,23618.240234375,23192.490234375,23214.4609375,23214.4609375,2171400000
2010-11-18,23437.80078125,23671.509765625,23327.2890625,23637.390625,23637.390625,1718300000
2010-11-19,23625.310546875,23686.419921875,23252.330078125,23605.7109375,23605.7109375,1903800000
2010-11-22,23499.630859375,23592.76953125,23419.41015625,23524.01953125,23524.01953125,1649700000
2010-11-23,23290.279296875,23322.169921875,22871.109375,22896.140625,22896.140625,2174800000
2010-11-24,23107.439453125,23166.689453125,22971.2109375,23023.859375,23023.859375,1464300000
2010-11-25,23110.01953125,23283.220703125,23037.859375,23054.6796875,23054.6796875,1278400000
2010-11-26,23033,23107.669921875,22782.98046875,22877.25,22877.25,1.134e+09
2010-11-29,22832.05078125,23187.75,22785.279296875,23166.220703125,23166.220703125,1211600000
2010-11-30,23122.400390625,23199.439453125,22844.529296875,23007.990234375,23007.990234375,1711400000
2010-12-01,22973.80078125,23325.7890625,22842.119140625,23249.80078125,23249.80078125,1622200000
2010-12-02,23554.75,23575.380859375,23388.740234375,23448.779296875,23448.779296875,1727100000
2010-12-03,23555.759765625,23611.0390625,23286.5390625,23320.51953125,23320.51953125,1638300000
2010-12-06,23507.19921875,23612.25,23213.7109375,23237.689453125,23237.689453125,1448300000
2010-12-07,23177.400390625,23475.2890625,23101.810546875,23428.150390625,23428.150390625,1.395e+09
2010-12-08,23362.66015625,23374.369140625,22998.33984375,23092.51953125,23092.51953125,1469100000
2010-12-09,23167.869140625,23269.359375,23083.16015625,23171.80078125,23171.80078125,1.359e+09
2010-12-10,23091.51953125,23202.2890625,22965.900390625,23162.91015625,23162.91015625,1.352e+09
2010-12-13,23362.3203125,23490.1796875,23233.400390625,23317.609375,23317.609375,1108600000
2010-12-14,23451.400390625,23453.419921875,23328.009765625,23431.189453125,23431.189453125,1005900000
2010-12-15,23371.33984375,23371.33984375,22876.880859375,22975.349609375,22975.349609375,1731600000
2010-12-16,22949.779296875,22992.0703125,22598.9609375,22668.779296875,22668.779296875,1490100000
2010-12-17,22660.880859375,22732.619140625,22519.609375,22714.849609375,22714.849609375,1426300000
2010-12-20,22708.4296875,22716.779296875,22392.669921875,22639.080078125,22639.080078125,1175600000
2010-12-21,22711.4609375,23025.470703125,22671.609375,22993.859375,22993.859375,1.262e+09
2010-12-22,23039.849609375,23160.439453125,22990.689453125,23045.189453125,23045.189453125,1191400000
2010-12-23,23139.580078125,23151.380859375,22867.9296875,22902.970703125,22902.970703125,739900000
2010-12-24,22932.5,22948.25,22776.619140625,22833.80078125,22833.80078125,531800000
2010-12-28,22553.150390625,22684.830078125,22529.259765625,22621.73046875,22621.73046875,1.031e+09
2010-12-29,22725.380859375,22981.51953125,22663.80078125,22969.30078125,22969.30078125,796500000
2010-12-30,22987.83984375,23111.26953125,22890.560546875,22999.33984375,22999.33984375,979900000
2010-12-31,23079.83984375,23102.05078125,23012.5,23035.44921875,23035.44921875,643100000
2011-01-03,23135.640625,23443.529296875,23057.51953125,23436.05078125,23436.05078125,1066900000
2011-01-04,23477.310546875,23695.609375,23408.08984375,23668.48046875,23668.48046875,1330700000
2011-01-05,23650.1796875,23773.98046875,23579.740234375,23757.8203125,23757.8203125,1277800000
2011-01-06,23861.220703125,23861.220703125,23698.380859375,23786.30078125,23786.30078125,1147700000
2011-01-07,23744.029296875,23880.76953125,23654.0390625,23686.630859375,23686.630859375,1287300000
2011-01-10,23715.470703125,23783.830078125,23481.80078125,23527.259765625,23527.259765625,1087100000
2011-01-11,23606.759765625,23855.830078125,23512.220703125,23760.33984375,23760.33984375,1171800000
2011-01-12,23857.169921875,24168.359375,23857.169921875,24125.609375,24125.609375,1592900000
2011-01-13,24347.33984375,24378.810546875,24208.44921875,24238.98046875,24238.98046875,2323200000
2011-01-14,24273.619140625,24347.259765625,24187.900390625,24283.23046875,24283.23046875,1531600000
2011-01-17,24364.0703125,24364.0703125,24098.029296875,24156.970703125,24156.970703125,1209100000
2011-01-18,24189.830078125,24382.009765625,24104.33984375,24153.98046875,24153.98046875,1286500000
2011-01-19,24321.25,24434.400390625,24243.880859375,24419.619140625,24419.619140625,1356700000
2011-01-20,24248.3203125,24248.3203125,23963.859375,24003.69921875,24003.69921875,1531200000
2011-01-21,23913.189453125,24130.16015625,23840.2890625,23876.859375,23876.859375,1335200000
2011-01-24,23970.30078125,23970.30078125,23751.720703125,23801.779296875,23801.779296875,1201900000
2011-01-25,23891.6796875,23999.109375,23769.4609375,23788.830078125,23788.830078125,1038900000
2011-01-26,23802.880859375,23976.369140625,23662.1796875,23843.240234375,23843.240234375,1318200000
2011-01-27,23771.119140625,24023.6796875,23734.69921875,23779.619140625,23779.619140625,1585200000
2011-01-28,23763.740234375,23763.740234375,23580.419921875,23617.01953125,23617.01953125,1501900000
2011-01-31,23314.689453125,23520.5390625,23285.599609375,23447.33984375,23447.33984375,1962800000
2011-02-01,23451.619140625,23552.23046875,23422.720703125,23482.94921875,23482.94921875,1362600000
2011-02-02,23700.16015625,23922.740234375,23671.509765625,23908.9609375,23908.9609375,1087500000
2011-02-07,23981.740234375,23981.740234375,23530.80078125,23553.58984375,23553.58984375,1.481e+09
2011-02-08,23613.490234375,23616.830078125,23396.169921875,23484.30078125,23484.30078125,1683200000
2011-02-09,23535.41015625,23591.5,23128.720703125,23164.029296875,23164.029296875,2265500000
2011-02-10,23035.640625,23069.419921875,22668.01953125,22708.619140625,22708.619140625,2501900000
2011-02-11,22752.55078125,22861.529296875,22446.669921875,22828.919921875,22828.919921875,1973100000
2011-02-14,22920.2890625,23187.8203125,22899.580078125,23121.060546875,23121.060546875,1623700000
2011-02-15,23037.029296875,23104.98046875,22881.16015625,22899.779296875,22899.779296875,1.315e+09
2011-02-16,23015.390625,23183.279296875,22809.009765625,23156.970703125,23156.970703125,1289300000
2011-02-17,23173.48046875,23320.4296875,23079.470703125,23301.83984375,23301.83984375,1447100000
2011-02-18,23342.669921875,23614.609375,23316.30078125,23595.240234375,23595.240234375,2141900000
2011-02-21,23500.109375,23585.630859375,23444.76953125,23485.419921875,23485.419921875,1.226e+09
2011-02-22,23170.51953125,23170.51953125,22938.130859375,22990.810546875,22990.810546875,1736200000
2011-02-23,22983.369140625,23055.470703125,22837.08984375,22906.900390625,22906.900390625,1287200000
2011-02-24,22856.779296875,23036.9296875,22575.990234375,22601.0390625,22601.0390625,1506200000
2011-02-25,22727.0390625,23091.3203125,22712.9609375,23012.369140625,23012.369140625,1403500000
2011-02-28,22900.150390625,23388.3203125,22886.369140625,23338.01953125,23338.01953125,1782700000
2011-03-01,23317.9609375,23478.69921875,23244.109375,23396.419921875,23396.419921875,1802500000
2011-03-02,23114.4296875,23114.4296875,22915.650390625,23048.66015625,23048.66015625,1.492e+09
2011-03-03,23102.830078125,23329.380859375,23097.150390625,23122.419921875,23122.419921875,1643400000
2011-03-04,23406.76953125,23506.669921875,23374.599609375,23408.859375,23408.859375,1855100000
2011-03-07,23257.140625,23491.7109375,23229.0703125,23313.189453125,23313.189453125,1321100000
2011-03-08,23401.490234375,23731.890625,23307.69921875,23711.69921875,23711.69921875,1782700000
2011-03-09,23863.9296875,23934.0703125,23775.69921875,23810.109375,23810.109375,2028500000
2011-03-10,23818.640625,23818.640625,23564.94921875,23614.890625,23614.890625,1406100000
2011-03-11,23437.5,23514.73046875,23105.990234375,23249.779296875,23249.779296875,1.671e+09
2011-03-14,23207.150390625,23345.880859375,23078.939453125,23345.880859375,23345.880859375,1201200000
2011-03-15,23110.7109375,23110.7109375,22253.470703125,22678.25,22678.25,2.969e+09
2011-03-16,22814.5,22814.5,22541.55078125,22700.880859375,22700.880859375,1.775e+09
2011-03-17,22237.240234375,22393.98046875,22123.259765625,22284.4296875,22284.4296875,1700500000
2011-03-18,22387.98046875,22464.349609375,22273.69921875,22300.23046875,22300.23046875,2.025e+09
2011-03-21,22401.060546875,22711.83984375,22395.30078125,22685.220703125,22685.220703125,1744900000
2011-03-22,22732.94921875,22880.58984375,22654.220703125,22857.900390625,22857.900390625,1450400000
2011-03-23,22797.939453125,22849.23046875,22714.859375,22825.400390625,22825.400390625,1383300000
2011-03-24,23005.490234375,23050.869140625,22890.830078125,22915.279296875,22915.279296875,1848400000
2011-03-25,23135.380859375,23179.259765625,23068.08984375,23158.669921875,23158.669921875,2696400000
2011-03-28,23114.0703125,23261.6796875,22952.4296875,23068.189453125,23068.189453125,1989100000
2011-03-29,22997.349609375,23137.150390625,22965.33984375,23060.359375,23060.359375,1352900000
2011-03-30,23192.7890625,23505.109375,23180.919921875,23451.4296875,23451.4296875,2.044e+09
2011-03-31,23618.060546875,23618.060546875,23450.4609375,23527.51953125,23527.51953125,2338800000
2011-04-01,23664.48046875,23827.2109375,23474.33984375,23801.900390625,23801.900390625,2190700000
2011-04-04,23917.009765625,24164.369140625,23917.009765625,24150.580078125,24150.580078125,2068500000
2011-04-06,24182.830078125,24322.259765625,24102.599609375,24285.05078125,24285.05078125,2113400000
2011-04-07,24317.8203125,24368.759765625,24195.609375,24281.80078125,24281.80078125,1589700000
2011-04-08,24306.439453125,24468.640625,24251.740234375,24396.0703125,24396.0703125,1596100000
2011-04-11,24394.990234375,24466.470703125,24250.05078125,24303.0703125,24303.0703125,1506800000
2011-04-12,24142.55078125,24142.55078125,23916.55078125,23976.369140625,23976.369140625,1609200000
2011-04-13,23981.05078125,24200.3203125,23842.2890625,24135.029296875,24135.029296875,1598500000
2011-04-14,23951.880859375,24070.759765625,23912.26953125,24014,24014,1.219e+09
2011-04-15,24086.55078125,24236.5390625,23902.029296875,24008.0703125,24008.0703125,1280600000
2011-04-18,23977.869140625,24145.4296875,23769.48046875,23830.310546875,23830.310546875,1280800000
2011-04-19,23654.859375,23654.859375,23468.19921875,23520.619140625,23520.619140625,1461900000
2011-04-20,23709.2890625,23904.76953125,23682.7890625,23896.099609375,23896.099609375,1236500000
2011-04-21,24090.55078125,24185.490234375,24031.419921875,24138.310546875,24138.310546875,1.515e+09
2011-04-26,23964.619140625,24070.029296875,23844.30078125,24007.380859375,24007.380859375,1136300000
2011-04-27,24193.279296875,24260.76953125,23825.130859375,23892.83984375,23892.83984375,1245100000
2011-04-28,24103.029296875,24132.05078125,23761.130859375,23805.630859375,23805.630859375,1570600000
2011-04-29,23729.76953125,23808.9296875,23633.740234375,23720.810546875,23720.810546875,1468500000
2011-05-03,23794.859375,23924.48046875,23599.279296875,23633.25,23633.25,1.309e+09
2011-05-04,23582.599609375,23582.599609375,23230.380859375,23315.240234375,23315.240234375,1880800000
2011-05-05,23228.009765625,23348.330078125,23167.9296875,23261.609375,23261.609375,1561100000
2011-05-06,23035.939453125,23207.439453125,22985.66015625,23159.140625,23159.140625,1282800000
2011-05-09,23249.98046875,23392.69921875,23239.150390625,23336,23336,1008600000
2011-05-11,23509.009765625,23509.009765625,23233.419921875,23291.80078125,23291.80078125,1308700000
2011-05-12,23112.130859375,23127.98046875,22985.5390625,23073.759765625,23073.759765625,1213500000
2011-05-13,23120,23295.029296875,22888.080078125,23276.26953125,23276.26953125,1231700000
2011-05-16,23054.060546875,23134.640625,22937.140625,22960.630859375,22960.630859375,1076100000
2011-05-17,22896.19921875,22967.880859375,22768.029296875,22901.080078125,22901.080078125,926400000
2011-05-18,22968.619140625,23057.720703125,22924.4609375,23011.140625,23011.140625,1067400000
2011-05-19,23125.279296875,23248.130859375,23031.599609375,23163.380859375,23163.380859375,1146400000
2011-05-20,23215.619140625,23242.630859375,23147.419921875,23199.390625,23199.390625,798100000
2011-05-23,22942.9609375,22942.9609375,22691.330078125,22711.01953125,22711.01953125,1487200000
2011-05-24,22693.099609375,22754.44921875,22631.130859375,22730.779296875,22730.779296875,1007900000
2011-05-25,22558.330078125,22767.009765625,22519.66015625,22747.279296875,22747.279296875,1231400000
2011-05-26,22848.060546875,22943.849609375,22796.130859375,22900.7890625,22900.7890625,960500000
2011-05-27,22939.94921875,23150.599609375,22859.98046875,23118.0703125,23118.0703125,1504600000
2011-05-30,23117.80078125,23257.849609375,23086.05078125,23184.3203125,23184.3203125,792900000
2011-05-31,23380.2890625,23707.94921875,23371.48046875,23684.130859375,23684.130859375,2140400000
2011-06-01,23686.76953125,23706,23598.390625,23626.4296875,23626.4296875,1590500000
2011-06-02,23280.05078125,23317.7890625,23210.94921875,23253.83984375,23253.83984375,1305500000
2011-06-03,23338.759765625,23338.759765625,22932.48046875,22949.560546875,22949.560546875,1959500000
2011-06-07,22762.2109375,22928.9609375,22730.119140625,22868.669921875,22868.669921875,1487300000
2011-06-08,22757.619140625,22757.619140625,22607.08984375,22661.630859375,22661.630859375,2026100000
2011-06-09,22628.130859375,22647.30078125,22372.939453125,22609.830078125,22609.830078125,2442700000
2011-06-10,22641.619140625,22674.80078125,22297.939453125,22420.369140625,22420.369140625,1701300000
2011-06-13,22172.609375,22508.5,22156.810546875,22508.080078125,22508.080078125,1273200000
2011-06-14,22298.470703125,22642.4609375,22298.470703125,22496,22496,1502200000
2011-06-15,22532.83984375,22598.759765625,22327,22343.76953125,22343.76953125,1261800000
2011-06-16,22048.279296875,22065.4609375,21874.890625,21953.109375,21953.109375,1.876e+09
2011-06-17,21969.6796875,21971.240234375,21628.330078125,21695.259765625,21695.259765625,1985600000
2011-06-20,21770.7890625,21897.349609375,21508.76953125,21599.509765625,21599.509765625,1395400000
2011-06-21,21783.859375,21875.16015625,21656.060546875,21850.58984375,21850.58984375,2141300000
2011-06-22,22044.16015625,22047.849609375,21837.83984375,21859.970703125,21859.970703125,1431600000
2011-06-23,21777.109375,21905.099609375,21632.869140625,21759.140625,21759.140625,1783700000
2011-06-24,21843.759765625,22182.75,21783.73046875,22171.94921875,22171.94921875,1.956e+09
2011-06-27,21888.0390625,22099.2890625,21888.0390625,22041.76953125,22041.76953125,1271900000
2011-06-28,22168.9296875,22206.08984375,21952.369140625,22061.779296875,22061.779296875,1391600000
2011-06-29,22229.83984375,22237.099609375,22022.060546875,22061.1796875,22061.1796875,1504700000
2011-06-30,22233.69921875,22464.05078125,22174.609375,22398.099609375,22398.099609375,1686800000
2011-07-04,22813.25,22817.5,22728.650390625,22770.470703125,22770.470703125,1537400000
2011-07-05,22821.75,22821.75,22707.099609375,22747.94921875,22747.94921875,1092900000
2011-07-06,22645.349609375,22737.5,22509.1796875,22517.55078125,22517.55078125,9527800000
2011-07-07,22587.5,22707.369140625,22523.9296875,22530.1796875,22530.1796875,1477600000
2011-07-08,22706.240234375,22835.029296875,22677.970703125,22726.4296875,22726.4296875,1426600000
2011-07-11,22598.619140625,22598.619140625,22307.220703125,22347.23046875,22347.23046875,1525100000
2011-07-12,22092.5703125,22092.5703125,21648.390625,21663.16015625,21663.16015625,2384700000
2011-07-13,21794.369140625,21935.6796875,21718.810546875,21926.880859375,21926.880859375,1668800000
2011-07-14,21936.869140625,21945.01953125,21747.44921875,21940.19921875,21940.19921875,1670300000
2011-07-15,21872.560546875,21974.5703125,21774.94921875,21875.380859375,21875.380859375,1260500000
2011-07-18,21727.9296875,22026.599609375,21727.9296875,21804.75,21804.75,1224400000
2011-07-19,21805,21909.5390625,21611.16015625,21902.400390625,21902.400390625,1419200000
2011-07-20,22072.890625,22088.240234375,21871.9609375,22003.689453125,22003.689453125,1500900000
2011-07-21,22058.630859375,22090.55078125,21857.029296875,21987.2890625,21987.2890625,1584800000
2011-07-22,22231.599609375,22449.109375,22231.599609375,22444.80078125,22444.80078125,2047900000
2011-07-25,22287.369140625,22330.19921875,22217.400390625,22293.2890625,22293.2890625,1334900000
2011-07-26,22285.0390625,22581.560546875,22262.4609375,22572.080078125,22572.080078125,1753800000
2011-07-27,22489.69921875,22635.380859375,22469.1796875,22541.689453125,22541.689453125,1484200000
2011-07-28,22246.69921875,22572.30078125,22231.0703125,22570.740234375,22570.740234375,1485700000
2011-07-29,22544.509765625,22623.009765625,22323.16015625,22440.25,22440.25,1287600000
2011-08-01,22739.55078125,22808.330078125,22651,22663.369140625,22663.369140625,1443900000
2011-08-02,22532.76953125,22623.220703125,22387.919921875,22421.4609375,22421.4609375,1587800000
2011-08-03,22015.669921875,22041.869140625,21882.779296875,21992.720703125,21992.720703125,2262200000
2011-08-04,22019.919921875,22087.119140625,21725.669921875,21884.740234375,21884.740234375,1.548e+09
2011-08-05,20939.400390625,21017.720703125,20643.259765625,20946.140625,20946.140625,3533700000
2011-08-08,20409.009765625,20572.509765625,20044.369140625,20490.5703125,20490.5703125,2678400000
2011-08-09,19209.69921875,20158.55078125,18868.109375,19330.69921875,19330.69921875,4636800000
2011-08-10,19993.779296875,20105.869140625,19672.66015625,19783.669921875,19783.669921875,2935300000
2011-08-11,19319.4296875,19728.880859375,19269.41015625,19595.140625,19595.140625,2751700000
2011-08-12,19955.8203125,19955.8203125,19575,19620.009765625,19620.009765625,2156200000
2011-08-15,20056.779296875,20264.330078125,19924.560546875,20260.099609375,20260.099609375,1827200000
2011-08-16,20344.75,20431.859375,20140.310546875,20212.080078125,20212.080078125,1776900000
2011-08-17,20318.369140625,20504.380859375,20214.720703125,20289.029296875,20289.029296875,1562600000
2011-08-18,20261.2109375,20342.240234375,19969.2109375,20016.26953125,20016.26953125,1568500000
2011-08-19,19478.8203125,19595.919921875,19314.419921875,19399.919921875,19399.919921875,2110600000
2011-08-22,19465.30078125,19666.83984375,19047.640625,19486.869140625,19486.869140625,2553700000
2011-08-23,19476.470703125,19893.369140625,19383.380859375,19875.529296875,19875.529296875,1963500000
2011-08-24,19863.109375,19876.669921875,19452.650390625,19466.7890625,19466.7890625,1680600000
2011-08-25,19744.51953125,19803.279296875,19638.869140625,19752.48046875,19752.48046875,1819700000
2011-08-26,19733.7109375,19919.919921875,19549.529296875,19582.880859375,19582.880859375,2063700000
2011-08-29,19883.060546875,19919.33984375,19749.400390625,19865.109375,19865.109375,1898700000
2011-08-30,20203.55078125,20341.119140625,20071.51953125,20204.169921875,20204.169921875,6.806e+09
2011-08-31,20256.33984375,20556.9296875,20168.9296875,20534.849609375,20534.849609375,3563400000
2011-09-01,20790.220703125,20975.30078125,20572.970703125,20585.330078125,20585.330078125,2665600000
2011-09-02,20557.919921875,20580.810546875,20178.669921875,20212.91015625,20212.91015625,1751800000
2011-09-05,19830.5,19830.5,19567.76953125,19616.400390625,19616.400390625,1887200000
2011-09-06,19374.919921875,19727.890625,19290.400390625,19710.5,19710.5,1813500000
2011-09-07,19836.25,20069.75,19785.2890625,20048,20048,1706700000
2011-09-08,20159.2890625,20159.2890625,19799.490234375,19912.8203125,19912.8203125,1893100000
2011-09-09,19997.890625,20088.80078125,19808.94921875,19866.630859375,19866.630859375,1301300000
2011-09-12,19264.6796875,19303.740234375,18989.439453125,19030.5390625,19030.5390625,1900600000
2011-09-14,19216.2890625,19248.640625,18627.650390625,19045.439453125,19045.439453125,2449200000
2011-09-15,19186.759765625,19269.41015625,18935.080078125,19181.5,19181.5,1916800000
2011-09-16,19545.5,19652.529296875,19454.740234375,19455.310546875,19455.310546875,2492900000
2011-09-19,19247.58984375,19247.58984375,18876.060546875,18917.94921875,18917.94921875,1576200000
2011-09-20,19008.609375,19055.16015625,18732.75,19014.80078125,19014.80078125,1800500000
2011-09-21,18891.5,19023.5703125,18698.900390625,18824.169921875,18824.169921875,1874700000
2011-09-22,18296.80078125,18296.80078125,17859.310546875,17911.94921875,17911.94921875,2672500000
2011-09-23,17585.7890625,17813.5703125,17373.41015625,17668.830078125,17668.830078125,3.973e+09
2011-09-26,17634.419921875,17734.83984375,16999.5390625,17407.80078125,17407.80078125,3000700000
2011-09-27,17818.970703125,18136.01953125,17769.060546875,18130.55078125,18130.55078125,2660500000
2011-09-28,17962.490234375,18101.26953125,17843.94921875,18011.060546875,18011.060546875,2514600000
2011-09-30,17946.240234375,17946.240234375,17502.080078125,17592.41015625,17592.41015625,3583100000
2011-10-03,17179.19921875,17179.19921875,16717.140625,16822.150390625,16822.150390625,3.227e+09
2011-10-04,16731.580078125,16840.91015625,16170.349609375,16250.26953125,16250.26953125,2858400000
2011-10-06,16975,17179.9296875,16849.44921875,17172.279296875,17172.279296875,3071200000
2011-10-07,17540.720703125,17800.720703125,17505.380859375,17707.009765625,17707.009765625,2463300000
2011-10-10,17853.259765625,17859.349609375,17437.83984375,17711.060546875,17711.060546875,1782400000
2011-10-11,18441.869140625,18456.16015625,18041.69921875,18141.58984375,18141.58984375,3122900000
2011-10-12,17990.560546875,18411.76953125,17804.560546875,18329.4609375,18329.4609375,2169100000
2011-10-13,18601.650390625,18758.740234375,18453.05078125,18757.810546875,18757.810546875,2336900000
2011-10-14,18639.4296875,18665.94921875,18367.849609375,18501.7890625,18501.7890625,1491100000
2011-10-17,18808.66015625,18908.169921875,18675.810546875,18873.990234375,18873.990234375,1626900000
2011-10-18,18411.400390625,18411.400390625,17963.259765625,18076.4609375,18076.4609375,2198100000
2011-10-19,18400.330078125,18426.2890625,18203.990234375,18309.220703125,18309.220703125,1373200000
2011-10-20,18198.119140625,18198.119140625,17782,17983.099609375,17983.099609375,1.266e+09
2011-10-21,18034.19921875,18082.4296875,17926.2890625,18025.720703125,18025.720703125,1068800000
2011-10-24,18444.16015625,18826.849609375,18435.41015625,18771.8203125,18771.8203125,1951500000
2011-10-25,18867.509765625,18981.5703125,18801.419921875,18968.19921875,18968.19921875,1.901e+09
2011-10-26,18727.9609375,19106.740234375,18705.080078125,19066.5390625,19066.5390625,1680800000
2011-10-27,19067.58984375,19693.189453125,19046.470703125,19688.69921875,19688.69921875,3148400000
2011-10-28,20152.220703125,20272.380859375,19972.240234375,20019.240234375,20019.240234375,3745500000
2011-10-31,20027.720703125,20155.619140625,19699.330078125,19864.869140625,19864.869140625,1747600000
2011-11-01,19461.080078125,19698.990234375,19322.599609375,19369.9609375,19369.9609375,1764800000
2011-11-02,19091.849609375,19745.48046875,19024.0703125,19733.7109375,19733.7109375,1.963e+09
2011-11-03,19418.8203125,19541.119140625,19142.33984375,19242.5,19242.5,2140900000
2011-11-04,19922.76953125,19981.51953125,19773.310546875,19842.7890625,19842.7890625,2257600000
2011-11-07,19894.220703125,19977.08984375,19649.5703125,19677.890625,19677.890625,1.62e+09
2011-11-08,19848.5,19914.919921875,19659.939453125,19678.470703125,19678.470703125,1464900000
2011-11-09,20067.380859375,20173.140625,19967.169921875,20014.4296875,20014.4296875,1943900000
2011-11-10,19091.400390625,19199.080078125,18945.580078125,18963.890625,18963.890625,2485600000
2011-11-11,19143.580078125,19206.33984375,19028.310546875,19137.169921875,19137.169921875,1279500000
2011-11-14,19600.369140625,19640.6796875,19496.16015625,19508.1796875,19508.1796875,1683800000
2011-11-15,19305.279296875,19420.060546875,19240.349609375,19348.439453125,19348.439453125,5166600000
2011-11-16,19483.099609375,19483.099609375,18768.669921875,18960.900390625,18960.900390625,1615200000
2011-11-17,18686.169921875,18958.970703125,18657.740234375,18817.470703125,18817.470703125,2567700000
2011-11-18,18561.0390625,18561.0390625,18398.9609375,18491.23046875,18491.23046875,1662300000
2011-11-21,18213.720703125,18293.939453125,18054.23046875,18225.849609375,18225.849609375,1.367e+09
2011-11-22,18225.48046875,18355.119140625,18017.5,18251.58984375,18251.58984375,1961300000
2011-11-23,17954.580078125,17964.400390625,17838.740234375,17864.4296875,17864.4296875,1582400000
2011-11-24,17657.689453125,17997.0703125,17657.689453125,17935.099609375,17935.099609375,1.402e+09
2011-11-25,17658.779296875,17827.810546875,17613.19921875,17689.48046875,17689.48046875,944800000
2011-11-28,18019.2109375,18095.19921875,17954.189453125,18037.810546875,18037.810546875,1142300000
2011-11-29,18225.099609375,18372.44921875,18053.919921875,18256.19921875,18256.19921875,1726100000
2011-11-30,18192.2890625,18192.2890625,17860.80078125,17989.349609375,17989.349609375,3420100000
2011-12-01,19033.9609375,19050.560546875,18868.3203125,19002.259765625,19002.259765625,3561500000
2011-12-02,18977.19921875,19151.650390625,18878.310546875,19040.390625,19040.390625,2307800000
2011-12-05,19117.890625,19188.859375,18972.900390625,19179.689453125,19179.689453125,1604800000
2011-12-06,19011.810546875,19038.48046875,18818.6796875,18942.23046875,18942.23046875,1252300000
2011-12-07,19114.01953125,19242.80078125,19009.4296875,19240.580078125,19240.580078125,1846600000
2011-12-08,19112.330078125,19137.560546875,18956.41015625,19107.810546875,19107.810546875,1297800000
2011-12-09,18721.16015625,18840.9296875,18511.419921875,18586.23046875,18586.23046875,1661900000
2011-12-12,18853.3203125,18919.419921875,18508.119140625,18575.66015625,18575.66015625,1.168e+09
2011-12-13,18327.44921875,18465.390625,18297.66015625,18447.169921875,18447.169921875,1049700000
2011-12-14,18301.05078125,18476.150390625,18280.669921875,18354.4296875,18354.4296875,1203300000
2011-12-15,18122.73046875,18133.939453125,17895.150390625,18026.83984375,18026.83984375,1711800000
2011-12-16,18025.599609375,18390.41015625,18025.599609375,18285.390625,18285.390625,2209500000
2011-12-19,18053.640625,18092.349609375,17821.51953125,18070.2109375,18070.2109375,1392900000
2011-12-20,18044.75,18270.69921875,18010.259765625,18080.19921875,18080.19921875,1196500000
2011-12-21,18462.640625,18473.189453125,18288.650390625,18416.44921875,18416.44921875,1424500000
2011-12-22,18356.869140625,18388.009765625,18238.380859375,18378.23046875,18378.23046875,903900000
2011-12-23,18589.6796875,18636.75,18539.58984375,18629.169921875,18629.169921875,965400000
2011-12-24,NA,NA,NA,NA,NA,NA
2011-12-28,18621.5,18621.5,18461.970703125,18518.669921875,18518.669921875,862700000
2011-12-29,18329.609375,18409.119140625,18293.810546875,18397.919921875,18397.919921875,1205200000
2011-12-30,18489.0390625,18506.26953125,18415.849609375,18434.390625,18434.390625,837200000
2011-12-31,NA,NA,NA,NA,NA,NA
2012-01-03,18770.640625,18886.119140625,18724.169921875,18877.41015625,18877.41015625,1247600000
2012-01-04,18970.599609375,18970.599609375,18687.939453125,18727.310546875,18727.310546875,1169200000
2012-01-05,18753.380859375,18821.08984375,18723.279296875,18813.41015625,18813.41015625,1035400000
2012-01-06,18784.859375,18784.859375,18506.580078125,18593.060546875,18593.060546875,1434100000
2012-01-09,18588.359375,18884.259765625,18302.83984375,18865.720703125,18865.720703125,1.381e+09
2012-01-10,18948.119140625,19086.529296875,18858.5703125,19004.279296875,19004.279296875,1994800000
2012-01-11,19071.900390625,19175.849609375,18983.140625,19151.939453125,19151.939453125,2037300000
2012-01-12,19112.759765625,19261.2890625,19050.94921875,19095.380859375,19095.380859375,1791600000
2012-01-13,19232.2109375,19232.2109375,19073.1796875,19204.419921875,19204.419921875,2018500000
2012-01-16,19070.740234375,19070.740234375,18985.75,19012.19921875,19012.19921875,1354800000
2012-01-17,19185.849609375,19640.279296875,19173.2890625,19627.75,19627.75,2590200000
2012-01-18,19651.58984375,19726.83984375,19577.0703125,19686.919921875,19686.919921875,1947200000
2012-01-19,19842.4609375,19956.5390625,19776.3203125,19942.94921875,19942.94921875,2497500000
2012-01-20,20161.720703125,20161.720703125,19927.880859375,20110.369140625,20110.369140625,1966400000
2012-01-26,20453.470703125,20453.470703125,20301.58984375,20439.140625,20439.140625,2041600000
2012-01-27,20443.4609375,20590.80078125,20384.05078125,20501.669921875,20501.669921875,1809700000
2012-01-30,20518,20518,20144.94921875,20160.41015625,20160.41015625,2136700000
2012-01-31,20326.490234375,20465.890625,20219.26953125,20390.490234375,20390.490234375,2386800000
2012-02-01,20394.669921875,20534.220703125,20269.509765625,20333.369140625,20333.369140625,1499500000
2012-02-02,20638.9609375,20761.69921875,20564.970703125,20739.44921875,20739.44921875,2100100000
2012-02-03,20680.7109375,20796.740234375,20639.490234375,20756.98046875,20756.98046875,1663300000
2012-02-06,21015.55078125,21015.55078125,20633.130859375,20709.939453125,20709.939453125,1900900000
2012-02-07,20808.05078125,20881.849609375,20649.26953125,20699.189453125,20699.189453125,1519300000
2012-02-08,20827.890625,21023.330078125,20755.73046875,21018.4609375,21018.4609375,1739200000
2012-02-09,20922.2890625,21053.060546875,20787.83984375,21010.009765625,21010.009765625,2208100000
2012-02-10,20986.25,21002.330078125,20703.7890625,20783.859375,20783.859375,1997900000
2012-02-13,20718.80078125,20969.80078125,20673.9609375,20887.400390625,20887.400390625,1515500000
2012-02-14,20845.240234375,20947.94921875,20813.529296875,20917.830078125,20917.830078125,1174500000
2012-02-15,20993.580078125,21403.279296875,20933.390625,21365.23046875,21365.23046875,2038800000
2012-02-16,21266.509765625,21317.720703125,21157.55078125,21277.279296875,21277.279296875,1.548e+09
2012-02-17,21503.58984375,21546.73046875,21381.689453125,21491.619140625,21491.619140625,1590300000
2012-02-20,21760.33984375,21760.33984375,21393.48046875,21424.7890625,21424.7890625,1855300000
2012-02-21,21434.310546875,21480.33984375,21221.390625,21478.720703125,21478.720703125,1547200000
2012-02-22,21339.01953125,21569.740234375,21302.189453125,21549.279296875,21549.279296875,1377300000
2012-02-23,21356.529296875,21428.5,21325.560546875,21380.990234375,21380.990234375,1125600000
2012-02-24,21438.970703125,21468.9296875,21292.400390625,21406.859375,21406.859375,1386300000
2012-02-27,21381.66015625,21589.01953125,21076.51953125,21217.859375,21217.859375,1.611e+09
2012-02-28,21303.390625,21583.0703125,21273.990234375,21568.73046875,21568.73046875,1614400000
2012-02-29,21643.849609375,21716.759765625,21525.91015625,21680.080078125,21680.080078125,1557400000
2012-03-01,21578.189453125,21641.140625,21338.2890625,21387.9609375,21387.9609375,1377700000
2012-03-02,21618.150390625,21623.240234375,21531.9296875,21562.259765625,21562.259765625,1592400000
2012-03-05,21518.029296875,21578.759765625,21230.609375,21265.310546875,21265.310546875,1255400000
2012-03-06,21173.740234375,21173.740234375,20789.359375,20806.25,20806.25,3940600000
2012-03-07,20521.9609375,20732.869140625,20521.9609375,20627.779296875,20627.779296875,2211800000
2012-03-08,20722.94921875,20909.7109375,20681.08984375,20900.73046875,20900.73046875,1592300000
2012-03-09,20930.9296875,21209.7890625,20917.6796875,21086,21086,1399900000
2012-03-12,21073.58984375,21170.55078125,20924.359375,21134.1796875,21134.1796875,1130200000
2012-03-13,21279.41015625,21427.119140625,21261.3203125,21339.69921875,21339.69921875,1360800000
2012-03-14,21564.2109375,21638.3203125,21263.01953125,21307.890625,21307.890625,1924500000
2012-03-15,21323.060546875,21368.48046875,21162.169921875,21353.529296875,21353.529296875,1320800000
2012-03-16,21350.25,21438.619140625,21253.390625,21317.849609375,21317.849609375,1.537e+09
2012-03-20,21183.0390625,21183.0390625,20786.689453125,20888.240234375,20888.240234375,1707900000
2012-03-21,20948.130859375,20993.48046875,20756.029296875,20856.630859375,20856.630859375,1512300000
2012-03-22,20886.119140625,20978.490234375,20801.7890625,20901.560546875,20901.560546875,1173600000
2012-03-23,20740.560546875,20742.69921875,20596.890625,20668.80078125,20668.80078125,1571100000
2012-03-26,20672.369140625,20776.359375,20580.720703125,20668.859375,20668.859375,1433100000
2012-03-27,20921.80078125,21063.380859375,20896.189453125,21046.91015625,21046.91015625,1531100000
2012-03-28,20959.98046875,20989.580078125,20798.08984375,20885.419921875,20885.419921875,1502800000
2012-03-29,20720.33984375,20720.33984375,20527.259765625,20609.390625,20609.390625,1671500000
2012-03-30,20380.060546875,20566.08984375,20374.029296875,20555.580078125,20555.580078125,1905300000
2012-04-02,20662.970703125,20662.970703125,20417.689453125,20522.259765625,20522.259765625,1073400000
2012-04-03,20704.150390625,20816.08984375,20588.19921875,20790.98046875,20790.98046875,1371800000
2012-04-05,20479.26953125,20670.19921875,20404.150390625,20593,20593,1406900000
2012-04-10,20387.4296875,20472.9609375,20297.390625,20356.240234375,20356.240234375,1243800000
2012-04-11,20092.9609375,20188.560546875,20035.6796875,20140.669921875,20140.669921875,1291400000
2012-04-12,20179.720703125,20360.48046875,20138.01953125,20327.3203125,20327.3203125,1535800000
2012-04-13,20640.5,20719.0390625,20574.349609375,20701.0390625,20701.0390625,2071100000
2012-04-16,20516.08984375,20625.44921875,20514.08984375,20610.640625,20610.640625,5036300000
2012-04-17,20678.0390625,20678.0390625,20392.5703125,20562.310546875,20562.310546875,1489100000
2012-04-18,20800.2109375,20862.3203125,20715.939453125,20780.73046875,20780.73046875,1.485e+09
2012-04-19,20767.4609375,20995.009765625,20767.4609375,20995.009765625,20995.009765625,1119700000
2012-04-20,20933.26953125,21076.4296875,20881.619140625,21010.640625,21010.640625,1079300000
2012-04-23,20970.9609375,20970.9609375,20624.390625,20624.390625,20624.390625,1192100000
2012-04-24,20606.169921875,20771.7890625,20534.130859375,20677.16015625,20677.16015625,1280600000
2012-04-25,20751.5390625,20751.8203125,20584.98046875,20646.2890625,20646.2890625,1060600000
2012-04-26,20753.1796875,20826.91015625,20674.939453125,20809.7109375,20809.7109375,1113100000
2012-04-27,20916.080078125,20929.9609375,20648.76953125,20741.44921875,20741.44921875,1549800000
2012-04-30,20889.76953125,21105.5703125,20889.76953125,21094.2109375,21094.2109375,1353100000
2012-05-02,21245.48046875,21385.30078125,21237.169921875,21309.080078125,21309.080078125,1550200000
2012-05-03,21209.439453125,21256.810546875,21153.630859375,21249.529296875,21249.529296875,7112400000
2012-05-04,21107.189453125,21170.640625,21061.140625,21086,21086,1367400000
2012-05-07,20658.41015625,20674.44921875,20477.859375,20536.650390625,20536.650390625,2.201e+09
2012-05-08,20647.380859375,20647.380859375,20399.380859375,20484.75,20484.75,1480400000
2012-05-09,20361.55078125,20371.66015625,20257.609375,20330.640625,20330.640625,1797900000
2012-05-10,20313.970703125,20375.0390625,20091.6796875,20227.279296875,20227.279296875,1.721e+09
2012-05-11,20083.26953125,20083.26953125,19901.41015625,19964.630859375,19964.630859375,1624700000
2012-05-14,20037.51953125,20044.689453125,19715.509765625,19735.0390625,19735.0390625,1730100000
2012-05-15,19702.5390625,19923.189453125,19639.849609375,19894.310546875,19894.310546875,1867700000
2012-05-16,19655.33984375,19655.33984375,19181.189453125,19259.830078125,19259.830078125,2066100000
2012-05-17,19369.4296875,19452.30078125,19139.73046875,19200.9296875,19200.9296875,1789900000
2012-05-18,18787,18985.4296875,18622.310546875,18951.849609375,18951.849609375,2373200000
2012-05-21,18902,18953.6796875,18796.689453125,18922.3203125,18922.3203125,1236200000
2012-05-22,19061.419921875,19182.66015625,19002.640625,19039.150390625,19039.150390625,1470100000
2012-05-23,18842.3203125,18845.83984375,18661.48046875,18786.189453125,18786.189453125,1478200000
2012-05-24,18755.08984375,18835.810546875,18654.759765625,18666.400390625,18666.400390625,1400700000
2012-05-25,18734.380859375,18778.439453125,18577.08984375,18713.41015625,18713.41015625,1576500000
2012-05-28,18672.3203125,18858.3203125,18672.3203125,18800.990234375,18800.990234375,1267900000
2012-05-29,18735.5,19058.470703125,18735.5,19055.4609375,19055.4609375,1512900000
2012-05-30,18897.119140625,18897.119140625,18604.44921875,18690.220703125,18690.220703125,1934300000
2012-05-31,18470.76953125,18657.900390625,18378.140625,18629.51953125,18629.51953125,4197800000
2012-06-01,18498.91015625,18726.439453125,18487.66015625,18558.33984375,18558.33984375,1859900000
2012-06-04,18249.609375,18249.609375,18056.400390625,18185.58984375,18185.58984375,1607400000
2012-06-05,18373.220703125,18412.01953125,18223.130859375,18259.029296875,18259.029296875,1373500000
2012-06-06,18349.6796875,18521.5703125,18320.609375,18520.529296875,18520.529296875,1637200000
2012-06-07,18825.5,18845.5703125,18624.4296875,18678.2890625,18678.2890625,1549600000
2012-06-08,18797.939453125,18797.939453125,18461.1796875,18502.33984375,18502.33984375,2547100000
2012-06-11,18978.880859375,18978.880859375,18847.669921875,18953.630859375,18953.630859375,1527700000
2012-06-12,18719.890625,18925.7890625,18708.259765625,18872.560546875,18872.560546875,1336800000
2012-06-13,18948.44921875,19029.55078125,18812.939453125,19026.51953125,19026.51953125,1417500000
2012-06-14,18901.7109375,18937.5390625,18795.650390625,18808.400390625,18808.400390625,1313800000
2012-06-15,18924.08984375,19254.560546875,18919.169921875,19233.939453125,19233.939453125,2.717e+09
2012-06-18,19578.130859375,19578.130859375,19395.9296875,19427.810546875,19427.810546875,1581600000
2012-06-19,19451.19921875,19472.05078125,19320.1796875,19416.669921875,19416.669921875,1.205e+09
2012-06-20,19551.890625,19578.8203125,19469.130859375,19518.849609375,19518.849609375,1176200000
2012-06-21,19480.7109375,19495.5390625,19258.109375,19265.0703125,19265.0703125,1298200000
2012-06-22,18992.900390625,19089.44921875,18976.05078125,18995.130859375,18995.130859375,1080400000
2012-06-25,19019.029296875,19066.75,18861.560546875,18897.44921875,18897.44921875,1133300000
2012-06-26,18850.470703125,18998.470703125,18850.470703125,18981.83984375,18981.83984375,1324200000
2012-06-27,18990.169921875,19213.919921875,18942,19176.94921875,19176.94921875,1425600000
2012-06-28,19305.740234375,19305.740234375,19009.259765625,19025.26953125,19025.26953125,1466300000
2012-06-29,18996.5703125,19510.76953125,18991.099609375,19441.4609375,19441.4609375,2039700000
2012-07-03,19765.41015625,19765.41015625,19622.369140625,19735.529296875,19735.529296875,1532700000
2012-07-04,19833.83984375,19835.130859375,19677.44921875,19709.75,19709.75,1402200000
2012-07-05,19757.419921875,19869.109375,19588.630859375,19809.130859375,19809.130859375,1268800000
2012-07-06,19752.830078125,19839.119140625,19690.640625,19800.640625,19800.640625,1.763e+09
2012-07-09,19634.83984375,19737.919921875,19421.75,19428.08984375,19428.08984375,1440400000
2012-07-10,19504.419921875,19515.890625,19347.23046875,19396.359375,19396.359375,1179200000
2012-07-11,19264.580078125,19441.119140625,19233.759765625,19419.869140625,19419.869140625,1642300000
2012-07-12,19356.7890625,19356.7890625,18998.30078125,19025.109375,19025.109375,2017700000
2012-07-13,19069.359375,19160.490234375,19032.58984375,19092.630859375,19092.630859375,1267600000
2012-07-16,19265.33984375,19265.33984375,19061.669921875,19121.33984375,19121.33984375,1.096e+09
2012-07-17,19156.9609375,19479.279296875,19156.9609375,19455.330078125,19455.330078125,1.396e+09
2012-07-18,19452.240234375,19452.240234375,19134.5703125,19239.880859375,19239.880859375,1169100000
2012-07-19,19393.44921875,19600.3203125,19393.44921875,19559.05078125,19559.05078125,1693500000
2012-07-20,19613.779296875,19656.109375,19511.900390625,19640.80078125,19640.80078125,1.299e+09
2012-07-23,19259.359375,19259.359375,18986.19921875,19053.470703125,19053.470703125,1256200000
2012-07-24,19078.140625,19124.9609375,18854.3203125,18903.19921875,18903.19921875,929900000
2012-07-25,18762.19921875,18925.66015625,18710.58984375,18877.330078125,18877.330078125,1332500000
2012-07-26,18870.330078125,18961.580078125,18793.150390625,18892.7890625,18892.7890625,1112500000
2012-07-27,19165.029296875,19330.689453125,19162.529296875,19274.9609375,19274.9609375,1570700000
2012-07-30,19505.029296875,19593.619140625,19478.69921875,19585.400390625,19585.400390625,1452100000
2012-07-31,19661.41015625,19840.16015625,19618.5703125,19796.810546875,19796.810546875,1856300000
2012-08-01,19646.9609375,19898.919921875,19646.9609375,19820.380859375,19820.380859375,1798600000
2012-08-02,19784.150390625,19786.7109375,19651.759765625,19690.19921875,19690.19921875,1229700000
2012-08-03,19553.7890625,19673.69921875,19454.330078125,19666.1796875,19666.1796875,1153400000
2012-08-06,20052.5,20091.30078125,19978.650390625,19998.720703125,19998.720703125,1.437e+09
2012-08-07,20033.869140625,20117.119140625,19983.759765625,20072.55078125,20072.55078125,1411300000
2012-08-08,20188.880859375,20188.880859375,19966.119140625,20065.51953125,20065.51953125,1239200000
2012-08-09,20149.19921875,20300.029296875,20149.19921875,20269.470703125,20269.470703125,1302300000
2012-08-10,20204.7109375,20222.130859375,20045.30078125,20136.119140625,20136.119140625,1439100000
2012-08-13,20188.48046875,20188.48046875,20037.810546875,20081.359375,20081.359375,990600000
2012-08-14,20251.419921875,20299.720703125,20094.01953125,20291.6796875,20291.6796875,1.526e+09
2012-08-15,20125.2890625,20135,20016.029296875,20052.2890625,20052.2890625,1271700000
2012-08-16,20151.689453125,20151.689453125,19919.560546875,19962.94921875,19962.94921875,1058200000
2012-08-17,20057.310546875,20147.390625,20047.640625,20116.0703125,20116.0703125,1209400000
2012-08-20,20080.3203125,20109.560546875,19911.490234375,20104.26953125,20104.26953125,1020600000
2012-08-21,20111.970703125,20141.16015625,19979.580078125,20100.08984375,20100.08984375,1.049e+09
2012-08-22,19996.73046875,19996.73046875,19853.419921875,19887.779296875,19887.779296875,1032600000
2012-08-23,19935.130859375,20133.41015625,19935.130859375,20132.240234375,20132.240234375,1231800000
2012-08-24,19930.44921875,19930.44921875,19840.189453125,19880.029296875,19880.029296875,1124300000
2012-08-27,19939.5390625,19939.5390625,19769.4296875,19798.669921875,19798.669921875,1211800000
2012-08-28,19723.30078125,19856.3203125,19723.30078125,19811.80078125,19811.80078125,1077300000
2012-08-29,19857.609375,19863.470703125,19770.5390625,19788.509765625,19788.509765625,1.075e+09
2012-08-30,19657.19921875,19657.19921875,19509.310546875,19552.91015625,19552.91015625,1.453e+09
2012-08-31,19516.94921875,19554.259765625,19450.76953125,19482.5703125,19482.5703125,1.347e+09
2012-09-03,19414.619140625,19608.55078125,19386.0390625,19559.2109375,19559.2109375,1166300000
2012-09-04,19540.9296875,19572.310546875,19414.509765625,19429.91015625,19429.91015625,1146600000
2012-09-05,19330.16015625,19330.16015625,19116.83984375,19145.0703125,19145.0703125,1773200000
2012-09-06,19101.9296875,19216.080078125,19076.7890625,19209.30078125,19209.30078125,1360600000
2012-09-07,19537.9296875,19829.01953125,19484.240234375,19802.16015625,19802.16015625,3303600000
2012-09-10,19876.41015625,19930.369140625,19764.689453125,19827.169921875,19827.169921875,3198100000
2012-09-11,19757.369140625,19907.30078125,19658.7109375,19857.880859375,19857.880859375,1623600000
2012-09-12,19996.140625,20118.189453125,19996.140625,20075.390625,20075.390625,1.365e+09
2012-09-13,20061.970703125,20146.76953125,20009.5,20047.630859375,20047.630859375,1237100000
2012-09-14,20479.380859375,20648.099609375,20475.740234375,20629.779296875,20629.779296875,2554600000
2012-09-17,20758.490234375,20758.490234375,20591.439453125,20658.109375,20658.109375,1548700000
2012-09-18,20622.119140625,20712.689453125,20568.119140625,20601.9296875,20601.9296875,1.446e+09
2012-09-19,20609.51953125,20895.609375,20609.51953125,20841.91015625,20841.91015625,1.939e+09
2012-09-20,20816.76953125,20816.76953125,20578.560546875,20590.919921875,20590.919921875,1501400000
2012-09-21,20697.26953125,20808.0390625,20677.140625,20734.939453125,20734.939453125,1.843e+09
2012-09-24,20611.099609375,20780.140625,20503.240234375,20694.69921875,20694.69921875,977700000
2012-09-25,20694.330078125,20758.359375,20648.58984375,20698.6796875,20698.6796875,1066800000
2012-09-26,20485.990234375,20576.83984375,20485.080078125,20527.73046875,20527.73046875,1112500000
2012-09-27,20487.359375,20850.490234375,20487.359375,20762.2890625,20762.2890625,1.741e+09
2012-09-28,20757.970703125,20889.900390625,20725.51953125,20840.380859375,20840.380859375,1403600000
2012-10-03,20951.380859375,21005.6796875,20799.8203125,20888.279296875,20888.279296875,1378900000
2012-10-04,20914.3203125,20947.30078125,20835.060546875,20907.94921875,20907.94921875,1025600000
2012-10-05,21007.599609375,21021.240234375,20924.73046875,21012.380859375,21012.380859375,1290500000
2012-10-08,20979.529296875,20981.630859375,20807.9296875,20824.560546875,20824.560546875,1350100000
2012-10-09,20926.830078125,21093.099609375,20926.830078125,20937.279296875,20937.279296875,1542900000
2012-10-10,20785.060546875,20941.890625,20767.359375,20919.599609375,20919.599609375,1236900000
2012-10-11,20813.05078125,21013.44921875,20813.05078125,20999.05078125,20999.05078125,2550400000
2012-10-12,21051.08984375,21236.5703125,21051.08984375,21136.4296875,21136.4296875,2318900000
2012-10-15,21137.609375,21184.4296875,21076.94921875,21148.25,21148.25,1352400000
2012-10-16,21257.08984375,21257.08984375,21120.169921875,21207.0703125,21207.0703125,1498800000
2012-10-17,21421.869140625,21442.73046875,21352.880859375,21416.640625,21416.640625,1.715e+09
2012-10-18,21490.859375,21606.3203125,21476.30078125,21518.7109375,21518.7109375,2154900000
2012-10-19,21565.75,21591.619140625,21522.91015625,21551.759765625,21551.759765625,1639400000
2012-10-22,21440.009765625,21699.0703125,21431.240234375,21697.55078125,21697.55078125,1466800000
2012-10-24,21561.58984375,21802.490234375,21533.240234375,21763.779296875,21763.779296875,1711700000
2012-10-25,21792.669921875,21839.640625,21710.83984375,21810.23046875,21810.23046875,1633400000
2012-10-26,21847.69921875,21847.69921875,21527.5390625,21545.5703125,21545.5703125,1655300000
2012-10-29,21478.119140625,21561.970703125,21397.08984375,21511.05078125,21511.05078125,1.431e+09
2012-10-30,21549.169921875,21575.029296875,21338.650390625,21428.580078125,21428.580078125,1426400000
2012-10-31,21539.490234375,21648.640625,21496.919921875,21641.8203125,21641.8203125,1546100000
2012-11-01,21573.9296875,21832.560546875,21506.05078125,21821.869140625,21821.869140625,1671200000
2012-11-02,22066.2890625,22149.69921875,22019.650390625,22111.330078125,22111.330078125,1853100000
2012-11-05,22044.2109375,22141.130859375,21990.6796875,22006.400390625,22006.400390625,1165500000
2012-11-06,21959.990234375,22008.859375,21832.279296875,21944.4296875,21944.4296875,1317600000
2012-11-07,22020.400390625,22099.849609375,21811.189453125,22099.849609375,22099.849609375,1555300000
2012-11-08,21785.830078125,21871.849609375,21555.75,21566.91015625,21566.91015625,1668400000
2012-11-09,21433.599609375,21525.490234375,21330.33984375,21384.380859375,21384.380859375,1455900000
2012-11-12,21367.5703125,21462.44921875,21339.189453125,21430.30078125,21430.30078125,922200000
2012-11-13,21372.869140625,21399.609375,21181.919921875,21188.650390625,21188.650390625,1349900000
2012-11-14,21250.970703125,21446.359375,21221.310546875,21441.990234375,21441.990234375,1302200000
2012-11-15,21188.939453125,21288.48046875,21098.41015625,21108.9296875,21108.9296875,1408100000
2012-11-16,21203.8203125,21205.310546875,21105.2109375,21159.009765625,21159.009765625,1146300000
2012-11-19,21209.94921875,21303.099609375,21136.3203125,21262.060546875,21262.060546875,1100700000
2012-11-20,21478,21478,21213.119140625,21228.279296875,21228.279296875,1169900000
2012-11-21,21367.55078125,21530.439453125,21229.140625,21524.359375,21524.359375,1358600000
2012-11-22,21595.58984375,21774.400390625,21517.91015625,21743.19921875,21743.19921875,1449500000
2012-11-23,21729.720703125,21924.060546875,21723.349609375,21913.98046875,21913.98046875,1337200000
2012-11-26,21986.359375,21986.359375,21827.26953125,21861.810546875,21861.810546875,1074300000
2012-11-27,21969.7109375,22002.859375,21820.150390625,21844.029296875,21844.029296875,1.205e+09
2012-11-28,21764.91015625,21764.91015625,21629.580078125,21708.98046875,21708.98046875,1272900000
2012-11-29,21821.05078125,21996.400390625,21786.029296875,21922.890625,21922.890625,1.272e+09
2012-11-30,21949.400390625,22091.609375,21918.55078125,22030.390625,22030.390625,1829200000
2012-12-03,22070.439453125,22162.470703125,21716.76953125,21767.849609375,21767.849609375,1222900000
2012-12-04,21786.0703125,21853.150390625,21687.880859375,21799.970703125,21799.970703125,1236800000
2012-12-05,21819.009765625,22274.0390625,21804.9296875,22270.91015625,22270.91015625,2465500000
2012-12-06,22355.890625,22355.890625,22215.080078125,22249.810546875,22249.810546875,1.475e+09
2012-12-07,22294.73046875,22371.400390625,22188.0703125,22191.169921875,22191.169921875,1830800000
2012-12-10,22377.560546875,22377.560546875,22235.759765625,22276.720703125,22276.720703125,1388600000
2012-12-11,22295.990234375,22393.19921875,22244.01953125,22323.939453125,22323.939453125,1585400000
2012-12-12,22412.900390625,22508.009765625,22412.900390625,22503.349609375,22503.349609375,1856500000
2012-12-13,22500.990234375,22563.140625,22380.779296875,22445.580078125,22445.580078125,1.476e+09
2012-12-14,22396.720703125,22636.4296875,22396.720703125,22605.98046875,22605.98046875,1771200000
2012-12-17,22590.759765625,22625.41015625,22453.58984375,22513.609375,22513.609375,1451300000
2012-12-18,22525.4609375,22588.48046875,22449.740234375,22494.73046875,22494.73046875,3217300000
2012-12-19,22654.650390625,22683.720703125,22562.01953125,22623.369140625,22623.369140625,1577200000
2012-12-20,22602.990234375,22661.740234375,22483.94921875,22659.779296875,22659.779296875,1.621e+09
2012-12-21,22565.08984375,22565.08984375,22423.16015625,22506.2890625,22506.2890625,1805700000
2012-12-24,22494.7109375,22577.560546875,22494.7109375,22541.1796875,22541.1796875,560300000
2012-12-27,22705.4609375,22718.830078125,22608.599609375,22619.779296875,22619.779296875,1053400000
2012-12-28,22706.330078125,22706.330078125,22628.4609375,22666.58984375,22666.58984375,1043800000
2012-12-31,22584.439453125,22698.330078125,22566.890625,22656.919921875,22656.919921875,685400000
2013-01-02,22860.25,23317.390625,22860.25,23311.98046875,23311.98046875,2129300000
2013-01-03,23390.5390625,23400.740234375,23234.4296875,23398.599609375,23398.599609375,2211200000
2013-01-04,23370.359375,23370.359375,23172.279296875,23331.08984375,23331.08984375,1505800000
2013-01-07,23345.19921875,23402.44921875,23254.23046875,23329.75,23329.75,1401500000
2013-01-08,23264.029296875,23264.029296875,23088.400390625,23111.189453125,23111.189453125,1461700000
2013-01-09,23154.7109375,23235.390625,23141.669921875,23218.470703125,23218.470703125,1518600000
2013-01-10,23240.0703125,23477.890625,23165.640625,23354.310546875,23354.310546875,1911800000
2013-01-11,23478.810546875,23486.599609375,23212.900390625,23264.0703125,23264.0703125,1526900000
2013-01-14,23326.8203125,23441.939453125,23292.0703125,23413.259765625,23413.259765625,1559400000
2013-01-15,23388.470703125,23515.859375,23306.169921875,23381.509765625,23381.509765625,1450100000
2013-01-16,23390.189453125,23390.189453125,23203.240234375,23356.990234375,23356.990234375,1370200000
2013-01-17,23471.669921875,23504.73046875,23222.9609375,23339.759765625,23339.759765625,1316300000
2013-01-18,23509.490234375,23606.5,23450.76953125,23601.779296875,23601.779296875,1934500000
2013-01-21,23565.9609375,23639.630859375,23535.470703125,23590.91015625,23590.91015625,1104200000
2013-01-22,23596.380859375,23685.55078125,23498.9609375,23658.990234375,23658.990234375,1361100000
2013-01-23,23700.44921875,23710.869140625,23540.419921875,23635.099609375,23635.099609375,1.537e+09
2013-01-24,23585.099609375,23688.7890625,23547.7890625,23598.900390625,23598.900390625,1428600000
2013-01-25,23653.5390625,23666.390625,23481.369140625,23580.4296875,23580.4296875,1.621e+09
2013-01-28,23621.94921875,23736.01953125,23621.94921875,23671.880859375,23671.880859375,1443600000
2013-01-29,23659.109375,23707.109375,23602.849609375,23655.169921875,23655.169921875,3.154e+09
2013-01-30,23767.330078125,23916.16015625,23765.5703125,23822.060546875,23822.060546875,1961900000
2013-01-31,23799.169921875,23799.169921875,23667.939453125,23729.529296875,23729.529296875,1829300000
2013-02-01,23763.33984375,23763.33984375,23571.30078125,23721.83984375,23721.83984375,1629100000
2013-02-04,23866.80078125,23944.740234375,23637.1796875,23685.009765625,23685.009765625,2739100000
2013-02-05,23406.990234375,23406.990234375,23104.26953125,23148.529296875,23148.529296875,2.488e+09
2013-02-06,23292.4296875,23355.369140625,23204.05078125,23256.9296875,23256.9296875,1654500000
2013-02-07,23259.8203125,23298.130859375,23134.779296875,23177,23177,2020600000
2013-02-08,23101.08984375,23267.19921875,23101.08984375,23215.16015625,23215.16015625,1825600000
2013-02-14,23460.310546875,23469.259765625,23300.599609375,23413.25,23413.25,1528900000
2013-02-15,23315.41015625,23446.76953125,23284.05078125,23444.560546875,23444.560546875,1055500000
2013-02-18,23477.490234375,23477.490234375,23309.55078125,23381.939453125,23381.939453125,1033200000
2013-02-19,23368.220703125,23454.189453125,23139.080078125,23143.91015625,23143.91015625,1434500000
2013-02-20,23310.9296875,23310.9296875,23163.859375,23307.41015625,23307.41015625,1562400000
2013-02-21,23026.1796875,23026.1796875,22828.169921875,22906.669921875,22906.669921875,2061800000
2013-02-22,22840.3203125,22850.25,22674.58984375,22782.439453125,22782.439453125,1623900000
2013-02-25,22852.890625,22876.029296875,22777.630859375,22820.080078125,22820.080078125,1074700000
2013-02-26,22639.970703125,22769.0703125,22510.759765625,22519.689453125,22519.689453125,1520900000
2013-02-27,22656.400390625,22656.400390625,22445.33984375,22577.009765625,22577.009765625,1682300000
2013-02-28,22826.419921875,23031.689453125,22734.83984375,23020.26953125,23020.26953125,2105700000
2013-03-01,22957.08984375,23015.6796875,22868.689453125,22880.220703125,22880.220703125,2069300000
2013-03-04,22866.509765625,22866.509765625,22466.080078125,22537.810546875,22537.810546875,2172100000
2013-03-05,22621.599609375,22661.490234375,22523.689453125,22560.5,22560.5,1843300000
2013-03-06,22750.580078125,22808.810546875,22664.939453125,22777.83984375,22777.83984375,1755900000
2013-03-07,22729.2890625,22843.73046875,22656.369140625,22771.439453125,22771.439453125,1282200000
2013-03-08,22839.26953125,23220.51953125,22839.26953125,23091.94921875,23091.94921875,1852100000
2013-03-11,23131.439453125,23246.2890625,23064.9296875,23090.8203125,23090.8203125,1292200000
2013-03-12,23133,23262.01953125,22879.1796875,22890.599609375,22890.599609375,1564200000
2013-03-13,22901.119140625,22901.119140625,22487.330078125,22556.650390625,22556.650390625,1821500000
2013-03-14,22484.25,22655.880859375,22305.5390625,22619.1796875,22619.1796875,1927900000
2013-03-15,22705.919921875,22799.669921875,22494.0390625,22533.109375,22533.109375,2.907e+09
2013-03-18,22185.3203125,22185.3203125,21997.720703125,22083.359375,22083.359375,2245900000
2013-03-19,22138.099609375,22218.849609375,22030.66015625,22041.859375,22041.859375,1.655e+09
2013-03-20,21990.0390625,22302.5,21975.900390625,22256.439453125,22256.439453125,1771400000
2013-03-21,22285.810546875,22403.7890625,22179.5,22225.880859375,22225.880859375,1622200000
2013-03-22,22186.240234375,22232.0703125,22033.1796875,22115.30078125,22115.30078125,1515500000
2013-03-25,22327.529296875,22351.080078125,22201.060546875,22251.150390625,22251.150390625,1543600000
2013-03-26,22208.060546875,22346.26953125,22088.560546875,22311.080078125,22311.080078125,1730100000
2013-03-27,22385.470703125,22529.369140625,22366.01953125,22464.8203125,22464.8203125,1674300000
2013-03-28,22390.349609375,22390.349609375,22132.330078125,22299.630859375,22299.630859375,2203100000
2013-04-02,22203.9296875,22449.4609375,22203.9296875,22367.8203125,22367.8203125,1524800000
2013-04-03,22527.119140625,22527.119140625,22283.16015625,22337.490234375,22337.490234375,1238400000
2013-04-05,22230.9296875,22230.9296875,21703.279296875,21726.900390625,21726.900390625,2324400000
2013-04-08,21733.779296875,21772.23046875,21612.05078125,21718.05078125,21718.05078125,1362700000
2013-04-09,21800.240234375,21979.080078125,21800.240234375,21870.33984375,21870.33984375,1350800000
2013-04-10,21963.369140625,22038.890625,21858.810546875,22034.560546875,22034.560546875,1484700000
2013-04-11,22198.490234375,22251.619140625,22058.30078125,22101.26953125,22101.26953125,1423100000
2013-04-12,22185.359375,22185.359375,22049.580078125,22089.05078125,22089.05078125,1.305e+09
2013-04-15,21998.740234375,21998.740234375,21735.310546875,21772.669921875,21772.669921875,1514300000
2013-04-16,21571.580078125,21813.55078125,21475.330078125,21672.029296875,21672.029296875,1641300000
2013-04-17,21794.689453125,21798.5703125,21550.720703125,21569.669921875,21569.669921875,1913700000
2013-04-18,21440.330078125,21618.0703125,21423.25,21512.51953125,21512.51953125,1413700000
2013-04-19,21517.939453125,22016.970703125,21496.2890625,22013.5703125,22013.5703125,1998200000
2013-04-22,22038.130859375,22131.650390625,21956.529296875,22044.369140625,22044.369140625,1290300000
2013-04-23,22085.69921875,22085.69921875,21747.470703125,21806.609375,21806.609375,1798600000
2013-04-24,22067.0390625,22195.9296875,21962.900390625,22183.05078125,22183.05078125,1757900000
2013-04-25,22298.640625,22486.44921875,22214.650390625,22401.240234375,22401.240234375,1835600000
2013-04-26,22559.970703125,22690.330078125,22528.94921875,22547.7109375,22547.7109375,1826700000
2013-04-29,22567.630859375,22647.58984375,22488.650390625,22580.76953125,22580.76953125,1351400000
2013-04-30,22769.58984375,22862.689453125,22669.5390625,22737.009765625,22737.009765625,1599200000
2013-05-02,22692.330078125,22706.0703125,22552.310546875,22668.30078125,22668.30078125,1.435e+09
2013-05-03,22811.83984375,22886.169921875,22678.669921875,22689.9609375,22689.9609375,1280300000
2013-05-06,22967.779296875,22980.560546875,22864.91015625,22915.08984375,22915.08984375,1327600000
2013-05-07,22924.2890625,23058.740234375,22855.580078125,23047.08984375,23047.08984375,1422300000
2013-05-08,23215.94921875,23270,23156.259765625,23244.349609375,23244.349609375,1760400000
2013-05-09,23353.6796875,23353.6796875,23126.810546875,23211.48046875,23211.48046875,1413800000
2013-05-10,23213.58984375,23330.599609375,23144.119140625,23321.220703125,23321.220703125,1413400000
2013-05-13,23245.580078125,23245.580078125,22958.869140625,22989.810546875,22989.810546875,1488600000
2013-05-14,23124.240234375,23145.91015625,22878.640625,22930.279296875,22930.279296875,1382600000
2013-05-15,23074.259765625,23163.560546875,23002.3203125,23044.240234375,23044.240234375,1.506e+09
2013-05-16,23110.189453125,23163,22955.900390625,23082.6796875,23082.6796875,1320900000
2013-05-20,23348.740234375,23512.419921875,23348.740234375,23493.029296875,23493.029296875,1583300000
2013-05-21,23425.689453125,23446,23337.75,23366.369140625,23366.369140625,3484200000
2013-05-22,23341.060546875,23423.509765625,23179.4609375,23261.080078125,23261.080078125,1471600000
2013-05-23,23066.7109375,23123.4296875,22605.689453125,22669.6796875,22669.6796875,2505800000
2013-05-24,22679.359375,22781.5390625,22470.529296875,22618.669921875,22618.669921875,1412900000
2013-05-27,22571.630859375,22729.869140625,22544.890625,22686.05078125,22686.05078125,993600000
2013-05-28,22710.19921875,22942.150390625,22639.5390625,22924.25,22924.25,1147400000
2013-05-29,22826.849609375,22861.599609375,22532.5703125,22554.9296875,22554.9296875,1.54e+09
2013-05-30,22562.509765625,22630.640625,22290.720703125,22484.310546875,22484.310546875,1748700000
2013-05-31,22582.55078125,22582.55078125,22346.1796875,22392.16015625,22392.16015625,2493200000
2013-06-03,22301.6796875,22564.1796875,22249.650390625,22282.189453125,22282.189453125,1550300000
2013-06-04,22320.5,22330.05078125,22178.640625,22285.51953125,22285.51953125,1422100000
2013-06-05,22141.669921875,22174.689453125,21933.919921875,22069.240234375,22069.240234375,1516800000
2013-06-06,21908.44921875,21949.810546875,21799.25,21838.4296875,21838.4296875,1.712e+09
2013-06-07,21768.240234375,21820.4296875,21506.330078125,21575.259765625,21575.259765625,1.835e+09
2013-06-10,21592.900390625,21723.859375,21497.55078125,21615.08984375,21615.08984375,1464600000
2013-06-11,21542.30078125,21632.009765625,21307.990234375,21354.66015625,21354.66015625,2121900000
2013-06-13,21069.259765625,21069.259765625,20652.75,20887.0390625,20887.0390625,3299600000
2013-06-14,21083.41015625,21164.6796875,20954.66015625,20969.140625,20969.140625,2394700000
2013-06-17,21007.279296875,21272.75,21007.279296875,21225.900390625,21225.900390625,1879400000
2013-06-18,21102.599609375,21240.009765625,20995.390625,21225.880859375,21225.880859375,1611400000
2013-06-19,21188.400390625,21232.509765625,20896.220703125,20986.890625,20986.890625,1892100000
2013-06-20,20668.80078125,20703.759765625,20374.140625,20382.869140625,20382.869140625,2.633e+09
2013-06-21,19969.98046875,20383.5390625,19969.98046875,20263.310546875,20263.310546875,4.084e+09
2013-06-24,20023.439453125,20101.259765625,19756.609375,19813.98046875,19813.98046875,2588400000
2013-06-25,19775.98046875,19992.30078125,19426.359375,19855.720703125,19855.720703125,3385300000
2013-06-26,20090.759765625,20354.1796875,19913.98046875,20338.55078125,20338.55078125,3018100000
2013-06-27,20456.470703125,20713.33984375,20375.400390625,20440.080078125,20440.080078125,2430500000
2013-06-28,20596.630859375,20818.349609375,20490.890625,20803.2890625,20803.2890625,2309700000
2013-07-02,21004.560546875,21004.560546875,20633.16015625,20658.650390625,20658.650390625,2509200000
2013-07-03,20568.560546875,20590.3203125,20119.560546875,20147.310546875,20147.310546875,2353600000
2013-07-04,20334.939453125,20532.140625,20318.01953125,20468.669921875,20468.669921875,1382300000
2013-07-05,20740.69921875,20866.359375,20729.029296875,20854.669921875,20854.669921875,1453400000
2013-07-08,20598.2109375,20694.509765625,20244.0703125,20582.189453125,20582.189453125,1723900000
2013-07-09,20610.560546875,20767.580078125,20571.55078125,20683.009765625,20683.009765625,1244500000
2013-07-10,20841.73046875,21044.470703125,20633.01953125,20904.560546875,20904.560546875,1625900000
2013-07-11,21177.630859375,21503.7109375,21177.630859375,21437.490234375,21437.490234375,2434300000
2013-07-12,21522.150390625,21522.150390625,21242.470703125,21277.279296875,21277.279296875,1637300000
2013-07-15,21278.619140625,21391.759765625,21205.599609375,21303.310546875,21303.310546875,1151500000
2013-07-16,21333.0703125,21394.130859375,21209.1796875,21312.380859375,21312.380859375,1.054e+09
2013-07-17,21368.76953125,21460.9609375,21253.58984375,21371.869140625,21371.869140625,1106700000
2013-07-18,21426.900390625,21445.150390625,21288.580078125,21345.220703125,21345.220703125,1223700000
2013-07-19,21451.599609375,21451.599609375,21214.240234375,21362.419921875,21362.419921875,1275700000
2013-07-22,21498.9609375,21498.9609375,21283.830078125,21416.5,21416.5,1090800000
2013-07-23,21517.19921875,21964.029296875,21517.19921875,21915.419921875,21915.419921875,2565800000
2013-07-24,21912.900390625,21984.259765625,21799.310546875,21968.9296875,21968.9296875,1342400000
2013-07-25,21872.140625,21947.830078125,21841.44921875,21900.9609375,21900.9609375,1157700000
2013-07-26,21892.33984375,22034.380859375,21834.240234375,21968.94921875,21968.94921875,1207300000
2013-07-29,21896.119140625,21953.349609375,21749.689453125,21850.150390625,21850.150390625,1205800000
2013-07-30,21870.140625,22033.2109375,21839.759765625,21953.9609375,21953.9609375,1212600000
2013-07-31,21888.80078125,22070.140625,21853.439453125,21883.66015625,21883.66015625,1350400000
2013-08-01,22025.75,22152.060546875,21983.150390625,22088.7890625,22088.7890625,929400000
2013-08-02,22264.76953125,22291.41015625,22136.779296875,22190.970703125,22190.970703125,1013500000
2013-08-05,22273.8203125,22273.8203125,22193.669921875,22222.009765625,22222.009765625,760400000
2013-08-06,22000.939453125,22012.509765625,21807.9609375,21923.69921875,21923.69921875,1139700000
2013-08-07,21756.470703125,21901.4609375,21571.150390625,21588.83984375,21588.83984375,1.341e+09
2013-08-08,21697.869140625,21785.689453125,21629.5,21655.880859375,21655.880859375,862900000
2013-08-09,21760.05078125,21811.240234375,21674.970703125,21807.560546875,21807.560546875,1017900000
2013-08-12,21796.4609375,22283.05078125,21735.060546875,22271.279296875,22271.279296875,1989400000
2013-08-13,22368.470703125,22563.810546875,22310.5390625,22541.130859375,22541.130859375,2322600000
2013-08-14,NA,NA,NA,NA,NA,NA
2013-08-15,22568.05078125,22695.990234375,22472.880859375,22539.25,22539.25,2216800000
2013-08-16,22450.830078125,22663.75,22311.55078125,22517.810546875,22517.810546875,2014100000
2013-08-19,22432.869140625,22551.26953125,22387.7109375,22463.69921875,22463.69921875,1090300000
2013-08-20,22396.2890625,22481.740234375,21907.2109375,21970.2890625,21970.2890625,1804700000
2013-08-21,21964.689453125,21970.25,21618.599609375,21817.73046875,21817.73046875,1614300000
2013-08-22,21538.189453125,21944.470703125,21538.189453125,21895.400390625,21895.400390625,1601100000
2013-08-23,22006.41015625,22103.900390625,21769.0390625,21863.509765625,21863.509765625,1560900000
2013-08-26,21943.400390625,22116,21898.150390625,22005.3203125,22005.3203125,1219700000
2013-08-27,21907.4296875,21987.509765625,21770.75,21874.76953125,21874.76953125,1.165e+09
2013-08-28,21584.560546875,21655.240234375,21465.720703125,21524.650390625,21524.650390625,2232700000
2013-08-29,21612.94921875,21717.83984375,21554.25,21704.779296875,21704.779296875,1539400000
2013-08-30,21618.33984375,21753.400390625,21549.9609375,21731.369140625,21731.369140625,1581300000
2013-09-02,21948.720703125,22240.0390625,21948.720703125,22175.33984375,22175.33984375,1813200000
2013-09-03,22323,22456.80078125,22290.830078125,22394.580078125,22394.580078125,1948200000
2013-09-04,22171.9296875,22438.400390625,22142.990234375,22326.220703125,22326.220703125,3996500000
2013-09-05,22538.9609375,22682.939453125,22486.630859375,22597.970703125,22597.970703125,2145300000
2013-09-06,22615.98046875,22699.58984375,22578.330078125,22621.220703125,22621.220703125,1960800000
2013-09-09,22770.25,22853.01953125,22680.630859375,22750.650390625,22750.650390625,1922600000
2013-09-10,22932.599609375,22988.810546875,22842.880859375,22976.650390625,22976.650390625,2241100000
2013-09-11,23095.859375,23120.4609375,22848.529296875,22937.140625,22937.140625,2000900000
2013-09-12,22952.849609375,23048.220703125,22908.990234375,22953.720703125,22953.720703125,1626700000
2013-09-13,22920.759765625,22956.76953125,22790.779296875,22915.279296875,22915.279296875,1579300000
2013-09-16,23210.359375,23268.150390625,23173.83984375,23252.41015625,23252.41015625,1448400000
2013-09-17,23246.91015625,23246.91015625,23127.869140625,23180.51953125,23180.51953125,1388500000
2013-09-18,23213.7890625,23214.6796875,23080.58984375,23117.44921875,23117.44921875,1278200000
2013-09-19,23549.890625,23554.33984375,23469.029296875,23502.509765625,23502.509765625,2179800000
2013-09-23,23414.98046875,23466.669921875,23291.23046875,23371.5390625,23371.5390625,1514600000
2013-09-24,23324.380859375,23324.380859375,23102.25,23179.0390625,23179.0390625,1558400000
2013-09-25,23192.7109375,23281.609375,23154.83984375,23209.630859375,23209.630859375,1340200000
2013-09-26,23192.69921875,23224.359375,23043.890625,23125.029296875,23125.029296875,1.575e+09
2013-09-27,23199.08984375,23340.1796875,23118.83984375,23207.0390625,23207.0390625,1487500000
2013-09-30,22946.740234375,22986.94921875,22845.439453125,22859.859375,22859.859375,1.573e+09
2013-10-02,22997.2109375,23138.859375,22933.310546875,22984.48046875,22984.48046875,1444700000
2013-10-03,23167.19921875,23241.5,23126.990234375,23214.400390625,23214.400390625,1.217e+09
2013-10-04,23051.55078125,23152.6796875,22983.470703125,23138.5390625,23138.5390625,1158800000
2013-10-07,23152.919921875,23152.919921875,22896.650390625,22973.94921875,22973.94921875,1209800000
2013-10-08,22988.220703125,23228.689453125,22927.119140625,23178.849609375,23178.849609375,1.337e+09
2013-10-09,23002.080078125,23065.669921875,22965.91015625,23033.970703125,23033.970703125,1079500000
2013-10-10,23077.470703125,23084.099609375,22743.470703125,22951.30078125,22951.30078125,1350400000
2013-10-11,23318.4609375,23336.58984375,23204.259765625,23218.3203125,23218.3203125,1360400000
2013-10-15,23399.7890625,23411.2109375,23279.330078125,23336.51953125,23336.51953125,1244300000
2013-10-16,23350.939453125,23350.939453125,23128.689453125,23228.330078125,23228.330078125,1041200000
2013-10-17,23351.48046875,23357.16015625,23073.880859375,23094.880859375,23094.880859375,1237900000
2013-10-18,23261.650390625,23364.470703125,23213.0390625,23340.099609375,23340.099609375,1314400000
2013-10-21,23494.369140625,23534.669921875,23356.7890625,23438.150390625,23438.150390625,1160800000
2013-10-22,23309.009765625,23387.5390625,23263.529296875,23315.990234375,23315.990234375,1070900000
2013-10-23,23455.400390625,23505.7890625,22970.51953125,22999.94921875,22999.94921875,1723800000
2013-10-24,22975.55078125,22975.55078125,22762.189453125,22835.8203125,22835.8203125,1863200000
2013-10-25,22758.369140625,22839.150390625,22640.1796875,22698.33984375,22698.33984375,1852400000
2013-10-28,22753.75,22849.30078125,22753.75,22806.580078125,22806.580078125,1103200000
2013-10-29,22842.330078125,22979.349609375,22760.900390625,22846.5390625,22846.5390625,1428100000
2013-10-30,22966.94921875,23316.119140625,22935.599609375,23304.01953125,23304.01953125,1716800000
2013-10-31,23134.390625,23250.66015625,23108.26953125,23206.369140625,23206.369140625,1792700000
2013-11-01,23208.80078125,23336.98046875,23149.529296875,23249.7890625,23249.7890625,1244400000
2013-11-04,23322.0703125,23345.9296875,23165.060546875,23189.619140625,23189.619140625,1033400000
2013-11-05,23313.609375,23313.609375,22949.419921875,23038.94921875,23038.94921875,1194300000
2013-11-06,23042.109375,23119.0390625,22954.69921875,23036.939453125,23036.939453125,1299900000
2013-11-07,23023.73046875,23023.73046875,22819.650390625,22881.029296875,22881.029296875,1.085e+09
2013-11-08,22713,22813.759765625,22686.5703125,22744.390625,22744.390625,1167400000
2013-11-11,22781.990234375,23124.30078125,22688.41015625,23069.849609375,23069.849609375,1338400000
2013-11-12,23051.759765625,23084.880859375,22857.259765625,22901.41015625,22901.41015625,1114200000
2013-11-13,22665.91015625,22665.91015625,22463.400390625,22463.830078125,22463.830078125,2049900000
2013-11-14,22673.3203125,22691.669921875,22529.330078125,22649.150390625,22649.150390625,1252600000
2013-11-15,22749.599609375,23050.349609375,22749.599609375,23032.150390625,23032.150390625,2032600000
2013-11-18,23397.73046875,23706.6796875,23390.66015625,23660.060546875,23660.060546875,3971400000
2013-11-19,23834.51953125,23856.900390625,23620.279296875,23657.810546875,23657.810546875,2973700000
2013-11-20,23774.310546875,23843.80078125,23690.810546875,23700.859375,23700.859375,1932700000
2013-11-21,23661.419921875,23661.419921875,23508.7890625,23580.2890625,23580.2890625,1620600000
2013-11-22,23752.279296875,23764.41015625,23641.19921875,23696.279296875,23696.279296875,1689600000
2013-11-25,23829.970703125,23829.970703125,23673.529296875,23684.44921875,23684.44921875,1513600000
2013-11-26,23675.369140625,23751.859375,23659.98046875,23681.279296875,23681.279296875,1505500000
2013-11-27,23653.94921875,23856.919921875,23649.80078125,23806.349609375,23806.349609375,1588900000
2013-11-28,23934.939453125,24014.810546875,23734.5390625,23789.08984375,23789.08984375,1333800000
2013-11-29,23862.380859375,23912.2890625,23809.7109375,23881.2890625,23881.2890625,880300000
2013-12-02,23936.150390625,24111.55078125,23844.240234375,24038.55078125,24038.55078125,1386400000
2013-12-03,23887.76953125,23975.759765625,23833.25,23910.470703125,23910.470703125,1337900000
2013-12-04,23719.599609375,23846.83984375,23603.01953125,23728.69921875,23728.69921875,1523700000
2013-12-05,23634.08984375,23728.900390625,23563.2109375,23712.5703125,23712.5703125,1204100000
2013-12-06,23620.310546875,23812.890625,23614.19921875,23743.099609375,23743.099609375,1705800000
2013-12-09,23970,23970,23775.009765625,23811.169921875,23811.169921875,1294600000
2013-12-10,23799.44921875,23810.939453125,23707.759765625,23744.189453125,23744.189453125,1030700000
2013-12-11,23686.80078125,23693.509765625,23295.140625,23338.240234375,23338.240234375,1903500000
2013-12-12,23265.130859375,23327.439453125,23160.900390625,23218.119140625,23218.119140625,1713500000
2013-12-13,23080.189453125,23331.529296875,23017.33984375,23245.9609375,23245.9609375,1522600000
2013-12-16,23138.279296875,23204.630859375,22999.759765625,23114.66015625,23114.66015625,1333100000
2013-12-17,23281.380859375,23281.380859375,23040.599609375,23069.23046875,23069.23046875,1411300000
2013-12-18,23076.5390625,23240.7109375,22993.5390625,23143.8203125,23143.8203125,1295400000
2013-12-19,23404.44921875,23404.44921875,22753.30078125,22888.75,22888.75,1958300000
2013-12-20,22904.1796875,22936.919921875,22713.69921875,22812.1796875,22812.1796875,2123600000
2013-12-23,22946.55078125,23005.919921875,22862.890625,22921.560546875,22921.560546875,1094500000
2013-12-24,23045.640625,23194.630859375,23026.099609375,23179.55078125,23179.55078125,801500000
2013-12-27,23138.91015625,23283.310546875,23130.859375,23243.240234375,23243.240234375,850200000
2013-12-30,23353.5390625,23369.369140625,23178.279296875,23244.869140625,23244.869140625,1000200000
2013-12-31,23328.439453125,23361.33984375,23271.80078125,23306.390625,23306.390625,674200000
2014-01-02,23452.759765625,23469.330078125,23173.9296875,23340.05078125,23340.05078125,1042200000
2014-01-03,23097.98046875,23097.98046875,22782.419921875,22817.279296875,22817.279296875,1994800000
2014-01-06,22732.830078125,22757.44921875,22567.76953125,22684.150390625,22684.150390625,1650600000
2014-01-07,22689.25,22802.849609375,22644.580078125,22712.779296875,22712.779296875,1733400000
2014-01-08,22834.810546875,23031.189453125,22778.830078125,22996.58984375,22996.58984375,2201300000
2014-01-09,22925.23046875,23044.970703125,22709.029296875,22787.330078125,22787.330078125,1710500000
2014-01-10,22735.9296875,22932.2109375,22726.83984375,22846.25,22846.25,1495200000
2014-01-13,23046.41015625,23067.330078125,22762.240234375,22888.759765625,22888.759765625,1247400000
2014-01-14,22637.55078125,22883,22637.55078125,22791.279296875,22791.279296875,1165400000
2014-01-15,22985.779296875,23010.0703125,22826.98046875,22902,22902,1116100000
2014-01-16,23085.140625,23085.140625,22936.740234375,22986.41015625,22986.41015625,1.373e+09
2014-01-17,22898.48046875,23263.419921875,22849.099609375,23133.349609375,23133.349609375,1725900000
2014-01-20,23048.130859375,23089.240234375,22884.619140625,22928.94921875,22928.94921875,1588600000
2014-01-21,23040.83984375,23139.650390625,22986.470703125,23033.119140625,23033.119140625,1.767e+09
2014-01-22,22954.76953125,23119.609375,22913.66015625,23082.25,23082.25,1768100000
2014-01-23,23082.009765625,23093.849609375,22722.580078125,22733.900390625,22733.900390625,1933800000
2014-01-24,22522.439453125,22659.720703125,22435.720703125,22450.060546875,22450.060546875,2004100000
2014-01-27,22019.099609375,22044.23046875,21880.73046875,21976.099609375,21976.099609375,2355500000
2014-01-28,22012.509765625,22022.140625,21892.19921875,21960.640625,21960.640625,1832600000
2014-01-29,22111.630859375,22222.69921875,22109.9296875,22141.609375,22141.609375,1878800000
2014-01-30,21827.330078125,22052.16015625,21746.23046875,22035.419921875,22035.419921875,1537700000
2014-02-04,21561.69921875,21609.58984375,21388.609375,21397.76953125,21397.76953125,2480400000
2014-02-05,21564.880859375,21564.880859375,21197.779296875,21269.380859375,21269.380859375,1939800000
2014-02-06,21320.91015625,21440.400390625,21277.009765625,21423.130859375,21423.130859375,1589900000
2014-02-07,21498.08984375,21703.689453125,21480.08984375,21636.849609375,21636.849609375,1698100000
2014-02-10,21646.75,21687.83984375,21524.810546875,21579.259765625,21579.259765625,1718100000
2014-02-11,21623.7890625,22025.580078125,21623.7890625,21962.98046875,21962.98046875,2004800000
2014-02-12,22057.69921875,22308.25,22010.560546875,22285.7890625,22285.7890625,1964100000
2014-02-13,22297.69921875,22297.69921875,22098.19921875,22165.529296875,22165.529296875,1431800000
2014-02-14,22382.720703125,22412.740234375,22243.76953125,22298.41015625,22298.41015625,1142700000
2014-02-17,22463.400390625,22585.6796875,22463.400390625,22535.939453125,22535.939453125,1043800000
2014-02-18,22535.19921875,22592.359375,22437.380859375,22587.720703125,22587.720703125,961500000
2014-02-19,22600.599609375,22708.400390625,22534.189453125,22664.51953125,22664.51953125,1145900000
2014-02-20,22595.91015625,22742.720703125,22297.849609375,22394.080078125,22394.080078125,2691600000
2014-02-21,22617.630859375,22633.2890625,22442.390625,22568.240234375,22568.240234375,1678800000
2014-02-24,22576.349609375,22576.349609375,22260.130859375,22388.560546875,22388.560546875,1709100000
2014-02-25,22498.419921875,22518.83984375,22259.759765625,22317.19921875,22317.19921875,1538400000
2014-02-26,22297.619140625,22502.9609375,22258.890625,22437.439453125,22437.439453125,1.75e+09
2014-02-27,22465.9609375,22866.23046875,22432.48046875,22828.1796875,22828.1796875,1.958e+09
2014-02-28,22942.9609375,22986.69921875,22709.51953125,22836.9609375,22836.9609375,1897300000
2014-03-03,22630.76953125,22749.130859375,22487.23046875,22500.669921875,22500.669921875,1634100000
2014-03-04,22542.169921875,22783.98046875,22534.099609375,22657.630859375,22657.630859375,1344300000
2014-03-05,22839.4296875,22839.4296875,22529.830078125,22579.779296875,22579.779296875,1620100000
2014-03-06,22588.76953125,22764.380859375,22588.759765625,22702.970703125,22702.970703125,1524500000
2014-03-07,22728.529296875,22820.41015625,22604.01953125,22660.490234375,22660.490234375,1481500000
2014-03-10,22339.419921875,22388.4609375,22206.80078125,22264.9296875,22264.9296875,1621300000
2014-03-11,22234.609375,22351.990234375,22198.0703125,22269.609375,22269.609375,1365700000
2014-03-12,22019.029296875,22019.029296875,21873.19921875,21901.94921875,21901.94921875,1.89e+09
2014-03-13,21920.939453125,22041.330078125,21743.33984375,21756.080078125,21756.080078125,1579500000
2014-03-14,21612.0703125,21630.69921875,21462.490234375,21539.490234375,21539.490234375,1697600000
2014-03-17,21494.369140625,21535.69921875,21423.029296875,21473.94921875,21473.94921875,1027100000
2014-03-18,21549.220703125,21606.98046875,21469.2109375,21583.5,21583.5,1478700000
2014-03-19,21585.119140625,21614.529296875,21485.509765625,21568.689453125,21568.689453125,1.254e+09
2014-03-20,21352.490234375,21475.48046875,21137.609375,21182.16015625,21182.16015625,1855200000
2014-03-21,21239.08984375,21470.310546875,21171.91015625,21436.69921875,21436.69921875,2761800000
2014-03-24,21657.55078125,21866.970703125,21590.0703125,21846.44921875,21846.44921875,2460700000
2014-03-25,21773.640625,21858.109375,21704.73046875,21732.3203125,21732.3203125,1439700000
2014-03-26,21889.759765625,22006.640625,21865.330078125,21887.75,21887.75,1917700000
2014-03-27,21897.0703125,21926.830078125,21715.630859375,21834.44921875,21834.44921875,2222300000
2014-03-28,21930.400390625,22143.240234375,21930.400390625,22065.529296875,22065.529296875,2147300000
2014-03-31,22244.16015625,22244.16015625,22043.509765625,22151.060546875,22151.060546875,1.919e+09
2014-04-01,22292.3203125,22458.939453125,22250.66015625,22448.5390625,22448.5390625,1598500000
2014-04-02,22598.400390625,22598.400390625,22436.279296875,22523.939453125,22523.939453125,1594200000
2014-04-03,22666.060546875,22722.240234375,22531.240234375,22565.080078125,22565.080078125,1385900000
2014-04-04,22476.25,22595.7109375,22452.640625,22510.080078125,22510.080078125,1497600000
2014-04-07,22416.470703125,22485.240234375,22326.41015625,22377.150390625,22377.150390625,1364800000
2014-04-08,22390.140625,22625.2109375,22329.990234375,22596.970703125,22596.970703125,2242600000
2014-04-09,22725.4296875,22933.330078125,22721.189453125,22843.169921875,22843.169921875,2255700000
2014-04-10,22949.7890625,23224.5390625,22734.390625,23186.9609375,23186.9609375,2705300000
2014-04-11,23150.80078125,23194.150390625,22946.2109375,23003.640625,23003.640625,2212800000
2014-04-14,22911.8203125,23090.939453125,22911.8203125,23038.80078125,23038.80078125,1332400000
2014-04-15,23054.349609375,23054.349609375,22658.26953125,22671.259765625,22671.259765625,1507400000
2014-04-16,22686.2109375,22866.560546875,22627.509765625,22696.009765625,22696.009765625,1209900000
2014-04-17,22858.7890625,22858.7890625,22657.94921875,22760.240234375,22760.240234375,1043700000
2014-04-22,22718.689453125,22808.30078125,22644.4296875,22730.6796875,22730.6796875,1177800000
2014-04-23,22855.259765625,22855.259765625,22495.58984375,22509.640625,22509.640625,1.466e+09
2014-04-24,22527.380859375,22575.5,22461.099609375,22562.80078125,22562.80078125,1245500000
2014-04-25,22524.560546875,22548.51953125,22213.740234375,22223.529296875,22223.529296875,1501600000
2014-04-28,22122.380859375,22202.26953125,22096.94921875,22132.529296875,22132.529296875,1204400000
2014-04-29,22172.080078125,22474.189453125,22099.19921875,22453.890625,22453.890625,1647300000
2014-04-30,22466.0390625,22466.0390625,22097.359375,22133.970703125,22133.970703125,1813900000
2014-05-02,22194.66015625,22312.7109375,22150.349609375,22260.669921875,22260.669921875,1150700000
2014-05-05,22195.80078125,22284.560546875,21873.869140625,21976.330078125,21976.330078125,1.053e+09
2014-05-07,21904.51953125,21923.150390625,21680.330078125,21746.259765625,21746.259765625,1551800000
2014-05-08,21804.650390625,21929.4296875,21738.150390625,21837.119140625,21837.119140625,1397800000
2014-05-09,21819.939453125,21925.390625,21705.119140625,21862.990234375,21862.990234375,1114400000
2014-05-12,21921.58984375,22399.640625,21796.900390625,22261.609375,22261.609375,1662400000
2014-05-13,22436.240234375,22436.240234375,22286.4609375,22352.380859375,22352.380859375,1139100000
2014-05-14,22484.490234375,22664.369140625,22365.23046875,22582.76953125,22582.76953125,1927300000
2014-05-15,22726.58984375,22792.630859375,22610.009765625,22730.859375,22730.859375,1170300000
2014-05-16,22645.51953125,22718.0703125,22555.58984375,22712.91015625,22712.91015625,1166400000
2014-05-19,22751.240234375,22751.240234375,22555.970703125,22704.5,22704.5,991500000
2014-05-20,22758.01953125,22914.169921875,22758.01953125,22834.6796875,22834.6796875,1381200000
2014-05-21,22715.580078125,22883.5,22649.66015625,22836.51953125,22836.51953125,1.502e+09
2014-05-22,22942.26953125,23053.279296875,22884.51953125,22953.759765625,22953.759765625,1846600000
2014-05-23,23010.44921875,23010.44921875,22922.349609375,22965.859375,22965.859375,1334700000
2014-05-26,23055.470703125,23086.98046875,22898.779296875,22963.1796875,22963.1796875,921700000
2014-05-27,22953.119140625,22984.4609375,22886.4609375,22944.30078125,22944.30078125,886200000
2014-05-28,23023.8203125,23204.939453125,22949.859375,23080.029296875,23080.029296875,1877900000
2014-05-29,23103.310546875,23209.259765625,22968.099609375,23010.140625,23010.140625,1656900000
2014-05-30,23074.7890625,23178.599609375,22993.7109375,23081.650390625,23081.650390625,2139400000
2014-06-03,23327.509765625,23327.509765625,23134.33984375,23291.0390625,23291.0390625,1871400000
2014-06-04,23284.169921875,23284.169921875,23110.849609375,23151.7109375,23151.7109375,1103600000
2014-06-05,23142.66015625,23178.080078125,23052.4296875,23109.66015625,23109.66015625,1139900000
2014-06-06,23231.3203125,23231.3203125,22950.669921875,22951,22951,1793900000
2014-06-09,23086.939453125,23159.599609375,23053.380859375,23117.470703125,23117.470703125,1175600000
2014-06-10,23206.19921875,23360.25,23061.25,23315.740234375,23315.740234375,1732700000
2014-06-11,23281.140625,23281.140625,23168.140625,23257.2890625,23257.2890625,1312200000
2014-06-12,23127.8203125,23237.759765625,23065.5,23175.01953125,23175.01953125,1262600000
2014-06-13,23099.869140625,23397.76953125,23099.869140625,23319.169921875,23319.169921875,1564400000
2014-06-16,23299.0390625,23340.419921875,23232.560546875,23300.669921875,23300.669921875,1215100000
2014-06-17,23237.630859375,23242.689453125,23127.01953125,23203.58984375,23203.58984375,1361600000
2014-06-18,23128.220703125,23299.359375,23128.220703125,23181.720703125,23181.720703125,1296600000
2014-06-19,23264.919921875,23300.310546875,23122.75,23167.73046875,23167.73046875,1421200000
2014-06-20,23199.1796875,23285.51953125,23157.859375,23194.060546875,23194.060546875,1341600000
2014-06-23,23165.259765625,23393.810546875,22802.099609375,22804.810546875,22804.810546875,2005500000
2014-06-24,22915.919921875,22946.099609375,22832.91015625,22880.640625,22880.640625,1448700000
2014-06-25,22935.060546875,22938.69921875,22829.2890625,22866.69921875,22866.69921875,1082700000
2014-06-26,22947.83984375,23203.48046875,22926.0390625,23197.830078125,23197.830078125,1292100000
2014-06-27,23188.48046875,23272.099609375,23111.029296875,23221.51953125,23221.51953125,1193700000
2014-06-30,23273.189453125,23346.23046875,22960.080078125,23190.720703125,23190.720703125,1476200000
2014-07-02,23326.529296875,23576.349609375,23293.8203125,23549.619140625,23549.619140625,1936400000
2014-07-03,23553.599609375,23591.470703125,23482.900390625,23531.439453125,23531.439453125,1073600000
2014-07-04,23609.3203125,23626.140625,23508.26953125,23546.359375,23546.359375,1116900000
2014-07-07,23581.400390625,23592.380859375,23435.240234375,23540.919921875,23540.919921875,911900000
2014-07-08,23555.310546875,23555.66015625,23455.130859375,23541.380859375,23541.380859375,1114100000
2014-07-09,23408.05078125,23408.05078125,23126.6796875,23176.0703125,23176.0703125,1545800000
2014-07-10,23281.44921875,23281.44921875,23182.060546875,23238.990234375,23238.990234375,1100500000
2014-07-11,23155.689453125,23307.5390625,23146.990234375,23233.44921875,23233.44921875,1123100000
2014-07-14,23310.16015625,23459.48046875,23273.41015625,23346.669921875,23346.669921875,1.061e+09
2014-07-15,23482.83984375,23496.5703125,23398.25,23459.9609375,23459.9609375,1048100000
2014-07-16,23490.4296875,23562.3203125,23430.140625,23523.279296875,23523.279296875,959500000
2014-07-17,23583.349609375,23583.349609375,23421.990234375,23520.869140625,23520.869140625,1.094e+09
2014-07-18,23316.4609375,23460.130859375,23240.609375,23454.7890625,23454.7890625,913300000
2014-07-21,23484.529296875,23498.349609375,23372.630859375,23387.140625,23387.140625,1042300000
2014-07-22,23465.810546875,23803.169921875,23423.33984375,23782.109375,23782.109375,1859500000
2014-07-23,23841.220703125,23975.740234375,23834.390625,23971.869140625,23971.869140625,1807800000
2014-07-24,24080.609375,24150,24005.25,24141.5,24141.5,1930500000
2014-07-25,24247.19921875,24247.19921875,24088.990234375,24216.009765625,24216.009765625,1637300000
2014-07-28,24249.26953125,24501.130859375,24248.359375,24428.630859375,24428.630859375,1971900000
2014-07-29,24526.630859375,24666.9609375,24437.099609375,24640.529296875,24640.529296875,1998400000
2014-07-30,24704.580078125,24912.220703125,24660.349609375,24732.2109375,24732.2109375,2523800000
2014-07-31,24805.75,24893.740234375,24661.5703125,24756.849609375,24756.849609375,1944100000
2014-08-01,24594.23046875,24731.51953125,24485.73046875,24532.4296875,24532.4296875,1755900000
2014-08-04,24590.109375,24690.599609375,24558.369140625,24600.080078125,24600.080078125,1183300000
2014-08-05,24679.109375,24679.109375,24494.08984375,24648.259765625,24648.259765625,1249500000
2014-08-06,24558.8203125,24589.7109375,24397.41015625,24584.130859375,24584.130859375,1171900000
2014-08-07,24498.830078125,24502.30078125,24364.580078125,24387.560546875,24387.560546875,1233400000
2014-08-08,24307.099609375,24493.009765625,24190.9296875,24331.41015625,24331.41015625,1341700000
2014-08-11,24533.33984375,24671.330078125,24491.01953125,24646.01953125,24646.01953125,1129900000
2014-08-12,24668.5703125,24691.66015625,24552.419921875,24689.41015625,24689.41015625,1028200000
2014-08-13,24726.240234375,24907.109375,24611.220703125,24890.33984375,24890.33984375,1466900000
2014-08-14,24894.1796875,24964.419921875,24721.869140625,24801.359375,24801.359375,1456900000
2014-08-15,24969.720703125,25010.310546875,24872.7109375,24954.939453125,24954.939453125,1150200000
2014-08-18,24943.599609375,24978.939453125,24765.029296875,24955.4609375,24955.4609375,1281500000
2014-08-19,25045.55078125,25201.2109375,24909.259765625,25122.94921875,25122.94921875,1466500000
2014-08-20,25156.94921875,25190.029296875,25056.7109375,25159.759765625,25159.759765625,1238100000
2014-08-21,25142.33984375,25142.33984375,24896.19921875,24994.099609375,24994.099609375,1460100000
2014-08-22,25113.73046875,25132.9296875,25025.939453125,25112.23046875,25112.23046875,1183300000
2014-08-25,25049.9609375,25243.16015625,24946.849609375,25166.91015625,25166.91015625,1333400000
2014-08-26,25147.75,25188.310546875,25068.98046875,25074.5,25074.5,1252900000
2014-08-27,25134.490234375,25160.6796875,24883.4609375,24918.75,24918.75,1468400000
2014-08-28,25055.810546875,25055.810546875,24679.099609375,24741,24741,1533400000
2014-08-29,24748.189453125,24814.26953125,24630.80078125,24742.060546875,24742.060546875,1711500000
2014-09-01,24703.740234375,24891.26953125,24696.1796875,24752.08984375,24752.08984375,1447800000
2014-09-02,24699.759765625,24816.890625,24576.23046875,24749.01953125,24749.01953125,1646400000
2014-09-03,24786.0390625,25325.16015625,24751.720703125,25317.94921875,25317.94921875,2535300000
2014-09-04,25268.439453125,25362.98046875,25193.369140625,25297.919921875,25297.919921875,1980900000
2014-09-05,25356.560546875,25356.560546875,25171.58984375,25240.150390625,25240.150390625,2163800000
2014-09-08,25293.08984375,25293.08984375,25074.01953125,25190.44921875,25190.44921875,1272200000
2014-09-10,24969.390625,24969.390625,24681.189453125,24705.359375,24705.359375,1748400000
2014-09-11,24701.73046875,24782.94921875,24589.900390625,24662.640625,24662.640625,1443800000
2014-09-12,24620.189453125,24701.4296875,24487.939453125,24595.3203125,24595.3203125,1.234e+09
2014-09-15,24410.380859375,24471.80078125,24300.5703125,24356.990234375,24356.990234375,1479600000
2014-09-16,24318.8203125,24405.98046875,24117.599609375,24136.009765625,24136.009765625,1282300000
2014-09-17,24380.279296875,24470.259765625,24339.529296875,24376.41015625,24376.41015625,1793800000
2014-09-18,24294.640625,24294.640625,24103.529296875,24168.720703125,24168.720703125,1459400000
2014-09-19,24334.650390625,24419.849609375,24155.619140625,24306.16015625,24306.16015625,1924800000
2014-09-22,24072.1796875,24082.619140625,23949.2890625,23955.490234375,23955.490234375,1723800000
2014-09-23,23882.58984375,24012.060546875,23825.9609375,23837.0703125,23837.0703125,1417200000
2014-09-24,23788.98046875,24016.41015625,23788.98046875,23921.609375,23921.609375,1368900000
2014-09-25,24048.380859375,24058.01953125,23754.330078125,23768.130859375,23768.130859375,1573200000
2014-09-26,23581.560546875,23717.080078125,23555.619140625,23678.41015625,23678.41015625,1341500000
2014-09-29,23399.509765625,23399.509765625,23095.779296875,23229.2109375,23229.2109375,2230500000
2014-09-30,23137.259765625,23137.259765625,22855.0390625,22932.98046875,22932.98046875,2189800000
2014-10-03,22691.58984375,23147.849609375,22565.599609375,23064.560546875,23064.560546875,2577600000
2014-10-06,23053.7890625,23441.26953125,22988.640625,23315.0390625,23315.0390625,1643100000
2014-10-07,23224.220703125,23517.849609375,23209.76953125,23422.51953125,23422.51953125,1635900000
2014-10-08,23221.759765625,23369.390625,23184.150390625,23263.330078125,23263.330078125,1253100000
2014-10-09,23461.349609375,23581.349609375,23437.869140625,23534.529296875,23534.529296875,1126500000
2014-10-10,23198.80078125,23237.400390625,23071.26953125,23088.5390625,23088.5390625,1401300000
2014-10-13,22884,23273.0390625,22871.26953125,23143.380859375,23143.380859375,1407200000
2014-10-14,23064.919921875,23409.9609375,23040.80078125,23047.970703125,23047.970703125,1.526e+09
2014-10-15,23087.5,23238.0390625,22992.9296875,23140.05078125,23140.05078125,1444900000
2014-10-16,22913.5,23040.310546875,22868.01953125,22900.939453125,22900.939453125,1533500000
2014-10-17,22904.109375,23148.9609375,22888.759765625,23023.2109375,23023.2109375,1853600000
2014-10-20,23239.779296875,23290.419921875,23052.310546875,23070.259765625,23070.259765625,1182100000
2014-10-21,23073.359375,23231.51953125,22964.919921875,23088.580078125,23088.580078125,1026500000
2014-10-22,23300.44921875,23460.76953125,23193.48046875,23403.970703125,23403.970703125,1732900000
2014-10-23,23296,23397.169921875,23221.689453125,23333.1796875,23333.1796875,1.039e+09
2014-10-24,23311.880859375,23352.58984375,23157.48046875,23302.19921875,23302.19921875,1201300000
2014-10-27,23275.400390625,23275.400390625,23012.80078125,23143.23046875,23143.23046875,1229600000
2014-10-28,23189.830078125,23570.919921875,23189.830078125,23520.359375,23520.359375,1889100000
2014-10-29,23703.94921875,23855.669921875,23699.560546875,23819.869140625,23819.869140625,2017500000
2014-10-30,23841.740234375,23841.740234375,23615.099609375,23702.0390625,23702.0390625,1606500000
2014-10-31,23913.689453125,24046.400390625,23850.69921875,23998.060546875,23998.060546875,2057400000
2014-11-03,24133.44921875,24133.44921875,23875.08984375,23915.970703125,23915.970703125,1328900000
2014-11-04,23849.720703125,24016.419921875,23815.849609375,23845.66015625,23845.66015625,1317600000
2014-11-05,23846.83984375,23846.83984375,23623.140625,23695.619140625,23695.619140625,1357400000
2014-11-06,23737.759765625,23775.73046875,23623.41015625,23649.310546875,23649.310546875,1055400000
2014-11-07,23607.650390625,23831.25,23430.19921875,23550.240234375,23550.240234375,1609900000
2014-11-10,24074.849609375,24110.240234375,23703.720703125,23744.69921875,23744.69921875,1974500000
2014-11-11,23809.41015625,23931.44921875,23760.529296875,23808.279296875,23808.279296875,3418200000
2014-11-12,23883.310546875,23999.970703125,23801.73046875,23938.1796875,23938.1796875,1788500000
2014-11-13,23854.330078125,24097.919921875,23850.390625,24019.939453125,24019.939453125,2063600000
2014-11-14,24048.359375,24102.69921875,23966.80078125,24087.380859375,24087.380859375,1489800000
2014-11-17,24313.060546875,24313.060546875,23787.279296875,23797.080078125,23797.080078125,1728100000
2014-11-18,23868.900390625,23881.009765625,23483.189453125,23529.169921875,23529.169921875,1543700000
2014-11-19,23466.0703125,23572.2109375,23341.16015625,23373.310546875,23373.310546875,1413800000
2014-11-20,23401,23461.01953125,23252.630859375,23349.640625,23349.640625,1354800000
2014-11-21,23353.720703125,23508.01953125,23301.48046875,23437.119140625,23437.119140625,1.519e+09
2014-11-24,23883.3203125,23936.33984375,23823.560546875,23893.140625,23893.140625,2862200000
2014-11-25,23841.16015625,23935.0703125,23809.509765625,23843.91015625,23843.91015625,2083500000
2014-11-26,23833.189453125,24176.640625,23799.419921875,24111.98046875,24111.98046875,2225200000
2014-11-27,24169.849609375,24228.109375,23962.439453125,24004.279296875,24004.279296875,1813700000
2014-11-28,23982.2890625,24117.16015625,23887.630859375,23987.44921875,23987.44921875,3154800000
2014-12-01,23678,23731.759765625,23318.48046875,23367.44921875,23367.44921875,3135500000
2014-12-02,23400.109375,23784.94921875,23293.810546875,23654.30078125,23654.30078125,2843100000
2014-12-03,23756.05078125,23921.759765625,23378.810546875,23428.619140625,23428.619140625,3224800000
2014-12-04,23554.810546875,23844.240234375,23456.7109375,23832.560546875,23832.560546875,3.562e+09
2014-12-05,23907.779296875,24170.05078125,23772.83984375,24002.640625,24002.640625,5025800000
2014-12-08,24113.140625,24189.58984375,24012.150390625,24047.669921875,24047.669921875,3826500000
2014-12-09,23910.41015625,23934.01953125,23399.869140625,23485.830078125,23485.830078125,3871800000
2014-12-10,23442.689453125,23656.509765625,23345.890625,23524.51953125,23524.51953125,2306300000
2014-12-11,23269.509765625,23382.830078125,23169.669921875,23312.5390625,23312.5390625,2425800000
2014-12-12,23328.990234375,23445.9609375,23230.029296875,23249.19921875,23249.19921875,1.641e+09
2014-12-15,22977.83984375,23067.669921875,22856.01953125,23027.849609375,23027.849609375,1660200000
2014-12-16,22877.30078125,22944.279296875,22641.060546875,22670.5,22670.5,2158900000
2014-12-17,22697.6796875,22726.560546875,22529.75,22585.83984375,22585.83984375,2560900000
2014-12-18,22878.33984375,22935.05078125,22736.890625,22832.2109375,22832.2109375,2306300000
2014-12-19,23158.26953125,23189.599609375,23041.369140625,23116.630859375,23116.630859375,2309100000
2014-12-22,23264.05078125,23478.900390625,23264.05078125,23408.5703125,23408.5703125,2999600000
2014-12-23,23423.330078125,23495.619140625,23269.4296875,23333.689453125,23333.689453125,1758900000
2014-12-24,23290.419921875,23421.099609375,23290.419921875,23349.33984375,23349.33984375,740700000
2014-12-29,23694.529296875,23867.4609375,23694.529296875,23773.1796875,23773.1796875,2133300000
2014-12-30,23853.130859375,23853.130859375,23442.55078125,23501.099609375,23501.099609375,1768200000
2014-12-31,23480.810546875,23632.349609375,23464.25,23605.0390625,23605.0390625,1.049e+09
2015-01-02,23699.19921875,23998.900390625,23655.5,23721.30078125,23721.30078125,1801700000
2015-01-05,23699.189453125,23998.869140625,23655.51953125,23721.3203125,23721.3203125,2585200000
2015-01-06,23515.130859375,23611,23312.5,23485.41015625,23485.41015625,2.618e+09
2015-01-07,23396.69921875,23715.7109375,23332.029296875,23681.259765625,23681.259765625,2181100000
2015-01-08,23920.349609375,23941.640625,23719.05078125,23835.529296875,23835.529296875,2011600000
2015-01-09,24049.69921875,24169.060546875,23859.490234375,23919.94921875,23919.94921875,2334800000
2015-01-12,24118.58984375,24118.58984375,23905.009765625,24026.4609375,24026.4609375,1414600000
2015-01-13,23908.23046875,24254.109375,23908.23046875,24215.970703125,24215.970703125,1393200000
2015-01-14,24276.330078125,24326.69921875,24056.220703125,24112.599609375,24112.599609375,1.463e+09
2015-01-15,24169.349609375,24369,24070.390625,24350.91015625,24350.91015625,1.754e+09
2015-01-16,24196.849609375,24253.08984375,24086.2109375,24103.51953125,24103.51953125,1716800000
2015-01-19,23971.23046875,24049.55078125,23590.05078125,23738.490234375,23738.490234375,2945800000
2015-01-20,23798.4609375,23997.310546875,23747.919921875,23951.16015625,23951.16015625,1632700000
2015-01-21,24036.41015625,24373.279296875,24016.630859375,24352.580078125,24352.580078125,1843500000
2015-01-22,24480.01953125,24589.619140625,24438.98046875,24522.630859375,24522.630859375,1679800000
2015-01-23,24807.359375,24896.220703125,24726.76953125,24850.44921875,24850.44921875,2375600000
2015-01-26,24907.189453125,24916.490234375,24761.55078125,24909.900390625,24909.900390625,1321600000
2015-01-27,24995.080078125,24995.080078125,24672.759765625,24807.279296875,24807.279296875,1705100000
2015-01-28,24799.98046875,24983.890625,24716.6796875,24861.810546875,24861.810546875,1.361e+09
2015-01-29,24645.19921875,24739.220703125,24524.1796875,24595.849609375,24595.849609375,1.864e+09
2015-01-30,24771.369140625,24771.369140625,24450.05078125,24507.05078125,24507.05078125,1438900000
2015-02-02,24347.26953125,24506.810546875,24324.369140625,24484.740234375,24484.740234375,1576200000
2015-02-03,24542.490234375,24602.599609375,24327.509765625,24554.779296875,24554.779296875,1552800000
2015-02-04,24750.759765625,24824.580078125,24642.5,24679.759765625,24679.759765625,1836300000
2015-02-05,25048.259765625,25048.259765625,24642.810546875,24765.490234375,24765.490234375,2343800000
2015-02-06,24843.19921875,24843.19921875,24645.759765625,24679.390625,24679.390625,1440500000
2015-02-09,24529.55078125,24657.869140625,24449.48046875,24521,24521,1285500000
2015-02-10,24475.0390625,24583.7890625,24422.849609375,24528.099609375,24528.099609375,1.028e+09
2015-02-11,24512.619140625,24551.740234375,24266.6796875,24315.01953125,24315.01953125,1261400000
2015-02-12,24377.58984375,24514.490234375,24226.2890625,24422.150390625,24422.150390625,1472100000
2015-02-13,24535.66015625,24702.5390625,24521.130859375,24682.5390625,24682.5390625,1342700000
2015-02-16,24717.490234375,24771.599609375,24687.150390625,24726.529296875,24726.529296875,926600000
2015-02-17,24653.880859375,24855.75,24653.880859375,24784.880859375,24784.880859375,822900000
2015-02-18,24836.05078125,24871.7890625,24806.060546875,24832.080078125,24832.080078125,975900000
2015-02-23,24916.240234375,24916.240234375,24664.6796875,24836.759765625,24836.759765625,1019300000
2015-02-24,24776.720703125,24808.30078125,24673.9296875,24750.0703125,24750.0703125,1076300000
2015-02-25,24822.279296875,24869.369140625,24691.779296875,24778.279296875,24778.279296875,1387700000
2015-02-26,24718.279296875,24998.640625,24709.560546875,24902.060546875,24902.060546875,1803500000
2015-02-27,24902.609375,25101.9609375,24815.029296875,24823.2890625,24823.2890625,1504200000
2015-03-02,24996.759765625,24997.830078125,24715.380859375,24887.439453125,24887.439453125,1543100000
2015-03-03,24984.619140625,24984.619140625,24663.4296875,24702.779296875,24702.779296875,1499900000
2015-03-04,24656.939453125,24705.9609375,24439.2890625,24465.380859375,24465.380859375,1618200000
2015-03-05,24274.900390625,24393.849609375,24133.7109375,24193.0390625,24193.0390625,1923400000
2015-03-06,24235.759765625,24294.359375,24126.08984375,24164,24164,1620600000
2015-03-09,23982.5,24205.859375,23910.16015625,24123.05078125,24123.05078125,1619500000
2015-03-10,24150.6796875,24152.400390625,23869.8203125,23896.98046875,23896.98046875,1521300000
2015-03-11,23807.099609375,23899.859375,23703.83984375,23717.970703125,23717.970703125,1678300000
2015-03-12,23709.169921875,23880.25,23677.060546875,23797.9609375,23797.9609375,1619100000
2015-03-13,23808.970703125,23918.7109375,23790.830078125,23823.2109375,23823.2109375,1538400000
2015-03-16,23771.400390625,23970.05078125,23711.26953125,23949.55078125,23949.55078125,1187700000
2015-03-17,24106.470703125,24106.470703125,23822.779296875,23901.490234375,23901.490234375,1188600000
2015-03-18,23938.630859375,24210.75,23938.630859375,24120.080078125,24120.080078125,1668400000
2015-03-19,24325.560546875,24500.23046875,24248.83984375,24468.890625,24468.890625,1.826e+09
2015-03-20,24417.529296875,24524.55078125,24351.5,24375.240234375,24375.240234375,2006100000
2015-03-23,24538.33984375,24559.76953125,24436.419921875,24494.509765625,24494.509765625,1461200000
2015-03-24,24484.6796875,24490.150390625,24294.94921875,24399.599609375,24399.599609375,1.559e+09
2015-03-25,24410.529296875,24613.689453125,24377.919921875,24528.23046875,24528.23046875,1421300000
2015-03-26,24442.509765625,24592.009765625,24399.83984375,24497.080078125,24497.080078125,1346200000
2015-03-27,24541.439453125,24549.880859375,24420.470703125,24486.19921875,24486.19921875,1610400000
2015-03-30,24727.4609375,24949.349609375,24725.51953125,24855.119140625,24855.119140625,2574100000
2015-03-31,25113.19921875,25113.19921875,24876.369140625,24900.890625,24900.890625,2.557e+09
2015-04-01,24955.19921875,25099.060546875,24926.109375,25082.75,25082.75,1713500000
2015-04-02,25214.330078125,25297.80078125,25152.5703125,25275.640625,25275.640625,2106800000
2015-04-08,25708.240234375,26247.630859375,25640.0390625,26236.859375,26236.859375,4101500000
2015-04-09,26913.279296875,27922.669921875,26732.23046875,26944.390625,26944.390625,5024500000
2015-04-10,27373.6796875,27373.6796875,26812.75,27272.390625,27272.390625,3341200000
2015-04-13,27374.330078125,28031.9609375,27304.119140625,28016.33984375,28016.33984375,4727100000
2015-04-14,27688.259765625,27915.009765625,27483.44921875,27561.490234375,27561.490234375,3774100000
2015-04-15,27693.25,27807.98046875,27442.51953125,27618.8203125,27618.8203125,3926500000
2015-04-16,27557.2890625,27787.98046875,27470.099609375,27739.7109375,27739.7109375,3269700000
2015-04-17,27808.240234375,27969.41015625,27597.6796875,27653.119140625,27653.119140625,3105800000
2015-04-20,27770.7890625,27770.7890625,26959.76953125,27094.9296875,27094.9296875,3375900000
2015-04-21,27404.150390625,27925.359375,27404.150390625,27850.490234375,27850.490234375,2737800000
2015-04-22,27821.3203125,28048.4609375,27727.859375,27933.849609375,27933.849609375,2367900000
2015-04-23,28112.380859375,28213.630859375,27804.029296875,27827.69921875,27827.69921875,2442200000
2015-04-24,27978.390625,28089.369140625,27591.5703125,28060.98046875,28060.98046875,2.414e+09
2015-04-27,28245.140625,28588.51953125,28245.140625,28433.58984375,28433.58984375,2790100000
2015-04-28,28448.220703125,28548.44921875,28251.990234375,28442.75,28442.75,3045500000
2015-04-29,28453.099609375,28453.099609375,28201.759765625,28400.33984375,28400.33984375,2094900000
2015-04-30,28289.140625,28317.869140625,27997.900390625,28133,28133,2561300000
2015-05-04,28231.259765625,28343.740234375,28017.19921875,28123.8203125,28123.8203125,1999700000
2015-05-05,28295.720703125,28316.630859375,27598.169921875,27755.5390625,27755.5390625,2292700000
2015-05-06,27698.099609375,28054.6796875,27570.41015625,27640.91015625,27640.91015625,2265500000
2015-05-07,27567.619140625,27604.490234375,27207.279296875,27289.970703125,27289.970703125,1894800000
2015-05-08,27557.51953125,27652.619140625,27367.109375,27577.33984375,27577.33984375,1817600000
2015-05-11,27837.0390625,27837.279296875,27582.23046875,27718.19921875,27718.19921875,1.541e+09
2015-05-12,27664.1796875,27693.630859375,27395.91015625,27407.1796875,27407.1796875,1.53e+09
2015-05-13,27473.5,27524.8203125,27191.029296875,27249.279296875,27249.279296875,2088800000
2015-05-14,27395.919921875,27397.669921875,27192.9296875,27286.55078125,27286.55078125,1522200000
2015-05-15,27459.580078125,27928.599609375,27315.099609375,27822.279296875,27822.279296875,1754100000
2015-05-18,27792.439453125,27792.439453125,27435.5703125,27591.25,27591.25,1378800000
2015-05-19,27597.0703125,27765.55078125,27500.759765625,27693.5390625,27693.5390625,1559500000
2015-05-20,27751.439453125,27751.439453125,27490.330078125,27585.05078125,27585.05078125,1470400000
2015-05-21,27507.3203125,27611.720703125,27393.310546875,27523.720703125,27523.720703125,1221500000
2015-05-22,27723.669921875,28041.3203125,27696.970703125,27992.830078125,27992.830078125,1899400000
2015-05-26,28462.3203125,28524.599609375,28237.490234375,28249.859375,28249.859375,2672100000
2015-05-27,28214.66015625,28214.66015625,27982.140625,28081.2109375,28081.2109375,1863600000
2015-05-28,28162.25,28162.25,27242.109375,27454.310546875,27454.310546875,3066700000
2015-05-29,27398.279296875,27604.26953125,27255.890625,27424.189453125,27424.189453125,3050200000
2015-06-01,27373.060546875,27766.3203125,27241.94921875,27597.16015625,27597.16015625,1972900000
2015-06-02,27473.44921875,27602.880859375,27348.130859375,27466.720703125,27466.720703125,1.502e+09
2015-06-03,27716.33984375,27767.23046875,27508.83984375,27657.470703125,27657.470703125,1735700000
2015-06-04,27645.359375,27854.740234375,27094.5,27551.890625,27551.890625,3066100000
2015-06-05,27538.060546875,27646.720703125,27211.359375,27260.16015625,27260.16015625,2228900000
2015-06-08,27147.240234375,27428.58984375,27060.240234375,27316.279296875,27316.279296875,2391700000
2015-06-09,27295.880859375,27322.140625,26971.5703125,26989.51953125,26989.51953125,2384100000
2015-06-10,27052.7890625,27116.919921875,26573.9609375,26687.640625,26687.640625,1977400000
2015-06-11,26938.150390625,26991.509765625,26839.4296875,26907.849609375,26907.849609375,1670600000
2015-06-12,27082.599609375,27356.509765625,26987.51953125,27280.5390625,27280.5390625,1734200000
2015-06-15,27095.1796875,27131.359375,26841.51953125,26861.810546875,26861.810546875,1324700000
2015-06-16,26807.669921875,26892.880859375,26553.0390625,26566.69921875,26566.69921875,1761900000
2015-06-17,26671.19921875,26880.7890625,26555.9609375,26753.7890625,26753.7890625,1819400000
2015-06-18,26786.529296875,26873.669921875,26595.9609375,26694.66015625,26694.66015625,1.47e+09
2015-06-19,26885.73046875,27011.94921875,26701.720703125,26760.529296875,26760.529296875,2497600000
2015-06-22,26854.3203125,27166.51953125,26811.66015625,27080.849609375,27080.849609375,1429200000
2015-06-23,27126.470703125,27406.41015625,27008.509765625,27333.4609375,27333.4609375,2138100000
2015-06-24,27397.369140625,27470.5,27292.849609375,27404.970703125,27404.970703125,1659100000
2015-06-25,27329.169921875,27350.490234375,27120.720703125,27145.75,27145.75,1908100000
2015-06-26,27016.08984375,27016.08984375,26522.44921875,26663.869140625,26663.869140625,2473400000
2015-06-29,26560.130859375,26631.509765625,25617.779296875,25966.98046875,25966.98046875,3023200000
2015-06-30,25944.029296875,26470.439453125,25885.66015625,26250.029296875,26250.029296875,2480800000
2015-07-02,26459.4296875,26459.4296875,26135.619140625,26282.3203125,26282.3203125,2185400000
2015-07-03,26349.83984375,26402.849609375,25933.119140625,26064.109375,26064.109375,1888900000
2015-07-06,26083.990234375,26261.529296875,24750.310546875,25236.279296875,25236.279296875,3514100000
2015-07-07,25391.759765625,25439.33984375,24819.259765625,24975.310546875,24975.310546875,3020400000
2015-07-08,24411.30078125,24411.30078125,22836.8203125,23516.560546875,23516.560546875,5441400000
2015-07-09,23435.5,24695.75,23332.900390625,24392.7890625,24392.7890625,4266900000
2015-07-10,24567.919921875,25015.169921875,24567.919921875,24901.279296875,24901.279296875,3230900000
2015-07-13,24709.580078125,25275.759765625,24596.439453125,25224.009765625,25224.009765625,2124800000
2015-07-14,25184.060546875,25250.94921875,24906.470703125,25120.91015625,25120.91015625,2129800000
2015-07-15,25219.44921875,25219.44921875,24862.650390625,25055.759765625,25055.759765625,1603500000
2015-07-16,24976.080078125,25170.349609375,24841.140625,25162.779296875,25162.779296875,1386200000
2015-07-17,25246.640625,25517.44921875,25183.859375,25415.26953125,25415.26953125,1279500000
2015-07-20,25540.310546875,25540.310546875,25298.9609375,25404.810546875,25404.810546875,1088200000
2015-07-21,25428.880859375,25634.3203125,25342.689453125,25536.4296875,25536.4296875,1125400000
2015-07-22,25401.7890625,25401.7890625,25177.599609375,25282.619140625,25282.619140625,1298900000
2015-07-23,25308.55078125,25500.990234375,25250.359375,25398.849609375,25398.849609375,1130600000
2015-07-24,25279.94921875,25279.94921875,25073.19921875,25128.509765625,25128.509765625,1134600000
2015-07-27,24906.779296875,24908.580078125,24282.2109375,24351.9609375,24351.9609375,2317700000
2015-07-28,24269.900390625,24947.349609375,24140.619140625,24503.939453125,24503.939453125,2134200000
2015-07-29,24630.439453125,24718.640625,24444.470703125,24619.44921875,24619.44921875,1350600000
2015-07-30,24822.419921875,24872.69921875,24478.0703125,24497.98046875,24497.98046875,1488200000
2015-07-31,24650.9296875,24661.189453125,24467.830078125,24636.279296875,24636.279296875,1363700000
2015-08-03,24533.140625,24533.140625,24232.599609375,24411.419921875,24411.419921875,1.467e+09
2015-08-04,24364.41015625,24519.349609375,24217.779296875,24406.119140625,24406.119140625,1225500000
2015-08-05,24466.30078125,24582.189453125,24420.94921875,24514.16015625,24514.16015625,1105400000
2015-08-06,24527.740234375,24527.740234375,24320.75,24375.279296875,24375.279296875,977500000
2015-08-07,24327.560546875,24641.9296875,24327.560546875,24552.470703125,24552.470703125,1106900000
2015-08-10,24433.66015625,24602.669921875,24135.640625,24521.119140625,24521.119140625,1211600000
2015-08-11,24694.779296875,24924.0703125,24420.7109375,24498.2109375,24498.2109375,1608400000
2015-08-12,24269.109375,24324.189453125,23826.9609375,23916.01953125,23916.01953125,1851600000
2015-08-13,23935.48046875,24133.869140625,23860.8203125,24018.80078125,24018.80078125,1716700000
2015-08-14,24055.01953125,24126.30078125,23957.359375,23991.029296875,23991.029296875,1198100000
2015-08-17,23945.599609375,23950.5703125,23699.83984375,23814.650390625,23814.650390625,1197800000
2015-08-18,23956.859375,24024.369140625,23464.349609375,23474.970703125,23474.970703125,1454300000
2015-08-19,23555.01953125,23586.7890625,23138.73046875,23167.849609375,23167.849609375,1914800000
2015-08-20,22973.869140625,23033.970703125,22610.529296875,22757.470703125,22757.470703125,2.339e+09
2015-08-21,22343.25,22492.7890625,22185.849609375,22409.619140625,22409.619140625,2490600000
2015-08-24,21605.970703125,21679.44921875,21136.48046875,21251.5703125,21251.5703125,3579900000
2015-08-25,21119.529296875,21871.400390625,20865.259765625,21404.9609375,21404.9609375,3588800000
2015-08-26,21434.25,21686.44921875,21060.08984375,21080.390625,21080.390625,2956100000
2015-08-27,21758.619140625,21963.4296875,21407.58984375,21838.5390625,21838.5390625,3.193e+09
2015-08-28,22424.400390625,22424.400390625,21585.330078125,21612.390625,21612.390625,3009400000
2015-08-31,21793.01953125,21793.01953125,21399.619140625,21670.580078125,21670.580078125,2686600000
2015-09-01,21692.779296875,21692.779296875,21170.859375,21185.4296875,21185.4296875,2.156e+09
2015-09-02,21101.419921875,21288.529296875,20771.76953125,20934.939453125,20934.939453125,2512600000
2015-09-04,21158.9296875,21174.859375,20715.01953125,20840.609375,20840.609375,2120900000
2015-09-07,20683.310546875,21056.390625,20579.9296875,20583.51953125,20583.51953125,1656200000
2015-09-08,20636.830078125,21431.990234375,20524.880859375,21259.0390625,21259.0390625,2266200000
2015-09-09,21632.689453125,22228.58984375,21529.810546875,22131.310546875,22131.310546875,2945600000
2015-09-10,21667.859375,21771.5703125,21492.08984375,21562.5,21562.5,2092600000
2015-09-11,21710.130859375,21909.8203125,21472.16015625,21504.369140625,21504.369140625,2371600000
2015-09-14,21678.880859375,21762.150390625,21441.7109375,21561.900390625,21561.900390625,1472100000
2015-09-15,21527.529296875,21634.48046875,21411.169921875,21455.23046875,21455.23046875,1352200000
2015-09-16,21731.33984375,22103.060546875,21608.5,21966.66015625,21966.66015625,2077600000
2015-09-17,22172.6796875,22203.359375,21718.7109375,21854.630859375,21854.630859375,2118600000
2015-09-18,21807.25,22052.109375,21807.25,21920.830078125,21920.830078125,2054800000
2015-09-21,21614.4296875,21778.060546875,21590.69921875,21756.9296875,21756.9296875,1372800000
2015-09-22,21794.33984375,22111.669921875,21768.98046875,21796.580078125,21796.580078125,1438200000
2015-09-23,21529.470703125,21577.44921875,21008.609375,21302.91015625,21302.91015625,2304500000
2015-09-24,21304.900390625,21363.2109375,21053.5,21095.98046875,21095.98046875,1596700000
2015-09-25,21070.390625,21318.330078125,20957.990234375,21186.3203125,21186.3203125,1.729e+09
2015-09-29,20579.220703125,20579.220703125,20368.119140625,20556.599609375,20556.599609375,2.537e+09
2015-09-30,20795.9296875,20939.390625,20683.109375,20846.30078125,20846.30078125,2134500000
2015-10-02,21172.939453125,21530.80078125,21130.109375,21506.08984375,21506.08984375,2161200000
2015-10-05,21930.970703125,21980.83984375,21739.900390625,21854.5,21854.5,1468800000
2015-10-06,22169.099609375,22169.099609375,21719.2890625,21831.619140625,21831.619140625,1622600000
2015-10-07,21884.73046875,22527.7890625,21817.419921875,22515.759765625,22515.759765625,2932800000
2015-10-08,22588.689453125,22588.689453125,22201.109375,22354.91015625,22354.91015625,1931200000
2015-10-09,22615.939453125,22807.859375,22440.880859375,22458.80078125,22458.80078125,2403300000
2015-10-12,22614.330078125,22779.5,22562.259765625,22730.9296875,22730.9296875,1871900000
2015-10-13,22677.599609375,22798.900390625,22515.73046875,22600.4609375,22600.4609375,1710900000
2015-10-14,22398.8203125,22576.5,22356.560546875,22439.91015625,22439.91015625,1352700000
2015-10-15,22667.419921875,22940.25,22567.650390625,22888.169921875,22888.169921875,1920800000
2015-10-16,23133.58984375,23178.140625,22953.560546875,23067.369140625,23067.369140625,1922600000
2015-10-19,23085.609375,23100.66015625,22913.599609375,23075.609375,23075.609375,1259200000
2015-10-20,22991.599609375,23057.9296875,22843.0390625,22989.220703125,22989.220703125,1217400000
2015-10-22,22795.580078125,22869.58984375,22727.58984375,22845.369140625,22845.369140625,1374100000
2015-10-23,23220.380859375,23220.380859375,23088.029296875,23151.939453125,23151.939453125,1495300000
2015-10-26,23423.640625,23423.640625,23066.939453125,23116.25,23116.25,1465200000
2015-10-27,23053.119140625,23143.880859375,22885.220703125,23142.73046875,23142.73046875,1532500000
2015-10-28,23070.69921875,23120.25,22923.66015625,22956.5703125,22956.5703125,1377100000
2015-10-29,23054.529296875,23054.529296875,22811.3203125,22819.939453125,22819.939453125,1.759e+09
2015-10-30,22785.859375,22847.16015625,22612.560546875,22640.0390625,22640.0390625,1537100000
2015-11-02,22502.279296875,22605.80078125,22332.7109375,22370.0390625,22370.0390625,1688700000
2015-11-03,22603.150390625,22697,22560.169921875,22568.4296875,22568.4296875,1469600000
2015-11-04,22737.439453125,23342.0703125,22737.439453125,23053.5703125,23053.5703125,2604100000
2015-11-05,23045.099609375,23180.26953125,22960.619140625,23051.0390625,23051.0390625,1502700000
2015-11-06,22914.19921875,22922.7890625,22791.91015625,22867.330078125,22867.330078125,1.395e+09
2015-11-09,22753.509765625,22970.830078125,22689.259765625,22726.76953125,22726.76953125,1544900000
2015-11-10,22505.69921875,22534.919921875,22339.689453125,22401.69921875,22401.69921875,1796800000
2015-11-11,22394.150390625,22479.4609375,22324.41015625,22352.169921875,22352.169921875,1419300000
2015-11-12,22477.599609375,22980.970703125,22454.9609375,22888.919921875,22888.919921875,1844300000
2015-11-13,22494.08984375,22519.330078125,22318.619140625,22396.140625,22396.140625,2002500000
2015-11-16,21958.279296875,22127.380859375,21958.279296875,22010.8203125,22010.8203125,1816400000
2015-11-17,22315.1796875,22497.330078125,22243.9609375,22264.25,22264.25,1627700000
2015-11-18,22331.76953125,22349.73046875,22163.279296875,22188.259765625,22188.259765625,1211500000
2015-11-19,22423.880859375,22559.060546875,22416,22500.220703125,22500.220703125,1381500000
2015-11-20,22510.44921875,22790.0703125,22412.029296875,22754.720703125,22754.720703125,1230900000
2015-11-23,22760.05078125,22802.7109375,22619.6796875,22665.900390625,22665.900390625,1.076e+09
2015-11-24,22593.08984375,22629.75,22433.509765625,22587.630859375,22587.630859375,1194800000
2015-11-25,22533.529296875,22617.2109375,22436.009765625,22498,22498,1513200000
2015-11-26,22749.599609375,22787.5,22453.689453125,22488.939453125,22488.939453125,1128400000
2015-11-27,22555.419921875,22555.419921875,22051.009765625,22068.3203125,22068.3203125,2.108e+09
2015-11-30,21974.810546875,22195.25,21907.349609375,21996.419921875,21996.419921875,2928400000
2015-12-01,22197.810546875,22477.509765625,22143.5703125,22381.349609375,22381.349609375,1984300000
2015-12-02,22471.349609375,22563.470703125,22368.66015625,22479.689453125,22479.689453125,1671100000
2015-12-03,22327.0390625,22485.25,22327.0390625,22417.009765625,22417.009765625,1271100000
2015-12-04,22142.109375,22242.490234375,22108.4609375,22235.890625,22235.890625,1607900000
2015-12-07,22336.3203125,22352.25,22200.55078125,22203.220703125,22203.220703125,1290300000
2015-12-08,22058.55078125,22058.55078125,21765.619140625,21905.130859375,21905.130859375,1812300000
2015-12-09,21773.76953125,21872.330078125,21755.689453125,21803.759765625,21803.759765625,1365900000
2015-12-10,21714.23046875,21880.189453125,21668.119140625,21704.609375,21704.609375,1589400000
2015-12-11,21719.169921875,21731.390625,21440.69921875,21464.05078125,21464.05078125,1399100000
2015-12-14,21063.279296875,21378.189453125,21010.259765625,21309.849609375,21309.849609375,1.716e+09
2015-12-15,21215.5390625,21442.2109375,21215.5390625,21274.369140625,21274.369140625,1575300000
2015-12-16,21557.73046875,21772.7890625,21557.73046875,21701.2109375,21701.2109375,1645600000
2015-12-17,21841.08984375,22005.189453125,21763.759765625,21872.060546875,21872.060546875,1.605e+09
2015-12-18,21656.560546875,21956.490234375,21625.8203125,21755.560546875,21755.560546875,1774200000
2015-12-21,21641.169921875,21871.220703125,21641.169921875,21791.6796875,21791.6796875,1302800000
2015-12-22,21846.900390625,21870.310546875,21750.740234375,21830.01953125,21830.01953125,916700000
2015-12-23,21869.400390625,22103.630859375,21846.48046875,22040.58984375,22040.58984375,1053100000
2015-12-24,22207.8203125,22217.44921875,22128.720703125,22138.130859375,22138.130859375,712800000
2015-12-28,22151.73046875,22151.73046875,21880.509765625,21919.619140625,21919.619140625,874100000
2015-12-29,21923.26953125,22024.279296875,21881.7109375,21999.619140625,21999.619140625,766800000
2015-12-30,22094.58984375,22114.560546875,21868.029296875,21882.150390625,21882.150390625,1058900000
2015-12-31,21892.25,21970.330078125,21864.119140625,21914.400390625,21914.400390625,510200000
2016-01-04,21782.619140625,21794.83984375,21227.609375,21327.119140625,21327.119140625,1712100000
2016-01-05,21318.689453125,21452.740234375,21095.900390625,21188.720703125,21188.720703125,1484700000
2016-01-06,21142.630859375,21199.619140625,20947.30078125,20980.810546875,20980.810546875,1651100000
2016-01-07,20772.599609375,20826.439453125,20323.970703125,20333.33984375,20333.33984375,2.982e+09
2016-01-08,20491.880859375,20596.419921875,20324.619140625,20453.7109375,20453.7109375,2078100000
2016-01-11,19997.419921875,20068.779296875,19865.1796875,19888.5,19888.5,2127800000
2016-01-12,20030.029296875,20130.80078125,19694.990234375,19711.759765625,19711.759765625,1834400000
2016-01-13,20028.859375,20234.779296875,19850.73046875,19934.880859375,19934.880859375,1787100000
2016-01-14,19578.919921875,19893.880859375,19509.080078125,19817.41015625,19817.41015625,1783200000
2016-01-15,19781.4609375,19828.9296875,19500.380859375,19520.76953125,19520.76953125,1932600000
2016-01-18,19287.380859375,19439.490234375,19195.560546875,19237.44921875,19237.44921875,2038600000
2016-01-19,19283.5703125,19647.75,19204.220703125,19635.810546875,19635.810546875,1825400000
2016-01-20,19332.220703125,19332.220703125,18833.880859375,18886.30078125,18886.30078125,2459500000
2016-01-21,19079.130859375,19238.26953125,18534.30078125,18542.150390625,18542.150390625,2608400000
2016-01-22,19000.7890625,19152.80078125,18769.609375,19080.509765625,19080.509765625,2388400000
2016-01-25,19341.41015625,19490.26953125,19291.91015625,19340.140625,19340.140625,1776800000
2016-01-26,19068.83984375,19098.0703125,18811.830078125,18860.80078125,18860.80078125,1873200000
2016-01-27,19211.859375,19216.990234375,18931.33984375,19052.44921875,19052.44921875,1929900000
2016-01-28,19093.76953125,19223.58984375,18982.220703125,19195.830078125,19195.830078125,1941800000
2016-01-29,19138.419921875,19709.990234375,19130.58984375,19683.109375,19683.109375,2350200000
2016-02-01,19770.9609375,19770.9609375,19444.259765625,19595.5,19595.5,1596500000
2016-02-02,19474.869140625,19628.5703125,19403.490234375,19446.83984375,19446.83984375,1783500000
2016-02-03,18910.880859375,19032.7109375,18764.8203125,18991.58984375,18991.58984375,2126500000
2016-02-04,19190.359375,19338.369140625,19166.1796875,19183.08984375,19183.08984375,1.557e+09
2016-02-05,19287.359375,19397.880859375,19230,19288.169921875,19288.169921875,1264800000
2016-02-11,18486.9296875,18627.509765625,18446.560546875,18545.80078125,18545.80078125,1868400000
2016-02-12,18278.80078125,18482.330078125,18278.80078125,18319.580078125,18319.580078125,2019800000
2016-02-15,18668.869140625,18937.060546875,18668.869140625,18918.140625,18918.140625,1729300000
2016-02-16,19013.740234375,19260.669921875,18974.599609375,19122.080078125,19122.080078125,1869200000
2016-02-17,19198.1796875,19308.5390625,18909.060546875,18924.5703125,18924.5703125,1689500000
2016-02-18,19409.2109375,19436.390625,19266.220703125,19363.080078125,19363.080078125,1843900000
2016-02-19,19238.4296875,19342.029296875,19210.650390625,19285.5,19285.5,1268700000
2016-02-22,19374.240234375,19524.970703125,19374.240234375,19464.08984375,19464.08984375,1207500000
2016-02-23,19506.939453125,19519.849609375,19328.259765625,19414.779296875,19414.779296875,1.225e+09
2016-02-24,19282.33984375,19360.80078125,19060.16015625,19192.44921875,19192.44921875,1302700000
2016-02-25,19215.490234375,19215.490234375,18867.69921875,18888.75,18888.75,1395900000
2016-02-26,19179.94921875,19436.7109375,19122.560546875,19364.150390625,19364.150390625,1633500000
2016-02-29,19366.169921875,19377.720703125,19053.779296875,19111.9296875,19111.9296875,1270400000
2016-03-01,19259.990234375,19420,19108.30078125,19407.4609375,19407.4609375,1473900000
2016-03-02,19788.169921875,20058.119140625,19783.919921875,20003.490234375,20003.490234375,2455800000
2016-03-03,20082.009765625,20082.009765625,19791.599609375,19941.759765625,19941.759765625,1761700000
2016-03-04,20052.099609375,20200.380859375,19977.4296875,20176.69921875,20176.69921875,1907800000
2016-03-07,20306.08984375,20331.689453125,20095.630859375,20159.720703125,20159.720703125,1930200000
2016-03-08,20132.099609375,20137.73046875,19902.75,20011.580078125,20011.580078125,1449300000
2016-03-09,19898.740234375,20005.41015625,19818.419921875,19996.259765625,19996.259765625,1202800000
2016-03-10,20055.419921875,20184.23046875,19923.5390625,19984.419921875,19984.419921875,1384600000
2016-03-11,19900.669921875,20238.720703125,19853.630859375,20199.599609375,20199.599609375,1970700000
2016-03-14,20371.58984375,20512.029296875,20328.880859375,20435.33984375,20435.33984375,1722900000
2016-03-15,20298.150390625,20366.560546875,20254.58984375,20288.76953125,20288.76953125,1193100000
2016-03-16,20339.900390625,20383.19921875,20168.740234375,20257.69921875,20257.69921875,1213700000
2016-03-17,20580.060546875,20619.33984375,20435.650390625,20503.810546875,20503.810546875,1.696e+09
2016-03-18,20599.189453125,20687.970703125,20514.970703125,20671.630859375,20671.630859375,2091600000
2016-03-21,20738.25,20772.4609375,20618.560546875,20684.150390625,20684.150390625,1520100000
2016-03-22,20765.0703125,20765.0703125,20576.80078125,20666.75,20666.75,1303400000
2016-03-23,20629.400390625,20693.48046875,20513.609375,20615.23046875,20615.23046875,1185400000
2016-03-24,20450.689453125,20499.400390625,20268.529296875,20345.609375,20345.609375,1460900000
2016-03-29,20386.3203125,20386.3203125,20250.150390625,20366.30078125,20366.30078125,1303900000
2016-03-30,20545.439453125,20820.73046875,20541.0703125,20803.390625,20803.390625,2058700000
2016-03-31,20811.4609375,20872.55078125,20689.220703125,20776.69921875,20776.69921875,1.781e+09
2016-04-01,20786.1796875,20786.1796875,20455.41015625,20498.919921875,20498.919921875,1633600000
2016-04-05,20311.859375,20311.859375,20116.869140625,20177,20177,1876700000
2016-04-06,20100,20249.83984375,20100,20206.669921875,20206.669921875,1338300000
2016-04-07,20297.8203125,20370.51953125,20165.759765625,20266.05078125,20266.05078125,1493900000
2016-04-08,20061.599609375,20370.439453125,20045.470703125,20370.400390625,20370.400390625,1435600000
2016-04-11,20255.83984375,20550.94921875,20240.689453125,20440.810546875,20440.810546875,1234200000
2016-04-12,20440.720703125,20546.4296875,20407.8203125,20504.439453125,20504.439453125,997100000
2016-04-13,20739.33984375,21171.2890625,20716.91015625,21158.7109375,21158.7109375,2500300000
2016-04-14,21456.609375,21511.080078125,21266.2109375,21337.810546875,21337.810546875,2054300000
2016-04-15,21374.650390625,21423.060546875,21234.119140625,21316.470703125,21316.470703125,1413600000
2016-04-18,21129.6796875,21172,21002.76953125,21161.5,21161.5,1426800000
2016-04-19,21438.130859375,21459.0390625,21259.169921875,21436.2109375,21436.2109375,1462100000
2016-04-20,21452.8203125,21452.8203125,21103.33984375,21236.310546875,21236.310546875,1716700000
2016-04-21,21406.400390625,21634.740234375,21331.58984375,21622.25,21622.25,1709100000
2016-04-22,21448.150390625,21495.7890625,21358.529296875,21467.0390625,21467.0390625,1282700000
2016-04-25,21408.560546875,21430.5703125,21254.4609375,21304.439453125,21304.439453125,1.2e+09
2016-04-26,21380.01953125,21419.919921875,21080.880859375,21407.26953125,21407.26953125,1346800000
2016-04-27,21372.330078125,21442.509765625,21277.0390625,21361.599609375,21361.599609375,1247200000
2016-04-28,21488.9609375,21654.0703125,21255.419921875,21388.029296875,21388.029296875,1684200000
2016-04-29,21215.19921875,21235.390625,21023.76953125,21067.05078125,21067.05078125,1603100000
2016-05-03,21061.76953125,21061.76953125,20668.369140625,20676.939453125,20676.939453125,1707700000
2016-05-04,20556.5,20580.380859375,20411.41015625,20525.830078125,20525.830078125,1555900000
2016-05-05,20363.859375,20534.759765625,20342.75,20449.8203125,20449.8203125,1.355e+09
2016-05-06,20357.44921875,20377.939453125,20058.76953125,20109.869140625,20109.869140625,1725800000
2016-05-09,20279.900390625,20303.189453125,20125.779296875,20156.810546875,20156.810546875,1323300000
2016-05-10,19962.4296875,20294.4609375,19962.4296875,20242.6796875,20242.6796875,1446900000
2016-05-11,20347.759765625,20347.759765625,20008.919921875,20055.2890625,20055.2890625,1337900000
2016-05-12,20100.5,20100.5,19863.619140625,19915.4609375,19915.4609375,1150400000
2016-05-13,19843.490234375,19881.91015625,19594.609375,19719.2890625,19719.2890625,1758500000
2016-05-16,19711.76953125,19998.759765625,19705.91015625,19883.94921875,19883.94921875,1486100000
2016-05-17,19987.240234375,20145.76953125,19847.69921875,20118.80078125,20118.80078125,1568700000
2016-05-18,19862.419921875,19923.830078125,19749.2890625,19826.41015625,19826.41015625,1351600000
2016-05-19,19729.630859375,19793.4609375,19646.349609375,19694.330078125,19694.330078125,1148100000
2016-05-20,19631.7109375,19954.330078125,19631.7109375,19852.19921875,19852.19921875,1247700000
2016-05-23,19788.130859375,19955.029296875,19750.619140625,19809.029296875,19809.029296875,1086600000
2016-05-24,19828.01953125,19870.16015625,19712.669921875,19830.4296875,19830.4296875,1174100000
2016-05-25,20156.759765625,20379.66015625,20156.759765625,20368.05078125,20368.05078125,2040800000
2016-05-26,20373.48046875,20404.73046875,20249.9609375,20397.109375,20397.109375,1.347e+09
2016-05-27,20425,20620.150390625,20290.83984375,20576.76953125,20576.76953125,1611400000
2016-05-30,20523.669921875,20765.609375,20465.83984375,20629.390625,20629.390625,1.793e+09
2016-05-31,20617.330078125,20974.7109375,20617.330078125,20815.08984375,20815.08984375,3129600000
2016-06-01,20726.529296875,20898.44921875,20713.2890625,20760.98046875,20760.98046875,1422300000
2016-06-02,20769.810546875,20878.2109375,20680.650390625,20859.220703125,20859.220703125,1988200000
2016-06-03,20956.080078125,21049.19921875,20887.7890625,20947.240234375,20947.240234375,1869300000
2016-06-06,20971.130859375,21039.869140625,20840.94921875,21030.220703125,21030.220703125,1431200000
2016-06-07,21218.9609375,21351.330078125,21153.6796875,21328.240234375,21328.240234375,1820200000
2016-06-08,21294.26953125,21352.369140625,21179.94921875,21297.880859375,21297.880859375,1506500000
2016-06-10,21240.080078125,21270.619140625,21017.98046875,21042.640625,21042.640625,1640600000
2016-06-13,20647.509765625,20664.58984375,20430.810546875,20512.990234375,20512.990234375,2083400000
2016-06-14,20476.75,20537.919921875,20358.939453125,20387.529296875,20387.529296875,1498700000
2016-06-15,20161.009765625,20553.580078125,20161.009765625,20467.51953125,20467.51953125,1729100000
2016-06-16,20284.91015625,20297.400390625,19964.369140625,20038.419921875,20038.419921875,1901900000
2016-06-17,20244.23046875,20282.0390625,20090.80078125,20169.98046875,20169.98046875,2193600000
2016-06-20,20425.060546875,20551.01953125,20288.490234375,20510.19921875,20510.19921875,1565800000
2016-06-21,20522.359375,20681.7890625,20516.73046875,20668.439453125,20668.439453125,1.609e+09
2016-06-22,20553.939453125,20841.509765625,20515.25,20795.119140625,20795.119140625,1835900000
2016-06-23,20862.58984375,20889.05078125,20753.939453125,20868.33984375,20868.33984375,1663900000
2016-06-24,20483.509765625,21034.1796875,19662.69921875,20259.130859375,20259.130859375,3953300000
2016-06-27,19982.66015625,20329.16015625,19969.470703125,20227.30078125,20227.30078125,1789700000
2016-06-28,19898.75,20196.19921875,19898.75,20172.4609375,20172.4609375,1.92e+09
2016-06-29,20217.0703125,20456.580078125,20217.0703125,20436.119140625,20436.119140625,1566200000
2016-06-30,20736.849609375,20828.029296875,20614.650390625,20794.369140625,20794.369140625,2032800000
2016-07-04,20967.470703125,21166.01953125,20840.640625,21059.19921875,21059.19921875,1838300000
2016-07-05,20919.51953125,20945.98046875,20737.16015625,20750.720703125,20750.720703125,1225400000
2016-07-06,20475.400390625,20560.060546875,20304.390625,20495.2890625,20495.2890625,1633200000
2016-07-07,20606.6796875,20731.119140625,20576.740234375,20706.919921875,20706.919921875,1125400000
2016-07-08,20622.830078125,20645.58984375,20468.529296875,20564.169921875,20564.169921875,1194800000
2016-07-11,20951.169921875,20972.849609375,20840,20880.5,20880.5,1998700000
2016-07-12,21046.939453125,21252.640625,20957.259765625,21224.740234375,21224.740234375,1970600000
2016-07-13,21356.640625,21441.23046875,21279.76953125,21322.369140625,21322.369140625,1825200000
2016-07-14,21297.5390625,21581.419921875,21242.9296875,21561.060546875,21561.060546875,1.94e+09
2016-07-15,21589.080078125,21739.2109375,21515.349609375,21659.25,21659.25,1784800000
2016-07-18,21656.880859375,21822,21616.16015625,21803.1796875,21803.1796875,1368800000
2016-07-19,21734.33984375,21767.880859375,21612.599609375,21673.19921875,21673.19921875,1257300000
2016-07-20,21646.390625,21895.23046875,21632.509765625,21882.48046875,21882.48046875,1417300000
2016-07-21,21971.970703125,22118.220703125,21913.16015625,22000.490234375,22000.490234375,1569800000
2016-07-22,21913.0390625,21972.869140625,21832.4296875,21964.26953125,21964.26953125,1.121e+09
2016-07-25,22071.76953125,22071.76953125,21878.880859375,21993.439453125,21993.439453125,1.19e+09
2016-07-26,21890.890625,22300.509765625,21890.890625,22129.73046875,22129.73046875,1938300000
2016-07-27,22193.310546875,22277.240234375,21997.880859375,22218.990234375,22218.990234375,1958400000
2016-07-28,22134.119140625,22214.720703125,22053.509765625,22174.33984375,22174.33984375,1611100000
2016-07-29,22055.94921875,22152.75,21830.4609375,21891.369140625,21891.369140625,1745500000
2016-08-01,22027.650390625,22260.94921875,22027.650390625,22129.140625,22129.140625,1.816e+09
2016-08-02,NA,NA,NA,NA,NA,NA
2016-08-03,21743.3203125,21822.220703125,21725.380859375,21739.119140625,21739.119140625,1685400000
2016-08-04,21873.359375,21922.419921875,21788.310546875,21832.23046875,21832.23046875,1019500000
2016-08-05,21961.05078125,22193.2890625,21961.05078125,22146.08984375,22146.08984375,1.164e+09
2016-08-08,22324.1796875,22503.279296875,22260.0703125,22494.759765625,22494.759765625,1.409e+09
2016-08-09,22464.099609375,22496.75,22402.91015625,22465.609375,22465.609375,1306300000
2016-08-10,22511.099609375,22618.0390625,22399.2890625,22492.4296875,22492.4296875,1564500000
2016-08-11,22412.310546875,22689.939453125,22359.919921875,22580.55078125,22580.55078125,2356800000
2016-08-12,22788.880859375,22816.75,22704.05078125,22766.91015625,22766.91015625,2.316e+09
2016-08-15,22765.23046875,22975.740234375,22765.23046875,22932.509765625,22932.509765625,2496300000
2016-08-16,23008.08984375,23084.51953125,22841.66015625,22910.83984375,22910.83984375,2005600000
2016-08-17,22995.509765625,23029.48046875,22775.869140625,22799.779296875,22799.779296875,2081300000
2016-08-18,23046.689453125,23193.900390625,22976.109375,23023.16015625,23023.16015625,2328400000
2016-08-19,23153.740234375,23153.740234375,22875.560546875,22937.220703125,22937.220703125,2095500000
2016-08-22,22941.529296875,23005.16015625,22792.419921875,22997.91015625,22997.91015625,1720700000
2016-08-23,22927.470703125,22998.9296875,22854.349609375,22998.9296875,22998.9296875,1521200000
2016-08-24,23010.630859375,23036.0703125,22702.609375,22820.779296875,22820.779296875,1770200000
2016-08-25,22814.369140625,22898.119140625,22735.029296875,22814.94921875,22814.94921875,1580800000
2016-08-26,22827.220703125,22997.400390625,22827.220703125,22909.5390625,22909.5390625,1600100000
2016-08-29,22904.19921875,22922.6796875,22762.73046875,22821.33984375,22821.33984375,1262600000
2016-08-30,22945.080078125,23073.51953125,22898.779296875,23016.109375,23016.109375,1586800000
2016-08-31,23043.080078125,23063.150390625,22939.869140625,22976.880859375,22976.880859375,1874200000
2016-09-01,22897.16015625,23193.029296875,22843.419921875,23162.33984375,23162.33984375,2106500000
2016-09-02,23157.009765625,23306.48046875,23152.7890625,23266.69921875,23266.69921875,2510500000
2016-09-05,23576.310546875,23688.41015625,23530.359375,23649.55078125,23649.55078125,1915400000
2016-09-06,23683.279296875,23787.6796875,23548.55078125,23787.6796875,23787.6796875,1830900000
2016-09-07,23785.23046875,23830.75,23695.6796875,23741.810546875,23741.810546875,1939700000
2016-09-08,23704.359375,23928.9296875,23663.58984375,23919.33984375,23919.33984375,1686700000
2016-09-09,23924.76953125,24364,23914.73046875,24099.69921875,24099.69921875,2771700000
2016-09-12,23596.029296875,23625.369140625,23290.599609375,23290.599609375,23290.599609375,2533500000
2016-09-13,23564.130859375,23652.41015625,23196.490234375,23215.759765625,23215.759765625,1616700000
2016-09-14,23225.580078125,23371.529296875,23155.73046875,23190.640625,23190.640625,1473700000
2016-09-15,23237.19921875,23471.48046875,23194.369140625,23335.58984375,23335.58984375,1699900000
2016-09-19,23486.619140625,23625.919921875,23394.94921875,23550.44921875,23550.44921875,2052800000
2016-09-20,23494.009765625,23556.060546875,23397.130859375,23530.859375,23530.859375,1483500000
2016-09-21,23522.859375,23729.01953125,23436.23046875,23669.900390625,23669.900390625,1627400000
2016-09-22,23920.1796875,24058.650390625,23683.580078125,23759.80078125,23759.80078125,2.332e+09
2016-09-23,23836.599609375,23846.7109375,23628.640625,23686.48046875,23686.48046875,1872900000
2016-09-26,23554.830078125,23563.5,23276.130859375,23317.919921875,23317.919921875,1652800000
2016-09-27,23356.029296875,23646.029296875,23295.05078125,23571.900390625,23571.900390625,1816400000
2016-09-28,23455.73046875,23619.650390625,23370.439453125,23619.650390625,23619.650390625,1524400000
2016-09-29,23828.599609375,23828.599609375,23607.990234375,23739.470703125,23739.470703125,1606100000
2016-09-30,23435.2890625,23484.369140625,23239.359375,23297.150390625,23297.150390625,1674800000
2016-10-03,23652.830078125,23698.30078125,23500.7109375,23584.4296875,23584.4296875,953400000
2016-10-04,23665.349609375,23689.439453125,23518.560546875,23689.439453125,23689.439453125,1008200000
2016-10-05,23619.91015625,23847.4609375,23566.220703125,23788.310546875,23788.310546875,1304600000
2016-10-06,23859.41015625,24004.08984375,23826.44921875,23952.5,23952.5,1721500000
2016-10-07,23948.94921875,23948.94921875,23770.140625,23851.8203125,23851.8203125,1137800000
2016-10-11,24013.83984375,24064.5,23441.0703125,23549.51953125,23549.51953125,2157300000
2016-10-12,23386.919921875,23444.669921875,23267.630859375,23407.05078125,23407.05078125,1839700000
2016-10-13,23300.380859375,23347.970703125,23006.119140625,23031.30078125,23031.30078125,1957400000
2016-10-14,23119.9609375,23318.359375,23087.140625,23233.310546875,23233.310546875,1500800000
2016-10-17,23164.5390625,23177.189453125,22978.009765625,23037.5390625,23037.5390625,1121500000
2016-10-18,23130.19921875,23402.890625,23130.19921875,23394.390625,23394.390625,1423500000
2016-10-19,23393.80078125,23445.560546875,23234.669921875,23304.970703125,23304.970703125,1009900000
2016-10-20,23412.6796875,23500.8203125,23360.55078125,23374.400390625,23374.400390625,1091100000
2016-10-21,NA,NA,NA,NA,NA,NA
2016-10-24,23431.630859375,23620.08984375,23235.609375,23604.080078125,23604.080078125,1804800000
2016-10-25,23581.689453125,23631.33984375,23506.640625,23565.109375,23565.109375,1182900000
2016-10-26,23396.140625,23464.029296875,23310.23046875,23325.4296875,23325.4296875,1029300000
2016-10-27,23347.189453125,23352.619140625,23002.529296875,23132.349609375,23132.349609375,1551900000
2016-10-28,23088.830078125,23157.73046875,22847.73046875,22954.810546875,22954.810546875,1.215e+09
2016-10-31,22845.8203125,23045.529296875,22775.2890625,22934.5390625,22934.5390625,1297900000
2016-11-01,23015.060546875,23268.05078125,23015.060546875,23147.0703125,23147.0703125,1.538e+09
2016-11-02,22946.060546875,22956.849609375,22785.349609375,22810.5,22810.5,1054500000
2016-11-03,22708.55078125,22855.009765625,22683.509765625,22683.509765625,22683.509765625,1132700000
2016-11-04,22611.5390625,22771.609375,22587.58984375,22642.619140625,22642.619140625,1014400000
2016-11-07,22682.7109375,22867.240234375,22623.83984375,22801.400390625,22801.400390625,1376900000
2016-11-08,22981.91015625,22996.970703125,22820.390625,22909.470703125,22909.470703125,1015200000
2016-11-09,23048.3203125,23048.3203125,21957.7109375,22415.189453125,22415.189453125,3548400000
2016-11-10,22848.740234375,22918.33984375,22777.509765625,22839.109375,22839.109375,1.595e+09
2016-11-11,22622.4609375,22673.310546875,22442.75,22531.08984375,22531.08984375,2105400000
2016-11-14,22344.23046875,22359.009765625,22118.869140625,22222.220703125,22222.220703125,1910100000
2016-11-15,22270.900390625,22411.119140625,22254.08984375,22323.91015625,22323.91015625,1461400000
2016-11-16,22439.98046875,22499.390625,22280.529296875,22280.529296875,22280.529296875,1609800000
2016-11-17,22170.0703125,22367.470703125,22114.01953125,22262.880859375,22262.880859375,1355400000
2016-11-18,22239.23046875,22374.359375,22146.880859375,22344.2109375,22344.2109375,1128800000
2016-11-21,22313.0390625,22480.75,22227.80078125,22357.779296875,22357.779296875,1370600000
2016-11-22,22491.7109375,22719.419921875,22484.599609375,22678.0703125,22678.0703125,1851300000
2016-11-23,22702.41015625,22804.259765625,22640.94921875,22676.689453125,22676.689453125,1764200000
2016-11-24,22574.8203125,22647.380859375,22487.5390625,22608.490234375,22608.490234375,1138100000
2016-11-25,22609.220703125,22764.33984375,22589.529296875,22723.44921875,22723.44921875,1385300000
2016-11-28,22738.939453125,22964.01953125,22738.939453125,22830.5703125,22830.5703125,1816300000
2016-11-29,22739.509765625,22868.140625,22724.58984375,22737.0703125,22737.0703125,1.695e+09
2016-11-30,22842.359375,22889.470703125,22755,22789.76953125,22789.76953125,2062900000
2016-12-01,22948.650390625,23012.279296875,22837.529296875,22878.23046875,22878.23046875,2119600000
2016-12-02,22736.83984375,22756.009765625,22559.19921875,22564.8203125,22564.8203125,2479100000
2016-12-05,22580.75,22628.130859375,22375.279296875,22505.55078125,22505.55078125,1.626e+09
2016-12-06,22694.26953125,22746.669921875,22625.3203125,22675.150390625,22675.150390625,1261700000
2016-12-07,22805.130859375,22843.009765625,22708.880859375,22800.919921875,22800.919921875,1110500000
2016-12-08,23027.380859375,23076.240234375,22817.3203125,22861.83984375,22861.83984375,1711700000
2016-12-09,22765.83984375,22813.849609375,22660.220703125,22760.98046875,22760.98046875,1.576e+09
2016-12-12,22860.26953125,22863.609375,22375.580078125,22433.01953125,22433.01953125,2014500000
2016-12-13,22407.619140625,22458.419921875,22292.650390625,22446.69921875,22446.69921875,1723200000
2016-12-14,22596.7109375,22627.599609375,22456.619140625,22456.619140625,22456.619140625,1821100000
2016-12-15,22257.7109375,22305.0703125,21999.30078125,22059.400390625,22059.400390625,2505700000
2016-12-16,21996.380859375,22155.140625,21965.6796875,22020.75,22020.75,1899700000
2016-12-19,21945.83984375,21955.939453125,21786.560546875,21832.6796875,21832.6796875,1328500000
2016-12-20,21767.609375,21873.560546875,21667.189453125,21729.060546875,21729.060546875,1297200000
2016-12-21,21770.890625,21910.390625,21755.849609375,21809.80078125,21809.80078125,1206800000
2016-12-22,21800.220703125,21822.1796875,21594.580078125,21636.19921875,21636.19921875,1434700000
2016-12-23,21553.779296875,21601.0703125,21491.830078125,21574.759765625,21574.759765625,1775500000
2016-12-28,21562.69921875,21811.9609375,21488.8203125,21754.740234375,21754.740234375,2173200000
2016-12-29,21591.0390625,21810.400390625,21587.0703125,21790.91015625,21790.91015625,1875100000
2016-12-30,21818.91015625,22069.619140625,21818.91015625,22000.560546875,22000.560546875,2396700000
2017-01-03,21993.359375,22189.310546875,21883.8203125,22150.400390625,22150.400390625,1302400000
2017-01-04,22201.080078125,22228.060546875,22076.630859375,22134.470703125,22134.470703125,1437700000
2017-01-05,22302.640625,22483.009765625,22230.310546875,22456.689453125,22456.689453125,1830700000
2017-01-06,22583.2890625,22605.66015625,22445.779296875,22503.009765625,22503.009765625,1.39e+09
2017-01-09,22561.109375,22626.4296875,22476.349609375,22558.689453125,22558.689453125,1303500000
2017-01-10,22561.169921875,22744.849609375,22549.859375,22744.849609375,22744.849609375,1422500000
2017-01-11,22816.009765625,22944.580078125,22767.369140625,22935.349609375,22935.349609375,1554100000
2017-01-12,22956.439453125,22971.490234375,22751.669921875,22829.01953125,22829.01953125,1454700000
2017-01-13,22879.5703125,22971.44921875,22859.279296875,22937.380859375,22937.380859375,1371800000
2017-01-16,22895.359375,22908.859375,22657.349609375,22718.150390625,22718.150390625,1313400000
2017-01-17,22819.869140625,22867.83984375,22710.9296875,22840.970703125,22840.970703125,1019600000
2017-01-18,22889.330078125,23151.75,22882.01953125,23098.259765625,23098.259765625,1689300000
2017-01-19,23104.349609375,23104.349609375,22941.9609375,23049.9609375,23049.9609375,1174100000
2017-01-20,22966.529296875,22987.6796875,22858.25,22885.91015625,22885.91015625,1207500000
2017-01-23,22926.30078125,23068.080078125,22861.2890625,22898.51953125,22898.51953125,1068400000
2017-01-24,22965.25,22986.44921875,22907.779296875,22949.859375,22949.859375,1462900000
2017-01-25,23066.400390625,23066.400390625,22961.380859375,23049.119140625,23049.119140625,1185800000
2017-01-26,23173.4609375,23386.41015625,23145.310546875,23374.169921875,23374.169921875,1856600000
2017-01-27,23339.150390625,23397.08984375,23307.05078125,23360.779296875,23360.779296875,777900000
2017-02-01,23211.880859375,23318.390625,23082.619140625,23318.390625,23318.390625,1.515e+09
2017-02-02,23309.4609375,23439.01953125,23131.369140625,23184.51953125,23184.51953125,987800000
2017-02-03,23216.970703125,23226.919921875,22997.4609375,23129.2109375,23129.2109375,1339300000
2017-02-06,23239.2890625,23348.240234375,23149.69921875,23348.240234375,23348.240234375,1439900000
2017-02-07,23287.890625,23403.599609375,23256.689453125,23331.5703125,23331.5703125,1523400000
2017-02-08,23284.759765625,23520.76953125,23160.990234375,23485.130859375,23485.130859375,2601100000
2017-02-09,23533.51953125,23644.630859375,23489.650390625,23525.140625,23525.140625,2.741e+09
2017-02-10,23645.900390625,23718.470703125,23573.849609375,23574.98046875,23574.98046875,2143200000
2017-02-13,23664.529296875,23751.919921875,23615.390625,23710.98046875,23710.98046875,1990300000
2017-02-14,23695.2890625,23735.109375,23614.470703125,23703.009765625,23703.009765625,1957100000
2017-02-15,23771.94921875,24067.619140625,23771.94921875,23994.869140625,23994.869140625,3843900000
2017-02-16,24139.310546875,24161.390625,23969.5703125,24107.69921875,24107.69921875,3806700000
2017-02-17,24077.869140625,24106.33984375,23944.6796875,24033.740234375,24033.740234375,2302700000
2017-02-20,24066,24202.33984375,24022.150390625,24146.080078125,24146.080078125,1.937e+09
2017-02-21,24174.109375,24213.640625,23909.150390625,23963.630859375,23963.630859375,1839900000
2017-02-22,24059.08984375,24201.9609375,23999.55078125,24201.9609375,24201.9609375,2230100000
2017-02-23,24122.1796875,24216.529296875,24046.91015625,24114.859375,24114.859375,1.881e+09
2017-02-24,24115.609375,24121.91015625,23958.130859375,23965.69921875,23965.69921875,1750700000
2017-02-27,23941.810546875,24067.6796875,23822.880859375,23925.05078125,23925.05078125,1727500000
2017-02-28,23952.640625,24007.810546875,23740.73046875,23740.73046875,23740.73046875,1666200000
2017-03-01,23849.220703125,23857.279296875,23730.05078125,23776.490234375,23776.490234375,1648800000
2017-03-02,24044.48046875,24080.869140625,23694.330078125,23728.0703125,23728.0703125,2111400000
2017-03-03,23618.359375,23635.240234375,23511.599609375,23552.720703125,23552.720703125,2.388e+09
2017-03-06,23600.490234375,23691.05078125,23574.279296875,23596.279296875,23596.279296875,1442700000
2017-03-07,23630.349609375,23728,23585.76953125,23681.0703125,23681.0703125,1282700000
2017-03-08,23627.279296875,23816.23046875,23563.140625,23782.26953125,23782.26953125,1823200000
2017-03-09,23667.76953125,23673.580078125,23456.060546875,23501.560546875,23501.560546875,1781300000
2017-03-10,23534.98046875,23603.76953125,23438.859375,23568.669921875,23568.669921875,1534100000
2017-03-13,23643.30078125,23877.58984375,23567.9296875,23829.669921875,23829.669921875,2016200000
2017-03-14,23871,23918.119140625,23768.33984375,23827.94921875,23827.94921875,1857200000
2017-03-15,23705.0703125,23842.810546875,23645.509765625,23792.849609375,23792.849609375,1352400000
2017-03-16,24101.98046875,24288.279296875,24003.75,24288.279296875,24288.279296875,2576700000
2017-03-17,24376.130859375,24385.810546875,24237.970703125,24309.9296875,24309.9296875,2512700000
2017-03-20,24312.5703125,24501.990234375,24312.5703125,24501.990234375,24501.990234375,1716700000
2017-03-21,24565.73046875,24656.650390625,24500.349609375,24593.119140625,24593.119140625,2055200000
2017-03-22,24336.330078125,24380.419921875,24207.099609375,24320.41015625,24320.41015625,2136600000
2017-03-23,24381.0390625,24466.73046875,24271.259765625,24327.69921875,24327.69921875,1795500000
2017-03-24,24396.41015625,24420.76953125,24263.169921875,24358.26953125,24358.26953125,1784300000
2017-03-27,24235.689453125,24434.900390625,24138.779296875,24193.69921875,24193.69921875,1730300000
2017-03-28,24329.169921875,24360,24274.51953125,24345.869140625,24345.869140625,1506200000
2017-03-29,24470.66015625,24470.66015625,24330.69921875,24392.05078125,24392.05078125,1.835e+09
2017-03-30,24429.119140625,24431.119140625,24250.400390625,24301.08984375,24301.08984375,1768900000
2017-03-31,24305.529296875,24329.98046875,24105.380859375,24111.58984375,24111.58984375,1733200000
2017-04-03,24236.560546875,24261.48046875,24162.55078125,24261.48046875,24261.48046875,1.709e+09
2017-04-05,24370.94921875,24400.80078125,24166.009765625,24400.80078125,24400.80078125,2697900000
2017-04-06,24310.41015625,24381.630859375,24210.689453125,24273.720703125,24273.720703125,1722200000
2017-04-07,24247.009765625,24268.390625,23982.400390625,24267.30078125,24267.30078125,2.253e+09
2017-04-10,24302.009765625,24314.66015625,24215.5390625,24262.1796875,24262.1796875,1.194e+09
2017-04-11,24280.869140625,24318.150390625,24007.849609375,24088.4609375,24088.4609375,1803300000
2017-04-12,24068.91015625,24313.5,23994.130859375,24313.5,24313.5,1534900000
2017-04-13,24173.419921875,24378.380859375,24158.16015625,24261.66015625,24261.66015625,1334100000
2017-04-18,24268.169921875,24276.310546875,23892.58984375,23924.5390625,23924.5390625,1552800000
2017-04-19,23875.98046875,23893.140625,23723.869140625,23825.880859375,23825.880859375,1568300000
2017-04-20,23851.01953125,24058.869140625,23827.0703125,24056.98046875,24056.98046875,1512900000
2017-04-21,24143.0390625,24190.140625,23991.869140625,24042.01953125,24042.01953125,1.346e+09
2017-04-24,24185.759765625,24206.439453125,23958.1796875,24139.48046875,24139.48046875,1338100000
2017-04-25,24204.779296875,24455.939453125,24201.91015625,24455.939453125,24455.939453125,1880700000
2017-04-26,24563.25,24637.849609375,24515.23046875,24578.4296875,24578.4296875,1668700000
2017-04-27,24663.099609375,24717.439453125,24455.119140625,24698.48046875,24698.48046875,1.567e+09
2017-04-28,24691.2890625,24697.029296875,24563.76953125,24615.130859375,24615.130859375,1181600000
2017-05-02,24773.80078125,24773.80078125,24577.330078125,24696.130859375,24696.130859375,1605800000
2017-05-04,24680.44921875,24683.880859375,24530.9296875,24683.880859375,24683.880859375,1760200000
2017-05-05,24625.349609375,24634.279296875,24358.720703125,24476.349609375,24476.349609375,2024200000
2017-05-08,24604.2890625,24624.2109375,24476.19921875,24577.91015625,24577.91015625,1357900000
2017-05-09,24656.94921875,24889.830078125,24548.970703125,24889.029296875,24889.029296875,1381100000
2017-05-10,24931.8203125,25164.970703125,24931.8203125,25015.419921875,25015.419921875,2297600000
2017-05-11,25101.529296875,25203.5390625,25024.759765625,25125.55078125,25125.55078125,1642600000
2017-05-12,25126.48046875,25211.279296875,25087.3203125,25156.33984375,25156.33984375,1417400000
2017-05-15,25233.310546875,25385.720703125,25213.470703125,25371.58984375,25371.58984375,2212700000
2017-05-16,25413.349609375,25413.349609375,25228.4609375,25335.939453125,25335.939453125,1797600000
2017-05-17,25355.759765625,25374.94921875,25245.439453125,25293.630859375,25293.630859375,1512400000
2017-05-18,25034.189453125,25263.810546875,25025.05078125,25136.51953125,25136.51953125,1677300000
2017-05-19,25171.66015625,25266.220703125,25124.060546875,25174.869140625,25174.869140625,1312800000
2017-05-22,25318.2890625,25450.0390625,25201.33984375,25391.33984375,25391.33984375,1410600000
2017-05-23,25415.5703125,25486.98046875,25307.26953125,25403.150390625,25403.150390625,1758700000
2017-05-24,25382.259765625,25428.5,25296.66015625,25428.5,25428.5,1409900000
2017-05-25,25511.4609375,25680.669921875,25491.779296875,25630.779296875,25630.779296875,1890800000
2017-05-26,25670.98046875,25724.400390625,25588.69921875,25639.26953125,25639.26953125,1453700000
2017-05-29,25672.400390625,25744.720703125,25579.150390625,25701.630859375,25701.630859375,1077800000
2017-05-31,25706.44921875,25817.94921875,25650.060546875,25660.650390625,25660.650390625,2997900000
2017-06-01,25736.349609375,25834.75,25614.609375,25809.220703125,25809.220703125,2017100000
2017-06-02,25926.060546875,25973,25851.849609375,25924.05078125,25924.05078125,1990200000
2017-06-05,25976.359375,25998.66015625,25801.83984375,25862.990234375,25862.990234375,1766200000
2017-06-06,25819.529296875,26019.009765625,25805.01953125,25997.140625,25997.140625,1540400000
2017-06-07,26025.2109375,26073.439453125,25898.8203125,25974.16015625,25974.16015625,1999500000
2017-06-08,25974,26069.98046875,25923.2109375,26063.060546875,26063.060546875,1633500000
2017-06-09,26090.330078125,26090.330078125,25922.6796875,26030.2890625,26030.2890625,2889400000
2017-06-12,25925.44921875,25957.779296875,25689.23046875,25708.0390625,25708.0390625,1614700000
2017-06-13,25826.51953125,25883.220703125,25722.630859375,25852.099609375,25852.099609375,1316400000
2017-06-14,25915.4609375,25915.4609375,25713.01953125,25875.900390625,25875.900390625,1449800000
2017-06-15,25772.279296875,25772.279296875,25565.33984375,25565.33984375,25565.33984375,1658100000
2017-06-16,25601.810546875,25719.970703125,25557.80078125,25626.490234375,25626.490234375,1699400000
2017-06-19,25736.19921875,25939.720703125,25735.0703125,25924.55078125,25924.55078125,1116100000
2017-06-20,26028.4296875,26043.099609375,25833.9296875,25843.0390625,25843.0390625,1251600000
2017-06-21,25752.26953125,25846.51953125,25575.98046875,25694.580078125,25694.580078125,1699900000
2017-06-22,25597.4609375,25867.939453125,25597.4609375,25674.529296875,25674.529296875,1.554e+09
2017-06-23,25724.279296875,25770.369140625,25648.76953125,25670.05078125,25670.05078125,1302600000
2017-06-26,25727.9296875,25875.48046875,25720.380859375,25871.890625,25871.890625,1206200000
2017-06-27,25911.19921875,25929.609375,25780.689453125,25839.990234375,25839.990234375,1.183e+09
2017-06-28,25735.2109375,25821.359375,25625.7109375,25683.5,25683.5,1652900000
2017-06-29,25872.9296875,25965.419921875,25814.80078125,25965.419921875,25965.419921875,1748400000
2017-06-30,25679.640625,25816.25,25661.4296875,25764.580078125,25764.580078125,1616900000
2017-07-03,25654.76953125,25821.390625,25654.76953125,25784.169921875,25784.169921875,1.505e+09
2017-07-04,25782.849609375,25838.26953125,25251.720703125,25389.009765625,25389.009765625,2402100000
2017-07-05,25354.380859375,25559.1796875,25199.859375,25521.970703125,25521.970703125,1868200000
2017-07-06,25574.5703125,25599.69921875,25436.830078125,25465.220703125,25465.220703125,1494500000
2017-07-07,25377.2109375,25409.900390625,25315.91015625,25340.849609375,25340.849609375,1480500000
2017-07-10,25392.029296875,25622.75,25331.94921875,25500.060546875,25500.060546875,1743500000
2017-07-11,25605.189453125,25941.470703125,25596.2109375,25877.640625,25877.640625,2230900000
2017-07-12,25991.349609375,26147.30078125,25991.349609375,26043.640625,26043.640625,2695400000
2017-07-13,26340.2890625,26383.759765625,26255.310546875,26346.169921875,26346.169921875,1971700000
2017-07-14,26416.6796875,26416.6796875,26295.990234375,26389.23046875,26389.23046875,1744800000
2017-07-17,26572.919921875,26618.66015625,26353.830078125,26470.580078125,26470.580078125,1837400000
2017-07-18,26489.51953125,26540.169921875,26381.140625,26524.939453125,26524.939453125,1872300000
2017-07-19,26561.810546875,26682.640625,26541.560546875,26672.16015625,26672.16015625,1346800000
2017-07-20,26770.48046875,26794.1796875,26632.98046875,26740.2109375,26740.2109375,1408300000
2017-07-21,26777.439453125,26778.419921875,26663.25,26706.08984375,26706.08984375,1502400000
2017-07-24,26720.0390625,26882,26674.5,26846.830078125,26846.830078125,1532500000
2017-07-25,26847.580078125,26889.69921875,26799.76953125,26852.05078125,26852.05078125,1450900000
2017-07-26,26960.810546875,27007.26953125,26786.630859375,26941.01953125,26941.01953125,2176500000
2017-07-27,27002.69921875,27169.150390625,26962.029296875,27131.169921875,27131.169921875,1763900000
2017-07-28,27007.970703125,27047.880859375,26928.439453125,26979.390625,26979.390625,1.456e+09
2017-07-31,27048.44921875,27324.380859375,27045.41015625,27323.990234375,27323.990234375,1693200000
2017-08-01,27326.0390625,27558,27326.0390625,27540.23046875,27540.23046875,2392400000
2017-08-02,27645.279296875,27747.349609375,27570.5,27607.380859375,27607.380859375,2052600000
2017-08-03,27533.509765625,27601.05078125,27399.580078125,27531.009765625,27531.009765625,1682600000
2017-08-04,27564.7109375,27615.029296875,27508.109375,27562.6796875,27562.6796875,1464900000
2017-08-07,27665.7109375,27731.919921875,27629.19921875,27690.359375,27690.359375,1484600000
2017-08-08,27684.599609375,27867.560546875,27626.189453125,27854.91015625,27854.91015625,1726600000
2017-08-09,27760.080078125,27876.119140625,27602.66015625,27757.08984375,27757.08984375,1650700000
2017-08-10,27791.359375,27791.359375,27267.029296875,27444,27444,2.176e+09
2017-08-11,27000.4296875,27184.2109375,26863.7109375,26883.509765625,26883.509765625,3133500000
2017-08-14,27091.76953125,27268.23046875,27032.400390625,27250.23046875,27250.23046875,1416400000
2017-08-15,27371.25,27438.419921875,27174.9609375,27174.9609375,27174.9609375,2.736e+09
2017-08-16,27238.810546875,27422.30078125,27238.810546875,27409.0703125,27409.0703125,1771100000
2017-08-17,27610.2890625,27624.51953125,27302.48046875,27344.220703125,27344.220703125,1795300000
2017-08-18,26999.599609375,27236.3203125,26951.919921875,27047.5703125,27047.5703125,1691600000
2017-08-21,27100.630859375,27221.310546875,27086.4296875,27154.6796875,27154.6796875,1770600000
2017-08-22,27322.19921875,27509.060546875,27316.080078125,27401.669921875,27401.669921875,2049700000
2017-08-23,NA,NA,NA,NA,NA,NA
2017-08-24,27642.23046875,27642.23046875,27485.869140625,27518.599609375,27518.599609375,2691500000
2017-08-25,27539.109375,27878.369140625,27480.109375,27848.16015625,27848.16015625,3791300000
2017-08-28,27905.58984375,28071.58984375,27806.05078125,27863.2890625,27863.2890625,3019400000
2017-08-29,27744.580078125,27839.830078125,27638.73046875,27765.009765625,27765.009765625,1717800000
2017-08-30,27957.740234375,28127.900390625,27912.8203125,28094.609375,28094.609375,2142400000
2017-08-31,27934.44921875,27994.060546875,27861.48046875,27970.30078125,27970.30078125,2795600000
2017-09-01,28015.220703125,28116.69921875,27915.439453125,27953.16015625,27953.16015625,1754500000
2017-09-04,27881.7109375,27884.4609375,27662.2890625,27740.259765625,27740.259765625,1626700000
2017-09-05,27797.439453125,27871.759765625,27685.30078125,27741.349609375,27741.349609375,1237100000
2017-09-06,27671.560546875,27684.259765625,27421.7890625,27613.759765625,27613.759765625,1666700000
2017-09-07,27817.869140625,27817.869140625,27492.8203125,27522.919921875,27522.919921875,1779100000
2017-09-08,27571.58984375,27708.08984375,27569.130859375,27668.470703125,27668.470703125,1416100000
2017-09-11,27877.689453125,27976.98046875,27859,27955.130859375,27955.130859375,1381700000
2017-09-12,28068.69921875,28071.5390625,27883.830078125,27972.240234375,27972.240234375,1313200000
2017-09-13,27984.26953125,27984.26953125,27751.279296875,27894.080078125,27894.080078125,1437300000
2017-09-14,27788.83984375,27895.0703125,27699.08984375,27777.19921875,27777.19921875,1650300000
2017-09-15,27736.599609375,27893.580078125,27514.0390625,27807.58984375,27807.58984375,2164200000
2017-09-18,27971.369140625,28160.390625,27917.1796875,28159.76953125,28159.76953125,1546300000
2017-09-19,28200.5390625,28248.119140625,28032.169921875,28051.41015625,28051.41015625,1601200000
2017-09-20,28099.2890625,28149.359375,28013.109375,28127.80078125,28127.80078125,1496700000
2017-09-21,28091.240234375,28184.369140625,28046.939453125,28110.330078125,28110.330078125,1625300000
2017-09-22,27949.830078125,27960.919921875,27845.51953125,27880.529296875,27880.529296875,1379300000
2017-09-25,27851.5390625,27851.5390625,27476.26953125,27500.33984375,27500.33984375,1800200000
2017-09-26,27308.609375,27567.880859375,27300.369140625,27513.009765625,27513.009765625,1683600000
2017-09-27,27503.05078125,27673.400390625,27503.05078125,27642.4296875,27642.4296875,1812400000
2017-09-28,27661.26953125,27665.16015625,27421.599609375,27421.599609375,27421.599609375,1.969e+09
2017-09-29,27492.130859375,27581.130859375,27383.16015625,27554.30078125,27554.30078125,1665500000
2017-10-03,27884.2109375,28194.16015625,27737.380859375,28173.2109375,28173.2109375,3430600000
2017-10-04,28311.26953125,28521.76953125,28311.26953125,28379.1796875,28379.1796875,2095400000
2017-10-06,28626.41015625,28626.41015625,28377.849609375,28458.0390625,28458.0390625,1967900000
2017-10-09,28440.169921875,28488.349609375,28282.009765625,28326.58984375,28326.58984375,1745200000
2017-10-10,28334.919921875,28503.83984375,28260.19921875,28490.830078125,28490.830078125,1388800000
2017-10-11,28622.009765625,28625.66015625,28330.73046875,28389.5703125,28389.5703125,1874700000
2017-10-12,28431.05078125,28528.7109375,28343.3203125,28459.029296875,28459.029296875,1579400000
2017-10-13,28423.650390625,28492.390625,28369.869140625,28476.4296875,28476.4296875,1616400000
2017-10-16,28661.98046875,28792.060546875,28620.380859375,28692.80078125,28692.80078125,1740700000
2017-10-17,28777.1796875,28777.1796875,28641.94921875,28697.490234375,28697.490234375,1286900000
2017-10-18,28636.19921875,28729.33984375,28629.73046875,28711.759765625,28711.759765625,1429200000
2017-10-19,28783.849609375,28798.779296875,28094.5390625,28159.08984375,28159.08984375,2125400000
2017-10-20,28360.01953125,28519.759765625,28313.69921875,28487.240234375,28487.240234375,1493200000
2017-10-23,28557.80078125,28557.80078125,28253.3203125,28305.880859375,28305.880859375,1712100000
2017-10-24,28232.619140625,28356.099609375,28098.830078125,28154.970703125,28154.970703125,1426900000
2017-10-25,28238.849609375,28387.2109375,28198.560546875,28302.890625,28302.890625,1272800000
2017-10-26,28165.609375,28316.19921875,28102.75,28202.380859375,28202.380859375,1431600000
2017-10-27,28332.91015625,28494.51953125,28305.73046875,28438.849609375,28438.849609375,2255500000
2017-10-30,28585.150390625,28650.8203125,28336.189453125,28336.189453125,28336.189453125,2133300000
2017-10-31,28247,28354.109375,28183.7890625,28245.5390625,28245.5390625,2447200000
2017-11-01,28387.55078125,28606.58984375,28329.5,28594.060546875,28594.060546875,2316600000
2017-11-02,28604.94921875,28643.580078125,28492.19921875,28518.640625,28518.640625,2151400000
2017-11-03,28603.509765625,28661.2890625,28542.66015625,28603.609375,28603.609375,1576600000
2017-11-06,28616.349609375,28650.7890625,28137.76953125,28596.80078125,28596.80078125,2.26e+09
2017-11-07,28715.400390625,29017.400390625,28715.0703125,28994.33984375,28994.33984375,2128700000
2017-11-08,28950.5,29123.439453125,28885.0703125,28907.599609375,28907.599609375,1831400000
2017-11-09,28987.7890625,29192.509765625,28960.05078125,29136.5703125,29136.5703125,1.823e+09
2017-11-10,29060.130859375,29237.849609375,29036.44921875,29120.919921875,29120.919921875,1781800000
2017-11-13,29058.23046875,29258.5,29058.23046875,29182.1796875,29182.1796875,1786800000
2017-11-14,29272.099609375,29320.029296875,29143.630859375,29152.119140625,29152.119140625,1.697e+09
2017-11-15,29026.109375,29106.490234375,28851.689453125,28851.689453125,28851.689453125,2046100000
2017-11-16,28963.76953125,29095.490234375,28877.759765625,29018.759765625,29018.759765625,1.501e+09
2017-11-17,29214.359375,29341.919921875,29158.349609375,29199.0390625,29199.0390625,2068100000
2017-11-20,29227.080078125,29299.869140625,29089.580078125,29260.310546875,29260.310546875,1619900000
2017-11-21,29369.689453125,29818.0703125,29343.48046875,29818.0703125,29818.0703125,2467400000
2017-11-22,30087.189453125,30199.689453125,29911.0703125,30003.490234375,30003.490234375,2474900000
2017-11-23,30033.1796875,30169.990234375,29593.7890625,29707.939453125,29707.939453125,2099400000
2017-11-24,29788.1796875,29918.919921875,29696.58984375,29866.3203125,29866.3203125,1534300000
2017-11-27,29857.650390625,29859.109375,29610.9609375,29686.189453125,29686.189453125,1485200000
2017-11-28,29608.640625,29687.44921875,29334.58984375,29680.849609375,29680.849609375,1744500000
2017-11-29,29813.939453125,29831.189453125,29563.390625,29623.830078125,29623.830078125,1434700000
2017-11-30,29340.26953125,29353.509765625,29127.30078125,29177.349609375,29177.349609375,2435500000
2017-12-01,29261.310546875,29345.970703125,29028.759765625,29074.240234375,29074.240234375,2086700000
2017-12-04,28951.189453125,29343.779296875,28803.189453125,29138.279296875,29138.279296875,1624100000
2017-12-05,28898.580078125,29124.240234375,28838.119140625,28842.80078125,28842.80078125,1439200000
2017-12-06,28850.359375,28929.2109375,28204.529296875,28224.80078125,28224.80078125,2605400000
2017-12-07,28366.140625,28478.33984375,28134.9296875,28303.189453125,28303.189453125,1782500000
2017-12-08,28400.009765625,28705.759765625,28344.390625,28639.849609375,28639.849609375,1747400000
2017-12-11,28645.41015625,28998.509765625,28645.41015625,28965.2890625,28965.2890625,2127800000
2017-12-12,28972.740234375,29066.76953125,28745.73046875,28793.880859375,28793.880859375,2135700000
2017-12-13,28856.779296875,29276.669921875,28707.599609375,29222.099609375,29222.099609375,2574100000
2017-12-14,29335.759765625,29367.509765625,29047.609375,29166.380859375,29166.380859375,1959300000
2017-12-15,29000.109375,29017.66015625,28738.83984375,28848.109375,28848.109375,1999800000
2017-12-18,28923.529296875,29143.330078125,28821.189453125,29050.41015625,29050.41015625,1637900000
2017-12-19,29193.740234375,29339.109375,29144.169921875,29253.66015625,29253.66015625,1633500000
2017-12-20,29199.2890625,29326.51953125,29159.279296875,29234.08984375,29234.08984375,1308900000
2017-12-21,29209.640625,29431.810546875,29145.130859375,29367.060546875,29367.060546875,1.441e+09
2017-12-22,29505.05078125,29578.009765625,29413.859375,29578.009765625,29578.009765625,1282100000
2017-12-27,29632.970703125,29693.8203125,29516.509765625,29597.66015625,29597.66015625,1725800000
2017-12-28,29684.7890625,29873.099609375,29661.060546875,29863.7109375,29863.7109375,1339600000
2017-12-29,29914.05078125,29997.9609375,29849.310546875,29919.150390625,29919.150390625,1365800000
2018-01-02,30028.2890625,30515.310546875,30028.2890625,30515.310546875,30515.310546875,2442300000
2018-01-03,30658.73046875,30724.3203125,30456.759765625,30560.94921875,30560.94921875,2309500000
2018-01-04,30691.7109375,30796.9296875,30560.4296875,30736.48046875,30736.48046875,2995600000
2018-01-05,30893.859375,30911.009765625,30638.529296875,30814.640625,30814.640625,2263900000
2018-01-08,30895.08984375,30929.150390625,30732.5390625,30899.529296875,30899.529296875,2004200000
2018-01-09,30933.509765625,31056.69921875,30852.4296875,31011.41015625,31011.41015625,2004900000
2018-01-10,31009.240234375,31267.5703125,30928.580078125,31073.720703125,31073.720703125,2595400000
2018-01-11,31066.2109375,31133.1796875,30950.0703125,31120.390625,31120.390625,1794800000
2018-01-12,31298.05078125,31412.5390625,31198.359375,31412.5390625,31412.5390625,2327400000
2018-01-15,31702.560546875,31733.1796875,31265.25,31338.869140625,31338.869140625,2664100000
2018-01-16,31423.619140625,31904.75,31423.619140625,31904.75,31904.75,3097100000
2018-01-17,31825.51953125,31983.41015625,31642.26953125,31983.41015625,31983.41015625,3999200000
2018-01-18,32148.44921875,32233.810546875,31869.69921875,32121.939453125,32121.939453125,3741500000
2018-01-19,32142.16015625,32254.890625,31986,32254.890625,32254.890625,2906600000
2018-01-22,32276.9609375,32417.23046875,32046.83984375,32393.41015625,32393.41015625,2880200000
2018-01-23,32606.140625,32930.69921875,32554.23046875,32930.69921875,32930.69921875,3954800000
2018-01-24,32907.23046875,33018.7109375,32728.509765625,32958.69140625,32958.69140625,3897500000
2018-01-25,32979.37890625,32998.05078125,32650.220703125,32654.44921875,32654.44921875,3554800000
2018-01-26,32836.28125,33223.578125,32794.12890625,33154.12109375,33154.12109375,3892700000
2018-01-29,33335.48046875,33484.078125,32897.0390625,32966.890625,32966.890625,3605100000
2018-01-30,32751.720703125,32976.75,32501.349609375,32607.2890625,32607.2890625,3177100000
2018-01-31,32435.759765625,32933.98046875,32330.390625,32887.26953125,32887.26953125,3314300000
2018-02-01,32950.30078125,33048.0390625,32642.08984375,32642.08984375,32642.08984375,2769100000
2018-02-02,32569.009765625,32778.51171875,32321.419921875,32601.779296875,32601.779296875,2571400000
2018-02-05,31715.560546875,32394.869140625,31712.01953125,32245.220703125,32245.220703125,3.135e+09
2018-02-06,31028.6796875,31286.029296875,30577.830078125,30595.419921875,30595.419921875,5531300000
2018-02-07,31378.349609375,31472.470703125,30292.150390625,30323.19921875,30323.19921875,4620300000
2018-02-08,30555.80078125,30739.109375,30251.3203125,30451.26953125,30451.26953125,3145100000
2018-02-09,29679.2109375,29679.2109375,29129.259765625,29507.419921875,29507.419921875,5171300000
2018-02-12,29713.080078125,29801.51953125,29459.630859375,29459.630859375,29459.630859375,2815500000
2018-02-13,29850.150390625,30169,29783.099609375,29839.529296875,29839.529296875,2709200000
2018-02-14,30024.470703125,30637.23046875,29968.5390625,30515.599609375,30515.599609375,2408700000
2018-02-15,30958.7109375,31145.099609375,30816.650390625,31115.4296875,31115.4296875,2070600000
2018-02-20,31165.2890625,31339.689453125,30720.48046875,30873.630859375,30873.630859375,2033400000
2018-02-21,31050.51953125,31477.849609375,30885.94921875,31431.890625,31431.890625,1933800000
2018-02-22,31084.44921875,31195.26953125,30930.099609375,30965.6796875,30965.6796875,2391300000
2018-02-23,31289.080078125,31386.810546875,31149.3203125,31267.169921875,31267.169921875,1667200000
2018-02-26,31528.2890625,31567.4609375,31273.94921875,31498.599609375,31498.599609375,2025600000
2018-02-27,31790.849609375,31798.98046875,31141.51953125,31268.66015625,31268.66015625,2579100000
2018-02-28,31037.41015625,31061.759765625,30703.900390625,30844.720703125,30844.720703125,2407900000
2018-03-01,30476.990234375,31081.6796875,30453.8203125,31044.25,31044.25,2116300000
2018-03-02,30611.099609375,30670.939453125,30477.94921875,30583.44921875,30583.44921875,2955600000
2018-03-05,30524.259765625,30679.470703125,29852.419921875,29886.390625,29886.390625,2279500000
2018-03-06,30380.9609375,30620.060546875,30129.80078125,30510.73046875,30510.73046875,2270400000
2018-03-07,30323.76953125,30673.080078125,30117.400390625,30196.919921875,30196.919921875,2135300000
2018-03-08,30523.6796875,30724.029296875,30428.609375,30654.51953125,30654.51953125,1529400000
2018-03-09,30858.26953125,30996.2109375,30840.80078125,30996.2109375,30996.2109375,1470700000
2018-03-12,31536.30078125,31607.580078125,31342.48046875,31594.330078125,31594.330078125,2173300000
2018-03-13,31570.19921875,31709.990234375,31461.470703125,31601.44921875,31601.44921875,2.112e+09
2018-03-14,31321.7890625,31453.48046875,31141.849609375,31435.009765625,31435.009765625,1707600000
2018-03-15,31181.150390625,31583.380859375,31121.66015625,31541.099609375,31541.099609375,1496800000
2018-03-16,31363.029296875,31564.779296875,31337.44921875,31501.970703125,31501.970703125,2345500000
2018-03-19,31370.470703125,31656.30078125,31244.619140625,31513.759765625,31513.759765625,1440800000
2018-03-20,31315.419921875,31576.05078125,31183.400390625,31549.9296875,31549.9296875,1746900000
2018-03-21,31811.98046875,31978.140625,31381.5390625,31414.51953125,31414.51953125,2309100000
2018-03-22,31575.9296875,31686.669921875,31018.439453125,31071.05078125,31071.05078125,2103500000
2018-03-23,29930.23046875,30320.310546875,29930.23046875,30309.2890625,30309.2890625,3522400000
2018-03-26,30267.0703125,30548.76953125,29995.16015625,30548.76953125,30548.76953125,2317300000
2018-03-27,30985.75,30985.75,30738.759765625,30790.830078125,30790.830078125,2049900000
2018-03-28,30510.380859375,30637.2109375,30022.529296875,30022.529296875,30022.529296875,2.209e+09
2018-03-29,30154.1796875,30252.94921875,29819.630859375,30093.380859375,30093.380859375,2167300000
2018-04-03,29927.880859375,30269.279296875,29755.359375,30180.099609375,30180.099609375,1908600000
2018-04-04,30244.220703125,30329.080078125,29518.689453125,29518.689453125,29518.689453125,1816100000
2018-04-06,29750.240234375,29980.560546875,29608.330078125,29844.939453125,29844.939453125,1698300000
2018-04-09,30104.3203125,30514.80078125,29909.369140625,30229.580078125,30229.580078125,1841300000
2018-04-10,30205.08984375,30806.859375,30163.08984375,30728.740234375,30728.740234375,2270300000
2018-04-11,30761.23046875,31021.119140625,30723.0703125,30897.7109375,30897.7109375,2291900000
2018-04-12,31094.109375,31094.109375,30637.140625,30831.279296875,30831.279296875,1754500000
2018-04-13,31076.759765625,31076.759765625,30707.76953125,30808.380859375,30808.380859375,1406300000
2018-04-16,30849.720703125,30849.720703125,30190.75,30315.58984375,30315.58984375,1827800000
2018-04-17,30354.890625,30477.7890625,30012.69921875,30062.75,30062.75,1916900000
2018-04-18,30469.94921875,30487.169921875,29979.400390625,30284.25,30284.25,2001700000
2018-04-19,30532.94921875,30761.470703125,30451,30708.439453125,30708.439453125,2221700000
2018-04-20,30647.939453125,30848.470703125,30355.7890625,30418.330078125,30418.330078125,1661300000
2018-04-23,30327.029296875,30481.859375,30184.44921875,30254.400390625,30254.400390625,1516700000
2018-04-24,30353.830078125,30665.099609375,30335.2890625,30636.240234375,30636.240234375,1741300000
2018-04-25,30486.859375,30507.189453125,30244.16015625,30328.150390625,30328.150390625,1674500000
2018-04-26,30378.150390625,30463.419921875,29871.19921875,30007.6796875,30007.6796875,1765500000
2018-04-27,30300.830078125,30336,30019.119140625,30280.669921875,30280.669921875,1610900000
2018-04-30,30530.400390625,30853.130859375,30483.91015625,30808.44921875,30808.44921875,1923300000
2018-05-02,30782.2109375,30824.76953125,30570.810546875,30723.880859375,30723.880859375,1643100000
2018-05-03,30405.48046875,30432.0703125,30118.650390625,30313.369140625,30313.369140625,1736300000
2018-05-04,30316.98046875,30341.4609375,29859.30078125,29926.5,29926.5,1754800000
2018-05-07,30102.060546875,30138.330078125,29791.869140625,29994.259765625,29994.259765625,1441400000
2018-05-08,30123.76953125,30444.220703125,30123.76953125,30402.810546875,30402.810546875,1623600000
2018-05-09,30452.16015625,30568.759765625,30346.619140625,30536.140625,30536.140625,1360700000
2018-05-10,30716.970703125,30851.30078125,30712.9296875,30809.220703125,30809.220703125,1534600000
2018-05-11,31151.80078125,31277.390625,31032.439453125,31122.060546875,31122.060546875,1627500000
2018-05-14,31498.359375,31592.560546875,31423.5703125,31541.080078125,31541.080078125,1794400000
2018-05-15,31573.1796875,31573.1796875,31152.029296875,31152.029296875,31152.029296875,1566900000
2018-05-16,31014.720703125,31218.080078125,30818.779296875,31110.19921875,31110.19921875,1.348e+09
2018-05-17,31416.7109375,31416.7109375,30942.150390625,30942.150390625,30942.150390625,1499900000
2018-05-18,31033.970703125,31148.060546875,30904.6796875,31047.91015625,31047.91015625,1722100000
2018-05-21,31232.7890625,31464.099609375,31232.7890625,31234.349609375,31234.349609375,1599600000
2018-05-23,31191.869140625,31191.869140625,30665.640625,30665.640625,30665.640625,2.434e+09
2018-05-24,30718.66015625,30788.970703125,30589.380859375,30760.41015625,30760.41015625,1579100000
2018-05-25,30664.26953125,30736.970703125,30525.740234375,30588.0390625,30588.0390625,1677500000
2018-05-28,30759.83984375,30839.30078125,30530.470703125,30792.259765625,30792.259765625,1736200000
2018-05-29,30647.259765625,30713.3203125,30454.1796875,30484.580078125,30484.580078125,1658600000
2018-05-30,30109.369140625,30241.23046875,29964.33984375,30056.7890625,30056.7890625,2407800000
2018-05-31,30274.1796875,30533.580078125,30148.4296875,30468.560546875,30468.560546875,4.11e+09
2018-06-01,30548.779296875,30581.119140625,30363.490234375,30492.91015625,30492.91015625,2778500000
2018-06-04,30836.76953125,31012.919921875,30743.1796875,30997.98046875,30997.98046875,1836600000
2018-06-05,31009.470703125,31188.9296875,30896.109375,31093.44921875,31093.44921875,1.722e+09
2018-06-06,31162.01953125,31332.419921875,31161.369140625,31259.099609375,31259.099609375,1465400000
2018-06-07,31464.630859375,31521.130859375,31369.279296875,31512.630859375,31512.630859375,1.938e+09
2018-06-08,31435.259765625,31435.259765625,30874.099609375,30958.2109375,30958.2109375,1721300000
2018-06-11,31016.51953125,31134.029296875,30898.5703125,31063.69921875,31063.69921875,1323300000
2018-06-12,31029.849609375,31242.859375,30944.970703125,31103.060546875,31103.060546875,1.379e+09
2018-06-13,30990.369140625,31023.73046875,30688.259765625,30725.150390625,30725.150390625,1630900000
2018-06-14,30684.0703125,30777.9609375,30349.9609375,30440.169921875,30440.169921875,2128400000
2018-06-15,30411.0703125,30519.2890625,30259.109375,30309.490234375,30309.490234375,2336500000
2018-06-19,29999.009765625,30012.0390625,29332.279296875,29468.150390625,29468.150390625,3563900000
2018-06-20,29478.4609375,29944.30078125,29406.19921875,29696.169921875,29696.169921875,2.235e+09
2018-06-21,29764.05078125,29882.26953125,29285.7109375,29296.05078125,29296.05078125,2026700000
2018-06-22,29215.5390625,29436.83984375,29089.390625,29338.69921875,29338.69921875,2153400000
2018-06-25,29326.119140625,29403.359375,28895.400390625,28961.390625,28961.390625,2300800000
2018-06-26,28881.1796875,29034.23046875,28505.08984375,28881.400390625,28881.400390625,2528400000
2018-06-27,28957.640625,28988.830078125,28342.8203125,28356.259765625,28356.259765625,2572200000
2018-06-28,28368.009765625,28567.2890625,28169.099609375,28497.3203125,28497.3203125,2569400000
2018-06-29,28463.849609375,28962.2890625,28463.849609375,28955.109375,28955.109375,2390100000
2018-07-03,28617,28617,27990.44921875,28545.5703125,28545.5703125,3283200000
2018-07-04,28546.3203125,28642.33984375,28141.279296875,28241.669921875,28241.669921875,2102200000
2018-07-05,28101.849609375,28320.900390625,27830.75,28182.08984375,28182.08984375,1879600000
2018-07-06,28254.369140625,28554.2109375,27925.330078125,28315.619140625,28315.619140625,2018300000
2018-07-09,28606.16015625,28821.5390625,28518.51953125,28688.5,28688.5,1877900000
2018-07-10,28900.7109375,28981.9296875,28682.25,28682.25,28682.25,1667600000
2018-07-11,28013.720703125,28365.720703125,28013.720703125,28311.689453125,28311.689453125,1871200000
2018-07-12,28260.08984375,28614.529296875,28217.310546875,28480.830078125,28480.830078125,1850900000
2018-07-13,28689.1796875,28715.359375,28500.509765625,28525.439453125,28525.439453125,1449800000
2018-07-16,28580.9609375,28699.2109375,28327,28539.66015625,28539.66015625,1239600000
2018-07-17,28451.5,28460.869140625,28137.94921875,28181.6796875,28181.6796875,1700700000
2018-07-18,28352.109375,28386.380859375,28045.470703125,28117.419921875,28117.419921875,1507600000
2018-07-19,28251.16015625,28329.98046875,27998.359375,28010.859375,28010.859375,1495100000
2018-07-20,28054.759765625,28294.740234375,27745.849609375,28224.48046875,28224.48046875,2439700000
2018-07-23,28298.609375,28391.580078125,28091.060546875,28256.119140625,28256.119140625,1893600000
2018-07-24,28282.30078125,28718,28282.30078125,28662.5703125,28662.5703125,2416400000
2018-07-25,28906.970703125,28964.7890625,28764.349609375,28920.900390625,28920.900390625,1632400000
2018-07-26,29083.400390625,29083.400390625,28625.080078125,28781.140625,28781.140625,1418100000
2018-07-27,28734.73046875,28816.689453125,28572.7890625,28804.279296875,28804.279296875,1.206e+09
2018-07-30,28631.05078125,28839.240234375,28539.560546875,28733.130859375,28733.130859375,1231300000
2018-07-31,28663.140625,28682.310546875,28538.029296875,28583.009765625,28583.009765625,1464600000
2018-08-01,28756.720703125,28772.80078125,28219.970703125,28340.740234375,28340.740234375,1516100000
2018-08-02,28159.009765625,28218.279296875,27578.08984375,27714.560546875,27714.560546875,1989200000
2018-08-03,27751.599609375,27786.150390625,27604.560546875,27676.3203125,27676.3203125,1608500000
2018-08-06,27885.509765625,28074.529296875,27730.419921875,27819.560546875,27819.560546875,1445800000
2018-08-07,27889.439453125,28266.6796875,27843.16015625,28248.880859375,28248.880859375,1553900000
2018-08-08,28473.48046875,28473.48046875,28224.4609375,28359.140625,28359.140625,1611700000
2018-08-09,28260.5,28728.169921875,28192.810546875,28607.30078125,28607.30078125,1448200000
2018-08-10,28614.73046875,28665.900390625,28296.990234375,28366.619140625,28366.619140625,1284500000
2018-08-13,27956.779296875,28085.169921875,27823.2109375,27936.5703125,27936.5703125,1484400000
2018-08-14,27938.3203125,27946.55078125,27522.8203125,27752.9296875,27752.9296875,1490400000
2018-08-15,27724.720703125,27727.26953125,27249.080078125,27323.58984375,27323.58984375,1913700000
2018-08-16,26871.109375,27405.25,26871.109375,27100.060546875,27100.060546875,2138200000
2018-08-17,27388.5703125,27450.83984375,27101.099609375,27213.41015625,27213.41015625,1557800000
2018-08-20,27273.779296875,27609.80078125,27209.220703125,27598.01953125,27598.01953125,1660800000
2018-08-21,27670.5390625,27771.30078125,27526.30078125,27752.7890625,27752.7890625,1699500000
2018-08-22,27836.6796875,27954.51953125,27579.80078125,27927.580078125,27927.580078125,1784500000
2018-08-23,28005.330078125,28051.650390625,27659.2109375,27790.4609375,27790.4609375,1462600000
2018-08-24,27565.98046875,27830.91015625,27532.060546875,27671.869140625,27671.869140625,1492200000
2018-08-27,28016.66015625,28289.060546875,27956.0390625,28271.26953125,28271.26953125,2133500000
2018-08-28,28530.890625,28579.640625,28234.529296875,28351.619140625,28351.619140625,1651300000
2018-08-29,28362.83984375,28485.830078125,28272.130859375,28416.439453125,28416.439453125,1365800000
2018-08-30,28533.9296875,28533.9296875,28121.400390625,28164.05078125,28164.05078125,1292200000
2018-08-31,27798.2109375,27962.029296875,27720.3203125,27888.55078125,27888.55078125,1923300000
2018-09-03,27809.44921875,27822.189453125,27577.0390625,27712.5390625,27712.5390625,1396900000
2018-09-04,27619.1796875,27984.890625,27563.7890625,27973.33984375,27973.33984375,1102300000
2018-09-05,27789.01953125,27861.990234375,27208.33984375,27243.849609375,27243.849609375,1913600000
2018-09-06,27069.2109375,27268.390625,26818.8203125,26974.8203125,26974.8203125,2172100000
2018-09-07,26895.869140625,27196.5703125,26669.580078125,26973.470703125,26973.470703125,2859900000
2018-09-10,26922.26953125,26926.630859375,26453.2890625,26613.419921875,26613.419921875,2.046e+09
2018-09-11,26611.9296875,26690.650390625,26394.869140625,26422.55078125,26422.55078125,1688200000
2018-09-12,26462.8203125,26468.91015625,26219.560546875,26345.0390625,26345.0390625,2255900000
2018-09-13,26798.390625,27014.490234375,26648.76953125,27014.490234375,27014.490234375,2336700000
2018-09-14,27229.7890625,27340.01953125,27027.44921875,27286.41015625,27286.41015625,1707200000
2018-09-17,27029.91015625,27037.48046875,26763.2109375,26932.849609375,26932.849609375,1262100000
2018-09-18,26846.330078125,27156.55078125,26648.990234375,27084.66015625,27084.66015625,1810300000
2018-09-19,27170.01953125,27488.349609375,27085.7890625,27407.369140625,27407.369140625,1874200000
2018-09-20,27605.720703125,27628.189453125,27327.23046875,27477.669921875,27477.669921875,1399800000
2018-09-21,27712.349609375,27965.9609375,27536.26953125,27953.580078125,27953.580078125,2777200000
2018-09-24,27783.849609375,27783.849609375,27425.009765625,27499.390625,27499.390625,1511100000
2018-09-26,27606.810546875,28031.810546875,27589.369140625,27816.869140625,27816.869140625,2338800000
2018-09-27,27912.509765625,27928.2890625,27638.5390625,27715.669921875,27715.669921875,1440500000
2018-09-28,27879.060546875,27927.94921875,27672.830078125,27788.51953125,27788.51953125,1636500000
2018-10-02,27716.16015625,27716.16015625,27073.080078125,27126.380859375,27126.380859375,2081300000
2018-10-03,26840.19921875,27270.16015625,26840.19921875,27091.259765625,27091.259765625,1316700000
2018-10-04,27029.400390625,27029.400390625,26551.439453125,26623.869140625,26623.869140625,1903300000
2018-10-05,26503.75,26639.640625,26373.4609375,26572.5703125,26572.5703125,1684100000
2018-10-08,26717.599609375,26717.599609375,26187.830078125,26202.5703125,26202.5703125,2296500000
2018-10-09,26194.169921875,26366.599609375,26067.509765625,26172.91015625,26172.91015625,1744900000
2018-10-10,26281.279296875,26499.83984375,26193.0703125,26193.0703125,26193.0703125,1719100000
2018-10-11,25392.900390625,25437.849609375,25125.220703125,25266.369140625,25266.369140625,3090400000
2018-10-12,25401.41015625,25835.759765625,25286.859375,25801.490234375,25801.490234375,2099300000
2018-10-15,25683.58984375,25683.58984375,25399.5390625,25445.060546875,25445.060546875,1614900000
2018-10-16,25586.16015625,25712.130859375,25266.5390625,25462.259765625,25462.259765625,1467300000
2018-10-18,25674.66015625,25674.66015625,25261.720703125,25454.55078125,25454.55078125,1764700000
2018-10-19,25172.029296875,25743.44921875,25090.30078125,25561.400390625,25561.400390625,2037900000
2018-10-22,25668.330078125,26234.859375,25668.330078125,26153.150390625,26153.150390625,2222800000
2018-10-23,26015.490234375,26015.490234375,25315.759765625,25346.55078125,25346.55078125,1772900000
2018-10-24,25401.169921875,25653.359375,25194.2890625,25249.779296875,25249.779296875,1962800000
2018-10-25,24766.720703125,24994.4609375,24653.7890625,24994.4609375,24994.4609375,2288600000
2018-10-26,25031.490234375,25062.19921875,24589.0390625,24717.630859375,24717.630859375,1688400000
2018-10-29,24955.7890625,24955.7890625,24594.740234375,24812.0390625,24812.0390625,2.001e+09
2018-10-30,24765.119140625,24939.1796875,24540.630859375,24585.529296875,24585.529296875,2100400000
2018-10-31,24752.830078125,24979.689453125,24700.109375,24979.689453125,24979.689453125,2363100000
2018-11-01,25228.75,25535.119140625,25190.900390625,25416,25416,2.177e+09
2018-11-02,25980.439453125,26486.349609375,25909.7109375,26486.349609375,26486.349609375,3.519e+09
2018-11-05,26050.33984375,26146.810546875,25747.51953125,25934.390625,25934.390625,1626700000
2018-11-06,26062.240234375,26159.830078125,25826.689453125,26120.9609375,26120.9609375,1562900000
2018-11-07,26125.08984375,26530.869140625,25920.720703125,26147.689453125,26147.689453125,1731300000
2018-11-08,26491.26953125,26491.26953125,26141.25,26227.720703125,26227.720703125,1654600000
2018-11-09,25925.08984375,25925.08984375,25475.3203125,25601.919921875,25601.919921875,1839800000
2018-11-12,25576.279296875,25765.9609375,25505.330078125,25633.1796875,25633.1796875,1171200000
2018-11-13,25092.30078125,25792.869140625,25092.30078125,25792.869140625,25792.869140625,1.69e+09
2018-11-14,25874.359375,25874.359375,25489.859375,25654.4296875,25654.4296875,1431700000
2018-11-15,25862.1796875,26127.140625,25611.720703125,26103.33984375,26103.33984375,1534500000
2018-11-16,26041.560546875,26197.310546875,25850.0390625,26183.529296875,26183.529296875,1.33e+09
2018-11-19,26278.869140625,26397.390625,26146.390625,26372,26372,1.32e+09
2018-11-20,26043.509765625,26132.2890625,25776.220703125,25840.33984375,25840.33984375,1205800000
2018-11-21,25496.849609375,25998.279296875,25494.509765625,25971.470703125,25971.470703125,1397400000
2018-11-22,26139.390625,26139.390625,25873.380859375,26019.41015625,26019.41015625,1.011e+09
2018-11-23,25950.0703125,25983.25,25807.259765625,25927.6796875,25927.6796875,877100000
2018-11-26,26099.349609375,26413.759765625,26031.900390625,26376.1796875,26376.1796875,1.612e+09
2018-11-27,26345.369140625,26417.83984375,26158.970703125,26331.9609375,26331.9609375,1394400000
2018-11-28,26406.6796875,26705.30078125,26332.66015625,26682.560546875,26682.560546875,1415300000
2018-11-29,26904.2109375,26923.330078125,26399.810546875,26451.029296875,26451.029296875,1469600000
2018-11-30,26506.08984375,26683.25,26396.619140625,26506.75,26506.75,2000800000
2018-12-03,27185.66015625,27259.4296875,27006.830078125,27182.0390625,27182.0390625,2549700000
2018-12-04,27119.189453125,27260.439453125,26984.7109375,27260.439453125,27260.439453125,1880500000
2018-12-05,26745.689453125,26914.869140625,26745.689453125,26819.6796875,26819.6796875,1330900000
2018-12-06,26349.419921875,26381.119140625,26016.08984375,26156.380859375,26156.380859375,2123200000
2018-12-07,26249.810546875,26280.66015625,26055.779296875,26063.759765625,26063.759765625,2.727e+09
2018-12-10,25794.94921875,25845.33984375,25570.890625,25752.380859375,25752.380859375,1544300000
2018-12-11,25623.400390625,25861.73046875,25623.400390625,25771.669921875,25771.669921875,1190900000
2018-12-12,26054.009765625,26238.73046875,26013.359375,26186.7109375,26186.7109375,1429700000
2018-12-13,26417.890625,26581.9296875,26314.76953125,26524.349609375,26524.349609375,1747200000
2018-12-14,26219,26219,26061.470703125,26094.7890625,26094.7890625,1344400000
2018-12-17,26178.0390625,26186.30078125,26002.30078125,26087.98046875,26087.98046875,1036900000
2018-12-18,25903.98046875,26152.880859375,25713.5,25814.25,25814.25,1449400000
2018-12-19,25860.6796875,25925.990234375,25784.08984375,25865.390625,25865.390625,1430200000
2018-12-20,25723.529296875,25859.8203125,25416.880859375,25623.529296875,25623.529296875,1717900000
2018-12-21,25512.30078125,25805.609375,25313.75,25753.419921875,25753.419921875,1935300000
2018-12-24,25515.400390625,25651.380859375,25421.4296875,25651.380859375,25651.380859375,1074100000
2018-12-27,25818.810546875,25920.630859375,25446.80078125,25478.880859375,25478.880859375,1313100000
2018-12-28,25502.33984375,25600.25,25416.359375,25504.19921875,25504.19921875,1224900000
2018-12-31,25732.51953125,25916.23046875,25682.66015625,25845.69921875,25845.69921875,826500000
2019-01-02,25824.439453125,25824.439453125,25055.26953125,25130.349609375,25130.349609375,1666300000
2019-01-03,25077.6796875,25262.2109375,24896.869140625,25064.359375,25064.359375,1481300000
2019-01-04,24946.119140625,25626.029296875,24924.73046875,25626.029296875,25626.029296875,1708600000
2019-01-07,26015.83984375,26043.640625,25753.4609375,25835.69921875,25835.69921875,1447100000
2019-01-08,25852.5,25960.890625,25688.5,25875.44921875,25875.44921875,1578200000
2019-01-09,26237.2890625,26597.0703125,26192.650390625,26462.3203125,26462.3203125,2680900000
2019-01-10,26391.779296875,26588.2109375,26212.33984375,26521.4296875,26521.4296875,1.939e+09
2019-01-11,26692.01953125,26692.01953125,26494.859375,26667.26953125,26667.26953125,1799400000
2019-01-14,26559.6796875,26575.330078125,26195.779296875,26298.330078125,26298.330078125,1.426e+09
2019-01-15,26518.619140625,26838.55078125,26427.44921875,26830.2890625,26830.2890625,1822900000
2019-01-16,26702.9296875,26903.779296875,26567.51953125,26902.099609375,26902.099609375,1714900000
2019-01-17,26953.2109375,27012.189453125,26703.310546875,26755.630859375,26755.630859375,1860500000
2019-01-18,26993.439453125,27116.650390625,26915.080078125,27090.810546875,27090.810546875,1692700000
2019-01-21,27134.26953125,27323.609375,27084.30078125,27196.5390625,27196.5390625,1.64e+09
2019-01-22,27189.400390625,27223.69921875,26854.66015625,27005.44921875,27005.44921875,1578400000
2019-01-23,26879.91015625,27131.220703125,26879.91015625,27008.19921875,27008.19921875,1.382e+09
2019-01-24,27075.369140625,27120.98046875,26889.7890625,27120.98046875,27120.98046875,1323700000
2019-01-25,27282.880859375,27569.189453125,27217.75,27569.189453125,27569.189453125,2.265e+09
2019-01-28,27695.810546875,27790.220703125,27462.369140625,27576.9609375,27576.9609375,1705100000
2019-01-29,27397.5390625,27575.369140625,27328.169921875,27531.6796875,27531.6796875,1821800000
2019-01-30,27571.41015625,27642.849609375,27369.75,27642.849609375,27642.849609375,1821900000
2019-01-31,27842.05078125,28010.900390625,27773.98046875,27942.470703125,27942.470703125,2225300000
2019-02-01,28193.279296875,28193.279296875,27802.5,27930.740234375,27930.740234375,1669700000
2019-02-04,27985.419921875,28005.150390625,27847.4296875,27990.2109375,27990.2109375,808100000
2019-02-08,27708.130859375,28008.8203125,27534.19921875,27946.3203125,27946.3203125,1527700000
2019-02-11,27927.44921875,28143.83984375,27847.849609375,28143.83984375,28143.83984375,1384100000
2019-02-12,28093.310546875,28219.58984375,27983.48046875,28171.330078125,28171.330078125,1492500000
2019-02-13,28184.869140625,28533.359375,28160.4609375,28497.58984375,28497.58984375,1930800000
2019-02-14,28396.400390625,28476.650390625,28275.1796875,28432.05078125,28432.05078125,1433700000
2019-02-15,28241.439453125,28256.689453125,27845.869140625,27900.83984375,27900.83984375,1781500000
2019-02-18,28186.75,28412.080078125,28186.75,28347.009765625,28347.009765625,1549900000
2019-02-19,28440.490234375,28488.970703125,28208.869140625,28228.130859375,28228.130859375,1653100000
2019-02-20,28404.6796875,28599.76953125,28357.30078125,28514.05078125,28514.05078125,1928700000
2019-02-21,28450,28759.349609375,28364.849609375,28629.919921875,28629.919921875,1814500000
2019-02-22,28478.9609375,28816.30078125,28430.19921875,28816.30078125,28816.30078125,1706500000
2019-02-25,28975.51953125,29009.98046875,28763.4609375,28959.30078125,28959.30078125,3.518e+09
2019-02-26,28971.23046875,28971.23046875,28700.009765625,28772.060546875,28772.060546875,2758200000
2019-02-27,28833.16015625,29014.189453125,28701.470703125,28757.439453125,28757.439453125,2378400000
2019-02-28,28719.7109375,28917.490234375,28571.130859375,28633.1796875,28633.1796875,2086700000
2019-03-01,28716.599609375,28860.19921875,28663.7109375,28812.169921875,28812.169921875,1.927e+09
2019-03-04,28855.109375,29241.80078125,28760.669921875,28959.58984375,28959.58984375,2682900000
2019-03-05,28823.16015625,29025.7890625,28734.810546875,28961.599609375,28961.599609375,1951600000
2019-03-06,29003.25,29122.810546875,28938.390625,29037.599609375,29037.599609375,1794500000
2019-03-07,28965.419921875,29007.0703125,28772.44921875,28779.44921875,28779.44921875,1.692e+09
2019-03-08,28409.140625,28533.759765625,28201.08984375,28228.419921875,28228.419921875,2.999e+09
2019-03-11,28265.849609375,28512.26953125,28240.779296875,28503.30078125,28503.30078125,1525500000
2019-03-12,28760.26953125,28941.08984375,28734.08984375,28920.869140625,28920.869140625,1.918e+09
2019-03-13,28924.279296875,28924.279296875,28690.369140625,28807.44921875,28807.44921875,1183100000
2019-03-14,28891.060546875,28932.470703125,28696.310546875,28851.390625,28851.390625,1390200000
2019-03-15,28843.859375,29204.73046875,28828.259765625,29012.259765625,29012.259765625,1974600000
2019-03-18,29112.439453125,29409.009765625,29034.130859375,29409.009765625,29409.009765625,1887800000
2019-03-19,29419.140625,29486.150390625,29319.509765625,29466.279296875,29466.279296875,1747700000
2019-03-20,29357.189453125,29435.810546875,29251.25,29320.970703125,29320.970703125,1580500000
2019-03-21,29387.75,29446.76953125,29051.849609375,29071.560546875,29071.560546875,1750700000
2019-03-22,29173.330078125,29243.099609375,28847.33984375,29113.359375,29113.359375,1740700000
2019-03-25,28501.369140625,28702.240234375,28463.109375,28523.349609375,28523.349609375,2091100000
2019-03-26,28677.759765625,28701.599609375,28435.060546875,28566.91015625,28566.91015625,1406600000
2019-03-27,28564.7109375,28781.630859375,28551.650390625,28728.25,28728.25,1475500000
2019-03-28,28663.19921875,28816.58984375,28558.80078125,28775.2109375,28775.2109375,1582100000
2019-03-29,28812.640625,29100.689453125,28761.880859375,29051.359375,29051.359375,2695200000
2019-04-01,29383.720703125,29612.369140625,29383.720703125,29562.01953125,29562.01953125,2475400000
2019-04-02,29736.990234375,29736.990234375,29534.419921875,29624.669921875,29624.669921875,1858500000
2019-04-03,29785.26953125,29999.33984375,29715.76953125,29986.390625,29986.390625,2019400000
2019-04-04,29950.419921875,30050.91015625,29765.55078125,29936.3203125,29936.3203125,1854500000
2019-04-08,30119.580078125,30185.060546875,29913.619140625,30077.150390625,30077.150390625,2.321e+09
2019-04-09,30065.990234375,30222.01953125,30018.98046875,30157.490234375,30157.490234375,2049400000
2019-04-10,30052.26953125,30139.609375,29892.619140625,30119.560546875,30119.560546875,1814100000
2019-04-11,30138.140625,30184.609375,29783.669921875,29839.44921875,29839.44921875,1897200000
2019-04-12,29806.349609375,29909.759765625,29694.849609375,29909.759765625,29909.759765625,1560700000
2019-04-15,30119.849609375,30280.119140625,29810.720703125,29810.720703125,29810.720703125,2010600000
2019-04-16,29754.30078125,30142.859375,29665.109375,30129.869140625,30129.869140625,2546200000
2019-04-17,30160.689453125,30178.580078125,30004.970703125,30124.6796875,30124.6796875,2035100000
2019-04-18,30088.650390625,30101.830078125,29896.859375,29963.259765625,29963.259765625,1569900000
2019-04-23,29782.94921875,30055.939453125,29755.869140625,29963.240234375,29963.240234375,2006200000
2019-04-24,30112.189453125,30112.189453125,29682.869140625,29805.830078125,29805.830078125,1.749e+09
2019-04-25,29667.51953125,29849.69921875,29535.19921875,29549.80078125,29549.80078125,1644500000
2019-04-26,29513.080078125,29672.7890625,29504.140625,29605.009765625,29605.009765625,1.411e+09
2019-04-29,29730.849609375,29917.109375,29639.380859375,29892.810546875,29892.810546875,1250700000
2019-04-30,29828.150390625,29855.759765625,29620.44921875,29699.109375,29699.109375,1.359e+09
2019-05-02,29643.05078125,29967.740234375,29643.05078125,29944.1796875,29944.1796875,1298900000
2019-05-03,29818.48046875,30081.55078125,29678.859375,30081.55078125,30081.55078125,1217400000
2019-05-06,29342.380859375,29384.009765625,28956.470703125,29209.8203125,29209.8203125,2934100000
2019-05-07,29313.580078125,29480.0390625,29156.44921875,29363.01953125,29363.01953125,1997700000
2019-05-08,28987.08984375,29252,28945.91015625,29003.19921875,29003.19921875,2182800000
2019-05-09,28839.349609375,28891.109375,28281.98046875,28311.0703125,28311.0703125,2907200000
2019-05-10,28462.33984375,28833.44921875,28203.220703125,28550.240234375,28550.240234375,2421500000
2019-05-14,27951.119140625,28205.9609375,27925.619140625,28122.01953125,28122.01953125,2875300000
2019-05-15,28171.3203125,28441.490234375,28171.3203125,28268.7109375,28268.7109375,2244900000
2019-05-16,28117.48046875,28379.369140625,28050.779296875,28275.0703125,28275.0703125,2372400000
2019-05-17,28428,28428,27909.73046875,27946.4609375,27946.4609375,1922200000
2019-05-20,27959.23046875,27999.599609375,27699.23046875,27787.609375,27787.609375,2260500000
2019-05-21,27671.400390625,27915.16015625,27598.060546875,27657.240234375,27657.240234375,2229200000
2019-05-22,27753.5390625,27828.810546875,27640.619140625,27705.939453125,27705.939453125,1705800000
2019-05-23,27505.529296875,27523.859375,27169.669921875,27267.130859375,27267.130859375,2219400000
2019-05-24,27368.6796875,27457.58984375,27291.939453125,27353.9296875,27353.9296875,1.677e+09
2019-05-27,27239.080078125,27371.349609375,27105.220703125,27288.08984375,27288.08984375,1264300000
2019-05-28,27274.830078125,27490.55078125,27230.08984375,27390.810546875,27390.810546875,3043700000
2019-05-29,27226.94921875,27429.369140625,27178.7109375,27235.7109375,27235.7109375,2236900000
2019-05-30,27319.25,27319.25,27020.73046875,27114.880859375,27114.880859375,1.884e+09
2019-05-31,27002.9609375,27155.359375,26850.26953125,26901.08984375,26901.08984375,1829500000
2019-06-03,26909.7109375,26968.099609375,26735.48046875,26893.859375,26893.859375,1716200000
2019-06-04,26994.080078125,26994.080078125,26671.900390625,26761.51953125,26761.51953125,1527700000
2019-06-05,27116.080078125,27119.48046875,26803.66015625,26895.439453125,26895.439453125,1894200000
2019-06-06,26935.869140625,26984.01953125,26837.669921875,26965.279296875,26965.279296875,1601900000
2019-06-10,27206.609375,27606.419921875,27155.029296875,27578.640625,27578.640625,2272300000
2019-06-11,27677.060546875,27857.849609375,27577.91015625,27789.33984375,27789.33984375,1824700000
2019-06-12,27603.119140625,27603.119140625,27222.029296875,27308.4609375,27308.4609375,1866900000
2019-06-13,27217.720703125,27294.7109375,26825.349609375,27294.7109375,27294.7109375,1846300000
2019-06-14,27180.740234375,27275.880859375,27051.75,27118.349609375,27118.349609375,2031100000
2019-06-17,27252.44921875,27503.099609375,27227.16015625,27227.16015625,27227.16015625,1487300000
2019-06-18,27289.69921875,27584.119140625,27201.01953125,27498.76953125,27498.76953125,1550600000
2019-06-19,28224.869140625,28224.869140625,28022.490234375,28202.140625,28202.140625,2076100000
2019-06-20,28308.849609375,28563.080078125,28258.01953125,28550.4296875,28550.4296875,1820200000
2019-06-21,28581.509765625,28581.509765625,28359.25,28473.7109375,28473.7109375,2171900000
2019-06-24,28400.630859375,28634.48046875,28358.060546875,28513,28513,1338800000
2019-06-25,28447.9609375,28470.099609375,28066.130859375,28185.98046875,28185.98046875,1.852e+09
2019-06-26,28046.16015625,28267.98046875,27985.98046875,28221.98046875,28221.98046875,1431400000
2019-06-27,28352.939453125,28621.419921875,28287.33984375,28621.419921875,28621.419921875,1679900000
2019-06-28,28632.58984375,28632.58984375,28416.9609375,28542.619140625,28542.619140625,1486700000
2019-07-02,28904.0390625,28959.060546875,28768.5390625,28875.560546875,28875.560546875,2110400000
2019-07-03,28781.970703125,28891.890625,28721.2109375,28855.140625,28855.140625,1291300000
2019-07-04,28891.970703125,29007.98046875,28776.48046875,28795.76953125,28795.76953125,928400000
2019-07-05,28785.529296875,28880.580078125,28714.919921875,28774.830078125,28774.830078125,846900000
2019-07-08,28513.140625,28541.099609375,28194.0703125,28331.689453125,28331.689453125,1250900000
2019-07-09,28299.73046875,28312.970703125,28080.73046875,28116.279296875,28116.279296875,1218500000
2019-07-10,28245.08984375,28311.779296875,28144.869140625,28204.689453125,28204.689453125,1.013e+09
2019-07-11,28347.859375,28582.689453125,28347.859375,28431.80078125,28431.80078125,1067100000
2019-07-12,28401.869140625,28603.869140625,28399.66015625,28471.619140625,28471.619140625,1204500000
2019-07-15,28303.359375,28567.25,28071.189453125,28554.880859375,28554.880859375,1317100000
2019-07-16,28583.9296875,28634.650390625,28489.41015625,28619.619140625,28619.619140625,1024700000
2019-07-17,28463.76953125,28593.169921875,28377.33984375,28593.169921875,28593.169921875,950400000
2019-07-18,28393.0390625,28511.650390625,28376.5,28461.66015625,28461.66015625,9.25e+08
2019-07-19,28585.150390625,28809.58984375,28551.19921875,28765.400390625,28765.400390625,1.261e+09
2019-07-22,28612.279296875,28649.439453125,28303.55078125,28371.259765625,28371.259765625,1104900000
2019-07-23,28392.0390625,28489.2890625,28313.7890625,28466.48046875,28466.48046875,9.5e+08
2019-07-24,28578.140625,28764.5,28515.919921875,28524.0390625,28524.0390625,1075800000
2019-07-25,28575.490234375,28628.509765625,28517.009765625,28594.30078125,28594.30078125,974300000
2019-07-26,28406.0703125,28487.640625,28338.30078125,28397.740234375,28397.740234375,1320700000
2019-07-29,28262.80078125,28302.66015625,27945.41015625,28106.41015625,28106.41015625,1563600000
2019-07-30,28059.8203125,28274.650390625,28059.8203125,28146.5,28146.5,1147600000
2019-07-31,27931.279296875,27939.720703125,27701.439453125,27777.75,27777.75,1287100000
2019-08-01,27582.2109375,27754.0390625,27495.890625,27565.69921875,27565.69921875,1736400000
2019-08-02,26950.529296875,27043.4609375,26868.9609375,26918.580078125,26918.580078125,2317600000
2019-08-05,26480.470703125,26502.609375,26086.859375,26151.3203125,26151.3203125,2120700000
2019-08-06,25472.4296875,26042.23046875,25397.349609375,25976.240234375,25976.240234375,2751900000
2019-08-07,25977.720703125,26025.439453125,25738.80078125,25997.029296875,25997.029296875,1671300000
2019-08-08,25999.44921875,26317.419921875,25999.44921875,26120.76953125,26120.76953125,1658100000
2019-08-09,26278.919921875,26313.779296875,25939.30078125,25939.30078125,25939.30078125,1357600000
2019-08-12,25869.48046875,26069.23046875,25824.720703125,25824.720703125,25824.720703125,1200400000
2019-08-13,25536.619140625,25616.7109375,25270.91015625,25281.30078125,25281.30078125,1979100000
2019-08-14,25711.099609375,25717.98046875,25197.380859375,25302.279296875,25302.279296875,1915500000
2019-08-15,24945.740234375,25552.130859375,24899.9296875,25495.4609375,25495.4609375,2145900000
2019-08-16,25484.9609375,25798.109375,25314.26953125,25734.220703125,25734.220703125,2022500000
2019-08-19,25994.80078125,26356.220703125,25994.80078125,26291.83984375,26291.83984375,2144900000
2019-08-20,26256.5390625,26347.23046875,26149.400390625,26231.5390625,26231.5390625,1822900000
2019-08-21,26160.5390625,26318.130859375,26075.91015625,26270.0390625,26270.0390625,1701500000
2019-08-22,26272.91015625,26288.240234375,25977.669921875,26048.720703125,26048.720703125,1780700000
2019-08-23,26057.880859375,26241.220703125,25940.439453125,26179.330078125,26179.330078125,1621400000
2019-08-26,25322,25692.279296875,25249.509765625,25680.330078125,25680.330078125,2475600000
2019-08-27,25715.98046875,25764.609375,25581.73046875,25664.0703125,25664.0703125,2214200000
2019-08-28,25767.080078125,25830.640625,25596.080078125,25615.48046875,25615.48046875,1462100000
2019-08-29,25606.330078125,25714.779296875,25372.490234375,25703.5,25703.5,1784900000
2019-08-30,26011.640625,26011.640625,25536.150390625,25724.73046875,25724.73046875,2017900000
2019-09-02,25627.830078125,25662.310546875,25502.69921875,25626.55078125,25626.55078125,1295100000
2019-09-03,25546.3203125,25736.05078125,25498.109375,25527.849609375,25527.849609375,1149200000
2019-09-04,25675.16015625,26654.2109375,25675.16015625,26523.23046875,26523.23046875,2688500000
2019-09-05,26512.859375,26697.849609375,26283.119140625,26515.529296875,26515.529296875,1996600000
2019-09-06,26773.130859375,26790.7890625,26563.169921875,26690.759765625,26690.759765625,1895300000
2019-09-09,26743.359375,26807.859375,26609.650390625,26681.400390625,26681.400390625,1700900000
2019-09-10,26831.98046875,26870.76953125,26634.470703125,26683.6796875,26683.6796875,1.738e+09
2019-09-11,26790.640625,27159.509765625,26705.630859375,27159.060546875,27159.060546875,2072200000
2019-09-12,27283.98046875,27283.98046875,26967.25,27087.630859375,27087.630859375,1.337e+09
2019-09-13,27154.509765625,27366.44921875,27074.5390625,27352.689453125,27352.689453125,1176500000
2019-09-16,27212.890625,27212.890625,26976.30078125,27124.55078125,27124.55078125,2189100000
2019-09-17,26942.9609375,26951.83984375,26694.369140625,26790.240234375,26790.240234375,1850700000
2019-09-18,26838.4296875,26891.16015625,26730.630859375,26754.119140625,26754.119140625,1372600000
2019-09-19,26820.73046875,26820.73046875,26372.08984375,26468.94921875,26468.94921875,1330400000
2019-09-20,26532.880859375,26564.359375,26410.41015625,26435.669921875,26435.669921875,1.973e+09
2019-09-23,26463.619140625,26483.029296875,26186.009765625,26222.400390625,26222.400390625,1285500000
2019-09-24,26300.2109375,26391.98046875,26207.26953125,26281,26281,2089400000
2019-09-25,26162.7109375,26190.560546875,25917.6796875,25945.349609375,25945.349609375,1762600000
2019-09-26,26075.150390625,26099.640625,25917.580078125,26041.9296875,26041.9296875,1700200000
2019-09-27,25977.98046875,26017.4609375,25840.66015625,25954.810546875,25954.810546875,984300000
2019-09-30,25844.7109375,26161.69921875,25786.2890625,26092.26953125,26092.26953125,1343900000
2019-10-02,25901.470703125,26092.619140625,25778.220703125,26042.689453125,26042.689453125,1202200000
2019-10-03,25831.439453125,26192.869140625,25809.470703125,26110.310546875,26110.310546875,1142400000
2019-10-04,26169.509765625,26169.509765625,25612.490234375,25821.029296875,25821.029296875,1137200000
2019-10-08,25848.73046875,26180.029296875,25761.5,25893.400390625,25893.400390625,1779100000
2019-10-09,25736.880859375,25866.83984375,25656.66015625,25682.810546875,25682.810546875,1588300000
2019-10-10,25625.5703125,25809.580078125,25521.94921875,25707.9296875,25707.9296875,1434200000
2019-10-11,25986.8203125,26393.009765625,25976.0703125,26308.439453125,26308.439453125,2.031e+09
2019-10-14,26520.9296875,26636.9296875,26386.41015625,26521.849609375,26521.849609375,2096300000
2019-10-15,26609.130859375,26609.130859375,26433.4296875,26503.9296875,26503.9296875,1569200000
2019-10-16,26553.900390625,26698.560546875,26432.4296875,26664.279296875,26664.279296875,1689400000
2019-10-17,26809.0390625,26956.8203125,26729.509765625,26848.490234375,26848.490234375,1403800000
2019-10-18,26910.55078125,26985.080078125,26650.130859375,26719.580078125,26719.580078125,1541900000
2019-10-21,26715.220703125,26818.439453125,26658.3203125,26725.6796875,26725.6796875,1045200000
2019-10-22,26813.810546875,26844.2890625,26698.30078125,26786.19921875,26786.19921875,1496900000
2019-10-23,26771.98046875,26818.990234375,26491.7109375,26566.73046875,26566.73046875,1270800000
2019-10-24,26651.029296875,26810.4296875,26592.1796875,26797.94921875,26797.94921875,1496700000
2019-10-25,26795.640625,26795.640625,26621.1796875,26667.390625,26667.390625,1151200000
2019-10-28,26770.109375,27005.6796875,26762.69921875,26891.259765625,26891.259765625,1476200000
2019-10-29,27027.560546875,27027.560546875,26729.060546875,26786.759765625,26786.759765625,1515300000
2019-10-30,26766.98046875,26809.529296875,26602.94921875,26667.7109375,26667.7109375,1554100000
2019-10-31,26708.44921875,27009.5,26708.44921875,26906.720703125,26906.720703125,1907600000
2019-11-01,26806.439453125,27102.419921875,26800.5703125,27100.759765625,27100.759765625,1421500000
2019-11-04,27299.880859375,27547.30078125,27299.4609375,27547.30078125,27547.30078125,1777500000
2019-11-05,27601.099609375,27733.0703125,27463.330078125,27683.400390625,27683.400390625,1748600000
2019-11-06,27636.330078125,27750.91015625,27547.76953125,27688.640625,27688.640625,1316700000
2019-11-07,27690.599609375,27900.80078125,27534.91015625,27847.23046875,27847.23046875,1353600000
2019-11-08,27894.560546875,27894.560546875,27582.2890625,27651.140625,27651.140625,1491800000
2019-11-11,27361.41015625,27361.41015625,26830.470703125,26926.55078125,26926.55078125,1921700000
2019-11-12,27064.259765625,27076.669921875,26794.609375,27065.279296875,27065.279296875,1149600000
2019-11-13,26761.16015625,26761.16015625,26465.330078125,26571.4609375,26571.4609375,1.855e+09
2019-11-14,26444.23046875,26605.9609375,26203.970703125,26323.689453125,26323.689453125,1554700000
2019-11-15,26529.94921875,26544.650390625,26300.080078125,26326.66015625,26326.66015625,1180300000
2019-11-18,26442.390625,26702.16015625,26406.349609375,26681.08984375,26681.08984375,1425300000
2019-11-19,26671.3203125,27093.80078125,26605.630859375,27093.80078125,27093.80078125,1542600000
2019-11-20,26936.7890625,26962.169921875,26804.349609375,26889.609375,26889.609375,1333200000
2019-11-21,26587.58984375,26587.58984375,26306.01953125,26466.880859375,26466.880859375,1712200000
2019-11-22,26584.880859375,26690.169921875,26487.669921875,26595.080078125,26595.080078125,1100400000
2019-11-25,26873.349609375,27114.220703125,26852.890625,26993.0390625,26993.0390625,1497200000
2019-11-26,27183.900390625,27227.869140625,26913.919921875,26913.919921875,26913.919921875,2416400000
2019-11-27,26943.51953125,26974.279296875,26866.80078125,26954,26954,1133700000
2019-11-28,26763.630859375,26991.80078125,26763.630859375,26893.73046875,26893.73046875,998800000
2019-11-29,26705.380859375,26705.380859375,26308.099609375,26346.490234375,26346.490234375,2004900000
2019-12-02,26475.33984375,26511.55078125,26393.08984375,26444.720703125,26444.720703125,1348900000
2019-12-03,26315.970703125,26424.119140625,26063.01953125,26391.30078125,26391.30078125,1795500000
2019-12-04,26071.390625,26191.7890625,25995.150390625,26062.560546875,26062.560546875,1502300000
2019-12-05,26300.509765625,26300.509765625,26134.060546875,26217.0390625,26217.0390625,1.228e+09
2019-12-06,26345.19921875,26520.080078125,26309.33984375,26498.369140625,26498.369140625,1644200000
2019-12-09,26513.970703125,26618.25,26432.26953125,26494.73046875,26494.73046875,1301800000
2019-12-10,26378.990234375,26527.08984375,26355.529296875,26436.619140625,26436.619140625,956300000
2019-12-11,26410.08984375,26659.98046875,26364.4296875,26645.4296875,26645.4296875,1409600000
2019-12-12,26837.939453125,27048.98046875,26837.939453125,26994.140625,26994.140625,1451700000
2019-12-13,27494.509765625,27687.759765625,27405.259765625,27687.759765625,27687.759765625,2212200000
2019-12-16,27530.5,27715.9296875,27473.3203125,27508.08984375,27508.08984375,1421400000
2019-12-17,27630.689453125,27894.720703125,27563.439453125,27843.7109375,27843.7109375,1926200000
2019-12-18,27946.740234375,27970.759765625,27775.98046875,27884.2109375,27884.2109375,1842200000
2019-12-19,27908.779296875,27908.779296875,27675.240234375,27800.490234375,27800.490234375,1296800000
2019-12-20,27834.55078125,27959.51953125,27740.66015625,27871.349609375,27871.349609375,1.68e+09
2019-12-23,28024.619140625,28024.619140625,27830.080078125,27906.41015625,27906.41015625,1216800000
2019-12-24,27901.509765625,27921.2890625,27792.66015625,27864.2109375,27864.2109375,4.84e+08
2019-12-27,28033.66015625,28226.109375,28000.619140625,28225.419921875,28225.419921875,1.375e+09
2019-12-30,28250.48046875,28418.650390625,28165.130859375,28319.390625,28319.390625,1420400000
2019-12-31,28241.4296875,28298.4609375,28123.859375,28189.75,28189.75,873700000
2020-01-02,28249.369140625,28543.51953125,28245.970703125,28543.51953125,28543.51953125,1262700000
2020-01-03,28828.359375,28883.30078125,28428.169921875,28451.5,28451.5,1797900000
2020-01-06,28326.5,28367.869140625,28054.2890625,28226.189453125,28226.189453125,1793400000
2020-01-07,28352.6796875,28473.080078125,28264.0703125,28322.060546875,28322.060546875,1302700000
2020-01-08,27999.580078125,28198.609375,27857.73046875,28087.919921875,28087.919921875,1709200000
2020-01-09,28367.650390625,28561,28325.859375,28561,28561,1692800000
2020-01-10,28665.140625,28665.140625,28504.26953125,28638.19921875,28638.19921875,1448400000
2020-01-13,28772.369140625,28971.400390625,28671.83984375,28954.939453125,28954.939453125,1765100000
2020-01-14,29149.529296875,29149.529296875,28790.490234375,28885.140625,28885.140625,1643500000
2020-01-15,28891.0703125,28972.6796875,28619.099609375,28773.58984375,28773.58984375,1240100000
2020-01-16,28806.119140625,28987.73046875,28709.5703125,28883.0390625,28883.0390625,1620900000
2020-01-17,28988.16015625,29101.150390625,28813.130859375,29056.419921875,29056.419921875,1545100000
2020-01-20,29169.119140625,29174.919921875,28795.419921875,28795.91015625,28795.91015625,1633400000
2020-01-21,28449.380859375,28492.029296875,27980.5,27985.330078125,27985.330078125,2236500000
2020-01-22,28116.5,28393.9296875,27937.6796875,28341.0390625,28341.0390625,1343300000
2020-01-23,28109.75,28133.029296875,27706.369140625,27909.119140625,27909.119140625,1753300000
2020-01-24,27935.419921875,27977.630859375,27774.5,27949.640625,27949.640625,612100000
2020-01-29,27101.5390625,27333.30078125,27101.5390625,27160.630859375,27160.630859375,2203800000
2020-01-30,27030.609375,27134.55078125,26330.05078125,26449.130859375,26449.130859375,2223600000
2020-01-31,26757.609375,26818.83984375,26295.490234375,26312.630859375,26312.630859375,1874300000
2020-02-03,26189.609375,26512.580078125,26145.58984375,26356.98046875,26356.98046875,2421500000
2020-02-04,26491.66015625,26730.259765625,26491.66015625,26675.98046875,26675.98046875,2500200000
2020-02-05,26869.3203125,26926.119140625,26641.919921875,26786.740234375,26786.740234375,2498900000
2020-02-06,27174.529296875,27608.220703125,27029.490234375,27493.69921875,27493.69921875,2249500000
2020-02-07,27356.279296875,27410.580078125,27224.119140625,27404.26953125,27404.26953125,1464500000
2020-02-10,27092.150390625,27314.640625,27044.880859375,27241.33984375,27241.33984375,1.612e+09
2020-02-11,27514.25,27674.810546875,27436.990234375,27583.880859375,27583.880859375,1868600000
2020-02-12,27717.220703125,27892.48046875,27614.830078125,27823.66015625,27823.66015625,1796600000
2020-02-13,27953.650390625,27953.650390625,27695.599609375,27730,27730,1.617e+09
2020-02-14,27698.560546875,27960.66015625,27695.58984375,27815.599609375,27815.599609375,1445300000
2020-02-17,27766.7109375,28055.580078125,27766.7109375,27959.599609375,27959.599609375,1.413e+09
2020-02-18,27766.5,27771.30078125,27496.25,27530.19921875,27530.19921875,1592200000
2020-02-19,27486.4609375,27697.4609375,27448.599609375,27655.810546875,27655.810546875,1471500000
2020-02-20,27767.279296875,27767.279296875,27383.130859375,27609.16015625,27609.16015625,1582100000
2020-02-21,27450.4609375,27484.529296875,27264.779296875,27308.810546875,27308.810546875,1773600000
2020-02-24,27105.349609375,27105.349609375,26813.220703125,26820.880859375,26820.880859375,2044700000
2020-02-25,26722.390625,26914.05078125,26667.0390625,26893.23046875,26893.23046875,1.924e+09
2020-02-26,26479.900390625,26776.060546875,26479.900390625,26696.490234375,26696.490234375,2.04e+09
2020-02-27,26529.169921875,26849.5703125,26419.970703125,26778.619140625,26778.619140625,2110400000
2020-02-28,26249.060546875,26313.55078125,25989.41015625,26129.9296875,26129.9296875,3191400000
2020-03-02,26077.73046875,26375.91015625,26077.73046875,26291.6796875,26291.6796875,2201500000
2020-03-03,26419.130859375,26527.75,26233.390625,26284.8203125,26284.8203125,2136300000
2020-03-04,26321.560546875,26372.48046875,26038.390625,26222.0703125,26222.0703125,1957100000
2020-03-05,26348.16015625,26805.580078125,26315.359375,26767.869140625,26767.869140625,2522800000
2020-03-06,26397.779296875,26408.80078125,26084.23046875,26146.669921875,26146.669921875,2646500000
2020-03-09,25134.01953125,25321.279296875,24948.380859375,25040.4609375,25040.4609375,4677900000
2020-03-10,25285.6796875,25578.609375,24978.970703125,25392.509765625,25392.509765625,3225700000
2020-03-11,25459.9609375,25493.23046875,25140.380859375,25231.609375,25231.609375,2627600000
2020-03-12,24657.669921875,24657.669921875,24117.939453125,24309.0703125,24309.0703125,3748900000
2020-03-13,22519.3203125,24184.48046875,22519.3203125,24032.91015625,24032.91015625,5495200000
2020-03-16,23317.810546875,23631.529296875,22842.25,23063.5703125,23063.5703125,4.067e+09
2020-03-17,23001.759765625,23401.19921875,22676.4609375,23263.73046875,23263.73046875,3.638e+09
2020-03-18,23023.33984375,23425.029296875,22167.419921875,22291.8203125,22291.8203125,4217200000
2020-03-19,22221.380859375,22380.33984375,21139.259765625,21709.130859375,21709.130859375,5628400000
2020-03-20,22147.33984375,22805.0703125,22147.33984375,22805.0703125,22805.0703125,4528200000
2020-03-23,21659.55078125,22064.310546875,21659.55078125,21696.130859375,21696.130859375,3.479e+09
2020-03-24,22497.5703125,22753.009765625,22383.25,22663.490234375,22663.490234375,3614100000
2020-03-25,23255.91015625,23569.44921875,23062.23046875,23527.189453125,23527.189453125,3605400000
2020-03-26,23604.830078125,23604.830078125,23163.669921875,23352.33984375,23352.33984375,2519500000
2020-03-27,23768.41015625,23791.19921875,23354.009765625,23484.279296875,23484.279296875,2199700000
2020-03-30,23020.849609375,23491.509765625,22973.330078125,23175.109375,23175.109375,2553400000
2020-03-31,23613.26953125,23627.529296875,23238.0390625,23603.48046875,23603.48046875,2876300000
2020-04-01,23365.900390625,23540.009765625,22947.640625,23085.7890625,23085.7890625,2.88e+09
2020-04-02,22838.669921875,23280.060546875,22756.130859375,23280.060546875,23280.060546875,2560900000
2020-04-03,23072.94921875,23236.109375,23030.580078125,23236.109375,23236.109375,1870600000
2020-04-06,23558.830078125,23832.9296875,23271.470703125,23749.119140625,23749.119140625,1.834e+09
2020-04-07,24093.05078125,24262.009765625,23796.029296875,24253.2890625,24253.2890625,2.535e+09
2020-04-08,24191.3203125,24191.3203125,23897.400390625,23970.369140625,23970.369140625,1840900000
2020-04-09,24181.3203125,24308.689453125,24045.1796875,24300.330078125,24300.330078125,1725300000
2020-04-14,24347.609375,24546.390625,24283.130859375,24435.400390625,24435.400390625,2050400000
2020-04-15,24499.859375,24603.599609375,24090.5,24145.33984375,24145.33984375,1906600000
2020-04-16,24025.44921875,24102.91015625,23854.7890625,24006.44921875,24006.44921875,1865500000
2020-04-17,24457.830078125,24666.640625,24308.779296875,24380,24380,1937600000
2020-04-20,24503.560546875,24503.560546875,24225.55078125,24330.01953125,24330.01953125,1375100000
2020-04-21,24247.83984375,24247.83984375,23676.130859375,23793.55078125,23793.55078125,2160700000
2020-04-22,23540.5390625,23939.2890625,23483.310546875,23893.359375,23893.359375,1668400000
2020-04-23,23983.650390625,24107.880859375,23806.30078125,23977.3203125,23977.3203125,1814300000
2020-04-24,23844.55078125,23957.169921875,23730.490234375,23831.330078125,23831.330078125,1301700000
2020-04-27,24030.66015625,24318.810546875,24030.5390625,24280.140625,24280.140625,1592700000
2020-04-28,24401.119140625,24582.66015625,24176.880859375,24575.9609375,24575.9609375,1687600000
2020-04-29,24786.01953125,24855.470703125,24549.619140625,24643.58984375,24643.58984375,1.648e+09
2020-05-04,23895.109375,23897.529296875,23584.94921875,23613.80078125,23613.80078125,2556800000
2020-05-05,23755.76953125,23928.44921875,23697.880859375,23868.66015625,23868.66015625,1.333e+09
2020-05-06,23868.01953125,24235.029296875,23868.01953125,24137.48046875,24137.48046875,1.89e+09
2020-05-07,24120.810546875,24120.810546875,23913.5,23980.630859375,23980.630859375,1317100000
2020-05-08,24193.359375,24263.73046875,24097.119140625,24230.169921875,24230.169921875,1274100000
2020-05-11,24470.1796875,24766.830078125,24470.1796875,24602.060546875,24602.060546875,1458200000
2020-05-12,24358,24411.0390625,24136.19921875,24245.6796875,24245.6796875,1479600000
2020-05-13,24111.669921875,24320.19921875,23979.369140625,24180.30078125,24180.30078125,1.359e+09
2020-05-14,24038.0703125,24081.189453125,23790.26953125,23829.740234375,23829.740234375,1697700000
2020-05-15,23834.6796875,23985.119140625,23671.609375,23797.470703125,23797.470703125,1509500000
2020-05-18,23736.669921875,23952.05078125,23722.169921875,23934.76953125,23934.76953125,1645100000
2020-05-19,24489.55078125,24552.55078125,24314.44921875,24388.130859375,24388.130859375,2.023e+09
2020-05-20,24462.900390625,24514.869140625,24315.75,24399.94921875,24399.94921875,1.432e+09
2020-05-21,24528.91015625,24528.91015625,24208.16015625,24280.029296875,24280.029296875,1474300000
2020-05-22,23756.91015625,23756.91015625,22878.259765625,22930.140625,22930.140625,3.681e+09
2020-05-25,22725.69921875,22968.650390625,22519.73046875,22952.240234375,22952.240234375,1.769e+09
2020-05-26,23198.33984375,23481.48046875,23165.490234375,23384.66015625,23384.66015625,1421100000
2020-05-27,23515.140625,23515.140625,23134.609375,23301.359375,23301.359375,1837100000
2020-05-28,23206.75,23451.779296875,22779.619140625,23132.759765625,23132.759765625,2356800000
2020-05-29,22781.109375,23089.76953125,22781.109375,22961.470703125,22961.470703125,3621400000
2020-06-01,23539.91015625,23806.3203125,23539.91015625,23732.51953125,23732.51953125,2569100000
2020-06-02,23792.240234375,23995.939453125,23766.150390625,23995.939453125,23995.939453125,1813300000
2020-06-03,24303.560546875,24364.009765625,24219.9609375,24325.619140625,24325.619140625,2455100000
2020-06-04,24643.83984375,24643.83984375,24204.099609375,24366.30078125,24366.30078125,1888900000
2020-06-05,24388.1796875,24810.220703125,24253.560546875,24770.41015625,24770.41015625,2397600000
2020-06-08,25018.05078125,25018.779296875,24678.55078125,24776.76953125,24776.76953125,2123400000
2020-06-09,24906.009765625,25253.669921875,24837.73046875,25057.220703125,25057.220703125,2203400000
2020-06-10,25179.029296875,25303.779296875,24968.30078125,25049.73046875,25049.73046875,1971300000
2020-06-11,24997.83984375,25059.3203125,24480.150390625,24480.150390625,24480.150390625,1.839e+09
2020-06-12,23920.69921875,24317.720703125,23895.029296875,24301.380859375,24301.380859375,1824500000
2020-06-15,23991.380859375,24242.970703125,23684.9609375,23776.94921875,23776.94921875,2104500000
2020-06-16,24318.150390625,24534.76953125,24302.25,24344.08984375,24344.08984375,1611600000
2020-06-17,24363.390625,24532.009765625,24195.8203125,24481.41015625,24481.41015625,1278300000
2020-06-18,24386.310546875,24464.939453125,24121.890625,24464.939453125,24464.939453125,1811300000
2020-06-19,24373.359375,24776.5390625,24334.359375,24643.890625,24643.890625,2390300000
2020-06-22,24528.529296875,24628.94921875,24391.169921875,24511.33984375,24511.33984375,1612300000
2020-06-23,24541.439453125,24907.33984375,24184.880859375,24907.33984375,24907.33984375,1549100000
2020-06-24,25034.869140625,25071.3203125,24770.94921875,24781.580078125,24781.580078125,1431900000
2020-06-26,24697.98046875,24756.580078125,24537.76953125,24549.990234375,24549.990234375,1509300000
2020-06-29,24627.640625,24627.640625,24148.619140625,24301.279296875,24301.279296875,1835900000
2020-06-30,24468.240234375,24598.609375,24271.76953125,24427.189453125,24427.189453125,1892300000
2020-07-02,24563.5703125,25124.189453125,24563.5703125,25124.189453125,25124.189453125,2746500000
2020-07-03,25319.279296875,25453.580078125,25182.599609375,25373.119140625,25373.119140625,2320600000
2020-07-06,25545.5390625,26453.609375,25543.150390625,26339.16015625,26339.16015625,4883400000
2020-07-07,26571.080078125,26782.619140625,25911.740234375,25975.66015625,25975.66015625,3913800000
2020-07-08,26078.609375,26299.83984375,25849.779296875,26129.1796875,26129.1796875,2582700000
2020-07-09,26351.130859375,26374.939453125,26016.75,26210.16015625,26210.16015625,2452700000
2020-07-10,25931.779296875,26137.91015625,25570.359375,25727.41015625,25727.41015625,2142200000
2020-07-13,25848.80078125,26103.83984375,25715.240234375,25772.119140625,25772.119140625,2127300000
2020-07-14,25663.16015625,25663.16015625,25254.3203125,25477.890625,25477.890625,2180300000
2020-07-15,25888.779296875,25888.779296875,25299.359375,25481.580078125,25481.580078125,1849300000
2020-07-16,25549.400390625,25576.490234375,24919.94921875,24970.689453125,24970.689453125,1935100000
2020-07-17,25142.060546875,25263.970703125,25015.279296875,25089.169921875,25089.169921875,1362500000
2020-07-20,25019.599609375,25222.109375,24766.169921875,25057.990234375,25057.990234375,1650600000
2020-07-21,25427.060546875,25635.66015625,25378.380859375,25635.66015625,25635.66015625,1752200000
2020-07-22,25575.25,25779.66015625,25057.939453125,25057.939453125,25057.939453125,2390100000
2020-07-23,25235.900390625,25346.359375,24992.369140625,25263,25263,1.91e+09
2020-07-24,25040.759765625,25101.099609375,24598.4609375,24705.330078125,24705.330078125,3029700000
2020-07-27,24909.9609375,24972.4609375,24526.91015625,24603.259765625,24603.259765625,1491200000
2020-07-28,24942.740234375,24942.740234375,24642.349609375,24772.759765625,24772.759765625,1358400000
2020-07-29,24710.509765625,24905.439453125,24671.509765625,24883.140625,24883.140625,1080300000
2020-07-30,24979.240234375,25197.310546875,24616.05078125,24710.58984375,24710.58984375,1779700000
2020-07-31,24747.2890625,24938.849609375,24534.7890625,24595.349609375,24595.349609375,1763200000
2020-08-03,24566.810546875,24647.279296875,24250.98046875,24458.130859375,24458.130859375,2012700000
2020-08-04,24664.599609375,25062.41015625,24539.439453125,24946.630859375,24946.630859375,1906600000
2020-08-05,25029.390625,25167.220703125,24868.2890625,25102.5390625,25102.5390625,1477900000
2020-08-06,25201.439453125,25201.439453125,24641.08984375,24930.580078125,24930.580078125,1596200000
2020-08-07,24909.369140625,24909.369140625,24167.7890625,24531.619140625,24531.619140625,1610200000
2020-08-10,24376.8203125,24536.009765625,24272.669921875,24377.4296875,24377.4296875,1256400000
2020-08-11,24662.0390625,25031.5703125,24662.0390625,24890.6796875,24890.6796875,1628400000
2020-08-12,24868.630859375,25291.80078125,24685.439453125,25244.01953125,25244.01953125,1.764e+09
2020-08-13,25490.01953125,25490.01953125,25144.4609375,25230.669921875,25230.669921875,1761200000
2020-08-14,25072.44921875,25378.529296875,25040.55078125,25183.009765625,25183.009765625,1429800000
2020-08-17,25212.279296875,25588.669921875,25163.2890625,25347.33984375,25347.33984375,1955700000
2020-08-18,25470.970703125,25470.970703125,25257.880859375,25367.380859375,25367.380859375,1534800000
2020-08-19,25359.029296875,25382.509765625,25079.25,25178.91015625,25178.91015625,1132200000
2020-08-20,25055.349609375,25055.349609375,24621.3203125,24791.390625,24791.390625,1995700000
2020-08-21,25007.130859375,25178.7890625,24885.859375,25113.83984375,25113.83984375,1210300000
2020-08-24,25352.7890625,25551.580078125,25325.150390625,25551.580078125,25551.580078125,1352300000
2020-08-25,25586.990234375,25621.080078125,25352.259765625,25486.220703125,25486.220703125,1350800000
2020-08-26,25520.41015625,25603.169921875,25360.029296875,25491.7890625,25491.7890625,1319900000
2020-08-27,25469.76953125,25469.76953125,25186.419921875,25281.150390625,25281.150390625,1701300000
2020-08-28,25330.76953125,25749.400390625,25258.16015625,25422.060546875,25422.060546875,2065300000
2020-08-31,25732.490234375,25847.109375,25177.05078125,25177.05078125,25177.05078125,3195400000
2020-09-01,25085.669921875,25254.140625,24995.44921875,25184.849609375,25184.849609375,1729500000
2020-09-02,25239.859375,25239.859375,24931.169921875,25120.08984375,25120.08984375,2.35e+09
2020-09-03,25026.990234375,25216.01953125,24854.580078125,25007.599609375,25007.599609375,2007300000
2020-09-04,24668.80078125,24813.9609375,24488.640625,24695.44921875,24695.44921875,3393700000
2020-09-07,24621.01953125,24908.2890625,24475.609375,24589.650390625,24589.650390625,1682900000
2020-09-08,24785.259765625,24785.259765625,24341.3203125,24624.33984375,24624.33984375,2074600000
2020-09-09,24295.419921875,24520.919921875,24213.359375,24468.9296875,24468.9296875,1749300000
2020-09-10,24584.939453125,24615.599609375,24293.2109375,24313.5390625,24313.5390625,1349500000
2020-09-11,24352.630859375,24572.66015625,24293.029296875,24503.310546875,24503.310546875,1306600000
2020-09-14,24569.029296875,24750.94921875,24556.51953125,24640.279296875,24640.279296875,1091400000
2020-09-15,24621.650390625,24826.869140625,24621.650390625,24732.759765625,24732.759765625,1733800000
2020-09-16,24823.9609375,24829.869140625,24635.240234375,24725.630859375,24725.630859375,1303200000
2020-09-17,24676.41015625,24713.7890625,24250.900390625,24340.849609375,24340.849609375,1630900000
2020-09-18,24381.130859375,24501.16015625,24295.009765625,24455.41015625,24455.41015625,2301800000
2020-09-21,24483.91015625,24542.55078125,23928.01953125,23950.689453125,23950.689453125,1602100000
2020-09-22,23839.669921875,23908.509765625,23675.619140625,23716.849609375,23716.849609375,1553200000
2020-09-23,23701.119140625,23795.189453125,23559.990234375,23742.509765625,23742.509765625,1642900000
2020-09-24,23537.830078125,23590.419921875,23225.330078125,23311.0703125,23311.0703125,1913700000
2020-09-25,23425.75,23495.259765625,23124.25,23235.419921875,23235.419921875,1794100000
2020-09-28,23284.08984375,23523.810546875,23250.33984375,23476.05078125,23476.05078125,1446800000
2020-09-29,23584.609375,23601.400390625,23256.919921875,23275.529296875,23275.529296875,1526700000
2020-09-30,23548.890625,23780.869140625,23368.490234375,23459.05078125,23459.05078125,1.453e+09
2020-10-05,24039.390625,24039.390625,23674.51953125,23767.779296875,23767.779296875,1420400000
2020-10-06,23895.2109375,24005.029296875,23842.25,23980.650390625,23980.650390625,1325500000
2020-10-07,23999.7890625,24243.91015625,23905.419921875,24242.859375,24242.859375,1537100000
2020-10-08,24263.330078125,24263.330078125,24021.9296875,24193.349609375,24193.349609375,1.182e+09
2020-10-09,24343.810546875,24343.810546875,24059.2890625,24119.130859375,24119.130859375,1.359e+09
2020-10-12,24217.25,24702.810546875,24196.80078125,24649.6796875,24649.6796875,2430400000
2020-10-14,24808.849609375,24808.849609375,24498.939453125,24667.08984375,24667.08984375,2.55e+09
2020-10-15,24533.75,24573.25,24102.2109375,24158.5390625,24158.5390625,2134200000
2020-10-16,24194.41015625,24456.970703125,24194.41015625,24386.7890625,24386.7890625,2697500000
2020-10-19,24565.4296875,24771.849609375,24478.470703125,24542.259765625,24542.259765625,3605500000
2020-10-20,24571.640625,24600.390625,24456.83984375,24569.5390625,24569.5390625,1879100000
2020-10-21,24695.5390625,24903,24653.16015625,24754.419921875,24754.419921875,1929400000
2020-10-22,24696.310546875,24817.009765625,24556.55078125,24786.130859375,24786.130859375,2486900000
2020-10-23,24773.119140625,24970.58984375,24683.25,24918.779296875,24918.779296875,2368200000
2020-10-27,24839.970703125,24872.51953125,24602.109375,24787.189453125,24787.189453125,2435200000
2020-10-28,24773.5390625,24844.7890625,24586.060546875,24708.80078125,24708.80078125,2011900000
2020-10-29,24290.009765625,24678.900390625,24258.560546875,24586.599609375,24586.599609375,1936700000
2020-10-30,24535.900390625,24600.5390625,24029.94921875,24107.419921875,24107.419921875,2537700000
2020-11-02,24274.830078125,24486.01953125,24232.66015625,24460.009765625,24460.009765625,2355400000
2020-11-03,24689.560546875,25048.529296875,24689.509765625,24939.73046875,24939.73046875,2244400000
2020-11-04,24790,25093.720703125,24733.23046875,24886.140625,24886.140625,2305600000
2020-11-05,25500.91015625,25695.919921875,25343.439453125,25695.919921875,25695.919921875,2617500000
2020-11-06,25750.779296875,25799.970703125,25540.98046875,25712.970703125,25712.970703125,2370500000
2020-11-09,26157.76953125,26172.23046875,25950.41015625,26016.169921875,26016.169921875,2350100000
2020-11-10,26474.0390625,26474.0390625,26041.869140625,26301.48046875,26301.48046875,3847100000
2020-11-11,26226.80078125,26432.560546875,26168.630859375,26226.98046875,26226.98046875,4120800000
2020-11-12,26409.33984375,26460.939453125,26071.150390625,26169.380859375,26169.380859375,2.679e+09
2020-11-13,26114.599609375,26156.859375,25909.1796875,26156.859375,26156.859375,2435100000
2020-11-16,26362.0703125,26394.400390625,26191.5390625,26381.669921875,26381.669921875,2090200000
2020-11-17,26515.08984375,26530.5390625,26339.880859375,26415.08984375,26415.08984375,2394600000
2020-11-18,26434.240234375,26618.009765625,26344.859375,26544.2890625,26544.2890625,2292800000
2020-11-19,26460.609375,26460.609375,26311.640625,26356.970703125,26356.970703125,2413900000
2020-11-20,26406.869140625,26564.25,26313.279296875,26451.5390625,26451.5390625,2149400000
2020-11-23,26659.7890625,26662.66015625,26369.33984375,26486.19921875,26486.19921875,2235200000
2020-11-24,26630.33984375,26630.33984375,26409.76953125,26588.19921875,26588.19921875,2.015e+09
2020-11-25,26819.9609375,27040.41015625,26591.30078125,26669.75,26669.75,2.86e+09
2020-11-26,26695.25,26819.44921875,26612,26819.44921875,26819.44921875,1977700000
2020-11-27,26758.490234375,27009.150390625,26704.599609375,26894.6796875,26894.6796875,2733600000
2020-11-30,26853.390625,26960.9296875,26322.6796875,26341.490234375,26341.490234375,5742100000
2020-12-01,26422.7109375,26662.1796875,26375.240234375,26567.6796875,26567.6796875,3564200000
2020-12-02,26670.119140625,26670.119140625,26379.48046875,26532.580078125,26532.580078125,3704100000
2020-12-03,26623.419921875,26781.990234375,26556.01953125,26728.5,26728.5,2830400000
2020-12-04,26811.58984375,26835.919921875,26652.33984375,26835.919921875,26835.919921875,3205400000
2020-12-07,26870.580078125,26870.580078125,26256.400390625,26506.849609375,26506.849609375,2.806e+09
2020-12-08,26460.349609375,26460.349609375,26270.91015625,26304.560546875,26304.560546875,2542700000
2020-12-09,26510.419921875,26666.939453125,26445.66015625,26502.83984375,26502.83984375,2537700000
2020-12-10,26335.259765625,26434.470703125,26287.01953125,26410.58984375,26410.58984375,2000600000
2020-12-11,26634.2109375,26704.009765625,26443.009765625,26505.869140625,26505.869140625,2497400000
2020-12-14,26522.099609375,26544.119140625,26318.109375,26389.51953125,26389.51953125,2.211e+09
2020-12-15,26418.9296875,26436.0390625,26127.6796875,26207.2890625,26207.2890625,2587100000
2020-12-16,26421.2109375,26510.189453125,26318.740234375,26460.2890625,26460.2890625,2043400000
2020-12-17,26608.439453125,26678.380859375,26390.58984375,26678.380859375,26678.380859375,2262400000
2020-12-18,26650.490234375,26668.099609375,26363.05078125,26498.599609375,26498.599609375,3.08e+09
2020-12-21,26422.619140625,26498.650390625,26274.650390625,26306.6796875,26306.6796875,2.045e+09
2020-12-22,26260.779296875,26365.19921875,25998.869140625,26119.25,26119.25,1747500000
2020-12-23,26083.109375,26343.099609375,26071.759765625,26343.099609375,26343.099609375,2009500000
2020-12-24,26342.869140625,26470.400390625,26221.30078125,26386.560546875,26386.560546875,1297800000
2020-12-28,26288.369140625,26514.080078125,26264.3203125,26314.630859375,26314.630859375,2669600000
2020-12-29,26490.44921875,26618.779296875,26432.91015625,26568.490234375,26568.490234375,2304700000
2020-12-30,26695.109375,27159.470703125,26670.970703125,27147.109375,27147.109375,2552800000
2020-12-31,27194.7890625,27340.990234375,27163.509765625,27231.130859375,27231.130859375,2054700000
2021-01-04,27087.130859375,27502.830078125,27079.240234375,27472.810546875,27472.810546875,2870400000
2021-01-05,27281.33984375,27690.2109375,27150.380859375,27649.859375,27649.859375,3282500000
2021-01-06,27613.33984375,27756.4296875,27389.779296875,27692.30078125,27692.30078125,3079400000
2021-01-07,27715.939453125,27752.359375,27457.470703125,27548.51953125,27548.51953125,3775100000
2021-01-08,27630.029296875,27920.76953125,27538.19921875,27878.220703125,27878.220703125,5667300000
2021-01-11,28003.98046875,28176.650390625,27794.810546875,27908.220703125,27908.220703125,4366100000
2021-01-12,27894.2890625,28276.75,27781.419921875,28276.75,28276.75,3399600000
2021-01-13,28309.3203125,28414.5390625,28136.640625,28235.599609375,28235.599609375,3559400000
2021-01-14,28408.119140625,28510.919921875,28280.08984375,28496.859375,28496.859375,3205600000
2021-01-15,28394.369140625,28667.58984375,28294.66015625,28573.859375,28573.859375,4485400000
2021-01-18,28454.58984375,28864.25,28390.2890625,28862.76953125,28862.76953125,2956400000
2021-01-19,29100.169921875,29848.4296875,29100.169921875,29642.279296875,29642.279296875,4568200000
2021-01-20,29794.41015625,29993.470703125,29676.5390625,29962.470703125,29962.470703125,3937800000
2021-01-21,29951.779296875,30135.5,29745.869140625,29927.759765625,29927.759765625,3004900000
2021-01-22,29809.23046875,29862.890625,29413.51953125,29447.849609375,29447.849609375,3381700000
2021-01-25,29677.30078125,30191.16015625,29673.259765625,30159.009765625,30159.009765625,3066500000
2021-01-26,29892.849609375,29965.109375,29345.740234375,29391.259765625,29391.259765625,4810700000
2021-01-27,29556.580078125,29636.630859375,29194.369140625,29297.529296875,29297.529296875,3.809e+09
2021-01-28,28914.849609375,29191.6796875,28467.009765625,28550.76953125,28550.76953125,2993500000
2021-01-29,28826.1796875,28972.060546875,28259.73046875,28283.7109375,28283.7109375,3196800000
2021-02-01,28457.849609375,28982.76953125,28382.259765625,28892.859375,28892.859375,2464300000
2021-02-02,29378.119140625,29511,29198.859375,29248.69921875,29248.69921875,2739200000
2021-02-03,29305.41015625,29312,28967.009765625,29307.4609375,29307.4609375,2681400000
2021-02-04,29093.5390625,29409,28775.380859375,29113.5,29113.5,3032200000
2021-02-05,29305.08984375,29495.640625,29184.08984375,29288.6796875,29288.6796875,2675300000
2021-02-08,29629.080078125,29706.080078125,29293.640625,29319.470703125,29319.470703125,2196700000
2021-02-09,29442.5,29527.669921875,29263.98046875,29476.189453125,29476.189453125,1.851e+09
2021-02-10,29796.189453125,30075.5,29732.23046875,30038.720703125,30038.720703125,1998300000
2021-02-11,29995.279296875,30184.169921875,29828.619140625,30173.5703125,30173.5703125,1192100000
2021-02-16,30675.8203125,30793.48046875,30497.400390625,30746.66015625,30746.66015625,3269700000
2021-02-17,30636.369140625,31168.30078125,30503.4609375,31084.939453125,31084.939453125,3.144e+09
2021-02-18,31183.359375,31183.359375,30570.55078125,30595.26953125,30595.26953125,3687600000
2021-02-19,30483.4609375,30720.150390625,30099.7109375,30644.73046875,30644.73046875,3317200000
2021-02-22,31071.609375,31071.609375,30298.580078125,30319.830078125,30319.830078125,4449900000
2021-02-23,30189.970703125,30948.470703125,30126.400390625,30632.640625,30632.640625,4605700000
2021-02-24,30702.650390625,30792.880859375,29532.6796875,29718.240234375,29718.240234375,4846300000
2021-02-25,30174.220703125,30453.119140625,29833.05078125,30074.169921875,30074.169921875,3663900000
2021-02-26,29412.130859375,29579.669921875,28980.2109375,28980.2109375,28980.2109375,4126400000
2021-03-01,29457.890625,29550.75,29195.970703125,29452.5703125,29452.5703125,2629100000
2021-03-02,29708.390625,29765.9609375,28957.310546875,29095.859375,29095.859375,2895800000
2021-03-03,29249.4296875,29912,29183.58984375,29880.419921875,29880.419921875,3228600000
2021-03-04,29525.48046875,29597.16015625,29102.099609375,29236.7890625,29236.7890625,2957900000
2021-03-05,28667.140625,29397.26953125,28513.130859375,29098.2890625,29098.2890625,3996700000
2021-03-08,29362.58984375,29386.330078125,28422.26953125,28540.830078125,28540.830078125,4906900000
2021-03-09,28665.259765625,29047.130859375,28326.130859375,28773.23046875,28773.23046875,4377900000
2021-03-10,29255.369140625,29255.369140625,28710.91015625,28907.51953125,28907.51953125,2842800000
2021-03-11,28909.98046875,29412.419921875,28893.2109375,29385.609375,29385.609375,3604300000
2021-03-12,29550.369140625,29550.369140625,28707.349609375,28739.720703125,28739.720703125,3557200000
2021-03-15,28923.94921875,29178.990234375,28612.740234375,28833.759765625,28833.759765625,3096700000
2021-03-16,29036.8203125,29118.619140625,28872.400390625,29027.689453125,29027.689453125,2351600000
2021-03-17,28992.240234375,29180.009765625,28780.23046875,29034.119140625,29034.119140625,1901300000
2021-03-18,29317.609375,29596.580078125,29317.609375,29405.720703125,29405.720703125,2113700000
2021-03-19,29158.48046875,29271.400390625,28737.5390625,28990.939453125,28990.939453125,3814400000
2021-03-22,28801.08984375,29139.0703125,28801.08984375,28885.33984375,28885.33984375,2065800000
2021-03-23,29008.01953125,29043.1796875,28376.220703125,28497.380859375,28497.380859375,2049600000
2021-03-24,28437.490234375,28457.869140625,27827.05078125,27918.140625,27918.140625,2689100000
2021-03-25,27628.080078125,28032.009765625,27505.080078125,27899.609375,27899.609375,2.595e+09
2021-03-26,28043.650390625,28415.150390625,28014.2890625,28336.4296875,28336.4296875,2415400000
2021-03-29,28317.3203125,28484.66015625,28132.359375,28338.30078125,28338.30078125,2847700000
2021-03-30,28552.76953125,28694.150390625,28371.23046875,28577.5,28577.5,2269800000
2021-03-31,28802.529296875,28802.529296875,28332.779296875,28378.349609375,28378.349609375,2703800000
2021-04-01,28594.55078125,28938.740234375,28511.650390625,28938.740234375,28938.740234375,2.233e+09
2021-04-07,29101.400390625,29101.400390625,28598.859375,28674.80078125,28674.80078125,2223600000
2021-04-08,28604.119140625,29054.8203125,28587.109375,29008.0703125,29008.0703125,2522300000
2021-04-09,29152.439453125,29152.439453125,28604.55078125,28698.80078125,28698.80078125,1897300000
2021-04-12,28791.970703125,28791.970703125,28274.26953125,28453.279296875,28453.279296875,1992300000
2021-04-13,28557.83984375,28877.150390625,28452.119140625,28497.25,28497.25,2062100000
2021-04-14,28796.55078125,28979.349609375,28685.060546875,28900.830078125,28900.830078125,1941500000
2021-04-15,28872.8203125,28884.5703125,28530.990234375,28793.140625,28793.140625,1901900000
2021-04-16,28827.169921875,29079.1796875,28711.109375,28969.7109375,28969.7109375,2192400000
2021-04-19,28960.130859375,29319.759765625,28806.759765625,29106.150390625,29106.150390625,2020100000
2021-04-20,28962.80078125,29220.189453125,28885.55078125,29135.73046875,29135.73046875,2014200000
2021-04-21,28702.26953125,28778.359375,28506.759765625,28621.919921875,28621.919921875,2.202e+09
2021-04-22,28716.98046875,28848.01953125,28597,28755.33984375,28755.33984375,1934900000
2021-04-23,28798.44921875,29078.75,28748.5703125,29078.75,29078.75,1.901e+09
2021-04-26,29106.44921875,29238.990234375,28908.650390625,28952.830078125,28952.830078125,1786400000
2021-04-27,28895.380859375,29045.109375,28793.220703125,28941.5390625,28941.5390625,1834900000
2021-04-28,28991.939453125,29071.33984375,28887.330078125,29071.33984375,29071.33984375,2074100000
2021-04-29,29268.2109375,29405.119140625,29162.869140625,29303.259765625,29303.259765625,1838100000
2021-04-30,29143.4296875,29154.75,28701.689453125,28724.880859375,28724.880859375,2577600000
2021-05-03,28659.91015625,28684.830078125,28256.029296875,28357.5390625,28357.5390625,1.726e+09
2021-05-04,28438.150390625,28577.51953125,28321.33984375,28557.140625,28557.140625,1921100000
2021-05-05,28427.669921875,28677.359375,28325.9609375,28417.98046875,28417.98046875,1720800000
2021-05-06,28647.970703125,28753.970703125,28384.119140625,28637.4609375,28637.4609375,2478800000
2021-05-07,28721.130859375,28884.029296875,28530.7109375,28610.650390625,28610.650390625,2205300000
2021-05-10,28776.990234375,28842.109375,28453.140625,28595.66015625,28595.66015625,2358800000
2021-05-11,28286.560546875,28286.560546875,27910.7109375,28013.810546875,28013.810546875,2383400000
2021-05-12,28073.919921875,28231.0390625,27897.470703125,28231.0390625,28231.0390625,2132300000
2021-05-13,27920.009765625,28060.9296875,27718.669921875,27718.669921875,27718.669921875,2167400000
2021-05-14,27872.689453125,28064.009765625,27715.880859375,28027.5703125,28027.5703125,1880800000
2021-05-17,28130.509765625,28268.390625,28074.140625,28194.08984375,28194.08984375,1.857e+09
2021-05-18,28438.029296875,28617.33984375,28438.029296875,28593.810546875,28593.810546875,2.066e+09
2021-05-20,28413.490234375,28508.240234375,28293.23046875,28450.2890625,28450.2890625,2465800000
2021-05-21,28584.33984375,28584.33984375,28286.919921875,28458.439453125,28458.439453125,1653200000
2021-05-24,28417.990234375,28444.359375,28195.51953125,28412.259765625,28412.259765625,1719600000
2021-05-25,28461.5,28929.240234375,28461.5,28910.859375,28910.859375,2352100000
2021-05-26,29056.279296875,29261.859375,29027.94921875,29166.009765625,29166.009765625,2518500000
2021-05-27,28998.390625,29157.94921875,28950.720703125,29113.19921875,29113.19921875,3.805e+09
2021-05-28,29219.4609375,29336.130859375,29033.720703125,29124.41015625,29124.41015625,2591600000
2021-05-31,29225.4609375,29225.4609375,28909.51953125,29151.80078125,29151.80078125,2188600000
2021-06-01,29159.060546875,29480.16015625,29036.44921875,29468,29468,1.832e+09
2021-06-02,29414.640625,29490.609375,29208.73046875,29297.619140625,29297.619140625,1933200000
2021-06-03,29365.3203125,29377.900390625,28902.669921875,28966.029296875,28966.029296875,2241800000
2021-06-04,28837.94921875,29023.1796875,28737.970703125,28918.099609375,28918.099609375,3054600000
2021-06-07,28985.599609375,29003.990234375,28615.609375,28787.279296875,28787.279296875,2573200000
2021-06-08,28900.51953125,28979.19921875,28638.310546875,28781.380859375,28781.380859375,1626900000
2021-06-09,28771.140625,28859.580078125,28687.689453125,28742.630859375,28742.630859375,1.807e+09
2021-06-10,28792.01953125,28954.400390625,28664.939453125,28738.880859375,28738.880859375,1940100000
2021-06-11,28864.900390625,28965.150390625,28743.8203125,28842.130859375,28842.130859375,2038600000
2021-06-15,28946.439453125,28946.439453125,28453.48046875,28638.529296875,28638.529296875,2376500000
2021-06-16,28609.369140625,28648.640625,28403.640625,28436.83984375,28436.83984375,2053800000
2021-06-17,28240.880859375,28558.58984375,28216.08984375,28558.58984375,28558.58984375,1.888e+09
2021-06-18,28586.0390625,28830.849609375,28532.080078125,28801.26953125,28801.26953125,3761400000
2021-06-21,28501.640625,28590.220703125,28314.9296875,28489,28489,2182700000
2021-06-22,28575.16015625,28579,28299.66015625,28309.759765625,28309.759765625,1980100000
2021-06-23,28468.240234375,28893.7890625,28406.609375,28817.0703125,28817.0703125,2293400000
2021-06-24,28865.4609375,28993.369140625,28782.33984375,28882.4609375,28882.4609375,1723200000
2021-06-25,29002.669921875,29305.169921875,28971.599609375,29288.220703125,29288.220703125,2149400000
2021-06-28,29366.490234375,29394.689453125,29209.4296875,29268.30078125,29268.30078125,1512600000
2021-06-29,29291.890625,29291.890625,28924.609375,28994.099609375,28994.099609375,2356500000
2021-06-30,29107.900390625,29146.279296875,28827.69921875,28827.94921875,28827.94921875,2051500000
2021-07-02,28859.01953125,28859.01953125,28231.73046875,28310.419921875,28310.419921875,2816200000
2021-07-05,28098.91015625,28338.7890625,28042.7109375,28143.5,28143.5,1827200000
2021-07-06,28136.630859375,28151.349609375,27904.529296875,28072.859375,28072.859375,1904200000
2021-07-07,27777.810546875,27969.41015625,27703.41015625,27960.619140625,27960.619140625,2040700000
2021-07-08,27881.5,27921.060546875,27110.619140625,27153.130859375,27153.130859375,2948600000
2021-07-09,27131.5703125,27450.7890625,26861.869140625,27344.5390625,27344.5390625,2.5e+09
2021-07-12,27672.69921875,27741.189453125,27420.349609375,27515.240234375,27515.240234375,2054200000
2021-07-13,27694.029296875,28052.3203125,27612.689453125,27963.41015625,27963.41015625,1995600000
2021-07-14,27965.390625,27965.390625,27708.7109375,27787.4609375,27787.4609375,1865700000
2021-07-15,27801.400390625,28181.2109375,27741.08984375,27996.26953125,27996.26953125,2081500000
2021-07-16,27972.560546875,28218.529296875,27878.529296875,28004.6796875,28004.6796875,1968800000
2021-07-19,27786.5390625,27786.5390625,27397.2890625,27489.779296875,27489.779296875,1874200000
2021-07-20,27395.830078125,27532.859375,27121.490234375,27259.25,27259.25,2263400000
2021-07-21,27339.220703125,27371.5,26971.029296875,27224.580078125,27224.580078125,1672500000
2021-07-22,27464.279296875,27759.7109375,27455.4296875,27723.83984375,27723.83984375,1807200000
2021-07-23,27740.94921875,27740.94921875,27222.0390625,27321.98046875,27321.98046875,1182700000
2021-07-26,26825.73046875,26878.75,26177.400390625,26192.3203125,26192.3203125,2695200000
2021-07-27,26011.509765625,26323.609375,24748.83984375,25086.4296875,25086.4296875,4657400000
2021-07-28,25356.740234375,25520.75,24848.4296875,25473.880859375,25473.880859375,3391800000
2021-07-29,26221.359375,26335.359375,25857.419921875,26315.3203125,26315.3203125,3272200000
2021-07-30,26042.83984375,26151,25636.890625,25961.029296875,25961.029296875,2425100000
2021-08-02,26054.810546875,26300.55078125,25743.08984375,26235.80078125,26235.80078125,1768600000
2021-08-03,26289.060546875,26289.060546875,25774.619140625,26194.8203125,26194.8203125,2.01e+09
2021-08-04,26161.830078125,26650.8203125,26009.830078125,26426.55078125,26426.55078125,1776500000
2021-08-05,26390.009765625,26569.369140625,26126.369140625,26204.689453125,26204.689453125,1695600000
2021-08-06,26262.970703125,26276.869140625,26002.41015625,26179.400390625,26179.400390625,1559600000
2021-08-09,25969.23046875,26527.240234375,25920.849609375,26283.400390625,26283.400390625,1585100000
2021-08-10,26456.609375,26610.94921875,26138.869140625,26605.619140625,26605.619140625,1735300000
2021-08-11,26491.740234375,26822.470703125,26454.44921875,26660.16015625,26660.16015625,2414400000
2021-08-12,26623.76953125,26713.240234375,26385.44921875,26517.8203125,26517.8203125,1.655e+09
2021-08-13,26296.189453125,26521.94921875,26200.240234375,26391.619140625,26391.619140625,1336200000
2021-08-16,26365.189453125,26449.7109375,26046.900390625,26181.4609375,26181.4609375,1648300000
2021-08-17,26137.900390625,26258.7890625,25615.380859375,25745.869140625,25745.869140625,2291300000
2021-08-18,25800.029296875,26025.140625,25708.94921875,25867.009765625,25867.009765625,1756900000
2021-08-19,25787.83984375,25832.919921875,25183.669921875,25316.330078125,25316.330078125,2312900000
2021-08-20,25241.3203125,25244.75,24581.599609375,24849.720703125,24849.720703125,2855800000
2021-08-23,25169.44921875,25458.330078125,25036.990234375,25109.58984375,25109.58984375,2.185e+09
2021-08-24,25428.6796875,25727.919921875,25361.75,25727.919921875,25727.919921875,2052900000
2021-08-25,25930.05078125,25982.640625,25548.470703125,25693.94921875,25693.94921875,1716400000
2021-08-26,25673.779296875,25706.619140625,25255.830078125,25415.689453125,25415.689453125,1834100000
2021-08-27,25337.55078125,25641.330078125,25304.619140625,25407.890625,25407.890625,1.528e+09
2021-08-30,25406.490234375,25583.58984375,25219.80078125,25539.5390625,25539.5390625,1995600000
2021-08-31,25524.23046875,25878.990234375,25110.720703125,25878.990234375,25878.990234375,2918100000
2021-09-01,25871.8203125,26101.94921875,25694.109375,26028.2890625,26028.2890625,2181300000
2021-09-02,26203.51953125,26359.310546875,25967.98046875,26090.4296875,26090.4296875,2024300000
2021-09-03,26022.669921875,26052.810546875,25811.76953125,25901.990234375,25901.990234375,2549400000
2021-09-06,25827.169921875,26176.4296875,25827.169921875,26163.630859375,26163.630859375,1912500000
2021-09-07,26207.220703125,26458.880859375,26135.400390625,26353.630859375,26353.630859375,1842200000
2021-09-08,26396.109375,26560.0390625,26164.7890625,26320.9296875,26320.9296875,1861300000
2021-09-09,26076.9296875,26125.08984375,25624.51953125,25716,25716,2090800000
2021-09-10,25870.7109375,26205.91015625,25870.7109375,26205.91015625,26205.91015625,2001300000
2021-09-13,25885.30078125,25886.900390625,25570.83984375,25813.810546875,25813.810546875,2315600000
2021-09-14,25827.69921875,25900.6796875,25377.830078125,25502.23046875,25502.23046875,2.399e+09
2021-09-15,25310.029296875,25411.91015625,24990.939453125,25033.2109375,25033.2109375,2420900000
2021-09-16,25042.029296875,25045.55078125,24505.2109375,24667.849609375,24667.849609375,2499800000
2021-09-17,24589.169921875,24920.759765625,24424.740234375,24920.759765625,24920.759765625,3102300000
2021-09-20,24640.4296875,24640.4296875,23871.83984375,24099.140625,24099.140625,2651600000
2021-09-21,23867.16015625,24284.869140625,23771.4609375,24221.5390625,24221.5390625,2079700000
2021-09-23,24614.140625,24827.4609375,24313.6796875,24510.98046875,24510.98046875,2711900000
2021-09-24,24487.240234375,24636.640625,24095.7890625,24192.16015625,24192.16015625,2014400000
2021-09-27,24131.419921875,24509,24131.419921875,24208.779296875,24208.779296875,2323600000
2021-09-28,24323,24679.4609375,24232.98046875,24500.390625,24500.390625,2457900000
2021-09-29,24276.7109375,24694.4609375,24045.990234375,24663.5,24663.5,2150200000
2021-09-30,24494.259765625,24660.6796875,24346.75,24575.640625,24575.640625,1580400000
2021-10-04,24478.6796875,24478.6796875,23908.05078125,24036.369140625,24036.369140625,1596300000
2021-10-05,23771.650390625,24180.080078125,23681.439453125,24104.150390625,24104.150390625,1.717e+09
2021-10-06,24259.19921875,24259.19921875,23812.349609375,23966.490234375,23966.490234375,1878700000
2021-10-07,24339.3203125,24741.279296875,24310.109375,24701.73046875,24701.73046875,1764600000
2021-10-08,25064.80078125,25064.80078125,24595.580078125,24837.849609375,24837.849609375,2.359e+09
2021-10-11,25161.80078125,25437.16015625,25161.80078125,25325.08984375,25325.08984375,2114300000
2021-10-12,24995.94921875,25188.779296875,24865.80078125,24962.58984375,24962.58984375,1835300000
2021-10-15,25187.05078125,25330.9609375,24929.560546875,25330.9609375,25330.9609375,2345200000
2021-10-18,25425.3203125,25425.3203125,25123.25,25409.75,25409.75,1.648e+09
2021-10-19,25471.25,25808.619140625,25458.029296875,25787.2109375,25787.2109375,1671200000
2021-10-20,26074.19921875,26214.630859375,25915.619140625,26136.01953125,26136.01953125,1823600000
2021-10-21,26141.849609375,26229.80078125,25840.58984375,26017.529296875,26017.529296875,2085100000
2021-10-22,26114.83984375,26195.2890625,25976.029296875,26126.9296875,26126.9296875,1699600000
2021-10-25,26020.779296875,26212.900390625,25929.669921875,26132.029296875,26132.029296875,1455200000
2021-10-26,26234.939453125,26234.939453125,25905.080078125,26038.26953125,26038.26953125,1533500000
2021-10-27,25795.169921875,25795.169921875,25555.169921875,25628.740234375,25628.740234375,1620800000
2021-10-28,25648.419921875,25736.380859375,25473.16015625,25555.73046875,25555.73046875,2021100000
2021-10-29,25466.859375,25516.220703125,25314.240234375,25377.240234375,25377.240234375,2051300000
2021-11-01,25268.349609375,25270.41015625,24972.5,25154.3203125,25154.3203125,1586700000
2021-11-02,25609.009765625,25639.66015625,25030.689453125,25099.669921875,25099.669921875,1964600000
2021-11-03,25060.9296875,25187.08984375,24808.58984375,25024.75,25024.75,1690500000
2021-11-04,25141.099609375,25244.98046875,25010.359375,25225.189453125,25225.189453125,1639500000
2021-11-05,24950.6796875,25049.369140625,24724.390625,24870.509765625,24870.509765625,2020700000
2021-11-08,24743.5390625,24837.76953125,24633.5703125,24763.76953125,24763.76953125,1762600000
2021-11-09,24952.8203125,24956.369140625,24678.66015625,24813.130859375,24813.130859375,1154700000
2021-11-10,24787.439453125,25013.109375,24481.259765625,24996.140625,24996.140625,1688100000
2021-11-11,24856.109375,25324.66015625,24836.2109375,25247.990234375,25247.990234375,2001900000
2021-11-12,25522.830078125,25527.130859375,25210.560546875,25327.970703125,25327.970703125,1632100000
2021-11-15,25437.990234375,25483.259765625,25230.330078125,25390.91015625,25390.91015625,1155800000
2021-11-16,25446.650390625,25746.7109375,25410.869140625,25713.779296875,25713.779296875,1528800000
2021-11-17,25667.810546875,25667.810546875,25520.669921875,25650.080078125,25650.080078125,1193800000
2021-11-18,25369.880859375,25414.2109375,25222.599609375,25319.720703125,25319.720703125,1342900000
2021-11-19,24934.400390625,25077.150390625,24825.4296875,25049.970703125,25049.970703125,1640400000
2021-11-22,25057.060546875,25099.94921875,24869.939453125,24951.33984375,24951.33984375,1510400000
2021-11-23,24688.990234375,24794.720703125,24618.740234375,24651.580078125,24651.580078125,1486300000
2021-11-24,24672.099609375,24851.529296875,24557.630859375,24685.5,24685.5,1.791e+09
2021-11-25,24699.689453125,24762.609375,24532.8203125,24740.16015625,24740.16015625,1188600000
2021-11-26,24502.6796875,24502.6796875,24062.259765625,24080.51953125,24080.51953125,1804100000
2021-11-29,23910.490234375,24134.3203125,23774.310546875,23852.240234375,23852.240234375,1.741e+09
2021-11-30,23782.859375,23888.369140625,23175.369140625,23475.259765625,23475.259765625,3344900000
2021-12-01,23595.5703125,23864.30078125,23537.650390625,23658.919921875,23658.919921875,2118600000
2021-12-02,23524.05078125,23807,23517.51953125,23788.9296875,23788.9296875,2328200000
2021-12-03,23675.259765625,23802.76953125,23451.9296875,23766.689453125,23766.689453125,2717900000
2021-12-06,23420.439453125,23628.30078125,23314.970703125,23349.380859375,23349.380859375,2357400000
2021-12-07,23704.509765625,23989.779296875,23512.5,23983.66015625,23983.66015625,2120300000
2021-12-08,24090.01953125,24097.98046875,23907.30078125,23996.869140625,23996.869140625,1778600000
2021-12-09,24168.41015625,24324.83984375,24153.720703125,24254.859375,24254.859375,1743300000
2021-12-10,24070.560546875,24214.6796875,23916.630859375,23995.720703125,23995.720703125,1413900000
2021-12-13,24242.259765625,24385.439453125,23936.9296875,23954.580078125,23954.580078125,1538100000
2021-12-14,23693.73046875,23817.580078125,23560.130859375,23635.94921875,23635.94921875,1553600000
2021-12-15,23658.0390625,23745.75,23325.919921875,23420.759765625,23420.759765625,1597100000
2021-12-16,23287.9296875,23526.05078125,23155.619140625,23475.5,23475.5,1.499e+09
2021-12-17,23463.779296875,23463.779296875,23158.69921875,23192.630859375,23192.630859375,2188700000
2021-12-20,23079.830078125,23145.30078125,22665.25,22744.859375,22744.859375,1681600000
2021-12-21,22795.5703125,23100.1796875,22730.080078125,22971.330078125,22971.330078125,1651200000
2021-12-22,23221.130859375,23258.7109375,22979.759765625,23102.330078125,23102.330078125,1230800000
2021-12-23,23141.7890625,23264.75,23027.150390625,23193.640625,23193.640625,1387900000
2021-12-24,23375.990234375,23383.189453125,23186.5703125,23223.759765625,23223.759765625,622900000
2021-12-28,23282.349609375,23319.439453125,23099.48046875,23280.560546875,23280.560546875,1.433e+09
2021-12-29,23253.98046875,23253.98046875,23008.279296875,23086.5390625,23086.5390625,828400000
2021-12-30,23130.44921875,23248.259765625,22990.240234375,23112.009765625,23112.009765625,1008400000
2021-12-31,23553.7890625,23590.119140625,23394.76953125,23397.669921875,23397.669921875,675900000
2022-01-03,23510.5390625,23605.029296875,23193.189453125,23274.75,23274.75,734300000
2022-01-04,23400.619140625,23439.30078125,23146.890625,23289.83984375,23289.83984375,1760100000
2022-01-05,23323.76953125,23323.76953125,22851.5,22907.25,22907.25,2768900000
2022-01-06,22843.19921875,23082.94921875,22709.599609375,23072.859375,23072.859375,1765800000
2022-01-07,23318.919921875,23497.5,23162.849609375,23493.380859375,23493.380859375,2602300000
2022-01-10,23523.900390625,23790.51953125,23399.08984375,23746.5390625,23746.5390625,2544900000
2022-01-11,23678.689453125,23863.830078125,23595.009765625,23739.060546875,23739.060546875,2331500000
2022-01-12,24069.51953125,24402.169921875,24069.51953125,24402.169921875,24402.169921875,2489500000
2022-01-13,24561.48046875,24561.48046875,24289.189453125,24429.76953125,24429.76953125,2160500000
2022-01-14,24185.859375,24383.3203125,24140.810546875,24383.3203125,24383.3203125,1.84e+09
2022-01-17,24390.2890625,24408.880859375,24111.740234375,24218.029296875,24218.029296875,1633500000
2022-01-18,24274.75,24385.05078125,24009.7109375,24112.779296875,24112.779296875,1638900000
2022-01-19,24229.779296875,24286.140625,23951.599609375,24127.849609375,24127.849609375,1729900000
2022-01-20,24263.150390625,24952.349609375,24233.1796875,24952.349609375,24952.349609375,2531400000
2022-01-21,24897.58984375,24982.029296875,24723.919921875,24965.55078125,24965.55078125,2370100000
2022-01-24,24693.4296875,24795.5390625,24570.869140625,24656.4609375,24656.4609375,1871500000
2022-01-25,24251.220703125,24366.890625,24001.9609375,24243.609375,24243.609375,2183400000
2022-01-26,24342.900390625,24487.30078125,24123.69921875,24289.900390625,24289.900390625,1959600000
2022-01-27,23952.009765625,23952.009765625,23565,23807,23807,1846800000
2022-01-28,23818.939453125,23848.01953125,23507.029296875,23550.080078125,23550.080078125,1777200000
2022-01-31,23624.140625,23975.69921875,23469.759765625,23802.259765625,23802.259765625,995500000
2022-02-04,24392.859375,24609.330078125,24140.890625,24573.2890625,24573.2890625,1832900000
2022-02-07,24609.4296875,24616.5,24365.890625,24579.55078125,24579.55078125,2538100000
2022-02-08,24548.05078125,24548.05078125,24149.75,24329.490234375,24329.490234375,2294900000
2022-02-09,24727.33984375,24896.4296875,24690.44921875,24829.990234375,24829.990234375,2511100000
2022-02-10,25050.58984375,25050.58984375,24649.740234375,24924.349609375,24924.349609375,2097900000
2022-02-11,24837.19921875,24957.810546875,24732.650390625,24906.66015625,24906.66015625,2514700000
2022-02-14,24725.099609375,24733.109375,24482.859375,24556.5703125,24556.5703125,1978800000
2022-02-15,24458.5,24570.08984375,24219.900390625,24355.7109375,24355.7109375,2625900000
2022-02-16,24618.30078125,24728.9296875,24548.05078125,24718.900390625,24718.900390625,1815200000
2022-02-17,24722.880859375,24861.8203125,24523.94921875,24792.76953125,24792.76953125,1566200000
2022-02-18,24633.66015625,24763.369140625,24284.529296875,24327.7109375,24327.7109375,1677800000
2022-02-21,24109.58984375,24231.080078125,23998.76953125,24170.0703125,24170.0703125,1618300000
2022-02-22,23692.5390625,23813.640625,23336.779296875,23520,23520,2057600000
2022-02-23,23617.970703125,23745.0703125,23500.919921875,23660.279296875,23660.279296875,1.416e+09
2022-02-24,23268.029296875,23376.369140625,22786.390625,22901.560546875,22901.560546875,2997700000
2022-02-25,22908.099609375,23046.859375,22718.150390625,22767.1796875,22767.1796875,2524300000
2022-02-28,22818.169921875,22818.169921875,22406.119140625,22713.01953125,22713.01953125,2833800000
2022-03-01,22739.83984375,22937.560546875,22591.73046875,22761.7109375,22761.7109375,1.796e+09
2022-03-02,22568.359375,22712.439453125,22299.140625,22343.919921875,22343.919921875,2227900000
2022-03-03,22434.259765625,22543.419921875,22378.109375,22467.33984375,22467.33984375,1937700000
2022-03-04,21879.130859375,22017.939453125,21838.990234375,21905.2890625,21905.2890625,2438200000
2022-03-07,21308.900390625,21327.189453125,20826.359375,21057.630859375,21057.630859375,3322900000
2022-03-08,21082.390625,21303.51953125,20638.94921875,20765.869140625,20765.869140625,3.232e+09
2022-03-09,20820.01953125,20957.720703125,20102.5703125,20627.7109375,20627.7109375,3674600000
2022-03-10,21106.5703125,21114.439453125,20709.619140625,20890.259765625,20890.259765625,2694300000
2022-03-11,20460.029296875,20778.859375,20079.150390625,20553.7890625,20553.7890625,3.02e+09
2022-03-14,20203.83984375,20203.83984375,19416.779296875,19531.66015625,19531.66015625,4096100000
2022-03-15,18931.1796875,19392.689453125,18235.48046875,18415.080078125,18415.080078125,6012800000
2022-03-16,18956.01953125,20120.849609375,18584.0390625,20087.5,20087.5,5501100000
2022-03-17,21430.7109375,21501.23046875,20786.689453125,21501.23046875,21501.23046875,4826200000
2022-03-18,21232.880859375,21646.150390625,20922.369140625,21412.400390625,21412.400390625,4590500000
2022-03-21,21823.0703125,21823.0703125,21096.310546875,21221.33984375,21221.33984375,2.34e+09
2022-03-22,21319.189453125,21906.3203125,21266.900390625,21889.279296875,21889.279296875,2590400000
2022-03-23,22088.7890625,22423.509765625,21983.099609375,22154.080078125,22154.080078125,2835700000
2022-03-24,22002.869140625,22231.669921875,21900.130859375,21945.94921875,21945.94921875,2404800000
2022-03-25,21735.609375,21944.080078125,21289.259765625,21404.880859375,21404.880859375,2358200000
2022-03-28,21422.19921875,21790.970703125,21202.689453125,21684.970703125,21684.970703125,2200300000
2022-03-29,21771.2890625,21937.26953125,21722.169921875,21927.630859375,21927.630859375,2259300000
2022-03-30,22101.630859375,22391.349609375,22033.779296875,22232.029296875,22232.029296875,2729600000
2022-03-31,22262.16015625,22262.16015625,21922.580078125,21996.849609375,21996.849609375,2226300000
2022-04-01,21693.099609375,22039.55078125,21558.05078125,22039.55078125,22039.55078125,1937500000
2022-04-04,22227.109375,22523.640625,22124.029296875,22502.310546875,22502.310546875,1868100000
2022-04-06,22220.2109375,22244.990234375,22015.119140625,22080.51953125,22080.51953125,2749800000
2022-04-07,21910.400390625,22236.9296875,21779.189453125,21808.98046875,21808.98046875,2.079e+09
2022-04-08,21667.529296875,21872.009765625,21568.220703125,21872.009765625,21872.009765625,1739900000
2022-04-11,21688.029296875,21688.029296875,21132.5390625,21208.30078125,21208.30078125,2104900000
2022-04-12,21279.1796875,21519.130859375,20988.19921875,21319.130859375,21319.130859375,2045300000
2022-04-13,21192.619140625,21531.48046875,21141.060546875,21374.369140625,21374.369140625,1696900000
2022-04-14,21463.349609375,21587.470703125,21358.73046875,21518.080078125,21518.080078125,1719400000
2022-04-19,21106,21191.80078125,20896.4296875,21027.759765625,21027.759765625,2240100000
2022-04-20,20972.83984375,21214.98046875,20889.01953125,20944.669921875,20944.669921875,1876400000
2022-04-21,20780.859375,20920.599609375,20483.859375,20682.220703125,20682.220703125,2226200000
2022-04-22,20261.609375,20709.490234375,20184.9609375,20638.51953125,20638.51953125,2351300000
2022-04-25,20284.599609375,20284.599609375,19784.279296875,19869.33984375,19869.33984375,2912300000
2022-04-26,19989.0390625,20258.640625,19858.359375,19934.7109375,19934.7109375,2565700000
2022-04-27,19723.4609375,20053.109375,19665.490234375,19946.359375,19946.359375,2.361e+09
2022-04-28,20118.7890625,20286.830078125,19956.669921875,20276.169921875,20276.169921875,2255700000
2022-04-29,20271.400390625,21176.580078125,20040.0703125,21089.390625,21089.390625,2727100000
2022-05-03,20927.619140625,21291.80078125,20648.529296875,21101.890625,21101.890625,1741700000
2022-05-04,21025.69921875,21047.130859375,20772.80078125,20869.51953125,20869.51953125,1139900000
2022-05-05,21163.150390625,21284.849609375,20776.970703125,20793.400390625,20793.400390625,1827100000
2022-05-06,20287.060546875,20320.279296875,19973.470703125,20001.9609375,20001.9609375,2110600000
2022-05-10,19300.6796875,19758.630859375,19178.890625,19633.689453125,19633.689453125,2785700000
2022-05-11,19511.80078125,20083.490234375,19474.029296875,19824.5703125,19824.5703125,1958400000
2022-05-12,19556.890625,19731.26953125,19342.890625,19380.33984375,19380.33984375,2273600000
2022-05-13,19615.990234375,19925.439453125,19608.259765625,19898.76953125,19898.76953125,2075300000
2022-05-16,20131.529296875,20173.220703125,19764.9609375,19950.2109375,19950.2109375,1796400000
2022-05-17,20193.599609375,20626.419921875,20169.240234375,20602.51953125,20602.51953125,2207400000
2022-05-18,20674.23046875,20711.9296875,20389.609375,20644.279296875,20644.279296875,1.946e+09
2022-05-19,20146.9609375,20277.939453125,19924.869140625,20120.6796875,20120.6796875,2120900000
2022-05-20,20470.94921875,20794.130859375,20408.6796875,20717.240234375,20717.240234375,2173100000
2022-05-23,20608.650390625,20642.759765625,20303.55078125,20470.060546875,20470.060546875,1696100000
2022-05-24,20420.140625,20509.619140625,19989.619140625,20112.099609375,20112.099609375,1825200000
2022-05-25,20115.560546875,20370.740234375,20067.98046875,20171.26953125,20171.26953125,2097500000
2022-05-26,20272.220703125,20272.220703125,19890.759765625,20116.19921875,20116.19921875,1855500000
2022-05-27,20646.060546875,20779.75,20494.150390625,20697.359375,20697.359375,2565800000
2022-05-30,20933.5,21169.080078125,20885.01953125,21123.9296875,21123.9296875,2609300000
2022-05-31,21106.41015625,21415.19921875,21029.720703125,21415.19921875,21415.19921875,3919100000
2022-06-01,21407.7890625,21411.94921875,21154.0390625,21294.939453125,21294.939453125,2073500000
2022-06-02,21057.0390625,21115.779296875,20884.16015625,21082.130859375,21082.130859375,1816100000
2022-06-06,21282.509765625,21691.919921875,21030.0703125,21653.900390625,21653.900390625,2244700000
2022-06-07,21577.48046875,21744.4609375,21394.58984375,21531.669921875,21531.669921875,2145400000
2022-06-08,21788.890625,22064.119140625,21734.490234375,22014.58984375,22014.58984375,2.943e+09
2022-06-09,22121.529296875,22142.8203125,21737.939453125,21869.05078125,21869.05078125,2544500000
2022-06-10,21522.5,21935.009765625,21487.91015625,21806.1796875,21806.1796875,2686100000
2022-06-13,21162.529296875,21320.150390625,20993.759765625,21067.580078125,21067.580078125,2.607e+09
2022-06-14,20783.5390625,21175.009765625,20717.640625,21067.990234375,21067.990234375,1965900000
2022-06-15,21111.3203125,21431.0703125,21111.3203125,21308.2109375,21308.2109375,2301300000
2022-06-16,21515.640625,21545.83984375,20697.41015625,20845.4296875,20845.4296875,2341100000
2022-06-17,20716.740234375,21145.939453125,20697.169921875,21075,21075,3097500000
2022-06-20,20948.80078125,21175.98046875,20839.01953125,21163.91015625,21163.91015625,2085200000
2022-06-21,21264.98046875,21564.869140625,21175.94921875,21559.58984375,21559.58984375,2133400000
2022-06-22,21469.740234375,21519.580078125,21008.33984375,21008.33984375,21008.33984375,2470600000
2022-06-23,21157.580078125,21443.58984375,21010.890625,21273.869140625,21273.869140625,2007300000
2022-06-24,21450.6796875,21762.669921875,21408.66015625,21719.060546875,21719.060546875,2410800000
2022-06-27,21976.80078125,22414.4296875,21976.80078125,22229.51953125,22229.51953125,2994700000
2022-06-28,22144.630859375,22449.310546875,21952.439453125,22418.970703125,22418.970703125,2.874e+09
2022-06-29,22125.609375,22289.0703125,21844.05078125,21996.890625,21996.890625,2834500000
2022-06-30,21917.44921875,22111.91015625,21719.169921875,21859.7890625,21859.7890625,2822700000
2022-07-04,21690.6796875,21886.349609375,21458.630859375,21830.349609375,21830.349609375,2203700000
2022-07-05,22053.16015625,22198.509765625,21799.189453125,21853.0703125,21853.0703125,2143800000
2022-07-06,21777.640625,21833.400390625,21286.66015625,21586.66015625,21586.66015625,2886400000
2022-07-07,21352.69921875,21643.580078125,21200.9296875,21643.580078125,21643.580078125,1744600000
2022-07-08,21961.75,21961.75,21614.650390625,21725.779296875,21725.779296875,1565400000
2022-07-11,21470.76953125,21470.76953125,21001.630859375,21124.19921875,21124.19921875,1693900000
2022-07-12,20905.0703125,21084.08984375,20779.58984375,20844.740234375,20844.740234375,1745200000
2022-07-13,20911.529296875,21040.33984375,20751.48046875,20797.94921875,20797.94921875,2.057e+09
2022-07-14,20818.26953125,20888.80078125,20554.150390625,20751.2109375,20751.2109375,2371200000
2022-07-15,20522.109375,20656.9609375,20215.970703125,20297.720703125,20297.720703125,2.526e+09
2022-07-18,20479.580078125,20866.330078125,20294.140625,20846.1796875,20846.1796875,2053600000
2022-07-19,20719.19921875,20758.7109375,20549.439453125,20661.060546875,20661.060546875,1287500000
2022-07-20,20968.419921875,21111.779296875,20884.919921875,20890.220703125,20890.220703125,1405300000
2022-07-21,20811.599609375,20827.609375,20527.349609375,20574.630859375,20574.630859375,1760400000
2022-07-22,20717.470703125,20788.4609375,20513.80078125,20609.140625,20609.140625,1327700000
2022-07-25,20516.33984375,20595.08984375,20353.6796875,20562.939453125,20562.939453125,1377200000
2022-07-26,20676.6796875,20952.44921875,20631.8203125,20905.880859375,20905.880859375,1701200000
2022-07-27,20684.48046875,20770.099609375,20572.419921875,20670.0390625,20670.0390625,1729900000
2022-07-28,20705.4609375,20772.630859375,20533.419921875,20622.6796875,20622.6796875,1965200000
2022-07-29,20647.44921875,20647.44921875,20050.05078125,20156.509765625,20156.509765625,2181700000
2022-08-01,20026.599609375,20251.4296875,19883.919921875,20165.83984375,20165.83984375,1970700000
2022-08-02,19943.16015625,19943.16015625,19515.5390625,19689.2109375,19689.2109375,2291200000
2022-08-03,19865.689453125,19921.91015625,19685.48046875,19767.08984375,19767.08984375,1789700000
2022-08-04,20011.25,20216.580078125,19995.4609375,20174.0390625,20174.0390625,1924400000
2022-08-05,20283.58984375,20283.58984375,20096.5390625,20201.939453125,20201.939453125,1635400000
2022-08-08,20065.349609375,20171.890625,19954.0390625,20045.76953125,20045.76953125,1376900000
2022-08-09,20039.30078125,20250.869140625,19856.23046875,20003.439453125,20003.439453125,1497200000
2022-08-10,19956.509765625,19956.509765625,19469.109375,19610.83984375,19610.83984375,1730300000
2022-08-11,19840.5703125,20082.4296875,19789.9609375,20082.4296875,20082.4296875,1600800000
2022-08-12,20158.2890625,20208.01953125,20011.380859375,20175.619140625,20175.619140625,1567900000
2022-08-15,20038.48046875,20260.66015625,19984.0390625,20040.859375,20040.859375,1393400000
2022-08-16,20107.140625,20173.400390625,19662.609375,19830.51953125,19830.51953125,1947800000
2022-08-17,19995.76953125,20069.849609375,19800.580078125,19922.44921875,19922.44921875,1411800000
2022-08-18,19991.939453125,19991.939453125,19675.4609375,19763.91015625,19763.91015625,1586600000
2022-08-19,19656.80078125,19898.1796875,19656.80078125,19773.029296875,19773.029296875,1399800000
2022-08-22,19572.419921875,19825.9296875,19564.189453125,19656.98046875,19656.98046875,1596100000
2022-08-23,19644.23046875,19701.55078125,19377.08984375,19503.25,19503.25,1847500000
2022-08-24,19542.240234375,19542.240234375,19189.5390625,19268.740234375,19268.740234375,1997600000
2022-08-25,19418.4609375,19990.310546875,19418.4609375,19968.380859375,19968.380859375,1684300000
2022-08-26,20138.689453125,20185.150390625,20050.970703125,20170.0390625,20170.0390625,1868900000
2022-08-29,19960.2890625,20073.939453125,19889.669921875,20023.220703125,20023.220703125,1595200000
2022-08-30,20062.73046875,20062.73046875,19645.5703125,19949.029296875,19949.029296875,1658900000
2022-08-31,19589.849609375,20173.01953125,19564.83984375,19954.390625,19954.390625,2783300000
2022-09-01,19761.720703125,19839.509765625,19532.859375,19597.310546875,19597.310546875,2000300000
2022-09-02,19572.470703125,19630.80078125,19342.490234375,19452.08984375,19452.08984375,2095600000
2022-09-05,19299.08984375,19299.08984375,19064.7890625,19225.69921875,19225.69921875,2181100000
2022-09-06,19261.69921875,19358.01953125,19107.599609375,19202.73046875,19202.73046875,1716300000
2022-09-07,18915.869140625,19068.900390625,18818.779296875,19044.30078125,19044.30078125,1839600000
2022-09-08,19043.83984375,19075.740234375,18803.759765625,18854.619140625,18854.619140625,1718100000
2022-09-09,18893.650390625,19417.560546875,18893.650390625,19362.25,19362.25,1994800000
2022-09-13,19404.640625,19492.060546875,19296.25,19326.859375,19326.859375,1787200000
2022-09-14,18933.30078125,18989.220703125,18797.7890625,18847.099609375,18847.099609375,1.732e+09
2022-09-15,18833.900390625,19013.029296875,18833.900390625,18930.380859375,18930.380859375,1797300000
2022-09-16,18732.439453125,18905.279296875,18678.220703125,18761.689453125,18761.689453125,2793900000
2022-09-19,18695.349609375,18697.08984375,18494.5390625,18565.970703125,18565.970703125,1745700000
2022-09-20,18700.6796875,18861.470703125,18685.4609375,18781.419921875,18781.419921875,1478200000
2022-09-21,18638.849609375,18638.849609375,18434.650390625,18444.619140625,18444.619140625,1629400000
2022-09-22,18080.9296875,18195.08984375,17965.330078125,18147.94921875,18147.94921875,1729100000
2022-09-23,18055.58984375,18165.94921875,17926.2890625,17933.26953125,17933.26953125,1776800000
2022-09-26,17781.869140625,18077.640625,17727.400390625,17855.140625,17855.140625,2557100000
2022-09-27,17838.650390625,17904.2109375,17648.419921875,17860.310546875,17860.310546875,1900500000
2022-09-28,17703.390625,17703.390625,17184.5390625,17250.880859375,17250.880859375,2948500000
2022-09-29,17570.169921875,17629.669921875,17046.830078125,17165.869140625,17165.869140625,2534700000
2022-09-30,17165.9296875,17344.810546875,17016.279296875,17222.830078125,17222.830078125,2113900000
2022-10-03,17050.25,17252.109375,16906.9609375,17079.509765625,17079.509765625,1.361e+09
2022-10-05,17811.970703125,18164.19921875,17682.849609375,18087.970703125,18087.970703125,2256100000
2022-10-06,18100.48046875,18143.849609375,17958.140625,18012.150390625,18012.150390625,1082400000
2022-10-07,17851.619140625,17881.869140625,17717.73046875,17740.05078125,17740.05078125,1129300000
2022-10-10,17449.359375,17449.359375,17174.609375,17216.66015625,17216.66015625,1771800000
2022-10-11,17194.73046875,17206.509765625,16789.970703125,16832.359375,16832.359375,1797700000
2022-10-12,16758.26953125,17040.69921875,16438.599609375,16701.029296875,16701.029296875,2407400000
2022-10-13,16700.650390625,16736.58984375,16389.109375,16389.109375,16389.109375,2241900000
2022-10-14,16671.6796875,17028.6796875,16535.369140625,16587.689453125,16587.689453125,2322700000
2022-10-17,16479.740234375,16754.51953125,16308.9501953125,16612.900390625,16612.900390625,2061200000
2022-10-18,16860.19921875,16914.580078125,16558.41015625,16914.580078125,16914.580078125,1971300000
2022-10-19,16805.91015625,16923.119140625,16508.369140625,16511.279296875,16511.279296875,1.714e+09
2022-10-20,16230.7900390625,16452.970703125,16010.7197265625,16280.2197265625,16280.2197265625,2295300000
2022-10-21,16331.1103515625,16359.0400390625,16137.1796875,16211.1201171875,16211.1201171875,2052400000
2022-10-24,15894.75,15993.8798828125,15082.83984375,15180.6904296875,15180.6904296875,3597400000
2022-10-25,15242.099609375,15435.3701171875,14947.3896484375,15165.58984375,15165.58984375,3275300000
2022-10-26,15096.3203125,15584.0595703125,15041.400390625,15317.669921875,15317.669921875,2718600000
2022-10-27,15721.26953125,15833.2802734375,15410.9697265625,15427.9404296875,15427.9404296875,2526200000
2022-10-28,15424.9404296875,15441.990234375,14770.08984375,14863.0595703125,14863.0595703125,3051300000
2022-10-31,14830.6904296875,15113.150390625,14597.3095703125,14687.01953125,14687.01953125,4183600000
2022-11-01,14859.919921875,15632.849609375,14859.919921875,15455.26953125,15455.26953125,3787400000
2022-11-02,15389.5498046875,15867.240234375,15276.759765625,15827.169921875,15827.169921875,2774600000
2022-11-03,15477.740234375,15623.1796875,15301.669921875,15339.490234375,15339.490234375,2544800000
2022-11-04,15442.759765625,16513.16015625,15442.759765625,16161.1396484375,16161.1396484375,3951100000
2022-11-07,16031.7900390625,16821.890625,15980.849609375,16595.91015625,16595.91015625,3227800000
2022-11-08,16640.599609375,16719.009765625,16429.810546875,16557.310546875,16557.310546875,2071200000
2022-11-09,16552.80078125,16730.19921875,16213.0302734375,16358.51953125,16358.51953125,3.271e+09
2022-11-10,16138.2197265625,16138.2197265625,15945.2001953125,16081.0400390625,16081.0400390625,2204700000
2022-11-11,17120.05078125,17368.0390625,16829,17325.66015625,17325.66015625,5112600000
2022-11-14,17999.259765625,18011.640625,17518.880859375,17619.7109375,17619.7109375,5547500000
2022-11-15,17665.80078125,18356.779296875,17552.30078125,18343.119140625,18343.119140625,4.9e+09
2022-11-16,18169.2109375,18414.08984375,18031.869140625,18256.48046875,18256.48046875,3918400000
2022-11-17,18071.599609375,18220.810546875,17711.83984375,18045.66015625,18045.66015625,2930400000
2022-11-18,18316.359375,18378.060546875,17910.189453125,17992.5390625,17992.5390625,2792900000
2022-11-21,17654.150390625,17746.33984375,17389.44921875,17655.91015625,17655.91015625,2.231e+09
2022-11-22,17625.189453125,17751.9296875,17287.599609375,17424.41015625,17424.41015625,3024900000
2022-11-23,17460.900390625,17640.83984375,17375.9609375,17523.810546875,17523.810546875,2423800000
2022-11-24,17684.529296875,17759.240234375,17517.119140625,17660.900390625,17660.900390625,2910400000
2022-11-25,17673.19921875,17673.19921875,17412.0390625,17573.580078125,17573.580078125,3176700000
2022-11-28,17000.23046875,17364.2109375,16833.6796875,17297.939453125,17297.939453125,2799300000
2022-11-29,17558.599609375,18204.6796875,17536.44921875,18204.6796875,18204.6796875,4273400000
2022-11-30,18141.560546875,18645.349609375,18052.3203125,18597.23046875,18597.23046875,5359700000
2022-12-01,19058.900390625,19237.44921875,18679.349609375,18736.439453125,18736.439453125,4.262e+09
2022-12-02,18785.279296875,18841.220703125,18530.8203125,18675.349609375,18675.349609375,3757400000
2022-12-05,19221.6796875,19539.599609375,19035.140625,19518.2890625,19518.2890625,4890100000
2022-12-06,19211.69921875,19569.669921875,19202.869140625,19441.1796875,19441.1796875,3552100000
2022-12-07,19380.80078125,19737.310546875,18799.810546875,18814.8203125,18814.8203125,5308900000
2022-12-08,18965.05078125,19521.599609375,18965.05078125,19450.23046875,19450.23046875,2856200000
2022-12-09,19484.23046875,19926.48046875,19404.5,19900.869140625,19900.869140625,4023300000
2022-12-12,19594.51953125,19718.080078125,19366.220703125,19463.630859375,19463.630859375,3115200000
2022-12-13,19458.01953125,19707.75,19382.30078125,19596.19921875,19596.19921875,2584100000
2022-12-14,19775.330078125,19859.75,19528.7109375,19673.44921875,19673.44921875,2758700000
2022-12-15,19612.669921875,19675.6796875,19233.859375,19368.58984375,19368.58984375,2243400000
2022-12-16,19343.69921875,19621.130859375,19130.529296875,19450.669921875,19450.669921875,2.876e+09
2022-12-19,19472.2109375,19786.2890625,19255.94921875,19352.810546875,19352.810546875,2238200000
2022-12-20,19156.939453125,19283.140625,18885.19921875,19094.80078125,19094.80078125,1938500000
2022-12-21,19190.91015625,19255.740234375,19063.30078125,19160.490234375,19160.490234375,1348400000
2022-12-22,19537.44921875,19735,19475.6796875,19679.220703125,19679.220703125,1939800000
2022-12-23,19382.23046875,19686.76953125,19380.470703125,19593.060546875,19593.060546875,1363700000
2022-12-28,19787.939453125,20099.76953125,19787.939453125,19898.91015625,19898.91015625,2823800000
2022-12-29,19648.400390625,19764.51953125,19539.83984375,19741.140625,19741.140625,2902400000
2022-12-30,20030.849609375,20073.919921875,19781.41015625,19781.41015625,19781.41015625,1747700000
2023-01-03,19570.4296875,20212.55078125,19303.73046875,20145.2890625,20145.2890625,2286700000
2023-01-04,20319.98046875,20793.109375,20233.390625,20793.109375,20793.109375,3.016e+09
2023-01-05,21295.869140625,21396.08984375,20962.400390625,21052.169921875,21052.169921875,2875400000
2023-01-06,21220.890625,21282.7109375,20862.76953125,20991.640625,20991.640625,2754500000
2023-01-09,21295.939453125,21470.689453125,21216.919921875,21388.33984375,21388.33984375,2697900000
2023-01-10,21370.419921875,21395.419921875,21187.73046875,21331.4609375,21331.4609375,2543200000
2023-01-11,21463.8203125,21686.30078125,21327.41015625,21436.05078125,21436.05078125,2971300000
2023-01-12,21599.8203125,21698.939453125,21223.83984375,21514.099609375,21514.099609375,2834600000
2023-01-13,21605.0703125,21770.080078125,21474.98046875,21738.66015625,21738.66015625,2463600000
2023-01-16,21818.650390625,21947.55078125,21572.509765625,21746.720703125,21746.720703125,2559100000
2023-01-17,21678.05078125,21797.619140625,21417.25,21577.640625,21577.640625,2307500000
2023-01-18,21514.80078125,21691.669921875,21422.189453125,21678,21678,2485300000
2023-01-19,21452.259765625,21754.080078125,21383.029296875,21650.98046875,21650.98046875,1664900000
2023-01-20,21812.4609375,22051.76953125,21754.349609375,22044.650390625,22044.650390625,1956200000
2023-01-26,22386.369140625,22566.779296875,22329.0703125,22566.779296875,22566.779296875,2455100000
2023-01-27,22614.919921875,22700.849609375,22483.779296875,22688.900390625,22688.900390625,2012100000
2023-01-30,22579.880859375,22623.810546875,21992.509765625,22069.73046875,22069.73046875,3802800000
2023-01-31,22190.26953125,22284.3203125,21631.55078125,21842.330078125,21842.330078125,3304400000
2023-02-01,21920.80078125,22072.1796875,21703.599609375,22072.1796875,22072.1796875,2548600000
2023-02-02,22276.23046875,22311.9609375,21930.529296875,21958.359375,21958.359375,2401200000
2023-02-03,21811.080078125,21820.779296875,21459.650390625,21660.470703125,21660.470703125,2414700000
2023-02-06,21349.169921875,21349.169921875,21085.720703125,21222.16015625,21222.16015625,2314500000
2023-02-07,21288.390625,21512.2109375,21259.2109375,21298.69921875,21298.69921875,1777900000
2023-02-08,21283.900390625,21443.48046875,21178.869140625,21283.51953125,21283.51953125,1894500000
2023-02-09,21154.25,21637.55078125,21151.26953125,21624.359375,21624.359375,1933800000
2023-02-10,21559.439453125,21579.990234375,21157.51953125,21190.419921875,21190.419921875,1782700000
2023-02-13,20910.080078125,21230.150390625,20799.91015625,21164.419921875,21164.419921875,1772600000
2023-02-14,21235.919921875,21237.880859375,21074.939453125,21113.759765625,21113.759765625,1408700000
2023-02-15,21116.83984375,21117.580078125,20726.830078125,20812.169921875,20812.169921875,2.143e+09
2023-02-16,20947.0703125,21306.5390625,20887.69921875,20987.669921875,20987.669921875,2180500000
2023-02-17,20958.630859375,21056.6796875,20703.740234375,20719.810546875,20719.810546875,1631700000
2023-02-20,20681.470703125,20973.669921875,20606.849609375,20886.9609375,20886.9609375,1915400000
2023-02-21,20859.5,20941.30078125,20503.05078125,20529.490234375,20529.490234375,2004600000
2023-02-22,20512.490234375,20620.98046875,20344.859375,20423.83984375,20423.83984375,1766400000
2023-02-23,20339.150390625,20601.220703125,20323.240234375,20351.349609375,20351.349609375,1729700000
2023-02-24,20223.669921875,20233.640625,20006.779296875,20010.0390625,20010.0390625,2061900000
2023-02-27,19821.029296875,20086.529296875,19804.560546875,19943.509765625,19943.509765625,1897600000
2023-02-28,20020.169921875,20185.05078125,19783.0703125,19785.939453125,19785.939453125,2751900000
2023-03-01,19849.970703125,20674.0703125,19849.970703125,20619.7109375,20619.7109375,2889600000
2023-03-02,20390.01953125,20548.5703125,20321.25,20429.4609375,20429.4609375,1992600000
2023-03-03,20703.140625,20727.25,20498.16015625,20567.5390625,20567.5390625,2226100000
2023-03-06,20437.869140625,20702.75,20410,20603.189453125,20603.189453125,2485400000
2023-03-07,20606.830078125,21005.66015625,20358.779296875,20534.48046875,20534.48046875,3634800000
2023-03-08,20256.890625,20269.9296875,19969.470703125,20051.25,20051.25,2643500000
2023-03-09,20082.419921875,20157.240234375,19907.580078125,19925.740234375,19925.740234375,2193300000
2023-03-10,19580.779296875,19637.720703125,19281.970703125,19319.919921875,19319.919921875,3.588e+09
2023-03-13,19411.880859375,19791.640625,19390.380859375,19695.970703125,19695.970703125,3133700000
2023-03-14,19524.509765625,19639.51953125,19122.8203125,19247.9609375,19247.9609375,3027400000
2023-03-15,19523.490234375,19745.439453125,19431.08984375,19539.869140625,19539.869140625,2633900000
2023-03-16,19197.970703125,19388.76953125,19109.0703125,19203.91015625,19203.91015625,3047400000
2023-03-17,19439.83984375,19597.1796875,19303.2890625,19518.58984375,19518.58984375,4332300000
2023-03-20,19352.900390625,19382.970703125,18829.109375,19000.7109375,19000.7109375,2.839e+09
2023-03-21,19118.869140625,19295.640625,19018.099609375,19258.759765625,19258.759765625,1929700000
2023-03-22,19428.359375,19775.689453125,19428.359375,19591.4296875,19591.4296875,2364100000
2023-03-23,19619.740234375,20051.259765625,19523.5,20049.640625,20049.640625,2531200000
2023-03-24,19919.650390625,20118.2890625,19834.44921875,19915.6796875,19915.6796875,2306900000
2023-03-27,19851.7890625,19938.76953125,19509.490234375,19567.689453125,19567.689453125,2503600000
2023-03-28,19688.310546875,19875.109375,19559.470703125,19784.650390625,19784.650390625,1935100000
2023-03-29,20348.640625,20437.689453125,20107.73046875,20192.400390625,20192.400390625,2597400000
2023-03-30,20216.7890625,20320.01953125,20017.169921875,20309.130859375,20309.130859375,2.982e+09
2023-03-31,20583.880859375,20721.970703125,20357.41015625,20400.109375,20400.109375,3.045e+09
2023-04-03,20379.5,20475.4296875,20226.94921875,20409.1796875,20409.1796875,2651200000
2023-04-04,20364.359375,20364.359375,20126.900390625,20274.58984375,20274.58984375,2415300000
2023-04-06,20146.220703125,20343.859375,20099.48046875,20331.19921875,20331.19921875,2143200000
2023-04-11,20566.58984375,20750.73046875,20293.369140625,20485.240234375,20485.240234375,3064200000
2023-04-12,20481.529296875,20494.810546875,20236.919921875,20309.859375,20309.859375,2351900000
2023-04-13,19977.9609375,20344.48046875,19885.529296875,20344.48046875,20344.48046875,2329700000
2023-04-14,20422.720703125,20482.6796875,20297.16015625,20438.810546875,20438.810546875,2086300000
2023-04-17,20374.509765625,20864.740234375,20299.150390625,20782.44921875,20782.44921875,3411200000
2023-04-18,20643.41015625,20742.390625,20559.080078125,20650.509765625,20650.509765625,2349700000
2023-04-19,20633,20633,20336.7109375,20367.759765625,20367.759765625,2183700000
2023-04-20,20354.830078125,20472.5,20308.330078125,20396.970703125,20396.970703125,2047200000
2023-04-21,20330.150390625,20378.900390625,19974.91015625,20075.73046875,20075.73046875,2494200000
2023-04-24,20049.869140625,20146.369140625,19734.6796875,19959.939453125,19959.939453125,2247900000
2023-04-25,19903.529296875,19910.279296875,19527.630859375,19617.880859375,19617.880859375,2196300000
2023-04-26,19520.970703125,19903.73046875,19520.970703125,19757.26953125,19757.26953125,1.941e+09
2023-04-27,19736.349609375,19880.2890625,19662.599609375,19840.279296875,19840.279296875,2150500000
2023-04-28,19936.01953125,20167.880859375,19879.0703125,19894.5703125,19894.5703125,2574900000
2023-05-02,20122.900390625,20286.4609375,19761.130859375,19933.810546875,19933.810546875,1459400000
2023-05-03,19686.150390625,19721.9609375,19538.720703125,19699.16015625,19699.16015625,1460700000
2023-05-04,19695.73046875,19979.76953125,19695.73046875,19948.73046875,19948.73046875,3206300000
2023-05-05,20061,20208.75,19968.41015625,20049.310546875,20049.310546875,3321200000
2023-05-08,20128.1796875,20321.740234375,20081.69921875,20297.029296875,20297.029296875,4288100000
2023-05-09,20252.130859375,20297.830078125,19817.779296875,19867.580078125,19867.580078125,4037900000
2023-05-10,19860.5,19880.029296875,19696.58984375,19762.19921875,19762.19921875,2779500000
2023-05-11,19842.98046875,19854.490234375,19567.619140625,19743.7890625,19743.7890625,2213800000
2023-05-12,19850.83984375,19853.369140625,19596.490234375,19627.240234375,19627.240234375,2284200000
2023-05-15,19525.060546875,20063.349609375,19498.0390625,19971.130859375,19971.130859375,2580100000
2023-05-16,20183.279296875,20183.279296875,19891.490234375,19978.25,19978.25,1720900000
2023-05-17,19956.130859375,19987.9296875,19538.08984375,19560.5703125,19560.5703125,2.258e+09
2023-05-18,19702.73046875,19894.23046875,19630.759765625,19727.25,19727.25,2095400000
2023-05-19,19535.490234375,19610.720703125,19352.810546875,19450.5703125,19450.5703125,1947200000
2023-05-22,19479.060546875,19806.439453125,19410.0703125,19678.169921875,19678.169921875,1677900000
2023-05-23,19713.4609375,19769.140625,19363.5,19431.25,19431.25,1888500000
2023-05-24,19279.390625,19304.19921875,19046.80078125,19115.9296875,19115.9296875,2476700000
2023-05-25,18930.23046875,18930.23046875,18620.83984375,18746.919921875,18746.919921875,2792400000
2023-05-29,18827.080078125,18879.08984375,18517.859375,18551.109375,18551.109375,2196600000
2023-05-30,18574.189453125,18666.7109375,18369.9296875,18595.779296875,18595.779296875,2.245e+09
2023-05-31,18415,18415,18044.859375,18234.26953125,18234.26953125,4372900000
2023-06-01,18190.26953125,18465.640625,18190.26953125,18216.91015625,18216.91015625,2622800000
2023-06-02,18566.810546875,19024.91015625,18548.30078125,18949.939453125,18949.939453125,3731500000
2023-06-05,19014.9609375,19123.80078125,18896.130859375,19108.5,19108.5,2096400000
2023-06-06,19117.109375,19377.380859375,19033.849609375,19099.279296875,19099.279296875,2263600000
2023-06-07,19327.150390625,19410.48046875,19196.08984375,19252,19252,2156100000
2023-06-08,19227.83984375,19339.8203125,19087.66015625,19299.1796875,19299.1796875,2212100000
2023-06-09,19333.4296875,19463.609375,19231.130859375,19389.94921875,19389.94921875,2.003e+09
2023-06-12,19440.990234375,19440.990234375,19255.650390625,19404.310546875,19404.310546875,1688200000
2023-06-13,19355.650390625,19572.419921875,19273.419921875,19521.419921875,19521.419921875,2466300000
2023-06-14,19547.580078125,19641.16015625,19352.33984375,19408.419921875,19408.419921875,2482600000
2023-06-15,19626.80078125,19832.19921875,19510.759765625,19828.919921875,19828.919921875,2657500000
2023-06-16,19915.439453125,20155.919921875,19876.419921875,20040.369140625,20040.369140625,3582400000
2023-06-19,19983.400390625,20000.220703125,19718.4296875,19912.890625,19912.890625,1906100000
2023-06-20,19863.859375,19863.859375,19504.630859375,19607.080078125,19607.080078125,2121700000
2023-06-21,19305.240234375,19377.689453125,19174.16015625,19218.349609375,19218.349609375,1995600000
2023-06-23,19135.01953125,19138.419921875,18800.33984375,18889.970703125,18889.970703125,1689300000
2023-06-26,18845.900390625,19001.619140625,18767.150390625,18794.130859375,18794.130859375,2066100000
2023-06-27,18851.66015625,19226.3203125,18842.419921875,19148.130859375,19148.130859375,2059500000
2023-06-28,19099.390625,19222.130859375,19019.259765625,19172.05078125,19172.05078125,1675200000
2023-06-29,19180.279296875,19180.279296875,18837.3203125,18934.359375,18934.359375,1690400000
2023-06-30,18881.4296875,19070.109375,18838.619140625,18916.4296875,18916.4296875,1869600000
2023-07-03,19002.55078125,19371.7109375,19002.55078125,19306.58984375,19306.58984375,2214400000
2023-07-04,19289.060546875,19449.109375,19253.220703125,19415.6796875,19415.6796875,1987400000
2023-07-05,19355.060546875,19378.900390625,19095.599609375,19110.380859375,19110.380859375,2432600000
2023-07-06,18840.41015625,18973.009765625,18483.080078125,18533.05078125,18533.05078125,3277100000
2023-07-07,18435.4609375,18537.75,18279.73046875,18365.69921875,18365.69921875,2463300000
2023-07-10,18747.5,18781.2109375,18417.630859375,18479.720703125,18479.720703125,1953500000
2023-07-11,18671.419921875,18806.55078125,18573.669921875,18659.830078125,18659.830078125,2114900000
2023-07-12,18797.009765625,18932.1796875,18739.599609375,18860.94921875,18860.94921875,1818300000
2023-07-13,19181.310546875,19368.919921875,19163.2109375,19350.619140625,19350.619140625,2729800000
2023-07-14,19534.8203125,19534.8203125,19364.599609375,19413.779296875,19413.779296875,2460100000
2023-07-18,19324.33984375,19324.33984375,18979.919921875,19015.720703125,19015.720703125,2591200000
2023-07-19,18826.58984375,19004.419921875,18711.029296875,18952.310546875,18952.310546875,1.983e+09
2023-07-20,19003.279296875,19215.740234375,18888.759765625,18928.01953125,18928.01953125,1807900000
2023-07-21,18918.69921875,19169.75,18886.4296875,19075.259765625,19075.259765625,1.637e+09
2023-07-24,18867.609375,18946.560546875,18562.119140625,18668.150390625,18668.150390625,2212900000
2023-07-25,19172.279296875,19465.26953125,19111.8203125,19434.400390625,19434.400390625,3670900000
2023-07-26,19340.76953125,19404.5,19245.66015625,19365.140625,19365.140625,2136500000
2023-07-27,19502.08984375,19685.7890625,19482.470703125,19639.109375,19639.109375,3028800000
2023-07-28,19418.48046875,19940.58984375,19381.900390625,19916.560546875,19916.560546875,3094900000
2023-07-31,20237.529296875,20361.029296875,20019.7890625,20078.939453125,20078.939453125,4327900000
2023-08-01,20211.19921875,20331.279296875,19891.810546875,20011.119140625,20011.119140625,3013600000
2023-08-02,19902.76953125,19981,19475.150390625,19517.380859375,19517.380859375,2958200000
2023-08-03,19404.140625,19650.16015625,19369.060546875,19420.869140625,19420.869140625,2488100000
2023-08-04,19671.130859375,19857.390625,19461.609375,19539.4609375,19539.4609375,2771500000
2023-08-07,19474.66015625,19581.8203125,19352.349609375,19537.919921875,19537.919921875,2.277e+09
2023-08-08,19308.55078125,19370.80078125,19112.609375,19184.169921875,19184.169921875,3.491e+09
2023-08-09,19059.580078125,19270.48046875,19056.099609375,19246.029296875,19246.029296875,2264200000
2023-08-10,19125,19315.169921875,19030.390625,19248.259765625,19248.259765625,2598300000
2023-08-11,19319.91015625,19346.2890625,19049.919921875,19075.189453125,19075.189453125,3363800000
2023-08-14,18697.330078125,18792.720703125,18554.509765625,18773.55078125,18773.55078125,3890500000
2023-08-15,18599.19921875,18745.8203125,18513.779296875,18581.109375,18581.109375,2668400000
2023-08-16,18356.650390625,18440.9609375,18261.849609375,18329.30078125,18329.30078125,2823600000
2023-08-17,18023.109375,18399.19921875,17900.76953125,18326.630859375,18326.630859375,3160900000
2023-08-18,18208.98046875,18336.41015625,17936.4296875,17950.849609375,17950.849609375,3049400000
2023-08-21,17798.470703125,17867.66015625,17587.380859375,17623.2890625,17623.2890625,3141900000
2023-08-22,17641.859375,17965.259765625,17573.69921875,17791.009765625,17791.009765625,2895700000
2023-08-23,17762.759765625,18000.529296875,17730.7890625,17845.919921875,17845.919921875,2499700000
2023-08-24,17992.73046875,18272.94921875,17945.009765625,18212.169921875,18212.169921875,2758900000
2023-08-25,18037.599609375,18137.650390625,17969.41015625,18119.390625,18119.390625,2467700000
2023-08-28,18519.080078125,18564.4296875,18113.23046875,18130.740234375,18130.740234375,2985800000
2023-08-29,18261.689453125,18583.80078125,18239.919921875,18484.029296875,18484.029296875,3071200000
2023-08-30,18659.9609375,18742.140625,18427.220703125,18482.859375,18482.859375,3288700000
2023-08-31,18580.470703125,18667.1796875,18312.759765625,18382.060546875,18382.060546875,4074900000
2023-09-04,18592.529296875,18899.490234375,18575.44921875,18844.16015625,18844.16015625,4040300000
2023-09-05,18717.419921875,18725.5,18431.720703125,18456.91015625,18456.91015625,2315700000
2023-09-06,18405.08984375,18492.58984375,18256.099609375,18449.98046875,18449.98046875,2352900000
2023-09-07,18437.48046875,18437.48046875,18173.439453125,18202.0703125,18202.0703125,2123300000
2023-09-11,17941.650390625,18164.609375,17842.369140625,18096.44921875,18096.44921875,2522400000
2023-09-12,18015.560546875,18145.580078125,17892.009765625,18025.890625,18025.890625,1887100000
2023-09-13,18131.099609375,18200.51953125,17954.970703125,18009.220703125,18009.220703125,1.866e+09
2023-09-14,18101.9609375,18173.5390625,17928.630859375,18047.919921875,18047.919921875,2013800000
2023-09-15,18154.009765625,18372.650390625,18030.7890625,18182.890625,18182.890625,2781400000
2023-09-18,18069.0390625,18114.8203125,17894.810546875,17930.55078125,17930.55078125,1691500000
2023-09-19,17942.0703125,18004.740234375,17832.30078125,17997.169921875,17997.169921875,1778200000
2023-09-20,17939.25,17995.380859375,17833.19921875,17885.599609375,17885.599609375,1657100000
2023-09-21,17795.80078125,17823.8203125,17623.869140625,17655.41015625,17655.41015625,2046400000
2023-09-22,17578.259765625,18078.689453125,17573.810546875,18057.44921875,18057.44921875,1924100000
2023-09-25,18046.890625,18046.890625,17722.490234375,17729.2890625,17729.2890625,1552400000
2023-09-26,17661.849609375,17718.1796875,17379.439453125,17466.900390625,17466.900390625,1909400000
2023-09-27,17472.109375,17655.310546875,17472.109375,17611.869140625,17611.869140625,1571600000
2023-09-28,17587.080078125,17627.73046875,17352.830078125,17373.029296875,17373.029296875,1997100000
2023-09-29,17484.94921875,17935.150390625,17482.390625,17809.66015625,17809.66015625,1839900000
2023-10-03,17546.390625,17546.390625,17212.869140625,17331.220703125,17331.220703125,2102900000
2023-10-04,17266.8203125,17266.8203125,17094,17195.83984375,17195.83984375,1294700000
2023-10-05,17249.970703125,17336.4296875,17197.609375,17213.869140625,17213.869140625,1088300000
2023-10-06,17370.029296875,17603.80078125,17370.029296875,17485.98046875,17485.98046875,1141200000
2023-10-09,17500.369140625,17633.189453125,17447.759765625,17517.400390625,17517.400390625,1221300000
2023-10-10,17726.630859375,17916.619140625,17638.009765625,17664.73046875,17664.73046875,1596800000
2023-10-11,17956.830078125,18022.44921875,17889.7109375,17893.099609375,17893.099609375,2029100000
2023-10-12,18258.259765625,18290.91015625,18175.349609375,18238.2109375,18238.2109375,3861600000
2023-10-13,17946.76953125,18013.669921875,17776.94921875,17813.44921875,17813.44921875,2139700000
2023-10-16,17803.310546875,17858.1796875,17601.5,17640.359375,17640.359375,1904600000
2023-10-17,17806.23046875,17815.7109375,17671.990234375,17773.33984375,17773.33984375,1.731e+09
2023-10-18,17728.25,17831.1796875,17625.890625,17732.51953125,17732.51953125,1937500000
2023-10-19,17540.4609375,17540.4609375,17292.359375,17295.890625,17295.890625,2272500000
2023-10-20,17127.259765625,17309.740234375,17118.0703125,17172.130859375,17172.130859375,1989900000
2023-10-24,17053.150390625,17139.529296875,16879.66015625,16991.529296875,16991.529296875,2116200000
2023-10-25,17465.4296875,17465.8203125,17001.4296875,17085.330078125,17085.330078125,2499900000
2023-10-26,17085.119140625,17174.080078125,16917.220703125,17044.609375,17044.609375,1967200000
2023-10-27,17160.23046875,17497.720703125,17078.240234375,17398.73046875,17398.73046875,2452100000
2023-10-30,17225.650390625,17406.359375,17225.650390625,17406.359375,17406.359375,2665200000
2023-10-31,17337.69921875,17337.69921875,17042.099609375,17112.48046875,17112.48046875,2112800000
2023-11-01,17139.400390625,17188.849609375,16979.259765625,17101.779296875,17101.779296875,1529300000
2023-11-02,17282.390625,17459.4296875,17176.009765625,17230.58984375,17230.58984375,1802700000
2023-11-03,17405.91015625,17729.4296875,17352.599609375,17664.119140625,17664.119140625,1998700000
2023-11-06,17913.5390625,18037.939453125,17899.349609375,17966.58984375,17966.58984375,2764100000
2023-11-07,17850.58984375,17890.630859375,17658.91015625,17670.16015625,17670.16015625,1971200000
2023-11-08,17650.509765625,17753.58984375,17537.19921875,17568.4609375,17568.4609375,2140800000
2023-11-09,17553.259765625,17617.26953125,17457,17511.2890625,17511.2890625,1643800000
2023-11-10,17350.869140625,17350.869140625,17177.529296875,17203.259765625,17203.259765625,1674500000
2023-11-13,17263,17456.080078125,17126.609375,17426.2109375,17426.2109375,1440300000
2023-11-14,17495.099609375,17565.220703125,17358.890625,17396.859375,17396.859375,1449300000
2023-11-15,17836.650390625,18102.279296875,17766.220703125,18079,18079,2908700000
2023-11-16,18174.689453125,18174.689453125,17722.859375,17832.8203125,17832.8203125,1880200000
2023-11-17,17584.3203125,17631.0390625,17413.4609375,17454.189453125,17454.189453125,1.945e+09
2023-11-20,17625.83984375,17788.900390625,17532.73046875,17778.0703125,17778.0703125,1964600000
2023-11-21,17932.5390625,18057.619140625,17689.009765625,17733.890625,17733.890625,2090400000
2023-11-22,17736.400390625,17796.859375,17650.490234375,17734.599609375,17734.599609375,1235800000
2023-11-23,17680.05078125,17927.359375,17577.310546875,17910.83984375,17910.83984375,1.672e+09
2023-11-24,17771.75,17771.75,17545.609375,17559.419921875,17559.419921875,1298200000
2023-11-27,17677.51953125,17677.51953125,17358.240234375,17525.060546875,17525.060546875,1502700000
2023-11-28,17541.48046875,17541.48046875,17303.8203125,17354.140625,17354.140625,1785800000
2023-11-29,17359.080078125,17359.080078125,16881.98046875,16993.439453125,16993.439453125,2810100000
2023-11-30,16985.1796875,17068.259765625,16863.05078125,17042.880859375,17042.880859375,3.014e+09
2023-12-01,17019.169921875,17038.98046875,16830.30078125,16830.30078125,16830.30078125,2434400000
2023-12-04,16919.080078125,16941.91015625,16617.029296875,16646.05078125,16646.05078125,2476100000
2023-12-05,16606.5390625,16606.5390625,16228.51953125,16327.8603515625,16327.8603515625,2682400000
2023-12-06,16311.9599609375,16600.359375,16234.83984375,16463.259765625,16463.259765625,1986800000
2023-12-07,16376.4404296875,16376.4404296875,16157.98046875,16345.8896484375,16345.8896484375,1947300000
2023-12-08,16373.4404296875,16464.140625,16249.150390625,16334.3701171875,16334.3701171875,1877200000
2023-12-11,16149.0595703125,16276.8798828125,15972.3095703125,16201.490234375,16201.490234375,2532300000
2023-12-12,16236.0595703125,16420.970703125,16157.6796875,16374.5,16374.5,1980800000
2023-12-13,16311.7099609375,16326.9501953125,16145.25,16228.75,16228.75,1863300000
2023-12-14,16419.740234375,16577.75,16319.2197265625,16402.189453125,16402.189453125,2341700000
2023-12-15,16610.69921875,16964.330078125,16610.69921875,16792.189453125,16792.189453125,3900300000
2023-12-18,16669.8203125,16713.41015625,16572.880859375,16629.23046875,16629.23046875,1566600000
2023-12-19,16551.439453125,16579.55078125,16408.01953125,16505,16505,1521500000
2023-12-20,16647.94921875,16741.05078125,16549.490234375,16613.810546875,16613.810546875,1647300000
2023-12-21,16455.140625,16649.5703125,16444.73046875,16621.130859375,16621.130859375,1404400000
2023-12-22,16743.060546875,16857.83984375,16271.5,16340.41015625,16340.41015625,2197600000
2023-12-27,16561.779296875,16673.5703125,16439.259765625,16624.83984375,16624.83984375,2228100000
2023-12-28,16678.23046875,17086.099609375,16644.4296875,17043.529296875,17043.529296875,2301300000
2023-12-29,17066.51953125,17095.119140625,16950.900390625,17047.390625,17047.390625,1570100000
