"Fecha","Open","High","Low","Close","Adj.Close","Volume"
2007-01-02,14173.2001953125,14381.099609375,14157.2998046875,14364.400390625,14364.3857421875,184400
2007-01-03,14383.2001953125,14396.599609375,14307.7001953125,14375.099609375,14375.0849609375,199400
2007-01-04,14299,14382.400390625,14231.2001953125,14382.400390625,14382.3857421875,214600
2007-01-05,14290.7998046875,14390.5,14286.099609375,14304.7001953125,14304.685546875,227600
2007-01-08,14312.7998046875,14380.599609375,14290.2998046875,14322.2998046875,14322.28515625,214400
2007-01-09,14376.5,14417.5,14288.2001953125,14311.5,14311.4853515625,236200
2007-01-10,14236.7001953125,14239.400390625,14065.7001953125,14116.099609375,14116.0849609375,253400
2007-01-11,14183.2001953125,14328.7998046875,14105.2001953125,14328.7998046875,14328.78515625,238600
2007-01-12,14302.2998046875,14373.7001953125,14292.7998046875,14368.2001953125,14368.185546875,193200
2007-01-15,14414.2998046875,14455.7001953125,14411.900390625,14416.7001953125,14416.685546875,167200
2007-01-16,14415.900390625,14482.599609375,14314.599609375,14355.599609375,14355.5849609375,182400
2007-01-17,14367.7001953125,14408.2001953125,14233,14295,14294.9853515625,196800
2007-01-18,14354.099609375,14383.5,14221,14265.2998046875,14265.28515625,211800
2007-01-19,14239.400390625,14398.2998046875,14182,14397.900390625,14397.8857421875,213200
2007-01-22,14416.2001953125,14500.400390625,14351.7001953125,14359.7001953125,14359.685546875,173800
2007-01-23,14354.599609375,14394.2001953125,14304.7001953125,14368.599609375,14368.5849609375,159600
2007-01-24,14419.2998046875,14560.2001953125,14415.7998046875,14540.7001953125,14540.685546875,200600
2007-01-25,14567.7001953125,14605.599609375,14490.599609375,14537.2998046875,14537.28515625,182200
2007-01-26,14486.5,14486.900390625,14377.5,14415.400390625,14415.3857421875,177000
2007-01-29,14403.099609375,14512.400390625,14391.7001953125,14507,14506.9853515625,148000
2007-01-30,14492,14564.099609375,14459.7998046875,14553.400390625,14553.3857421875,162000
2007-01-31,14523.900390625,14580.2998046875,14450,14553.2001953125,14553.185546875,193200
2007-02-01,14637.5,14656.900390625,14570.900390625,14571.5,14571.4853515625,211000
2007-02-02,14573.2998046875,14631.2001953125,14545.2998046875,14631.2001953125,14631.185546875,166200
2007-02-05,14602.900390625,14625.900390625,14559,14616.7001953125,14616.685546875,171000
2007-02-06,14653.2001953125,14743.7998046875,14644.599609375,14703.2001953125,14703.185546875,215600
2007-02-07,14734.900390625,14867.2998046875,14708,14854.599609375,14854.5849609375,226400
2007-02-08,14856.7001953125,14893,14773.7001953125,14826,14825.9853515625,207800
2007-02-09,14880.400390625,14927.2001953125,14866.5,14875.5,14875.4853515625,173600
2007-02-12,14831.900390625,14834.2001953125,14729,14769,14768.9853515625,167600
2007-02-13,14817.2998046875,14855.099609375,14781,14824.599609375,14824.5849609375,150800
2007-02-14,14867,14910,14815.2001953125,14905.7001953125,14905.685546875,183600
2007-02-15,14929.599609375,14938.2998046875,14848.7998046875,14876.900390625,14876.8857421875,147200
2007-02-16,14807,14862.400390625,14777.5,14851.2001953125,14851.185546875,317400
2007-02-19,14884.2998046875,14947.7998046875,14872.900390625,14915.7998046875,14915.78515625,131400
2007-02-20,14932.099609375,14937.2001953125,14836.5,14886.099609375,14886.0849609375,181400
2007-02-21,14931.599609375,14963.599609375,14765.2998046875,14788.7998046875,14788.78515625,189000
2007-02-22,14850.7998046875,14880.7001953125,14761.7001953125,14791.2998046875,14791.28515625,182800
2007-02-23,14824.400390625,14827.7998046875,14703.900390625,14767.099609375,14767.0849609375,157800
2007-02-26,14792.5,14882.2001953125,14786.599609375,14856.099609375,14856.0849609375,147600
2007-02-27,14742.5,14747.2001953125,14401.599609375,14408.2998046875,14408.28515625,308200
2007-02-28,14182.599609375,14366.2001953125,14070.900390625,14248.400390625,14248.3857421875,383000
2007-03-01,14228.599609375,14347.7998046875,13820.599609375,14064.900390625,14064.8857421875,406800
2007-03-02,14113.2001953125,14193.7001953125,13880.2001953125,13962.2001953125,13962.1865234375,308600
2007-03-05,13689.7998046875,13830.2001953125,13654.900390625,13749.099609375,13749.0859375,327800
2007-03-06,13843.099609375,13859.2998046875,13768,13825.900390625,13825.88671875,224600
2007-03-07,13919.2001953125,13958.7998046875,13823.7998046875,13912.7001953125,13912.6865234375,232200
2007-03-08,14002.900390625,14201,13983.599609375,14194,14193.9853515625,235800
2007-03-09,14197.099609375,14306.099609375,14098.099609375,14257.2001953125,14257.185546875,183600
2007-03-12,14311.2998046875,14359.7998046875,14088.099609375,14146.5,14146.4853515625,2e+05
2007-03-13,14141.900390625,14206.2001953125,13982.5,13982.900390625,13982.8857421875,222000
2007-03-14,13720.7998046875,13794.2001953125,13602.400390625,13602.400390625,13602.38671875,360200
2007-03-15,13776.5,13940.400390625,13755.900390625,13940.400390625,13940.38671875,277400
2007-03-16,13937.7001953125,14039.599609375,13866.400390625,13977.400390625,13977.3857421875,334400
2007-03-19,14101.599609375,14250.2001953125,14093.2001953125,14250.2001953125,14250.185546875,204200
2007-03-20,14281.7001953125,14323.2001953125,14151.7001953125,14323.2001953125,14323.185546875,255400
2007-03-21,14333.900390625,14385.400390625,14275.7001953125,14310.5,14310.4853515625,237000
2007-03-22,14530.7001953125,14541,14409.5,14490.099609375,14490.0849609375,237000
2007-03-23,14486.099609375,14555.2001953125,14433.2001953125,14545.7001953125,14545.685546875,213000
2007-03-26,14566,14626,14414.599609375,14469.599609375,14469.5849609375,234000
2007-03-27,14561.900390625,14578.2998046875,14495.7001953125,14536.7998046875,14536.78515625,247600
2007-03-28,14493.5,14535.5,14410.900390625,14483,14482.9853515625,185200
2007-03-29,14529.400390625,14605.2998046875,14519.5,14605.2998046875,14605.28515625,205000
2007-03-30,14575.7998046875,14730.400390625,14539.400390625,14641.7001953125,14641.685546875,212000
2007-04-02,14619.900390625,14735.7998046875,14580.5,14730.7998046875,14730.78515625,208600
2007-04-03,14791.099609375,14972,14783.7998046875,14953.2001953125,14953.1845703125,278600
2007-04-04,14979.099609375,14988.599609375,14891,14943.099609375,14943.083984375,206000
2007-04-05,14942.7998046875,14974.900390625,14914.099609375,14974.900390625,14974.884765625,132400
2007-04-10,14973,15022,14908,15005.5,15005.484375,158800
2007-04-11,15006.7998046875,15063.7998046875,14956.900390625,14997.599609375,14997.583984375,185200
2007-04-12,14971.900390625,14978.400390625,14775.2001953125,14883,14882.9853515625,215200
2007-04-13,14905,14984.5,14894,14965.2998046875,14965.2841796875,174200
2007-04-16,15008.7998046875,15059.5,14999.2001953125,15020.7998046875,15020.7841796875,222200
2007-04-17,15012.400390625,15020.2998046875,14855.099609375,14966,14965.984375,199400
2007-04-18,14910.400390625,14930.2001953125,14800.099609375,14870.400390625,14870.3857421875,186400
2007-04-19,14735.7001953125,14821.7001953125,14623.2998046875,14821.7001953125,14821.685546875,234800
2007-04-20,14860,15136.2001953125,14857,15080.900390625,15080.884765625,278600
2007-04-23,15091.099609375,15111.7001953125,14948.400390625,14987.099609375,14987.083984375,143800
2007-04-24,14956.2998046875,14988.400390625,14516.5,14578.7001953125,14578.685546875,365200
2007-04-25,14594.400390625,14635.400390625,14468.7001953125,14620.400390625,14620.3857421875,279600
2007-04-26,14789.7001953125,14789.7001953125,14570.2998046875,14611,14610.9853515625,268200
2007-04-27,14612.099609375,14618.2998046875,14342,14403.599609375,14403.5849609375,240000
2007-04-30,14386,14532.599609375,14354.900390625,14374.599609375,14374.5849609375,170200
2007-05-02,14421.7998046875,14462.900390625,14363,14416.900390625,14416.8857421875,198600
2007-05-03,14452.7001953125,14454.599609375,14176,14395.599609375,14395.5849609375,276800
2007-05-04,14430.2001953125,14636.5,14426.2001953125,14620.2998046875,14620.28515625,309600
2007-05-07,14667.7001953125,14693,14566.400390625,14672.099609375,14672.0849609375,146200
2007-05-08,14661.400390625,14664.599609375,14508.2998046875,14556.7001953125,14556.685546875,193400
2007-05-09,14613.7001953125,14647.099609375,14513.900390625,14609.400390625,14609.3857421875,206000
2007-05-10,14625.7998046875,14712.2998046875,14500.7001953125,14575.400390625,14575.3857421875,239600
2007-05-11,14475.7998046875,14751.099609375,14449.2998046875,14736.2998046875,14736.28515625,259200
2007-05-14,14780.900390625,14796.7001953125,14668.7998046875,14686,14685.9853515625,150600
2007-05-15,14672.599609375,14824.2001953125,14650.900390625,14824.2001953125,14824.185546875,219600
2007-05-16,14791.7998046875,14928.5,14763.7998046875,14918.7998046875,14918.78515625,217200
2007-05-17,14929.599609375,14997.599609375,14899.400390625,14968.2001953125,14968.1845703125,158000
2007-05-18,15007.2998046875,15114.2998046875,14937.2998046875,15068.400390625,15068.384765625,266600
2007-05-21,15108.5,15158.5,15042,15055.5,15055.484375,182600
2007-05-22,15056.2001953125,15107.7998046875,15015.099609375,15070.900390625,15070.884765625,152600
2007-05-23,15081.400390625,15223.900390625,15072.7001953125,15223.900390625,15223.884765625,197600
2007-05-24,15138.400390625,15220,15082.7001953125,15094.900390625,15094.884765625,189600
2007-05-25,15047,15086.2998046875,14970.099609375,15053.2001953125,15053.1845703125,192400
2007-05-28,15097.900390625,15126.7001953125,15067.7001953125,15124.599609375,15124.583984375,55200
2007-05-29,15163.2998046875,15198.599609375,15123.7998046875,15188.599609375,15188.583984375,230200
2007-05-30,15107.7001953125,15144.400390625,15035.400390625,15137.2998046875,15137.2841796875,163600
2007-05-31,15283.900390625,15340.5,15243.7998046875,15329.400390625,15329.384765625,276200
2007-06-01,15330.400390625,15543.7998046875,15321.5,15501.5,15501.484375,288400
2007-06-04,15482.2001953125,15511.7998046875,15372.5,15414.2998046875,15414.2841796875,196200
2007-06-05,15435.5,15461.900390625,15304.7998046875,15314.900390625,15314.884765625,228600
2007-06-06,15280.099609375,15282.400390625,14925.400390625,14928.7998046875,14928.78515625,327400
2007-06-07,14986,15042,14678.2998046875,14725.900390625,14725.8857421875,370600
2007-06-08,14644.2001953125,14874.2001953125,14604.599609375,14816.5,14816.4853515625,293800
2007-06-11,14908.7998046875,14977.900390625,14870.099609375,14940.599609375,14940.583984375,203800
2007-06-12,14920.7001953125,14951,14704.7001953125,14764.2998046875,14764.28515625,250600
2007-06-13,14722.7998046875,14842.400390625,14638.099609375,14829.7998046875,14829.78515625,286800
2007-06-14,14938,15078.400390625,14927.5,15078.400390625,15078.384765625,277200
2007-06-15,15121.400390625,15288.5,15110.7998046875,15252.099609375,15252.083984375,361400
2007-06-18,15239.900390625,15251.2001953125,15053.2001953125,15103.599609375,15103.583984375,220000
2007-06-19,15111.5,15164.400390625,14913.2998046875,15000.2001953125,15000.1845703125,221000
2007-06-20,15060.900390625,15095,15011,15035.7001953125,15035.6845703125,202800
2007-06-21,14918.900390625,14951.099609375,14790.7998046875,14882.400390625,14882.3857421875,247400
2007-06-22,14910.2998046875,14943,14756.7998046875,14784.900390625,14784.8857421875,192800
2007-06-25,14672,14857.900390625,14595.099609375,14848.2998046875,14848.28515625,224800
2007-06-26,14727.900390625,14884.7998046875,14708.5,14755.2001953125,14755.185546875,252200
2007-06-27,14680,14751.2998046875,14582.400390625,14681.7001953125,14681.685546875,272600
2007-06-28,14806.599609375,14840.7001953125,14744.2998046875,14819.900390625,14819.8857421875,195400
2007-06-29,14870.099609375,14892,14712.2001953125,14892,14891.9853515625,203800
2007-07-02,14790.7998046875,14850.900390625,14741.2001953125,14804.7001953125,14804.685546875,154200
2007-07-03,14863.5,14917.900390625,14854.900390625,14869.400390625,14869.3857421875,160400
2007-07-04,14884,15000.7001953125,14878.099609375,14989.7001953125,14989.6845703125,144800
2007-07-05,15022.099609375,15025.7001953125,14885,14907.400390625,14907.3857421875,157400
2007-07-06,14901.400390625,15058.2998046875,14875.2001953125,15058.2998046875,15058.2841796875,163200
2007-07-09,15102.2998046875,15145.900390625,14951,14974.7001953125,14974.6845703125,139600
2007-07-10,14953.2001953125,15021.099609375,14751.5,14823.900390625,14823.8857421875,191000
2007-07-11,14701.5,14795.400390625,14601.7998046875,14766.2001953125,14766.185546875,208400
2007-07-12,14803.2998046875,14941.7998046875,14672.5,14941.7998046875,14941.7841796875,199200
2007-07-13,15056,15082.7001953125,14981.099609375,15023.5,15023.484375,171200
2007-07-16,15041.400390625,15117.599609375,15009.900390625,15110.400390625,15110.384765625,161000
2007-07-17,15077.099609375,15168.5,15047.900390625,15153.7998046875,15153.7841796875,204400
2007-07-18,15047.2998046875,15197.400390625,15037.7998046875,15058.599609375,15058.583984375,211400
2007-07-19,15136.099609375,15297.2001953125,15123.5,15207.2998046875,15207.2841796875,209600
2007-07-20,15196.7001953125,15249.7001953125,14925.7998046875,14930.099609375,14930.0849609375,236400
2007-07-23,14933.900390625,15056.7001953125,14875,15056.7001953125,15056.6845703125,142000
2007-07-24,15020.599609375,15135.2001953125,14869.400390625,14913.2998046875,14913.28515625,215800
2007-07-25,14846.599609375,15036.900390625,14774.900390625,14937.7001953125,14937.685546875,244600
2007-07-26,14984.599609375,15012.900390625,14540.099609375,14540.400390625,14540.3857421875,305600
2007-07-27,14389.5,14655.5,14378.7001953125,14587.5,14587.4853515625,257600
2007-07-30,14603.400390625,14650.2998046875,14462.2998046875,14507.900390625,14507.8857421875,195200
2007-07-31,14617.7998046875,14802.400390625,14604.099609375,14802.400390625,14802.3857421875,221200
2007-08-01,14508.900390625,14733.5,14441.7998046875,14595.7001953125,14595.685546875,294800
2007-08-02,14677,14756,14626.2001953125,14678.599609375,14678.5849609375,212200
2007-08-03,14712.599609375,14719.5,14533.900390625,14534.2998046875,14534.28515625,185000
2007-08-06,14404.900390625,14539.2998046875,14385.2998046875,14432.099609375,14432.0849609375,178400
2007-08-07,14580.900390625,14655,14522.7001953125,14652.900390625,14652.8857421875,160000
2007-08-08,14721.7001953125,15028.7001953125,14719.599609375,15004.2001953125,15004.1845703125,226200
2007-08-09,14955.7001953125,14988.7998046875,14755.7001953125,14838.2998046875,14838.28515625,286200
2007-08-10,14604.2001953125,14703.5,14434.2001953125,14453.900390625,14453.8857421875,332800
2007-08-13,14568.7001953125,14754,14552.099609375,14731.7998046875,14731.78515625,205000
2007-08-14,14606.7001953125,14733.400390625,14519.5,14553.099609375,14553.0849609375,189800
2007-08-15,14442.900390625,14547.5,14367.099609375,14520.5,14520.4853515625,163600
2007-08-16,14254.099609375,14295.7001953125,13959.900390625,13979.7001953125,13979.685546875,289600
2007-08-17,13936.7998046875,14375.599609375,13841.599609375,14237.5,14237.4853515625,319000
2007-08-20,14277.900390625,14381.2998046875,14228.900390625,14269.099609375,14269.0849609375,180000
2007-08-21,14288,14324.2001953125,14067.099609375,14239.7998046875,14239.78515625,167400
2007-08-22,14297.599609375,14412.2001953125,14287.400390625,14359.2001953125,14359.185546875,148800
2007-08-23,14461.5,14482.099609375,14292.5,14292.5,14292.4853515625,153200
2007-08-24,14201.5,14350,14195.099609375,14334.400390625,14334.3857421875,114400
2007-08-27,14388.599609375,14403.400390625,14291.5,14305.5,14305.4853515625,87400
2007-08-28,14294.2998046875,14300.5,14091.099609375,14124.7998046875,14124.78515625,149200
2007-08-29,14034.099609375,14209.2998046875,14014.099609375,14183.599609375,14183.5849609375,167200
2007-08-30,14285.900390625,14346.099609375,14127.099609375,14313.400390625,14313.3857421875,156200
2007-08-31,14380.2001953125,14529,14370.5,14479.7998046875,14479.78515625,183600
2007-09-03,14517.7001953125,14561.099609375,14467.099609375,14546.900390625,14546.8857421875,99000
2007-09-04,14475.900390625,14593.099609375,14437.7998046875,14590.099609375,14590.0849609375,154400
2007-09-05,14545.900390625,14562.099609375,14240.099609375,14240.099609375,14240.0849609375,201600
2007-09-06,14281.2001953125,14345.7001953125,14050.5,14198.400390625,14198.3857421875,249400
2007-09-07,14148.7998046875,14210.099609375,13816.2998046875,13873.400390625,13873.38671875,273600
2007-09-10,13862,13935.7998046875,13703.599609375,13726.2998046875,13726.2861328125,244200
2007-09-11,13833.7998046875,13991.7001953125,13775.900390625,13965.5,13965.486328125,200400
2007-09-12,13950.400390625,13992.7001953125,13838.5,13980.400390625,13980.3857421875,226800
2007-09-13,13928.900390625,14101.400390625,13835.2001953125,14077.7998046875,14077.78515625,251400
2007-09-14,14017.5,14025.5,13765.900390625,13861,13860.986328125,231000
2007-09-17,13819.2998046875,13822.2001953125,13519.099609375,13696.900390625,13696.88671875,276000
2007-09-18,13594.599609375,14045.7001953125,13594.599609375,14042,14041.9853515625,276000
2007-09-19,14338.5,14537.5,14314.7998046875,14494.7998046875,14494.78515625,379600
2007-09-20,14400.099609375,14458.2001953125,14342.5,14427.099609375,14427.0849609375,214800
2007-09-21,14395.2001953125,14550.099609375,14383.599609375,14450.599609375,14450.5849609375,281400
2007-09-24,14439.400390625,14550.2001953125,14404,14494.7001953125,14494.685546875,145200
2007-09-25,14408.099609375,14446.099609375,14224,14311.900390625,14311.8857421875,195600
2007-09-26,14376.599609375,14552.7001953125,14373.7998046875,14513.7001953125,14513.685546875,222200
2007-09-27,14614.7001953125,14704.5,14550.900390625,14581.599609375,14581.5849609375,230600
2007-09-28,14577,14618.400390625,14460.2998046875,14576.5,14576.4853515625,212400
2007-10-01,14519,14629.099609375,14443.900390625,14603,14602.9853515625,264000
2007-10-02,14722.099609375,14817.599609375,14697,14790,14789.9853515625,282200
2007-10-03,14755.599609375,14800.2998046875,14723.2998046875,14783.7998046875,14783.78515625,200800
2007-10-04,14754.2998046875,14801.7998046875,14711,14718,14717.9853515625,263000
2007-10-05,14741.7998046875,14900.400390625,14712.599609375,14892.099609375,14892.0849609375,190000
2007-10-08,14915.2001953125,14921.2998046875,14801.599609375,14809,14808.9853515625,132400
2007-10-09,14810.7998046875,14907.2998046875,14754.599609375,14862.7001953125,14862.685546875,210800
2007-10-10,14884.2998046875,14917.2001953125,14807.900390625,14863.7998046875,14863.78515625,197800
2007-10-11,14912,15142.2001953125,14877.7998046875,15100,15099.984375,311400
2007-10-12,15056.7001953125,15264.2001953125,14991.599609375,15261.2998046875,15261.2841796875,265800
2007-10-15,15275.900390625,15310,15185.099609375,15187.5,15187.484375,319400
2007-10-16,15156.7998046875,15309.5,15114.599609375,15279.7001953125,15279.6845703125,267200
2007-10-17,15272,15489.2998046875,15218.099609375,15430.5,15430.484375,298200
2007-10-18,15478.7001953125,15569.599609375,15406.2001953125,15507.099609375,15507.083984375,304200
2007-10-19,15476.2998046875,15627.2998046875,15472.099609375,15529.7001953125,15529.6845703125,268600
2007-10-22,15254.599609375,15363.099609375,15199.2998046875,15327.7998046875,15327.7841796875,239600
2007-10-23,15398.2001953125,15479.5,15363.7001953125,15429.599609375,15429.583984375,258200
2007-10-24,15417.900390625,15443.099609375,15187.5,15231.2998046875,15231.2841796875,224000
2007-10-25,15393.2001953125,15407.7998046875,15323.5,15386,15385.984375,243600
2007-10-26,15436.400390625,15652.7001953125,15418.7001953125,15603.900390625,15603.884765625,242400
2007-10-29,15703.599609375,15775.599609375,15680.7001953125,15738.099609375,15738.083984375,205000
2007-10-30,15716.599609375,15792.2998046875,15676.599609375,15782.5,15782.484375,217400
2007-10-31,15794.400390625,15897.2998046875,15729,15890.5,15890.484375,286400
2007-11-01,15864.099609375,15928.2998046875,15622.599609375,15759.599609375,15759.583984375,208200
2007-11-02,15652.099609375,15862.599609375,15652.099609375,15823.7001953125,15823.6845703125,248600
2007-11-05,15708.7998046875,15846.400390625,15685.5,15825.900390625,15825.884765625,235000
2007-11-06,15925.5,15966.400390625,15868.599609375,15895.400390625,15895.384765625,201200
2007-11-07,15920.5,15955.2998046875,15640.2001953125,15841.900390625,15841.884765625,267600
2007-11-08,15647.2001953125,15968.400390625,15612.599609375,15945.7001953125,15945.68359375,387200
2007-11-09,15999.2001953125,16040.400390625,15682.7001953125,15731.2001953125,15731.1845703125,278400
2007-11-12,15660.5,15821.900390625,15648.400390625,15774.7001953125,15774.6845703125,240000
2007-11-13,15710.599609375,15824.5,15634.400390625,15814.7998046875,15814.7841796875,259600
2007-11-14,15913.900390625,15943.599609375,15754.2001953125,15808.900390625,15808.884765625,272000
2007-11-15,15795.900390625,15871,15661,15725.7998046875,15725.7841796875,278600
2007-11-16,15634.400390625,15826.2001953125,15560,15769,15768.984375,290600
2007-11-19,15770.2998046875,15935.2998046875,15539.2998046875,15539.2998046875,15539.2841796875,272200
2007-11-20,15622.099609375,15700,15485.7998046875,15700,15699.984375,278200
2007-11-21,15550.7001953125,15568.2001953125,15294.7001953125,15364.5,15364.484375,267600
2007-11-22,15416.900390625,15456.7998046875,15272.400390625,15317.099609375,15317.083984375,204200
2007-11-23,15318,15400.7998046875,15267,15392.2001953125,15392.1845703125,210400
2007-11-26,15476.7998046875,15575.2998046875,15294,15330.2001953125,15330.1845703125,229000
2007-11-27,15287.400390625,15346.2001953125,15165.099609375,15315.599609375,15315.583984375,278600
2007-11-28,15392.599609375,15592.599609375,15229.400390625,15566.5,15566.484375,293600
2007-11-29,15666.099609375,15692.599609375,15485.099609375,15656.599609375,15656.583984375,257600
2007-11-30,15660.5,15799.2001953125,15643.5,15759.900390625,15759.884765625,287800
2007-12-03,15767.099609375,15846.5,15710,15735,15734.984375,175600
2007-12-04,15715.5,15804,15615,15708.2001953125,15708.1845703125,222200
2007-12-05,15805.7998046875,15849.2001953125,15737.599609375,15802.2001953125,15802.1845703125,202200
2007-12-06,15889.5,15901.400390625,15667.099609375,15695.900390625,15695.884765625,178800
2007-12-07,15786.099609375,15855.5,15759.5,15819.599609375,15819.583984375,185600
2007-12-10,15760.900390625,15892.7001953125,15739.900390625,15832.7001953125,15832.6845703125,196400
2007-12-11,15903.5,15906.7998046875,15771.7998046875,15890.5,15890.484375,175200
2007-12-12,15719.400390625,15983.400390625,15679.2001953125,15860,15859.984375,253200
2007-12-13,15755.599609375,15757.099609375,15486.5,15499.2001953125,15499.1845703125,263600
2007-12-14,15564.099609375,15596.2001953125,15429.5,15575.7001953125,15575.6845703125,197800
2007-12-17,15404.400390625,15444.5,15302.7001953125,15318.5,15318.484375,212400
2007-12-18,15282.900390625,15441.400390625,15276.099609375,15282.099609375,15282.083984375,214400
2007-12-19,15329.599609375,15350.7001953125,15177.099609375,15177.099609375,15177.083984375,251400
2007-12-20,15213.5,15271.7998046875,15107.400390625,15140.2001953125,15140.1845703125,219800
2007-12-21,15299.2001953125,15348.2998046875,15233.7998046875,15289.2998046875,15289.2841796875,345200
2007-12-24,NA,NA,NA,NA,NA,NA
2007-12-27,15344.2001953125,15397.900390625,15178.7001953125,15256.2001953125,15256.1845703125,190200
2007-12-28,15202,15251.7001953125,15124.900390625,15182.2998046875,15182.2841796875,175400
2008-01-02,15101.900390625,15186,14971.400390625,15002.5,15002.484375,190600
2008-01-03,14966.099609375,15016.400390625,14769.599609375,14856.5,14856.4853515625,335800
2008-01-04,14794.2998046875,14867.099609375,14511,14602.2998046875,14602.28515625,330400
2008-01-07,14551.7001953125,14701.5,14529.5,14667,14666.9853515625,280800
2008-01-08,14707.2998046875,14808.7998046875,14670.5,14670.5,14670.4853515625,318400
2008-01-09,14577.900390625,14665.099609375,14471.2001953125,14603.5,14603.4853515625,338600
2008-01-10,14672.400390625,14684.900390625,14480.099609375,14524,14523.9853515625,320200
2008-01-11,14501.900390625,14568.7001953125,14428.7001953125,14458,14457.9853515625,296400
2008-01-14,14398,14540.900390625,14343.400390625,14431.900390625,14431.8857421875,261400
2008-01-15,14362.900390625,14394.900390625,13945.2001953125,13945.2001953125,13945.1865234375,354000
2008-01-16,13806.2998046875,14054.7998046875,13687.599609375,13817.099609375,13817.0859375,498000
2008-01-17,13981.7001953125,13995,13731.2001953125,13775.599609375,13775.5859375,317800
2008-01-18,13740.099609375,13997.400390625,13608.2001953125,13655.400390625,13655.38671875,410000
2008-01-21,13477.099609375,13494.400390625,12625.7998046875,12625.7998046875,12625.787109375,545200
2008-01-22,12509.2998046875,12909.2001953125,11937.2001953125,12839.7001953125,12839.6875,551600
2008-01-23,13020,13038.099609375,12164.099609375,12254.599609375,12254.5869140625,488200
2008-01-24,12556.599609375,13106.7001953125,12490.599609375,13106.7001953125,13106.6865234375,463600
2008-01-25,13295.5,13491,13100.400390625,13141.099609375,13141.0859375,378600
2008-01-28,12880.2998046875,13080.099609375,12813.099609375,13026.7001953125,13026.6865234375,264800
2008-01-29,13120.900390625,13309,13050.2998046875,13246.599609375,13246.5859375,297200
2008-01-30,13185.099609375,13381.2998046875,13117.7001953125,13217.099609375,13217.0859375,293400
2008-01-31,13281.5,13338.5,12958.2998046875,13229,13228.986328125,401000
2008-02-01,13440.7001953125,13550,13320.400390625,13494.7001953125,13494.6865234375,348200
2008-02-04,13608.2998046875,13652.099609375,13476.5,13515.7001953125,13515.6865234375,296400
2008-02-05,13464.099609375,13466.2998046875,12781.5,12814.7001953125,12814.6875,393800
2008-02-06,12739.400390625,13084.900390625,12721.400390625,13037.2998046875,13037.2861328125,362600
2008-02-07,13010.7001953125,13060.5,12724.2998046875,12889.5,12889.4873046875,337000
2008-02-08,12964.5,13068.099609375,12768.7001953125,12934.7998046875,12934.787109375,271400
2008-02-11,12830.099609375,13029.2001953125,12774.099609375,12818.7998046875,12818.787109375,229800
2008-02-12,12926.7001953125,13254.7001953125,12808.7001953125,13254.7001953125,13254.6865234375,305400
2008-02-13,13137.099609375,13342.099609375,13095.7998046875,13266.7001953125,13266.6865234375,290400
2008-02-14,13420.7001953125,13455.900390625,13252,13313.2001953125,13313.1865234375,270400
2008-02-15,13292.900390625,13381.5,12979.7001953125,13073.900390625,13073.88671875,343600
2008-02-18,13155.5,13347.2001953125,13147.400390625,13312.2001953125,13312.1865234375,195000
2008-02-19,13260,13393,13044,13269.7001953125,13269.6865234375,272800
2008-02-20,13096.7998046875,13138.900390625,12998.2001953125,13080.400390625,13080.38671875,298000
2008-02-21,13150.7001953125,13288.099609375,13116.2001953125,13173,13172.986328125,220000
2008-02-22,13055.400390625,13155.2998046875,12960.900390625,13017.5,13017.486328125,258200
2008-02-25,13141.7998046875,13180.2998046875,12995.400390625,13156.599609375,13156.5859375,233600
2008-02-26,13222.400390625,13444.7001953125,13182.400390625,13436.599609375,13436.5859375,264000
2008-02-27,13461.2001953125,13505.5,13255.400390625,13454.2998046875,13454.2861328125,261400
2008-02-28,13398.599609375,13439.5,13272.099609375,13272.099609375,13272.0859375,307200
2008-02-29,13204,13306,13055.7998046875,13170.400390625,13170.38671875,377800
2008-03-03,12998,13020.7001953125,12829.5,12862.5,12862.4873046875,277400
2008-03-04,12913.099609375,12957,12584.7998046875,12630.099609375,12630.0869140625,282000
2008-03-05,12731.7998046875,12968.7001953125,12682.5,12948.099609375,12948.0869140625,273400
2008-03-06,12981.7998046875,12993.7001953125,12746.5,12803.2998046875,12803.287109375,283200
2008-03-07,12673.599609375,12818.7001953125,12583.5,12691.2998046875,12691.287109375,312200
2008-03-10,12673,12835.2001953125,12571.400390625,12655,12654.9873046875,290200
2008-03-11,12743.7001953125,13138,12713.2001953125,13056.099609375,13056.0859375,361400
2008-03-12,13272.2998046875,13291.599609375,13080.2998046875,13131.2998046875,13131.2861328125,298600
2008-03-13,12925.7998046875,13106.2001953125,12848.7998046875,13073.2001953125,13073.1865234375,338600
2008-03-14,13088.7001953125,13312.5,12905.2998046875,13021.400390625,13021.38671875,291800
2008-03-17,12678.099609375,12871.900390625,12638.400390625,12656,12655.9873046875,324600
2008-03-18,12891.599609375,13037,12780.099609375,13030.5,13030.486328125,273200
2008-03-19,13152.099609375,13196,12874.2998046875,12964.7001953125,12964.6875,308800
2008-03-20,12840.2001953125,13048.599609375,12790.2001953125,12964.2001953125,12964.1875,413600
2008-03-25,13370.400390625,13434.2001953125,13304.900390625,13434.2001953125,13434.1865234375,329800
2008-03-26,13377.7998046875,13426.599609375,13299.900390625,13403,13402.986328125,255400
2008-03-27,13357.5,13596.400390625,13355,13537.900390625,13537.88671875,253800
2008-03-28,13556.900390625,13578.5,13413.400390625,13442.400390625,13442.38671875,217600
2008-03-31,13359.2998046875,13370.2998046875,13181.099609375,13269,13268.986328125,256000
2008-04-01,13205.599609375,13699.099609375,13194,13699.099609375,13699.0859375,284800
2008-04-02,13782.900390625,13841.5,13692.5,13838.7001953125,13838.6865234375,259400
2008-04-03,13839.5,13844.7001953125,13619.900390625,13738.900390625,13738.88671875,239800
2008-04-04,13777.400390625,13846.400390625,13695.2998046875,13846.400390625,13846.38671875,333800
2008-04-07,13906.7001953125,14019.599609375,13863,13919.599609375,13919.5859375,205200
2008-04-08,13861.2001953125,13862.599609375,13675,13759.400390625,13759.38671875,190000
2008-04-09,13692,13734.5,13579.099609375,13599,13598.986328125,208200
2008-04-10,13560.2001953125,13566,13309.5,13507.900390625,13507.88671875,220400
2008-04-11,13570.2998046875,13613.7001953125,13226.400390625,13278.2998046875,13278.2861328125,219000
2008-04-14,13214.7998046875,13241.599609375,13106.7998046875,13160.2998046875,13160.2861328125,211000
2008-04-15,13274.2001953125,13444.900390625,13263.099609375,13408.900390625,13408.88671875,240600
2008-04-16,13528.7998046875,13652.099609375,13442.2998046875,13637.599609375,13637.5859375,208000
2008-04-17,13673.2001953125,13681.5,13537.7001953125,13568.7001953125,13568.6865234375,191400
2008-04-18,13631.7001953125,13945.7001953125,13621.2001953125,13924.900390625,13924.88671875,234800
2008-04-21,13927.2001953125,13933.2001953125,13677.2001953125,13728.900390625,13728.88671875,207200
2008-04-22,13681.2998046875,13696.2998046875,13537.2998046875,13593.400390625,13593.38671875,203000
2008-04-23,13617,13683,13466.2001953125,13663,13662.986328125,281000
2008-04-24,13633.7001953125,13669.2001953125,13426.599609375,13669.2001953125,13669.1865234375,232600
2008-04-25,13731.2998046875,13832.599609375,13693.7001953125,13772.7998046875,13772.7861328125,206600
2008-04-28,13766.7998046875,13904.2001953125,13766.7998046875,13877.7998046875,13877.7861328125,185000
2008-04-29,13803.099609375,13834.7998046875,13668.7998046875,13707.2001953125,13707.1865234375,205000
2008-04-30,13698.400390625,13798.2998046875,13561.2001953125,13798.2998046875,13798.2861328125,186000
2008-05-02,13916.2001953125,14169.2001953125,13913.400390625,14060,14059.9853515625,248600
2008-05-05,14049.2001953125,14122.7998046875,13974,14074,14073.9853515625,114400
2008-05-06,14071.2998046875,14120.2998046875,13884.5,14005.7998046875,14005.78515625,218200
2008-05-07,14036.900390625,14091.2998046875,14004.099609375,14026.7998046875,14026.78515625,179000
2008-05-08,13898,14074,13881.2998046875,14074,14073.9853515625,185600
2008-05-09,14000.2998046875,14015.2001953125,13843.900390625,13945.099609375,13945.0859375,206200
2008-05-12,13991.400390625,14108.400390625,13987.400390625,14053.900390625,14053.8857421875,149200
2008-05-13,14111.599609375,14138.5,13959.2998046875,14016.400390625,14016.3857421875,189800
2008-05-14,14068.2998046875,14214.599609375,14033.2001953125,14187.2001953125,14187.185546875,200400
2008-05-15,14145.400390625,14186.400390625,14078.900390625,14186.400390625,14186.3857421875,146000
2008-05-16,14255.2001953125,14301.2998046875,14078.2001953125,14124.7998046875,14124.78515625,235000
2008-05-19,14148.900390625,14247.599609375,14110.2001953125,14247.599609375,14247.5849609375,149400
2008-05-20,14158.400390625,14166.7001953125,13973.599609375,13992.099609375,13992.0849609375,196400
2008-05-21,14047.2998046875,14049.2001953125,13803.099609375,13857.2001953125,13857.1865234375,208600
2008-05-22,13742.2998046875,13886.2998046875,13667.2998046875,13852,13851.986328125,274000
2008-05-23,13863.400390625,13863.599609375,13577.599609375,13577.599609375,13577.5859375,198800
2008-05-26,13524.2998046875,13614,13514.2001953125,13583.7001953125,13583.6865234375,96200
2008-05-27,13624.099609375,13664.2001953125,13445.099609375,13451.400390625,13451.38671875,218000
2008-05-28,13504.599609375,13598.7998046875,13397.900390625,13499.2001953125,13499.1865234375,218800
2008-05-29,13573.2998046875,13631.7001953125,13430.099609375,13539.5,13539.486328125,212000
2008-05-30,13582,13630.7001953125,13540.7001953125,13600.900390625,13600.88671875,244000
2008-06-02,13610.5,13612.099609375,13286.400390625,13300,13299.986328125,257000
2008-06-03,13264.900390625,13451.5,13216.900390625,13431.7001953125,13431.6865234375,239800
2008-06-04,13343.7001953125,13383.599609375,13173.7001953125,13341.2001953125,13341.1865234375,236800
2008-06-05,13378.900390625,13415.7001953125,13187.400390625,13239.2998046875,13239.2861328125,201000
2008-06-06,13332.2001953125,13379,12902.400390625,12909.7998046875,12909.787109375,261600
2008-06-09,12815.900390625,12889.400390625,12690.7001953125,12823.900390625,12823.8876953125,260400
2008-06-10,12679.2001953125,12841.900390625,12622.2001953125,12755.2001953125,12755.1875,273800
2008-06-11,12789.5,12913.5,12562.2998046875,12584.2998046875,12584.287109375,307800
2008-06-12,12608.900390625,12853.2998046875,12598.400390625,12853.2998046875,12853.287109375,306600
2008-06-13,12848,13022.7001953125,12726.900390625,12998.7001953125,12998.6875,253600
2008-06-16,12996.900390625,13049.7001953125,12728.099609375,12826.599609375,12826.5869140625,251200
2008-06-17,12880.900390625,12992.2001953125,12839.7001953125,12885.099609375,12885.0869140625,210200
2008-06-18,12848.7998046875,12852.2001953125,12538,12631.5,12631.4873046875,247400
2008-06-19,12551.7998046875,12728.5,12549.5,12585,12584.9873046875,286800
2008-06-20,12630.099609375,12639.7998046875,12307.5,12412.5,12412.4873046875,420000
2008-06-23,12370.2998046875,12493.5,12327.099609375,12403.400390625,12403.3876953125,236600
2008-06-24,12405,12460.900390625,12132,12205.599609375,12205.5869140625,261000
2008-06-25,12260.5,12446.099609375,12259.400390625,12446.099609375,12446.0869140625,275400
2008-06-26,12374.7001953125,12375.2001953125,12076.5,12077.7001953125,12077.6875,255200
2008-06-27,12031.900390625,12145.2998046875,11885.099609375,12089.7998046875,12089.787109375,271400
2008-06-30,12092.5,12135.900390625,11874.5,12046.2001953125,12046.1884765625,274800
2008-07-01,12028.5,12035.2001953125,11642.2998046875,11770.900390625,11770.888671875,284800
2008-07-02,11777.900390625,11957.2001953125,11682.099609375,11856.900390625,11856.888671875,300400
2008-07-03,11712.5,12032.7001953125,11629.7001953125,11980.099609375,11980.087890625,334200
2008-07-04,12009.7998046875,12021.7998046875,11695.7998046875,11765.900390625,11765.888671875,214800
2008-07-07,11869.2998046875,12005.7998046875,11815.5,11982.2001953125,11982.1884765625,253200
2008-07-08,11732.599609375,11943.2998046875,11682.599609375,11794.7001953125,11794.6884765625,286600
2008-07-09,11923.7001953125,11999.7998046875,11855,11999.7998046875,11999.7880859375,283200
2008-07-10,11797.900390625,11892.400390625,11699.5,11739.5,11739.48828125,228200
2008-07-11,11837.7998046875,11844.599609375,11380.900390625,11383.5,11383.48828125,250400
2008-07-14,11448.7998046875,11602.2998046875,11443,11443,11442.98828125,226400
2008-07-15,11327.599609375,11345.7998046875,10932.400390625,11151.599609375,11151.587890625,325000
2008-07-16,11160.7998046875,11329.5,11018.599609375,11287.7001953125,11287.6884765625,293200
2008-07-17,11453.599609375,11709.5,11441.7998046875,11642.099609375,11642.087890625,362600
2008-07-18,11610.400390625,11928.7001953125,11493.5,11895.2998046875,11895.2880859375,307400
2008-07-21,11867.400390625,11939.2998046875,11692.7998046875,11784.599609375,11784.587890625,239400
2008-07-22,11721.5,11734.599609375,11372.2001953125,11610.099609375,11610.087890625,342000
2008-07-23,11814.2998046875,11951.599609375,11773.900390625,11934.900390625,11934.888671875,290600
2008-07-24,12003,12013.900390625,11667.400390625,11675.099609375,11675.087890625,259200
2008-07-25,11556.5,11592.7001953125,11459,11589.900390625,11589.888671875,224200
2008-07-28,11573.7998046875,11640.2998046875,11473.7001953125,11484.599609375,11484.587890625,210400
2008-07-29,11323.400390625,11696.2998046875,11320.7001953125,11683.7998046875,11683.7880859375,288200
2008-07-30,11787.5,11922.2998046875,11740.7001953125,11817.900390625,11817.888671875,273000
2008-07-31,11887.400390625,11977.5,11775.099609375,11881.2998046875,11881.2880859375,298000
2008-08-01,11719,11776.7998046875,11558.400390625,11569.5,11569.48828125,222600
2008-08-04,11556.099609375,11580.400390625,11410.099609375,11447.599609375,11447.587890625,161000
2008-08-05,11536.2001953125,11751.5,11473.7998046875,11751.400390625,11751.388671875,224000
2008-08-06,11820.400390625,11832.099609375,11647.7001953125,11774.400390625,11774.388671875,196400
2008-08-07,11704.2998046875,11896.599609375,11684,11717.5,11717.48828125,183200
2008-08-08,11667,11831.2001953125,11612.099609375,11799.900390625,11799.888671875,167800
2008-08-11,11806.099609375,12047.7001953125,11748.5,12047.7001953125,12047.6875,151400
2008-08-12,12008.599609375,12078.7001953125,11912.7998046875,11996.099609375,11996.087890625,179200
2008-08-13,11904.2998046875,11956.900390625,11691.099609375,11695.400390625,11695.388671875,193400
2008-08-14,11742,11776.2998046875,11527.599609375,11606.7998046875,11606.7880859375,183800
2008-08-15,11648.5,11712,11587,11686.099609375,11686.087890625,206400
2008-08-18,11674.2001953125,11784.2998046875,11539.599609375,11677.5,11677.48828125,113800
2008-08-19,11536.7998046875,11550.599609375,11333.5,11335.2998046875,11335.2880859375,184600
2008-08-20,11373.2998046875,11422.099609375,11251.900390625,11379.900390625,11379.888671875,188800
2008-08-21,11319.7001953125,11322.2001953125,11185.5,11217.400390625,11217.388671875,150000
2008-08-22,11225.599609375,11506.599609375,11200.7001953125,11497.2998046875,11497.2880859375,138800
2008-08-25,11453.900390625,11459,11326.400390625,11327.099609375,11327.087890625,98800
2008-08-26,11272,11440.5,11218.900390625,11419.900390625,11419.888671875,147000
2008-08-27,11399.5,11546,11320.7001953125,11479.599609375,11479.587890625,174600
2008-08-28,11464.7001953125,11687.2998046875,11408.400390625,11662.599609375,11662.587890625,179000
2008-08-29,11685.2001953125,11742,11618.900390625,11707.2998046875,11707.2880859375,163200
2008-09-01,11607.5,11745.2001953125,11580.099609375,11693.7998046875,11693.7880859375,109000
2008-09-02,11705.599609375,11936.2998046875,11634.2998046875,11903.900390625,11903.888671875,199000
2008-09-03,11821,11932,11749.7001953125,11849.099609375,11849.087890625,194200
2008-09-04,11850.099609375,11859.7998046875,11476.400390625,11480.099609375,11480.087890625,234600
2008-09-05,11409.5,11414.2001953125,11118.5,11139.7001953125,11139.6884765625,309600
2008-09-08,11343.099609375,11657.5,11343.099609375,11554.2001953125,11554.1884765625,272400
2008-09-09,11512.900390625,11610.7001953125,11289.099609375,11350,11349.98828125,258200
2008-09-10,11334.7998046875,11344.099609375,11125.099609375,11180.7998046875,11180.7880859375,311400
2008-09-11,11148.5,11212.7001953125,10980.2001953125,11136.5,11136.48828125,232000
2008-09-12,11252.400390625,11416,11177.599609375,11412,11411.98828125,232800
2008-09-15,11031.400390625,11160.099609375,10819.7001953125,10899,10898.9892578125,464200
2008-09-16,10778.2998046875,11015.900390625,10651.599609375,10911.5,10911.4892578125,542000
2008-09-17,11021.400390625,11108.599609375,10639.099609375,10661.400390625,10661.3896484375,374800
2008-09-18,10629,10855.2001953125,10571.099609375,10631.599609375,10631.5888671875,363800
2008-09-19,10779.400390625,11557.900390625,10779.400390625,11557.900390625,11557.888671875,708000
2008-09-22,11596.099609375,11599.2998046875,11328.5,11328.5,11328.48828125,313200
2008-09-23,11302.2001953125,11313.5,11088.7001953125,11176.5,11176.48828125,308400
2008-09-24,11298.7998046875,11298.7998046875,11089.7998046875,11112.900390625,11112.888671875,217400
2008-09-25,11154.5,11472.099609375,11131.400390625,11438.599609375,11438.587890625,249000
2008-09-26,11302.5,11462,11239.2998046875,11387.900390625,11387.888671875,215200
2008-09-29,11395.900390625,11397.599609375,10916.599609375,10945.7001953125,10945.689453125,277200
2008-09-30,10744.7001953125,11052.7001953125,10672.599609375,10987.5,10987.4892578125,319800
2008-10-01,11064.2998046875,11182.5,10956.599609375,11182.5,11182.48828125,273200
2008-10-02,11186.099609375,11364.400390625,10978.900390625,11002.2998046875,11002.2890625,306600
2008-10-03,11047.400390625,11441.5,10964.7001953125,11418.5,11418.48828125,294400
2008-10-06,11210.2001953125,11214.5,10710.900390625,10726,10725.9892578125,324400
2008-10-07,10935.7001953125,11128.7998046875,10644.2998046875,10862,10861.9892578125,359600
2008-10-08,10612.2998046875,10905.5,10155,10297.599609375,10297.5888671875,481000
2008-10-09,10411.900390625,10535.7998046875,9820.5,9902.900390625,9902.890625,395000
2008-10-10,9443.099609375,9462.2998046875,8835,8997.7001953125,8997.69140625,596400
2008-10-13,9559.2998046875,9955.7001953125,9357.2001953125,9955.7001953125,9955.6904296875,407600
2008-10-14,10308.599609375,10573.099609375,10032.2001953125,10224.5,10224.4892578125,394200
2008-10-15,10143.7998046875,10200.2001953125,9594,9706.7998046875,9706.7900390625,328600
2008-10-16,9305.2998046875,9700,9146.599609375,9308.2001953125,9308.1904296875,394200
2008-10-17,9799.2998046875,9800.7001953125,9345.2001953125,9655.2001953125,9655.1904296875,372200
2008-10-20,9900.7001953125,9944.2998046875,9758.5,9944.2998046875,9944.2900390625,308000
2008-10-21,10105.099609375,10105.099609375,9716.900390625,9795,9794.990234375,306200
2008-10-22,9584.099609375,9594.5,8927.5,8995.2998046875,8995.291015625,487400
2008-10-23,9007.900390625,9046,8419.2001953125,8811.2001953125,8811.19140625,433600
2008-10-24,8445,8496.599609375,7991.89990234375,8353.2001953125,8353.19140625,409600
2008-10-27,7977,8186.7998046875,7737.2001953125,8009.89990234375,8009.8916015625,350000
2008-10-28,8221.400390625,8244.7001953125,7820.10009765625,7905.39990234375,7905.39208984375,368800
2008-10-29,8376.2998046875,8650.099609375,8260.2998046875,8650.099609375,8650.0908203125,452400
2008-10-30,8812.7001953125,8964.5,8695,8822.900390625,8822.8916015625,328200
2008-10-31,8843.2998046875,9137.7001953125,8686.599609375,9116,9115.9912109375,259200
2008-11-03,9185.7998046875,9231.7998046875,8977.400390625,9231.7998046875,9231.7900390625,225600
2008-11-04,9279.2998046875,9726.7998046875,9242,9726.7998046875,9726.7900390625,312000
2008-11-05,9631.2998046875,9883.7998046875,9507.7001953125,9744.7001953125,9744.6904296875,278600
2008-11-06,9362,9577.7001953125,9111,9133.900390625,9133.8916015625,288600
2008-11-07,9153.099609375,9392.2998046875,9013.7001953125,9343.5,9343.490234375,220200
2008-11-10,9484.2998046875,9525.7998046875,9268.2001953125,9293.7998046875,9293.7900390625,241800
2008-11-11,9123.2998046875,9171.400390625,8906.5,8911.900390625,8911.8916015625,267400
2008-11-12,9070.099609375,9083.099609375,8604.599609375,8646.7998046875,8646.791015625,3e+05
2008-11-13,8684.5,8823.2998046875,8525.900390625,8740.599609375,8740.5908203125,244800
2008-11-14,9068,9069.2001953125,8796.7001953125,8832.2001953125,8832.19140625,242600
2008-11-17,8788.599609375,8827.2001953125,8416.5,8498.7998046875,8498.791015625,299400
2008-11-18,8480.7998046875,8532.7001953125,8268.599609375,8530.7998046875,8530.791015625,267400
2008-11-19,8532.099609375,8536,8211.5,8211.5,8211.4912109375,280800
2008-11-20,7995.89990234375,8072.7998046875,7830.89990234375,7988.39990234375,7988.3916015625,412600
2008-11-21,8062.89990234375,8240.5,7862.39990234375,7974.39990234375,7974.3916015625,371200
2008-11-24,8173.7001953125,8622.599609375,8093.2001953125,8622.599609375,8622.5908203125,345000
2008-11-25,8533.900390625,8861.7998046875,8453.5,8696.599609375,8696.5908203125,331000
2008-11-26,8586,8719.7998046875,8461,8654.099609375,8654.0908203125,273400
2008-11-27,8727.5,8862.2001953125,8720.2998046875,8849.2998046875,8849.291015625,242000
2008-11-28,8885.7998046875,8920.5,8726.2001953125,8910.599609375,8910.5908203125,204000
2008-12-01,8914,8914.400390625,8423.900390625,8510.5,8510.4912109375,229800
2008-12-02,8359.5,8834.7001953125,8293.2001953125,8834.7001953125,8834.69140625,313200
2008-12-03,8781.900390625,8927,8646.099609375,8879.900390625,8879.8916015625,209200
2008-12-04,8815.099609375,9113.2001953125,8699.599609375,8836.099609375,8836.0908203125,276800
2008-12-05,8696.400390625,8743.2998046875,8409.2998046875,8491.2001953125,8491.19140625,247000
2008-12-08,8893.5,9062,8825.2001953125,9036.5,9036.4912109375,214800
2008-12-09,8973,9125.7998046875,8894.900390625,9063.099609375,9063.0908203125,286000
2008-12-10,9070,9162.900390625,8975.099609375,9152.400390625,9152.3916015625,204400
2008-12-11,9140.5,9249.400390625,9020,9182.599609375,9182.58984375,198600
2008-12-12,8881,8975.5,8711,8975.5,8975.4912109375,251200
2008-12-15,8994.2998046875,9111.900390625,8930,9023.900390625,9023.8916015625,233800
2008-12-16,9010.400390625,9167.7001953125,8995.5,9167.7001953125,9167.6904296875,197800
2008-12-17,9281.5,9282.900390625,9047.400390625,9196.900390625,9196.890625,252600
2008-12-18,9219.599609375,9327.900390625,9202.2998046875,9257.7998046875,9257.7900390625,268600
2008-12-19,9152,9332.900390625,9099.2998046875,9268.400390625,9268.390625,330600
2008-12-22,9232.2998046875,9234.599609375,9095.2001953125,9098.900390625,9098.8916015625,178800
2008-12-23,9075.2998046875,9186.7998046875,9040.7998046875,9068.5,9068.4912109375,123800
2008-12-29,9081,9138.2001953125,8955.2998046875,9017.7001953125,9017.69140625,125000
2008-12-30,9081.7998046875,9195.7998046875,9068.099609375,9195.7998046875,9195.7900390625,142400
2009-01-02,9262,9486.2998046875,9219.099609375,9486.2998046875,9486.2900390625,155200
2009-01-05,9543.400390625,9644.099609375,9506.2998046875,9644.099609375,9644.08984375,199800
2009-01-06,9677.099609375,9800,9617.7998046875,9724,9723.990234375,133200
2009-01-07,9726.2001953125,9726.2001953125,9503.7998046875,9570,9569.990234375,209200
2009-01-08,9452.7001953125,9576.099609375,9357.7001953125,9469.5,9469.490234375,230600
2009-01-09,9527.7001953125,9529,9309.5,9378.5,9378.490234375,195000
2009-01-12,9329.5,9350.599609375,9179.2001953125,9199.900390625,9199.890625,179200
2009-01-13,9098.7998046875,9111.599609375,8920.2001953125,9057.2998046875,9057.291015625,249600
2009-01-14,9132.099609375,9138.2998046875,8594.2001953125,8692.7001953125,8692.69140625,313600
2009-01-15,8685.900390625,8735.7998046875,8500.400390625,8611.099609375,8611.0908203125,249800
2009-01-16,8778.2998046875,8884,8620.099609375,8620.099609375,8620.0908203125,243200
2009-01-19,8739.099609375,8788.2998046875,8389.900390625,8494.7998046875,8494.791015625,229400
2009-01-20,8462.5,8617.2998046875,8223.7001953125,8276.5,8276.4912109375,299800
2009-01-21,8212.400390625,8388.900390625,8077.10009765625,8230.7001953125,8230.69140625,330400
2009-01-22,8381,8451.2001953125,8117.10009765625,8159.2998046875,8159.29150390625,249800
2009-01-23,8152.60009765625,8208.2998046875,7981.7001953125,8172.7998046875,8172.79150390625,224800
2009-01-26,8106.5,8420.5,8091.5,8375.2001953125,8375.19140625,268000
2009-01-27,8408.2001953125,8410.599609375,8169,8349.5,8349.4912109375,251400
2009-01-28,8413.5,8733.2998046875,8396.2998046875,8701.5,8701.4912109375,350600
2009-01-29,8650.2998046875,8665,8403.099609375,8477.400390625,8477.3916015625,245600
2009-01-30,8456.7001953125,8511.900390625,8326.400390625,8450.400390625,8450.3916015625,274600
2009-02-02,8275.400390625,8316.099609375,8118.2998046875,8233.400390625,8233.3916015625,223000
2009-02-03,8294.7998046875,8365.900390625,8180.2998046875,8361.900390625,8361.8916015625,237200
2009-02-04,8413.2001953125,8547.599609375,8285.900390625,8495.400390625,8495.3916015625,220000
2009-02-05,8333.099609375,8452.900390625,8209.2001953125,8440.2001953125,8440.19140625,244200
2009-02-06,8498.2998046875,8608.7001953125,8411.400390625,8544.7001953125,8544.69140625,226800
2009-02-09,8495,8601,8462.599609375,8584.7998046875,8584.791015625,194400
2009-02-10,8523.400390625,8653.7998046875,8390.400390625,8397.2998046875,8397.291015625,214600
2009-02-11,8330.2001953125,8388.2998046875,8246.2998046875,8355.7998046875,8355.791015625,217200
2009-02-12,8302.2998046875,8327.400390625,8116.60009765625,8200.900390625,8200.8916015625,219400
2009-02-13,8291.2998046875,8393.7998046875,8254.900390625,8265.5,8265.4912109375,211800
2009-02-16,8206,8228.900390625,8075,8075,8074.99169921875,159800
2009-02-17,7988,8006.10009765625,7783.7998046875,7843.2001953125,7843.1923828125,326200
2009-02-18,7890,7910.39990234375,7707,7861.39990234375,7861.39208984375,259000
2009-02-19,7903.2998046875,7964.2998046875,7822.10009765625,7875.89990234375,7875.89208984375,249000
2009-02-20,7740,7760.10009765625,7601.7998046875,7603.60009765625,7603.59228515625,305200
2009-02-23,7729.10009765625,7781,7514.89990234375,7540.39990234375,7540.39208984375,245000
2009-02-24,7436.7998046875,7547.2001953125,7403.60009765625,7483.39990234375,7483.39208984375,312400
2009-02-25,7625.60009765625,7642.7998046875,7385,7512.10009765625,7512.09228515625,278800
2009-02-26,7571.2001953125,7862,7564.7998046875,7811.7001953125,7811.6923828125,326000
2009-02-27,7731.89990234375,7736.2998046875,7522.10009765625,7620.89990234375,7620.89208984375,251200
2009-03-02,7428.60009765625,7464.2998046875,7270.5,7270.5,7270.49267578125,304200
2009-03-03,7315.89990234375,7359.2001953125,7199.10009765625,7219.39990234375,7219.392578125,292600
2009-03-04,7295.5,7390.7001953125,7257.39990234375,7357.5,7357.49267578125,254400
2009-03-05,7295.2998046875,7297,7025.89990234375,7025.89990234375,7025.892578125,318800
2009-03-06,7061.89990234375,7086.7998046875,6883.2998046875,6936.89990234375,6936.89306640625,327600
2009-03-09,6965.39990234375,6970,6702.60009765625,6817.39990234375,6817.39306640625,332800
2009-03-10,6808.10009765625,7153.2998046875,6771.7001953125,7153.2998046875,7153.29248046875,371800
2009-03-11,7143,7357.10009765625,7063.2998046875,7204.7001953125,7204.69287109375,315000
2009-03-12,7142.7998046875,7340.5,7008.60009765625,7340.5,7340.49267578125,272000
2009-03-13,7492.5,7543.2001953125,7376,7427.7998046875,7427.79248046875,293800
2009-03-16,7546.60009765625,7647.39990234375,7531.60009765625,7636.89990234375,7636.89208984375,278400
2009-03-17,7604.7998046875,7715.7001953125,7530.39990234375,7645.2998046875,7645.2919921875,274200
2009-03-18,7739.2001953125,7812.39990234375,7552.7001953125,7661.60009765625,7661.59228515625,269400
2009-03-19,7736.7001953125,7845.60009765625,7675.2998046875,7701.60009765625,7701.59228515625,272800
2009-03-20,7640.10009765625,7710,7527.2001953125,7710,7709.9921875,355600
2009-03-23,7838.5,7972.39990234375,7783.2998046875,7952.2998046875,7952.29150390625,288000
2009-03-24,8093.2001953125,8106.10009765625,7902.2998046875,7989.5,7989.49169921875,303000
2009-03-25,7952.7001953125,8121.7001953125,7947.60009765625,8072.39990234375,8072.3916015625,272200
2009-03-26,8107.60009765625,8109.89990234375,7973.7001953125,8076.2001953125,8076.19189453125,219800
2009-03-27,8043.5,8113.39990234375,7911.7001953125,7927.60009765625,7927.59228515625,223200
2009-03-30,7782.2001953125,7788,7589.10009765625,7601.10009765625,7601.09228515625,269200
2009-03-31,7644.2998046875,7815,7639.7001953125,7815,7814.9921875,224600
2009-04-01,7761.2998046875,8002,7637.2001953125,7961,7960.99169921875,298800
2009-04-02,8115.7998046875,8347.400390625,8102.7001953125,8334.7001953125,8334.69140625,411800
2009-04-03,8280.599609375,8410.7001953125,8245.2998046875,8319.900390625,8319.8916015625,302400
2009-04-06,8435,8502.2001953125,8224.5,8321.099609375,8321.0908203125,276000
2009-04-07,8403,8455.7001953125,8247.599609375,8346,8345.9912109375,268200
2009-04-08,8210.7998046875,8415.2998046875,8175.10009765625,8404.7001953125,8404.69140625,198400
2009-04-09,8457.599609375,8714,8400.099609375,8704.7998046875,8704.791015625,261600
2009-04-14,8688.2998046875,8862.900390625,8677.5,8834.7998046875,8834.791015625,418000
2009-04-15,8748.2998046875,8825.2998046875,8662.900390625,8711.900390625,8711.8916015625,302800
2009-04-16,8790.900390625,8925.7998046875,8703.7998046875,8874.5,8874.4912109375,273600
2009-04-17,8898.2998046875,9030.900390625,8803,9030.900390625,9030.8916015625,349000
2009-04-20,8988.2998046875,9018.099609375,8672,8718.2001953125,8718.19140625,289000
2009-04-21,8706.7001953125,8758.7998046875,8413.599609375,8615.7998046875,8615.791015625,352000
2009-04-22,8608.2001953125,8838.599609375,8547.2998046875,8834.099609375,8834.0908203125,294800
2009-04-23,8777.7998046875,8876.2998046875,8717.7001953125,8769.2001953125,8769.19140625,225600
2009-04-24,8768.7001953125,8905.2001953125,8730.7998046875,8888.2001953125,8888.19140625,247400
2009-04-27,8739.900390625,8799.7998046875,8633.7998046875,8777,8776.9912109375,286200
2009-04-28,8619.2001953125,8706.900390625,8503.7001953125,8656.2998046875,8656.291015625,287400
2009-04-29,8730.099609375,8933.599609375,8697,8891.2998046875,8891.291015625,284600
2009-04-30,8986.900390625,9100.7998046875,8957.2998046875,9038,9037.9912109375,315200
2009-05-04,9048.099609375,9096,8927.599609375,9074.7001953125,9074.69140625,235600
2009-05-05,9065.2001953125,9195.599609375,9037.5,9136.7001953125,9136.69140625,284200
2009-05-06,9119.7001953125,9272.900390625,9086.599609375,9229,9228.990234375,258800
2009-05-07,9292.2001953125,9443.900390625,9175.900390625,9228.900390625,9228.890625,334400
2009-05-08,9310.099609375,9443.7001953125,9278.599609375,9408.099609375,9408.08984375,286200
2009-05-11,9457.599609375,9460.2998046875,9232.2001953125,9316.7998046875,9316.7900390625,261000
2009-05-12,9196.900390625,9377.7998046875,9181.900390625,9269,9268.990234375,308400
2009-05-13,9320.099609375,9351.2001953125,8982.5,9000.599609375,9000.5908203125,341600
2009-05-14,8979.2998046875,9002.7001953125,8838.5,8984.2001953125,8984.19140625,255000
2009-05-15,9035.400390625,9085,8922.099609375,8978.599609375,8978.5908203125,219600
2009-05-18,8879.5,9163.2001953125,8828.5,9159.2998046875,9159.2900390625,238800
2009-05-19,9251.7001953125,9387.2998046875,9232.7998046875,9341.599609375,9341.58984375,263400
2009-05-20,9356.900390625,9449.400390625,9261.099609375,9389.400390625,9389.390625,289800
2009-05-21,9282.400390625,9299.900390625,9180.599609375,9225.2998046875,9225.2900390625,193200
2009-05-22,9250.099609375,9378.2001953125,9206.400390625,9308.599609375,9308.58984375,194000
2009-05-25,9336.7998046875,9371.7001953125,9175.599609375,9347.400390625,9347.390625,97800
2009-05-26,9294.7001953125,9438.7998046875,9209.599609375,9405.7001953125,9405.6904296875,224600
2009-05-27,9449,9522,9422.900390625,9510.7998046875,9510.7900390625,249200
2009-05-28,9407,9496,9368.5,9435.5,9435.490234375,209000
2009-05-29,9519.2998046875,9555.599609375,9413.099609375,9424.2998046875,9424.2900390625,239000
2009-06-01,9554.7998046875,9671.599609375,9538.5,9630.900390625,9630.890625,214400
2009-06-02,9566.099609375,9708.7998046875,9554.400390625,9664.7998046875,9664.7900390625,243400
2009-06-03,9706.7001953125,9713.599609375,9426.5,9464.7998046875,9464.7900390625,240800
2009-06-04,9484.5,9530.5,9375.2998046875,9454.599609375,9454.58984375,192400
2009-06-05,9505.900390625,9626.599609375,9455.2001953125,9519,9518.990234375,231600
2009-06-08,9485,9498.5,9341.900390625,9396.2001953125,9396.1904296875,189000
2009-06-09,9460.2998046875,9536.2001953125,9435.7998046875,9497.7001953125,9497.6904296875,193200
2009-06-10,9618.7001953125,9706.400390625,9605.900390625,9627.599609375,9627.58984375,228800
2009-06-11,9624.7998046875,9738.599609375,9618.900390625,9708.400390625,9708.390625,181000
2009-06-12,9688.2998046875,9741.2001953125,9651.7998046875,9714.400390625,9714.390625,157400
2009-06-15,9673.5,9679.400390625,9494.599609375,9518.7001953125,9518.6904296875,191600
2009-06-16,9540.2998046875,9588,9495,9497.900390625,9497.890625,193600
2009-06-17,9451.400390625,9471.5,9200.7001953125,9283.2001953125,9283.1904296875,352600
2009-06-18,9309.099609375,9414.2001953125,9218.900390625,9384,9383.990234375,243800
2009-06-19,9373.599609375,9603.7001953125,9350.7001953125,9580.900390625,9580.890625,361200
2009-06-22,9566.7998046875,9566.7998046875,9331.400390625,9338.5,9338.490234375,251600
2009-06-23,9305.099609375,9413.2998046875,9285,9348.7001953125,9348.6904296875,250200
2009-06-24,9389.599609375,9641.2001953125,9313.2998046875,9617.599609375,9617.58984375,235400
2009-06-25,9618.599609375,9714.900390625,9470.7998046875,9667.2001953125,9667.1904296875,222200
2009-06-26,9717.900390625,9789.400390625,9625,9686.900390625,9686.890625,196000
2009-06-29,9642.400390625,9854.2001953125,9632.7998046875,9845.7001953125,9845.6904296875,237600
2009-06-30,9889.7998046875,9890.599609375,9728.2998046875,9787.7998046875,9787.7900390625,238000
2009-07-01,9798.099609375,9929.400390625,9792.5,9903.7001953125,9903.6904296875,219200
2009-07-02,9857.7998046875,9922.2998046875,9643.5,9643.5,9643.490234375,228000
2009-07-03,9696.7998046875,9723.7998046875,9591,9707.7998046875,9707.7900390625,128400
2009-07-06,9627.599609375,9634.099609375,9469.2998046875,9569,9568.990234375,177400
2009-07-07,9597.7998046875,9683.2998046875,9506.599609375,9520,9519.990234375,201400
2009-07-08,9461.7998046875,9503.5,9326,9360.599609375,9360.58984375,199800
2009-07-09,9400.2998046875,9517.7001953125,9390.2998046875,9443.099609375,9443.08984375,177000
2009-07-10,9382.2998046875,9431,9324.599609375,9344.900390625,9344.890625,178600
2009-07-13,9295.2998046875,9579.2998046875,9241.2001953125,9567.400390625,9567.390625,175400
2009-07-14,9612.599609375,9676.099609375,9551.7001953125,9634,9633.990234375,175800
2009-07-15,9687.099609375,9905.2998046875,9670.7998046875,9905.2998046875,9905.2900390625,240800
2009-07-16,9887.7001953125,10069.2998046875,9855.099609375,9997.599609375,9997.58984375,227400
2009-07-17,10049.2998046875,10125.7998046875,9962.900390625,10041.900390625,10041.890625,173000
2009-07-20,10136.900390625,10163.7001953125,10078.7001953125,10142.7998046875,10142.7890625,173800
2009-07-21,10163,10222.7001953125,10095.7998046875,10122.2001953125,10122.189453125,218800
2009-07-22,10123.2998046875,10153.400390625,10046.599609375,10153.400390625,10153.3896484375,169200
2009-07-23,10176.7001953125,10403,10170.7998046875,10369.7998046875,10369.7890625,237200
2009-07-24,10360.900390625,10496.7998046875,10343,10438.599609375,10438.5888671875,210200
2009-07-27,10535.900390625,10638.7001953125,10488.2001953125,10591.7001953125,10591.689453125,201000
2009-07-28,10614.2998046875,10737.599609375,10600.400390625,10664,10663.9892578125,255600
2009-07-29,10648.900390625,10743.2998046875,10598.7001953125,10661.599609375,10661.5888671875,231800
2009-07-30,10743.2001953125,10895.2998046875,10663,10874.400390625,10874.3896484375,248000
2009-07-31,10841.5,10932.900390625,10778.2998046875,10855.099609375,10855.0888671875,267200
2009-08-03,10809.900390625,10952.7001953125,10800.099609375,10901,10900.9892578125,182000
2009-08-04,10905.7001953125,10905.7001953125,10758.2001953125,10876.7998046875,10876.7890625,157200
2009-08-05,10880.599609375,10922.5,10672.599609375,10704.400390625,10704.3896484375,188200
2009-08-06,10808.7001953125,10849.900390625,10730.2001953125,10776,10775.9892578125,196000
2009-08-07,10738.7001953125,10984,10713.2001953125,10947.599609375,10947.5888671875,185400
2009-08-10,10934.2001953125,10934.2001953125,10848.2001953125,10923,10922.9892578125,108000
2009-08-11,10947.900390625,11011.2998046875,10786,10831.900390625,10831.8896484375,142200
2009-08-12,10808.2001953125,10955.900390625,10737.7001953125,10933.7998046875,10933.7890625,143200
2009-08-13,10942.5,11144.099609375,10925.7998046875,11046.7998046875,11046.7890625,175200
2009-08-14,11055.5,11120.7001953125,10852.7998046875,10901.900390625,10901.8896484375,137800
2009-08-17,10857.400390625,10857.400390625,10537.900390625,10598.5,10598.4892578125,183000
2009-08-18,10626.5,10708.2998046875,10599.2001953125,10708.2998046875,10708.2890625,110200
2009-08-19,10616.900390625,10749.2001953125,10511.900390625,10695.5,10695.4892578125,127200
2009-08-20,10804.7998046875,10918,10795.099609375,10892.5,10892.4892578125,123600
2009-08-21,10880.099609375,11193.900390625,10847.7001953125,11161,11160.98828125,205800
2009-08-24,11239.7998046875,11349.2001953125,11189.7001953125,11303.7998046875,11303.7880859375,162000
2009-08-25,11255.400390625,11433.2001953125,11219.5,11427.7998046875,11427.7880859375,183600
2009-08-26,11400.7001953125,11446.099609375,11319,11376.400390625,11376.388671875,164400
2009-08-27,11342.7001953125,11422.7001953125,11293.7998046875,11356.900390625,11356.888671875,147200
2009-08-28,11419.400390625,11522.7998046875,11395.7998046875,11442.7001953125,11442.6884765625,160000
2009-08-31,11359.7998046875,11481.400390625,11342.900390625,11365.099609375,11365.087890625,132400
2009-09-01,11434,11443,11167.599609375,11173,11172.98828125,178400
2009-09-02,11126.599609375,11138.7998046875,10874.400390625,10999.7001953125,10999.689453125,220600
2009-09-03,11022.7001953125,11109.2001953125,10969.400390625,11018.099609375,11018.0888671875,176000
2009-09-04,11088.2001953125,11222.7001953125,11064.7001953125,11222.7001953125,11222.6884765625,194000
2009-09-07,11328.2001953125,11416.5,11319.7001953125,11388.599609375,11388.587890625,133600
2009-09-08,11425.400390625,11463.7001953125,11319.900390625,11366.599609375,11366.587890625,193600
2009-09-09,11325,11469.900390625,11319.2998046875,11462,11461.98828125,166200
2009-09-10,11514.099609375,11516.7001953125,11260,11340.7998046875,11340.7880859375,218400
2009-09-11,11388.400390625,11531.400390625,11387.400390625,11452.599609375,11452.587890625,170200
2009-09-14,11343.5,11517.099609375,11283,11492.599609375,11492.587890625,182400
2009-09-15,11520.7001953125,11631.7998046875,11481,11593.2998046875,11593.2880859375,165400
2009-09-16,11657.5,11800,11648.7998046875,11746.900390625,11746.888671875,205800
2009-09-17,11836.7998046875,11836.7998046875,11687.2998046875,11771,11770.98828125,211000
2009-09-18,11728.599609375,11837.7001953125,11718.2001953125,11777.2998046875,11777.2880859375,280800
2009-09-21,11772.2998046875,11774,11623,11727.400390625,11727.388671875,165200
2009-09-22,11784.2001953125,11899.2998046875,11771.599609375,11816.7001953125,11816.6884765625,182600
2009-09-23,11813.099609375,11879.599609375,11801.099609375,11853.2998046875,11853.2880859375,155000
2009-09-24,11808,11900.900390625,11640.7998046875,11695.900390625,11695.888671875,216400
2009-09-25,11692.7998046875,11712.5,11561,11643.7998046875,11643.7880859375,156600
2009-09-28,11622,11891.2001953125,11541.2001953125,11891.2001953125,11891.1884765625,183200
2009-09-29,11933.5,11938.2001953125,11801.7001953125,11853.7001953125,11853.6884765625,174200
2009-09-30,11870,11929.5,11628.900390625,11756.099609375,11756.087890625,225400
2009-10-01,11766.599609375,11851.099609375,11511.400390625,11518.2001953125,11518.1884765625,216400
2009-10-02,11385.400390625,11427.7998046875,11268.5,11326.7001953125,11326.6884765625,264400
2009-10-05,11322.2001953125,11579,11271,11557,11556.98828125,257200
2009-10-06,11594.7001953125,11836,11591.7998046875,11817.099609375,11817.087890625,279400
2009-10-07,11821.900390625,11854.2998046875,11671.2998046875,11721.400390625,11721.388671875,207800
2009-10-08,11857.7998046875,11905.7001953125,11753.099609375,11814.2998046875,11814.2880859375,223000
2009-10-09,11809,11907.5,11691.7998046875,11743.2001953125,11743.1884765625,213800
2009-10-12,11760.7001953125,11870.2998046875,11734.099609375,11748.7998046875,11748.7880859375,138400
2009-10-13,11717,11735.7001953125,11542.099609375,11608.2998046875,11608.2880859375,190400
2009-10-14,11714.2001953125,11881.7001953125,11713.099609375,11870.900390625,11870.888671875,264000
2009-10-15,11900.2998046875,11942.7998046875,11792.7998046875,11849.7001953125,11849.6884765625,241400
2009-10-16,11889.400390625,11952.900390625,11611.5,11676.400390625,11676.388671875,311200
2009-10-19,11747.7001953125,11907,11730.5,11885.2998046875,11885.2880859375,206000
2009-10-20,11945.7001953125,11951.7998046875,11782.599609375,11790.2001953125,11790.1884765625,180800
2009-10-21,11786.599609375,11911.400390625,11644.900390625,11875.2001953125,11875.1884765625,204800
2009-10-22,11713,11855.5,11686.2998046875,11828.599609375,11828.587890625,198400
2009-10-23,11911,11960.400390625,11733.400390625,11739.7998046875,11739.7880859375,214800
2009-10-26,11796.7998046875,11833.2001953125,11583.7998046875,11622.599609375,11622.587890625,195800
2009-10-27,11590.400390625,11679.2998046875,11546.400390625,11634,11633.98828125,193600
2009-10-28,11588,11600,11378.7998046875,11429.7998046875,11429.7880859375,235200
2009-10-29,11398.7001953125,11690.400390625,11357.7001953125,11683.400390625,11683.388671875,232200
2009-10-30,11689,11761.099609375,11366.2001953125,11414.7998046875,11414.7880859375,214000
2009-11-02,11354,11514.7998046875,11344.2998046875,11465.7998046875,11465.7880859375,156200
2009-11-03,11328.5,11358.400390625,11179.900390625,11242.400390625,11242.388671875,215400
2009-11-04,11308.7001953125,11398.7998046875,11286,11387.7001953125,11387.6884765625,166800
2009-11-05,11313.900390625,11621.099609375,11249.599609375,11548.900390625,11548.888671875,180000
2009-11-06,11518,11627.7001953125,11391.599609375,11580.599609375,11580.587890625,188600
2009-11-09,11654.7001953125,11816.7998046875,11653.7998046875,11816.7998046875,11816.7880859375,141000
2009-11-10,11807.400390625,11891.900390625,11777.7998046875,11814,11813.98828125,182200
2009-11-11,11822.900390625,11893.599609375,11784.900390625,11801.400390625,11801.388671875,187200
2009-11-12,11790.2001953125,11916.400390625,11757.400390625,11834.5,11834.48828125,209800
2009-11-13,11835.2998046875,11868.599609375,11754.099609375,11867,11866.98828125,203200
2009-11-16,11943,12007.099609375,11910.099609375,11986.900390625,11986.888671875,188800
2009-11-17,11964.900390625,12016.099609375,11928.599609375,11959.400390625,11959.388671875,175400
2009-11-18,12004,12102.599609375,11999.2998046875,12034.400390625,12034.388671875,174200
2009-11-19,12028.400390625,12029.7001953125,11817,11846.2001953125,11846.1884765625,176200
2009-11-20,11888.900390625,11942.2001953125,11702.2001953125,11719.2998046875,11719.2880859375,203600
2009-11-23,11845.900390625,11975.900390625,11832.900390625,11940.5,11940.48828125,131800
2009-11-24,11832.7998046875,11973,11808,11905.2001953125,11905.1884765625,142800
2009-11-25,12004.099609375,12021.5,11900.599609375,11965.7998046875,11965.7880859375,131600
2009-11-26,11894.2001953125,11904.5,11639.2001953125,11657.5,11657.48828125,180200
2009-11-27,11431.400390625,11829.2001953125,11415.7998046875,11776.7998046875,11776.7880859375,205600
2009-11-30,11839.400390625,11874.599609375,11603.599609375,11644.7001953125,11644.6884765625,169800
2009-12-01,11746.2001953125,11878.2001953125,11735.900390625,11862.099609375,11862.087890625,185800
2009-12-02,11856.7001953125,11930.5,11788.2001953125,11868.7998046875,11868.7880859375,163000
2009-12-03,11969,11998.2998046875,11881.2998046875,11905.2998046875,11905.2880859375,161000
2009-12-04,11864.400390625,12055.2998046875,11831.599609375,12032.2001953125,12032.1884765625,188000
2009-12-07,11975.7998046875,12065,11930.5,12011.7998046875,12011.7880859375,120800
2009-12-08,11957.2998046875,12035,11758.400390625,11808.900390625,11808.888671875,153000
2009-12-09,11771.7001953125,11833.7001953125,11497.400390625,11541.2001953125,11541.1884765625,291200
2009-12-10,11535.099609375,11610.400390625,11468.7001953125,11594.7001953125,11594.6884765625,226200
2009-12-11,11610.5,11676.7001953125,11598.2998046875,11616,11615.98828125,210800
2009-12-14,11705.400390625,11748.900390625,11645.5,11705.900390625,11705.888671875,151200
2009-12-15,11696.7001953125,11757.5,11592.400390625,11735.5,11735.48828125,185800
2009-12-16,11747.099609375,11875.2001953125,11739.7001953125,11863.2001953125,11863.1884765625,207600
2009-12-17,11764.400390625,11820.5,11648.599609375,11696.900390625,11696.888671875,190800
2009-12-18,11709.599609375,11814.099609375,11622.599609375,11645,11644.98828125,255600
2009-12-21,11696.900390625,11843,11656.7998046875,11830.7998046875,11830.7880859375,160000
2009-12-22,11810.2001953125,11943.400390625,11810,11890.7998046875,11890.7880859375,148400
2009-12-23,11957.099609375,11990.400390625,11916.400390625,11967.5,11967.48828125,124600
2009-12-28,12014,12070.900390625,11995.7001953125,12023.2001953125,12023.1884765625,92200
2009-12-29,12034.7001953125,12056.5,11985.2001953125,12035.099609375,12035.087890625,99400
2009-12-30,12018.400390625,12020.099609375,11923,11940,11939.98828125,103400
2010-01-04,11986.5,12145.099609375,11986.099609375,12145.099609375,12145.0869140625,184200
2010-01-05,12141.7998046875,12240.5,12139.7998046875,12204.400390625,12204.3876953125,238400
2010-01-06,12216.400390625,12230.7001953125,12147.599609375,12222.5,12222.4873046875,123800
2010-01-07,12163,12199.7001953125,12079.099609375,12166.2998046875,12166.287109375,192400
2010-01-08,12218,12232.2001953125,12079.900390625,12163,12162.9873046875,213200
2010-01-11,12192.5,12233.900390625,12066.099609375,12074.5,12074.4873046875,230800
2010-01-12,12094.400390625,12134.2001953125,11941.099609375,11966.099609375,11966.087890625,186800
2010-01-13,11923,12027.2001953125,11909.599609375,11958.2998046875,11958.2880859375,181800
2010-01-14,12049.099609375,12050.400390625,11902.2998046875,11999.7998046875,11999.7880859375,153800
2010-01-15,12028.5,12085.2998046875,11818.599609375,11845,11844.98828125,236400
2010-01-18,11888.5,11897.7001953125,11788.7998046875,11870.7001953125,11870.6884765625,95600
2010-01-19,11850.400390625,12049.2001953125,11772.5,12022.599609375,12022.587890625,202400
2010-01-20,11987.2998046875,12039,11642.5,11709,11708.98828125,233600
2010-01-21,11771.7998046875,11788.7998046875,11414.099609375,11444,11443.98828125,288200
2010-01-22,11410,11423.5,11204.5,11373.400390625,11373.388671875,302600
2010-01-25,11275.400390625,11383.2998046875,11223.7001953125,11249.2998046875,11249.2880859375,203600
2010-01-26,11158.7998046875,11385.5,11140.400390625,11347.2998046875,11347.2880859375,217400
2010-01-27,11199.5,11203.900390625,10997.7001953125,11042.2001953125,11042.189453125,328400
2010-01-28,11154.900390625,11200.5,10829.2998046875,10829.2998046875,10829.2890625,287000
2010-01-29,10904,11045.2998046875,10821.2001953125,10947.7001953125,10947.689453125,222400
2010-02-01,10852.400390625,11033.7001953125,10839.400390625,10995.2001953125,10995.189453125,202800
2010-02-02,11022.400390625,11158.400390625,10945.5,11140.900390625,11140.888671875,208600
2010-02-03,11189.599609375,11201.599609375,10867.7998046875,10888.400390625,10888.3896484375,269200
2010-02-04,10882.2998046875,10920.099609375,10220.7001953125,10241.7001953125,10241.689453125,503400
2010-02-05,10123.2998046875,10277.5,9916.599609375,10103.2998046875,10103.2900390625,537800
2010-02-08,10132.099609375,10259.2001953125,9970.900390625,10206.2998046875,10206.2890625,310600
2010-02-09,10160.7998046875,10339.2001953125,10084.900390625,10275.400390625,10275.3896484375,279600
2010-02-10,10383.099609375,10543.099609375,10358.900390625,10455,10454.9892578125,306800
2010-02-11,10554.5,10557.400390625,10162.7001953125,10281.7001953125,10281.689453125,263000
2010-02-12,10393.900390625,10409.7998046875,10149.2001953125,10224.900390625,10224.8896484375,183600
2010-02-15,10298.5,10386.7998046875,10240.2998046875,10293.599609375,10293.5888671875,110000
2010-02-16,10397.900390625,10430.5,10230.400390625,10393.900390625,10393.8896484375,151800
2010-02-17,10470.900390625,10551.5,10426.5,10498.599609375,10498.5888671875,198800
2010-02-18,10466.7001953125,10574.2001953125,10417.900390625,10574.2001953125,10574.189453125,197400
2010-02-19,10472.400390625,10676.7001953125,10404,10676.7001953125,10676.689453125,244800
2010-02-22,10752.5,10773.599609375,10541.099609375,10570.5,10570.4892578125,150200
2010-02-23,10597.599609375,10638.599609375,10267.5,10312.900390625,10312.8896484375,212000
2010-02-24,10304.7001953125,10333.7998046875,10089.400390625,10254,10253.9892578125,221800
2010-02-25,10195.599609375,10312.400390625,10047.2001953125,10126.2001953125,10126.189453125,219800
2010-02-26,10243.400390625,10345.2001953125,10118.400390625,10333.599609375,10333.5888671875,230200
2010-03-01,10434.7001953125,10504.900390625,10287.599609375,10434.900390625,10434.8896484375,164800
2010-03-02,10441.7998046875,10532.900390625,10339.2998046875,10521.5,10521.4892578125,176200
2010-03-03,10485.099609375,10679.5,10411.7998046875,10664.5,10664.4892578125,194800
2010-03-04,10595.599609375,10814.599609375,10577.099609375,10745.2998046875,10745.2890625,231200
2010-03-05,10780.099609375,11032.7998046875,10718.599609375,11019.7998046875,11019.7890625,217400
2010-03-08,11103.099609375,11123.7998046875,11031.7001953125,11078.2998046875,11078.2890625,170600
2010-03-09,11101.099609375,11108.599609375,10911.099609375,11002.7998046875,11002.7890625,170600
2010-03-10,11018.2998046875,11121,10976.7998046875,11121,11120.98828125,166400
2010-03-11,11076.2001953125,11128,10988.2998046875,11045.400390625,11045.3896484375,156000
2010-03-12,11078.900390625,11181.2998046875,11049.400390625,11077,11076.9892578125,148400
2010-03-15,11069.900390625,11078.2998046875,10932.2001953125,10957.7998046875,10957.7890625,145600
2010-03-16,11028.599609375,11061.7998046875,10921.099609375,11059.2998046875,11059.2890625,167000
2010-03-17,11128,11190,11090.400390625,11166.7998046875,11166.7880859375,172200
2010-03-18,11119.599609375,11156.400390625,11021.2998046875,11073.5,11073.4892578125,177400
2010-03-19,11132.400390625,11141.400390625,10929.599609375,10990.7998046875,10990.7890625,277800
2010-03-22,10959.599609375,10960.400390625,10694.2001953125,10861.900390625,10861.8896484375,212800
2010-03-23,10884.5,11013.900390625,10864.7998046875,10996.2001953125,10996.189453125,215000
2010-03-24,11027,11041.099609375,10747.5,10866.2998046875,10866.2890625,217800
2010-03-25,10908.5,11092.7998046875,10825.900390625,11091.400390625,11091.388671875,189800
2010-03-26,11054.099609375,11124,11004,11071.099609375,11071.0888671875,150000
2010-03-29,11108.2001953125,11166.400390625,11013,11091,11090.98828125,134400
2010-03-30,11133.599609375,11157,10968,10980.7001953125,10980.689453125,131800
2010-03-31,10942.7998046875,11014.7998046875,10774,10871.2998046875,10871.2890625,196200
2010-04-01,10950.400390625,11067.900390625,10893,11067.900390625,11067.8896484375,127800
2010-04-06,11143.2001953125,11185.099609375,10968.2001953125,11160.599609375,11160.587890625,165600
2010-04-07,11152.2998046875,11235.7001953125,11083.2001953125,11191.2998046875,11191.2880859375,213800
2010-04-08,11134,11153,10977,11076.2998046875,11076.2890625,203000
2010-04-09,11161.099609375,11408.5,11139.5,11394.2001953125,11394.1884765625,257600
2010-04-12,11468,11554.7998046875,11416.099609375,11460.7998046875,11460.7880859375,191800
2010-04-13,11415.7998046875,11535.7001953125,11403.5,11461,11460.98828125,196600
2010-04-14,11519.599609375,11566.099609375,11460.2001953125,11503.7001953125,11503.6884765625,155800
2010-04-15,11533.099609375,11543.900390625,11372,11523.5,11523.48828125,196800
2010-04-16,11441.7001953125,11546.900390625,11210.5,11259.7001953125,11259.6884765625,318000
2010-04-19,11155.5,11264.099609375,11118.2001953125,11199.5,11199.48828125,200600
2010-04-20,11256.2998046875,11334.7001953125,11140.099609375,11305.599609375,11305.587890625,186400
2010-04-21,11328.5,11337.2998046875,11041.7998046875,11064.7001953125,11064.689453125,210800
2010-04-22,11045.099609375,11079.2001953125,10753.400390625,10821.900390625,10821.8896484375,297200
2010-04-23,10833.2001953125,11027.2998046875,10759.7001953125,10918.2001953125,10918.189453125,225400
2010-04-26,11042.7001953125,11092.599609375,10837.7998046875,10939.2998046875,10939.2890625,243600
2010-04-27,10884.599609375,10904.5,10480.900390625,10480.900390625,10480.8896484375,317200
2010-04-28,10350.7998046875,10480.2998046875,10077.900390625,10167,10166.9892578125,502800
2010-04-29,10190.7001953125,10511.2998046875,10138.599609375,10441,10440.9892578125,325200
2010-04-30,10477.099609375,10648.599609375,10382.2001953125,10492.2001953125,10492.189453125,270800
2010-05-03,10426.2001953125,10452.2001953125,10272,10422.7998046875,10422.7890625,162600
2010-05-04,10363.599609375,10411.7998046875,9812.7998046875,9859.099609375,9859.08984375,462200
2010-05-05,9864.599609375,9904.5,9505.7001953125,9635.2001953125,9635.1904296875,516200
2010-05-06,9539.2001953125,9837.5,9267.5,9352.599609375,9352.58984375,460600
2010-05-07,9175.400390625,9568.7998046875,8925.900390625,9046.099609375,9046.0908203125,539400
2010-05-10,9059.2001953125,10351.900390625,9058.599609375,10351.900390625,10351.8896484375,694200
2010-05-11,10056.7001953125,10146.7998046875,9731.2998046875,10008.599609375,10008.58984375,372000
2010-05-12,9927.900390625,10284.900390625,9812.2001953125,10089.7998046875,10089.7900390625,296200
2010-05-13,10222.5,10222.5,9846.2998046875,9977.5,9977.490234375,230200
2010-05-14,9891.099609375,9896.7998046875,9192.599609375,9314.7001953125,9314.6904296875,397400
2010-05-17,9224.2998046875,9488.400390625,9140.5,9286.099609375,9286.08984375,292000
2010-05-18,9480.900390625,9716.7998046875,9419.599609375,9627.599609375,9627.58984375,280400
2010-05-19,9430.2998046875,9518.400390625,9233.2001953125,9376.5,9376.490234375,292600
2010-05-20,9471.7001953125,9564.099609375,9037.5,9270.5,9270.490234375,323400
2010-05-21,9288.5,9443.5,9005.900390625,9407.2998046875,9407.2900390625,468400
2010-05-24,9514.7998046875,9552.2998046875,9169.7998046875,9287.900390625,9287.890625,184400
2010-05-25,8969.900390625,9027.400390625,8812.099609375,9004.400390625,9004.3916015625,342200
2010-05-26,9156,9241.7998046875,9042.599609375,9042.599609375,9042.5908203125,329200
2010-05-27,9129.5,9395.099609375,8906.7998046875,9334.900390625,9334.890625,351400
2010-05-28,9452.099609375,9492.099609375,9372.2001953125,9425.5,9425.490234375,237600
2010-05-31,9346.099609375,9403.7998046875,9328.400390625,9359.400390625,9359.390625,114200
2010-06-01,9282.2001953125,9356.2001953125,9019.400390625,9299.7001953125,9299.6904296875,241600
2010-06-02,9212.099609375,9304.5,9031.900390625,9268,9267.990234375,229400
2010-06-03,9469.7001953125,9488.7998046875,9258.2998046875,9276.2001953125,9276.1904296875,209200
2010-06-04,9289.599609375,9315.099609375,8881.7001953125,8923.400390625,8923.3916015625,324000
2010-06-07,8825.2001953125,8962.599609375,8664,8795.2998046875,8795.291015625,244800
2010-06-08,8880.400390625,8888.900390625,8563.599609375,8669.7998046875,8669.791015625,263200
2010-06-09,8725.900390625,8868.7001953125,8610.599609375,8868.7001953125,8868.69140625,273000
2010-06-10,8807.7998046875,9242.599609375,8712.2998046875,9198.2001953125,9198.1904296875,291800
2010-06-11,9276,9648.7001953125,9265.7001953125,9561.7001953125,9561.6904296875,422400
2010-06-14,9662,9690.7001953125,9483.7001953125,9584,9583.990234375,265800
2010-06-15,9475.7998046875,9764.900390625,9414,9742,9741.990234375,257000
2010-06-16,9803.900390625,9838.7998046875,9572.2001953125,9683.2998046875,9683.2900390625,250800
2010-06-17,9671,9841.2998046875,9650.900390625,9755.099609375,9755.08984375,239400
2010-06-18,9774.7998046875,10051.7998046875,9773.599609375,9971.7998046875,9971.7900390625,398800
2010-06-21,10127.7001953125,10209.5,10016,10071.900390625,10071.890625,204000
2010-06-22,10020.7001953125,10071.7001953125,9872,10016.099609375,10016.08984375,225600
2010-06-23,9896.599609375,10031.2998046875,9824.7001953125,9886,9885.990234375,186400
2010-06-24,9953.7001953125,9969.7998046875,9549.2998046875,9586.5,9586.490234375,221800
2010-06-25,9576.400390625,9677.599609375,9451.5,9535,9534.990234375,229400
2010-06-28,9612.400390625,9705.2001953125,9490.099609375,9688.5,9688.490234375,186800
2010-06-29,9525.400390625,9544.900390625,9160.400390625,9160.400390625,9160.390625,247600
2010-06-30,9212.099609375,9407.400390625,9122.599609375,9263.400390625,9263.390625,280000
2010-07-01,9041.7001953125,9341,8977.7001953125,9178.2001953125,9178.1904296875,277600
2010-07-02,9228,9434.2998046875,9158.7001953125,9250.7998046875,9250.7900390625,209600
2010-07-05,9247.2998046875,9367.2998046875,9202,9281.5,9281.490234375,153600
2010-07-06,9356,9698.099609375,9346.2998046875,9615,9614.990234375,222600
2010-07-07,9529.7998046875,9987.400390625,9457,9987.400390625,9987.390625,345200
2010-07-08,10067.900390625,10120.7001953125,9929.599609375,10080.5,10080.490234375,321000
2010-07-09,10165.400390625,10185.5,10044.7001953125,10127.2998046875,10127.2890625,204200
2010-07-12,10145.400390625,10146.400390625,9967.5,10058.2001953125,10058.1904296875,153800
2010-07-13,10084.599609375,10259.5,10044,10259.5,10259.4892578125,181600
2010-07-14,10309.599609375,10315.2001953125,10159.400390625,10278.5,10278.4892578125,183800
2010-07-15,10232.7001953125,10318.7001953125,10077.2998046875,10160.2001953125,10160.189453125,249600
2010-07-16,10196.2001953125,10253.900390625,9913.2998046875,9991.7001953125,9991.6904296875,206800
2010-07-19,9961.2998046875,10157.599609375,9849.900390625,9929.7998046875,9929.7900390625,154000
2010-07-20,10036.2001953125,10076.2001953125,9804.900390625,10061.2998046875,10061.2900390625,192400
2010-07-21,10129.099609375,10168.2998046875,10003.5,10040.7998046875,10040.7900390625,185000
2010-07-22,9974.400390625,10334.7001953125,9967.7998046875,10302.900390625,10302.8896484375,203200
2010-07-23,10257.5,10417.2998046875,10221.400390625,10388.2001953125,10388.189453125,279600
2010-07-26,10476.7001953125,10512.400390625,10331,10506.7001953125,10506.689453125,174600
2010-07-27,10544.7998046875,10684.7001953125,10533.099609375,10645,10644.9892578125,257400
2010-07-28,10712.400390625,10721.7998046875,10595.900390625,10643.900390625,10643.8896484375,196600
2010-07-29,10678,10788,10602.5,10659.5,10659.4892578125,217400
2010-07-30,10607.7998046875,10638.599609375,10430.2998046875,10499.7998046875,10499.7890625,214600
2010-08-02,10535.400390625,10860.7998046875,10489.7998046875,10835.400390625,10835.3896484375,219400
2010-08-03,10781.900390625,10884,10727.400390625,10871.400390625,10871.3896484375,183000
2010-08-04,10865.400390625,10905.7001953125,10720.5,10843.2998046875,10843.2890625,150800
2010-08-05,10868.400390625,10953.099609375,10786.400390625,10840,10839.9892578125,150200
2010-08-06,10886.2001953125,10907.2998046875,10576.5,10651.099609375,10651.0888671875,166800
2010-08-09,10802.7998046875,10831.2001953125,10764.7998046875,10812.599609375,10812.5888671875,106400
2010-08-10,10757.2998046875,10801.900390625,10673.900390625,10718.5,10718.4892578125,117600
2010-08-11,10631.900390625,10688.099609375,10336,10374.7998046875,10374.7890625,208200
2010-08-12,10335,10432.400390625,10259.7001953125,10342.400390625,10342.3896484375,173600
2010-08-13,10438.400390625,10448.2001953125,10201.599609375,10275.7998046875,10275.7890625,165400
2010-08-16,10284.5,10335.7001953125,10143.7001953125,10258.2998046875,10258.2890625,119600
2010-08-17,10283.7001953125,10380.5,10203.900390625,10369.5,10369.4892578125,138800
2010-08-18,10322.7998046875,10411.900390625,10250.900390625,10391,10390.9892578125,107400
2010-08-19,10441,10538.2001953125,10225.599609375,10238,10237.9892578125,175800
2010-08-20,10220.900390625,10302.599609375,10018.7001953125,10094.2998046875,10094.2900390625,154400
2010-08-23,10117.099609375,10306.2001953125,10087.7001953125,10221.2001953125,10221.189453125,119938000
2010-08-24,10129.5,10140.7001953125,9954.7998046875,10052.2998046875,10052.2900390625,157979000
2010-08-25,10034.7001953125,10088.7001953125,9773.7998046875,9894,9893.990234375,186301000
2010-08-26,9992.7998046875,10056.400390625,9934.7998046875,10004.400390625,10004.390625,138039000
2010-08-27,9951.2998046875,10164.7998046875,9938.099609375,10148.2001953125,10148.189453125,148166000
2010-08-30,10201.5,10211.599609375,10097.7001953125,10136,10135.9892578125,74499000
2010-08-31,9980.900390625,10187,9964.2001953125,10187,10186.9892578125,181126000
2010-09-01,10232.7001953125,10544.7998046875,10170.099609375,10544.7998046875,10544.7890625,200281000
2010-09-02,10513.900390625,10578.599609375,10467.7001953125,10537.599609375,10537.5888671875,148750000
2010-09-03,10556.900390625,10708.7998046875,10503.099609375,10599.400390625,10599.3896484375,180728000
2010-09-06,10678.7998046875,10678.900390625,10597.900390625,10622.7001953125,10622.689453125,79130000
2010-09-07,10579.2001953125,10592.400390625,10410.2998046875,10479.099609375,10479.0888671875,145891000
2010-09-08,10449.099609375,10609.400390625,10420,10586.2001953125,10586.189453125,147374000
2010-09-09,10547.2998046875,10773.599609375,10497.900390625,10712.900390625,10712.8896484375,186434000
2010-09-10,10642.7001953125,10725,10622.7001953125,10689.599609375,10689.5888671875,140766000
2010-09-13,10775.7001953125,10831.2001953125,10734,10765.2001953125,10765.189453125,154164000
2010-09-14,10759.900390625,10835,10689.900390625,10806.599609375,10806.5888671875,161443000
2010-09-15,10846,10846.5,10670,10751.7998046875,10751.7890625,146178000
2010-09-16,10741.7998046875,10787.599609375,10703.5,10716.7998046875,10716.7890625,133924000
2010-09-17,10799.599609375,10839.7001953125,10544.400390625,10588.599609375,10588.5888671875,313047000
2010-09-20,10622.099609375,10751.2998046875,10569.099609375,10743.099609375,10743.0888671875,173247000
2010-09-21,10718.2001953125,10902.5,10718.099609375,10762.5,10762.4892578125,213903000
2010-09-22,10803.900390625,10805.5,10511.900390625,10555.2001953125,10555.189453125,220396000
2010-09-23,10652.7998046875,10653.5,10401.7998046875,10501.5,10501.4892578125,229657000
2010-09-24,10456.900390625,10748.400390625,10418.400390625,10727.599609375,10727.5888671875,234779000
2010-09-27,10732,10767.2998046875,10574.7998046875,10613,10612.9892578125,147302000
2010-09-28,10570.900390625,10664,10413.599609375,10590.7001953125,10590.689453125,207880000
2010-09-29,10610.400390625,10670.2998046875,10427.2998046875,10486.7998046875,10486.7890625,175515000
2010-09-30,10407.400390625,10681,10378.7998046875,10514.5,10514.4892578125,233735000
2010-10-01,10520.099609375,10638,10391.599609375,10450.099609375,10450.0888671875,227229000
2010-10-04,10449.2001953125,10493.2998046875,10310.2001953125,10383,10382.9892578125,186749000
2010-10-05,10404.5,10654.7001953125,10341,10651.2001953125,10651.189453125,205515000
2010-10-06,10724.599609375,10803.2998046875,10674.2998046875,10700.2001953125,10700.189453125,225497000
2010-10-07,10701.400390625,10830.2001953125,10595.5,10740.2998046875,10740.2890625,177982000
2010-10-08,10705.900390625,10758.099609375,10632,10720.7998046875,10720.7890625,156847000
2010-10-11,10723.7998046875,10756.900390625,10645.400390625,10700.7998046875,10700.7890625,145726000
2010-10-12,10637.900390625,10666.5,10529.7001953125,10648.2001953125,10648.189453125,157526000
2010-10-13,10680.2001953125,10894.7998046875,10662.400390625,10866.099609375,10866.0888671875,223613000
2010-10-14,10898.7998046875,10982.099609375,10847.400390625,10849.7001953125,10849.689453125,214966000
2010-10-15,10866,10895.7001953125,10785.7001953125,10868.2001953125,10868.189453125,228686000
2010-10-18,10820.099609375,10908.099609375,10751.2001953125,10897.7001953125,10897.689453125,165844000
2010-10-19,10883.7001953125,11021.599609375,10854.099609375,10895.2998046875,10895.2890625,269322000
2010-10-20,10841.099609375,10915.2998046875,10806.7001953125,10896.900390625,10896.8896484375,172940000
2010-10-21,10830.2001953125,10943,10797.5,10892.2998046875,10892.2890625,233268000
2010-10-22,10860.599609375,10984.2001953125,10826.099609375,10924.7998046875,10924.7890625,133642000
2010-10-25,10986,10988.400390625,10835.2001953125,10870.2998046875,10870.2890625,149932000
2010-10-26,10825,10855.900390625,10729.7001953125,10797.7998046875,10797.7890625,172823000
2010-10-27,10747.400390625,10865.400390625,10693.7001953125,10700.099609375,10700.0888671875,222956000
2010-10-28,10715.7001953125,10777.599609375,10657.2998046875,10753.5,10753.4892578125,238585000
2010-10-29,10735.2998046875,10878.7001953125,10683.900390625,10812.900390625,10812.8896484375,201939000
2010-11-01,10901.7998046875,10903.400390625,10602.2001953125,10649.5,10649.4892578125,193508000
2010-11-02,10562.2001953125,10768.599609375,10540.2001953125,10762.099609375,10762.0888671875,284248000
2010-11-03,10788.5,10795.099609375,10528.400390625,10569.5,10569.4892578125,239127000
2010-11-04,10698.400390625,10744.2998046875,10567.400390625,10602.7998046875,10602.7890625,313369000
2010-11-05,10657.5,10660.400390625,10369.900390625,10428.099609375,10428.0888671875,324960000
2010-11-08,10335,10351.400390625,10217.400390625,10291.7998046875,10291.7890625,230096000
2010-11-09,10254.400390625,10448.599609375,10237.7001953125,10409.7998046875,10409.7890625,216064000
2010-11-10,10379.599609375,10417.5,10171.099609375,10235.400390625,10235.3896484375,260498000
2010-11-11,10224.5,10242.099609375,10062.900390625,10149.5,10149.4892578125,286054000
2010-11-12,9980.400390625,10296.099609375,9891,10226.7998046875,10226.7890625,334717000
2010-11-15,10165.5,10377.7998046875,10131.599609375,10349.7001953125,10349.689453125,184836000
2010-11-16,10264.900390625,10299.400390625,10095.400390625,10095.400390625,10095.390625,209493000
2010-11-17,10085.599609375,10219.599609375,10074,10189.2998046875,10189.2890625,179678000
2010-11-18,10250.2998046875,10363.2998046875,10249,10325.2998046875,10325.2890625,232811000
2010-11-19,10326.7001953125,10327.400390625,10133.2001953125,10271.7001953125,10271.689453125,333406000
2010-11-22,10388.7998046875,10393.400390625,9968.2998046875,9996.400390625,9996.390625,270912000
2010-11-23,9943.2998046875,9943.2998046875,9691.7998046875,9691.7998046875,9691.7900390625,353051000
2010-11-24,9706.900390625,9790.2998046875,9567.7001953125,9742.599609375,9742.58984375,284383000
2010-11-25,9790.900390625,9790.900390625,9556.099609375,9721.7998046875,9721.7900390625,214012000
2010-11-26,9649.400390625,9652.7998046875,9442.599609375,9547.2001953125,9547.1904296875,338450000
2010-11-29,9587,9676.7001953125,9312.7001953125,9324.7001953125,9324.6904296875,356379000
2010-11-30,9362.2001953125,9397.7001953125,9203.400390625,9267.2001953125,9267.1904296875,387037000
2010-12-01,9344.2001953125,9715.7998046875,9331.400390625,9678.400390625,9678.390625,382574000
2010-12-02,9788.400390625,9986.5,9549,9947.599609375,9947.58984375,449858000
2010-12-03,9915.5,10037.400390625,9882.900390625,10014.7998046875,10014.7900390625,281357000
2010-12-06,10015.900390625,10034.099609375,9853.099609375,9889.900390625,9889.890625,169558000
2010-12-07,9884,10027.900390625,9826.2998046875,9924.7001953125,9924.6904296875,254821000
2010-12-08,9865.7001953125,10162,9834.2998046875,10078.400390625,10078.390625,196241000
2010-12-09,10167.7001953125,10230.2998046875,10107,10185.5,10185.4892578125,241240000
2010-12-10,10224.599609375,10226.2001953125,10064.5,10121.900390625,10121.8896484375,190485000
2010-12-13,10165.7998046875,10219.7001953125,10093.7001953125,10151.2001953125,10151.189453125,166397000
2010-12-14,10164.599609375,10181.2998046875,10038.400390625,10162.7001953125,10162.689453125,184160000
2010-12-15,10072.5,10080.099609375,9944.599609375,10009.7998046875,10009.7900390625,227045000
2010-12-16,9993.599609375,10060.099609375,9919.7001953125,10010.2998046875,10010.2900390625,192704000
2010-12-17,10057,10057.5,9850.099609375,9898.099609375,9898.08984375,379742000
2010-12-20,9915.599609375,10057.5,9851.099609375,9996.099609375,9996.08984375,246700000
2010-12-21,10070.900390625,10238.900390625,10037.7001953125,10203.400390625,10203.3896484375,187802000
2010-12-22,10214.7998046875,10253.900390625,10165.7998046875,10183.5,10183.4892578125,156057000
2010-12-23,10202.2998046875,10220,10100.2998046875,10106.900390625,10106.890625,121337000
2010-12-27,10077.599609375,10092.900390625,9854,9899,9898.990234375,131680000
2010-12-28,9916.7998046875,9978.900390625,9863,9903.5,9903.490234375,83585000
2010-12-29,9933.599609375,10011.900390625,9900.599609375,9981.5,9981.490234375,95653000
2010-12-30,9985.099609375,9997.7001953125,9858.7998046875,9859.099609375,9859.08984375,155838000
2011-01-03,9899.400390625,9993.599609375,9850.5,9888.2998046875,9888.2900390625,135778000
2011-01-04,9895.5,9974.2001953125,9799.400390625,9888.400390625,9888.390625,194824000
2011-01-05,9877.5,9882.400390625,9599.2998046875,9801.400390625,9801.390625,241101000
2011-01-06,9803.2001953125,9832.599609375,9678.400390625,9702.7001953125,9702.6904296875,179999000
2011-01-07,9682.400390625,9699.400390625,9497.7998046875,9560.7001953125,9560.6904296875,268083000
2011-01-10,9488.2998046875,9491.7998046875,9387.900390625,9437.7998046875,9437.7900390625,271713000
2011-01-11,9467.400390625,9593,9404.7001953125,9582.099609375,9582.08984375,270518000
2011-01-12,9606.400390625,10106.2001953125,9596,10101.2001953125,10101.1904296875,415429000
2011-01-13,10105.7998046875,10410.2001953125,10096.7998046875,10370.7998046875,10370.7890625,484937000
2011-01-14,10337.7998046875,10423,10249.5,10385.099609375,10385.0888671875,292458000
2011-01-17,10328.2998046875,10354.900390625,10245.5,10280,10279.9892578125,207148000
2011-01-18,10314.2001953125,10591.900390625,10304.599609375,10583.400390625,10583.3896484375,320746000
2011-01-19,10596.7001953125,10618,10493.2998046875,10556.5,10556.4892578125,294236000
2011-01-20,10542.599609375,10683,10515.5,10636.900390625,10636.8896484375,365740000
2011-01-21,10663.400390625,10937.599609375,10660.5,10829.099609375,10829.0888671875,441528000
2011-01-24,10852.2001953125,10925.5,10690.2998046875,10815.400390625,10815.3896484375,235973000
2011-01-25,10840.7998046875,10855.400390625,10626.7001953125,10664.400390625,10664.3896484375,294500000
2011-01-26,10715,10812.2998046875,10668.7001953125,10670.7001953125,10670.689453125,229377000
2011-01-27,10644.2001953125,10899.2998046875,10579.900390625,10828.7001953125,10828.689453125,297157000
2011-01-28,10822,10961.099609375,10713.400390625,10747,10746.9892578125,341939000
2011-01-31,10738.2001953125,10918.599609375,10603.400390625,10806,10805.9892578125,266180000
2011-02-01,10886.2001953125,10987.099609375,10777.099609375,10967.900390625,10967.8896484375,283883000
2011-02-02,11004.2001953125,11044.2998046875,10917.400390625,11010.2001953125,11010.189453125,246889000
2011-02-03,10979.599609375,11019.099609375,10756.599609375,10860.7001953125,10860.689453125,362088000
2011-02-04,10875.2998046875,10906.2998046875,10770.400390625,10854.7001953125,10854.689453125,228777000
2011-02-07,10854.2998046875,10985,10782.2998046875,10922.599609375,10922.5888671875,279793000
2011-02-08,10921.599609375,10992.099609375,10869.400390625,10965.099609375,10965.0888671875,196967000
2011-02-09,10950.599609375,11053.900390625,10910.7001953125,10935.599609375,10935.5888671875,202681000
2011-02-10,10877.7998046875,10885.2998046875,10685.7001953125,10791.900390625,10791.8896484375,276284000
2011-02-11,10771.7001953125,10875.599609375,10656.400390625,10803.599609375,10803.5888671875,177823000
2011-02-14,10847.599609375,10894.2001953125,10733.7998046875,10774.7001953125,10774.689453125,187491000
2011-02-15,10753.2998046875,10899.599609375,10719.2001953125,10826.2001953125,10826.189453125,180920000
2011-02-16,10852,11092.099609375,10851,11047.7998046875,11047.7890625,323647000
2011-02-17,11056.2001953125,11149,10999,11113,11112.98828125,245438000
2011-02-18,11137.599609375,11165,10961,11068.099609375,11068.0888671875,325457000
2011-02-21,11049.2998046875,11050.2998046875,10792.2001953125,10810.5,10810.4892578125,212236000
2011-02-22,10720.2001953125,10792.900390625,10601.2998046875,10701.900390625,10701.8896484375,260887000
2011-02-23,10705.2001953125,10741,10611.599609375,10633.400390625,10633.3896484375,217729000
2011-02-24,10563.2001953125,10674.599609375,10543.2998046875,10647.599609375,10647.5888671875,217940000
2011-02-25,10703,10848.599609375,10669.400390625,10822.7001953125,10822.689453125,233462000
2011-02-28,10829.900390625,10923,10730.7001953125,10850.7998046875,10850.7890625,216216000
2011-03-01,10898.7998046875,10939.7001953125,10707.400390625,10761.900390625,10761.8896484375,256468000
2011-03-02,10682,10710.900390625,10576.2001953125,10643.7998046875,10643.7890625,233014000
2011-03-03,10682.900390625,10781.900390625,10512.2001953125,10566.900390625,10566.8896484375,262825000
2011-03-04,10596,10627.2001953125,10463.7998046875,10498.7001953125,10498.689453125,221762000
2011-03-07,10478.099609375,10623.900390625,10417.5,10495.7001953125,10495.689453125,257321000
2011-03-08,10529.400390625,10568.7001953125,10412.900390625,10568.7001953125,10568.689453125,198314000
2011-03-09,10594.5,10602.400390625,10497.2998046875,10559.5,10559.4892578125,411425000
2011-03-10,10444.900390625,10479.2998046875,10351.2001953125,10435.599609375,10435.5888671875,243919000
2011-03-11,10346.2001953125,10452.7998046875,10313.599609375,10398.400390625,10398.3896484375,256479000
2011-03-14,10386.2001953125,10637.7001953125,10364.5,10415.900390625,10415.8896484375,505812000
2011-03-15,10250.2001953125,10376.900390625,10076.5,10329.7001953125,10329.689453125,471079000
2011-03-16,10372.2001953125,10422.2001953125,10079.900390625,10092.599609375,10092.58984375,358245000
2011-03-17,10183.7001953125,10375,10085.5,10325.599609375,10325.5888671875,0
2011-03-18,10382.7998046875,10448.599609375,10262.099609375,10328.400390625,10328.3896484375,370068000
2011-03-21,10473.7001953125,10574.400390625,10418.900390625,10574.400390625,10574.3896484375,223977000
2011-03-22,10584.7998046875,10734.2998046875,10549.7001953125,10576.099609375,10576.0888671875,269854000
2011-03-23,10548.400390625,10658.900390625,10512.099609375,10638,10637.9892578125,246215000
2011-03-24,10545.2998046875,10766,10522,10755.599609375,10755.5888671875,246475000
2011-03-25,10776.099609375,10801.099609375,10702.400390625,10710.400390625,10710.3896484375,171675000
2011-03-28,10721.7001953125,10766,10677.7998046875,10751,10750.9892578125,149945000
2011-03-29,10760,10778.099609375,10658.7001953125,10735,10734.9892578125,198381000
2011-03-30,10816.900390625,10830.400390625,10699.2001953125,10732.2998046875,10732.2890625,201587000
2011-03-31,10755.7998046875,10784.7998046875,10570.900390625,10576.5,10576.4892578125,247985000
2011-04-01,10657.2001953125,10729.900390625,10580.599609375,10729.900390625,10729.8896484375,212310000
2011-04-04,10710.2001953125,10813.900390625,10661.7001953125,10756.099609375,10756.0888671875,172979000
2011-04-05,10742.2998046875,10749.2998046875,10624.599609375,10678.599609375,10678.5888671875,222697000
2011-04-06,10686.400390625,10882.2998046875,10658.7001953125,10845.099609375,10845.0888671875,241416000
2011-04-07,10836.7998046875,10928.099609375,10778.400390625,10849.099609375,10849.0888671875,274742000
2011-04-08,10916.599609375,10950.099609375,10885.2998046875,10913.2001953125,10913.189453125,184078000
2011-04-11,10896.2001953125,10958.2001953125,10860.099609375,10878.2998046875,10878.2890625,156876000
2011-04-12,10812.5,10882.2998046875,10756.2001953125,10784.5,10784.4892578125,219734000
2011-04-13,10814.599609375,10867.099609375,10767.599609375,10786,10785.9892578125,219983000
2011-04-14,10747.7998046875,10751.099609375,10558.099609375,10622.7001953125,10622.689453125,261200000
2011-04-15,10647.2001953125,10647.599609375,10484.7001953125,10558.599609375,10558.5888671875,325846000
2011-04-18,10574.7998046875,10574.7998046875,10289.099609375,10344.900390625,10344.8896484375,349381000
2011-04-19,10355.599609375,10433.2001953125,10306.2998046875,10376.5,10376.4892578125,209775000
2011-04-20,10461.400390625,10569.900390625,10433.2998046875,10535.400390625,10535.3896484375,240176000
2011-04-21,10603.7998046875,10634.099609375,10528.5,10584.099609375,10584.0888671875,176355000
2011-04-26,10574.900390625,10700.2001953125,10546.900390625,10650.599609375,10650.5888671875,169712000
2011-04-27,10673.099609375,10769.7001953125,10619.400390625,10740.900390625,10740.8896484375,194417000
2011-04-28,10809.900390625,10890,10809,10867.7998046875,10867.7890625,182170000
2011-04-29,10889.2998046875,10911.2998046875,10805.5,10878.900390625,10878.8896484375,140332000
2011-05-02,10917.400390625,10928.2001953125,10841.7998046875,10877.2998046875,10877.2890625,139444000
2011-05-03,10865,10865.599609375,10775.7998046875,10825.599609375,10825.5888671875,184413000
2011-05-04,10812.7998046875,10883.099609375,10686.900390625,10712.599609375,10712.5888671875,198034000
2011-05-05,10749.2998046875,10758.900390625,10574.2001953125,10627.2998046875,10627.2890625,215316000
2011-05-06,10544.5,10628.400390625,10481.599609375,10610.5,10610.4892578125,258553000
2011-05-09,10546.900390625,10548.2998046875,10368.099609375,10396.2998046875,10396.2890625,227390000
2011-05-10,10401.5,10498.099609375,10337.2001953125,10474.400390625,10474.3896484375,222694000
2011-05-11,10527.5,10590.2998046875,10461.400390625,10531.5,10531.4892578125,154751000
2011-05-12,10459.7001953125,10487.599609375,10383.900390625,10487.599609375,10487.5888671875,187824000
2011-05-13,10512.099609375,10566.900390625,10321.7998046875,10356.5,10356.4892578125,229668000
2011-05-16,10280.2001953125,10390.900390625,10245.099609375,10363.900390625,10363.8896484375,166999000
2011-05-17,10366.599609375,10431.7998046875,10306.099609375,10306.400390625,10306.3896484375,177689000
2011-05-18,10381.2998046875,10387,10269.400390625,10343.7001953125,10343.689453125,181075000
2011-05-19,10378.5,10421,10286.599609375,10376.7998046875,10376.7890625,189011000
2011-05-20,10389.2998046875,10449.900390625,10190.900390625,10226.599609375,10226.5888671875,281705000
2011-05-23,10110.5,10122.5,10030.599609375,10082.7001953125,10082.6904296875,220742000
2011-05-24,10076.7998046875,10177.599609375,10074.400390625,10115.900390625,10115.890625,182084000
2011-05-25,10054.2001953125,10243.2001953125,10042.599609375,10217.400390625,10217.3896484375,212616000
2011-05-26,10252.2001953125,10349,10158.900390625,10203.2001953125,10203.189453125,215045000
2011-05-27,10289.7001953125,10365.7998046875,10203.7001953125,10261.2001953125,10261.189453125,179685000
2011-05-30,10239.2001953125,10277.7001953125,10224.900390625,10257.599609375,10257.5888671875,78572000
2011-05-31,10326.2998046875,10500.599609375,10325,10476,10475.9892578125,257020000
2011-06-01,10506,10549,10313.2998046875,10339.2998046875,10339.2890625,202365000
2011-06-02,10254.099609375,10375.2001953125,10214.599609375,10261,10260.9892578125,154967000
2011-06-03,10287.2998046875,10315.5,10133,10285.7001953125,10285.689453125,188748000
2011-06-06,10278.7001953125,10280.099609375,10123.2998046875,10157.7001953125,10157.689453125,150677000
2011-06-07,10162,10206.900390625,10124.7001953125,10168.099609375,10168.0888671875,145107000
2011-06-08,10137.900390625,10148.099609375,10050.5,10082.5,10082.490234375,162621000
2011-06-09,10079.2001953125,10141.7998046875,10019.5,10121.7001953125,10121.689453125,163515000
2011-06-10,10103.5,10129.900390625,9910.7998046875,9950.7998046875,9950.7900390625,187982000
2011-06-13,9958.2001953125,9999.900390625,9903.599609375,9946.2001953125,9946.1904296875,120643000
2011-06-14,9991.900390625,10166.2998046875,9991.900390625,10132.599609375,10132.5888671875,180570000
2011-06-15,10118.099609375,10118.099609375,9919.400390625,9933.099609375,9933.08984375,224518000
2011-06-16,9880.099609375,9928.900390625,9808.2001953125,9918.5,9918.490234375,243908000
2011-06-17,9862.099609375,10159.400390625,9803.7998046875,10135.2001953125,10135.189453125,513625000
2011-06-20,10029.7998046875,10053.5,9918.7998046875,10038.099609375,10038.08984375,207430000
2011-06-21,10078.5,10233.099609375,10075.2001953125,10231.900390625,10231.8896484375,222132000
2011-06-22,10240.7998046875,10264.400390625,10170.099609375,10226.2001953125,10226.189453125,166037000
2011-06-23,10170.7001953125,10171.2998046875,9910.5,9942.599609375,9942.58984375,256048000
2011-06-24,10054.599609375,10085.7001953125,9767.7998046875,9812.7001953125,9812.6904296875,262013000
2011-06-27,9791.099609375,9918.099609375,9758.5,9872.2001953125,9872.1904296875,162572000
2011-06-28,9898.599609375,10002,9823.599609375,9936.7001953125,9936.6904296875,214092000
2011-06-29,10001.5,10234.900390625,9998.2001953125,10143.599609375,10143.5888671875,235843000
2011-06-30,10205.2001953125,10359.900390625,10191.7998046875,10359.900390625,10359.8896484375,241843000
2011-07-01,10359.400390625,10536.7998046875,10321.7001953125,10492,10491.9892578125,265148000
2011-07-04,10524.2001953125,10524.2001953125,10428.400390625,10468,10467.9892578125,121604000
2011-07-05,10442.7998046875,10443.2998046875,10307.7998046875,10330.099609375,10330.0888671875,178936000
2011-07-06,10286.7001953125,10288.599609375,10129.7998046875,10204.5,10204.4892578125,247531000
2011-07-07,10234.2998046875,10356.5,10123,10196.2001953125,10196.189453125,226504000
2011-07-08,10232.2998046875,10261.099609375,9920.400390625,9938.2001953125,9938.1904296875,334061000
2011-07-11,9867.400390625,9870.2998046875,9588.099609375,9670.599609375,9670.58984375,338073000
2011-07-12,9553.7998046875,9690.2998046875,9276.099609375,9603.400390625,9603.390625,449762000
2011-07-13,9520.400390625,9719.7001953125,9508,9666.900390625,9666.890625,293129000
2011-07-14,9563.5,9678.400390625,9535.400390625,9598.599609375,9598.58984375,205287000
2011-07-15,9553.400390625,9607.099609375,9449.7998046875,9484.2001953125,9484.1904296875,287267000
2011-07-18,9443.7998046875,9511.099609375,9332.2001953125,9347.7998046875,9347.7900390625,235905000
2011-07-19,9395.5,9540.7001953125,9379.400390625,9443.7998046875,9443.7900390625,218847000
2011-07-20,9546.599609375,9744.400390625,9531.2998046875,9732.7998046875,9732.7900390625,293575000
2011-07-21,9803.099609375,10073.5,9650.5,10017.599609375,10017.58984375,369237000
2011-07-22,10099.2998046875,10221.5,10017.2001953125,10059.2998046875,10059.2900390625,377171000
2011-07-25,10005.2001953125,10009.599609375,9826.599609375,9866.2001953125,9866.1904296875,211892000
2011-07-26,9897.7998046875,9930.2998046875,9756.900390625,9833.400390625,9833.390625,201925000
2011-07-27,9762.2001953125,9782.2001953125,9569.7001953125,9643.2998046875,9643.2900390625,238022000
2011-07-28,9544.2998046875,9707.400390625,9517.099609375,9657,9656.990234375,247610000
2011-07-29,9540.2998046875,9679,9499.7998046875,9630.7001953125,9630.6904296875,254006000
2011-08-01,9713,9752.2998046875,9316.400390625,9318.2001953125,9318.1904296875,290079000
2011-08-02,9236.099609375,9342.599609375,9114.900390625,9114.900390625,9114.8916015625,387974000
2011-08-03,9033.7001953125,9297.2998046875,8958.599609375,9037.7001953125,9037.69140625,306543000
2011-08-04,9217.7001953125,9219.7001953125,8686.5,8686.5,8686.4912109375,385372000
2011-08-05,8479.400390625,8920.7001953125,8462.7001953125,8671.2001953125,8671.19140625,467593000
2011-08-08,8727.599609375,9030.7998046875,8453.599609375,8459.400390625,8459.3916015625,428022000
2011-08-09,8530.099609375,8660.7998046875,8101.89990234375,8428.900390625,8428.8916015625,466340000
2011-08-10,8637.599609375,8646,7933.7998046875,7966,7965.99169921875,449668000
2011-08-11,8207.099609375,8293.7001953125,7767.2998046875,8249.400390625,8249.3916015625,518475000
2011-08-12,8302.7001953125,8647.2998046875,8046,8647.2998046875,8647.291015625,307890000
2011-08-15,8727.5,8731.400390625,8581.400390625,8709,8708.9912109375,125248000
2011-08-16,8664.7998046875,8674.2998046875,8494.2001953125,8674.2998046875,8674.291015625,183972000
2011-08-17,8636.2998046875,8795.2998046875,8552.2998046875,8728.2001953125,8728.19140625,166738000
2011-08-18,8612.5,8644.2001953125,8166.39990234375,8317.7001953125,8317.69140625,255857000
2011-08-19,8289,8293,8015,8141.89990234375,8141.8916015625,328676000
2011-08-22,8090.7001953125,8391.5,8081.39990234375,8293.900390625,8293.8916015625,169798000
2011-08-23,8386.7001953125,8480.099609375,8183.39990234375,8279.7998046875,8279.791015625,173694000
2011-08-24,8340.7001953125,8427.099609375,8221.400390625,8369.099609375,8369.0908203125,136005000
2011-08-25,8474.2998046875,8477.900390625,8245.2001953125,8299.099609375,8299.0908203125,149803000
2011-08-26,8330.2998046875,8337.2001953125,8031.10009765625,8185.5,8185.49169921875,161053000
2011-08-29,8318.7998046875,8423.5,8261.900390625,8395,8394.9912109375,95897000
2011-08-30,8463.2001953125,8504.2001953125,8377,8444.7998046875,8444.791015625,151261000
2011-08-31,8498.7998046875,8718.599609375,8444.7998046875,8718.599609375,8718.5908203125,197599000
2011-09-01,8748,8801.7001953125,8615.400390625,8761.099609375,8761.0908203125,171201000
2011-09-02,8653.099609375,8655.5,8408.2998046875,8463.5,8463.4912109375,168596000
2011-09-05,8302.2001953125,8304.2001953125,8056.39990234375,8066.5,8066.49169921875,193160000
2011-09-06,8022.2001953125,8145.7001953125,7866.2998046875,7936.39990234375,7936.39208984375,256231000
2011-09-07,8134.39990234375,8166.2001953125,8039,8156.60009765625,8156.591796875,194621000
2011-09-08,8165.2998046875,8347.2001953125,8148.89990234375,8277.7998046875,8277.791015625,173917000
2011-09-09,8225.400390625,8276.2998046875,7903.2001953125,7910.2001953125,7910.1923828125,206216000
2011-09-12,7762.7001953125,7786.89990234375,7592.39990234375,7640.7001953125,7640.6923828125,303337000
2011-09-13,7780.7998046875,7836.89990234375,7505.2998046875,7834.2001953125,7834.1923828125,264721000
2011-09-14,7749.5,8063,7743.89990234375,8045.7001953125,8045.69189453125,267632000
2011-09-15,8134.2998046875,8436.2998046875,8108,8337.900390625,8337.8916015625,259608000
2011-09-16,8444.400390625,8445.099609375,8275.2001953125,8388.400390625,8388.3916015625,412179000
2011-09-19,8177.7001953125,8272.2001953125,8152.2998046875,8222.7001953125,8222.69140625,161604000
2011-09-20,8173.39990234375,8374.400390625,8151.5,8362.2001953125,8362.19140625,165457000
2011-09-21,8378.7998046875,8379.400390625,8185,8210.2998046875,8210.291015625,176487000
2011-09-22,8011.10009765625,8043.2998046875,7774,7830.7998046875,7830.7919921875,295675000
2011-09-23,7945.7998046875,7998.89990234375,7639.60009765625,7996.89990234375,7996.8916015625,272080000
2011-09-26,7846.39990234375,8312.7001953125,7842.7001953125,8201.7001953125,8201.69140625,259222000
2011-09-27,8380.7001953125,8562.099609375,8333.5,8531.900390625,8531.8916015625,278759000
2011-09-28,8409.099609375,8626.5,8364.900390625,8480.2001953125,8480.19140625,212410000
2011-09-29,8424.5,8653.900390625,8420.2998046875,8592.5,8592.4912109375,230920000
2011-09-30,8555.2001953125,8592.599609375,8427.2998046875,8546.599609375,8546.5908203125,191595000
2011-10-03,8346.599609375,8394.400390625,8288.7998046875,8353.7998046875,8353.791015625,178801000
2011-10-04,8267.7998046875,8271.900390625,8065.10009765625,8225.400390625,8225.3916015625,268613000
2011-10-05,8404.2001953125,8477.2998046875,8295.7001953125,8477.2998046875,8477.291015625,228970000
2011-10-06,8510.400390625,8704.7998046875,8501.2001953125,8704.7998046875,8704.791015625,275941000
2011-10-07,8728.7998046875,8849.900390625,8674.099609375,8798.400390625,8798.3916015625,226775000
2011-10-10,8848,8894.400390625,8790.599609375,8892.400390625,8892.3916015625,193051000
2011-10-11,8858.7998046875,8858.900390625,8732.2001953125,8845.5,8845.4912109375,191610000
2011-10-12,8784.7998046875,9029.900390625,8730.5,9026.5,9026.4912109375,227639000
2011-10-13,8996.2001953125,9073.2001953125,8857.7001953125,8943.5,8943.4912109375,227865000
2011-10-14,8953.2998046875,9033.400390625,8840.900390625,8975.5,8975.4912109375,178735000
2011-10-17,9032.5,9087.7998046875,8825.2998046875,8864.2998046875,8864.291015625,177398000
2011-10-18,8782.7998046875,8831.2001953125,8715.099609375,8811.2998046875,8811.291015625,165342000
2011-10-19,8881.099609375,8907.2998046875,8800.5,8849.5,8849.4912109375,189561000
2011-10-20,8740.099609375,8822.2998046875,8573.900390625,8608.2001953125,8608.19140625,236393000
2011-10-21,8663.5,8891.7998046875,8657.099609375,8853,8852.9912109375,226385000
2011-10-24,8924.900390625,8976.2998046875,8815.7998046875,8957.099609375,8957.0908203125,153223000
2011-10-25,8929.900390625,8971.099609375,8803.7998046875,8879.599609375,8879.5908203125,169945000
2011-10-26,8873.7998046875,8977.099609375,8787.7001953125,8832.5,8832.4912109375,184485000
2011-10-27,9099,9305.099609375,9030.900390625,9270.5,9270.490234375,303581000
2011-10-28,9309.400390625,9351,9158.7998046875,9224.400390625,9224.390625,268027000
2011-10-31,9127.400390625,9178.2001953125,8954.900390625,8954.900390625,8954.8916015625,190210000
2011-11-01,8775.400390625,8775.400390625,8480.900390625,8579.599609375,8579.5908203125,270047000
2011-11-02,8667.7998046875,8690.7998046875,8436,8574.5,8574.4912109375,206727000
2011-11-03,8425,8789.7001953125,8407.2001953125,8712.599609375,8712.5908203125,269539000
2011-11-04,8800.900390625,8800.900390625,8514.599609375,8596.400390625,8596.3916015625,209087000
2011-11-07,8436.900390625,8595.900390625,8311.599609375,8476.400390625,8476.3916015625,209084000
2011-11-08,8471.400390625,8652.099609375,8466.900390625,8518.5,8518.4912109375,162063000
2011-11-09,8609.2998046875,8620.7001953125,8251,8340.599609375,8340.5908203125,227936000
2011-11-10,8226.7998046875,8464.5,8211.2998046875,8310.900390625,8310.8916015625,191501000
2011-11-11,8301.7001953125,8580.099609375,8263.2001953125,8556.099609375,8556.0908203125,192929000
2011-11-14,8615.7998046875,8616.900390625,8341.5,8372.2001953125,8372.19140625,154797000
2011-11-15,8316.7001953125,8333.2001953125,8191.7001953125,8237.599609375,8237.5908203125,197888000
2011-11-16,8213.400390625,8415.7001953125,8213.2998046875,8304.099609375,8304.0908203125,173684000
2011-11-17,8272.400390625,8335.900390625,8200.2998046875,8270.599609375,8270.5908203125,190560000
2011-11-18,8224.599609375,8361.7998046875,8221.7001953125,8310.099609375,8310.0908203125,247998000
2011-11-21,8291.2998046875,8303.2001953125,8021,8021,8020.99169921875,176206000
2011-11-22,8088,8105.2998046875,7892.60009765625,7904.89990234375,7904.89208984375,190502000
2011-11-23,7848.10009765625,7936.10009765625,7739.2998046875,7739.2998046875,7739.2919921875,192305000
2011-11-24,7822.10009765625,7877.10009765625,7670.60009765625,7721.7998046875,7721.7919921875,176746000
2011-11-25,7732.2998046875,7778.7998046875,7601.2001953125,7763.5,7763.4921875,141861000
2011-11-28,7881.7998046875,8119.89990234375,7858.10009765625,8119.89990234375,8119.8916015625,225496000
2011-11-29,8072.5,8181.39990234375,7989.7001953125,8128,8127.99169921875,167352000
2011-11-30,8033.7998046875,8452.7998046875,8017.7998046875,8449.5,8449.4912109375,332723000
2011-12-01,8441,8491.5,8369.5,8421,8420.9912109375,176853000
2011-12-02,8506.2001953125,8624.5,8497.2998046875,8558.599609375,8558.5908203125,214198000
2011-12-05,8638.2001953125,8738,8634.2998046875,8705.7998046875,8705.791015625,179729000
2011-12-06,8665.2998046875,8746.7001953125,8633.599609375,8712.7998046875,8712.791015625,135237000
2011-12-07,8789.7998046875,8844.2001953125,8511.7998046875,8644.2998046875,8644.291015625,262733000
2011-12-08,8697.900390625,8766.7001953125,8435.2001953125,8461.2001953125,8461.19140625,244973000
2011-12-09,8387.7998046875,8659.099609375,8382.099609375,8649.7001953125,8649.69140625,211495000
2011-12-12,8600.099609375,8609.400390625,8381,8381,8380.9912109375,156325000
2011-12-13,8412.599609375,8443.7998046875,8260.900390625,8327.7998046875,8327.791015625,210154000
2011-12-14,8281.099609375,8370.5,8182,8182,8181.99169921875,177401000
2011-12-15,8201.2998046875,8313.2001953125,8172.60009765625,8250.400390625,8250.3916015625,205005000
2011-12-16,8306.7998046875,8322.7001953125,8153.10009765625,8203.400390625,8203.3916015625,366661000
2011-12-19,8131.39990234375,8354,8120.89990234375,8253,8252.9912109375,163045000
2011-12-20,8247.7998046875,8454.400390625,8215.400390625,8454.400390625,8454.3916015625,184441000
2011-12-21,8535,8606.5,8317.2001953125,8378.400390625,8378.3916015625,191474000
2011-12-22,8401.7998046875,8488.7998046875,8401.7998046875,8462.900390625,8462.8916015625,117950000
2011-12-23,8539.7001953125,8568.5,8521.2998046875,8542.7001953125,8542.69140625,76689000
2011-12-27,8536.5,8585.7998046875,8492.900390625,8529.599609375,8529.5908203125,70029000
2011-12-28,8516.900390625,8560.400390625,8344.900390625,8358.400390625,8358.3916015625,97456000
2011-12-29,8409.5,8487.900390625,8307.2001953125,8487.900390625,8487.8916015625,97822000
2011-12-30,8551.2998046875,8571.7001953125,8485.5,8566.2998046875,8566.291015625,89131000
2012-01-02,NA,NA,NA,NA,NA,NA
2012-01-03,8739.2001953125,8743.2998046875,8597.099609375,8732.400390625,8732.3916015625,186689000
2012-01-04,8683.400390625,8701.2998046875,8526.7998046875,8581.7998046875,8581.791015625,243803000
2012-01-05,8598.7001953125,8598.7001953125,8301.2001953125,8329.599609375,8329.5908203125,192704000
2012-01-06,8369.7001953125,8445.900390625,8233.7998046875,8289.099609375,8289.0908203125,153765000
2012-01-09,8314.5,8404.400390625,8250.099609375,8278.900390625,8278.8916015625,173948000
2012-01-10,8341.099609375,8486.099609375,8339,8472.900390625,8472.8916015625,200515000
2012-01-11,8463.099609375,8521.2001953125,8371.2998046875,8426.7998046875,8426.791015625,234067000
2012-01-12,8455.900390625,8575.900390625,8419,8427,8426.9912109375,265513000
2012-01-13,8501.099609375,8548.2001953125,8367.400390625,8450.599609375,8450.5908203125,243066000
2012-01-16,8368.400390625,8483.599609375,8354.599609375,8449.599609375,8449.5908203125,143473000
2012-01-17,8551.2998046875,8575,8447.400390625,8535.2998046875,8535.291015625,203479000
2012-01-18,8539.400390625,8581.7998046875,8411,8420.7001953125,8420.69140625,231351000
2012-01-19,8464.599609375,8603.7998046875,8433.900390625,8603.7998046875,8603.791015625,316961000
2012-01-20,8610.400390625,8612.400390625,8526.2998046875,8561.900390625,8561.8916015625,271034000
2012-01-23,8552.7001953125,8667.5,8529.2001953125,8619.599609375,8619.5908203125,219158000
2012-01-24,8551.5,8597,8519,8591.400390625,8591.3916015625,214926000
2012-01-25,8618.5,8638.7001953125,8463,8555.400390625,8555.3916015625,213599000
2012-01-26,8594.900390625,8721.599609375,8583.599609375,8713.7998046875,8713.791015625,223131000
2012-01-27,8670.900390625,8746.599609375,8624.7998046875,8657.2998046875,8657.291015625,171538000
2012-01-30,8588.400390625,8624.2001953125,8496.7001953125,8517,8516.9912109375,177904000
2012-01-31,8537.7998046875,8576.900390625,8489.400390625,8509.2001953125,8509.19140625,229793000
2012-02-01,8558.599609375,8726.7998046875,8551.400390625,8696.599609375,8696.5908203125,223557000
2012-02-02,8724,8782,8689.2998046875,8772.2998046875,8772.291015625,210818000
2012-02-03,8748.7998046875,8861.2001953125,8733.2001953125,8861.2001953125,8861.19140625,260454000
2012-02-06,8833.7998046875,8841.7998046875,8751.099609375,8835.2998046875,8835.291015625,179784000
2012-02-07,8841.7001953125,8856.900390625,8725.7998046875,8846.900390625,8846.8916015625,178247000
2012-02-08,8859.400390625,8921.7001953125,8841.599609375,8849.2998046875,8849.291015625,199361000
2012-02-09,8879,8967.400390625,8868.2001953125,8902.099609375,8902.0908203125,195273000
2012-02-10,8851.599609375,8860.400390625,8746.2998046875,8797.099609375,8797.0908203125,172345000
2012-02-13,8856.099609375,8883.2998046875,8772.2001953125,8788.2998046875,8788.291015625,145672000
2012-02-14,8760.2998046875,8832.7998046875,8721.5,8771.900390625,8771.8916015625,149295000
2012-02-15,8820.2001953125,8853.400390625,8719.099609375,8741.599609375,8741.5908203125,151604000
2012-02-16,8649.2001953125,8651.7001953125,8476.7998046875,8558.099609375,8558.0908203125,305249000
2012-02-17,8647.7998046875,8708.099609375,8612.900390625,8657,8656.9912109375,258808000
2012-02-20,8726.599609375,8818.099609375,8715.5,8818.099609375,8818.0908203125,161960000
2012-02-21,8825.2001953125,8864.400390625,8695.900390625,8767.099609375,8767.0908203125,190679000
2012-02-22,8775.2998046875,8778.099609375,8654.5,8657,8656.9912109375,179455000
2012-02-23,8637.900390625,8672.2998046875,8482.2998046875,8527.7001953125,8527.69140625,249965000
2012-02-24,8553.099609375,8568.2001953125,8456.400390625,8527.7001953125,8527.69140625,193668000
2012-02-27,8483.2998046875,8549.7001953125,8429.099609375,8537.2001953125,8537.19140625,169653000
2012-02-28,8558.2001953125,8595,8461.2998046875,8526.7001953125,8526.69140625,197819000
2012-02-29,8538.5,8628.400390625,8438.2998046875,8465.900390625,8465.8916015625,234671000
2012-03-01,8442,8567.7998046875,8401.900390625,8547.7001953125,8547.69140625,199094000
2012-03-02,8566.7998046875,8602.2001953125,8520.099609375,8563.400390625,8563.3916015625,151559000
2012-03-05,8514.2001953125,8540.599609375,8421,8453.5,8453.4912109375,167063000
2012-03-06,8423.7998046875,8426.400390625,8166.60009765625,8166.60009765625,8166.591796875,287919000
2012-03-07,8164.7001953125,8202.2001953125,8081.60009765625,8161.7998046875,8161.79150390625,289619000
2012-03-08,8221.2998046875,8307.400390625,8147.89990234375,8307.400390625,8307.3916015625,239945000
2012-03-09,8321.599609375,8340,8233.2998046875,8282.7001953125,8282.69140625,240617000
2012-03-12,8276.7001953125,8296.400390625,8159.5,8180.2001953125,8180.19189453125,283676000
2012-03-13,8243.5,8378.5,8219.2001953125,8376.7998046875,8376.791015625,202583000
2012-03-14,8423.400390625,8499.7001953125,8373.400390625,8391.099609375,8391.0908203125,261394000
2012-03-15,8401.400390625,8429.7998046875,8322.099609375,8426.7001953125,8426.69140625,251306000
2012-03-16,8450,8486.2998046875,8379.400390625,8486.2998046875,8486.291015625,424100000
2012-03-19,8478.2998046875,8591.7998046875,8443.5,8591.7998046875,8591.791015625,197670000
2012-03-20,8576.7001953125,8606.2001953125,8508.2998046875,8567.5,8567.4912109375,185873000
2012-03-21,8602.7998046875,8625.5,8432.2998046875,8490.900390625,8490.8916015625,228467000
2012-03-22,8449.099609375,8463.400390625,8311.2998046875,8353.599609375,8353.5908203125,255496000
2012-03-23,8360.400390625,8386.7998046875,8192.599609375,8281.7998046875,8281.791015625,249692000
2012-03-26,8310.7998046875,8310.7998046875,8114.89990234375,8224.7001953125,8224.69140625,199200000
2012-03-27,8284.900390625,8345.7001953125,8131,8140.2998046875,8140.29150390625,256270000
2012-03-28,8136.60009765625,8180.10009765625,7963.7001953125,7980.7998046875,7980.79150390625,244326000
2012-03-29,7965.2001953125,8022.5,7866.39990234375,7911,7910.9921875,280010000
2012-03-30,7945.7001953125,8015.10009765625,7903.10009765625,8008,8007.99169921875,259621000
2012-04-02,8024.7001953125,8042.7998046875,7866.7998046875,8042.7998046875,8042.79150390625,244563000
2012-04-03,8032.2001953125,8072.60009765625,7824.5,7824.5,7824.4921875,224107000
2012-04-04,7809.2998046875,7833.7001953125,7634.2998046875,7660.7001953125,7660.6923828125,347351000
2012-04-05,7681.7998046875,7712.7998046875,7545.10009765625,7660.5,7660.4921875,194453000
2012-04-10,7582.5,7633.5,7433.60009765625,7433.60009765625,7433.5927734375,290368000
2012-04-11,7448.7001953125,7588.2001953125,7412.89990234375,7576.7001953125,7576.6923828125,290566000
2012-04-12,7610.7001953125,7619.39990234375,7400.7998046875,7520,7519.9921875,308033000
2012-04-13,7468.7001953125,7485.5,7218.39990234375,7250.60009765625,7250.5927734375,345668000
2012-04-16,7232,7331.39990234375,7186.60009765625,7209.10009765625,7209.0927734375,253824800
2012-04-17,7157.7998046875,7373.2998046875,7136.7998046875,7373.2998046875,7373.29248046875,286424800
2012-04-18,7354.5,7364,7079.2001953125,7079.2001953125,7079.19287109375,386705000
2012-04-19,7122.10009765625,7151.10009765625,6907,6908.10009765625,6908.09326171875,380127200
2012-04-20,6936.7001953125,7058.7998046875,6858.2998046875,7040.60009765625,7040.5927734375,405539800
2012-04-23,6986.7001953125,6993.7998046875,6811.2001953125,6846.60009765625,6846.59326171875,323957800
2012-04-24,6868.60009765625,7010.39990234375,6848.7001953125,6999.89990234375,6999.892578125,280715200
2012-04-25,7036.2998046875,7202.89990234375,7034,7118.89990234375,7118.892578125,304911800
2012-04-26,7151.7001953125,7159.7998046875,6955.10009765625,7027.10009765625,7027.0927734375,286928200
2012-04-27,6906.2001953125,7184.7998046875,6840.7998046875,7145.7998046875,7145.79248046875,260329200
2012-04-30,7182.5,7208.2998046875,7002,7011,7010.99267578125,200836800
2012-05-02,7100.89990234375,7117.60009765625,6776.5,6831.89990234375,6831.89306640625,328073200
2012-05-03,6868.7001953125,6992,6828.10009765625,6851.89990234375,6851.89306640625,271072800
2012-05-04,6856,6989.60009765625,6820.39990234375,6876,6875.9931640625,238106800
2012-05-07,6766.2001953125,7078.2001953125,6743.2001953125,7063.2001953125,7063.19287109375,205943600
2012-05-08,7050.89990234375,7175.7001953125,6967.7001953125,7006.89990234375,7006.892578125,265161800
2012-05-09,7017,7022.2998046875,6732.60009765625,6812.7001953125,6812.693359375,371381800
2012-05-10,6905.39990234375,7079.39990234375,6843.89990234375,7045.7001953125,7045.69287109375,350192400
2012-05-11,6958.10009765625,7027.2998046875,6789.2998046875,6995.60009765625,6995.5927734375,307603000
2012-05-14,6896.60009765625,6907,6762.7998046875,6809.39990234375,6809.39306640625,219614600
2012-05-15,6848.39990234375,6892.89990234375,6644,6700.7001953125,6700.693359375,255003200
2012-05-16,6621.2998046875,6758.89990234375,6536.2001953125,6611.5,6611.4931640625,325322000
2012-05-17,6635.2998046875,6652.60009765625,6434.7001953125,6537.89990234375,6537.89306640625,251827000
2012-05-18,6400.2001953125,6626.89990234375,6380.2001953125,6566.7001953125,6566.693359375,393737600
2012-05-21,6571.5,6605.5,6455.10009765625,6524,6523.9931640625,211506000
2012-05-22,6565.39990234375,6683,6520.2001953125,6661.2998046875,6661.29296875,205436400
2012-05-23,6579.10009765625,6603.2998046875,6420.39990234375,6440.5,6440.49365234375,254664600
2012-05-24,6495.7001953125,6589.2998046875,6357.10009765625,6534.39990234375,6534.39306640625,239097200
2012-05-25,6542.2998046875,6612.7998046875,6458.39990234375,6543,6542.9931640625,181672000
2012-05-28,6585.2001953125,6620.60009765625,6392.10009765625,6401.2001953125,6401.19384765625,225608000
2012-05-29,6432.7998046875,6449.10009765625,6221.39990234375,6251.7001953125,6251.69384765625,280790600
2012-05-30,6184.7998046875,6303.2001953125,6073.7001953125,6090.39990234375,6090.3935546875,331142800
2012-05-31,6134.39990234375,6167.89990234375,6012,6089.7998046875,6089.79345703125,402042000
2012-06-01,6109.7001953125,6152.7001953125,5994.10009765625,6065,6064.99365234375,347827200
2012-06-04,5998.89990234375,6273.2998046875,5987.7998046875,6239.5,6239.49365234375,205104800
2012-06-05,6293.2001953125,6332.7001953125,6231.2998046875,6267.7998046875,6267.79345703125,205623000
2012-06-06,6312.60009765625,6465.89990234375,6276.2001953125,6418.89990234375,6418.8935546875,277318600
2012-06-07,6449.10009765625,6538.39990234375,6421.5,6438.10009765625,6438.09375,270686000
2012-06-08,6391.7998046875,6578.5,6323.60009765625,6552,6551.9931640625,242093600
2012-06-11,6897.60009765625,6940.2998046875,6498.10009765625,6516.39990234375,6516.39306640625,362914400
2012-06-12,6509.7001953125,6593.2998046875,6439.2998046875,6522.5,6522.4931640625,254535200
2012-06-13,6529.2998046875,6639,6490.7001953125,6615.2998046875,6615.29296875,214979800
2012-06-14,6582,6696.39990234375,6558.60009765625,6696,6695.9931640625,219611400
2012-06-15,6744,6829.7998046875,6659,6719,6718.9931640625,506761600
2012-06-18,6855.7998046875,6862.60009765625,6503.2998046875,6519.89990234375,6519.89306640625,277028000
2012-06-19,6546.5,6717.39990234375,6479.39990234375,6693.89990234375,6693.89306640625,212727600
2012-06-20,6715.7001953125,6806.89990234375,6668.2001953125,6796.10009765625,6796.09326171875,217636600
2012-06-21,6729.5,6914.89990234375,6675.39990234375,6773.5,6773.4931640625,247857200
2012-06-22,6716.89990234375,6960,6697.10009765625,6876.2998046875,6876.29296875,276895400
2012-06-25,6844.60009765625,6857.5,6612.2998046875,6624,6623.9931640625,235446800
2012-06-26,6590.2998046875,6708.2998046875,6512.2998046875,6528.39990234375,6528.39306640625,218002400
2012-06-27,6576.7998046875,6666.89990234375,6513,6666.89990234375,6666.89306640625,250549200
2012-06-28,6666.2001953125,6724.5,6593.5,6721.7001953125,6721.693359375,205109200
2012-06-29,6939.2001953125,7102.2001953125,6872.5,7102.2001953125,7102.19287109375,445205800
2012-07-02,7082.39990234375,7178.39990234375,7036.89990234375,7124,7123.99267578125,272362400
2012-07-03,7143.5,7219.5,7122.2001953125,7219.5,7219.49267578125,238493800
2012-07-04,7173.60009765625,7202.7001953125,7116.2001953125,7168.5,7168.49267578125,164931600
2012-07-05,7148.2998046875,7180.7998046875,6912.2001953125,6954.2001953125,6954.193359375,256422200
2012-07-06,6910.5,6921.2001953125,6726.7001953125,6738.89990234375,6738.89306640625,329276800
2012-07-09,6738.2001953125,6785.7001953125,6611.60009765625,6688.2998046875,6688.29296875,285046400
2012-07-10,6723.60009765625,6812.2001953125,6638.2001953125,6726.89990234375,6726.89306640625,204163200
2012-07-11,6693.10009765625,6829.7001953125,6679,6805.89990234375,6805.89306640625,220999200
2012-07-12,6749,6755.2998046875,6600.7998046875,6630.10009765625,6630.09326171875,233862400
2012-07-13,6620.60009765625,6687.5,6563.2998046875,6664.60009765625,6664.59326171875,195775000
2012-07-16,6631.2998046875,6659.2001953125,6485.10009765625,6532.10009765625,6532.09326171875,204862400
2012-07-17,6573.2001953125,6642.60009765625,6529.7001953125,6558.2001953125,6558.193359375,202328000
2012-07-18,6595.10009765625,6607.7998046875,6497.2001953125,6591.2001953125,6591.193359375,267875800
2012-07-19,6625.2001953125,6682.5,6579.5,6632.60009765625,6632.59326171875,205900400
2012-07-20,6623.39990234375,6668.10009765625,6232.60009765625,6246.2998046875,6246.29345703125,420760000
2012-07-23,6157,6240.5,5905.2998046875,6177.39990234375,6177.3935546875,381197000
2012-07-24,6252.10009765625,6254.60009765625,5950.7998046875,5956.2998046875,5956.2939453125,235090000
2012-07-25,5950.39990234375,6093.10009765625,5939.39990234375,6004.89990234375,6004.89404296875,201585200
2012-07-26,5958.2001953125,6368.7998046875,5955,6368.7998046875,6368.79345703125,352307200
2012-07-27,6403.10009765625,6617.60009765625,6244.2001953125,6617.60009765625,6617.59326171875,282898400
2012-07-30,6625.7001953125,6805.5,6589.2001953125,6801.7998046875,6801.79296875,284309200
2012-07-31,6804,6913.7001953125,6691.10009765625,6738.10009765625,6738.09326171875,212508200
2012-08-01,6715.2001953125,6787.2001953125,6569.2001953125,6720,6719.9931640625,164431600
2012-08-02,6690.2001953125,6864.60009765625,6364.7998046875,6373.39990234375,6373.3935546875,326798600
2012-08-03,6377.10009765625,6755.7001953125,6296.10009765625,6755.7001953125,6755.693359375,247045200
2012-08-06,6751.7998046875,7061.89990234375,6738.39990234375,7053.60009765625,7053.5927734375,227925200
2012-08-07,7018.7001953125,7218.7001953125,7013,7211.10009765625,7211.0927734375,263132800
2012-08-08,7184.5,7232.2001953125,7039.7998046875,7150.2001953125,7150.19287109375,190321600
2012-08-09,7189.2001953125,7235.7998046875,7026.60009765625,7110.2001953125,7110.19287109375,195991200
2012-08-10,7068.7001953125,7079.89990234375,6962.2001953125,7047.7001953125,7047.69287109375,141567600
2012-08-13,7036.7998046875,7119.7998046875,6991.89990234375,7069.60009765625,7069.5927734375,104720800
2012-08-14,7109.10009765625,7153.10009765625,7074.2998046875,7124.7998046875,7124.79248046875,113792800
2012-08-15,7111.2998046875,7146.7001953125,7066.7998046875,7128.89990234375,7128.892578125,71586400
2012-08-16,7140.7998046875,7419.2998046875,7123.2998046875,7417.2998046875,7417.29248046875,230811800
2012-08-17,7463.2001953125,7612.10009765625,7452.5,7561,7560.9921875,276573200
2012-08-20,7557,7645,7387.39990234375,7469.60009765625,7469.59228515625,201818400
2012-08-21,7468.89990234375,7558.39990234375,7430.39990234375,7544.5,7544.4921875,128242400
2012-08-22,7495.2001953125,7516,7326.39990234375,7340.7001953125,7340.69287109375,159613400
2012-08-23,7391.5,7427,7176.89990234375,7282.89990234375,7282.892578125,145116800
2012-08-24,7259.7998046875,7323.10009765625,7183,7310.2998046875,7310.29248046875,107758000
2012-08-27,7293.7998046875,7398.89990234375,7216.7998046875,7398.89990234375,7398.892578125,102652600
2012-08-28,7391.7001953125,7404.10009765625,7284.2001953125,7333.5,7333.49267578125,108404800
2012-08-29,7339.2001953125,7365.39990234375,7274.2998046875,7306,7305.99267578125,137264000
2012-08-30,7278.10009765625,7304.7001953125,7178.7998046875,7195,7194.99267578125,124946200
2012-08-31,7173.7001953125,7424.7001953125,7161.39990234375,7420.5,7420.49267578125,302455200
2012-09-03,7398.5,7442.10009765625,7351.2001953125,7434.2001953125,7434.19287109375,107274400
2012-09-04,7460.60009765625,7542.7998046875,7444.2001953125,7488.2001953125,7488.1923828125,173196000
2012-09-05,7468.7001953125,7562.39990234375,7421.60009765625,7494,7493.9921875,161515200
2012-09-06,7536.2001953125,7864.89990234375,7533,7862,7861.9921875,304454200
2012-09-07,7882.10009765625,8027,7834.39990234375,7882.7998046875,7882.7919921875,306828600
2012-09-10,7839.39990234375,7890.7998046875,7796.89990234375,7857.7001953125,7857.6923828125,167640800
2012-09-11,7820.10009765625,7933.39990234375,7730,7930.39990234375,7930.39208984375,168453000
2012-09-12,7972.5,8076.60009765625,7928.7001953125,7992.10009765625,7992.091796875,234365200
2012-09-13,7957.60009765625,7968.2998046875,7865.10009765625,7935.89990234375,7935.89208984375,161497000
2012-09-14,8101.89990234375,8231,8087.5,8154.5,8154.49169921875,288950200
2012-09-17,8087.60009765625,8156.60009765625,8049.60009765625,8148,8147.99169921875,168226400
2012-09-18,8085,8099.7001953125,7949.10009765625,8058.2998046875,8058.29150390625,163760600
2012-09-19,8094.89990234375,8149.39990234375,8031.5,8098.7998046875,8098.79150390625,177132600
2012-09-20,8034.2998046875,8088,7961.39990234375,8022.10009765625,8022.091796875,168749800
2012-09-21,8063.5,8230.7001953125,8035.89990234375,8230.7001953125,8230.69140625,340749200
2012-09-24,8165.89990234375,8182.10009765625,8082.89990234375,8138.39990234375,8138.3916015625,107284400
2012-09-25,8125.60009765625,8197.900390625,8117.5,8175,8174.99169921875,125007600
2012-09-26,8080.60009765625,8082.5,7840.39990234375,7854.39990234375,7854.39208984375,252681200
2012-09-27,7896,7914.7998046875,7790.60009765625,7842.2998046875,7842.2919921875,145562200
2012-09-28,7908.7001953125,7939.2001953125,7678.7001953125,7708.5,7708.4921875,175962800
2012-10-01,7712.7998046875,7838.5,7703,7784.10009765625,7784.09228515625,156295600
2012-10-02,7728,7913.7001953125,7710.2001953125,7867.10009765625,7867.09228515625,141834000
2012-10-03,7840.7001953125,7900.7998046875,7802.2998046875,7826.7001953125,7826.6923828125,186837800
2012-10-04,7866.10009765625,7913.2998046875,7784.39990234375,7812.7998046875,7812.7919921875,125260000
2012-10-05,7848.39990234375,7972.7998046875,7825.5,7954.39990234375,7954.3916015625,142985800
2012-10-08,7910.5,7913.10009765625,7855.2001953125,7891,7890.9921875,112256000
2012-10-09,7893.7001953125,7901.5,7734.89990234375,7745.39990234375,7745.39208984375,182717200
2012-10-10,7705.7001953125,7765.10009765625,7664.5,7668,7667.9921875,164971000
2012-10-11,7615.39990234375,7777.7001953125,7565.5,7734.7001953125,7734.6923828125,148864200
2012-10-12,7724,7791.5,7652.39990234375,7652.39990234375,7652.39208984375,112345200
2012-10-15,7653.89990234375,7723.39990234375,7624.7001953125,7678.5,7678.4921875,111705600
2012-10-16,7747,7941.7998046875,7741.60009765625,7940.2001953125,7940.1923828125,218384000
2012-10-17,8005.7998046875,8131.89990234375,7987,8128.2001953125,8128.19189453125,279964400
2012-10-18,8143.7998046875,8156.60009765625,8035.5,8100.2998046875,8100.29150390625,189465000
2012-10-19,8053.7998046875,8070.60009765625,7880.89990234375,7913.39990234375,7913.39208984375,197259000
2012-10-22,7911.2001953125,7955.7001953125,7841.5,7877.10009765625,7877.09228515625,139769000
2012-10-23,7863.89990234375,7886.60009765625,7699.7998046875,7747.7001953125,7747.6923828125,153870800
2012-10-24,7773.10009765625,7819.7001953125,7653.2001953125,7791.5,7791.4921875,141521000
2012-10-25,7780.60009765625,7851.2998046875,7766.2998046875,7779.2001953125,7779.1923828125,127757800
2012-10-26,7708.39990234375,7803.7001953125,7665.60009765625,7775.60009765625,7775.59228515625,162980000
2012-10-29,7749.39990234375,7779.7001953125,7684.5,7728.60009765625,7728.59228515625,122887000
2012-10-30,7763.60009765625,7844,7755.89990234375,7833.89990234375,7833.89208984375,93858400
2012-10-31,7831.39990234375,7939.89990234375,7830.89990234375,7842.89990234375,7842.89208984375,164282800
2012-11-01,7807.10009765625,7928.7998046875,7790.2998046875,7886.39990234375,7886.39208984375,90289200
2012-11-02,7905.39990234375,7995.89990234375,7834.60009765625,7968.89990234375,7968.8916015625,119302600
2012-11-05,7891.60009765625,7894.7001953125,7793.2998046875,7818.60009765625,7818.59228515625,108850800
2012-11-06,7812.2998046875,7868.2998046875,7800.89990234375,7837.60009765625,7837.59228515625,112424600
2012-11-07,7899.7001953125,7918.60009765625,7638.5,7660.7001953125,7660.6923828125,190265000
2012-11-08,7696.39990234375,7718,7606.39990234375,7624.10009765625,7624.09228515625,134221400
2012-11-09,7613.2998046875,7674,7496,7636.60009765625,7636.59228515625,158789000
2012-11-12,7632.10009765625,7633.2998046875,7548.10009765625,7567.7998046875,7567.7919921875,112765200
2012-11-13,7521.89990234375,7715.5,7490.60009765625,7693.39990234375,7693.39208984375,179054200
2012-11-14,7695.60009765625,7756.5,7642.7998046875,7673,7672.9921875,215127000
2012-11-15,7615.39990234375,7744.2998046875,7610.39990234375,7695.5,7695.4921875,135767000
2012-11-16,7694,7725,7588.2001953125,7588.2001953125,7588.1923828125,207278400
2012-11-19,7661.7998046875,7775.10009765625,7601.7001953125,7763.7998046875,7763.7919921875,180508600
2012-11-20,7722.39990234375,7787.2001953125,7695.5,7778.7001953125,7778.6923828125,122783400
2012-11-21,7751.7998046875,7825.39990234375,7716.7998046875,7805.39990234375,7805.39208984375,129036000
2012-11-22,7828.5,7894.39990234375,7809,7875.60009765625,7875.59228515625,137975000
2012-11-23,7887.2001953125,7915.60009765625,7825.10009765625,7909.60009765625,7909.59228515625,142357800
2012-11-26,7882.7998046875,7893,7842.60009765625,7874.7998046875,7874.7919921875,126452600
2012-11-27,7936.60009765625,7955.2001953125,7819.7001953125,7863.7001953125,7863.6923828125,251031000
2012-11-28,7839.39990234375,7854.89990234375,7753.7001953125,7837.60009765625,7837.59228515625,242358600
2012-11-29,7887.39990234375,7975.5,7883.7998046875,7973.7001953125,7973.69189453125,250039600
2012-11-30,7967.89990234375,7989.60009765625,7922.7001953125,7934.60009765625,7934.59228515625,301074800
2012-12-03,7963.39990234375,8027.7998046875,7874.10009765625,7889.2001953125,7889.1923828125,216205000
2012-12-04,7871.89990234375,7945.7001953125,7870.89990234375,7902.39990234375,7902.39208984375,135636800
2012-12-05,7948.5,7976.7001953125,7844.7001953125,7883.2001953125,7883.1923828125,210381200
2012-12-06,7905.7998046875,7947.7998046875,7841.7998046875,7910.7998046875,7910.7919921875,241408400
2012-12-07,7915.7001953125,7942.60009765625,7813.10009765625,7848.5,7848.4921875,325544600
2012-12-10,7796.10009765625,7804.39990234375,7670.7998046875,7804.39990234375,7804.39208984375,251311200
2012-12-11,7813.60009765625,7927,7806.2001953125,7920.89990234375,7920.89208984375,251448000
2012-12-12,7935.10009765625,7988.2998046875,7927.2998046875,7986.7998046875,7986.79150390625,229127600
2012-12-13,8005.89990234375,8037,7977.2998046875,8017.10009765625,8017.091796875,198052000
2012-12-14,8025.89990234375,8045.2998046875,8003.60009765625,8024.10009765625,8024.091796875,176921200
2012-12-17,8017.7998046875,8049.2998046875,7975,8040.2998046875,8040.29150390625,183125000
2012-12-18,8068.60009765625,8171.60009765625,8062.89990234375,8168.7998046875,8168.79150390625,295580600
2012-12-19,8192.2998046875,8322,8185.39990234375,8264.2001953125,8264.19140625,436319400
2012-12-20,8226.7001953125,8297.900390625,8216.7998046875,8264.2001953125,8264.19140625,437325800
2012-12-21,8223.5,8291,8203.7998046875,8291,8290.9912109375,620088200
2012-12-24,8261.599609375,8304.2998046875,8256,8299.5,8299.4912109375,82703400
2012-12-27,8236.5,8345.400390625,8231.2001953125,8280.900390625,8280.8916015625,203332600
2012-12-28,8276.599609375,8308.7001953125,8103.89990234375,8131,8130.99169921875,253633200
2012-12-31,8111.89990234375,8167.5,8041.7001953125,8167.5,8167.49169921875,105477400
2013-01-02,8337.900390625,8447.599609375,8286.7001953125,8447.599609375,8447.5908203125,280533400
2013-01-03,8375,8422.599609375,8334.2998046875,8403.400390625,8403.3916015625,182282600
2013-01-04,8411.7001953125,8447,8386.7001953125,8435.7998046875,8435.791015625,230118600
2013-01-07,8434.2998046875,8485.599609375,8406.2998046875,8419,8418.9912109375,289121800
2013-01-08,8388.2001953125,8493.5,8374.7001953125,8453,8452.9912109375,335514800
2013-01-09,8491.7998046875,8614.2001953125,8485.400390625,8606.400390625,8606.3916015625,445024000
2013-01-10,8607.2998046875,8649.2998046875,8548.400390625,8618.900390625,8618.8916015625,493389400
2013-01-11,8638,8677.400390625,8580,8664.7001953125,8664.69140625,252442200
2013-01-14,8699.2001953125,8721.099609375,8601.2998046875,8632.099609375,8632.0908203125,250463600
2013-01-15,8549.599609375,8607.5,8520.599609375,8601,8600.9912109375,271883200
2013-01-16,8588.900390625,8604,8525.5,8581.099609375,8581.0908203125,291650800
2013-01-17,8568.400390625,8664.900390625,8565.900390625,8628.900390625,8628.8916015625,234678400
2013-01-18,8662.2998046875,8679.7998046875,8600.7001953125,8604,8603.9912109375,305696200
2013-01-21,8628.2998046875,8665.900390625,8608.900390625,8665.900390625,8665.8916015625,194477600
2013-01-22,8655,8675.400390625,8588.5,8632.099609375,8632.0908203125,223749600
2013-01-23,8637.900390625,8650.400390625,8585.5,8613.2998046875,8613.291015625,229704400
2013-01-24,8597.2001953125,8673,8576.400390625,8665.599609375,8665.5908203125,199089000
2013-01-25,8642.599609375,8734.099609375,8616.2998046875,8724.599609375,8724.5908203125,180051600
2013-01-28,8755.900390625,8755.900390625,8672.5,8672.5,8672.4912109375,170355600
2013-01-29,8674.400390625,8690.900390625,8606.7998046875,8643,8642.9912109375,179377600
2013-01-30,8647.099609375,8689.2001953125,8556.099609375,8571.900390625,8571.8916015625,187322400
2013-01-31,8542.5,8543.7001953125,8362.2998046875,8362.2998046875,8362.291015625,306581000
2013-02-01,8233.400390625,8301.2998046875,8159.5,8229.7001953125,8229.69140625,598095600
2013-02-04,8225,8227.7001953125,7916.7998046875,7919.60009765625,7919.59228515625,395048000
2013-02-05,7901.5,8126.7998046875,7895.5,8093.60009765625,8093.591796875,340040400
2013-02-06,8115.39990234375,8161,8013,8056.2001953125,8056.19189453125,323687200
2013-02-07,8081.5,8160.10009765625,8005.60009765625,8014.60009765625,8014.591796875,267892800
2013-02-08,8025.39990234375,8183.2998046875,8008.7001953125,8174.89990234375,8174.8916015625,231593600
2013-02-11,8181.5,8181.5,8056,8078.60009765625,8078.591796875,176146200
2013-02-12,8069,8240.7998046875,8045.10009765625,8234.7001953125,8234.69140625,243712000
2013-02-13,8257.7001953125,8343.400390625,8211.900390625,8306.2001953125,8306.19140625,267526200
2013-02-14,8272,8328.7001953125,8155.5,8247.400390625,8247.3916015625,264982800
2013-02-15,8237.2998046875,8251.2001953125,8150.2001953125,8150.2001953125,8150.19189453125,242670000
2013-02-18,8110.89990234375,8145.39990234375,8037.2998046875,8108.89990234375,8108.8916015625,0
2013-02-19,8090,8230.7998046875,8087,8225.2998046875,8225.291015625,256625000
2013-02-20,8235.099609375,8274.400390625,8146.89990234375,8163,8162.99169921875,174829600
2013-02-21,8117.5,8117.60009765625,7982,8014.5,8014.49169921875,273812400
2013-02-22,8059.2998046875,8179,8051.10009765625,8179,8178.99169921875,218057800
2013-02-25,8232.7001953125,8400.099609375,8135.2001953125,8244.5,8244.4912109375,329551400
2013-02-26,7943.2001953125,8099.7998046875,7911.10009765625,7980.7001953125,7980.69189453125,407966800
2013-02-27,8015.89990234375,8136.7001953125,7966.39990234375,8136.7001953125,8136.69189453125,290260000
2013-02-28,8185.7998046875,8252.2998046875,8142.7998046875,8230.2998046875,8230.291015625,351215800
2013-03-01,8220.5,8285.7998046875,8105.2001953125,8187.10009765625,8187.091796875,335826000
2013-03-04,8135.10009765625,8271.7001953125,8129.2001953125,8246.2998046875,8246.291015625,232940000
2013-03-05,8325.400390625,8429.5,8313.099609375,8423.2998046875,8423.291015625,255574000
2013-03-06,8436.2001953125,8485,8356.2998046875,8358.900390625,8358.8916015625,188364600
2013-03-07,8393.400390625,8454.7001953125,8379.900390625,8389.099609375,8389.0908203125,176284000
2013-03-08,8444.099609375,8638.2998046875,8439.7998046875,8628.099609375,8628.0908203125,328120200
2013-03-11,8605,8610.2001953125,8495.599609375,8554.400390625,8554.3916015625,174802200
2013-03-12,8529,8598.099609375,8506.7001953125,8532.2998046875,8532.291015625,186354400
2013-03-13,8502.7001953125,8516.7001953125,8434.900390625,8498.2998046875,8498.291015625,210766000
2013-03-14,8532.7998046875,8670.400390625,8529.599609375,8657.900390625,8657.8916015625,278296400
2013-03-15,8645.2001953125,8649.900390625,8544.5,8619.099609375,8619.0908203125,417423800
2013-03-18,8383.2001953125,8527.599609375,8351.7998046875,8507.7998046875,8507.791015625,265680000
2013-03-19,8499.900390625,8532.400390625,8250.5,8321,8320.9912109375,356447000
2013-03-20,8394.2998046875,8494.400390625,8327,8416.2998046875,8416.291015625,244362000
2013-03-21,8412.599609375,8447.7998046875,8260.7998046875,8351.2001953125,8351.19140625,284508000
2013-03-22,8321.7998046875,8395.099609375,8258.900390625,8329.5,8329.4912109375,238206400
2013-03-25,8434.599609375,8461.900390625,8100.2998046875,8140.60009765625,8140.591796875,363679400
2013-03-26,8175.10009765625,8183.7001953125,7968.2001953125,7990.5,7990.49169921875,358732400
2013-03-27,8038,8040.2001953125,7822.5,7900.39990234375,7900.39208984375,478772600
2013-03-28,7892.89990234375,7972,7797.2001953125,7920,7919.9921875,274669000
2013-04-02,7917.60009765625,8059,7888.10009765625,8050.39990234375,8050.3916015625,281994600
2013-04-03,8015.2998046875,8037.60009765625,7880.2001953125,7904.2998046875,7904.2919921875,247912000
2013-04-04,7966.39990234375,8040.5,7821.7001953125,7847.89990234375,7847.89208984375,319341000
2013-04-05,7880.39990234375,7935,7716.10009765625,7798.39990234375,7798.39208984375,274021600
2013-04-08,7809.7998046875,7878.60009765625,7774.39990234375,7787.10009765625,7787.09228515625,196775000
2013-04-09,7846.60009765625,7897.2998046875,7811.60009765625,7872.5,7872.4921875,234157400
2013-04-10,7917.60009765625,8179,7910.2001953125,8136.39990234375,8136.3916015625,425646200
2013-04-11,8127.89990234375,8178.89990234375,8063.10009765625,8159.5,8159.49169921875,214751600
2013-04-12,8084.89990234375,8103.39990234375,8011,8040.39990234375,8040.3916015625,231794200
2013-04-15,8051.7001953125,8093.7001953125,7941.39990234375,8014.10009765625,8014.091796875,233258200
2013-04-16,7976.7998046875,8033.7001953125,7934.5,7948.7001953125,7948.6923828125,208225200
2013-04-17,7984.7001953125,7992.39990234375,7743.60009765625,7803,7802.9921875,308068600
2013-04-18,7843.5,7923.89990234375,7764.2001953125,7812.5,7812.4921875,245637600
2013-04-19,7888,7955.7998046875,7851.10009765625,7915.5,7915.4921875,290492000
2013-04-22,7983.7998046875,8058.2998046875,7927.60009765625,8027.7001953125,8027.69189453125,184179200
2013-04-23,8046.39990234375,8310.2001953125,8031.5,8289.2998046875,8289.291015625,372071000
2013-04-24,8300.2001953125,8412.400390625,8287.5,8389.2998046875,8389.291015625,329226800
2013-04-25,8360,8388.7998046875,8270.2001953125,8365.099609375,8365.0908203125,251465400
2013-04-26,8323.400390625,8329.7001953125,8251.5,8297,8296.9912109375,251945800
2013-04-29,8324.7001953125,8463.900390625,8324.7001953125,8450.900390625,8450.8916015625,305490000
2013-04-30,8488.7998046875,8524.2001953125,8397.7998046875,8419,8418.9912109375,263763800
2013-05-02,8393.900390625,8563.5,8286.599609375,8406.400390625,8406.3916015625,297681800
2013-05-03,8445.7001953125,8566.099609375,8410.2998046875,8544.7998046875,8544.791015625,249998400
2013-05-06,8551.2001953125,8553.7998046875,8472.599609375,8503.7998046875,8503.791015625,111252600
2013-05-07,8541.900390625,8589.400390625,8500.099609375,8544,8543.9912109375,245774800
2013-05-08,8544,8614.5,8500,8597,8596.9912109375,263525000
2013-05-09,8597.7998046875,8608,8536.400390625,8572.7001953125,8572.69140625,240239200
2013-05-10,8583,8669.2001953125,8511.7001953125,8544.5,8544.4912109375,278400000
2013-05-13,8554.2001953125,8574.599609375,8405,8457.7998046875,8457.791015625,227580600
2013-05-14,8481.2001953125,8489.7998046875,8366.7001953125,8474.599609375,8474.5908203125,259973000
2013-05-15,8464.7001953125,8595.599609375,8438.599609375,8582.5,8582.4912109375,260686000
2013-05-16,8569.900390625,8589.7001953125,8521.900390625,8542.2998046875,8542.291015625,175163400
2013-05-17,8528.099609375,8590,8518.400390625,8582.400390625,8582.3916015625,333373600
2013-05-20,8585.400390625,8613.7998046875,8445.400390625,8515.2001953125,8515.19140625,192352800
2013-05-21,8500.2001953125,8538,8398.2001953125,8464.5,8464.4912109375,216784400
2013-05-22,8469.5,8505.5,8381.2001953125,8462.400390625,8462.3916015625,246352400
2013-05-23,8267.7001953125,8356.599609375,8243.5,8343.599609375,8343.5908203125,282410000
2013-05-24,8388.7998046875,8394.599609375,8216.5,8264.599609375,8264.5908203125,189939000
2013-05-27,8301.400390625,8363.599609375,8297.7998046875,8363.599609375,8363.5908203125,101407000
2013-05-28,8408.5,8583.599609375,8398.2001953125,8511.2998046875,8511.291015625,298979200
2013-05-29,8466.2001953125,8495.7998046875,8424.2001953125,8441.7001953125,8441.69140625,271570400
2013-05-30,8404.400390625,8487.099609375,8395.2001953125,8433.5,8433.4912109375,237142600
2013-05-31,8441.400390625,8441.400390625,8304.599609375,8320.599609375,8320.5908203125,306736400
2013-06-03,8266.599609375,8368.599609375,8191.89990234375,8284.400390625,8284.3916015625,231561400
2013-06-04,8341.400390625,8418.400390625,8337.5,8363,8362.9912109375,204150400
2013-06-05,8308.400390625,8430,8283.2998046875,8290.7001953125,8290.69140625,261977400
2013-06-06,8308.599609375,8418.2998046875,8216.7001953125,8216.7001953125,8216.69140625,278270200
2013-06-07,8229.2001953125,8308.7001953125,8165.10009765625,8266.599609375,8266.5908203125,297871400
2013-06-10,8270.7998046875,8321.7001953125,8184.60009765625,8227.400390625,8227.3916015625,276422600
2013-06-11,8179.60009765625,8182.5,7980.10009765625,8089.2998046875,8089.29150390625,392860200
2013-06-12,8068,8245.2998046875,8054.5,8123.7998046875,8123.79150390625,276164800
2013-06-13,8039.5,8098.10009765625,7958.60009765625,8071.7001953125,8071.69189453125,291659000
2013-06-14,8101.7998046875,8140.60009765625,8053,8070.89990234375,8070.8916015625,243709200
2013-06-17,8132.7001953125,8194.099609375,8072.39990234375,8136.2998046875,8136.29150390625,221823400
2013-06-18,8134.39990234375,8211,8099.2998046875,8180.2001953125,8180.19189453125,207778000
2013-06-19,8178.7001953125,8182.10009765625,8079.10009765625,8098.2998046875,8098.29150390625,186335000
2013-06-20,7973.5,8014,7786.89990234375,7822.10009765625,7822.09228515625,320728200
2013-06-21,7859.7001953125,7877,7700.10009765625,7700.2001953125,7700.1923828125,448845600
2013-06-24,7682.10009765625,7734.7998046875,7508.39990234375,7553.2001953125,7553.1923828125,273348600
2013-06-25,7646,7674.60009765625,7581.2998046875,7607.7001953125,7607.6923828125,251344200
2013-06-26,7636.60009765625,7848,7588.7001953125,7823,7822.9921875,283593200
2013-06-27,7826.7001953125,7879.60009765625,7709.89990234375,7844.39990234375,7844.39208984375,246997000
2013-06-28,7872.5,7936.89990234375,7724.39990234375,7762.7001953125,7762.6923828125,235237600
2013-07-01,7817,7946.10009765625,7745.5,7907.10009765625,7907.09228515625,217103200
2013-07-02,7934.5,7934.5,7855.60009765625,7886.60009765625,7886.59228515625,247288200
2013-07-03,7763.2998046875,7770.60009765625,7612.7998046875,7763.7998046875,7763.7919921875,276478400
2013-07-04,7802.39990234375,8035.7001953125,7780.7998046875,8002,8001.99169921875,242192600
2013-07-05,7994.60009765625,8030.60009765625,7847,7868.39990234375,7868.39208984375,221456600
2013-07-08,7922,8068.10009765625,7895.2001953125,8017.60009765625,8017.591796875,231503200
2013-07-09,8058.10009765625,8111.5,7965.7998046875,8014.7998046875,8014.79150390625,188744800
2013-07-10,7975.60009765625,8014.5,7896,7995,7994.99169921875,165098400
2013-07-11,8083.2001953125,8086.60009765625,7980.5,8030.7001953125,8030.69189453125,175152800
2013-07-12,8034.89990234375,8036.5,7800.7998046875,7844.7001953125,7844.6923828125,221675400
2013-07-15,7832.39990234375,7918.89990234375,7782.60009765625,7855.10009765625,7855.09228515625,156704800
2013-07-16,7868,7891.60009765625,7736.60009765625,7798.2001953125,7798.1923828125,189287800
2013-07-17,7814,7858.10009765625,7702.7001953125,7812.7001953125,7812.6923828125,176349800
2013-07-18,7789.60009765625,7964.7001953125,7781.5,7957.2998046875,7957.29150390625,192536000
2013-07-19,7938.60009765625,7978.89990234375,7887.5,7943.2001953125,7943.1923828125,156177600
2013-07-22,7954.89990234375,8016.89990234375,7917.10009765625,7966,7965.99169921875,140787400
2013-07-23,8014.89990234375,8138,8011.89990234375,8073.7001953125,8073.69189453125,205390000
2013-07-24,8120.2001953125,8199.099609375,8095.2001953125,8192.5,8192.4912109375,253079800
2013-07-25,8198.5,8287.2998046875,8152.2998046875,8282.099609375,8282.0908203125,229578800
2013-07-26,8307.7998046875,8395.900390625,8303.2001953125,8353.599609375,8353.5908203125,230054800
2013-07-29,8374.599609375,8411.7998046875,8349.099609375,8376.099609375,8376.0908203125,168772600
2013-07-30,8402.5,8467.400390625,8363.2998046875,8456.5,8456.4912109375,185393200
2013-07-31,8440.7001953125,8480.099609375,8375.900390625,8433.400390625,8433.3916015625,191524600
2013-08-01,8466.2998046875,8543.400390625,8431.7001953125,8540.2001953125,8540.19140625,194874800
2013-08-02,8564.7998046875,8578.2998046875,8489.5,8574,8573.9912109375,158458500
2013-08-05,8585.099609375,8617.2998046875,8549.599609375,8560.7998046875,8560.791015625,128491700
2013-08-06,8567.2001953125,8613.099609375,8469.900390625,8529.5,8529.4912109375,151413900
2013-08-07,8508.099609375,8577.7001953125,8448,8574.099609375,8574.0908203125,158511500
2013-08-08,8587.5,8675.5,8581.099609375,8671.7998046875,8671.791015625,195763900
2013-08-09,8685.2998046875,8765.7001953125,8628.2001953125,8735.5,8735.4912109375,204533100
2013-08-12,8733.5,8770.2001953125,8692.7998046875,8717.7001953125,8717.69140625,156533300
2013-08-13,8737.599609375,8778.7998046875,8695.5,8758.5,8758.4912109375,136741700
2013-08-14,8763.400390625,8789.2998046875,8706.7998046875,8789.2998046875,8789.291015625,143327600
2013-08-15,8777.099609375,8796.7001953125,8633.900390625,8737.599609375,8737.5908203125,138968900
2013-08-16,8739.2998046875,8828.099609375,8710.400390625,8821.2998046875,8821.291015625,206850900
2013-08-19,8807.7998046875,8818.7998046875,8641.099609375,8657.099609375,8657.0908203125,170388200
2013-08-20,8613.2001953125,8613.2001953125,8422.599609375,8502.400390625,8502.3916015625,214205800
2013-08-21,8526.2998046875,8558,8427,8461.7998046875,8461.791015625,120911500
2013-08-22,8485.2001953125,8671.099609375,8476.2001953125,8629.7001953125,8629.69140625,171806500
2013-08-23,8655.400390625,8712.400390625,8575,8686.7998046875,8686.791015625,128811400
2013-08-26,8669.599609375,8717,8590.400390625,8649.900390625,8649.8916015625,81286900
2013-08-27,8596.5,8643.2998046875,8378.5,8394,8393.9912109375,208051600
2013-08-28,8367.599609375,8421.900390625,8275.900390625,8398.099609375,8398.0908203125,192416400
2013-08-29,8433.7001953125,8458.099609375,8354,8432.099609375,8432.0908203125,142640200
2013-08-30,8406.2001953125,8424.2998046875,8290.5,8290.5,8290.4912109375,171995200
2013-09-02,8370.2001953125,8476.2001953125,8369.7998046875,8429.599609375,8429.5908203125,155566400
2013-09-03,8438.5,8513.599609375,8331.099609375,8445.2001953125,8445.19140625,142579800
2013-09-04,8473.2998046875,8517.900390625,8358.599609375,8490.2998046875,8490.291015625,159255300
2013-09-05,8512.7998046875,8564.099609375,8473,8550,8549.9912109375,213564800
2013-09-06,8534.2998046875,8678.7998046875,8524,8655,8654.9912109375,219660800
2013-09-09,8628.900390625,8645.2001953125,8568.7001953125,8632.5,8632.4912109375,152835800
2013-09-10,8698.099609375,8813.900390625,8678.2998046875,8801.599609375,8801.5908203125,273337600
2013-09-11,8789.5,8882.599609375,8761.400390625,8875.2001953125,8875.19140625,255352000
2013-09-12,8878.2001953125,8951.400390625,8861.599609375,8924.2001953125,8924.19140625,261211500
2013-09-13,8901.099609375,8951.599609375,8863.7001953125,8941.599609375,8941.5908203125,188249600
2013-09-16,9017.5,9056.2998046875,8960.2998046875,8999.5,8999.4912109375,197762200
2013-09-17,8992.5,9005.5,8911.7001953125,8992,8991.9912109375,177115400
2013-09-18,9019.400390625,9072.400390625,8995.5,9062.5,9062.4912109375,236025100
2013-09-19,9193.099609375,9198.7001953125,9096.099609375,9153.7001953125,9153.69140625,297735200
2013-09-20,9121.900390625,9171.7998046875,9118.400390625,9171.7998046875,9171.7900390625,288147700
2013-09-23,9163.7998046875,9187.7998046875,9057.5,9109.5,9109.4912109375,186866500
2013-09-24,9109.7001953125,9171.7001953125,9076.400390625,9167.599609375,9167.58984375,182432800
2013-09-25,9154.7001953125,9249.5,9120.099609375,9242.900390625,9242.890625,205467800
2013-09-26,9253.599609375,9285.900390625,9176.400390625,9272.400390625,9272.390625,238809000
2013-09-27,9283.099609375,9299.099609375,9191.599609375,9228.400390625,9228.390625,237704000
2013-09-30,9073.2001953125,9199.7001953125,9036.900390625,9186.099609375,9186.08984375,204351100
2013-10-01,9177.599609375,9346.900390625,9173.400390625,9341.5,9341.490234375,216831300
2013-10-02,9315.7001953125,9378.2001953125,9272.900390625,9350,9349.990234375,196877500
2013-10-03,9367.599609375,9383.400390625,9260.400390625,9295.7001953125,9295.6904296875,162512700
2013-10-04,9289,9432.7001953125,9267.599609375,9420.900390625,9420.890625,220135600
2013-10-07,9380.400390625,9389.2001953125,9321.599609375,9381.900390625,9381.890625,165528900
2013-10-08,9388.2001953125,9410.7998046875,9311.2998046875,9318.900390625,9318.890625,226696600
2013-10-09,9302.400390625,9470.7998046875,9295.599609375,9439,9438.990234375,215016900
2013-10-10,9499.5,9695.099609375,9485.7001953125,9660.5,9660.490234375,313979500
2013-10-11,9707.2998046875,9707.2998046875,9624.400390625,9668.5,9668.490234375,204909400
2013-10-14,9631.7001953125,9701,9615.2998046875,9696,9695.990234375,161741800
2013-10-15,9733.599609375,9805.2998046875,9699.2001953125,9805.2998046875,9805.2900390625,250630900
2013-10-16,9733.099609375,9890.7001953125,9724,9879,9878.990234375,269117100
2013-10-17,9854.900390625,9918.400390625,9817.099609375,9918,9917.990234375,231677900
2013-10-18,9946.599609375,10002.599609375,9915.5,10001.7998046875,10001.7900390625,234130300
2013-10-21,10019.599609375,10063.900390625,9966,10037.7998046875,10037.7900390625,226982900
2013-10-22,10022.2998046875,10054.900390625,9992.900390625,10012.900390625,10012.890625,207246200
2013-10-23,9960.2998046875,9965.099609375,9792.2998046875,9828.2998046875,9828.2900390625,300665900
2013-10-24,9808,9915.400390625,9808,9915.400390625,9915.390625,224518100
2013-10-25,9856,9887.5,9772.2998046875,9815.5,9815.490234375,240606900
2013-10-28,9840,9864,9675,9736.2001953125,9736.1904296875,232987500
2013-10-29,9699.7001953125,9873,9665.599609375,9863.900390625,9863.890625,256184900
2013-10-30,9862.900390625,9980.2001953125,9744.099609375,9778.7001953125,9778.6904296875,240984100
2013-10-31,9754.7998046875,9909.900390625,9739.2998046875,9907.900390625,9907.890625,258118400
2013-11-01,9906.599609375,9929.099609375,9816.5,9838.2998046875,9838.2900390625,142497900
2013-11-04,9873.900390625,9917.2998046875,9827.2998046875,9873.7998046875,9873.7900390625,162713200
2013-11-05,9916,9923.900390625,9731.900390625,9795.7001953125,9795.6904296875,222791600
2013-11-06,9804.2001953125,9887.400390625,9781.2001953125,9837.099609375,9837.08984375,178254300
2013-11-07,9835.7001953125,10025.900390625,9712.599609375,9740.400390625,9740.390625,359243400
2013-11-08,9684.900390625,9778.599609375,9613.599609375,9747.2001953125,9747.1904296875,271391600
2013-11-11,9757.2001953125,9819.599609375,9670,9789.5,9789.490234375,123206600
2013-11-12,9780.099609375,9824.099609375,9684.099609375,9707.599609375,9707.58984375,181544300
2013-11-13,9674.7001953125,9740.7998046875,9615.2001953125,9675.2001953125,9675.1904296875,199524300
2013-11-14,9769.099609375,9784.7998046875,9610.400390625,9708.7001953125,9708.6904296875,309214000
2013-11-15,9716.900390625,9749.2998046875,9650.400390625,9695.900390625,9695.890625,185947700
2013-11-18,9679.599609375,9853.599609375,9640.7001953125,9783.099609375,9783.08984375,200883100
2013-11-19,9750.099609375,9751.7001953125,9626.2001953125,9629.7998046875,9629.7900390625,180785400
2013-11-20,9615,9636.099609375,9507,9559.5,9559.490234375,228662800
2013-11-21,9502.7998046875,9614.5,9467,9599.2998046875,9599.2900390625,161717200
2013-11-22,9622.7001953125,9701.7998046875,9588,9677.400390625,9677.390625,183663000
2013-11-25,9724.5,9753.900390625,9656.5,9689.099609375,9689.08984375,171693700
2013-11-26,9692.2001953125,9743.2001953125,9659.7998046875,9714.599609375,9714.58984375,263269200
2013-11-27,9750.2001953125,9828.099609375,9706.5,9808.400390625,9808.390625,173646200
2013-11-28,9823.099609375,9892.900390625,9814.2001953125,9859.7998046875,9859.7900390625,155232600
2013-11-29,9876,9923.2998046875,9824.599609375,9837.599609375,9837.58984375,179884800
2013-12-02,9838.2001953125,9852.7001953125,9715.599609375,9745.5,9745.490234375,170200800
2013-12-03,9743.900390625,9743.900390625,9605,9605,9604.990234375,275215100
2013-12-04,9616.599609375,9654.099609375,9496.599609375,9540.5,9540.490234375,189023300
2013-12-05,9528.099609375,9583,9384.7001953125,9392.099609375,9392.08984375,242676100
2013-12-06,9406.2001953125,9418.900390625,9232.099609375,9400.5,9400.490234375,247008400
2013-12-09,9414.400390625,9499,9389.900390625,9487.400390625,9487.390625,225519400
2013-12-10,9469.900390625,9556.099609375,9418.5,9438.2998046875,9438.2900390625,151929600
2013-12-11,9453.2998046875,9493.099609375,9355.099609375,9358.7001953125,9358.6904296875,206933800
2013-12-12,9340.5,9370.5,9245.2998046875,9272.099609375,9272.08984375,183489400
2013-12-13,9262.400390625,9361.2001953125,9242.900390625,9272.7001953125,9272.6904296875,160213000
2013-12-16,9270.2998046875,9463.7998046875,9264.7001953125,9429.5,9429.490234375,204900800
2013-12-17,9395,9425.2998046875,9343.400390625,9343.400390625,9343.390625,156690100
2013-12-18,9398.2001953125,9456.7001953125,9348.2998046875,9443.599609375,9443.58984375,190494400
2013-12-19,9537,9657.099609375,9535.7998046875,9617.099609375,9617.08984375,151936800
2013-12-20,9681.7998046875,9721.900390625,9623.400390625,9689.900390625,9689.890625,396897000
2013-12-23,9696.099609375,9758.400390625,9650.5,9758.400390625,9758.390625,185889400
2013-12-24,9767.2998046875,9826.400390625,9756.2998046875,9819.5,9819.490234375,85834400
2013-12-27,9839.7001953125,9900.099609375,9826.2998046875,9900.099609375,9900.08984375,180126900
2013-12-30,9919.5,9949.7998046875,9864.7998046875,9901.900390625,9901.890625,188242900
2013-12-31,9910.5,9923.2998046875,9881.7001953125,9916.7001953125,9916.6904296875,79586800
2014-01-02,9923.599609375,9952,9758.400390625,9760.2998046875,9760.2900390625,304375400
2014-01-03,9765,9830.099609375,9722.5,9798,9797.990234375,209216600
2014-01-06,9768.400390625,9928.7001953125,9766.400390625,9888.5,9888.490234375,188619600
2014-01-07,9912.5,10188.5,9881.900390625,10178.7001953125,10178.689453125,514204600
2014-01-08,10190.400390625,10282,10117.2001953125,10253.599609375,10253.5888671875,479865100
2014-01-09,10255.7001953125,10383,10186.2998046875,10234.2001953125,10234.189453125,389287000
2014-01-10,10293.599609375,10361.7998046875,10248.7998046875,10290.599609375,10290.5888671875,283436900
2014-01-13,10336.2998046875,10396,10298.2998046875,10365.5,10365.4892578125,347556400
2014-01-14,10274.099609375,10382,10223.099609375,10382,10381.9892578125,343749400
2014-01-15,10380.7998046875,10529.7998046875,10368.400390625,10525,10524.9892578125,381454500
2014-01-16,10532.2001953125,10552.7001953125,10441.400390625,10455.5,10455.4892578125,331148000
2014-01-17,10453.7001953125,10501.7998046875,10393.5,10465.7001953125,10465.689453125,288502600
2014-01-20,10440,10485.900390625,10403.5,10454.099609375,10454.0888671875,183408000
2014-01-21,10469.7998046875,10510.5,10344.2001953125,10357.400390625,10357.3896484375,239283500
2014-01-22,10399.5,10440.5,10241.5,10279.7001953125,10279.689453125,295355400
2014-01-23,10254.099609375,10350.900390625,10215.7998046875,10241.2001953125,10241.189453125,327843800
2014-01-24,10214.7001953125,10240.7998046875,9835.5,9868.900390625,9868.890625,531982300
2014-01-27,9877,9915.900390625,9725.7001953125,9758.400390625,9758.390625,380955000
2014-01-28,9838.7001953125,9922.7998046875,9802.5,9879.099609375,9879.08984375,298254700
2014-01-29,9986.099609375,10054.099609375,9716.5,9896.2001953125,9896.1904296875,368664600
2014-01-30,9890.7001953125,9995.5,9775.7001953125,9964.5,9964.490234375,311979200
2014-01-31,9974.400390625,9993.2001953125,9761.7998046875,9920.2001953125,9920.1904296875,343616300
2014-02-03,9911.5,9980.099609375,9712.5,9725.400390625,9725.390625,280156700
2014-02-04,9684.7001953125,9814.2001953125,9654.7998046875,9754.2998046875,9754.2900390625,306710800
2014-02-05,9752.400390625,9837.5,9700.400390625,9775,9774.990234375,267970200
2014-02-06,9840.7001953125,9983.7001953125,9807.2001953125,9964.599609375,9964.58984375,393666100
2014-02-07,9996,10086.7001953125,9910.7001953125,10072.400390625,10072.390625,328602400
2014-02-10,10114.2001953125,10117.7998046875,9943.7998046875,9982.7001953125,9982.6904296875,232430600
2014-02-11,10044.7998046875,10091.2001953125,9985,10091.2001953125,10091.1904296875,313939600
2014-02-12,10126.099609375,10151.2998046875,10041.2998046875,10080.7998046875,10080.7900390625,371607700
2014-02-13,10046.2001953125,10098.900390625,9950,10098.900390625,10098.890625,321596600
2014-02-14,10111,10184.7001953125,10057.7998046875,10132.7998046875,10132.7890625,240155800
2014-02-17,10155.099609375,10181.900390625,10084.599609375,10118.599609375,10118.58984375,167514400
2014-02-18,10109.5,10114.5,9988.7998046875,10042.7001953125,10042.6904296875,286231000
2014-02-19,10021.2998046875,10102.7001953125,9945.900390625,10053.7998046875,10053.7900390625,295425000
2014-02-20,9945.5,10062.2001953125,9918.5,10062.2001953125,10062.1904296875,284533600
2014-02-21,10104.099609375,10108.7998046875,10009.2001953125,10071,10070.990234375,227194300
2014-02-24,10060.2001953125,10193.099609375,10035.2998046875,10193.099609375,10193.0888671875,238493000
2014-02-25,10176.099609375,10242.7001953125,10150.900390625,10242.5,10242.4892578125,239977200
2014-02-26,10243.900390625,10269,10191.7001953125,10224.2998046875,10224.2890625,215455700
2014-02-27,10213.2998046875,10228.099609375,10063.900390625,10164.099609375,10164.0888671875,253334400
2014-02-28,10172.400390625,10174.2001953125,9996.099609375,10114.2001953125,10114.1904296875,439188100
2014-03-03,9951.599609375,9991.599609375,9855.099609375,9878.7001953125,9878.6904296875,391420600
2014-03-04,9991.099609375,10126.7001953125,9955.2001953125,10126.7001953125,10126.689453125,330191500
2014-03-05,10104.900390625,10249.599609375,10089.099609375,10215.2001953125,10215.189453125,348114600
2014-03-06,10251,10358.900390625,10247.5,10304,10303.9892578125,301321700
2014-03-07,10327.5,10345.2998046875,10147.599609375,10164.2001953125,10164.189453125,260257400
2014-03-10,10151.400390625,10292,10119.099609375,10194.599609375,10194.5888671875,329690600
2014-03-11,10234.900390625,10245,10137.900390625,10163.2998046875,10163.2890625,212295000
2014-03-12,10128.599609375,10169,9984.2001953125,10070.400390625,10070.390625,263713900
2014-03-13,10112.2998046875,10117.7998046875,9950.2998046875,9950.2998046875,9950.2900390625,238531000
2014-03-14,9881.400390625,9944.2998046875,9703.099609375,9812,9811.990234375,469886400
2014-03-17,9822.900390625,9992.5,9811.2001953125,9975,9974.990234375,267210100
2014-03-18,9975.099609375,10109.2998046875,9902.7998046875,10051.400390625,10051.390625,268470200
2014-03-19,10085.5,10135.5,10022.7998046875,10093.2998046875,10093.2900390625,186679700
2014-03-20,10008,10085.5,9970.900390625,10079.900390625,10079.890625,253694900
2014-03-21,10094.7998046875,10157.5,10042.400390625,10053.099609375,10053.08984375,442910600
2014-03-24,10061.7001953125,10090,9868.7001953125,9913.099609375,9913.08984375,282607800
2014-03-25,9939.7998046875,10035.2001953125,9885.599609375,9990.5,9990.490234375,267193000
2014-03-26,10029,10180.400390625,9994.099609375,10140.7998046875,10140.7890625,279649200
2014-03-27,10118.2001953125,10204.400390625,10087.099609375,10199,10198.9892578125,255552100
2014-03-28,10239.7998046875,10341.900390625,10208.7998046875,10328.900390625,10328.8896484375,263012700
2014-03-31,10349.599609375,10420.599609375,10325.900390625,10340.5,10340.4892578125,339242900
2014-04-01,10368.099609375,10487.599609375,10359.5,10463.099609375,10463.0888671875,310888300
2014-04-02,10477.7998046875,10503.7001953125,10391.2998046875,10435.7998046875,10435.7890625,237133600
2014-04-03,10462.2001953125,10644.400390625,10451.5,10584.099609375,10584.0888671875,337366400
2014-04-04,10612.5,10705.099609375,10572.2998046875,10677.2001953125,10677.189453125,300098300
2014-04-07,10594.099609375,10678.2001953125,10561.2998046875,10606.2001953125,10606.189453125,216044600
2014-04-08,10611.400390625,10626.599609375,10384.099609375,10480.5,10480.4892578125,335475500
2014-04-09,10493.400390625,10571.5,10477.2001953125,10485.2001953125,10485.189453125,241313300
2014-04-10,10523.7001953125,10536.599609375,10326.400390625,10336.099609375,10336.0888671875,335982800
2014-04-11,10272.2998046875,10332.099609375,10091.099609375,10205.400390625,10205.3896484375,366861500
2014-04-14,10097.7001953125,10191.2998046875,9984.2998046875,10188.2001953125,10188.189453125,318266900
2014-04-15,10199.7998046875,10247.7998046875,10071.599609375,10103.5,10103.490234375,253737500
2014-04-16,10210.599609375,10267.900390625,10179.400390625,10267.900390625,10267.8896484375,217015400
2014-04-17,10290.599609375,10316.2001953125,10184.900390625,10292.400390625,10292.3896484375,231004200
2014-04-22,10339.099609375,10449,10279.7001953125,10437.7998046875,10437.7890625,238298100
2014-04-23,10439.2998046875,10482.5,10394.900390625,10424.400390625,10424.3896484375,258917000
2014-04-24,10487,10531.099609375,10338.7001953125,10462,10461.9892578125,236755500
2014-04-25,10398.5,10442.900390625,10281,10306.2001953125,10306.189453125,191450000
2014-04-28,10351.2998046875,10391.2998046875,10247.900390625,10320.900390625,10320.8896484375,187967800
2014-04-29,10348.5,10488.5,10342.599609375,10461,10460.9892578125,285723600
2014-04-30,10424.7001953125,10500.400390625,10397.7001953125,10459,10458.9892578125,280911700
2014-05-02,10453.599609375,10541,10441.2998046875,10474.5,10474.4892578125,196334200
2014-05-05,10460.2001953125,10502.7001953125,10342.5,10477,10476.9892578125,208232700
2014-05-06,10504.900390625,10549.2001953125,10414.7998046875,10481.400390625,10481.3896484375,224625800
2014-05-07,10402,10494.5,10371.5,10413.7998046875,10413.7890625,271535000
2014-05-08,10448.900390625,10597.900390625,10412.5,10591.2001953125,10591.189453125,291313500
2014-05-09,10573,10592.599609375,10438.7001953125,10487.2001953125,10487.189453125,324681600
2014-05-12,10512.400390625,10578.2001953125,10478.2001953125,10567,10566.9892578125,243557000
2014-05-13,10587.2998046875,10600.900390625,10533.400390625,10587.2001953125,10587.189453125,272278900
2014-05-14,10602.7998046875,10639.099609375,10521.599609375,10613.900390625,10613.8896484375,248096700
2014-05-15,10616.5,10665.099609375,10323.400390625,10365,10364.9892578125,409937900
2014-05-16,10354.099609375,10494.900390625,10282.400390625,10478.7001953125,10478.689453125,312919000
2014-05-19,10469.7001953125,10526,10307.2998046875,10425.5,10425.4892578125,243528900
2014-05-20,10418.400390625,10479,10401.599609375,10453.7998046875,10453.7890625,245813300
2014-05-21,10407.400390625,10547.5,10364.099609375,10531.400390625,10531.3896484375,205707400
2014-05-22,10552.099609375,10558,10474.900390625,10520.599609375,10520.5888671875,205291500
2014-05-23,10525.5,10576.5,10466,10558.900390625,10558.8896484375,159882100
2014-05-26,10593.7998046875,10695.5,10576.2998046875,10687.5,10687.4892578125,141443100
2014-05-27,10669.2998046875,10744.7998046875,10659.400390625,10714.2001953125,10714.189453125,208487200
2014-05-28,10701.5,10757.2001953125,10672.2001953125,10757.2001953125,10757.189453125,236689000
2014-05-29,10755.7001953125,10770.2998046875,10665,10734.7998046875,10734.7890625,182658100
2014-05-30,10708.099609375,10803.400390625,10697.7998046875,10798.7001953125,10798.689453125,319903000
2014-06-02,10819,10877.400390625,10800.2001953125,10827.400390625,10827.3896484375,196097200
2014-06-03,10838.2998046875,10873.599609375,10744.2998046875,10776.7001953125,10776.689453125,206171300
2014-06-04,10756.2001953125,10775.099609375,10667.2001953125,10755.599609375,10755.5888671875,193394100
2014-06-05,10761,10970,10714.2001953125,10876.400390625,10876.3896484375,382160700
2014-06-06,10917.599609375,11085.099609375,10888.400390625,11064.2998046875,11064.2890625,338353600
2014-06-09,11089.7998046875,11188.2001953125,11057.7001953125,11164.099609375,11164.087890625,267298300
2014-06-10,11136.599609375,11177.599609375,11095.599609375,11153.5,11153.48828125,246596300
2014-06-11,11134.400390625,11167.7998046875,11045.2001953125,11074.900390625,11074.8896484375,211582800
2014-06-12,11081.7001953125,11137.2998046875,11046,11088.5,11088.48828125,186194000
2014-06-13,11079,11134.2998046875,11010,11113.7001953125,11113.6884765625,197257500
2014-06-16,11055,11099.2001953125,10971.7001953125,11008.2001953125,11008.189453125,213704700
2014-06-17,11031.099609375,11093.5,11013,11058.5,11058.4892578125,198939900
2014-06-18,11082.400390625,11130.7998046875,11052.7001953125,11112.2998046875,11112.2880859375,197069400
2014-06-19,11192.400390625,11249.400390625,11158.7998046875,11187.7998046875,11187.7880859375,222993200
2014-06-20,11174.900390625,11215.7998046875,11142.599609375,11155.099609375,11155.087890625,385514000
2014-06-23,11163.400390625,11185.099609375,11093.900390625,11118.2998046875,11118.2880859375,176415300
2014-06-24,11147.599609375,11168.7998046875,11082.5,11105.900390625,11105.888671875,183077100
2014-06-25,11058.099609375,11069.5,10890.2001953125,10966.7001953125,10966.689453125,340431300
2014-06-26,11006,11046.400390625,10910.7998046875,10989,10988.9892578125,237044700
2014-06-27,11010.2001953125,11059.7998046875,10924.2001953125,10959.900390625,10959.8896484375,172851300
2014-06-30,10975.599609375,10996.2998046875,10850.599609375,10923.5,10923.4892578125,198883900
2014-07-01,10954.5,11007.7998046875,10911.900390625,11007.7998046875,11007.7890625,271826600
2014-07-02,11009,11037.5,10955.2001953125,11016.2001953125,11016.189453125,206188700
2014-07-03,11001.7001953125,11100.2001953125,10958.099609375,11090,11089.98828125,231683700
2014-07-04,11082.7001953125,11084,11004.7998046875,11009.400390625,11009.3896484375,151365000
2014-07-07,10986,11005.2001953125,10874.5,10888.5,10888.4892578125,159943600
2014-07-08,10898.7001953125,10920.900390625,10663,10689.099609375,10689.0888671875,348809900
2014-07-09,10736.400390625,10771,10680.900390625,10746.900390625,10746.8896484375,264369500
2014-07-10,10743.599609375,10743.599609375,10423.599609375,10533.599609375,10533.5888671875,378313700
2014-07-11,10563.7001953125,10681.5,10489.7998046875,10538.7998046875,10538.7890625,240402900
2014-07-14,10602.5,10640,10526.599609375,10606.2998046875,10606.2890625,189414500
2014-07-15,10545.099609375,10581.400390625,10427.7001953125,10475.900390625,10475.8896484375,246842800
2014-07-16,10522.2001953125,10680.2001953125,10496.599609375,10668.400390625,10668.3896484375,225511600
2014-07-17,10617.599609375,10643,10507.7998046875,10543.2998046875,10543.2890625,208172200
2014-07-18,10477.5,10527,10425.2998046875,10527,10526.9892578125,201066400
2014-07-21,10521.7001953125,10530.599609375,10447.599609375,10482,10481.9892578125,156589300
2014-07-22,10531,10667.900390625,10504.7001953125,10648.900390625,10648.8896484375,231977700
2014-07-23,10624.2001953125,10700,10604.7998046875,10659.099609375,10659.0888671875,213231700
2014-07-24,10668.2998046875,10860.7001953125,10618.099609375,10860.7001953125,10860.689453125,335618500
2014-07-25,10839.599609375,10941.900390625,10832.099609375,10888.099609375,10888.0888671875,273050900
2014-07-28,10940.5,10963.900390625,10801.599609375,10879.7998046875,10879.7890625,200633400
2014-07-29,10901.599609375,10964.2998046875,10854.2001953125,10901.2001953125,10901.189453125,199820700
2014-07-30,10927.7998046875,11016.099609375,10888.599609375,10937.400390625,10937.3896484375,241840300
2014-07-31,10934.900390625,10943.900390625,10663.2998046875,10707.2001953125,10707.189453125,302656400
2014-08-01,10682.7998046875,10701.400390625,10478.2998046875,10514,10513.9892578125,297750900
2014-08-04,10585.7998046875,10589.400390625,10463.900390625,10496.2001953125,10496.189453125,206949800
2014-08-05,10524.7001953125,10534.7001953125,10314.400390625,10353.7998046875,10353.7890625,258778800
2014-08-06,10282,10330.2998046875,10121.5,10246.2001953125,10246.189453125,306362900
2014-08-07,10235.7998046875,10258.900390625,10049.900390625,10078.599609375,10078.58984375,321042500
2014-08-08,9981.2001953125,10183,9946.900390625,10104.7998046875,10104.7900390625,274092000
2014-08-11,10226.599609375,10245.7001953125,10148.599609375,10193.5,10193.4892578125,173366500
2014-08-12,10195.900390625,10324.099609375,10161.900390625,10241.5,10241.4892578125,190718600
2014-08-13,10304.099609375,10330.2001953125,10250.5,10304,10303.9892578125,183228000
2014-08-14,10274.099609375,10339.2001953125,10210.7001953125,10294.7998046875,10294.7890625,156132300
2014-08-15,10320.7998046875,10417.7001953125,10203.7001953125,10222.2001953125,10222.189453125,197004300
2014-08-18,10350.400390625,10372.2001953125,10284.099609375,10353.400390625,10353.3896484375,150174700
2014-08-19,10407.5,10416.599609375,10367.2001953125,10386.5,10386.4892578125,119977400
2014-08-20,10390.599609375,10428.099609375,10338.2998046875,10420.900390625,10420.8896484375,135510700
2014-08-21,10429.7998046875,10569.2998046875,10386.7001953125,10556.400390625,10556.3896484375,168281900
2014-08-22,10582.099609375,10588.7001953125,10436.400390625,10500.2001953125,10500.189453125,155283800
2014-08-25,10607.099609375,10695.7001953125,10563.599609375,10690.099609375,10690.0888671875,148342300
2014-08-26,10672.400390625,10835.5,10669.400390625,10826.900390625,10826.8896484375,215487300
2014-08-27,10821.900390625,10883.7998046875,10787.400390625,10837.400390625,10837.3896484375,190905600
2014-08-28,10808.5,10844.400390625,10688,10722.2001953125,10722.189453125,179770300
2014-08-29,10742.7001953125,10785.2998046875,10614.5,10728.7998046875,10728.7890625,190471100
2014-09-01,10749.2001953125,10784.099609375,10693.900390625,10746.5,10746.4892578125,107653300
2014-09-02,10768.5,10822.599609375,10736.400390625,10755,10754.9892578125,168158100
2014-09-03,10799.2001953125,10927.2001953125,10783.400390625,10886.7998046875,10886.7890625,218737500
2014-09-04,10853.7998046875,11146.599609375,10835.400390625,11100.099609375,11100.087890625,400312200
2014-09-05,11085.5,11182,11062.2001953125,11148.900390625,11148.888671875,269753500
2014-09-08,11158.400390625,11163,11043,11102.599609375,11102.587890625,179761600
2014-09-09,11060.2001953125,11080.599609375,10939.7001953125,10951.599609375,10951.5888671875,204785900
2014-09-10,10909.900390625,10937.7998046875,10821.2998046875,10937.7998046875,10937.7890625,237811600
2014-09-11,10951.900390625,10963.5,10823.900390625,10886.2998046875,10886.2890625,210035000
2014-09-12,10895.7001953125,10930.2001953125,10838.900390625,10888.900390625,10888.8896484375,153430500
2014-09-15,10849.7998046875,10894.7998046875,10815.2001953125,10841.2998046875,10841.2890625,156410300
2014-09-16,10829.900390625,10836.7001953125,10737.2998046875,10798.7001953125,10798.689453125,258025000
2014-09-17,10855,10939.2001953125,10818.099609375,10907.400390625,10907.3896484375,246255600
2014-09-18,10931.7998046875,11016.5,10899.2001953125,10991,10990.9892578125,262363200
2014-09-19,11108.900390625,11191.7998046875,11001.900390625,11001.900390625,11001.8896484375,381036100
2014-09-22,10961.900390625,11026.5,10930.5,10947.900390625,10947.8896484375,194774200
2014-09-23,10918.900390625,10918.900390625,10781.2001953125,10801.7998046875,10801.7890625,263280400
2014-09-24,10798.900390625,10860.5,10679.2001953125,10856.900390625,10856.8896484375,256971600
2014-09-25,10847.7998046875,10948.599609375,10733.099609375,10783.099609375,10783.0888671875,276503300
2014-09-26,10770.599609375,10891,10701.2001953125,10851.400390625,10851.3896484375,203758900
2014-09-29,10828.2001953125,10852.7001953125,10625.5,10686,10685.9892578125,241844600
2014-09-30,10724.5,10860.099609375,10714,10825.5,10825.4892578125,277850000
2014-10-01,10793.900390625,10889.2998046875,10734.599609375,10753.2001953125,10753.189453125,274950800
2014-10-02,10742.5,10769.2998046875,10418.099609375,10418.099609375,10418.0888671875,406480200
2014-10-03,10561,10582,10436.400390625,10567.599609375,10567.5888671875,239757900
2014-10-06,10657.599609375,10728.7998046875,10632.5,10645.7001953125,10645.689453125,198107400
2014-10-07,10610,10610,10422.099609375,10430.7001953125,10430.689453125,268329800
2014-10-08,10384.599609375,10460.900390625,10320,10339,10338.9892578125,327285500
2014-10-09,10465.2998046875,10470.7998046875,10201,10273.7001953125,10273.689453125,307914900
2014-10-10,10186.7001953125,10290.900390625,10102.400390625,10150.5,10150.4892578125,358995300
2014-10-13,10072.400390625,10274.7998046875,10042.2001953125,10187.2998046875,10187.2890625,239626200
2014-10-14,10138.099609375,10236.7998046875,10016.5,10204.900390625,10204.8896484375,300587900
2014-10-15,10204.7001953125,10225.599609375,9774.900390625,9838.5,9838.490234375,448114700
2014-10-16,9897.2001953125,9942,9370.5,9669.7001953125,9669.6904296875,786593000
2014-10-17,9723,9977.400390625,9651.099609375,9956.7998046875,9956.7900390625,436588400
2014-10-20,9898.900390625,9958.900390625,9802.7998046875,9915.2001953125,9915.1904296875,335391200
2014-10-21,9893.5,10167.7998046875,9851.5,10152.099609375,10152.0888671875,368717900
2014-10-22,10169.599609375,10249.900390625,10067,10249.900390625,10249.8896484375,335121500
2014-10-23,10202.7001953125,10359,10127,10333.7001953125,10333.689453125,311530900
2014-10-24,10299.400390625,10369,10260.7001953125,10339.2998046875,10339.2890625,278418200
2014-10-27,10469.400390625,10474.7998046875,10093.400390625,10195.2001953125,10195.189453125,383783900
2014-10-28,10260.2001953125,10423.400390625,10248.599609375,10394.7998046875,10394.7890625,276850100
2014-10-29,10406,10441.099609375,10204.7998046875,10247.7998046875,10247.7890625,313345400
2014-10-30,10304.599609375,10340.2998046875,9994.7998046875,10263.7001953125,10263.689453125,358028100
2014-10-31,10448.400390625,10513.2998046875,10324.7998046875,10477.7998046875,10477.7890625,401751800
2014-11-03,10454.2998046875,10508.7998046875,10333.2998046875,10374.400390625,10374.3896484375,285477600
2014-11-04,10361,10455.2001953125,10140.5,10154.400390625,10154.3896484375,338022800
2014-11-05,10246.599609375,10310.599609375,10131.2001953125,10276.900390625,10276.8896484375,312655000
2014-11-06,10242.7001953125,10463.2998046875,10175.2998046875,10261.7998046875,10261.7890625,372892100
2014-11-07,10291,10311.5,10017.5,10126.2998046875,10126.2890625,319455200
2014-11-10,10103.900390625,10282.400390625,10052.2001953125,10273,10272.9892578125,224421200
2014-11-11,10319.7998046875,10418.400390625,10296.099609375,10338.7998046875,10338.7890625,246120300
2014-11-12,10307,10342.599609375,10136.400390625,10157.2998046875,10157.2890625,287992200
2014-11-13,10207.599609375,10252.2998046875,10044.2001953125,10140.400390625,10140.3896484375,288333000
2014-11-14,10192.2998046875,10195.099609375,10056.7998046875,10148,10147.9892578125,405111200
2014-11-17,10061.099609375,10336.2998046875,10040.900390625,10309,10308.9892578125,355982600
2014-11-18,10320.099609375,10466.2998046875,10296.2998046875,10432.900390625,10432.8896484375,318105500
2014-11-19,10395.7998046875,10451.7998046875,10328.900390625,10376.7998046875,10376.7890625,335202200
2014-11-20,10351.5,10351.5,10132.2001953125,10209.2001953125,10209.189453125,372096700
2014-11-21,10225.599609375,10542.5,10209,10520.7998046875,10520.7890625,432600000
2014-11-24,10558.7001953125,10715.099609375,10528.7998046875,10642.5,10642.4892578125,361456200
2014-11-25,10621.900390625,10792.2998046875,10609.400390625,10699.599609375,10699.5888671875,448003600
2014-11-26,10723.2001953125,10736.400390625,10610.099609375,10647,10646.9892578125,230988600
2014-11-27,10660.400390625,10745.400390625,10629.099609375,10727.599609375,10727.5888671875,195149600
2014-11-28,10722.2998046875,10772.2001953125,10656.5,10770.7001953125,10770.689453125,228444400
2014-12-01,10700.599609375,10757.599609375,10648.2001953125,10672.7998046875,10672.7890625,231093300
2014-12-02,10701.099609375,10763,10653.2001953125,10749.2001953125,10749.189453125,228185900
2014-12-03,10776.099609375,10903.099609375,10754.900390625,10875.900390625,10875.8896484375,285479100
2014-12-04,10902.7001953125,10928.2998046875,10587,10619.900390625,10619.8896484375,397238400
2014-12-05,10756.400390625,10906.099609375,10718.099609375,10900.7001953125,10900.689453125,335915100
2014-12-08,10864.599609375,10919.2998046875,10805.2001953125,10805.2001953125,10805.189453125,189142400
2014-12-09,10704.2998046875,10707.2998046875,10461.2001953125,10461.599609375,10461.5888671875,367386400
2014-12-10,10536.2998046875,10593.2998046875,10347.2001953125,10396.900390625,10396.8896484375,272364900
2014-12-11,10397.400390625,10505.7998046875,10322.7001953125,10431.7998046875,10431.7890625,273894000
2014-12-12,10358.2001953125,10407.5,10127.5,10145,10144.9892578125,293905100
2014-12-15,10149.599609375,10268.2001953125,9900.2998046875,9903.900390625,9903.890625,334259400
2014-12-16,9954.2001953125,10095.099609375,9661,10081.900390625,10081.890625,563114900
2014-12-17,9990.7001953125,10100.5,9916.900390625,10049.5,10049.490234375,342107900
2014-12-18,10218,10391.2998046875,10167.2001953125,10391.2998046875,10391.2890625,417879700
2014-12-19,10483.400390625,10500.099609375,10186.7001953125,10363.599609375,10363.5888671875,497368700
2014-12-22,10387.5,10458,10294.900390625,10371,10370.9892578125,186407300
2014-12-23,10380.2001953125,10477.7001953125,10314.400390625,10477.7001953125,10477.689453125,161428200
2014-12-24,10456.099609375,10495.900390625,10437.7998046875,10481.7998046875,10481.7890625,45207600
2014-12-29,10427.7998046875,10446.2998046875,10216.2001953125,10394.2001953125,10394.189453125,220893700
2014-12-30,10365.400390625,10365.400390625,10269.400390625,10279.2001953125,10279.189453125,163930600
2014-12-31,10260.2001953125,10305.7998046875,10253.5,10279.5,10279.4892578125,83605300
2015-01-02,10386.7001953125,10440.2998046875,10232.2998046875,10350.7998046875,10350.7890625,220239700
2015-01-05,10267.2001953125,10390.7998046875,9977.7998046875,9993.2998046875,9993.2900390625,299610800
2015-01-06,10040.7001953125,10060.7998046875,9871.099609375,9871.099609375,9871.08984375,282855400
2015-01-07,9937.2998046875,10051.2001953125,9836.400390625,9891.400390625,9891.390625,290122400
2015-01-08,10053.2001953125,10143,9970.2998046875,10115,10114.990234375,320452300
2015-01-09,10080,10080,9610.099609375,9719,9718.990234375,789490200
2015-01-12,9805.5,9882.099609375,9682.099609375,9797.5,9797.490234375,454276600
2015-01-13,9762.400390625,9996.099609375,9757.2998046875,9966,9965.990234375,407220100
2015-01-14,9801.7001953125,10013.7998046875,9778.900390625,9846,9845.990234375,474511500
2015-01-15,9953.099609375,10008.900390625,9646.400390625,9982.5,9982.490234375,408080100
2015-01-16,9948.599609375,10060.2001953125,9882.099609375,10038.900390625,10038.890625,367663400
2015-01-19,10091.2998046875,10193.7998046875,10036.7001953125,10157.5,10157.4892578125,253509700
2015-01-20,10194.900390625,10332.2998046875,10186.7001953125,10283.900390625,10283.8896484375,446596900
2015-01-21,10325,10340.2998046875,10147,10335.2998046875,10335.2890625,367573500
2015-01-22,10382.2001953125,10560.900390625,10339.599609375,10510.599609375,10510.5888671875,508500200
2015-01-23,10604.900390625,10693,10532.400390625,10581.5,10581.4892578125,493574600
2015-01-26,10502.599609375,10716.900390625,10451,10696.099609375,10696.0888671875,309103700
2015-01-27,10669.5,10707.099609375,10528.099609375,10598.900390625,10598.8896484375,322879500
2015-01-28,10676.599609375,10687,10395.599609375,10456.900390625,10456.8896484375,366625000
2015-01-29,10391.2001953125,10513.099609375,10320.7998046875,10507.599609375,10507.5888671875,336720400
2015-01-30,10562.599609375,10581.599609375,10336.099609375,10403.2998046875,10403.2890625,418610700
2015-02-02,10396.599609375,10401,10136.400390625,10328.099609375,10328.0888671875,443722900
2015-02-03,10426.7998046875,10634.2001953125,10414.599609375,10598.2001953125,10598.189453125,446421200
2015-02-04,10620.900390625,10688,10497.400390625,10577.7998046875,10577.7890625,386829400
2015-02-05,10451.7001953125,10535.5,10388.900390625,10535.5,10535.4892578125,301147200
2015-02-06,10547.099609375,10606.7998046875,10497.5,10573.099609375,10573.0888671875,278007700
2015-02-09,10467.7998046875,10473.2998046875,10289.7001953125,10364.900390625,10364.8896484375,290048000
2015-02-10,10389.7998046875,10561.400390625,10338.599609375,10500.099609375,10500.0888671875,275834900
2015-02-11,10496.099609375,10516.5,10342.7998046875,10364.7998046875,10364.7890625,237217400
2015-02-12,10349.599609375,10607.099609375,10328.5,10562.2001953125,10562.189453125,328004200
2015-02-13,10618.5,10794.900390625,10606.7001953125,10739.5,10739.4892578125,427944600
2015-02-16,10717.7998046875,10793.099609375,10679.900390625,10689.5,10689.4892578125,220583500
2015-02-17,10591.599609375,10730.099609375,10526.599609375,10698,10697.9892578125,272473600
2015-02-18,10764.599609375,10852.599609375,10764.099609375,10805.2998046875,10805.2890625,298366800
2015-02-19,10781,10918.400390625,10726.2998046875,10910.400390625,10910.3896484375,350256400
2015-02-20,10889.7998046875,10916.7998046875,10759,10879.2998046875,10879.2890625,336297400
2015-02-23,11001.2998046875,11015.400390625,10935.099609375,10990.099609375,10990.0888671875,272017200
2015-02-24,11027.7001953125,11082.7001953125,10951.099609375,11064.5,11064.4892578125,297628100
2015-02-25,11027.900390625,11072.5,11011.7001953125,11049.5,11049.4892578125,255498600
2015-02-26,11023.2998046875,11145.900390625,11014.400390625,11139.5,11139.48828125,271208100
2015-02-27,11142.900390625,11184.5,11070.7998046875,11178.2998046875,11178.2880859375,412536300
2015-03-02,11190.5,11239.7998046875,11123.2998046875,11178.5,11178.48828125,312325400
2015-03-03,11197.599609375,11212.7998046875,11001.7001953125,11014.7001953125,11014.689453125,246878300
2015-03-04,11048.099609375,11079.2998046875,10921.400390625,11051.2998046875,11051.2890625,253266900
2015-03-05,11078.099609375,11154.2998046875,11039.2001953125,11124.400390625,11124.388671875,260657700
2015-03-06,11144.5,11158.900390625,11070.2001953125,11091.900390625,11091.888671875,272187500
2015-03-09,11007.900390625,11078.7998046875,10962.400390625,11054.2001953125,11054.189453125,221014700
2015-03-10,11060.5,11081.2001953125,10858.400390625,10902.2001953125,10902.189453125,299027000
2015-03-11,10950.2998046875,11048.2001953125,10908,11021.7998046875,11021.7890625,265916200
2015-03-12,11022.900390625,11068,10993.099609375,11011.7998046875,11011.7890625,439287600
2015-03-13,11072.900390625,11077.7001953125,10993.5,11033.7998046875,11033.7890625,253107600
2015-03-16,11082.400390625,11146.7001953125,11077.400390625,11114.7001953125,11114.6884765625,292847600
2015-03-17,11117.5,11129,10953.7001953125,11028.099609375,11028.0888671875,260645800
2015-03-18,11057.400390625,11076,10957.7001953125,11050,11049.9892578125,295712600
2015-03-19,11062.900390625,11146.5,11040.2001953125,11091,11090.98828125,259184200
2015-03-20,11109.7998046875,11458.2998046875,11090.2001953125,11419.599609375,11419.587890625,618645900
2015-03-23,11394,11465.400390625,11364.2998046875,11452.7998046875,11452.7880859375,328734600
2015-03-24,11428.5,11618.2998046875,11409.900390625,11579.2998046875,11579.2880859375,331905900
2015-03-25,11560.7001953125,11591.7001953125,11449.2998046875,11464.7001953125,11464.6884765625,252131500
2015-03-26,11400.400390625,11453.7998046875,11294.7001953125,11453.7998046875,11453.7880859375,308558600
2015-03-27,11469.7001953125,11524.2001953125,11403.900390625,11427.400390625,11427.388671875,310086500
2015-03-30,11459.7998046875,11543.2001953125,11432.2998046875,11529.099609375,11529.087890625,304316200
2015-03-31,11510.7998046875,11596.099609375,11444.599609375,11521.099609375,11521.087890625,336270600
2015-04-01,11482,11662.7998046875,11454.2998046875,11569.7998046875,11569.7880859375,305804100
2015-04-02,11583.599609375,11649.900390625,11559.2001953125,11634,11633.98828125,205806700
2015-04-07,11715.599609375,11771.7998046875,11669.2998046875,11730.5,11730.48828125,366059600
2015-04-08,11738.400390625,11771.400390625,11615.7998046875,11655.5,11655.48828125,301549800
2015-04-09,11688.400390625,11747.2998046875,11655.2001953125,11734.599609375,11734.587890625,299820800
2015-04-10,11755.2998046875,11778,11679.2001953125,11749.2998046875,11749.2880859375,336786900
2015-04-13,11761.7001953125,11884.599609375,11760.7998046875,11866.400390625,11866.388671875,229311700
2015-04-14,11798.5,11862.599609375,11645.599609375,11704.7001953125,11704.6884765625,377819300
2015-04-15,11742.400390625,11815.599609375,11710.400390625,11778.400390625,11778.388671875,292619200
2015-04-16,11772.2998046875,11772.2998046875,11580.2998046875,11611.7001953125,11611.6884765625,287015300
2015-04-17,11565.5,11598,11299.900390625,11359.400390625,11359.388671875,465820400
2015-04-20,11400.2001953125,11418.7998046875,11306.400390625,11384.599609375,11384.587890625,209411300
2015-04-21,11439,11504,11368.2001953125,11422.2998046875,11422.2880859375,337592400
2015-04-22,11452.2001953125,11480.400390625,11276.2998046875,11399.2001953125,11399.1884765625,306266200
2015-04-23,11417.5,11461.099609375,11291.2998046875,11425.7998046875,11425.7880859375,244085900
2015-04-24,11469.599609375,11605.5,11434.599609375,11505.400390625,11505.388671875,340437300
2015-04-27,11532,11679.7998046875,11365.5,11640.2001953125,11640.1884765625,310809300
2015-04-28,11656,11684.599609375,11543,11607.7001953125,11607.6884765625,280716900
2015-04-29,11619,11651.900390625,11371.5,11378.900390625,11378.888671875,310361400
2015-04-30,11351.099609375,11469.2001953125,11258,11385,11384.98828125,386580900
2015-05-04,11377.099609375,11501.7998046875,11280.5,11429.099609375,11429.087890625,224660600
2015-05-05,11416.400390625,11503.900390625,11102.900390625,11115.599609375,11115.587890625,319652500
2015-05-06,11100.400390625,11232.7998046875,11048.2998046875,11163.599609375,11163.587890625,275553700
2015-05-07,11125.099609375,11214.7998046875,10928.2001953125,11180.2998046875,11180.2880859375,322768200
2015-05-08,11260.7998046875,11424.7001953125,11212.900390625,11424.7001953125,11424.6884765625,309356600
2015-05-11,11433.7001953125,11481.599609375,11377.7001953125,11445.7998046875,11445.7880859375,198981300
2015-05-12,11332,11354,11221.5,11322.599609375,11322.587890625,292895200
2015-05-13,11366,11430.900390625,11282.400390625,11324.599609375,11324.587890625,249275600
2015-05-14,11304.599609375,11428.2998046875,11203.900390625,11398.7001953125,11398.6884765625,211842200
2015-05-15,11438.7998046875,11438.7998046875,11265.900390625,11317.2998046875,11317.2880859375,230823100
2015-05-18,11336.7998046875,11368,11203.099609375,11345,11344.98828125,234028800
2015-05-19,11406.099609375,11537.7998046875,11404,11497.7001953125,11497.6884765625,282087100
2015-05-20,11505.099609375,11588.7001953125,11460.599609375,11574.099609375,11574.087890625,192408700
2015-05-21,11517.900390625,11595.400390625,11515.7001953125,11595.400390625,11595.388671875,185431700
2015-05-22,11594.7001953125,11609.900390625,11533.7001953125,11554.2001953125,11554.1884765625,168214900
2015-05-25,11421.2001953125,11455.2998046875,11262.099609375,11322.2998046875,11322.2880859375,156476200
2015-05-26,11297.099609375,11344.7001953125,11169.400390625,11240.2998046875,11240.2880859375,315131700
2015-05-27,11281.7001953125,11467.7998046875,11247.2001953125,11431.099609375,11431.087890625,241034200
2015-05-28,11387.900390625,11450.7001953125,11291.900390625,11382.7998046875,11382.7880859375,191886700
2015-05-29,11375.599609375,11402.7001953125,11192.099609375,11217.599609375,11217.587890625,327769600
2015-06-01,11264.7998046875,11343.2001953125,11180.5,11238.099609375,11238.087890625,194253900
2015-06-02,11314.5,11369.099609375,11151.2998046875,11271.400390625,11271.388671875,232391400
2015-06-03,11302.900390625,11361.7998046875,11201.099609375,11267.599609375,11267.587890625,227416500
2015-06-04,11201.2001953125,11292.7001953125,11070,11146.099609375,11146.087890625,239541800
2015-06-05,11061.5,11127.900390625,10984.099609375,11062,11061.9892578125,227463000
2015-06-08,11022.7998046875,11056.099609375,10917.2998046875,10917.2998046875,10917.2890625,205932600
2015-06-09,10895,10945,10750,10938.099609375,10938.0888671875,295299200
2015-06-10,10879.900390625,11138.400390625,10854.400390625,11097.5,11097.48828125,241562600
2015-06-11,11097.599609375,11231.2998046875,11085.099609375,11156.7001953125,11156.6884765625,243780700
2015-06-12,11124.5,11159.2998046875,10932.599609375,11030.5,11030.4892578125,215491700
2015-06-15,10893.599609375,10939.900390625,10775.599609375,10842.099609375,10842.0888671875,223282600
2015-06-16,10766,10895.5,10659.7001953125,10871.400390625,10871.3896484375,241068500
2015-06-17,10900,10933.900390625,10779.5,10813.400390625,10813.3896484375,189361600
2015-06-18,10788.5,10888.400390625,10654.2998046875,10871.900390625,10871.8896484375,309136800
2015-06-19,10890.7001953125,11029.099609375,10880.7998046875,10944.2998046875,10944.2890625,354736100
2015-06-22,11184.5,11394.2001953125,11168.900390625,11368.2001953125,11368.1884765625,353604700
2015-06-23,11461.5,11497.099609375,11384.5,11402.5,11402.48828125,271933300
2015-06-24,11419,11420.099609375,11220.400390625,11321.900390625,11321.888671875,272689800
2015-06-25,11245,11441.2998046875,11213.099609375,11308.400390625,11308.388671875,294850600
2015-06-26,11238.7001953125,11434.7998046875,11199.900390625,11372.2998046875,11372.2880859375,217127700
2015-06-29,11148.400390625,11202.599609375,10816.400390625,10853.900390625,10853.8896484375,463510800
2015-06-30,10811.599609375,10954.5,10723.2001953125,10769.5,10769.4892578125,369234200
2015-07-01,10857.7001953125,11036.900390625,10784.2998046875,10911.5,10911.4892578125,310649600
2015-07-02,10932,10960.7001953125,10835.5,10846.400390625,10846.3896484375,209127500
2015-07-03,10835.7001953125,10860.7001953125,10730,10779.7998046875,10779.7890625,197292400
2015-07-06,10571.7998046875,10653.7001953125,10496,10540.099609375,10540.0888671875,353557100
2015-07-07,10554.900390625,10588.5,10332.099609375,10346,10345.9892578125,325139700
2015-07-08,10364.7001953125,10478.7001953125,10324.2998046875,10430.2998046875,10430.2890625,320299300
2015-07-09,10479.400390625,10761.099609375,10463.599609375,10706.400390625,10706.3896484375,306819800
2015-07-10,10958.2001953125,11069.7998046875,10896.900390625,11036.099609375,11036.0888671875,358655000
2015-07-13,11178.2001953125,11253.5,11121.7998046875,11224.2001953125,11224.1884765625,306039600
2015-07-14,11220.099609375,11258.2998046875,11140.7998046875,11258.2998046875,11258.2880859375,302647200
2015-07-15,11262,11360.400390625,11234.2998046875,11335.7001953125,11335.6884765625,208079200
2015-07-16,11405.2001953125,11536.2998046875,11398.599609375,11510.599609375,11510.587890625,282712200
2015-07-17,11551,11551,11472.599609375,11480.7001953125,11480.6884765625,229032100
2015-07-20,11506.900390625,11612.599609375,11499.400390625,11556.099609375,11556.087890625,178798500
2015-07-21,11571.900390625,11579.7001953125,11432.099609375,11458.599609375,11458.587890625,222068300
2015-07-22,11389.2001953125,11525.400390625,11365.5,11484.2998046875,11484.2880859375,261183800
2015-07-23,11552,11553.599609375,11429.400390625,11441.900390625,11441.888671875,229334700
2015-07-24,11415.400390625,11460.2998046875,11300.900390625,11309.2998046875,11309.2880859375,339313800
2015-07-27,11252.7001953125,11264.2001953125,11136.7001953125,11145.400390625,11145.388671875,334763800
2015-07-28,11179.5,11294,11168.099609375,11252.400390625,11252.388671875,224447300
2015-07-29,11310,11325.599609375,11185.7998046875,11282.900390625,11282.888671875,218993700
2015-07-30,11347.7001953125,11362.400390625,11117.599609375,11168.599609375,11168.587890625,292611300
2015-07-31,11198.400390625,11200.900390625,11039.5,11180.7001953125,11180.6884765625,278118300
2015-08-03,11180.599609375,11288.5,11141.2001953125,11265.900390625,11265.888671875,278421700
2015-08-04,11240.2998046875,11244.7998046875,11098.5,11150.5,11150.48828125,409879000
2015-08-05,11195,11302.900390625,11184.7001953125,11279.5,11279.48828125,255667300
2015-08-06,11263.599609375,11327,11239.400390625,11253.599609375,11253.587890625,209266300
2015-08-07,11244.900390625,11264,11176.7998046875,11178.2001953125,11178.1884765625,202368800
2015-08-10,11239.5,11330,11129.2998046875,11311.7001953125,11311.6884765625,174264900
2015-08-11,11278.5,11319.099609375,11137.7998046875,11152.2998046875,11152.2880859375,231916800
2015-08-12,11054.400390625,11054.400390625,10840.2998046875,10880.099609375,10880.0888671875,308273600
2015-08-13,11030.7998046875,11057.099609375,10938.5,10947.900390625,10947.8896484375,213797500
2015-08-14,10952.400390625,11034.2998046875,10851.599609375,10879.2998046875,10879.2890625,221082000
2015-08-17,10983.099609375,11023.2998046875,10774.400390625,10900.2998046875,10900.2890625,202495900
2015-08-18,10878,10952.2001953125,10846.099609375,10897.900390625,10897.8896484375,167048400
2015-08-19,10843.7001953125,10905.2998046875,10776.7998046875,10782.400390625,10782.3896484375,229362100
2015-08-20,10748.2001953125,10797.5,10564.7998046875,10587,10586.9892578125,292081300
2015-08-21,10434.400390625,10576.2001953125,10270.2001953125,10271.7001953125,10271.689453125,336668200
2015-08-24,9973.7001953125,10078,9502.400390625,9756.599609375,9756.58984375,637103700
2015-08-25,9880.400390625,10168.099609375,9819.900390625,10115.400390625,10115.390625,448305600
2015-08-26,10005.7998046875,10132.900390625,9875.400390625,9984.5,9984.490234375,345702900
2015-08-27,10229.599609375,10357.2998046875,10176.2001953125,10290.2001953125,10290.189453125,332907900
2015-08-28,10322.7001953125,10352.900390625,10235.7001953125,10352.900390625,10352.8896484375,202082600
2015-08-31,10297.2001953125,10319.099609375,10190.400390625,10259,10258.9892578125,184683800
2015-09-01,10136.099609375,10148.5,9921.099609375,9992.7998046875,9992.7900390625,286174100
2015-09-02,10009.7001953125,10071.099609375,9855.7998046875,9938.2998046875,9938.2900390625,278087000
2015-09-03,10023.7998046875,10118.7001953125,9945.900390625,10042.400390625,10042.390625,311827100
2015-09-04,9947,9950.7998046875,9737.900390625,9821.7998046875,9821.7900390625,325761700
2015-09-07,9893.5,9931.7998046875,9796.599609375,9805.400390625,9805.390625,170275700
2015-09-08,9860.2998046875,9987.7001953125,9857.599609375,9866.2001953125,9866.1904296875,222434100
2015-09-09,10078.7998046875,10193,10031.099609375,10037.7998046875,10037.7900390625,263822000
2015-09-10,9929.2001953125,9989.7001953125,9840,9859,9858.990234375,260439000
2015-09-11,9877,9886,9722.7001953125,9737.900390625,9737.890625,261365400
2015-09-14,9764.7998046875,9836.900390625,9685.599609375,9696.400390625,9696.390625,213979200
2015-09-15,9708.2998046875,9834.7998046875,9620.7001953125,9782.5,9782.490234375,275760300
2015-09-16,9869.5,9983,9843,9976.7998046875,9976.7900390625,286866000
2015-09-17,10015,10141.7998046875,9988.900390625,10106.599609375,10106.58984375,344891500
2015-09-18,10048.599609375,10050.2998046875,9801.7001953125,9847.2001953125,9847.1904296875,557110300
2015-09-21,9826.099609375,9952,9820.2998046875,9856.7998046875,9856.7900390625,220604700
2015-09-22,9856.099609375,9857.7998046875,9528.2001953125,9550.2001953125,9550.1904296875,335148000
2015-09-23,9529,9659.099609375,9463.900390625,9474.599609375,9474.58984375,386536600
2015-09-24,9492.099609375,9540.2001953125,9231.2998046875,9291.400390625,9291.390625,405846400
2015-09-25,9444.2001953125,9575.2998046875,9430.2001953125,9519.5,9519.490234375,317510500
2015-09-28,9500.900390625,9598.599609375,9357.400390625,9394.2001953125,9394.1904296875,284114700
2015-09-29,9280.400390625,9514.400390625,9264.400390625,9393.900390625,9393.890625,303210600
2015-09-30,9580.599609375,9606.2998046875,9491.099609375,9559.900390625,9559.890625,277069000
2015-10-01,9668.900390625,9718,9543.7998046875,9567.2998046875,9567.2900390625,273444200
2015-10-02,9650.400390625,9688.099609375,9428.7998046875,9603.599609375,9603.58984375,280401400
2015-10-05,9777.2998046875,9980.900390625,9731.5,9971.2998046875,9971.2900390625,332672200
2015-10-06,9996.5,10138.2001953125,9909.5,10103.2998046875,10103.2900390625,281156000
2015-10-07,10176.099609375,10289.7998046875,10119.900390625,10170,10169.9892578125,369632100
2015-10-08,10137.7998046875,10190.2998046875,10063.2001953125,10181.2001953125,10181.189453125,300043500
2015-10-09,10279.099609375,10354.099609375,10224.900390625,10309.599609375,10309.5888671875,365518500
2015-10-12,10318.7998046875,10379,10208.5,10246.400390625,10246.3896484375,222784500
2015-10-13,10227.400390625,10229.2998046875,10049.7998046875,10115.2998046875,10115.2900390625,259780200
2015-10-14,10065.400390625,10129,9992.400390625,10037.599609375,10037.58984375,253688800
2015-10-15,10132.099609375,10132.7001953125,10055.099609375,10101.7001953125,10101.6904296875,239299900
2015-10-16,10174.900390625,10244,10153.099609375,10231.5,10231.4892578125,246079200
2015-10-19,10221.5,10310.400390625,10164.7001953125,10207.2998046875,10207.2890625,186379800
2015-10-20,10196.7998046875,10217,10055.099609375,10100.599609375,10100.58984375,218586200
2015-10-21,10126.099609375,10188.2998046875,10004,10157.5,10157.4892578125,208277800
2015-10-22,10130.099609375,10402.5,10109.5,10365.400390625,10365.3896484375,272762700
2015-10-23,10449.7001953125,10591.900390625,10418.2001953125,10476.2998046875,10476.2890625,344634400
2015-10-26,10473.900390625,10517.599609375,10408.599609375,10478.2998046875,10478.2890625,248738200
2015-10-27,10458.2001953125,10458.2001953125,10300.7001953125,10322.400390625,10322.3896484375,243678900
2015-10-28,10321,10440.099609375,10296.7998046875,10421.900390625,10421.8896484375,218571200
2015-10-29,10451.7998046875,10455.2001953125,10298.099609375,10397.2001953125,10397.189453125,254878400
2015-10-30,10394.2001953125,10405.7001953125,10258.7001953125,10360.7001953125,10360.689453125,294535100
2015-11-02,10279.2998046875,10463.5,10259.099609375,10418.2001953125,10418.189453125,265782300
2015-11-03,10398.599609375,10465.2001953125,10375.400390625,10465.2001953125,10465.189453125,284752700
2015-11-04,10524.7998046875,10631.599609375,10454,10473.5,10473.4892578125,308326500
2015-11-05,10483.900390625,10552.7001953125,10385,10431.2001953125,10431.189453125,252121000
2015-11-06,10425.7998046875,10500.2998046875,10318.5,10453.2001953125,10453.189453125,300129500
2015-11-09,10451.599609375,10476.900390625,10322.900390625,10325.2001953125,10325.189453125,260461100
2015-11-10,10364,10376.2998046875,10244.2998046875,10336.7998046875,10336.7890625,213290500
2015-11-11,10345.099609375,10463.099609375,10344.2001953125,10377.2001953125,10377.189453125,205122100
2015-11-12,10350.599609375,10369,10113.400390625,10144,10143.9892578125,276463500
2015-11-13,10118.2998046875,10201.2001953125,10012.2998046875,10111.400390625,10111.390625,229553700
2015-11-16,10012.400390625,10158.099609375,10005.2001953125,10124.5,10124.4892578125,172141400
2015-11-17,10214.599609375,10376,10199.599609375,10363.7998046875,10363.7890625,246057800
2015-11-18,10284,10307.400390625,10226.5,10261.099609375,10261.0888671875,257182700
2015-11-19,10340.5,10408.400390625,10325.7001953125,10354.7001953125,10354.689453125,272118200
2015-11-20,10373.2001953125,10385,10247.599609375,10290.2998046875,10290.2890625,231927700
2015-11-23,10262.2998046875,10307.7001953125,10206.7998046875,10277.400390625,10277.3896484375,184507500
2015-11-24,10231.2998046875,10231.2998046875,10045.599609375,10207.2001953125,10207.189453125,219025200
2015-11-25,10184.2001953125,10247.099609375,10083.099609375,10227.2998046875,10227.2890625,418774800
2015-11-26,10217.2998046875,10352.900390625,10174.7998046875,10332.2998046875,10332.2890625,268316400
2015-11-27,10285.7998046875,10390.7001953125,10264.5,10310.7001953125,10310.689453125,200143600
2015-11-30,10299,10430.2998046875,10275.900390625,10386.900390625,10386.8896484375,258600500
2015-12-01,10409.900390625,10469.2001953125,10344.900390625,10379.2001953125,10379.189453125,208114000
2015-12-02,10411.900390625,10447,10323.5,10342,10341.9892578125,233402800
2015-12-03,10353.400390625,10476.599609375,10083.2998046875,10092.900390625,10092.890625,355470500
2015-12-04,10046.099609375,10131.5,9931.099609375,10078.7001953125,10078.6904296875,289629100
2015-12-07,10139,10158.2001953125,10021.900390625,10042.400390625,10042.390625,219572700
2015-12-08,10029,10031.2001953125,9790.400390625,9837.099609375,9837.08984375,221179300
2015-12-09,9865.2998046875,9932.099609375,9713.2001953125,9835.5,9835.490234375,250831100
2015-12-10,9779.400390625,9872.5,9719.400390625,9778.7001953125,9778.6904296875,258205300
2015-12-11,9772.900390625,9791.599609375,9606.7998046875,9630.7001953125,9630.6904296875,263237400
2015-12-14,9658,9732.099609375,9428.5,9428.5,9428.490234375,273724800
2015-12-15,9496.2998046875,9747.5,9492.5,9711.599609375,9711.58984375,302446400
2015-12-16,9762.5,9817.400390625,9635.7001953125,9711,9710.990234375,342148400
2015-12-17,9909.099609375,10000.400390625,9850.900390625,9878.5,9878.490234375,324197600
2015-12-18,9794.099609375,9874.2001953125,9644.900390625,9717.099609375,9717.08984375,408984200
2015-12-21,9520.5,9558.2001953125,9365.7998046875,9365.7998046875,9365.7900390625,356508800
2015-12-22,9451.7998046875,9456.2998046875,9351.7998046875,9415.599609375,9415.58984375,220106900
2015-12-23,9505.599609375,9661.900390625,9503.900390625,9641,9640.990234375,236264000
2015-12-24,9663,9706.2001953125,9653.099609375,9682.900390625,9682.890625,70619000
2015-12-28,9675.599609375,9724.900390625,9533,9552.5,9552.490234375,137892200
2015-12-29,9611.7001953125,9677.7001953125,9606.400390625,9670.400390625,9670.390625,147769300
2015-12-30,9650,9696.400390625,9607.900390625,9641.900390625,9641.890625,141292900
2015-12-31,9604.2001953125,9615.599609375,9538.7998046875,9544.2001953125,9544.1904296875,79920900
2016-01-04,9429.7998046875,9440.900390625,9263.7001953125,9313.2001953125,9313.1904296875,279173100
2016-01-05,9431.5,9446.2001953125,9260.2001953125,9335.2001953125,9335.1904296875,208637600
2016-01-06,9330.2998046875,9330.2998046875,9122.599609375,9197.400390625,9197.390625,288658500
2016-01-07,8973.7998046875,9103,8889.7001953125,9059.2998046875,9059.291015625,395763700
2016-01-08,9093.2998046875,9138,8909.2001953125,8909.2001953125,8909.19140625,310720000
2016-01-11,8849.900390625,9022,8835.099609375,8886.099609375,8886.0908203125,301412900
2016-01-12,8867.900390625,9041.5,8818.900390625,8915.400390625,8915.3916015625,297575500
2016-01-13,8998.5,9074,8877.900390625,8934.5,8934.4912109375,300798700
2016-01-14,8852.5,8854.5,8662.2001953125,8787.7001953125,8787.69140625,329170700
2016-01-15,8769.400390625,8796.400390625,8491.900390625,8543.599609375,8543.5908203125,458709500
2016-01-18,8525.5,8627.099609375,8427.2998046875,8469.2998046875,8469.291015625,281055300
2016-01-19,8624.2998046875,8656.900390625,8527.5,8554.900390625,8554.8916015625,298446300
2016-01-20,8390.2001953125,8398.400390625,8206,8281.400390625,8281.3916015625,371165600
2016-01-21,8311.7998046875,8502.5,8277.099609375,8444.2001953125,8444.19140625,358233200
2016-01-22,8638,8795.7001953125,8565.7001953125,8722.900390625,8722.8916015625,374439300
2016-01-25,8763.2001953125,8763.2001953125,8525.900390625,8567.7001953125,8567.69140625,263311000
2016-01-26,8426.099609375,8698,8402.2998046875,8692.5,8692.4912109375,422229300
2016-01-27,8676.099609375,8741,8608.900390625,8741,8740.9912109375,225518600
2016-01-28,8697.7998046875,8811.400390625,8516.7998046875,8590.599609375,8590.5908203125,354355700
2016-01-29,8728.2001953125,8815.7998046875,8671.599609375,8815.7998046875,8815.791015625,402067900
2016-02-01,8849.2998046875,8896.5,8718.400390625,8788.5,8788.4912109375,320614100
2016-02-02,8768,8772.5,8478.5,8528.7001953125,8528.69140625,385374100
2016-02-03,8510.2998046875,8519.7001953125,8180.39990234375,8314.5,8314.4912109375,432076300
2016-02-04,8437.099609375,8521.7001953125,8287,8468.099609375,8468.0908203125,375804500
2016-02-05,8477.099609375,8615,8411.2998046875,8499.5,8499.4912109375,412587000
2016-02-08,8537.900390625,8540.900390625,8083.39990234375,8122.10009765625,8122.091796875,352121500
2016-02-09,8129,8212.599609375,7862,7927.60009765625,7927.59228515625,484316800
2016-02-10,8013.7998046875,8249.7998046875,7920.89990234375,8143.7001953125,8143.69189453125,386483800
2016-02-11,8047.2998046875,8047.2998046875,7746.2998046875,7746.2998046875,7746.2919921875,461010900
2016-02-12,7849.89990234375,7920.7998046875,7771.2001953125,7920.7998046875,7920.7919921875,385245700
2016-02-15,8133,8217.5,8081.39990234375,8179.2001953125,8179.19189453125,304548800
2016-02-16,8262.7998046875,8262.7998046875,8092,8137.60009765625,8137.591796875,303507100
2016-02-17,8166.2001953125,8366.900390625,8140.89990234375,8364.900390625,8364.8916015625,324399200
2016-02-18,8420.2998046875,8479.599609375,8255.400390625,8295.400390625,8295.3916015625,312111600
2016-02-19,8284.900390625,8335.2001953125,8105,8194.2001953125,8194.19140625,312662200
2016-02-22,8290.2998046875,8399.2998046875,8281.7001953125,8387,8386.9912109375,246102900
2016-02-23,8345.400390625,8447.7998046875,8259,8267.599609375,8267.5908203125,270113900
2016-02-24,8255,8269.099609375,7968.10009765625,8013.7001953125,8013.69189453125,307973300
2016-02-25,8128.10009765625,8260.2001953125,8103.5,8215.599609375,8215.5908203125,258736000
2016-02-26,8313.2998046875,8397.7998046875,8265.2001953125,8349.2001953125,8349.19140625,321918200
2016-02-29,8291.900390625,8463.400390625,8222.599609375,8461.400390625,8461.3916015625,295553300
2016-03-01,8454.599609375,8611.599609375,8423.599609375,8611,8610.9912109375,322245900
2016-03-02,8662.2998046875,8778.5,8641.2001953125,8764.5,8764.4912109375,353541200
2016-03-03,8787.900390625,8812,8692.900390625,8767,8766.9912109375,273569500
2016-03-04,8812.599609375,8877.900390625,8734.599609375,8811.599609375,8811.5908203125,322349700
2016-03-07,8785.7001953125,8834.7001953125,8672.7998046875,8786.7998046875,8786.791015625,272400400
2016-03-08,8736.2998046875,8848.7998046875,8663.2001953125,8740.2998046875,8740.291015625,310223700
2016-03-09,8765.5,8889.599609375,8741,8761.099609375,8761.0908203125,315888800
2016-03-10,8782,9105.7998046875,8730.599609375,8766.900390625,8766.8916015625,533686300
2016-03-11,8930.2998046875,9101.2998046875,8913.599609375,9090.599609375,9090.5908203125,476002100
2016-03-14,9156.099609375,9217.2998046875,9120.099609375,9142.7001953125,9142.69140625,362896100
2016-03-15,9099.5,9122.2001953125,8961.599609375,8988.2998046875,8988.291015625,376244300
2016-03-16,9018.400390625,9062,8898.599609375,8962.7998046875,8962.791015625,253937700
2016-03-17,9064.900390625,9071.2001953125,8782.7998046875,8978.7998046875,8978.791015625,385793800
2016-03-18,8995.2998046875,9074.5,8904.7001953125,9051.099609375,9051.0908203125,395747100
2016-03-21,9006.099609375,9138.900390625,8966.5,9021,9020.9912109375,182192400
2016-03-22,8969.2998046875,8992,8840.400390625,8992,8991.9912109375,216829500
2016-03-23,9017.2001953125,9046,8880.2001953125,8927.099609375,8927.0908203125,186646500
2016-03-24,8862.5,8890.7998046875,8781.7001953125,8789.7998046875,8789.791015625,209356300
2016-03-29,8843.2001953125,8906.5,8751.5,8808.2998046875,8808.291015625,235004200
2016-03-30,8874.400390625,8960.7001953125,8856.099609375,8870.2001953125,8870.19140625,223834700
2016-03-31,8825.5,8827.900390625,8698.2998046875,8723.099609375,8723.0908203125,318399000
2016-04-01,8624.599609375,8677.2001953125,8531.7998046875,8602.2998046875,8602.291015625,325370400
2016-04-04,8589.2998046875,8712.900390625,8552.2001953125,8597.5,8597.4912109375,212417400
2016-04-05,8483.7998046875,8491.5,8377.7001953125,8387.7001953125,8387.69140625,272827800
2016-04-06,8398.7998046875,8468.900390625,8340.2001953125,8398.599609375,8398.5908203125,287750100
2016-04-07,8418.2001953125,8431.400390625,8256.099609375,8292.900390625,8292.8916015625,311341800
2016-04-08,8309.900390625,8462.7998046875,8309.900390625,8427.599609375,8427.5908203125,297771900
2016-04-11,8413.400390625,8563.400390625,8344.400390625,8497.599609375,8497.5908203125,270182600
2016-04-12,8519.7998046875,8587.900390625,8425.599609375,8546.2998046875,8546.291015625,326591700
2016-04-13,8660.099609375,8820.7001953125,8596.099609375,8820.7001953125,8820.69140625,415148700
2016-04-14,8854,8870.900390625,8743.5,8861.5,8861.4912109375,343392500
2016-04-15,8855.400390625,8886.599609375,8809.2998046875,8850.900390625,8850.8916015625,275854000
2016-04-18,8703.400390625,8891.5,8674.099609375,8881.599609375,8881.5908203125,243875900
2016-04-19,8914.5,9004.2001953125,8890.2001953125,8971.2998046875,8971.291015625,293009300
2016-04-20,8948.400390625,9161.900390625,8940,9147.2001953125,9147.19140625,305434000
2016-04-21,9178.5,9218.7001953125,9120.599609375,9197.2001953125,9197.1904296875,324423800
2016-04-22,9183.900390625,9244.400390625,9161.599609375,9232.7998046875,9232.7900390625,299600000
2016-04-25,9225.400390625,9257.5,9123.7001953125,9140,9139.9912109375,232568900
2016-04-26,9171.900390625,9299.5,9162.7001953125,9283,9282.990234375,295440900
2016-04-27,9306.7001953125,9360.2001953125,9277,9332.599609375,9332.58984375,306651800
2016-04-28,9227.599609375,9269,9085.5,9269,9268.990234375,353270500
2016-04-29,9161.400390625,9195.900390625,9025.7001953125,9025.7001953125,9025.69140625,333507900
2016-05-02,9066.900390625,9092.599609375,8980.7998046875,9022.099609375,9022.0908203125,144920400
2016-05-03,9009.400390625,9015.099609375,8753.7001953125,8764.900390625,8764.8916015625,297607600
2016-05-04,8767.7998046875,8802.2998046875,8648.599609375,8654.2998046875,8654.291015625,279480200
2016-05-05,8698.2001953125,8792.5,8660.900390625,8689.400390625,8689.3916015625,237813300
2016-05-06,8659.5,8768.2998046875,8563.900390625,8702.099609375,8702.0908203125,266577400
2016-05-09,8776.099609375,8839.7001953125,8643.599609375,8660.7998046875,8660.791015625,249799400
2016-05-10,8749.400390625,8831.099609375,8711.7998046875,8775.2001953125,8775.19140625,225696500
2016-05-11,8773,8793.7001953125,8614.099609375,8663.900390625,8663.8916015625,217295500
2016-05-12,8629.400390625,8787,8582.2001953125,8663.099609375,8663.0908203125,247425000
2016-05-13,8622.7001953125,8752.599609375,8596.2998046875,8721.5,8721.4912109375,211088900
2016-05-16,8626.400390625,8701.599609375,8579.7998046875,8682.099609375,8682.0908203125,120694400
2016-05-17,8743.7001953125,8829.5,8645.7998046875,8698.7001953125,8698.69140625,221831300
2016-05-18,8647.2998046875,8797.2001953125,8632.7998046875,8775.099609375,8775.0908203125,201504000
2016-05-19,8745.5,8785.2001953125,8669.599609375,8674.7001953125,8674.69140625,245147900
2016-05-20,8737.5,8793.7998046875,8713.7998046875,8771.2001953125,8771.19140625,172275200
2016-05-23,8776.2001953125,8809.900390625,8677.2998046875,8714,8713.9912109375,181046800
2016-05-24,8687.2998046875,8938.7998046875,8670.900390625,8918.099609375,8918.0908203125,208850000
2016-05-25,8988.5,9149.2998046875,8982.099609375,9125,9124.9912109375,307936100
2016-05-26,9074.400390625,9101.7998046875,9020.400390625,9079.2001953125,9079.19140625,383453400
2016-05-27,9045.400390625,9126.2998046875,9026.599609375,9107.2998046875,9107.291015625,262448800
2016-05-30,9110.900390625,9134,9066.5,9116.900390625,9116.8916015625,119753200
2016-05-31,9130.5,9155.5,9013.2001953125,9034,9033.9912109375,309221200
2016-06-01,9028.2998046875,9033.400390625,8880.900390625,8916.900390625,8916.8916015625,264047200
2016-06-02,8918.599609375,9056.599609375,8907.5,8957.900390625,8957.8916015625,316094100
2016-06-03,9004.2998046875,9038.400390625,8756.7998046875,8801.599609375,8801.5908203125,272779100
2016-06-06,8810.099609375,8870.900390625,8785.599609375,8823.5,8823.4912109375,180467900
2016-06-07,8873,8945.900390625,8865.7998046875,8894.5,8894.4912109375,208139400
2016-06-08,8857.900390625,8866.900390625,8798.2001953125,8831.400390625,8831.3916015625,252005700
2016-06-09,8806.7998046875,8832.7001953125,8751.2998046875,8769.5,8769.4912109375,316748600
2016-06-10,8732.2001953125,8732.599609375,8486.7998046875,8490.5,8490.4912109375,388954600
2016-06-13,8388.2001953125,8424.900390625,8291.5,8303.7998046875,8303.791015625,290427500
2016-06-14,8238.599609375,8270.400390625,8124.7998046875,8126.7001953125,8126.69189453125,342432200
2016-06-15,8216.7998046875,8315.7998046875,8193.2998046875,8250.7998046875,8250.791015625,322391100
2016-06-16,8150.7001953125,8220.599609375,8107,8199.900390625,8199.8916015625,331333900
2016-06-17,8290.2001953125,8425.2001953125,8278.2998046875,8362,8361.9912109375,472788200
2016-06-20,8592.7001953125,8652.099609375,8578.599609375,8647.099609375,8647.0908203125,281896800
2016-06-21,8636.900390625,8697.900390625,8607.7001953125,8667.2998046875,8667.291015625,272659900
2016-06-22,8711.900390625,8774.2998046875,8605.7001953125,8702,8701.9912109375,247584300
2016-06-23,8758.900390625,8912,8684.7998046875,8885.2998046875,8885.291015625,319105900
2016-06-24,8263.599609375,8328.400390625,7743.39990234375,7787.7001953125,7787.7001953125,108447500
2016-06-27,8001.5,8053.2001953125,7579.7998046875,7645.5,7645.5,768018900
2016-06-28,7836.7998046875,7916.89990234375,7793.7001953125,7835,7835,467336500
2016-06-29,7947,8105.2998046875,7935.10009765625,8105.2998046875,8105.2998046875,407524600
2016-06-30,8081.7001953125,8186.7998046875,7993.89990234375,8163.2998046875,8163.2998046875,456692600
2016-07-01,8240.099609375,8304.400390625,8134.10009765625,8268.900390625,8268.900390625,304249300
2016-07-04,8302.900390625,8328.099609375,8229.400390625,8255.900390625,8255.900390625,216883900
2016-07-05,8176.2001953125,8196,8050.39990234375,8067.60009765625,8067.60009765625,321763000
2016-07-06,8005.7001953125,8040.10009765625,7857.7998046875,7926.2001953125,7926.2001953125,376839600
2016-07-07,7996.39990234375,8064.39990234375,7966.2998046875,8008.2001953125,8008.2001953125,269739200
2016-07-08,7985.60009765625,8242.7998046875,7961.2001953125,8185.89990234375,8185.89990234375,327413800
2016-07-11,8265.7998046875,8319.7001953125,8168.7001953125,8305.099609375,8305.099609375,245091400
2016-07-12,8313.7998046875,8528.2998046875,8292.599609375,8506,8506,376504700
2016-07-13,8471.900390625,8580.2998046875,8426.400390625,8473.900390625,8473.900390625,384221700
2016-07-14,8563.7001953125,8593.7998046875,8454.2001953125,8552.2998046875,8552.2998046875,271812400
2016-07-15,8527.2998046875,8582.2998046875,8446.2001953125,8531,8531,264729100
2016-07-18,8552.900390625,8609.099609375,8446.2998046875,8524.400390625,8524.400390625,208110000
2016-07-19,8490.7001953125,8559,8439.2998046875,8485.2001953125,8485.2001953125,221863600
2016-07-20,8556,8576.599609375,8470.2998046875,8575.5,8575.5,228569300
2016-07-21,8589.2998046875,8620.900390625,8501,8583.599609375,8583.599609375,274297800
2016-07-22,8566.2998046875,8618.900390625,8516.2998046875,8599.900390625,8599.900390625,299865000
2016-07-25,8605.7001953125,8647.599609375,8537.099609375,8575.7001953125,8575.7001953125,187645100
2016-07-26,8574.5,8587.2998046875,8485.7998046875,8560.2001953125,8560.2001953125,214209300
2016-07-27,8593.599609375,8720.2001953125,8581.599609375,8661.400390625,8661.400390625,240186300
2016-07-28,8630,8659.099609375,8479.2001953125,8479.2001953125,8479.2001953125,256587100
2016-07-29,8525.099609375,8619,8505.599609375,8587.2001953125,8587.2001953125,293413200
2016-08-01,8667.5,8679.099609375,8496.7998046875,8513.400390625,8513.400390625,258295400
2016-08-02,8495.599609375,8498.2001953125,8256.599609375,8277.2998046875,8277.2998046875,342281900
2016-08-03,8319.099609375,8329.7001953125,8229.400390625,8263.5,8263.5,244861000
2016-08-04,8324.099609375,8424.599609375,8318.599609375,8385.5,8385.5,214141800
2016-08-05,8422.400390625,8552.5,8422,8539.400390625,8539.400390625,179769100
2016-08-08,8573.5,8632.400390625,8548.099609375,8562.5,8562.5,171197100
2016-08-09,8541.099609375,8673.900390625,8531.7998046875,8665.400390625,8665.400390625,166826100
2016-08-10,8610.5,8688.599609375,8598.7001953125,8658.900390625,8658.900390625,187369700
2016-08-11,8699,8719.5,8626.5,8719.5,8719.5,142879200
2016-08-12,8704.5,8747.599609375,8698,8716.400390625,8716.400390625,123766500
2016-08-15,8711,8753.599609375,8694.599609375,8720.599609375,8720.599609375,81080100
2016-08-16,8689,8714.2998046875,8621.7001953125,8621.7001953125,8621.7001953125,153277400
2016-08-17,8646.2001953125,8652.7001953125,8485.599609375,8487,8487,154959300
2016-08-18,8549.2001953125,8555.099609375,8481.2998046875,8550.099609375,8550.099609375,166802000
2016-08-19,8556.2001953125,8556.2998046875,8393.5,8450.599609375,8450.599609375,162782700
2016-08-22,8431.2998046875,8522.7998046875,8407.599609375,8468,8468,135099200
2016-08-23,8512.7998046875,8602.400390625,8506.2998046875,8580.900390625,8580.900390625,163441900
2016-08-24,8532,8665.900390625,8509.7998046875,8655.5,8655.5,196134900
2016-08-25,8612.2998046875,8628.099609375,8555,8599.5,8599.5,132154700
2016-08-26,8595.7001953125,8673.900390625,8566.5,8659.5,8659.5,125654500
2016-08-29,8611.2001953125,8660.900390625,8573.7001953125,8616.400390625,8616.400390625,98605500
2016-08-30,8629.400390625,8731.900390625,8629,8685.400390625,8685.400390625,155905500
2016-08-31,8677.400390625,8780.7001953125,8671.400390625,8716.7998046875,8716.7998046875,297356800
2016-09-01,8746.2998046875,8884.900390625,8730.7998046875,8762.7998046875,8762.7998046875,300780300
2016-09-02,8789.900390625,8912.599609375,8743.2001953125,8908.900390625,8908.900390625,227596500
2016-09-05,8928.400390625,8979.2998046875,8913.5,8953.2998046875,8953.2998046875,153716100
2016-09-06,8991.400390625,8996.2998046875,8893.900390625,8899.5,8899.5,187938400
2016-09-07,8931.7998046875,9021.900390625,8908.7001953125,9015.2998046875,9015.2998046875,206123200
2016-09-08,9028.599609375,9115.599609375,8974.900390625,9101.099609375,9101.099609375,251730200
2016-09-09,9065.5,9135.7998046875,9004.7998046875,9025.5,9025.5,232053100
2016-09-12,8877.099609375,8880.7001953125,8790.7998046875,8866.599609375,8866.599609375,243739800
2016-09-13,8907.2001953125,8924,8724.2001953125,8724.2001953125,8724.2001953125,216031400
2016-09-14,8769.900390625,8779.599609375,8684.2001953125,8702.400390625,8702.400390625,232216100
2016-09-15,8697,8742.7998046875,8665.400390625,8720.5,8720.5,214617800
2016-09-16,8700.900390625,8725.099609375,8603.2998046875,8633.400390625,8633.400390625,406191900
2016-09-19,8723.5,8736.2998046875,8689.5,8715.5,8715.5,185972500
2016-09-20,8695.099609375,8735.2001953125,8649.5,8686.099609375,8686.099609375,167672000
2016-09-21,8817,8837.400390625,8748,8758.5,8758.5,247434800
2016-09-22,8819.7998046875,8966.099609375,8815.2998046875,8934.900390625,8934.900390625,279394200
2016-09-23,8885.900390625,8893.900390625,8785.7998046875,8823.599609375,8823.599609375,315879000
2016-09-26,8765.400390625,8765.400390625,8630,8711.400390625,8711.400390625,261947400
2016-09-27,8776,8781,8634.2001953125,8688.2001953125,8688.2001953125,268218800
2016-09-28,8744,8806.5,8715.7998046875,8740.400390625,8740.400390625,196357700
2016-09-29,8834,8864.7998046875,8778.400390625,8796.2998046875,8796.2998046875,226720500
2016-09-30,8649,8805.400390625,8543.099609375,8779.400390625,8779.400390625,452000800
2016-10-03,8759,8788.900390625,8707.2001953125,8751.599609375,8751.599609375,157193600
2016-10-04,8769,8810.099609375,8741.2001953125,8769,8769,212647000
2016-10-05,8691.2998046875,8788.2001953125,8669.2998046875,8778.2998046875,8778.2998046875,243782000
2016-10-06,8820.7998046875,8846.400390625,8742.2998046875,8757.400390625,8757.400390625,273331200
2016-10-07,8759.900390625,8762.2998046875,8596,8624.2998046875,8624.2998046875,284890200
2016-10-10,8631.2998046875,8713.7001953125,8566.7001953125,8701.5,8701.5,200512900
2016-10-11,8690.400390625,8752.599609375,8657.5,8693.2001953125,8693.2001953125,210898300
2016-10-12,8714.5,8760,8677.099609375,8686.5,8686.5,165217700
2016-10-13,8634.900390625,8634.900390625,8551.2001953125,8608.7001953125,8608.7001953125,289157500
2016-10-14,8640.7998046875,8800.7998046875,8635.5,8767.900390625,8767.900390625,244609600
2016-10-17,8721,8784.7998046875,8714.5,8740.7001953125,8740.7001953125,215142900
2016-10-18,8786.5,8879.7998046875,8769.900390625,8865.2998046875,8865.2998046875,253498100
2016-10-19,8890.2998046875,8956.900390625,8842.5,8950.099609375,8950.099609375,261206800
2016-10-20,8975.400390625,9077.2001953125,8961.599609375,9061.2001953125,9061.2001953125,297549800
2016-10-21,9063.7001953125,9100.400390625,9035.599609375,9100.400390625,9100.400390625,260459500
2016-10-24,9156.400390625,9255.2998046875,9145.5,9216.2001953125,9216.2001953125,335319800
2016-10-25,9207.7998046875,9236.599609375,9116.400390625,9139.7001953125,9139.7001953125,286933500
2016-10-26,9151.5,9183.7001953125,9111.2001953125,9173.2998046875,9173.2998046875,271798600
2016-10-27,9163.5,9200,9102.7998046875,9197.2001953125,9197.2001953125,310939300
2016-10-28,9150.400390625,9206.599609375,9086,9201.2998046875,9201.2998046875,341230200
2016-10-31,9144.900390625,9171.7001953125,9109.2001953125,9143.2998046875,9143.2998046875,271723100
2016-11-01,9206.5,9214.099609375,9032,9040.7001953125,9040.7001953125,224858200
2016-11-02,8972.7998046875,8973.900390625,8864.7998046875,8873.400390625,8873.400390625,271690400
2016-11-03,8858.2001953125,8929.7001953125,8835.5,8879.900390625,8879.900390625,248753000
2016-11-04,8862.2998046875,8866.099609375,8755.099609375,8791.599609375,8791.599609375,230506300
2016-11-07,8949.400390625,8960.099609375,8890.7001953125,8918.7998046875,8918.7998046875,211367900
2016-11-08,8936.7998046875,8952,8859.7998046875,8937,8937,253818500
2016-11-09,8595.2998046875,8901.900390625,8570.400390625,8901.5,8901.5,582353800
2016-11-10,8983,9053.900390625,8708.400390625,8756.7998046875,8756.7998046875,559622100
2016-11-11,8819.5,8840.099609375,8614.099609375,8639.2001953125,8639.2001953125,358277200
2016-11-14,8733,8765.2001953125,8602.099609375,8658.2001953125,8658.2001953125,331686800
2016-11-15,8665.7001953125,8707.900390625,8620.599609375,8687.099609375,8687.099609375,282996400
2016-11-16,8712.900390625,8753.099609375,8563.599609375,8638.5,8638.5,287027500
2016-11-17,8622.400390625,8718,8611.599609375,8718,8718,274428900
2016-11-18,8754.7001953125,8756.2998046875,8581.5,8622.900390625,8622.900390625,293094300
2016-11-21,8659.900390625,8660.900390625,8558.5,8614.599609375,8614.599609375,199677200
2016-11-22,8672.7998046875,8684.7001953125,8640.7001953125,8651.5,8651.5,285020700
2016-11-23,8666.599609375,8673.599609375,8604.7998046875,8627.5,8627.5,273134500
2016-11-24,8657.400390625,8672.7001953125,8614.599609375,8657.2001953125,8657.2001953125,166344500
2016-11-25,8671,8674.7998046875,8623.7998046875,8674.400390625,8674.400390625,170456600
2016-11-28,8651.7998046875,8698.900390625,8586.7001953125,8619.2998046875,8619.2998046875,270082700
2016-11-29,8614.2998046875,8697.7998046875,8591.400390625,8667,8667,215903500
2016-11-30,8662.7001953125,8714.900390625,8638.400390625,8688.2001953125,8688.2001953125,350822000
2016-12-01,8671.599609375,8711.2998046875,8632.7001953125,8669.2001953125,8669.2001953125,365923400
2016-12-02,8610.599609375,8635.599609375,8576,8607.099609375,8607.099609375,249927400
2016-12-05,8533.900390625,8750.7998046875,8512.400390625,8664.7001953125,8664.7001953125,287995000
2016-12-06,8692.400390625,8906.599609375,8670.5,8893.2998046875,8893.2998046875,316375500
2016-12-07,8951.2001953125,8974.7001953125,8912.599609375,8960.400390625,8960.400390625,361002000
2016-12-08,9002.5,9179.599609375,8992.599609375,9145.400390625,9145.400390625,468932800
2016-12-09,9121.099609375,9179.400390625,9093.400390625,9169.599609375,9169.599609375,330164800
2016-12-12,9171.7001953125,9208.599609375,9148.5,9186.400390625,9186.400390625,258101300
2016-12-13,9160.900390625,9341.900390625,9132.599609375,9331.2998046875,9331.2998046875,362541300
2016-12-14,9306.900390625,9319.400390625,9207.099609375,9218.400390625,9218.400390625,297101300
2016-12-15,9225.7998046875,9354.7998046875,9220.2998046875,9340.7998046875,9340.7998046875,363016800
2016-12-16,9310.2998046875,9452.900390625,9299.2998046875,9412.7998046875,9412.7998046875,577320300
2016-12-19,9376.7998046875,9387,9336,9336.7001953125,9336.7001953125,266991700
2016-12-20,9329.099609375,9421.5,9322.2998046875,9407.900390625,9407.900390625,261181900
2016-12-21,9384.7001953125,9420.7998046875,9300.2998046875,9371.7001953125,9371.7001953125,336065600
2016-12-22,9341.5,9374.7998046875,9297.5,9333.599609375,9333.599609375,181125400
2016-12-23,9347.400390625,9377.900390625,9339.599609375,9367.7001953125,9367.7001953125,156027000
2016-12-27,9354.7998046875,9390.900390625,9346.900390625,9376.599609375,9376.599609375,109294800
2016-12-28,9357.2001953125,9369.2001953125,9317.7001953125,9344.900390625,9344.900390625,151820400
2016-12-29,9283.400390625,9333.400390625,9269.5,9327.099609375,9327.099609375,130742400
2016-12-30,9310,9352.099609375,9293.2001953125,9352.099609375,9352.099609375,166814400
2017-01-02,NA,NA,NA,NA,NA,NA
2017-01-03,9448.2998046875,9552.099609375,9438.7998046875,9494.7001953125,9494.7001953125,280878700
2017-01-04,9522.099609375,9538.400390625,9424.099609375,9462.900390625,9462.900390625,238018000
2017-01-05,9427.900390625,9507.2001953125,9413.599609375,9488.2001953125,9488.2001953125,221279300
2017-01-06,9487,9515.900390625,9451.2001953125,9515.900390625,9515.900390625,144566300
2017-01-09,9536.900390625,9536.900390625,9446.2001953125,9492.7998046875,9492.7998046875,194378000
2017-01-10,9497.099609375,9497.2998046875,9425,9452,9452,220458300
2017-01-11,9456.400390625,9468.099609375,9378.599609375,9408.599609375,9408.599609375,298554800
2017-01-12,9378,9452.2998046875,9343,9407.400390625,9407.400390625,261902900
2017-01-13,9445.099609375,9524.2998046875,9416.7001953125,9511.599609375,9511.599609375,210314400
2017-01-16,9457.2001953125,9465.2001953125,9407.7998046875,9410,9410,197583800
2017-01-17,9390.400390625,9429,9361.900390625,9394.900390625,9394.900390625,255119800
2017-01-18,9425.099609375,9430.7998046875,9362.2001953125,9386.2001953125,9386.2001953125,211880300
2017-01-19,9406.400390625,9431.2998046875,9327.400390625,9379.099609375,9379.099609375,259102800
2017-01-20,9377.5,9439,9345.2001953125,9380.099609375,9380.099609375,238865500
2017-01-23,9337.7998046875,9362.400390625,9279,9304.7998046875,9304.7998046875,197619300
2017-01-24,9319.2001953125,9387.2001953125,9296.599609375,9387.2001953125,9387.2001953125,201309700
2017-01-25,9483.5,9588.7998046875,9479.400390625,9549.2998046875,9549.2998046875,404755500
2017-01-26,9601.599609375,9623.5,9495.5,9512.7998046875,9512.7998046875,285947300
2017-01-27,9531.400390625,9533.5,9420.2001953125,9504.099609375,9504.099609375,234868100
2017-01-30,9460.599609375,9472.7998046875,9349.099609375,9361.2998046875,9361.2998046875,220036700
2017-01-31,9365.900390625,9430.2998046875,9315.2001953125,9315.2001953125,9315.2001953125,282766800
2017-02-01,9416,9423.2998046875,9304.5,9330.7998046875,9330.7998046875,304379900
2017-02-02,9321.2001953125,9426.400390625,9301.5,9406.400390625,9406.400390625,293592400
2017-02-03,9435.2998046875,9482.599609375,9396.7998046875,9462.7001953125,9462.7001953125,393825900
2017-02-06,9459.400390625,9482,9337.400390625,9357.2998046875,9357.2998046875,287143900
2017-02-07,9321.900390625,9389.2001953125,9304.5,9331.5,9331.5,284076000
2017-02-08,9362,9378.400390625,9236.599609375,9329.7001953125,9329.7001953125,312727400
2017-02-09,9353.900390625,9444.900390625,9318.099609375,9438.400390625,9438.400390625,274080900
2017-02-10,9478.2001953125,9498.2998046875,9356,9378.099609375,9378.099609375,231384700
2017-02-13,9421.900390625,9501.2998046875,9387.7001953125,9484.099609375,9484.099609375,178862800
2017-02-14,9489.099609375,9528.599609375,9461,9510.2001953125,9510.2001953125,206909700
2017-02-15,9557.099609375,9612.7998046875,9528.2001953125,9584.099609375,9584.099609375,235349200
2017-02-16,9582.5,9614.599609375,9526,9554.7001953125,9554.7001953125,213987000
2017-02-17,9564.7998046875,9571,9438.2001953125,9500.2998046875,9500.2998046875,234061700
2017-02-20,9564.400390625,9577.7001953125,9512,9526.599609375,9526.599609375,178864500
2017-02-21,9523.599609375,9591.2998046875,9467.599609375,9561,9561,209805000
2017-02-22,9577.7001953125,9606.099609375,9439.7001953125,9477.2001953125,9477.2001953125,280841300
2017-02-23,9519.7998046875,9541.7998046875,9479.7001953125,9493.400390625,9493.400390625,276005300
2017-02-24,9513.7001953125,9530.400390625,9383.099609375,9453.5,9453.5,285872900
2017-02-27,9494,9499.2998046875,9427.7001953125,9464.2998046875,9464.2998046875,194245300
2017-02-28,9515,9570.7001953125,9484,9555.5,9555.5,279234600
2017-03-01,9618,9756.5,9616.599609375,9751.5,9751.5,351704200
2017-03-02,9753.099609375,9762.2998046875,9715.7998046875,9716,9716,275016300
2017-03-03,9694.5,9799.599609375,9669.2001953125,9798.5,9798.5,308709300
2017-03-06,9772.2998046875,9825.2998046875,9753.900390625,9804.099609375,9804.099609375,228402800
2017-03-07,9817.7001953125,9819.7998046875,9767.400390625,9801.7001953125,9801.7001953125,172061100
2017-03-08,9792.2998046875,9881.2998046875,9785.099609375,9850.5,9850.5,247118100
2017-03-09,9844.900390625,10014.5,9837.400390625,9998.400390625,9998.400390625,390804800
2017-03-10,10038.7998046875,10091.400390625,9989.099609375,10006.400390625,10006.400390625,405124800
2017-03-13,10020,10023.400390625,9957.400390625,9995.900390625,9995.900390625,193631600
2017-03-14,9987.7001953125,9995,9886.900390625,9905.099609375,9905.099609375,234655700
2017-03-15,9931.2001953125,10000.099609375,9913.2001953125,9983.2001953125,9983.2001953125,265807200
2017-03-16,10090.7998046875,10175.2998046875,10063.7001953125,10168,10168,412425100
2017-03-17,10153,10250.2001953125,10143.900390625,10245.7998046875,10245.7998046875,452778600
2017-03-20,10216.7001953125,10243,10189,10214,10214,188819600
2017-03-21,10270.5,10334.7001953125,10188.900390625,10211.900390625,10211.900390625,313017600
2017-03-22,10151.7998046875,10268.7998046875,10092.7998046875,10229.2998046875,10229.2998046875,299747100
2017-03-23,10248.900390625,10324.900390625,10202,10324.900390625,10324.900390625,226579900
2017-03-24,10312.5,10330.2998046875,10276.2001953125,10309.400390625,10309.400390625,189556100
2017-03-27,10218.5,10302.900390625,10191.099609375,10302.900390625,10302.900390625,221937100
2017-03-28,10345.599609375,10394.7998046875,10312.900390625,10389,10389,215145300
2017-03-29,10409.2001953125,10424.5,10303.2001953125,10367.599609375,10367.599609375,232255800
2017-03-30,10372.099609375,10406,10348.5,10405.900390625,10405.900390625,207203700
2017-03-31,10368.5,10462.900390625,10352.2001953125,10462.900390625,10462.900390625,252476900
2017-04-03,10457.7001953125,10457.7001953125,10324.599609375,10325.2998046875,10325.2998046875,321622900
2017-04-04,10304.099609375,10361.2001953125,10270.2998046875,10361.2001953125,10361.2001953125,303646300
2017-04-05,10377.2001953125,10467.2998046875,10369.099609375,10402.7001953125,10402.7001953125,254049700
2017-04-06,10349.599609375,10534.5,10322,10518.900390625,10518.900390625,230287500
2017-04-07,10466.900390625,10529,10443.5,10529,10529,194305600
2017-04-10,10507.900390625,10509,10436.5,10437.7001953125,10437.7001953125,222748500
2017-04-11,10381.400390625,10463.2001953125,10358.900390625,10416.2998046875,10416.2998046875,309439500
2017-04-12,10441.2998046875,10486,10353.7998046875,10360.5,10360.5,310210400
2017-04-13,10347.900390625,10350.400390625,10264.599609375,10326.099609375,10326.099609375,233810100
2017-04-18,10365.599609375,10370.599609375,10216.900390625,10264.5,10264.5,283861300
2017-04-19,10272.7001953125,10377.5,10266,10370.2998046875,10370.2998046875,324419400
2017-04-20,10349.2998046875,10473.900390625,10328.5,10372.5,10372.5,292272500
2017-04-21,10388.599609375,10434.400390625,10307.7001953125,10377,10377,325215300
2017-04-24,10714.2001953125,10769.7998046875,10668,10766.7998046875,10766.7998046875,496989600
2017-04-25,10786.099609375,10828.7998046875,10719,10783.099609375,10783.099609375,299930000
2017-04-26,10810.400390625,10815.2998046875,10710.900390625,10763.400390625,10763.400390625,278421400
2017-04-27,10718.7998046875,10722.2001953125,10663.2998046875,10683.900390625,10683.900390625,273464800
2017-04-28,10658.400390625,10745.5,10622.7998046875,10715.7998046875,10715.7998046875,298337300
2017-05-02,10737.7001953125,10820.2998046875,10719.400390625,10820.2998046875,10820.2998046875,225313300
2017-05-03,10793,10841.099609375,10769,10837,10837,192962800
2017-05-04,10872.099609375,11012.900390625,10856.400390625,11012.900390625,11012.900390625,310817000
2017-05-05,10971.5,11135.400390625,10967.2001953125,11135.400390625,11135.400390625,363491900
2017-05-08,11177.2998046875,11184.400390625,11036.7998046875,11096.2998046875,11096.2998046875,316178000
2017-05-09,11120.099609375,11135.099609375,11047.099609375,11049.2001953125,11049.2001953125,268383400
2017-05-10,11029.599609375,11053.5,10958.400390625,11034.7998046875,11034.7998046875,347633500
2017-05-11,11051.2998046875,11052.599609375,10823.900390625,10861.400390625,10861.400390625,400682600
2017-05-12,10861.900390625,10907.599609375,10836,10897,10897,262435000
2017-05-15,10941.099609375,10960.5,10891.900390625,10957.7998046875,10957.7998046875,200105000
2017-05-16,10959.7998046875,10991.2001953125,10928.2998046875,10982.400390625,10982.400390625,263755600
2017-05-17,10925.900390625,10965.900390625,10761.2998046875,10786.099609375,10786.099609375,304084200
2017-05-18,10727.7998046875,10756.5,10564.2998046875,10684.900390625,10684.900390625,414319000
2017-05-19,10711.7998046875,10843.599609375,10689.900390625,10835.400390625,10835.400390625,320250400
2017-05-22,10843.5,10851,10761.400390625,10793.400390625,10793.400390625,226730400
2017-05-23,10766.2998046875,10928.7001953125,10756.5,10916.2998046875,10916.2998046875,238314200
2017-05-24,10931.2001953125,10942.7998046875,10882.2998046875,10907.400390625,10907.400390625,204710400
2017-05-25,10971.2001953125,10983.900390625,10920.7001953125,10937.7001953125,10937.7001953125,184795500
2017-05-26,10911.099609375,10918.7998046875,10801.599609375,10904.2001953125,10904.2001953125,179953300
2017-05-29,10864,10915.400390625,10844.7998046875,10884,10884,110544400
2017-05-30,10812.5,10918.5,10788.7001953125,10876.900390625,10876.900390625,217854300
2017-05-31,10885,10957.7998046875,10856.2001953125,10880,10880,740246400
2017-06-01,10891.599609375,10909.099609375,10836.400390625,10881,10881,434893600
2017-06-02,10960,11007.7001953125,10879.599609375,10905.900390625,10905.900390625,426278800
2017-06-05,10889.599609375,10916.400390625,10842.099609375,10884.7001953125,10884.7001953125,297625800
2017-06-06,10859,10907.7998046875,10817.900390625,10879.7001953125,10879.7001953125,403560300
2017-06-07,10813.599609375,10946.900390625,10761.7001953125,10871.7001953125,10871.7001953125,276982200
2017-06-08,10847.2001953125,10981.2998046875,10837.400390625,10953.099609375,10953.099609375,262972200
2017-06-09,10947.2001953125,11048,10884.7001953125,10978.2998046875,10978.2998046875,223090700
2017-06-12,10929.7001953125,10936.599609375,10818.5,10842.400390625,10842.400390625,193102400
2017-06-13,10872.599609375,10937,10846.5,10882.099609375,10882.099609375,154037100
2017-06-14,10858.5,10934,10775.2998046875,10775.7998046875,10775.7998046875,189418700
2017-06-15,10750.7998046875,10751.599609375,10598,10699.599609375,10699.599609375,225300500
2017-06-16,10731.900390625,10786.2998046875,10702.099609375,10759.400390625,10759.400390625,348073200
2017-06-19,10839.7998046875,10884.2001953125,10807.599609375,10848.900390625,10848.900390625,151494000
2017-06-20,10892.2998046875,10901.5,10746.099609375,10746.099609375,10746.099609375,155900900
2017-06-21,10721.900390625,10761.5,10615.900390625,10740.7001953125,10740.7001953125,138994100
2017-06-22,10709.599609375,10725.2001953125,10641.900390625,10709.900390625,10709.900390625,128773800
2017-06-23,10685.599609375,10715.5,10596.2998046875,10630.7998046875,10630.7998046875,120330400
2017-06-26,10666.099609375,10757,10656.5,10696.599609375,10696.599609375,123202500
2017-06-27,10674,10726.2001953125,10643.900390625,10647.900390625,10647.900390625,180892300
2017-06-28,10607.7998046875,10716.7001953125,10526.599609375,10702.7001953125,10702.7001953125,232685600
2017-06-29,10735.900390625,10772,10514.5,10531.099609375,10531.099609375,242894100
2017-06-30,10541.2001953125,10583.7001953125,10433.2001953125,10444.5,10444.5,197988500
2017-07-03,10507.599609375,10615.099609375,10502.2001953125,10604.2001953125,10604.2001953125,161641800
2017-07-04,10543.2998046875,10611.400390625,10530.2998046875,10566.7001953125,10566.7001953125,150484000
2017-07-05,10535.900390625,10589.5,10509.5,10523.599609375,10523.599609375,191741800
2017-07-06,10546.099609375,10546.2001953125,10402,10498.400390625,10498.400390625,211678300
2017-07-07,10495.2001953125,10505.7001953125,10433.5,10488.7998046875,10488.7998046875,164172700
2017-07-10,10525.400390625,10535.900390625,10451.400390625,10509.5,10509.5,152202800
2017-07-11,10531.5,10536.900390625,10438.7998046875,10449.099609375,10449.099609375,156562500
2017-07-12,10482.2001953125,10580.5,10470.5,10560.400390625,10560.400390625,191888400
2017-07-13,10594.5,10674.099609375,10583.099609375,10658.2998046875,10658.2998046875,205967900
2017-07-14,10664.599609375,10704.2998046875,10619.2998046875,10655.099609375,10655.099609375,164865000
2017-07-17,10665.5,10670.2998046875,10604.2001953125,10651.2001953125,10651.2001953125,144914700
2017-07-18,10616,10684.599609375,10511.5,10524.5,10524.5,179655500
2017-07-19,10533.900390625,10588.099609375,10456.099609375,10588.099609375,10588.099609375,275332600
2017-07-20,10597.400390625,10627.2001953125,10534.7998046875,10564.7998046875,10564.7998046875,244518200
2017-07-21,10530.7001953125,10562.7998046875,10381.2001953125,10426.599609375,10426.599609375,207706400
2017-07-24,10432,10480.2001953125,10368.099609375,10446.5,10446.5,161233400
2017-07-25,10451.2001953125,10621.2998046875,10446.2001953125,10523.400390625,10523.400390625,206504500
2017-07-26,10523.7998046875,10584.599609375,10508.5,10575.400390625,10575.400390625,152251800
2017-07-27,10549.2998046875,10652.900390625,10544.400390625,10603.400390625,10603.400390625,161507700
2017-07-28,10574.400390625,10577.2998046875,10497.7001953125,10536.099609375,10536.099609375,226261700
2017-07-31,10536.599609375,10593.900390625,10495.400390625,10502.2001953125,10502.2001953125,166102800
2017-08-01,10613.400390625,10622.2001953125,10510.900390625,10586.7001953125,10586.7001953125,150972800
2017-08-02,10592.2998046875,10607.7998046875,10493.099609375,10513.900390625,10513.900390625,135542300
2017-08-03,10487.2001953125,10553.7998046875,10416.900390625,10549.099609375,10549.099609375,133004200
2017-08-04,10525,10696.099609375,10516.400390625,10658.400390625,10658.400390625,148692900
2017-08-07,10682.7998046875,10689.7998046875,10643.5,10676.5,10676.5,90544600
2017-08-08,10674.400390625,10758.2001953125,10665.2001953125,10734.7001953125,10734.7001953125,111255100
2017-08-09,10681.400390625,10705.900390625,10525.099609375,10596,10596,153526500
2017-08-10,10576.599609375,10584.2998046875,10416.7001953125,10450,10450,148105500
2017-08-11,10377.2998046875,10399,10252.400390625,10282.900390625,10282.900390625,163182000
2017-08-14,10329.400390625,10490.599609375,10329.2998046875,10461.2001953125,10461.2001953125,108126800
2017-08-15,10489,10508.7001953125,10436.7001953125,10481.5,10481.5,79389800
2017-08-16,10521,10575.900390625,10517.400390625,10544.2998046875,10544.2998046875,95932800
2017-08-17,10535.7001953125,10537.099609375,10428.599609375,10443.7998046875,10443.7998046875,129085000
2017-08-18,10323.599609375,10392.5,10284.7998046875,10385.7001953125,10385.7001953125,129448100
2017-08-21,10360,10418.2001953125,10330.400390625,10360.2001953125,10360.2001953125,84931000
2017-08-22,10425.2001953125,10440.400390625,10360.2001953125,10409.7998046875,10409.7998046875,83380200
2017-08-23,10414,10445,10309.7998046875,10338.099609375,10338.099609375,95485300
2017-08-24,10378.7001953125,10421.900390625,10357.2001953125,10357.400390625,10357.400390625,98551800
2017-08-25,10373.900390625,10419.7998046875,10334,10345.2998046875,10345.2998046875,71646600
2017-08-28,10313.7001953125,10360.2001953125,10284.2001953125,10285.900390625,10285.900390625,51537000
2017-08-29,10233.2001953125,10244.7001953125,10134.2998046875,10192.599609375,10192.599609375,147974000
2017-08-30,10264.599609375,10274.2998046875,10216.7998046875,10245.7998046875,10245.7998046875,94776200
2017-08-31,10279.5,10354.2998046875,10275.099609375,10299.5,10299.5,179780900
2017-09-01,10328.7998046875,10366.5,10314.099609375,10325.5,10325.5,103848500
2017-09-04,10234.099609375,10274.7001953125,10229.7998046875,10243.2001953125,10243.2001953125,80706600
2017-09-05,10244.7001953125,10287.599609375,10173.599609375,10179.7998046875,10179.7998046875,136704600
2017-09-06,10130.900390625,10176.900390625,10096.7998046875,10131,10131,132345600
2017-09-07,10175.2001953125,10189.5,10118.400390625,10124.900390625,10124.900390625,179636700
2017-09-08,10118.400390625,10165.7001953125,10087.599609375,10129.599609375,10129.599609375,141953700
2017-09-11,10199.900390625,10343.5,10197.7998046875,10322.599609375,10322.599609375,145464200
2017-09-12,10354.5,10372.5,10324.7001953125,10336.2001953125,10336.2001953125,129026600
2017-09-13,10324.7998046875,10395.099609375,10308,10371,10371,170750900
2017-09-14,10352.7001953125,10365.099609375,10284.2998046875,10361.099609375,10361.099609375,156376500
2017-09-15,10321.2001953125,10370.7998046875,10287.2001953125,10317.400390625,10317.400390625,302199200
2017-09-18,10358,10410.2001953125,10330.099609375,10338.400390625,10338.400390625,133377700
2017-09-19,10312.2001953125,10399.099609375,10296.099609375,10378.400390625,10378.400390625,129987400
2017-09-20,10349,10375.5,10248.400390625,10292.099609375,10292.099609375,146938000
2017-09-21,10318.2001953125,10340.7998046875,10266.7998046875,10297,10297,149861300
2017-09-22,10286.599609375,10313.900390625,10270.900390625,10305,10305,130093900
2017-09-25,10270,10272.400390625,10186.7001953125,10216.5,10216.5,146849900
2017-09-26,10203.7998046875,10224.7001953125,10166.7001953125,10189.599609375,10189.599609375,118754700
2017-09-27,10221.2998046875,10398.900390625,10216.7001953125,10368.900390625,10368.900390625,218242200
2017-09-28,10381.2001953125,10406.5,10319.400390625,10328.5,10328.5,178756800
2017-09-29,10336.900390625,10381.5,10277.5,10381.5,10381.5,199148100
2017-10-02,10262.2998046875,10327.2001953125,10185.900390625,10255.7001953125,10255.7001953125,249447000
2017-10-03,10250.599609375,10276.599609375,10151.099609375,10257.5,10257.5,173270700
2017-10-04,10226.7998046875,10226.7998046875,9947.2998046875,9964.900390625,9964.900390625,348214600
2017-10-05,9934.2998046875,10259.900390625,9922.2998046875,10214.7001953125,10214.7001953125,327001700
2017-10-06,10185.2001953125,10214.5,10116.599609375,10185.5,10185.5,207012700
2017-10-09,10210.599609375,10306.7998046875,10206.099609375,10236,10236,173267900
2017-10-10,10225,10225,10107.7998046875,10142.2998046875,10142.2998046875,208199100
2017-10-11,10304.599609375,10313.099609375,10247.2998046875,10278.400390625,10278.400390625,250976600
2017-10-12,10284.5,10304,10244.7998046875,10275.900390625,10275.900390625,117355200
2017-10-13,10298.599609375,10299.7001953125,10231.5,10258,10258,141950000
2017-10-16,10244.400390625,10248.7001953125,10153.900390625,10181.400390625,10181.400390625,155271000
2017-10-17,10164.900390625,10297.099609375,10134,10216.7998046875,10216.7998046875,167144400
2017-10-18,10237,10283.5,10165.400390625,10273.400390625,10273.400390625,181891400
2017-10-19,10251.2998046875,10276.599609375,10167.400390625,10197.5,10197.5,185402000
2017-10-20,10202,10249,10176.5,10222.7001953125,10222.7001953125,196126000
2017-10-23,10202.400390625,10216.400390625,10141.400390625,10161.400390625,10161.400390625,145125400
2017-10-24,10150.599609375,10235.400390625,10148.2998046875,10205.7001953125,10205.7001953125,157492600
2017-10-25,10199,10273.400390625,10137.099609375,10153.2998046875,10153.2998046875,180681800
2017-10-26,10140.2998046875,10422.7001953125,10121.2001953125,10347.7998046875,10347.7998046875,374887200
2017-10-27,10354.2998046875,10382.400390625,10136.900390625,10197.5,10197.5,290366700
2017-10-30,10321.2001953125,10470.7001953125,10293,10446,10446,266075500
2017-10-31,10463.2001953125,10570.5,10438.099609375,10523.5,10523.5,238017300
2017-11-01,10591.400390625,10594.2001953125,10486.2001953125,10506.7001953125,10506.7001953125,200543400
2017-11-02,10509,10538.400390625,10403.2001953125,10457.7998046875,10457.7998046875,155335600
2017-11-03,10463.2998046875,10464.2998046875,10295.900390625,10357.7998046875,10357.7998046875,190286600
2017-11-06,10358.099609375,10358.099609375,10264,10316.5,10316.5,131982800
2017-11-07,10365.7001953125,10376.2001953125,10212.5,10230.7001953125,10230.7001953125,166404200
2017-11-08,10236.2001953125,10242.7001953125,10155.400390625,10228.7001953125,10228.7001953125,173574400
2017-11-09,10223.2001953125,10244.7001953125,10117.2001953125,10141.099609375,10141.099609375,163555100
2017-11-10,10138.599609375,10168,10075.7998046875,10092.7001953125,10092.7001953125,158359400
2017-11-13,10124,10124,9984.2001953125,10049.900390625,10049.900390625,143989700
2017-11-14,10063.599609375,10101.7998046875,9970.900390625,9990.400390625,9990.400390625,143165300
2017-11-15,9920.599609375,10029.7998046875,9889.400390625,10013.900390625,10013.900390625,178551000
2017-11-16,10074,10173.5,10043.099609375,10088.7001953125,10088.7001953125,161035600
2017-11-17,10074.400390625,10087.5,9998.7001953125,10010.400390625,10010.400390625,182668400
2017-11-20,9999.7001953125,10061.7998046875,9981.2998046875,10025.5,10025.5,115329400
2017-11-21,10017.400390625,10072.2001953125,9989.2998046875,9993.400390625,9993.400390625,146583800
2017-11-22,10010.2001953125,10092.400390625,10005.7998046875,10013.900390625,10013.900390625,124899000
2017-11-23,9994.099609375,10079.2001953125,9983.2001953125,10032.7998046875,10032.7998046875,115050400
2017-11-24,10044.900390625,10125.400390625,10036.599609375,10053.5,10053.5,111154500
2017-11-27,10027.400390625,10136.599609375,10014.400390625,10063.099609375,10063.099609375,114372400
2017-11-28,10083.7998046875,10148.7998046875,10059.5,10144.400390625,10144.400390625,117467900
2017-11-29,10221.7998046875,10314.2001953125,10211.099609375,10267.7001953125,10267.7001953125,216014600
2017-11-30,10266.599609375,10323.099609375,10211,10211,10211,270742600
2017-12-01,10225.5,10225.5,10083.7998046875,10085,10085,183507100
2017-12-04,10182.7998046875,10248.400390625,10127.599609375,10208.599609375,10208.599609375,143875100
2017-12-05,10204.599609375,10246.099609375,10162.2998046875,10211.2998046875,10211.2998046875,132385800
2017-12-06,10156.400390625,10201.7998046875,10098.099609375,10184,10184,146631100
2017-12-07,10195.7998046875,10271.2001953125,10171.2998046875,10262.599609375,10262.599609375,129943800
2017-12-08,10322.5,10380.2998046875,10316.5,10321.099609375,10321.099609375,161045100
2017-12-11,10339.2998046875,10348.7998046875,10285.099609375,10306.900390625,10306.900390625,141869500
2017-12-12,10319.599609375,10326.2001953125,10248.099609375,10288.2998046875,10288.2998046875,160150900
2017-12-13,10300.2001953125,10355,10260.5,10260.5,10260.5,132939800
2017-12-14,10250,10293.099609375,10176.5,10176.5,10176.5,170193600
2017-12-15,10156.7001953125,10212.2998046875,10113.7998046875,10150.400390625,10150.400390625,321595200
2017-12-18,10197.900390625,10257.7998046875,10188.099609375,10244.099609375,10244.099609375,178889800
2017-12-19,10239,10283.5,10228.400390625,10234.2998046875,10234.2998046875,116423200
2017-12-20,10242,10246.5,10140.5,10207.7001953125,10207.7001953125,129664900
2017-12-21,10192.599609375,10322.599609375,10144.400390625,10304.599609375,10304.599609375,152663400
2017-12-22,10145.599609375,10235.7998046875,10138.2998046875,10182,10182,138510600
2017-12-27,10167.2001953125,10213.2001953125,10138.7998046875,10165.2001953125,10165.2001953125,96218000
2017-12-28,10150.2998046875,10162.7998046875,10076.5,10093.099609375,10093.099609375,97238400
2017-12-29,10091.2998046875,10100.2001953125,10028.7001953125,10043.900390625,10043.900390625,118042900
2018-01-02,10089.599609375,10097.900390625,10017,10079.099609375,10079.099609375,146991300
2018-01-03,10101.400390625,10145.2001953125,10083.599609375,10116,10116,137802800
2018-01-04,10154.599609375,10325,10151,10314.400390625,10314.400390625,189788300
2018-01-05,10343.099609375,10411.400390625,10343.099609375,10411.400390625,10411.400390625,145843400
2018-01-08,10439.7998046875,10456.900390625,10398.400390625,10398.400390625,10398.400390625,135172700
2018-01-09,10400.900390625,10461.900390625,10385.599609375,10426.5,10426.5,132564600
2018-01-10,10423.2001953125,10474.900390625,10399.099609375,10428.2998046875,10428.2998046875,210844800
2018-01-11,10435.900390625,10475,10401.2001953125,10435.2001953125,10435.2001953125,208917700
2018-01-12,10463.7001953125,10492.2001953125,10443.400390625,10462.400390625,10462.400390625,154547300
2018-01-15,10471.599609375,10493.7001953125,10446.900390625,10467.2001953125,10467.2001953125,112255300
2018-01-16,10479,10572.900390625,10466.2001953125,10520.400390625,10520.400390625,160056900
2018-01-17,10475.599609375,10504.900390625,10441.2001953125,10474.599609375,10474.599609375,144364100
2018-01-18,10500.099609375,10509.2001953125,10403.2001953125,10432.7001953125,10432.7001953125,123091800
2018-01-19,10417.5,10500.099609375,10396.2001953125,10479.5,10479.5,143558400
2018-01-22,10503.599609375,10601.900390625,10488.2998046875,10584,10584,179083500
2018-01-23,10640.2998046875,10643.400390625,10583.7001953125,10609.5,10609.5,168200500
2018-01-24,10595.2998046875,10617.2001953125,10563,10563,10563,129488500
2018-01-25,10564.599609375,10630.5,10559.7001953125,10595.2998046875,10595.2998046875,183930300
2018-01-26,10598.599609375,10635.099609375,10563.2001953125,10595.400390625,10595.400390625,139534800
2018-01-29,10605.5,10605.7001953125,10540,10555.599609375,10555.599609375,150492500
2018-01-30,10481.900390625,10506.400390625,10416.2001953125,10428.2001953125,10428.2001953125,180465900
2018-01-31,10436.400390625,10482.7001953125,10422.099609375,10451.5,10451.5,190192400
2018-02-01,10518.2998046875,10543.7001953125,10359.400390625,10399,10399,197535400
2018-02-02,10359.2998046875,10369.2001953125,10205.2998046875,10211.2001953125,10211.2001953125,203689700
2018-02-05,10138.400390625,10173.7998046875,10058.5,10064.5,10064.5,195011800
2018-02-06,9794.900390625,9967.2998046875,9721.5,9810,9810,313297200
2018-02-07,9950.7998046875,9988.5,9811.7001953125,9976.900390625,9976.900390625,234404500
2018-02-08,9928.5,9959.7998046875,9726.5,9756.2998046875,9756.2998046875,228483100
2018-02-09,9710.900390625,9752.2001953125,9581.099609375,9639.599609375,9639.599609375,255495900
2018-02-12,9760.099609375,9815.2001953125,9731,9771.099609375,9771.099609375,170166600
2018-02-13,9788.5,9797.400390625,9650.7001953125,9650.7001953125,9650.7001953125,164804700
2018-02-14,9715.7001953125,9743.900390625,9595.900390625,9686.2001953125,9686.2001953125,178708500
2018-02-15,9770.7001953125,9832.099609375,9674.900390625,9714.900390625,9714.900390625,165506400
2018-02-16,9785.2001953125,9839.7001953125,9768.7001953125,9832.099609375,9832.099609375,188851400
2018-02-19,9865.099609375,9905.400390625,9797.2001953125,9806.2001953125,9806.2001953125,122821700
2018-02-20,9806.900390625,9901.099609375,9806.900390625,9895.2998046875,9895.2998046875,153238700
2018-02-21,9874.5,9876.099609375,9777.5,9823.2998046875,9823.2998046875,155384500
2018-02-22,9767.599609375,9903.099609375,9744.900390625,9876.5,9876.5,175175500
2018-02-23,9882.900390625,9891.099609375,9764.900390625,9822.400390625,9822.400390625,181436600
2018-02-26,9888.400390625,9915.099609375,9841.7001953125,9902.400390625,9902.400390625,156602500
2018-02-27,9930.2998046875,9937.2001953125,9863.400390625,9900.2001953125,9900.2001953125,153537600
2018-02-28,9869.7998046875,9887.2001953125,9830.2001953125,9840.2998046875,9840.2998046875,203423600
2018-03-01,9795.2998046875,9808.900390625,9715.2001953125,9738.599609375,9738.599609375,161713700
2018-03-02,9680,9680,9510.7998046875,9531.099609375,9531.099609375,208309000
2018-03-05,9500,9604.2001953125,9494.5,9590.7998046875,9590.7998046875,147001100
2018-03-06,9663.599609375,9677,9586.2998046875,9586.7998046875,9586.7998046875,143029000
2018-03-07,9561.2998046875,9612.400390625,9547.099609375,9599.2998046875,9599.2998046875,132064100
2018-03-08,9617,9666.400390625,9564.2001953125,9646.2001953125,9646.2001953125,144630300
2018-03-09,9651,9704.900390625,9631.5,9686.099609375,9686.099609375,117278700
2018-03-12,9747.400390625,9761.2998046875,9702.5,9727.5,9727.5,110658800
2018-03-13,9737.2001953125,9811.400390625,9670.7001953125,9691.7001953125,9691.7001953125,151206300
2018-03-14,9698.900390625,9737.400390625,9632.2001953125,9688.5,9688.5,159016100
2018-03-15,9715.2998046875,9720.599609375,9647.5,9684.2001953125,9684.2001953125,146814900
2018-03-16,9676.2001953125,9800.7998046875,9664,9761,9761,313971200
2018-03-19,9733.900390625,9747.2998046875,9646,9664.099609375,9664.099609375,123279600
2018-03-20,9676.2998046875,9693.2001953125,9608.5,9681.599609375,9681.599609375,129603000
2018-03-21,9701.5,9702.400390625,9592.099609375,9630.900390625,9630.900390625,145644800
2018-03-22,9580.400390625,9648.2998046875,9432.599609375,9487.400390625,9487.400390625,199763700
2018-03-23,9399.2001953125,9428.900390625,9327.599609375,9393.099609375,9393.099609375,226994800
2018-03-26,9418.099609375,9460.599609375,9343.2998046875,9381,9381,159534000
2018-03-27,9518.2001953125,9519.2001953125,9441.599609375,9473.599609375,9473.599609375,137671300
2018-03-28,9397.7998046875,9555,9348.900390625,9555,9555,177665900
2018-03-29,9595.599609375,9657.5,9581.7001953125,9600.400390625,9600.400390625,153270700
2018-04-03,9532.099609375,9577.5,9500,9549.599609375,9549.599609375,129871700
2018-04-04,9555.5,9560.400390625,9417.2998046875,9513.2998046875,9513.2998046875,151218600
2018-04-05,9637.5,9761.7998046875,9616.7001953125,9740.900390625,9740.900390625,162491700
2018-04-06,9688.2998046875,9734.2001953125,9658.900390625,9682.7998046875,9682.7998046875,114953400
2018-04-09,9735.099609375,9790.2001953125,9716.7998046875,9742.7998046875,9742.7998046875,99214300
2018-04-10,9798.5,9806,9738.7001953125,9763.5,9763.5,125802100
2018-04-11,9742.599609375,9786.2998046875,9717.2998046875,9735.7998046875,9735.7998046875,122928200
2018-04-12,9733,9767.599609375,9706.099609375,9747,9747,127527600
2018-04-13,9764,9858.900390625,9744.400390625,9767.2998046875,9767.2998046875,137074600
2018-04-16,9768.7001953125,9796.5,9747.2998046875,9766.099609375,9766.099609375,100400800
2018-04-17,9785.400390625,9824.400390625,9762.2998046875,9803.900390625,9803.900390625,112396600
2018-04-18,9814.5,9871.2998046875,9800.2998046875,9857.2998046875,9857.2998046875,146904000
2018-04-19,9861.7998046875,9902.7001953125,9838.7998046875,9868,9868,120796500
2018-04-20,9864.400390625,9908,9847.099609375,9884.2001953125,9884.2001953125,139382700
2018-04-23,9898.599609375,9922,9862.599609375,9922,9922,118071400
2018-04-24,9922.7001953125,9939.400390625,9848.400390625,9883.400390625,9883.400390625,188820600
2018-04-25,9829.2001953125,9858.400390625,9793,9858,9858,161124600
2018-04-26,9871.5,9914.7001953125,9856.7001953125,9902.2998046875,9902.2998046875,131267400
2018-04-27,9894.2001953125,9947.2998046875,9883.7998046875,9925.400390625,9925.400390625,139092700
2018-04-30,9924,9995.400390625,9916.099609375,9980.599609375,9980.599609375,142924100
2018-05-02,9982.599609375,10098.900390625,9981.400390625,10088.900390625,10088.900390625,157392800
2018-05-03,10080.7001953125,10095.2001953125,10017.599609375,10038.7998046875,10038.7998046875,140956500
2018-05-04,10047.099609375,10104.099609375,10029.400390625,10104.099609375,10104.099609375,162050000
2018-05-07,10114.2001953125,10148.599609375,10106.2998046875,10140.900390625,10140.900390625,89759400
2018-05-08,10135.099609375,10180.5,10091.900390625,10168.099609375,10168.099609375,177955800
2018-05-09,10163.7001953125,10222.7001953125,10138.900390625,10221.2001953125,10221.2001953125,133256100
2018-05-10,10243.2998046875,10257.099609375,10191.099609375,10246.599609375,10246.599609375,116750700
2018-05-11,10245.2001953125,10284.5,10242.099609375,10271.400390625,10271.400390625,120333700
2018-05-14,10277.2001953125,10291.400390625,10215.2998046875,10257.7998046875,10257.7998046875,108963000
2018-05-15,10237.900390625,10265,10159.099609375,10207.599609375,10207.599609375,152740700
2018-05-16,10189.7998046875,10194.2001953125,10089.7998046875,10111,10111,212003400
2018-05-17,10120.7998046875,10216.400390625,10108.5,10216.400390625,10216.400390625,153622900
2018-05-18,10209.2998046875,10221,10088.400390625,10112.400390625,10112.400390625,249545800
2018-05-21,10155.2001953125,10155.900390625,10055.7998046875,10066.5,10066.5,110379200
2018-05-22,10081.5,10156.400390625,10060.7998046875,10138.7998046875,10138.7998046875,145394700
2018-05-23,10101.7998046875,10101.7998046875,9957.7998046875,10025,10025,157919000
2018-05-24,10045.5,10092.5,9964,9996,9996,155881200
2018-05-25,10031,10053.099609375,9722.7998046875,9826.5,9826.5,298273900
2018-05-28,9891.400390625,9921.400390625,9732.599609375,9764.400390625,9764.400390625,155744000
2018-05-29,9668.400390625,9668.400390625,9447.599609375,9521.2998046875,9521.2998046875,364026100
2018-05-30,9553,9618.2998046875,9477.2001953125,9566.2001953125,9566.2001953125,283877200
2018-05-31,9625.099609375,9649,9400.2998046875,9465.5,9465.5,355887300
2018-06-01,9544.7001953125,9677.5,9529,9632.400390625,9632.400390625,238950800
2018-06-04,9716.2998046875,9830.7001953125,9686.7998046875,9750.2998046875,9750.2998046875,193668500
2018-06-05,9730.599609375,9812.900390625,9686.400390625,9686.400390625,9686.400390625,183418200
2018-06-06,9702.7001953125,9793.7998046875,9654.400390625,9791.599609375,9791.599609375,202426600
2018-06-07,9844.2001953125,9940.599609375,9814.7998046875,9829,9829,190777600
2018-06-08,9762.7001953125,9772.2001953125,9713.2001953125,9746.2998046875,9746.2998046875,176047100
2018-06-11,9835,9915.2001953125,9799.099609375,9898.2998046875,9898.2998046875,199952400
2018-06-12,9940.599609375,9961.599609375,9901.599609375,9914.400390625,9914.400390625,158176100
2018-06-13,9900.2001953125,9923.900390625,9838.2998046875,9899.099609375,9899.099609375,172849800
2018-06-14,9862.400390625,9973.900390625,9836.5,9957.7001953125,9957.7001953125,180248400
2018-06-15,9980.099609375,9985.900390625,9798.900390625,9851,9851,377069300
2018-06-18,9818,9859.5,9717,9769.400390625,9769.400390625,145639000
2018-06-19,9656.599609375,9782.599609375,9598.5,9755.400390625,9755.400390625,172889800
2018-06-20,9835,9876.7998046875,9788.900390625,9788.900390625,9788.900390625,164700200
2018-06-21,9824.400390625,9844,9683.400390625,9702.099609375,9702.099609375,161703000
2018-06-22,9738.900390625,9799.5,9724.900390625,9792.099609375,9792.099609375,155310100
2018-06-25,9711.400390625,9737.900390625,9617.900390625,9617.900390625,9617.900390625,151252400
2018-06-26,9670.2998046875,9699.7998046875,9619.099609375,9637.400390625,9637.400390625,158746500
2018-06-27,9636.599609375,9723.900390625,9506.599609375,9658.599609375,9658.599609375,182574800
2018-06-28,9603.599609375,9669.2001953125,9541.900390625,9589,9589,144694900
2018-06-29,9671.099609375,9741.2998046875,9620.2998046875,9622.7001953125,9622.7001953125,200359300
2018-07-02,9526.2998046875,9591,9443.5,9558.2998046875,9558.2998046875,153110800
2018-07-03,9591.599609375,9693.400390625,9556.099609375,9660.900390625,9660.900390625,134418700
2018-07-04,9643.7998046875,9767.2001953125,9642.7998046875,9757.5,9757.5,137321600
2018-07-05,9773.5,9919.5,9773.5,9866.2001953125,9866.2001953125,184522600
2018-07-06,9905,9926.900390625,9833.2001953125,9905,9905,166583400
2018-07-09,9923.5,9971.599609375,9912.7001953125,9927,9927,130079800
2018-07-10,9935.599609375,9938,9873.2998046875,9889.2998046875,9889.2998046875,147677900
2018-07-11,9822.5,9833.400390625,9733.599609375,9733.599609375,9733.599609375,175886600
2018-07-12,9774.7998046875,9784.7998046875,9694.400390625,9767.400390625,9767.400390625,128896600
2018-07-13,9807.5,9807.5,9717.599609375,9734.7998046875,9734.7998046875,132524900
2018-07-16,9733.599609375,9781.099609375,9697.099609375,9716.900390625,9716.900390625,113168400
2018-07-17,9716.400390625,9759.5,9643.900390625,9719.400390625,9719.400390625,175052500
2018-07-18,9739.099609375,9753.2001953125,9672.7001953125,9753.2001953125,9753.2001953125,143477800
2018-07-19,9748.900390625,9796.7001953125,9696.2001953125,9721.099609375,9721.099609375,147188300
2018-07-20,9710.400390625,9751.2998046875,9654.2998046875,9724.7998046875,9724.7998046875,162179600
2018-07-23,9699.7001953125,9747.599609375,9661.400390625,9726.099609375,9726.099609375,116977600
2018-07-24,9775.900390625,9820.099609375,9753.900390625,9773.099609375,9773.099609375,160661400
2018-07-25,9769.7998046875,9771.7001953125,9686.2001953125,9703.099609375,9703.099609375,149288900
2018-07-26,9741.2001953125,9789.7001953125,9732.5,9780,9780,184755200
2018-07-27,9781.599609375,9896,9775.900390625,9867.900390625,9867.900390625,230693900
2018-07-30,9827.900390625,9905.2998046875,9825.099609375,9854.099609375,9854.099609375,140605100
2018-07-31,9846.2001953125,9924.400390625,9843.5,9870.7001953125,9870.7001953125,203079100
2018-08-01,9871.099609375,9902.2998046875,9795.099609375,9799.2998046875,9799.2998046875,136278200
2018-08-02,9765.900390625,9783.7998046875,9666.599609375,9698.2001953125,9698.2001953125,196964000
2018-08-03,9710.2998046875,9762.7001953125,9671.2001953125,9739.7998046875,9739.7998046875,146427500
2018-08-06,9758.400390625,9788.400390625,9699.2998046875,9722.7001953125,9722.7001953125,114093700
2018-08-07,9751.7998046875,9813.599609375,9743.400390625,9772.7998046875,9772.7998046875,101972500
2018-08-08,9763.900390625,9794,9700.400390625,9747.099609375,9747.099609375,107985900
2018-08-09,9745.2001953125,9756.7001953125,9693.2001953125,9754.599609375,9754.599609375,108327800
2018-08-10,9669.599609375,9675.599609375,9557.400390625,9602.099609375,9602.099609375,224945200
2018-08-13,9543.7998046875,9558.400390625,9475.099609375,9530.400390625,9530.400390625,177470700
2018-08-14,9574.7998046875,9596.2998046875,9476.900390625,9507,9507,164122900
2018-08-15,9537,9547.599609375,9339.5,9386.7998046875,9386.7998046875,163614400
2018-08-16,9440.7998046875,9458.900390625,9384.7001953125,9427.400390625,9427.400390625,138149500
2018-08-17,9450.2998046875,9457,9357.599609375,9417.2998046875,9417.2998046875,141114900
2018-08-20,9448.900390625,9512.5,9437.099609375,9468.599609375,9468.599609375,95322000
2018-08-21,9465.900390625,9591,9459.400390625,9549,9549,110664100
2018-08-22,9535.5,9595.400390625,9512.400390625,9580.2001953125,9580.2001953125,114116300
2018-08-23,9592.5,9630.2001953125,9556.2001953125,9567.2998046875,9567.2998046875,93554900
2018-08-24,9559.7001953125,9625.7998046875,9559.7001953125,9589.5,9589.5,99415000
2018-08-27,9631.599609375,9662.7001953125,9596.2001953125,9659.7998046875,9659.7998046875,79600000
2018-08-28,9667.599609375,9671.099609375,9598.400390625,9606.5,9606.5,114910500
2018-08-29,9585.7001953125,9597.099609375,9502.2998046875,9569.5,9569.5,104423100
2018-08-30,9546.099609375,9574.099609375,9445.099609375,9467.599609375,9467.599609375,144314100
2018-08-31,9466.2998046875,9470.599609375,9375.099609375,9399.099609375,9399.099609375,172662900
2018-09-03,9387.7001953125,9421.599609375,9356.099609375,9376.099609375,9376.099609375,89353100
2018-09-04,9414.7001953125,9436.099609375,9308.7001953125,9376.2998046875,9376.2998046875,159837500
2018-09-05,9353.2001953125,9377.599609375,9301.2998046875,9301.2998046875,9301.2998046875,180705200
2018-09-06,9267.7001953125,9291.7998046875,9208.2001953125,9208.7001953125,9208.7001953125,160949600
2018-09-07,9209.2001953125,9237.900390625,9111.099609375,9171.2001953125,9171.2001953125,162079000
2018-09-10,9173,9300.900390625,9161,9270.7998046875,9270.7998046875,144735800
2018-09-11,9301.099609375,9302.5,9211.7998046875,9284.099609375,9284.099609375,122171200
2018-09-12,9286.5,9319.7001953125,9248.7001953125,9306.7998046875,9306.7998046875,130324000
2018-09-13,9308,9387.099609375,9296.7001953125,9329.2001953125,9329.2001953125,159385300
2018-09-14,9359.400390625,9378.2998046875,9324.2001953125,9365.2998046875,9365.2998046875,132227500
2018-09-17,9350.2998046875,9434.400390625,9349.900390625,9404.599609375,9404.599609375,147148400
2018-09-18,9406.7001953125,9453.599609375,9385.7998046875,9447.5,9447.5,141909700
2018-09-19,9464.400390625,9502.900390625,9422.400390625,9486.2998046875,9486.2998046875,205653800
2018-09-20,9489.5,9607,9488.2998046875,9583.7001953125,9583.7001953125,232060300
2018-09-21,9614.2998046875,9665.400390625,9563.2998046875,9590.400390625,9590.400390625,408472800
2018-09-24,9549.900390625,9586,9499.900390625,9512.7998046875,9512.7998046875,142107200
2018-09-25,9524.7998046875,9568,9480.400390625,9493.599609375,9493.599609375,141858900
2018-09-26,9519.599609375,9530.2998046875,9471.099609375,9524.7998046875,9524.7998046875,136920500
2018-09-27,9492.5,9542.7998046875,9406.7998046875,9527.5,9527.5,151514500
2018-09-28,9468,9468.900390625,9299.599609375,9389.2001953125,9389.2001953125,243629600
2018-10-01,9384.2998046875,9475.2001953125,9367.599609375,9407,9407,155283900
2018-10-02,9349.099609375,9356.099609375,9285.099609375,9305.5,9305.5,187248100
2018-10-03,9360.599609375,9424.7001953125,9300.7998046875,9361.099609375,9361.099609375,156817500
2018-10-04,9349,9378.7001953125,9304.7001953125,9314.5,9314.5,170694500
2018-10-05,9318.099609375,9318.099609375,9239.900390625,9253.900390625,9253.900390625,133292600
2018-10-08,9227.099609375,9243,9167.400390625,9199.2001953125,9199.2001953125,140669500
2018-10-09,9231.7001953125,9283.2998046875,9136.2001953125,9260.5,9260.5,171340200
2018-10-10,9243.2001953125,9273,9158.7998046875,9162.900390625,9162.900390625,177151900
2018-10-11,9018.400390625,9121,8970.7998046875,9007.900390625,9007.900390625,238991600
2018-10-12,9094.7001953125,9098.099609375,8897.5,8902,8902,168952300
2018-10-15,8883.099609375,8936.5,8849.400390625,8923.7001953125,8923.7001953125,169650800
2018-10-16,8967.7998046875,9096.7998046875,8934,9074.7001953125,9074.7001953125,200179100
2018-10-17,9113.400390625,9140.2998046875,8967.099609375,8997.2001953125,8997.2001953125,185707600
2018-10-18,8970.7001953125,9063.7998046875,8887.900390625,8889.599609375,8889.599609375,313573200
2018-10-19,8874.7001953125,8960.2001953125,8768.599609375,8892.099609375,8892.099609375,349736000
2018-10-22,8997.7001953125,9013.099609375,8796.2998046875,8806.5,8806.5,197331300
2018-10-23,8715.400390625,8781.900390625,8681.7001953125,8726.099609375,8726.099609375,249657200
2018-10-24,8767,8805.5,8677.400390625,8677.400390625,8677.400390625,201042600
2018-10-25,8639.5,8797.900390625,8637.5,8785.2001953125,8785.2001953125,253389100
2018-10-26,8746.099609375,8746.099609375,8627.599609375,8730.400390625,8730.400390625,234582300
2018-10-29,8775.7001953125,8882.7001953125,8752.900390625,8821.2001953125,8821.2001953125,184715100
2018-10-30,8849.5,8874,8776.2001953125,8806.099609375,8806.099609375,194834000
2018-10-31,8911.5,8962.599609375,8883.7998046875,8893.5,8893.5,299960800
2018-11-01,8882.5,8985.2998046875,8875.7998046875,8954.7998046875,8954.7998046875,169058700
2018-11-02,9058.7001953125,9073.5,8976.5,8993,8993,173424100
2018-11-05,9005.400390625,9065.2998046875,9002.2001953125,9010.7001953125,9010.7001953125,142754200
2018-11-06,9002.2998046875,9013.099609375,8911.2998046875,8988.900390625,8988.900390625,146180800
2018-11-07,9165.2001953125,9174.2001953125,9117.7001953125,9167.900390625,9167.900390625,249729100
2018-11-08,9182.7001953125,9232.2998046875,9147.7998046875,9177,9177,147221000
2018-11-09,9117.7001953125,9156.7998046875,9079.7001953125,9134.7998046875,9134.7998046875,203274000
2018-11-12,9174.7998046875,9180.599609375,9068.2998046875,9076.2998046875,9076.2998046875,141480000
2018-11-13,9097.2001953125,9163.2998046875,9074.5,9145.400390625,9145.400390625,153897400
2018-11-14,9097.7998046875,9176.400390625,9036.7001953125,9106.599609375,9106.599609375,139660600
2018-11-15,9133.7001953125,9189.7998046875,9018.599609375,9073.5,9073.5,184704800
2018-11-16,9111.599609375,9131.5,9015.900390625,9056.7998046875,9056.7998046875,202082100
2018-11-19,9073.7998046875,9138.2998046875,9006.2998046875,9006.2998046875,9006.2998046875,123709000
2018-11-20,8970.7001953125,8977,8829.599609375,8866.5,8866.5,176400500
2018-11-21,8905.7001953125,8979.2001953125,8896.2998046875,8960.599609375,8960.599609375,145074500
2018-11-22,8917.400390625,8947.599609375,8878.7001953125,8906.2001953125,8906.2001953125,118001300
2018-11-23,8903.2001953125,8951.099609375,8867.7001953125,8916.7001953125,8916.7001953125,94332900
2018-11-26,8984,9104.599609375,8984,9091.2001953125,9091.2001953125,173686100
2018-11-27,9091.7001953125,9156.400390625,9033,9085.599609375,9085.599609375,173492800
2018-11-28,9120.400390625,9163.099609375,9096.7998046875,9102.7001953125,9102.7001953125,148526900
2018-11-29,9168.900390625,9199.599609375,9080.7001953125,9098.900390625,9098.900390625,145113100
2018-11-30,9112.400390625,9117.7998046875,9046.2001953125,9077.2001953125,9077.2001953125,207833400
2018-12-03,9239.7998046875,9262.099609375,9159.099609375,9179.599609375,9179.599609375,167657400
2018-12-04,9148.5,9170.7998046875,9057.7001953125,9061.7001953125,9061.7001953125,164515000
2018-12-05,8983.7001953125,9048.5,8945.5,9012.2001953125,9012.2001953125,136505900
2018-12-06,8926,8927.400390625,8743.7001953125,8764.5,8764.5,214511000
2018-12-07,8819.599609375,8914.599609375,8805.2001953125,8815.5,8815.5,164630900
2018-12-10,8771,8804.599609375,8644,8660,8660,174111000
2018-12-11,8709.400390625,8826.400390625,8671.900390625,8735.5,8735.5,210506500
2018-12-12,8724.900390625,8887.7001953125,8718.099609375,8853.400390625,8853.400390625,219177100
2018-12-13,8915.7998046875,8974.900390625,8868.599609375,8926.2998046875,8926.2998046875,216181100
2018-12-14,8865.900390625,8908,8787.599609375,8886.099609375,8886.099609375,151976500
2018-12-17,8862.900390625,8906.2001953125,8807.900390625,8812.5,8812.5,173085500
2018-12-18,8781.099609375,8802.099609375,8700.7998046875,8700.7998046875,8700.7998046875,225824800
2018-12-19,8720.099609375,8804.2001953125,8717.7998046875,8769.099609375,8769.099609375,188358900
2018-12-20,8647.7998046875,8698.5,8567,8596.5,8596.5,231916600
2018-12-21,8563.2001953125,8598.400390625,8468.400390625,8556.7998046875,8556.7998046875,389118700
2018-12-24,8490.2001953125,8528.400390625,8471.2001953125,8480.599609375,8480.599609375,53509900
2018-12-27,8555.599609375,8557.7001953125,8286.2001953125,8363.900390625,8363.900390625,211956000
2018-12-28,8386.2001953125,8513.400390625,8378.7001953125,8493.7001953125,8493.7001953125,143834400
2018-12-31,8510.7998046875,8583.2998046875,8490.7001953125,8539.900390625,8539.900390625,64725600
2019-01-02,8448.2998046875,8582.400390625,8354.7998046875,8550,8550,130757800
2019-01-03,8497.5,8590.900390625,8488.099609375,8523.2998046875,8523.2998046875,135067300
2019-01-04,8593.7998046875,8774.2998046875,8588.099609375,8737.7998046875,8737.7998046875,169088900
2019-01-07,8781.2001953125,8783.5,8710.400390625,8776.2998046875,8776.2998046875,128758600
2019-01-08,8783.099609375,8895.900390625,8773.400390625,8847.2998046875,8847.2998046875,160821000
2019-01-09,8887.400390625,8892.900390625,8807,8823.599609375,8823.599609375,160455800
2019-01-10,8790,8856.7998046875,8784.5,8856.7998046875,8856.7998046875,148189600
2019-01-11,8855.900390625,8900.400390625,8836,8877.099609375,8877.099609375,151619400
2019-01-14,8819.2001953125,8840.400390625,8751.2001953125,8818.599609375,8818.599609375,126001000
2019-01-15,8878.400390625,8915.900390625,8768.2001953125,8850.099609375,8850.099609375,136519800
2019-01-16,8869.5,8912.7001953125,8836.7001953125,8912.7001953125,8912.7001953125,176317700
2019-01-17,8868.099609375,8939.099609375,8850.599609375,8908.599609375,8908.599609375,152919300
2019-01-18,8962.2998046875,9080.7998046875,8950.900390625,9069.099609375,9069.099609375,203550000
2019-01-21,9064.7998046875,9070.599609375,9033.2001953125,9053.7998046875,9053.7998046875,90493500
2019-01-22,9009,9055.599609375,9001.099609375,9037.5,9037.5,143279700
2019-01-23,9011.900390625,9169.7001953125,9006.400390625,9128.7998046875,9128.7998046875,135905300
2019-01-24,9150,9205.400390625,9088,9150,9150,163420400
2019-01-25,9206.900390625,9225.400390625,9164.599609375,9185.2001953125,9185.2001953125,161488700
2019-01-28,9149.5,9181.5,9048.900390625,9062.400390625,9062.400390625,134493400
2019-01-29,9064.599609375,9163.7998046875,9034.099609375,9119.099609375,9119.099609375,144375500
2019-01-30,9123.900390625,9142.099609375,9034.099609375,9071.5,9071.5,154213400
2019-01-31,9103.7998046875,9117.099609375,8981.7001953125,9056.7001953125,9056.7001953125,222886900
2019-02-01,9058.599609375,9078.7001953125,8942.400390625,9019.400390625,9019.400390625,286844600
2019-02-04,9015.2998046875,9036,8905.7998046875,8975.2001953125,8975.2001953125,221478000
2019-02-05,8982,9092,8949.2001953125,9092,9092,210161400
2019-02-06,9070.400390625,9113.7001953125,9055.7998046875,9100.900390625,9100.900390625,149917800
2019-02-07,9062.400390625,9098.400390625,8938.2998046875,8938.2998046875,8938.2998046875,178617900
2019-02-08,8915.400390625,8928.400390625,8826.5,8856.7998046875,8856.7998046875,165209900
2019-02-11,8905.099609375,8974.7998046875,8893.099609375,8936.400390625,8936.400390625,132243300
2019-02-12,8989.5,9032.2998046875,8961.400390625,8983.099609375,8983.099609375,138794100
2019-02-13,8993.2998046875,9015.599609375,8956.900390625,8982.400390625,8982.400390625,155297300
2019-02-14,9035.7001953125,9038,8943.900390625,8952.5,8952.5,169672900
2019-02-15,8953.400390625,9134.7998046875,8918.5,9123.2001953125,9123.2001953125,208112700
2019-02-18,9134.599609375,9174.7001953125,9123.599609375,9155.5,9155.5,115182800
2019-02-19,9152.099609375,9187.599609375,9096.099609375,9136.400390625,9136.400390625,117857500
2019-02-20,9156.7998046875,9189.7001953125,9148.7001953125,9181.099609375,9181.099609375,130317300
2019-02-21,9202.5,9224.7001953125,9162.900390625,9191.2001953125,9191.2001953125,137605200
2019-02-22,9184.7001953125,9238.900390625,9175.2998046875,9204.599609375,9204.599609375,131199600
2019-02-25,9244.2001953125,9261.400390625,9198.7998046875,9204.2998046875,9204.2998046875,131229800
2019-02-26,9172,9235.7998046875,9141.7998046875,9227.2001953125,9227.2001953125,127095100
2019-02-27,9206.2001953125,9226.2001953125,9160.900390625,9211.7001953125,9211.7001953125,174514400
2019-02-28,9166.2998046875,9293.099609375,9141,9277.7001953125,9277.7001953125,260630500
2019-03-01,9313.5,9361.400390625,9267.7001953125,9267.7001953125,9267.7001953125,167873400
2019-03-04,9309.2998046875,9322,9248,9259.7998046875,9259.7998046875,112921800
2019-03-05,9255.7001953125,9298.7001953125,9204.2998046875,9258.2001953125,9258.2001953125,140185000
2019-03-06,9243.099609375,9344.599609375,9235.400390625,9296.7001953125,9296.7001953125,140841100
2019-03-07,9301,9366.7001953125,9216.099609375,9249.900390625,9249.900390625,253052000
2019-03-08,9173.2001953125,9205.5,9110.5,9129.2998046875,9129.2998046875,197951600
2019-03-11,9157.7001953125,9181.7001953125,9106.7998046875,9171.900390625,9171.900390625,129690000
2019-03-12,9206.900390625,9213.7998046875,9137.2001953125,9161.7001953125,9161.7001953125,144895900
2019-03-13,9134.7001953125,9202.7001953125,9123,9192.7001953125,9192.7001953125,162606600
2019-03-14,9193.7001953125,9283.900390625,9192.099609375,9209.7998046875,9209.7998046875,155127700
2019-03-15,9219.5,9342.2001953125,9216.099609375,9342.2001953125,9342.2001953125,372906700
2019-03-18,9350.7998046875,9418.7998046875,9343.900390625,9409.099609375,9409.099609375,152580300
2019-03-19,9428.400390625,9532.900390625,9417.900390625,9492.2998046875,9492.2998046875,150401500
2019-03-20,9467.7001953125,9509.2001953125,9405.599609375,9405.599609375,9405.599609375,138666600
2019-03-21,9387.400390625,9397.599609375,9326.2001953125,9355.599609375,9355.599609375,179840500
2019-03-22,9394.599609375,9395.2001953125,9188.2998046875,9199.400390625,9199.400390625,216682000
2019-03-25,9159.400390625,9232.7998046875,9127.2998046875,9179.900390625,9179.900390625,169093200
2019-03-26,9189.7001953125,9211.7001953125,9151.5,9183.099609375,9183.099609375,168850600
2019-03-27,9194.7998046875,9323.5,9146.099609375,9229.900390625,9229.900390625,239047700
2019-03-28,9214.099609375,9245.599609375,9170.400390625,9174.7001953125,9174.7001953125,153242700
2019-03-29,9226.5,9273.7998046875,9190.5,9240.2998046875,9240.2998046875,181744200
2019-04-01,9304.7998046875,9355.2001953125,9269.7001953125,9341.7001953125,9341.7001953125,200871300
2019-04-02,9356.7001953125,9400.7001953125,9322.900390625,9363.5,9363.5,152284200
2019-04-03,9457.099609375,9491.2001953125,9436.5,9487.7998046875,9487.7998046875,173813100
2019-04-04,9488.900390625,9551.5,9472,9534.099609375,9534.099609375,164758800
2019-04-05,9542.400390625,9553.599609375,9476.5,9510.2998046875,9510.2998046875,178692100
2019-04-08,9483.400390625,9495.099609375,9425.2001953125,9437.7001953125,9437.7001953125,121814500
2019-04-09,9428.2998046875,9511.2001953125,9388.2998046875,9407.7998046875,9407.7998046875,137599800
2019-04-10,9423.5,9467.5,9395.2001953125,9406.5,9406.5,152200600
2019-04-11,9423.099609375,9468.7001953125,9372.2998046875,9445.400390625,9445.400390625,178531100
2019-04-12,9441.2998046875,9509.2001953125,9390.2001953125,9468.5,9468.5,212327200
2019-04-15,9488.099609375,9528.400390625,9468.099609375,9497.099609375,9497.099609375,156927200
2019-04-16,9492.400390625,9543.7001953125,9462.900390625,9497.2998046875,9497.2998046875,140510300
2019-04-17,9486,9580.599609375,9460.5,9549.7998046875,9549.7998046875,193154800
2019-04-18,9553.7001953125,9581.900390625,9480,9581.900390625,9581.900390625,165266400
2019-04-23,9586,9588.2001953125,9492.2001953125,9527.2001953125,9527.2001953125,159546500
2019-04-24,9506.2998046875,9525.2001953125,9427.400390625,9456.400390625,9456.400390625,157933200
2019-04-25,9450.7998046875,9503.7998046875,9421.2998046875,9501.2001953125,9501.2001953125,147415600
2019-04-26,9512.099609375,9527.400390625,9448.7998046875,9506,9506,153319300
2019-04-29,9435.2998046875,9517.2001953125,9414.400390625,9517.2001953125,9517.2001953125,146296500
2019-04-30,9497.2998046875,9570.599609375,9455.5,9570.599609375,9570.599609375,186881700
2019-05-02,9545.5,9559.7001953125,9412.2001953125,9418.2001953125,9418.2001953125,205611000
2019-05-03,9427.900390625,9450.7001953125,9388.7001953125,9409.599609375,9409.599609375,126736800
2019-05-06,9259,9347.2001953125,9236.2998046875,9331,9331,121602300
2019-05-07,9332.900390625,9404.599609375,9221,9235.099609375,9235.099609375,199265700
2019-05-08,9233.900390625,9261.2001953125,9158.2998046875,9227,9227,185752600
2019-05-09,9162.099609375,9184.7998046875,9079.7998046875,9095.2001953125,9095.2001953125,166997800
2019-05-10,9149.400390625,9179.400390625,9099.099609375,9117.5,9117.5,147760300
2019-05-13,9127.599609375,9127.599609375,9025.7001953125,9046.7998046875,9046.7998046875,147442300
2019-05-14,9078.2001953125,9127.599609375,9053.599609375,9127.599609375,9127.599609375,139675700
2019-05-15,9143,9177.099609375,9061.900390625,9177.099609375,9177.099609375,143425500
2019-05-16,9161.400390625,9304.2998046875,9136.7001953125,9304.2998046875,9304.2998046875,157566000
2019-05-17,9278.7001953125,9321.599609375,9223.099609375,9280.099609375,9280.099609375,159798300
2019-05-20,9286,9334.900390625,9177.900390625,9199.7001953125,9199.7001953125,153317000
2019-05-21,9229,9255,9185.2001953125,9239.099609375,9239.099609375,131576400
2019-05-22,9232.2998046875,9288.7001953125,9182.5,9232.2001953125,9232.2001953125,146552900
2019-05-23,9170.7001953125,9186.7001953125,9098.400390625,9114,9114,161094300
2019-05-24,9150.2998046875,9211.099609375,9141.400390625,9174.599609375,9174.599609375,121673100
2019-05-27,9225.900390625,9294.599609375,9204.7001953125,9216.400390625,9216.400390625,60178000
2019-05-28,9220.400390625,9224.900390625,9132.900390625,9191.7998046875,9191.7998046875,218900800
2019-05-29,9113.2001953125,9116.7001953125,9035.099609375,9080.5,9080.5,148987100
2019-05-30,9120.7998046875,9175.2001953125,9114.099609375,9157.7998046875,9157.7998046875,101389200
2019-05-31,9054.900390625,9074,8959.5,9004.2001953125,9004.2001953125,208657500
2019-06-03,8945.7001953125,9022.7998046875,8903.099609375,9022.7998046875,9022.7998046875,156185500
2019-06-04,8972.7001953125,9138.5,8964.2001953125,9117.599609375,9117.599609375,197017100
2019-06-05,9136.7998046875,9173.400390625,9095,9150.5,9150.5,158753000
2019-06-06,9169.2001953125,9246.2001953125,9136.7001953125,9169.2001953125,9169.2001953125,212720900
2019-06-07,9186.7001953125,9261.400390625,9185.7001953125,9236.099609375,9236.099609375,150664700
2019-06-10,9284.2001953125,9302.2001953125,9248.099609375,9294.099609375,9294.099609375,102323700
2019-06-11,9288.599609375,9332.5,9273.400390625,9282.099609375,9282.099609375,144701200
2019-06-12,9244.400390625,9274.599609375,9223.099609375,9238.5,9238.5,145203300
2019-06-13,9227.599609375,9301.7001953125,9208.7998046875,9247.099609375,9247.099609375,126134300
2019-06-14,9233.7998046875,9244.7001953125,9169.2998046875,9194.2001953125,9194.2001953125,114978600
2019-06-17,9199.599609375,9205.099609375,9127.900390625,9131.7001953125,9131.7001953125,118121500
2019-06-18,9112.900390625,9253.400390625,9060.400390625,9240.7001953125,9240.7001953125,200005900
2019-06-19,9257.2998046875,9263.2998046875,9192.400390625,9231.2001953125,9231.2001953125,180123200
2019-06-20,9272.099609375,9292.7001953125,9204.7998046875,9208.5,9208.5,208459300
2019-06-21,9228.2001953125,9297.7001953125,9209.2998046875,9227.2001953125,9227.2001953125,332946000
2019-06-24,9230,9285.400390625,9173.2998046875,9192.5,9192.5,121857400
2019-06-25,9165.2998046875,9173.2001953125,9120.7001953125,9159.7998046875,9159.7998046875,147680800
2019-06-26,9162.2998046875,9220.7001953125,9142.400390625,9157.400390625,9157.400390625,147062800
2019-06-27,9168,9196.7998046875,9125.7998046875,9147.7998046875,9147.7998046875,137193400
2019-06-28,9148.7998046875,9216.2998046875,9118.5,9198.7998046875,9198.7998046875,152187200
2019-07-01,9290.2998046875,9314.2998046875,9217.5,9264.599609375,9264.599609375,150272600
2019-07-02,9284,9298.400390625,9223.400390625,9281.5,9281.5,126162300
2019-07-03,9290.5,9407.5,9277.099609375,9394.400390625,9394.400390625,135394000
2019-07-04,9371,9402.400390625,9355.2001953125,9401,9401,159068600
2019-07-05,9391.7001953125,9417.7998046875,9314.2001953125,9335,9335,165025000
2019-07-08,9303.2998046875,9340.2001953125,9268.900390625,9284.7001953125,9284.7001953125,141917000
2019-07-09,9258.7001953125,9273.900390625,9227.599609375,9273.900390625,9273.900390625,137948800
2019-07-10,9241.2998046875,9299.599609375,9218.2998046875,9252.900390625,9252.900390625,140842800
2019-07-11,9268.2001953125,9300.400390625,9230.7998046875,9280.2998046875,9280.2998046875,110811300
2019-07-12,9284.7001953125,9318.7001953125,9281.7001953125,9293.2001953125,9293.2001953125,117153600
2019-07-15,9313.2001953125,9355.2998046875,9280.099609375,9323.599609375,9323.599609375,115955100
2019-07-16,9326,9393.900390625,9316.2998046875,9377.099609375,9377.099609375,125329000
2019-07-17,9359.099609375,9363.099609375,9277.099609375,9284.2001953125,9284.2001953125,141211100
2019-07-18,9198.5,9258.900390625,9180.5,9225.7001953125,9225.7001953125,155709800
2019-07-19,9263.099609375,9289.400390625,9152.900390625,9170.5,9170.5,167669600
2019-07-22,9172.599609375,9194.7998046875,9137.400390625,9163.5,9163.5,131493500
2019-07-23,9224.099609375,9299,9210.900390625,9281.599609375,9281.599609375,157246300
2019-07-24,9287.400390625,9341.2998046875,9269.5,9329.7001953125,9329.7001953125,142611300
2019-07-25,9354.599609375,9453,9232,9289.900390625,9289.900390625,209481800
2019-07-26,9281.099609375,9290.2001953125,9204.900390625,9225.5,9225.5,220713700
2019-07-29,9201.2998046875,9257.400390625,9194.400390625,9215.400390625,9215.400390625,143203100
2019-07-30,9216.400390625,9216.400390625,8957,8986.599609375,8986.599609375,229899500
2019-07-31,8993.599609375,9002.2998046875,8946.7001953125,8971,8971,175707000
2019-08-01,8947.599609375,9038.2001953125,8939.400390625,9038.2001953125,9038.2001953125,148850400
2019-08-02,8905.7001953125,8997,8870.7001953125,8897.599609375,8897.599609375,236593200
2019-08-05,8824,8864.5,8753,8777.2001953125,8777.2001953125,182745400
2019-08-06,8774.599609375,8820.900390625,8699.400390625,8699.400390625,8699.400390625,177519500
2019-08-07,8743.7001953125,8820.7001953125,8679.7998046875,8746.099609375,8746.099609375,175612000
2019-08-08,8828.7998046875,8869,8790.5,8869,8869,161818100
2019-08-09,8814.099609375,8825.599609375,8740.2998046875,8757.7998046875,8757.7998046875,157538800
2019-08-12,8796.900390625,8811,8675.7998046875,8676.400390625,8676.400390625,141735900
2019-08-13,8628.2001953125,8782,8610.2001953125,8695.099609375,8695.099609375,200738700
2019-08-14,8684,8684,8497.900390625,8522.7001953125,8522.7001953125,193781300
2019-08-15,8551.099609375,8566,8409.2001953125,8519,8519,186021200
2019-08-16,8530,8670.7001953125,8530,8670.400390625,8670.400390625,307070400
2019-08-19,8726.900390625,8774.400390625,8702.7001953125,8733.2998046875,8733.2998046875,149328300
2019-08-20,8707.099609375,8727.599609375,8618.2998046875,8618.2998046875,8618.2998046875,140086000
2019-08-21,8645.900390625,8722.900390625,8644.2998046875,8701.5,8701.5,109016400
2019-08-22,8684.400390625,8806.400390625,8675.599609375,8716.400390625,8716.400390625,143420500
2019-08-23,8764.400390625,8782.599609375,8649.5,8649.5,8649.5,133607400
2019-08-26,8603.2998046875,8702,8592.2001953125,8679.2001953125,8679.2001953125,86668500
2019-08-27,8682.2001953125,8767.900390625,8662.099609375,8728.900390625,8728.900390625,156833800
2019-08-28,8711.5,8753.7998046875,8678.900390625,8747.099609375,8747.099609375,107404400
2019-08-29,8728.2001953125,8841.099609375,8725.900390625,8794.2998046875,8794.2998046875,142695300
2019-08-30,8809.099609375,8858.7998046875,8797.099609375,8812.900390625,8812.900390625,146442000
2019-09-02,8810.7998046875,8858.400390625,8804.900390625,8815.5,8815.5,97947400
2019-09-03,8806.7998046875,8828.7998046875,8772.7998046875,8809.2001953125,8809.2001953125,158817500
2019-09-04,8872.2998046875,8904.5,8856.599609375,8856.599609375,8856.599609375,169520500
2019-09-05,8913,8995.400390625,8908.099609375,8992.7001953125,8992.7001953125,215605500
2019-09-06,8992.7998046875,9025.900390625,8958.599609375,8990.099609375,8990.099609375,168793800
2019-09-09,8997.7001953125,9026.2998046875,8987.599609375,9010.599609375,9010.599609375,179010000
2019-09-10,9007.400390625,9088.099609375,8947.7001953125,9078.2001953125,9078.2001953125,265631700
2019-09-11,9109.2998046875,9124,9029.400390625,9059.5,9059.5,212019200
2019-09-12,9078.099609375,9112.900390625,8994.2998046875,9082.2998046875,9082.2998046875,231323500
2019-09-13,9099.7998046875,9153.5,9084.2998046875,9137.900390625,9137.900390625,226196600
2019-09-16,9099.900390625,9101.2001953125,9049,9052,9052,174344900
2019-09-17,9050.599609375,9052.099609375,8975.7998046875,9004.2001953125,9004.2001953125,221426400
2019-09-18,9016.5,9049.7001953125,8963.7998046875,9031.7001953125,9031.7001953125,182235100
2019-09-19,9043.099609375,9138.5,9027.7998046875,9136,9136,168884400
2019-09-20,9137,9210.900390625,9132.2001953125,9179,9179,405543700
2019-09-23,9154.900390625,9168.2998046875,9055.900390625,9093.599609375,9093.599609375,161360300
2019-09-24,9116.099609375,9154.2001953125,9103.7998046875,9118.2001953125,9118.2001953125,139483100
2019-09-25,9087.2001953125,9119.2001953125,9000.900390625,9085.2998046875,9085.2998046875,148045500
2019-09-26,9064.599609375,9143,9061.400390625,9129.7001953125,9129.7001953125,132267400
2019-09-27,9149.7001953125,9210.5,9131,9184.099609375,9184.099609375,127034300
2019-09-30,9194.7998046875,9257.2998046875,9189.599609375,9244.599609375,9244.599609375,177878400
2019-10-01,9277,9298.7998046875,9165.099609375,9165.900390625,9165.900390625,150847200
2019-10-02,9150.099609375,9157.099609375,8912.2001953125,8912.2001953125,8912.2001953125,193947900
2019-10-03,8935.7998046875,8971.400390625,8850.599609375,8902.2001953125,8902.2001953125,152587800
2019-10-04,8944.2001953125,8961.7998046875,8858.599609375,8961.7998046875,8961.7998046875,148747800
2019-10-07,8954.7001953125,9046.2998046875,8930.400390625,9044.099609375,9044.099609375,131080300
2019-10-08,9066.5,9071.5,8900.7998046875,8940.099609375,8940.099609375,140370600
2019-10-09,8952.7001953125,9035.599609375,8934.2001953125,8991.900390625,8991.900390625,103638000
2019-10-10,8997.400390625,9112.2001953125,8970.2998046875,9104.400390625,9104.400390625,156096600
2019-10-11,9112.900390625,9273.7998046875,9104.7998046875,9273.7998046875,9273.7998046875,248406500
2019-10-14,9229.2001953125,9247.599609375,9195.2001953125,9246.5,9246.5,125125400
2019-10-15,9292,9370.2998046875,9278.2998046875,9356.099609375,9356.099609375,191056900
2019-10-16,9346.5,9398.599609375,9288.2001953125,9386.7001953125,9386.7001953125,205491300
2019-10-17,9360.900390625,9494.5,9340,9340,9340,195287100
2019-10-18,9310.2998046875,9362.2001953125,9307.599609375,9329.7998046875,9329.7998046875,150240700
2019-10-21,9350.2998046875,9424.2998046875,9342.099609375,9402.2998046875,9402.2998046875,167986800
2019-10-22,9393.2998046875,9417.400390625,9344.599609375,9380.2001953125,9380.2001953125,139500300
2019-10-23,9339.2998046875,9392.2998046875,9332.400390625,9385,9385,146308800
2019-10-24,9413.5,9448,9378.599609375,9391.7998046875,9391.7998046875,157225400
2019-10-25,9409.900390625,9433.2998046875,9381.099609375,9430.2001953125,9430.2001953125,124881200
2019-10-28,9432.2998046875,9455.599609375,9394.599609375,9433,9433,123721700
2019-10-29,9440.7001953125,9445.5,9362.2001953125,9400.099609375,9400.099609375,155531300
2019-10-30,9384.5,9386.599609375,9219.7001953125,9284.5,9284.5,192868000
2019-10-31,9296.2998046875,9305.2998046875,9208.900390625,9257.5,9257.5,227115200
2019-11-01,9293.099609375,9343.099609375,9252.7998046875,9328,9328,160721600
2019-11-04,9376.5,9439,9354.2998046875,9416.400390625,9416.400390625,180099600
2019-11-05,9424.2001953125,9432.2998046875,9373.7998046875,9407.900390625,9407.900390625,218124200
2019-11-06,9407.2998046875,9443.900390625,9360.900390625,9398.400390625,9398.400390625,173974000
2019-11-07,9435.400390625,9482.5,9409.599609375,9447.2998046875,9447.2998046875,190107600
2019-11-08,9418.5,9436.099609375,9369.7001953125,9393.7001953125,9393.7001953125,182548400
2019-11-11,9370.2998046875,9400.400390625,9334.400390625,9388.5,9388.5,153710200
2019-11-12,9427.7998046875,9436.7998046875,9306.7001953125,9306.7001953125,9306.7001953125,182145300
2019-11-13,9270.2001953125,9270.2001953125,9132.7998046875,9194.5,9194.5,246050000
2019-11-14,9203.099609375,9216.900390625,9170.2998046875,9173.2998046875,9173.2998046875,154125900
2019-11-15,9222.099609375,9273.2998046875,9186.900390625,9261.400390625,9261.400390625,161258700
2019-11-18,9265.099609375,9293.099609375,9213,9258,9258,135267700
2019-11-19,9288,9327.5,9234.400390625,9259.2001953125,9259.2001953125,121796100
2019-11-20,9223.7001953125,9240.400390625,9165.400390625,9225.400390625,9225.400390625,139899200
2019-11-21,9175.099609375,9223.099609375,9152.099609375,9214,9214,142003800
2019-11-22,9238.5,9295.5,9229.7001953125,9254.7001953125,9254.7001953125,173881100
2019-11-25,9300,9340.2998046875,9292.2998046875,9319.900390625,9319.900390625,128376200
2019-11-26,9323.599609375,9329.7001953125,9288.2001953125,9324.7998046875,9324.7998046875,214687000
2019-11-27,9353.5,9388.7001953125,9333.400390625,9362.7001953125,9362.7001953125,135045800
2019-11-28,9353.599609375,9373.099609375,9343.7998046875,9359,9359,107163700
2019-11-29,9334.5,9404.5,9312.5,9352,9352,140835600
2019-12-02,9367.2001953125,9390.900390625,9146.599609375,9156.2998046875,9156.2998046875,200666300
2019-12-03,9176.7998046875,9209.7998046875,9110.099609375,9135.7001953125,9135.7001953125,162636000
2019-12-04,9146.2001953125,9277.599609375,9144.7998046875,9270.7998046875,9270.7998046875,152240500
2019-12-05,9284.2998046875,9325.7998046875,9243.400390625,9243.400390625,9243.400390625,120855300
2019-12-06,9267.2998046875,9395.400390625,9247.7001953125,9382.7001953125,9382.7001953125,125323400
2019-12-09,9378.2001953125,9403.5,9354.599609375,9354.599609375,9354.599609375,106942600
2019-12-10,9355.599609375,9355.7001953125,9246.099609375,9321.099609375,9321.099609375,136834300
2019-12-11,9315.400390625,9421.5,9300.2998046875,9392.5,9392.5,145840600
2019-12-12,9416.2998046875,9505.599609375,9370,9468.5,9468.5,213476500
2019-12-13,9598.2001953125,9650.900390625,9554.099609375,9563.7001953125,9563.7001953125,261410400
2019-12-16,9607.900390625,9692.400390625,9599.7001953125,9680.599609375,9680.599609375,163326900
2019-12-17,9630.7001953125,9652.400390625,9608.099609375,9615.900390625,9615.900390625,157680000
2019-12-18,9606.099609375,9659.2001953125,9606.099609375,9621.7998046875,9621.7998046875,156463700
2019-12-19,9622.599609375,9635.400390625,9567.400390625,9617.2001953125,9617.2001953125,165383700
2019-12-20,9620.400390625,9675.5,9605.7998046875,9675.5,9675.5,366705600
2019-12-23,9650.2001953125,9670.900390625,9639,9659.599609375,9659.599609375,119328700
2019-12-24,9632.099609375,9661.7998046875,9607.7998046875,9661.7998046875,9661.7998046875,35436200
2019-12-25,NA,NA,NA,NA,NA,NA
2019-12-27,9673,9700.5,9657.5,9700.5,9700.5,103106600
2019-12-30,9672.5,9682.099609375,9612.599609375,9612.599609375,9612.599609375,95100900
2019-12-31,9564.900390625,9564.900390625,9518.5,9549.2001953125,9549.2001953125,62697500
2020-01-02,9639.099609375,9705.400390625,9615.099609375,9691.2001953125,9691.2001953125,142379600
2020-01-03,9631.2001953125,9650.7001953125,9581.2001953125,9646.599609375,9646.599609375,135130000
2020-01-06,9585.400390625,9618.2001953125,9492.7001953125,9600.900390625,9600.900390625,103520400
2020-01-07,9623.099609375,9657.900390625,9557.900390625,9579.7998046875,9579.7998046875,133476100
2020-01-08,9535.099609375,9604.2998046875,9520.2998046875,9591.400390625,9591.400390625,133957600
2020-01-09,9629.2001953125,9644.7998046875,9573.7998046875,9581.7998046875,9581.7998046875,151793500
2020-01-10,9611.2998046875,9623.599609375,9557.900390625,9573.599609375,9573.599609375,132894500
2020-01-13,9586.599609375,9586.599609375,9507.400390625,9543.900390625,9543.900390625,124149000
2020-01-14,9548.099609375,9548.400390625,9466,9528.2998046875,9528.2998046875,143774600
2020-01-15,9521.2001953125,9530.2001953125,9475,9511.7001953125,9511.7001953125,161995000
2020-01-16,9516.7001953125,9579.5,9481.599609375,9572.5,9572.5,133841500
2020-01-17,9616.099609375,9709.900390625,9611.2998046875,9681.2998046875,9681.2998046875,159823200
2020-01-20,9676.599609375,9680.900390625,9623.099609375,9658.7998046875,9658.7998046875,99959200
2020-01-21,9593.400390625,9620.7001953125,9550,9611.2998046875,9611.2998046875,126448800
2020-01-22,9622,9632.7998046875,9557,9573.7001953125,9573.7001953125,134567800
2020-01-23,9549.400390625,9604.7001953125,9499.2998046875,9518.5,9518.5,169141000
2020-01-24,9576.7998046875,9639.900390625,9552.5,9562,9562,154731100
2020-01-27,9447.099609375,9482.7998046875,9357.7998046875,9366.2998046875,9366.2998046875,164515500
2020-01-28,9401.7998046875,9488,9363.7998046875,9484.2001953125,9484.2001953125,154919400
2020-01-29,9532.7001953125,9574.2998046875,9510.7001953125,9546.7001953125,9546.7001953125,187145800
2020-01-30,9460.7998046875,9528.400390625,9439.2998046875,9477.900390625,9477.900390625,164094200
2020-01-31,9519.2998046875,9545.099609375,9365.099609375,9367.900390625,9367.900390625,303553700
2020-02-03,9404.400390625,9431.599609375,9361.5,9404.7001953125,9404.7001953125,168665700
2020-02-04,9465.900390625,9577.2998046875,9462.400390625,9562.900390625,9562.900390625,174133900
2020-02-05,9553.400390625,9721.900390625,9540.2001953125,9717.7998046875,9717.7998046875,221922900
2020-02-06,9767.099609375,9816.2001953125,9757,9811.2998046875,9811.2998046875,248416700
2020-02-07,9789.2998046875,9816.2001953125,9761.7998046875,9811,9811,179586900
2020-02-10,9790.599609375,9820.400390625,9773.5,9816,9816,132132500
2020-02-11,9863.400390625,9884,9817.7998046875,9882.599609375,9882.599609375,167628300
2020-02-12,9897.900390625,9946.599609375,9888.599609375,9940.400390625,9940.400390625,199830200
2020-02-13,9893.900390625,9910.099609375,9794.2998046875,9909.7998046875,9909.7998046875,161753500
2020-02-14,9910.900390625,9969.7001953125,9905.2001953125,9956.7998046875,9956.7998046875,127061800
2020-02-17,9979.2001953125,10022.2001953125,9955.2001953125,10022.2001953125,10022.2001953125,105784200
2020-02-18,9977.400390625,10041.5,9967.7998046875,10005.7998046875,10005.7998046875,184042000
2020-02-19,10042,10100.2001953125,10020.7001953125,10083.599609375,10083.599609375,151866100
2020-02-20,10048.7001953125,10050.2998046875,9931,9931,9931,178849000
2020-02-21,9893,9946.400390625,9843.5,9886.2001953125,9886.2001953125,194954500
2020-02-24,9649.7998046875,9676.7998046875,9459.599609375,9483.5,9483.5,256063800
2020-02-25,9507,9518.900390625,9248,9250.7998046875,9250.7998046875,263346200
2020-02-26,9213,9362.7998046875,9030.7001953125,9316.7998046875,9316.7998046875,299256300
2020-02-27,9182.2001953125,9204.400390625,8877.400390625,8985.900390625,8985.900390625,341792600
2020-02-28,8748.099609375,8818.599609375,8582.7001953125,8723.2001953125,8723.2001953125,497983900
2020-03-02,8910.2001953125,8913.5,8541.099609375,8741.5,8741.5,355485000
2020-03-03,8860.2001953125,9014.2998046875,8776.400390625,8811.599609375,8811.599609375,351219900
2020-03-04,8827.7998046875,8963.7001953125,8745.900390625,8910,8910,321258300
2020-03-05,8960.7998046875,8962.5,8639.900390625,8683,8683,342803500
2020-03-06,8532.599609375,8542,8310.400390625,8375.599609375,8375.599609375,345901100
2020-03-09,7884,8022.89990234375,7621.39990234375,7708.7001953125,7708.7001953125,598769200
2020-03-10,7815.60009765625,8007.7001953125,7440.60009765625,7461.5,7461.5,506034000
2020-03-11,7589.2998046875,7717.10009765625,7364.60009765625,7436.39990234375,7436.39990234375,369150100
2020-03-12,7040.7998046875,7077.7001953125,6347,6390.89990234375,6390.89990234375,723609100
2020-03-13,6763.7001953125,7140.5,6468.2998046875,6629.60009765625,6629.60009765625,473165800
2020-03-16,6331,6362.5,5814.5,6107.2001953125,6107.2001953125,583614700
2020-03-17,6444.5,6557.2998046875,6083,6498.5,6498.5,388451800
2020-03-18,6370.5,6524.2001953125,6174.10009765625,6274.7998046875,6274.7998046875,398609500
2020-03-19,6368.2001953125,6506.39990234375,6228.2998046875,6395.7998046875,6395.7998046875,346225500
2020-03-20,6645.39990234375,6769.89990234375,6371.10009765625,6443.2998046875,6443.2998046875,486796200
2020-03-23,6223.7001953125,6472,6148,6230.2001953125,6230.2001953125,282033200
2020-03-24,6433.2998046875,6717.2998046875,6403.60009765625,6717.2998046875,6717.2998046875,301211900
2020-03-25,6985.89990234375,7058.10009765625,6625.7998046875,6942.39990234375,6942.39990234375,322631900
2020-03-26,6789,7033.2001953125,6759.10009765625,7033.2001953125,7033.2001953125,248806600
2020-03-27,6916.7001953125,6936.7001953125,6661.89990234375,6777.89990234375,6777.89990234375,225316500
2020-03-30,6748.60009765625,6789.10009765625,6507,6659.89990234375,6659.89990234375,232005200
2020-03-31,6746.7998046875,6802,6624.7001953125,6785.39990234375,6785.39990234375,258181200
2020-04-01,6627.2998046875,6687.7998046875,6565.2001953125,6579.39990234375,6579.39990234375,235113700
2020-04-02,6633.7001953125,6658.89990234375,6424.5,6574.10009765625,6574.10009765625,233309800
2020-04-03,6563.60009765625,6632.5,6509.39990234375,6581.60009765625,6581.60009765625,215387500
2020-04-06,6807.89990234375,6874.89990234375,6728.60009765625,6844.2998046875,6844.2998046875,225965400
2020-04-07,6986.89990234375,7119.10009765625,6903.60009765625,7002,7002,260857500
2020-04-08,6930.2001953125,6952.5,6860.60009765625,6951.7998046875,6951.7998046875,155910100
2020-04-09,7049.2998046875,7116.7998046875,6918.7001953125,7070.60009765625,7070.60009765625,240348600
2020-04-14,7209.7001953125,7209.7001953125,7080.2998046875,7108.60009765625,7108.60009765625,259986200
2020-04-15,7065.60009765625,7086.7998046875,6816.39990234375,6839.5,6839.5,289924500
2020-04-16,6930.7998046875,6950.89990234375,6733.10009765625,6763.39990234375,6763.39990234375,237962600
2020-04-17,6942.5,7000.2998046875,6845,6875.7998046875,6875.7998046875,251272600
2020-04-20,6932.5,6933.2998046875,6715,6831.5,6831.5,186644500
2020-04-21,6741.2998046875,6760.89990234375,6634.89990234375,6634.89990234375,6634.89990234375,200783000
2020-04-22,6685.10009765625,6729.60009765625,6654.2001953125,6719.7998046875,6719.7998046875,177928500
2020-04-23,6758.7001953125,6797.60009765625,6713.60009765625,6746.5,6746.5,163723500
2020-04-24,6641.2998046875,6710.7998046875,6578.10009765625,6613.89990234375,6613.89990234375,182925300
2020-04-27,6780.89990234375,6790.10009765625,6667.2998046875,6731.7998046875,6731.7998046875,147263100
2020-04-28,6724.60009765625,6857.89990234375,6707.89990234375,6836.39990234375,6836.39990234375,233782400
2020-04-29,6829.39990234375,7055.7001953125,6816.7998046875,7055.7001953125,7055.7001953125,247762400
2020-04-30,7084.7998046875,7128.39990234375,6918.2998046875,6922.2998046875,6922.2998046875,314979200
2020-05-04,6767.7001953125,6767.7001953125,6673.2998046875,6673.2998046875,6673.2998046875,241555200
2020-05-05,6772.2001953125,6815.89990234375,6680.7001953125,6747.7001953125,6747.7001953125,203873600
2020-05-06,6719.7998046875,6762.5,6666.2001953125,6671.7001953125,6671.7001953125,166015200
2020-05-07,6714.89990234375,6747.2001953125,6666.39990234375,6730.89990234375,6730.89990234375,167460700
2020-05-08,6790.7001953125,6807.39990234375,6715.39990234375,6783.10009765625,6783.10009765625,128578300
2020-05-11,6830.89990234375,6854.7001953125,6651.7001953125,6672.2001953125,6672.2001953125,217443300
2020-05-12,6672.7001953125,6795.10009765625,6663.2001953125,6762.7001953125,6762.7001953125,172853600
2020-05-13,6694,6728.2001953125,6631.39990234375,6631.39990234375,6631.39990234375,245673600
2020-05-14,6569.7001953125,6609,6421.39990234375,6545.60009765625,6545.60009765625,258952900
2020-05-15,6594.39990234375,6624.2998046875,6466,6474.89990234375,6474.89990234375,203854400
2020-05-18,6583.10009765625,6790.2001953125,6558.10009765625,6779.2998046875,6779.2998046875,203486600
2020-05-19,6864.2001953125,6872.60009765625,6555.60009765625,6609.10009765625,6609.10009765625,501358300
2020-05-20,6593.39990234375,6697.10009765625,6499.10009765625,6683.60009765625,6683.60009765625,341451800
2020-05-21,6612.7001953125,6773.39990234375,6579.89990234375,6686.10009765625,6686.10009765625,258583100
2020-05-22,6618.2001953125,6751.7998046875,6585.7001953125,6697.5,6697.5,292688300
2020-05-25,6766.60009765625,6856.7998046875,6725.2001953125,6856.7998046875,6856.7998046875,187072800
2020-05-26,6940.60009765625,7023.7998046875,6917.10009765625,7003.89990234375,7003.89990234375,383729100
2020-05-27,7034,7229,7030.2001953125,7174.5,7174.5,501006600
2020-05-28,7237.2998046875,7244.5,7141.39990234375,7224.10009765625,7224.10009765625,375466600
2020-05-29,7164.2998046875,7201.7998046875,7096.5,7096.5,7096.5,903979900
2020-06-01,7228.7001953125,7276,7160.10009765625,7221.39990234375,7221.39990234375,291929600
2020-06-02,7264,7445.2998046875,7236.89990234375,7408.10009765625,7408.10009765625,402947100
2020-06-03,7487.2998046875,7629.7001953125,7448.89990234375,7626.39990234375,7626.39990234375,445036400
2020-06-04,7567.7001953125,7669.2001953125,7516,7566.7998046875,7566.7998046875,514858000
2020-06-05,7672,7890.39990234375,7664.10009765625,7872.60009765625,7872.60009765625,573283900
2020-06-08,7813.10009765625,7992.7001953125,7796.60009765625,7896.10009765625,7896.10009765625,557213300
2020-06-09,7878.2001953125,7914.7001953125,7683.2001953125,7752.2998046875,7752.2998046875,453061900
2020-06-10,7779.7998046875,7861,7649.39990234375,7663.89990234375,7663.89990234375,355564600
2020-06-11,7486.5,7486.5,7278,7278,7278,456667800
2020-06-12,7232.2001953125,7425.2998046875,7205,7292.7001953125,7292.7001953125,370125100
2020-06-15,7116.89990234375,7309.39990234375,7062.89990234375,7259.2998046875,7259.2998046875,329041900
2020-06-16,7420.7998046875,7599.2998046875,7349.7001953125,7495.2998046875,7495.2998046875,388212600
2020-06-17,7458.10009765625,7552.5,7402.5,7478.7001953125,7478.7001953125,333500600
2020-06-18,7436.39990234375,7495.2001953125,7318.10009765625,7390.2001953125,7390.2001953125,326763200
2020-06-19,7444.2001953125,7502.10009765625,7401,7414.2001953125,7414.2001953125,634635200
2020-06-22,7371.60009765625,7426.89990234375,7300.7001953125,7345.7001953125,7345.7001953125,220420500
2020-06-23,7408.7998046875,7495.10009765625,7366.60009765625,7438.39990234375,7438.39990234375,260896400
2020-06-24,7403.89990234375,7440.89990234375,7195.5,7195.5,7195.5,248464400
2020-06-25,7176.39990234375,7295.7998046875,7077.7998046875,7270.2998046875,7270.2998046875,267871700
2020-06-26,7324.5,7344.89990234375,7172.10009765625,7178.39990234375,7178.39990234375,215724300
2020-06-29,7160.10009765625,7318.2998046875,7146.2998046875,7278.10009765625,7278.10009765625,216619400
2020-06-30,7270.60009765625,7307.5,7173,7231.39990234375,7231.39990234375,233654700
2020-07-01,7245.60009765625,7283.89990234375,7127.10009765625,7227.39990234375,7227.39990234375,194032100
2020-07-02,7292.7001953125,7538.2001953125,7292.7001953125,7498.60009765625,7498.60009765625,310243600
2020-07-03,7510.2998046875,7520.60009765625,7374.89990234375,7403.5,7403.5,181467000
2020-07-06,7566.5,7632.2998046875,7517.2998046875,7556.2001953125,7556.2001953125,253508300
2020-07-07,7491.5,7511.2998046875,7441.2998046875,7447.39990234375,7447.39990234375,191351100
2020-07-08,7361,7382.7001953125,7307.39990234375,7326.39990234375,7326.39990234375,213489300
2020-07-09,7369.89990234375,7383.5,7221.10009765625,7236.89990234375,7236.89990234375,176465600
2020-07-10,7198.39990234375,7324.2998046875,7183.2001953125,7321.10009765625,7321.10009765625,182314500
2020-07-13,7403.2001953125,7452.10009765625,7345.89990234375,7426.89990234375,7426.89990234375,179024200
2020-07-14,7344.39990234375,7352,7268.39990234375,7352,7352,201386900
2020-07-15,7416.10009765625,7529.60009765625,7317.60009765625,7487.60009765625,7487.60009765625,262957900
2020-07-16,7438.7998046875,7498,7425.2998046875,7474.7001953125,7474.7001953125,178623900
2020-07-17,7474.10009765625,7485,7395.7998046875,7440.39990234375,7440.39990234375,196831900
2020-07-20,7442.5,7495.5,7365.10009765625,7478,7478,148683100
2020-07-21,7554.2001953125,7654.7998046875,7473.5,7494.5,7494.5,300453100
2020-07-22,7474.7001953125,7498.60009765625,7368.2001953125,7390.10009765625,7390.10009765625,192701200
2020-07-23,7434.7001953125,7442.2001953125,7357.2001953125,7384.89990234375,7384.89990234375,167589000
2020-07-24,7301.7998046875,7322.7001953125,7241.10009765625,7294.7001953125,7294.7001953125,183906100
2020-07-27,7267.7998046875,7268,7141.2998046875,7170.60009765625,7170.60009765625,232707600
2020-07-28,7191.89990234375,7257.2998046875,7170.60009765625,7246.39990234375,7246.39990234375,162297200
2020-07-29,7247.60009765625,7260.2001953125,7171.2998046875,7206.2001953125,7206.2001953125,210361700
2020-07-30,7192.2998046875,7192.7001953125,6924.7001953125,6996.60009765625,6996.60009765625,324376500
2020-07-31,7025.2001953125,7049.5,6877.39990234375,6877.39990234375,6877.39990234375,312298100
2020-08-03,6867.39990234375,6983.2998046875,6788.89990234375,6975,6975,282337300
2020-08-04,7003,7064.7998046875,6955.39990234375,7021.60009765625,7021.60009765625,225242000
2020-08-05,7073.2001953125,7123.5,7027.7001953125,7039.7001953125,7039.7001953125,208795900
2020-08-06,7022.10009765625,7046.10009765625,6917,6957.89990234375,6957.89990234375,205847300
2020-08-07,6929.10009765625,6961.7998046875,6876.7001953125,6950.5,6950.5,184151000
2020-08-10,7004.39990234375,7053.89990234375,6957,7053.89990234375,7053.89990234375,208030800
2020-08-11,7104,7290.10009765625,7104,7263.5,7263.5,271632300
2020-08-12,7250.2998046875,7317.89990234375,7225.7001953125,7296,7296,219850300
2020-08-13,7267.89990234375,7321.89990234375,7240.7998046875,7250.5,7250.5,159766300
2020-08-14,7224.10009765625,7227.60009765625,7064,7154.2998046875,7154.2998046875,175803800
2020-08-17,7141.5,7173.2998046875,7064.10009765625,7090.10009765625,7090.10009765625,131241200
2020-08-18,7065.7001953125,7165.60009765625,7024.39990234375,7043.5,7043.5,142775200
2020-08-19,7039.10009765625,7094.2998046875,7002.7998046875,7094.2998046875,7094.2998046875,132230000
2020-08-20,7011.39990234375,7034.5,6974.89990234375,6993.2998046875,6993.2998046875,155668600
2020-08-21,7016.7001953125,7025.89990234375,6900.5,6982.10009765625,6982.10009765625,171116500
2020-08-24,7044.2001953125,7120.7998046875,7037.2998046875,7109.10009765625,7109.10009765625,147789200
2020-08-25,7147.89990234375,7215.10009765625,7103.2001953125,7108.39990234375,7108.39990234375,189748500
2020-08-26,7088.39990234375,7136.5,7070.39990234375,7123,7123,122064500
2020-08-27,7114.10009765625,7130.2001953125,7029.2001953125,7090.7001953125,7090.7001953125,162183000
2020-08-28,7114.7001953125,7162.89990234375,7055.10009765625,7133,7133,193354900
2020-08-31,7174.2998046875,7198.2998046875,6960,6969.5,6969.5,205260600
2020-09-01,7038.5,7042,6903,6956.89990234375,6956.89990234375,226079800
2020-09-02,6973.10009765625,7046.10009765625,6963.89990234375,6996.89990234375,6996.89990234375,208505300
2020-09-03,7065.2001953125,7159.60009765625,6971.2001953125,7006,7006,246671100
2020-09-04,7015.7001953125,7133.39990234375,6954.7001953125,6989.7001953125,6989.7001953125,462539100
2020-09-07,7032.7998046875,7098,7013,7080.7001953125,7080.7001953125,257575100
2020-09-08,7087.89990234375,7102.60009765625,6899,6955,6955,246699200
2020-09-09,6946.39990234375,7038.60009765625,6938.89990234375,7020.89990234375,7020.89990234375,202896600
2020-09-10,7020.60009765625,7050.89990234375,6967.39990234375,6999.2001953125,6999.2001953125,211096000
2020-09-11,6989.39990234375,7000.89990234375,6910.39990234375,6943.2001953125,6943.2001953125,209115200
2020-09-14,6989.7998046875,7005.7001953125,6935,6951.10009765625,6951.10009765625,199767400
2020-09-15,6958.89990234375,7064,6954.7998046875,7036,7036,204185200
2020-09-16,7048.2998046875,7110.7998046875,7020.7001953125,7110.7998046875,7110.7998046875,239805900
2020-09-17,7027.10009765625,7101.7998046875,7013.7998046875,7086.2001953125,7086.2001953125,214242300
2020-09-18,7073.7998046875,7075.2998046875,6923.60009765625,6929.7998046875,6929.7998046875,975212000
2020-09-21,6892.89990234375,6892.89990234375,6678.7998046875,6692.2998046875,6692.2998046875,384701000
2020-09-22,6752.89990234375,6758,6645.60009765625,6648.60009765625,6648.60009765625,286493700
2020-09-23,6717.7998046875,6781.10009765625,6654.2001953125,6654.2001953125,6654.2001953125,294826200
2020-09-24,6577.60009765625,6705.7001953125,6562.60009765625,6643.39990234375,6643.39990234375,285830200
2020-09-25,6647.39990234375,6681.89990234375,6552.2998046875,6628.2998046875,6628.2998046875,263364400
2020-09-28,6709.2001953125,6798.89990234375,6681.39990234375,6791.5,6791.5,212053800
2020-09-29,6769.5,6790.7001953125,6713.60009765625,6713.60009765625,6713.60009765625,198774100
2020-09-30,6663.60009765625,6771.10009765625,6639.7001953125,6716.60009765625,6716.60009765625,247927500
2020-10-01,6789.10009765625,6800.7998046875,6701.2001953125,6730.7001953125,6730.7001953125,227516000
2020-10-02,6675.39990234375,6754.5,6648.89990234375,6754.5,6754.5,227139400
2020-10-05,6814.5,6851,6794.10009765625,6837.89990234375,6837.89990234375,237493400
2020-10-06,6860.10009765625,6975.39990234375,6838.7998046875,6936.2001953125,6936.2001953125,265233500
2020-10-07,6920.2001953125,6952.60009765625,6887.10009765625,6910.10009765625,6910.10009765625,207416200
2020-10-08,6953.2001953125,7018.7998046875,6951.7001953125,6992.7998046875,6992.7998046875,202093000
2020-10-09,6992.89990234375,7024.60009765625,6936.7001953125,6950.89990234375,6950.89990234375,182746300
2020-10-12,6968.7998046875,6979.89990234375,6924.7998046875,6951,6951,167258200
2020-10-13,6945.2001953125,6960.60009765625,6854.60009765625,6875.2001953125,6875.2001953125,205874300
2020-10-14,6880.39990234375,6946.7998046875,6846.5,6916.60009765625,6916.60009765625,178694400
2020-10-15,6840.2001953125,6842.2998046875,6763,6816.7998046875,6816.7998046875,237247000
2020-10-16,6851.89990234375,6877,6784.60009765625,6849.7001953125,6849.7001953125,234162000
2020-10-19,6882.10009765625,6932.7998046875,6816.39990234375,6860.2001953125,6860.2001953125,173622600
2020-10-20,6834.7998046875,6972.10009765625,6826.7001953125,6927.2998046875,6927.2998046875,221477800
2020-10-21,6961.5,6962.2001953125,6806.10009765625,6811.5,6811.5,207333200
2020-10-22,6775.2001953125,6839.5,6709.2998046875,6796.60009765625,6796.60009765625,212045300
2020-10-23,6802.10009765625,6902,6791.89990234375,6893.39990234375,6893.39990234375,221927800
2020-10-26,6797.89990234375,6904.2001953125,6789.7001953125,6796.89990234375,6796.89990234375,195991200
2020-10-27,6845.2001953125,6846.7001953125,6647,6651.2998046875,6651.2998046875,273169200
2020-10-28,6560.7998046875,6563.7998046875,6423.2998046875,6474.39990234375,6474.39990234375,323758000
2020-10-29,6467.7001953125,6514,6329.5,6411.7998046875,6411.7998046875,298195700
2020-10-30,6351.39990234375,6461.60009765625,6345.2998046875,6452.2001953125,6452.2001953125,260708300
2020-11-02,6481.39990234375,6590.7001953125,6396.2998046875,6585.60009765625,6585.60009765625,222245200
2020-11-03,6636.10009765625,6760.7998046875,6608.7001953125,6751.60009765625,6751.60009765625,281852500
2020-11-04,6616.7001953125,6790.7998046875,6563.7001953125,6781.89990234375,6781.89990234375,274816200
2020-11-05,6833.5,6948.2998046875,6814.2001953125,6924.2001953125,6924.2001953125,255824700
2020-11-06,6890.60009765625,6940.39990234375,6829.39990234375,6870.39990234375,6870.39990234375,206308100
2020-11-09,6972.2998046875,7535.2998046875,6945.7998046875,7459.39990234375,7459.39990234375,751200600
2020-11-10,7447.10009765625,7720.2998046875,7439.5,7711.39990234375,7711.39990234375,705610500
2020-11-11,7733.7998046875,7804.60009765625,7675.7998046875,7793.7001953125,7793.7001953125,401246900
2020-11-12,7721.7001953125,7773.2998046875,7688,7726,7726,309657400
2020-11-13,7698.60009765625,7823.10009765625,7686.2001953125,7783.7001953125,7783.7001953125,297808600
2020-11-16,7905.89990234375,8102.39990234375,7879,7986.2001953125,7986.2001953125,601880600
2020-11-17,7979,7979,7835.7998046875,7934.2998046875,7934.2998046875,428970100
2020-11-18,7914.10009765625,7994.2998046875,7888.7001953125,7981.5,7981.5,296385800
2020-11-19,7907.2001953125,7978.7998046875,7863.89990234375,7930.2001953125,7930.2001953125,261607300
2020-11-20,7938.7998046875,8001.10009765625,7920,7977.89990234375,7977.89990234375,232651500
2020-11-23,8029.10009765625,8067.2998046875,7972.2001953125,7981.2001953125,7981.2001953125,278313000
2020-11-24,8052.39990234375,8143.2001953125,8045.2998046875,8143.2001953125,8143.2001953125,351639600
2020-11-25,8172.39990234375,8199.900390625,8084.39990234375,8164.7001953125,8164.7001953125,294450000
2020-11-26,8184.7998046875,8184.89990234375,8086.7001953125,8104.60009765625,8104.60009765625,218317400
2020-11-27,8069.10009765625,8190.7001953125,8054.39990234375,8190.7001953125,8190.7001953125,415126100
2020-11-30,8130.60009765625,8165.2001953125,8075.39990234375,8076.89990234375,8076.89990234375,544905000
2020-12-01,8112.7001953125,8176.39990234375,8100.2001953125,8140.7998046875,8140.7998046875,284946100
2020-12-02,8111.10009765625,8226.2001953125,8104.2001953125,8220.7998046875,8220.7998046875,310837500
2020-12-03,8208.099609375,8223.400390625,8154.7998046875,8200.7001953125,8200.7001953125,233469300
2020-12-04,8201.2001953125,8322.900390625,8197,8322.900390625,8322.900390625,352968100
2020-12-07,8283.2998046875,8296.400390625,8225.5,8275.599609375,8275.599609375,228160200
2020-12-08,8262.400390625,8273.599609375,8206.2998046875,8227.599609375,8227.599609375,202823300
2020-12-09,8262.2001953125,8292.599609375,8223.099609375,8235.2998046875,8235.2998046875,212038900
2020-12-10,8260.2998046875,8284.2998046875,8124.89990234375,8182.2998046875,8182.2998046875,272111500
2020-12-11,8147.7998046875,8151.39990234375,7978.10009765625,8063.10009765625,8063.10009765625,269809400
2020-12-14,8160.2001953125,8222.5,8140.5,8140.7998046875,8140.7998046875,225309600
2020-12-15,8153.2001953125,8166.60009765625,8099.7001953125,8152.39990234375,8152.39990234375,213877000
2020-12-16,8166.39990234375,8209.7001953125,8104.39990234375,8139.5,8139.5,218432700
2020-12-17,8164.60009765625,8180.7998046875,8110.5,8153.39990234375,8153.39990234375,193099700
2020-12-18,8114.2998046875,8159.39990234375,8036.7001953125,8037.39990234375,8037.39990234375,355173100
2020-12-21,7860.89990234375,7872.2998046875,7663.5,7789.7998046875,7789.7998046875,339116800
2020-12-22,7822,7942.39990234375,7818,7934.2001953125,7934.2001953125,187112500
2020-12-23,7948.7998046875,8084.2001953125,7940,8073.60009765625,8073.60009765625,183108500
2020-12-24,8101.2001953125,8112.39990234375,8073.2998046875,8111.5,8111.5,83708200
2020-12-28,8179.2998046875,8192.099609375,8122.2001953125,8155.60009765625,8155.60009765625,147457600
2020-12-29,8203.2001953125,8225.7998046875,8167,8174.7998046875,8174.7998046875,143794800
2020-12-30,8174.2001953125,8194.2001953125,8149.7998046875,8154.39990234375,8154.39990234375,129930500
2020-12-31,8116.89990234375,8129.7998046875,8073.7001953125,8073.7001953125,8073.7001953125,82261100
2021-01-04,8191.7998046875,8207.2001953125,8053,8099.2001953125,8099.2001953125,213153000
2021-01-05,8052.2001953125,8118.10009765625,8037.39990234375,8091.5,8091.5,173796400
2021-01-06,8179.7998046875,8383.7001953125,8134.10009765625,8350.2998046875,8350.2998046875,275695700
2021-01-07,8383.7998046875,8399.5,8274.099609375,8385.7998046875,8385.7998046875,247341500
2021-01-08,8439.7001953125,8439.7001953125,8366.2001953125,8407.7001953125,8407.7001953125,204981400
2021-01-11,8369.2001953125,8411.900390625,8317,8357.5,8357.5,188251800
2021-01-12,8375.2001953125,8396.2998046875,8322.400390625,8345.900390625,8345.900390625,207298100
2021-01-13,8353.900390625,8386.599609375,8318.7001953125,8361.099609375,8361.099609375,206409700
2021-01-14,8360.900390625,8394.400390625,8335.900390625,8372.400390625,8372.400390625,196757600
2021-01-15,8332.2001953125,8361.7001953125,8173.7998046875,8230.7001953125,8230.7001953125,251305100
2021-01-18,8194.7001953125,8259.400390625,8180.7001953125,8254.5,8254.5,122092800
2021-01-19,8303.7001953125,8320.2001953125,8198.400390625,8199,8199,162964400
2021-01-20,8220.2998046875,8240.900390625,8140.2998046875,8204.099609375,8204.099609375,147519500
2021-01-21,8234.5,8275.900390625,8117.89990234375,8122.10009765625,8122.10009765625,179934200
2021-01-22,8072.7001953125,8078.10009765625,7971.10009765625,8036.39990234375,8036.39990234375,233703000
2021-01-25,8076.89990234375,8085.7998046875,7846,7897.2998046875,7897.2998046875,218852300
2021-01-26,7907.7001953125,8008.5,7907.7001953125,7964.89990234375,7964.89990234375,177642900
2021-01-27,7950.39990234375,7995.5,7782.5,7852.7001953125,7852.7001953125,208275300
2021-01-28,7767.2001953125,7958.89990234375,7713.5,7932.5,7932.5,201655300
2021-01-29,7825.7998046875,7882.89990234375,7757.2998046875,7757.5,7757.5,250623200
2021-02-01,7823,7842.2998046875,7779.7998046875,7798.2001953125,7798.2001953125,182007000
2021-02-02,7844.60009765625,7958.89990234375,7828.10009765625,7950.89990234375,7950.89990234375,238438100
2021-02-03,8048.2001953125,8088.2001953125,7983.2998046875,8012.7998046875,8012.7998046875,220821600
2021-02-04,8031.39990234375,8122.60009765625,8005.39990234375,8122.60009765625,8122.60009765625,241673000
2021-02-05,8129.7998046875,8227.2001953125,8107.2998046875,8214.7001953125,8214.7001953125,261535200
2021-02-08,8251.7998046875,8260.2998046875,8187.89990234375,8219,8219,203539900
2021-02-09,8216.7998046875,8219,8090.7998046875,8101,8101,159552300
2021-02-10,8127.2001953125,8144.2998046875,8026.89990234375,8065.39990234375,8065.39990234375,170296200
2021-02-11,8067.10009765625,8095.10009765625,8008.2001953125,8037.60009765625,8037.60009765625,136461900
2021-02-12,8025,8055,7921.2998046875,8055,8055,157832900
2021-02-15,8124.39990234375,8218.599609375,8108.2001953125,8203.5,8203.5,193906300
2021-02-16,8215.099609375,8222.2998046875,8129.2001953125,8153.7001953125,8153.7001953125,164686700
2021-02-17,8140.7998046875,8176.2998046875,8073.89990234375,8122.7001953125,8122.7001953125,190607900
2021-02-18,8133.5,8168.60009765625,8045.2998046875,8058.10009765625,8058.10009765625,151455500
2021-02-19,8066.7001953125,8172.60009765625,8016.10009765625,8151.60009765625,8151.60009765625,209007000
2021-02-22,8119.60009765625,8126.2998046875,8045.2998046875,8112.2001953125,8112.2001953125,221465900
2021-02-23,8128,8259.900390625,8107.60009765625,8252.099609375,8252.099609375,293160800
2021-02-24,8266.599609375,8311.5,8205.2001953125,8269.599609375,8269.599609375,225852700
2021-02-25,8331.2001953125,8387,8310.7001953125,8317.7998046875,8317.7998046875,309755000
2021-02-26,8218.599609375,8377.099609375,8166.2998046875,8225,8225,291865800
2021-03-01,8324.599609375,8395.900390625,8291.2998046875,8378.099609375,8378.099609375,182097000
2021-03-02,8360.900390625,8436.5,8328.599609375,8355.7998046875,8355.7998046875,177712100
2021-03-03,8397.599609375,8466.599609375,8278.5,8329.2998046875,8329.2998046875,240923800
2021-03-04,8285.099609375,8382.2001953125,8273.900390625,8354,8354,207044300
2021-03-05,8322.099609375,8387.099609375,8239.7001953125,8286.7998046875,8286.7998046875,259819800
2021-03-08,8358,8458.400390625,8307.5,8444.2001953125,8444.2001953125,235094900
2021-03-09,8446.2998046875,8516.2001953125,8416,8496.400390625,8496.400390625,281898000
2021-03-10,8479.5,8561.099609375,8462.2998046875,8525.2001953125,8525.2001953125,203746300
2021-03-11,8567.599609375,8609.5,8495.7998046875,8593,8593,189021600
2021-03-12,8570,8644.5,8554.400390625,8644.5,8644.5,149113500
2021-03-15,8689.900390625,8740.099609375,8617.599609375,8635.400390625,8635.400390625,210887200
2021-03-16,8679.400390625,8717.599609375,8617.7998046875,8657.7001953125,8657.7001953125,209943700
2021-03-17,8652.099609375,8659.099609375,8570.099609375,8599.5,8599.5,173237000
2021-03-18,8632.599609375,8658.7998046875,8587.099609375,8624.599609375,8624.599609375,237338400
2021-03-19,8560.099609375,8591.2001953125,8465.900390625,8493,8493,375052600
2021-03-22,8430.2001953125,8432.599609375,8324.7998046875,8343.5,8343.5,229082300
2021-03-23,8316.7001953125,8425.900390625,8274.2001953125,8390.2998046875,8390.2998046875,203402800
2021-03-24,8351.2998046875,8443.7001953125,8288.7998046875,8443.7001953125,8443.7001953125,187924600
2021-03-25,8420.2998046875,8439.2001953125,8299.7001953125,8409.5,8409.5,161359200
2021-03-26,8480.5,8528.7998046875,8437.7998046875,8498.2001953125,8498.2001953125,233895700
2021-03-29,8502.7998046875,8540.400390625,8451.5,8492.099609375,8492.099609375,177594200
2021-03-30,8542.900390625,8612.2998046875,8532.400390625,8595.2001953125,8595.2001953125,171860100
2021-03-31,8594.7001953125,8652.2001953125,8568,8580,8580,265542300
2021-04-01,8595.599609375,8610.099609375,8542.7001953125,8577.599609375,8577.599609375,150979000
2021-04-06,8673.2001953125,8691.900390625,8615.5,8634.599609375,8634.599609375,201717300
2021-04-07,8648.2998046875,8661.7998046875,8592.2001953125,8597.400390625,8597.400390625,137394800
2021-04-08,8626.5,8637.7998046875,8564.400390625,8637.7998046875,8637.7998046875,165761800
2021-04-09,8639.2998046875,8647.400390625,8565.7998046875,8565.7998046875,8565.7998046875,133458400
2021-04-12,8556.099609375,8556.900390625,8481,8532.599609375,8532.599609375,131409400
2021-04-13,8533.2001953125,8568.2998046875,8467.2998046875,8525.099609375,8525.099609375,152574000
2021-04-14,8532.599609375,8595.7001953125,8510.099609375,8588.400390625,8588.400390625,133519000
2021-04-15,8603.099609375,8621.900390625,8564.7001953125,8571.599609375,8571.599609375,146073800
2021-04-16,8585,8656.400390625,8553.599609375,8613.5,8613.5,176861600
2021-04-19,8613.7998046875,8741.400390625,8609.2998046875,8711.400390625,8711.400390625,171375300
2021-04-20,8699.400390625,8703.900390625,8450.7001953125,8459.400390625,8459.400390625,214621600
2021-04-21,8492.900390625,8566.2998046875,8426.2001953125,8519.7998046875,8519.7998046875,175189200
2021-04-22,8548.599609375,8656.7998046875,8527.5,8656.7998046875,8656.7998046875,136381300
2021-04-23,8629.400390625,8674,8571.7001953125,8618.599609375,8618.599609375,118119300
2021-04-26,8629.900390625,8714.599609375,8590.599609375,8701.900390625,8701.900390625,162998200
2021-04-27,8690.7998046875,8756.7001953125,8655.2998046875,8756.7001953125,8756.7001953125,183162900
2021-04-28,8779.099609375,8815.900390625,8717.599609375,8799.599609375,8799.599609375,218196700
2021-04-29,8821.7998046875,8869.900390625,8801.400390625,8823.2001953125,8823.2001953125,261774400
2021-04-30,8822.2998046875,8860.400390625,8808.599609375,8815,8815,267612000
2021-05-03,8821.599609375,8904.7001953125,8796.2998046875,8893.7001953125,8893.7001953125,150399700
2021-05-04,8906,9002.400390625,8811.900390625,8830.400390625,8830.400390625,231895800
2021-05-05,8896.7001953125,8967.7998046875,8881.400390625,8967.7998046875,8967.7998046875,180443400
2021-05-06,8982.599609375,9010.5,8912.2001953125,8982.2001953125,8982.2001953125,188334200
2021-05-07,9042,9065.900390625,8982.900390625,9059.2001953125,9059.2001953125,191889900
2021-05-10,9121.5,9149.099609375,9061.099609375,9144.2998046875,9144.2998046875,237075400
2021-05-11,9065.099609375,9078.7001953125,8948.099609375,8987.2001953125,8987.2001953125,232088700
2021-05-12,8990.2001953125,9055.2001953125,8953.400390625,9007.7001953125,9007.7001953125,195759200
2021-05-13,8932.7001953125,8989.599609375,8804.2998046875,8966.2001953125,8966.2001953125,173524400
2021-05-14,9036.2998046875,9149,9005.900390625,9145.599609375,9145.599609375,161364300
2021-05-17,9166.7001953125,9203,9099.5,9155.599609375,9155.599609375,164174400
2021-05-18,9214.2001953125,9241.5,9127.2001953125,9183.900390625,9183.900390625,176037400
2021-05-19,9121.400390625,9164.7001953125,8977.900390625,9070.7001953125,9070.7001953125,200253900
2021-05-20,9112.099609375,9124.2998046875,8997.2001953125,9124.2998046875,9124.2998046875,138305200
2021-05-21,9129.599609375,9223.900390625,9110.599609375,9204,9204,175406200
2021-05-24,9230.400390625,9243.2001953125,9170.7998046875,9205.5,9205.5,91842700
2021-05-25,9220.900390625,9245.599609375,9197,9208.7001953125,9208.7001953125,147285300
2021-05-26,9232,9243.400390625,9144.900390625,9196.900390625,9196.900390625,160831700
2021-05-27,9183.7998046875,9254.7001953125,9173.5,9186.099609375,9186.099609375,325441300
2021-05-28,9237.7998046875,9243.2998046875,9204.2998046875,9224.599609375,9224.599609375,192320800
2021-05-31,9224.2001953125,9226.099609375,9148.900390625,9148.900390625,9148.900390625,102386400
2021-06-01,9167.2998046875,9226.7998046875,9137.2001953125,9189.7001953125,9189.7001953125,143121400
2021-06-02,9198.2998046875,9216,9152,9180.7001953125,9180.7001953125,137506400
2021-06-03,9179.7998046875,9189.400390625,9086.599609375,9142.400390625,9142.400390625,164216700
2021-06-04,9144.5,9158.7998046875,9071.2001953125,9088.2998046875,9088.2998046875,131208100
2021-06-07,9076.099609375,9175.900390625,9042,9163.599609375,9163.599609375,129664800
2021-06-08,9159.599609375,9204.7998046875,9110.599609375,9153.599609375,9153.599609375,144263700
2021-06-09,9157.2001953125,9185,9128.7998046875,9156.099609375,9156.099609375,124744700
2021-06-10,9190.7998046875,9205.099609375,9113.099609375,9133.7998046875,9133.7998046875,154773800
2021-06-11,9144,9211.7998046875,9131.099609375,9205,9205,107059800
2021-06-14,9238.7001953125,9302.7001953125,9233,9281.099609375,9281.099609375,135889000
2021-06-15,9310.7998046875,9310.7998046875,9220.7001953125,9230.7001953125,9230.7001953125,119439700
2021-06-16,9266.2998046875,9274.599609375,9201,9202.2001953125,9202.2001953125,161804400
2021-06-17,9178.7998046875,9272,9170.7001953125,9195.900390625,9195.900390625,203696100
2021-06-18,9166.2998046875,9185.400390625,8976.400390625,9030.599609375,9030.599609375,452775400
2021-06-21,8970.099609375,9063.2001953125,8906,9051.7001953125,9051.7001953125,167378300
2021-06-22,9073.7001953125,9073.7001953125,8998.7998046875,9053.2998046875,9053.2998046875,137668000
2021-06-23,9072.2001953125,9092.7001953125,8954.099609375,8954.099609375,8954.099609375,112812200
2021-06-24,9015.400390625,9098.099609375,8985.099609375,9074.099609375,9074.099609375,130938500
2021-06-25,9101,9107.2001953125,9034.599609375,9095,9095,130343900
2021-06-28,9075.5,9083.5,8913.7001953125,8913.7001953125,8913.7001953125,152784500
2021-06-29,8897.400390625,8957.599609375,8884.7998046875,8915.099609375,8915.099609375,142239100
2021-06-30,8892.7001953125,8903.7001953125,8765.2998046875,8821.2001953125,8821.2001953125,190176400
2021-07-01,8862.2998046875,8957.7998046875,8862.2001953125,8932.2998046875,8932.2998046875,122723600
2021-07-02,8951.7001953125,8968.099609375,8873.599609375,8907.599609375,8907.599609375,115691700
2021-07-05,8900.5,8965.5,8862.400390625,8946.400390625,8946.400390625,100801100
2021-07-06,8924.099609375,8959.900390625,8837.2001953125,8860.7998046875,8860.7998046875,152719800
2021-07-07,8877.900390625,8904.5,8826,8854.5,8854.5,149997700
2021-07-08,8768.099609375,8772.900390625,8597.7998046875,8650.099609375,8650.099609375,201968800
2021-07-09,8680.7998046875,8780.7001953125,8654.5,8776.599609375,8776.599609375,141622900
2021-07-12,8791.900390625,8822,8696.7998046875,8816.7001953125,8816.7001953125,103461800
2021-07-13,8824.2998046875,8832.2001953125,8676.7001953125,8694.7998046875,8694.7998046875,133852800
2021-07-14,8674.7001953125,8712,8625.599609375,8658.2998046875,8658.2998046875,120506000
2021-07-15,8626.400390625,8626.400390625,8507.400390625,8527,8527,131271100
2021-07-16,8546.599609375,8607.400390625,8423.099609375,8506.2001953125,8506.2001953125,147772600
2021-07-19,8450.900390625,8455.2001953125,8252.2001953125,8301.7001953125,8301.7001953125,212387300
2021-07-20,8337.7998046875,8384.7998046875,8265.599609375,8358,8358,155554100
2021-07-21,8390.900390625,8585.400390625,8384.2998046875,8567,8567,160923000
2021-07-22,8604.099609375,8683.7001953125,8601.5,8621.7998046875,8621.7998046875,140853100
2021-07-23,8657.400390625,8757.5,8652.099609375,8717.2001953125,8717.2001953125,123289800
2021-07-26,8655.099609375,8786.7001953125,8630.7001953125,8775.2001953125,8775.2001953125,136517300
2021-07-27,8723.7001953125,8768.5,8651.7001953125,8699.2001953125,8699.2001953125,131607900
2021-07-28,8716.900390625,8774.599609375,8691.7998046875,8733.7001953125,8733.7001953125,153261800
2021-07-29,8765.099609375,8840.7001953125,8753.7998046875,8786.2998046875,8786.2998046875,188717200
2021-07-30,8737.5,8753.5,8665.7001953125,8675.7001953125,8675.7001953125,203148300
2021-08-02,8723.2998046875,8815.2001953125,8723.2998046875,8758.7001953125,8758.7001953125,140846000
2021-08-03,8780.2001953125,8824.2001953125,8735.599609375,8772.7998046875,8772.7998046875,131903900
2021-08-04,8806.599609375,8806.599609375,8735.400390625,8792.900390625,8792.900390625,117417500
2021-08-05,8780,8842.2998046875,8747.400390625,8836.5,8836.5,108944800
2021-08-06,8839.900390625,8892.599609375,8796.7998046875,8879,8879,139018600
2021-08-09,8870.2001953125,8893.7001953125,8843.599609375,8865.900390625,8865.900390625,102353900
2021-08-10,8867.599609375,8903.2001953125,8842.400390625,8899,8899,106389600
2021-08-11,8915.900390625,8981.5,8911.900390625,8975.7998046875,8975.7998046875,112210300
2021-08-12,8974.099609375,8999.599609375,8961.5,8979.400390625,8979.400390625,98153900
2021-08-13,8987.900390625,9015.7001953125,8978.099609375,8999.7998046875,8999.7998046875,90564900
2021-08-16,8933.7001953125,8979.900390625,8900.2001953125,8926.599609375,8926.599609375,96313400
2021-08-17,8872.400390625,8880.2001953125,8833.2998046875,8865.7001953125,8865.7001953125,128850900
2021-08-18,8852.7001953125,8978.2998046875,8845.900390625,8970.2001953125,8970.2001953125,112288100
2021-08-19,8839.900390625,8952.2001953125,8809.2001953125,8902.2001953125,8902.2001953125,137588100
2021-08-20,8893.7001953125,8941.099609375,8851.5,8915.2998046875,8915.2998046875,126918700
2021-08-23,8973.400390625,8989.900390625,8910.900390625,8968.099609375,8968.099609375,91085100
2021-08-24,8996.099609375,9010.900390625,8884.2998046875,8948.599609375,8948.599609375,101636400
2021-08-25,8958.7001953125,9000,8947.2998046875,8977.400390625,8977.400390625,128024000
2021-08-26,8945,8946.400390625,8890.099609375,8892.7001953125,8892.7001953125,101735300
2021-08-27,8899.099609375,8924.099609375,8848.900390625,8922.2001953125,8922.2001953125,74733200
2021-08-30,8925.7001953125,8936.2001953125,8853,8867.900390625,8867.900390625,54118400
2021-08-31,8880.599609375,8913.2001953125,8783.2998046875,8846.599609375,8846.599609375,185163000
2021-09-01,8923.7001953125,9055.5,8923.7001953125,8991.5,8991.5,132646000
2021-09-02,8982.099609375,9020.7001953125,8958,8981.400390625,8981.400390625,100427500
2021-09-03,8981.5,8984.5,8852.599609375,8864,8864,139726800
2021-09-06,8889.5,8915.900390625,8874.2998046875,8882.2998046875,8882.2998046875,67762300
2021-09-07,8889.900390625,8899.7998046875,8848.5,8894.5,8894.5,114239200
2021-09-08,8856.5,8912.5,8748.2001953125,8838.7001953125,8838.7001953125,155622500
2021-09-09,8783.400390625,8828.599609375,8725.2001953125,8800.599609375,8800.599609375,149890500
2021-09-10,8826.099609375,8832.599609375,8668.400390625,8695.2998046875,8695.2998046875,139696400
2021-09-13,8724.2001953125,8837.599609375,8721.400390625,8816.099609375,8816.099609375,115679900
2021-09-14,8801.400390625,8848.099609375,8751.7001953125,8780,8780,128773000
2021-09-15,8756.7001953125,8772.599609375,8629,8635.400390625,8635.400390625,178101000
2021-09-16,8659.599609375,8757.400390625,8659.599609375,8733.7001953125,8733.7001953125,186043200
2021-09-17,8789.7001953125,8858.2998046875,8760.900390625,8760.900390625,8760.900390625,588035300
2021-09-20,8643.7001953125,8690.2998046875,8551.2001953125,8655.400390625,8655.400390625,277154700
2021-09-21,8710,8807.7998046875,8710,8756,8756,194808200
2021-09-22,8826.2998046875,8841,8772.599609375,8808.400390625,8808.400390625,173512900
2021-09-23,8882,8908.2998046875,8853.900390625,8876.900390625,8876.900390625,151032900
2021-09-24,8848.5,8898.2998046875,8835.5,8873.099609375,8873.099609375,140557900
2021-09-27,8925.099609375,9011.900390625,8881.2001953125,9002.900390625,9002.900390625,203426300
2021-09-28,9014.2998046875,9034.7001953125,8769.400390625,8769.400390625,8769.400390625,207454000
2021-09-29,8820.5,8895.7001953125,8784,8879.400390625,8879.400390625,178659800
2021-09-30,8943.7001953125,8954.599609375,8785,8796.2998046875,8796.2998046875,195050400
2021-10-01,8693.400390625,8807.7001953125,8654.7998046875,8799.5,8799.5,182239800
2021-10-04,8801.7001953125,8882.099609375,8770.099609375,8791.7001953125,8791.7001953125,149564600
2021-10-05,8803.2001953125,8927.400390625,8784.7998046875,8927.400390625,8927.400390625,169714200
2021-10-06,8884.900390625,8884.900390625,8723.7998046875,8775,8775,183948100
2021-10-07,8880.599609375,8974.2998046875,8877.2001953125,8962.7998046875,8962.7998046875,201215200
2021-10-08,8964.900390625,9000.7998046875,8931.7998046875,8955,8955,141240900
2021-10-11,8929.400390625,8965.7001953125,8875.5,8899,8899,125070900
2021-10-12,8807.7001953125,8935.900390625,8759.7998046875,8935.900390625,8935.900390625,163366100
2021-10-13,8915.7001953125,8928,8861.400390625,8881.400390625,8881.400390625,191875300
2021-10-14,8944.5,9001.2001953125,8889.099609375,8925,8925,155212800
2021-10-15,8969.5,9016.5,8944.099609375,8997,8997,217374300
2021-10-18,8984.400390625,8994.599609375,8885.400390625,8936,8936,139680500
2021-10-19,8959.5,9020,8943.2001953125,8996.2998046875,8996.2998046875,160869900
2021-10-20,8966.599609375,9038,8958.900390625,9017.900390625,9017.900390625,160127000
2021-10-21,8964.599609375,8989.7001953125,8928.2998046875,8944.2998046875,8944.2998046875,153309300
2021-10-22,8952.2001953125,8959.7001953125,8906.400390625,8906.400390625,8906.400390625,134363800
2021-10-25,8932.7998046875,8963.7001953125,8891.900390625,8920.900390625,8920.900390625,159716400
2021-10-26,8925.5,9026.5,8915.7001953125,9001.599609375,9001.599609375,137320700
2021-10-27,8995.099609375,8999.099609375,8925.599609375,8972.2998046875,8972.2998046875,167907900
2021-10-28,8958.900390625,9030.2001953125,8918,9025.7998046875,9025.7998046875,180332000
2021-10-29,9002.599609375,9057.7001953125,8944.5,9057.7001953125,9057.7001953125,228787400
2021-11-01,9064.599609375,9198.099609375,9061.599609375,9182.599609375,9182.599609375,164893900
2021-11-02,9160.599609375,9162.2998046875,9102,9105.7001953125,9105.7001953125,130170200
2021-11-03,9084.5,9084.7998046875,8989.5,9030.7998046875,9030.7998046875,162875200
2021-11-04,9054.2998046875,9096.2001953125,9011.2998046875,9039.400390625,9039.400390625,221406600
2021-11-05,9038,9164.099609375,9001.2001953125,9130.599609375,9130.599609375,193267200
2021-11-08,9133.099609375,9156.599609375,9069.5,9070.7998046875,9070.7998046875,135353600
2021-11-09,9051,9128.5,9043.2998046875,9074.900390625,9074.900390625,132145800
2021-11-10,9059.599609375,9150.7001953125,9059.599609375,9141.7998046875,9141.7998046875,146839500
2021-11-11,9127.900390625,9164.099609375,9079,9092.2001953125,9092.2001953125,150325800
2021-11-12,9079.599609375,9093.599609375,9045.2001953125,9080.7998046875,9080.7998046875,119663100
2021-11-15,9036.099609375,9104.7001953125,8992.400390625,9095.7001953125,9095.7001953125,144108200
2021-11-16,9086.099609375,9118,9037.5,9040.2001953125,9040.2001953125,155279200
2021-11-17,9042.900390625,9046.2998046875,8993.400390625,8993.400390625,8993.400390625,139172900
2021-11-18,8984.7001953125,9013.2001953125,8885.7998046875,8903.2001953125,8903.2001953125,181599400
2021-11-19,8942,8954.2998046875,8713.2001953125,8753.2001953125,8753.2001953125,278697700
2021-11-22,8774.099609375,8846.2998046875,8737.2998046875,8821.2998046875,8821.2998046875,204208200
2021-11-23,8763,8873.400390625,8700.099609375,8815.099609375,8815.099609375,196115700
2021-11-24,8827.5,8865.599609375,8759.2001953125,8792,8792,174078100
2021-11-25,8814.599609375,8850.099609375,8795.099609375,8840.900390625,8840.900390625,118560500
2021-11-26,8592.2998046875,8592.2998046875,8386.900390625,8402.7001953125,8402.7001953125,453060000
2021-11-29,8487.599609375,8562,8431.7001953125,8455.2001953125,8455.2001953125,240648500
2021-11-30,8345.5,8414,8260.7001953125,8305.099609375,8305.099609375,369395400
2021-12-01,8357.099609375,8474.2001953125,8342,8452.599609375,8452.599609375,203999700
2021-12-02,8335.7001953125,8390,8264.2998046875,8300.7998046875,8300.7998046875,197930100
2021-12-03,8371.900390625,8374.2998046875,8210.2001953125,8241.7001953125,8241.7001953125,169541900
2021-12-06,8323.7998046875,8446.7001953125,8288.599609375,8439.7001953125,8439.7001953125,143535600
2021-12-07,8523.599609375,8560.900390625,8472.7001953125,8559.5,8559.5,170695000
2021-12-08,8527.599609375,8582.400390625,8462.5,8478.400390625,8478.400390625,221534000
2021-12-09,8490.2998046875,8490.2998046875,8394.2998046875,8399.599609375,8399.599609375,144639700
2021-12-10,8356.7001953125,8410.400390625,8339.5,8360.2001953125,8360.2001953125,116318700
2021-12-13,8380.599609375,8408.900390625,8289.599609375,8322.7001953125,8322.7001953125,140412000
2021-12-14,8358.7998046875,8411.7001953125,8356.2001953125,8378.5,8378.5,163938900
2021-12-15,8382.900390625,8382.900390625,8268,8275,8275,147413800
2021-12-16,8387.400390625,8433.7001953125,8356.7998046875,8380,8380,198862600
2021-12-17,8328.5,8344.400390625,8246.7998046875,8311.599609375,8311.599609375,323190600
2021-12-20,8113.5,8271.7001953125,8082.39990234375,8242.400390625,8242.400390625,172112600
2021-12-21,8344.7001953125,8394.2001953125,8274.7998046875,8387.5,8387.5,143384500
2021-12-22,8388.900390625,8461.7998046875,8373.2001953125,8459.099609375,8459.099609375,115841000
2021-12-23,8476.7998046875,8587.7001953125,8469.7001953125,8563.7001953125,8563.7001953125,142486900
2021-12-27,8512.2001953125,8634.2998046875,8508.400390625,8622.099609375,8622.099609375,93359100
2021-12-28,8623.5,8703.599609375,8617,8688.900390625,8688.900390625,90378100
2021-12-29,8691.5,8697.599609375,8641.2998046875,8673.7001953125,8673.7001953125,110775600
2021-12-30,8665.7998046875,8728,8661.5,8713.7998046875,8713.7998046875,127210400
2022-01-03,8729.7001953125,8808.099609375,8725,8761.2001953125,8761.2001953125,117500900
2022-01-04,8821.599609375,8834.099609375,8784.7001953125,8795.7998046875,8795.7998046875,192378100
2022-01-05,8799.599609375,8821.599609375,8768.099609375,8790.7998046875,8790.7998046875,146051700
2022-01-06,8664.599609375,8789.900390625,8628.900390625,8789.900390625,8789.900390625,174962400
2022-01-07,8781.900390625,8796.5,8709.5,8751.7998046875,8751.7998046875,170218700
2022-01-10,8771.400390625,8775.400390625,8679.5,8706.900390625,8706.900390625,183558300
2022-01-11,8726.7998046875,8790,8719,8755.900390625,8755.900390625,169260700
2022-01-12,8803.099609375,8804.099609375,8754.7998046875,8770.2998046875,8770.2998046875,164262600
2022-01-13,8755.900390625,8817.099609375,8750.2998046875,8816.900390625,8816.900390625,155323200
2022-01-14,8767.400390625,8810.099609375,8739.7001953125,8806.599609375,8806.599609375,158545900
2022-01-17,8848.400390625,8866.599609375,8829.400390625,8838.7001953125,8838.7001953125,136556800
2022-01-18,8811,8820.900390625,8761.7998046875,8781.599609375,8781.599609375,158132300
2022-01-19,8758.599609375,8856.900390625,8749,8774.900390625,8774.900390625,226234800
2022-01-20,8783.2998046875,8825.7001953125,8737.7998046875,8814.599609375,8814.599609375,162948900
2022-01-21,8702.2998046875,8760.7998046875,8622.099609375,8694.7001953125,8694.7001953125,227841100
2022-01-24,8660,8673.5,8361.400390625,8417.7998046875,8417.7998046875,275306600
2022-01-25,8488.400390625,8529.900390625,8408.900390625,8479.5,8479.5,200726000
2022-01-26,8526.599609375,8696.400390625,8525.599609375,8620.2001953125,8620.2001953125,206013700
2022-01-27,8503.599609375,8740.599609375,8489.7998046875,8706,8706,267817900
2022-01-28,8705.7001953125,8713.099609375,8515,8609.7998046875,8609.7998046875,187559100
2022-01-31,8697.099609375,8705.099609375,8564.599609375,8612.7998046875,8612.7998046875,213539000
2022-02-01,8679.900390625,8745.099609375,8665,8726.7001953125,8726.7001953125,208657000
2022-02-02,8782.900390625,8785.2001953125,8713.2001953125,8713.2001953125,8713.2001953125,182818500
2022-02-03,8694.400390625,8735.599609375,8660.099609375,8689.400390625,8689.400390625,276245200
2022-02-04,8741.599609375,8770.099609375,8551.099609375,8589.2998046875,8589.2998046875,314163100
2022-02-07,8646.2998046875,8649.7998046875,8509,8558.400390625,8558.400390625,255601400
2022-02-08,8576.400390625,8702.2998046875,8572.5,8674.599609375,8674.599609375,282897600
2022-02-09,8736.2998046875,8850.2001953125,8716.900390625,8846.400390625,8846.400390625,262478800
2022-02-10,8871.5,8912.2001953125,8819.099609375,8886.2001953125,8886.2001953125,281274100
2022-02-11,8797.2998046875,8833.5,8766.5,8798.099609375,8798.099609375,213210700
2022-02-14,8583.900390625,8643.2001953125,8504.5,8573.7998046875,8573.7998046875,310665400
2022-02-15,8533.2998046875,8721.099609375,8521.2001953125,8718,8718,207323900
2022-02-16,8735.2998046875,8798,8678.2001953125,8737.2001953125,8737.2001953125,171253100
2022-02-17,8713,8749.7001953125,8631.7998046875,8671.099609375,8671.099609375,171634300
2022-02-18,8678.900390625,8708,8564.099609375,8590,8590,189687500
2022-02-21,8638.7998046875,8666.400390625,8439,8488.900390625,8488.900390625,164763000
2022-02-22,8295.2001953125,8551.099609375,8262.599609375,8493.2001953125,8493.2001953125,231609100
2022-02-23,8519.099609375,8607.5,8410.7001953125,8440.099609375,8440.099609375,190892300
2022-02-24,8084.2001953125,8254.2001953125,8048,8198.5,8198.5,526124700
2022-02-25,8242.900390625,8496.5,8188.10009765625,8486.599609375,8486.599609375,381377500
2022-02-28,8302.7998046875,8500.400390625,8286.900390625,8479.2001953125,8479.2001953125,396635800
2022-03-01,8462.099609375,8510.2998046875,8188.2001953125,8188.2001953125,8188.2001953125,360174600
2022-03-02,8145.89990234375,8371,8071.2001953125,8321,8321,339701800
2022-03-03,8296.099609375,8349.599609375,7978.39990234375,8011.39990234375,8011.39990234375,297390300
2022-03-04,7988.5,8000.2001953125,7719,7720.89990234375,7720.89990234375,395646300
2022-03-07,7510.39990234375,7769.7001953125,7287.7001953125,7644.60009765625,7644.60009765625,469180400
2022-03-08,7569.7998046875,7923.7001953125,7566.10009765625,7783.39990234375,7783.39990234375,372800500
2022-03-09,8043.39990234375,8163.10009765625,7976.2998046875,8163.10009765625,8163.10009765625,358258700
2022-03-10,8166.5,8197.099609375,7997.2001953125,8069.2998046875,8069.2998046875,320297800
2022-03-11,8115.2998046875,8375.2998046875,8068.10009765625,8142.10009765625,8142.10009765625,333210300
2022-03-14,8228.900390625,8313.400390625,8190.2998046875,8234.400390625,8234.400390625,236741400
2022-03-15,8150.2001953125,8286.7001953125,8092.7001953125,8236.099609375,8236.099609375,238010100
2022-03-16,8375.7001953125,8475.5,8324.599609375,8380.400390625,8380.400390625,331698500
2022-03-17,8409.5,8445.7998046875,8317.400390625,8412,8412,243534800
2022-03-18,8422.400390625,8434.099609375,8309.2001953125,8417.599609375,8417.599609375,336645800
2022-03-21,8417.2998046875,8465.599609375,8389.2001953125,8389.2001953125,8389.2001953125,149776400
2022-03-22,8415.7001953125,8487.2001953125,8400.7001953125,8487.2001953125,8487.2001953125,176349800
2022-03-23,8509.599609375,8522.2001953125,8328.400390625,8328.400390625,8328.400390625,184043600
2022-03-24,8352.099609375,8380,8274.5,8305.099609375,8305.099609375,175543500
2022-03-25,8314.099609375,8363.2001953125,8286.5,8330.599609375,8330.599609375,156189000
2022-03-28,8354.400390625,8485.7001953125,8354.400390625,8365.599609375,8365.599609375,167961800
2022-03-29,8451,8621,8419.7001953125,8614.599609375,8614.599609375,257812200
2022-03-30,8583.2998046875,8597.400390625,8508.900390625,8550.599609375,8550.599609375,185389000
2022-03-31,8562.599609375,8588.2998046875,8445.099609375,8445.099609375,8445.099609375,220117500
2022-04-01,8481.7001953125,8533,8442.7998046875,8503.7001953125,8503.7001953125,150411500
2022-04-04,8536.099609375,8546.400390625,8432.900390625,8520.7998046875,8520.7998046875,141856900
2022-04-05,8529.7998046875,8640.2998046875,8505.7001953125,8623.2998046875,8623.2998046875,180391500
2022-04-06,8600.599609375,8635.599609375,8418,8482.099609375,8482.099609375,273331900
2022-04-07,8512.7001953125,8635.2001953125,8451,8467.400390625,8467.400390625,223340300
2022-04-08,8562.2001953125,8625.2998046875,8543.099609375,8606.400390625,8606.400390625,175189100
2022-04-11,8580.900390625,8637.2001953125,8544,8585,8585,167801800
2022-04-12,8469.7998046875,8612.400390625,8446.2998046875,8578,8578,194796800
2022-04-13,8533.400390625,8617.7998046875,8532.900390625,8617.7998046875,8617.7998046875,161724300
2022-04-14,8626.2998046875,8756.7998046875,8606,8699,8699,172576200
2022-04-19,8677,8722.2001953125,8619.099609375,8694,8694,157017000
2022-04-20,8713.400390625,8816.2001953125,8706.7998046875,8769.5,8769.5,188717400
2022-04-21,8791.599609375,8877.7001953125,8774.599609375,8814.599609375,8814.599609375,208123800
2022-04-22,8712.5,8788.7001953125,8652.2998046875,8652.2998046875,8652.2998046875,220990200
2022-04-25,8535.599609375,8656.099609375,8511.099609375,8574.599609375,8574.599609375,189832600
2022-04-26,8687.7001953125,8703.7998046875,8435.2998046875,8439.2998046875,8439.2998046875,321479300
2022-04-27,8458.7998046875,8506.900390625,8344.900390625,8477.7001953125,8477.7001953125,243349200
2022-04-28,8515.7998046875,8554.900390625,8415.7998046875,8512.2001953125,8512.2001953125,234735800
2022-04-29,8572.099609375,8617.2998046875,8526,8584.2001953125,8584.2001953125,218569900
2022-05-02,8516.599609375,8563.2001953125,8350,8436,8436,158843800
2022-05-03,8501.900390625,8590.2001953125,8477.099609375,8590.2001953125,8590.2001953125,173278100
2022-05-04,8594.7998046875,8612.099609375,8498.400390625,8500.5,8500.5,158306400
2022-05-05,8636.7001953125,8651.2001953125,8427.599609375,8434.7001953125,8434.7001953125,252403200
2022-05-06,8398.599609375,8406.5,8283.599609375,8322,8322,314494000
2022-05-09,8280.099609375,8358.400390625,8139.2001953125,8139.2001953125,8139.2001953125,192928700
2022-05-10,8219.2998046875,8259,8138.89990234375,8139.2001953125,8139.2001953125,204415900
2022-05-11,8187.10009765625,8316.7998046875,8138.5,8312.599609375,8312.599609375,199584100
2022-05-12,8183.2001953125,8257.099609375,8134.5,8200.400390625,8200.400390625,202060000
2022-05-13,8263.400390625,8338.099609375,8244.7001953125,8338.099609375,8338.099609375,148599600
2022-05-16,8316.2998046875,8383.2001953125,8284.7998046875,8353.7001953125,8353.7001953125,118777700
2022-05-17,8422.5,8488.900390625,8409.400390625,8475.7001953125,8475.7001953125,156305200
2022-05-18,8492.7998046875,8546.400390625,8454.7998046875,8476.400390625,8476.400390625,156404000
2022-05-19,8416.099609375,8436.599609375,8341.7001953125,8406,8406,155481600
2022-05-20,8464.900390625,8546.900390625,8456.099609375,8484.5,8484.5,172383300
2022-05-23,8600.400390625,8625.7998046875,8514.7001953125,8625.7998046875,8625.7998046875,166876400
2022-05-24,8537.7998046875,8654,8534.2998046875,8631.2001953125,8631.2001953125,207033000
2022-05-25,8723.099609375,8773.900390625,8652.2001953125,8760.2001953125,8760.2001953125,203488200
2022-05-26,8787.5,8901.2001953125,8780,8888.7998046875,8888.7998046875,203819800
2022-05-27,8904,8937.7001953125,8873,8933.599609375,8933.599609375,194951400
2022-05-30,8975.599609375,8992.7001953125,8905.599609375,8930.7998046875,8930.7998046875,159281100
2022-05-31,8898.7998046875,8922.7998046875,8836.900390625,8851.5,8851.5,314821900
2022-06-01,8881.2998046875,8909.2998046875,8736.7001953125,8747.2001953125,8747.2001953125,163198400
2022-06-02,8778.900390625,8793.2001953125,8709,8744.099609375,8744.099609375,103691200
2022-06-03,8800.7001953125,8808.2001953125,8706.400390625,8724.7998046875,8724.7998046875,95868700
2022-06-06,8785.2998046875,8852.2998046875,8768.2001953125,8836.2998046875,8836.2998046875,124143400
2022-06-07,8793.2998046875,8848.7998046875,8793.2998046875,8841.599609375,8841.599609375,139318200
2022-06-08,8876.7001953125,8881.599609375,8791,8842.7001953125,8842.7001953125,145183000
2022-06-09,8812.5,8836.2998046875,8707.7998046875,8711.2001953125,8711.2001953125,174009600
2022-06-10,8662,8671.2998046875,8362.7998046875,8390.599609375,8390.599609375,271499400
2022-06-13,8312.900390625,8312.900390625,8159,8183.2998046875,8183.2998046875,266905800
2022-06-14,8229.2001953125,8280.400390625,8066.39990234375,8066.39990234375,8066.39990234375,175608800
2022-06-15,8201.2001953125,8242.2001953125,8097.7001953125,8174.7001953125,8174.7001953125,194099900
2022-06-16,8157.5,8172.10009765625,8034.7001953125,8078.10009765625,8078.10009765625,162994800
2022-06-17,8107.60009765625,8236,8025.60009765625,8145.89990234375,8145.89990234375,395310900
2022-06-20,8180.39990234375,8297,8159,8286,8286,143710700
2022-06-21,8324.5,8361.400390625,8222.7998046875,8235.599609375,8235.599609375,157761600
2022-06-22,8158.2998046875,8193.400390625,8066.60009765625,8145.39990234375,8145.39990234375,162162400
2022-06-23,8097.5,8172.89990234375,8034.2998046875,8106.39990234375,8106.39990234375,195483200
2022-06-24,8129.5,8262.2998046875,8108.5,8244.099609375,8244.099609375,174310900
2022-06-27,8266.099609375,8309.900390625,8185.5,8242.599609375,8242.599609375,132601700
2022-06-28,8292,8374.7998046875,8278.599609375,8317.5,8317.5,127855300
2022-06-29,8236.2998046875,8262.900390625,8159,8188,8188,139284000
2022-06-30,8094.7998046875,8117.2001953125,7994.2001953125,8098.7001953125,8098.7001953125,222962400
2022-07-01,8043,8206.900390625,8027.2998046875,8176.10009765625,8176.10009765625,150837600
2022-07-04,8226.2001953125,8240.400390625,8161.7998046875,8161.7998046875,8161.7998046875,117450800
2022-07-05,8191.2001953125,8209.5,7959.39990234375,7959.39990234375,7959.39990234375,193250400
2022-07-06,8040.5,8061.7001953125,7939.7001953125,7948.60009765625,7948.60009765625,249441900
2022-07-07,8026.60009765625,8128.89990234375,7998.60009765625,8122.5,8122.5,200236500
2022-07-08,8099,8137.89990234375,8034.10009765625,8100.2998046875,8100.2998046875,147633700
2022-07-11,7994.39990234375,8099.7998046875,7980.39990234375,8065.2001953125,8065.2001953125,130231900
2022-07-12,8029,8071.2998046875,7893.10009765625,8014.7998046875,8014.7998046875,365803600
2022-07-13,7991.2998046875,8002.60009765625,7891.5,7944.89990234375,7944.89990234375,198608900
2022-07-14,7903.7998046875,7922.2001953125,7764.89990234375,7804.2998046875,7804.2998046875,197271700
2022-07-15,7821.2998046875,7969.2998046875,7806.2001953125,7945.89990234375,7945.89990234375,197816100
2022-07-18,8004.7001953125,8030.10009765625,7926.7998046875,7963.10009765625,7963.10009765625,156061800
2022-07-19,7920.39990234375,8161.2001953125,7912.7001953125,8125.10009765625,8125.10009765625,201692300
2022-07-20,8156.7998046875,8173.2998046875,7989.60009765625,8028.89990234375,8028.89990234375,176080300
2022-07-21,7981.60009765625,8105.7001953125,7970.2998046875,8012.7001953125,8012.7001953125,218616100
2022-07-22,8009.39990234375,8085.2998046875,7999.2998046875,8051.60009765625,8051.60009765625,181045500
2022-07-25,8021.89990234375,8103.39990234375,8015.7001953125,8085.60009765625,8085.60009765625,124363100
2022-07-26,8063.10009765625,8097,8033.5,8069.60009765625,8069.60009765625,129251000
2022-07-27,8106.5,8149.7001953125,8054.2001953125,8124.39990234375,8124.39990234375,147895400
2022-07-28,8193.7001953125,8196.400390625,7995.39990234375,8084.89990234375,8084.89990234375,250669600
2022-07-29,8140.2998046875,8207.7998046875,8134.10009765625,8156.2001953125,8156.2001953125,249071400
2022-08-01,8161.89990234375,8230.7001953125,8071.7998046875,8085.10009765625,8085.10009765625,162088800
2022-08-02,8060.60009765625,8122.5,8049.7998046875,8096.89990234375,8096.89990234375,154636100
2022-08-03,8092.60009765625,8161.2998046875,8066.2998046875,8142.10009765625,8142.10009765625,146693600
2022-08-04,8148,8214.400390625,8133.89990234375,8161.10009765625,8161.10009765625,135699300
2022-08-05,8151.2001953125,8198,8120.5,8168,8168,144261300
2022-08-08,8220.900390625,8294.400390625,8193.2998046875,8272.5,8272.5,118565500
2022-08-09,8260,8339.599609375,8245.599609375,8311.900390625,8311.900390625,115016800
2022-08-10,8299.599609375,8367.2001953125,8295.900390625,8352.7998046875,8352.7998046875,131019400
2022-08-11,8386,8420.400390625,8368.900390625,8380,8380,104906600
2022-08-12,8383.5,8453,8371.400390625,8400.400390625,8400.400390625,118970900
2022-08-15,8423.900390625,8429.2998046875,8384.400390625,8427,8427,82277100
2022-08-16,8448.7001953125,8527.2998046875,8440.400390625,8511.900390625,8511.900390625,118720500
2022-08-17,8520.2001953125,8540,8426.5,8434.7998046875,8434.7998046875,113535300
2022-08-18,8440.7001953125,8470.099609375,8392.599609375,8430.2998046875,8430.2998046875,88536300
2022-08-19,8395,8408.7001953125,8320.900390625,8338.099609375,8338.099609375,145359800
2022-08-22,8291.599609375,8300.900390625,8213.599609375,8284.7998046875,8284.7998046875,125075200
2022-08-23,8254.900390625,8272.599609375,8205.5,8226.2998046875,8226.2998046875,102243900
2022-08-24,8196.900390625,8224.7001953125,8161.7998046875,8199.400390625,8199.400390625,82594700
2022-08-25,8230,8263,8166.2998046875,8187.5,8187.5,88849300
2022-08-26,8229.7001953125,8239.599609375,8044.10009765625,8063.89990234375,8063.89990234375,120272900
2022-08-29,7970.89990234375,8005,7933.39990234375,7989.60009765625,7989.60009765625,103313100
2022-08-30,8004.5,8105.2001953125,7968.60009765625,7979.7998046875,7979.7998046875,158859600
2022-08-31,7994.7998046875,7996.39990234375,7866.60009765625,7886.10009765625,7886.10009765625,228022400
2022-09-01,7838.7998046875,7849.39990234375,7797,7806,7806,132467000
2022-09-02,7843.7998046875,7943.39990234375,7796.7001953125,7932.2001953125,7932.2001953125,121212900
2022-09-05,7801.2998046875,7867.7998046875,7765.5,7862.7001953125,7862.7001953125,119377800
2022-09-06,7868,7935.89990234375,7813.60009765625,7842.2001953125,7842.2001953125,125296900
2022-09-07,7791.10009765625,7880.2001953125,7784.39990234375,7855.89990234375,7855.89990234375,147011500
2022-09-08,7902.2998046875,7933.2998046875,7772.7001953125,7916.7998046875,7916.7998046875,206754300
2022-09-09,7920.5,8063.7998046875,7918.60009765625,8033.10009765625,8033.10009765625,189938300
2022-09-12,8087.7998046875,8212.599609375,8077.39990234375,8194.2998046875,8194.2998046875,173424800
2022-09-13,8229,8235.7998046875,8054.7001953125,8064,8064,192028100
2022-09-14,8070.2998046875,8124.5,8024,8055.60009765625,8055.60009765625,160072500
2022-09-15,8051.89990234375,8125.39990234375,8024.2001953125,8085.5,8085.5,229942400
2022-09-16,7994.39990234375,8039.2001953125,7962.2001953125,7984.7001953125,7984.7001953125,329447100
2022-09-19,7957.7998046875,8023.39990234375,7911,7993.2001953125,7993.2001953125,110506300
2022-09-20,8020.7998046875,8064.10009765625,7873.10009765625,7873.10009765625,7873.10009765625,157288100
2022-09-21,7803.39990234375,7896.7001953125,7790.5,7872.2001953125,7872.2001953125,157194700
2022-09-22,7776.2998046875,7897.10009765625,7753.60009765625,7774.7001953125,7774.7001953125,182956600
2022-09-23,7770.7998046875,7770.7998046875,7527.5,7583.5,7583.5,215665900
2022-09-26,7534.2001953125,7589.2001953125,7473.5,7508.5,7508.5,190143900
2022-09-27,7564.2998046875,7587.60009765625,7436.10009765625,7445.7001953125,7445.7001953125,199705600
2022-09-28,7380.7001953125,7448.39990234375,7273,7442.2001953125,7442.2001953125,217516300
2022-09-29,7407.39990234375,7416.89990234375,7242.2001953125,7300.10009765625,7300.10009765625,185712500
2022-09-30,7345.60009765625,7395.10009765625,7318.5,7366.7998046875,7366.7998046875,186033300
2022-10-03,7327.5,7472.89990234375,7288.5,7462,7462,155766200
2022-10-04,7548.5,7699.89990234375,7529.2001953125,7696.60009765625,7696.60009765625,199972900
2022-10-05,7655.60009765625,7678.39990234375,7537.89990234375,7579.89990234375,7579.89990234375,130259400
2022-10-06,7597.2998046875,7638.7998046875,7482.10009765625,7511.10009765625,7511.10009765625,118066500
2022-10-07,7463.89990234375,7517.5,7412.5,7436.89990234375,7436.89990234375,132997300
2022-10-10,7389.5,7441.39990234375,7372.89990234375,7413.5,7413.5,114404200
2022-10-11,7369.2998046875,7410.2998046875,7315.5,7355.89990234375,7355.89990234375,130873100
2022-10-12,7356.2998046875,7359.7001953125,7239,7261.10009765625,7261.10009765625,135442500
2022-10-13,7234.10009765625,7385.2998046875,7189.60009765625,7348.7998046875,7348.7998046875,195470900
2022-10-14,7467.89990234375,7503.39990234375,7371.60009765625,7382.5,7382.5,187967900
2022-10-17,7416.10009765625,7589.10009765625,7413.39990234375,7557.10009765625,7557.10009765625,166450500
2022-10-18,7613,7692.2998046875,7594.60009765625,7611.2998046875,7611.2998046875,149752400
2022-10-19,7630.39990234375,7642.60009765625,7530.5,7583.60009765625,7583.60009765625,131870500
2022-10-20,7584.7001953125,7660.7001953125,7552.10009765625,7644.39990234375,7644.39990234375,178416300
2022-10-21,7586.39990234375,7592.60009765625,7449.60009765625,7545.60009765625,7545.60009765625,245063000
2022-10-24,7612.2001953125,7739.60009765625,7570,7680.5,7680.5,169749600
2022-10-25,7716.5,7803.60009765625,7675.2001953125,7794.89990234375,7794.89990234375,149338200
2022-10-26,7826.39990234375,7877.89990234375,7756.60009765625,7870.60009765625,7870.60009765625,186582400
2022-10-27,7846.89990234375,7944.2998046875,7798.89990234375,7921.10009765625,7921.10009765625,202336800
2022-10-28,7859.60009765625,7916.5,7832.60009765625,7916.5,7916.5,185925600
2022-10-31,7913.60009765625,7958.10009765625,7871.7001953125,7956.5,7956.5,164827400
2022-11-01,8011.7998046875,8073.89990234375,7971.7998046875,7999,7999,146532300
2022-11-02,8017.7998046875,8018.2001953125,7960.60009765625,7968.60009765625,7968.60009765625,144925900
2022-11-03,7897.5,7897.5,7798.39990234375,7868.89990234375,7868.89990234375,140561300
2022-11-04,7908.5,8006,7830.60009765625,7942.7001953125,7942.7001953125,197127100
2022-11-07,7910.5,7990,7893.2001953125,7962.2998046875,7962.2998046875,138355500
2022-11-08,7942.2998046875,8005.7998046875,7922,7998.89990234375,7998.89990234375,120200600
2022-11-09,7983.39990234375,8061.60009765625,7968.10009765625,8040.39990234375,8040.39990234375,161112100
2022-11-10,8004,8176,7975.10009765625,8133.2001953125,8133.2001953125,256116900
2022-11-11,8178.7001953125,8178.7001953125,8073.7998046875,8133.2001953125,8133.2001953125,217995500
2022-11-14,8123.2001953125,8210.7998046875,8110.39990234375,8166.5,8166.5,142671600
2022-11-15,8161,8192.099609375,8117.2998046875,8188.39990234375,8188.39990234375,182285400
2022-11-16,8175.10009765625,8188.7001953125,8075,8101.39990234375,8101.39990234375,163754600
2022-11-17,8105.10009765625,8123.2001953125,7986.10009765625,8040.7001953125,8040.7001953125,139502400
2022-11-18,8107,8127.7998046875,8048.5,8127.7998046875,8127.7998046875,178686400
2022-11-21,8100.5,8198.5,8100.5,8188.39990234375,8188.39990234375,155115500
2022-11-22,8203.5,8345.599609375,8200.2998046875,8325,8325,215622700
2022-11-23,8337.7998046875,8344,8288.400390625,8331.2001953125,8331.2001953125,154543800
2022-11-24,8341.2998046875,8412.5,8339.2001953125,8388.099609375,8388.099609375,137787400
2022-11-25,8391.2001953125,8425.5,8378.2001953125,8416.599609375,8416.599609375,135912400
2022-11-28,8375.599609375,8396.400390625,8316.7001953125,8323.2001953125,8323.2001953125,125888100
2022-11-29,8347.2998046875,8354.5,8282.7998046875,8322.099609375,8322.099609375,145888800
2022-11-30,8350.599609375,8364.599609375,8304.400390625,8363.2001953125,8363.2001953125,325057800
2022-12-01,8423.099609375,8469,8381.7998046875,8407.900390625,8407.900390625,209724800
2022-12-02,8390,8414.099609375,8342.2998046875,8382.599609375,8382.599609375,146276600
2022-12-05,8373.2998046875,8395.7001953125,8358.7998046875,8370.099609375,8370.099609375,103858400
2022-12-06,8333.2001953125,8355.900390625,8296.400390625,8331.900390625,8331.900390625,123949400
2022-12-07,8306.7998046875,8344,8279.7998046875,8290.5,8290.5,129308700
2022-12-08,8307.900390625,8308.599609375,8225.2001953125,8225.2001953125,8225.2001953125,118774300
2022-12-09,8256.599609375,8293.7001953125,8194.900390625,8289.2001953125,8289.2001953125,131660300
2022-12-12,8260.599609375,8270.2001953125,8222.5,8258.900390625,8258.900390625,116655000
2022-12-13,8263.900390625,8415.7001953125,8213.2001953125,8327.7001953125,8327.7001953125,206579600
2022-12-14,8323.099609375,8360.599609375,8297.900390625,8360.599609375,8360.599609375,160329800
2022-12-15,8315.2001953125,8332.400390625,8195.900390625,8218.7998046875,8218.7998046875,216854000
2022-12-16,8189.2001953125,8192.099609375,8079.7998046875,8112.5,8112.5,387741300
2022-12-19,8122.2998046875,8180.2998046875,8109.39990234375,8136.7998046875,8136.7998046875,129226200
2022-12-20,8086.7001953125,8216.900390625,8059.5,8185.2001953125,8185.2001953125,181953600
2022-12-21,8220.2001953125,8312.2001953125,8201.7001953125,8302.2998046875,8302.2998046875,146342300
2022-12-22,8308.400390625,8338.599609375,8257.599609375,8272.099609375,8272.099609375,122263100
2022-12-23,8281.599609375,8313.7001953125,8236.099609375,8269.099609375,8269.099609375,103234700
2022-12-27,8307.900390625,8332.5,8266.7998046875,8270.099609375,8270.099609375,91612000
2022-12-28,8275.7001953125,8319.400390625,8252.2998046875,8258.5,8258.5,97669900
2022-12-29,8238.099609375,8321.900390625,8208.7001953125,8318.2998046875,8318.2998046875,117198300
2022-12-30,8288.900390625,8290.400390625,8221.7001953125,8229.099609375,8229.099609375,121407700
2023-01-02,8297.900390625,8384.900390625,8283.7001953125,8369.7001953125,8369.7001953125,92193500
2023-01-03,8367.5,8454.2998046875,8327.400390625,8397.400390625,8397.400390625,164671600
2023-01-04,8442.099609375,8560.5,8442.099609375,8559.7998046875,8559.7998046875,206752400
2023-01-05,8530.099609375,8618.900390625,8527.7001953125,8607.599609375,8607.599609375,182438200
2023-01-06,8608.5,8701.099609375,8589.2001953125,8701.099609375,8701.099609375,162161400
2023-01-09,8691,8721.599609375,8661.400390625,8694.900390625,8694.900390625,215668200
2023-01-10,8668.400390625,8724.5,8666.7001953125,8712.7001953125,8712.7001953125,147719000
2023-01-11,8722.7998046875,8762.900390625,8700.7001953125,8726.2998046875,8726.2998046875,166063200
2023-01-12,8737.7998046875,8849.7001953125,8735.2001953125,8828.099609375,8828.099609375,203505800
2023-01-13,8838,8918.400390625,8828.7001953125,8881.7001953125,8881.7001953125,197132600
2023-01-16,8896.7998046875,8918.2001953125,8847.099609375,8871.099609375,8871.099609375,125051900
2023-01-17,8862.400390625,8916.7998046875,8833.400390625,8890.400390625,8890.400390625,145661400
2023-01-18,8909.5,8988.900390625,8909.5,8933.2998046875,8933.2998046875,202920700
2023-01-19,8892.900390625,8894.400390625,8726.7001953125,8793.099609375,8793.099609375,236199000
2023-01-20,8828.900390625,8918.2001953125,8828.900390625,8918.2001953125,8918.2001953125,188973800
2023-01-23,8927.099609375,8976.5,8909.900390625,8944.099609375,8944.099609375,134688300
2023-01-24,8955.7998046875,8978.099609375,8906,8967.099609375,8967.099609375,123864400
2023-01-25,8961.400390625,8968.2998046875,8905,8957.5,8957.5,166333600
2023-01-26,9002.599609375,9054.5,8995.2998046875,9035.599609375,9035.599609375,304449100
2023-01-27,9045.900390625,9082.7998046875,9022.2998046875,9060.2001953125,9060.2001953125,201024600
2023-01-30,9050.2001953125,9066.099609375,9011.400390625,9049.2998046875,9049.2998046875,152780500
2023-01-31,9053.7001953125,9069.900390625,8994,9034,9034,239317900
2023-02-01,9048,9126.599609375,9046.2001953125,9098.099609375,9098.099609375,236081200
2023-02-02,9144.099609375,9281.400390625,9133.099609375,9229.7001953125,9229.7001953125,364813600
2023-02-03,9214.2001953125,9248.5,9155.599609375,9225.599609375,9225.599609375,297607800
2023-02-06,9174.7998046875,9198.599609375,9124.7998046875,9159.2001953125,9159.2001953125,148027100
2023-02-07,9165.7998046875,9204.2998046875,9149.7998046875,9172.400390625,9172.400390625,145446500
2023-02-08,9223.599609375,9277.7001953125,9200,9227.2998046875,9227.2998046875,181821800
2023-02-09,9268.599609375,9296.2998046875,9243.5,9243.5,9243.5,142052300
2023-02-10,9208.400390625,9214.5,9069.599609375,9117.400390625,9117.400390625,179657200
2023-02-13,9134.7998046875,9217.2001953125,9120.7001953125,9210.2998046875,9210.2998046875,108839700
2023-02-14,9238,9311.599609375,9231.5,9263.2001953125,9263.2001953125,153032700
2023-02-15,9273.5,9313.5,9258.7001953125,9294.7998046875,9294.7998046875,124531200
2023-02-16,9338.900390625,9362.7998046875,9291.400390625,9327.2998046875,9327.2998046875,170117900
2023-02-17,9276.2998046875,9363.099609375,9240.7998046875,9333,9333,168390800
2023-02-20,9352.400390625,9369.099609375,9273.900390625,9281.2998046875,9281.2998046875,101224000
2023-02-21,9257.400390625,9286.099609375,9195.900390625,9252.099609375,9252.099609375,116050500
2023-02-22,9220.2998046875,9222.599609375,9118.5,9172.7001953125,9172.7001953125,154725800
2023-02-23,9183.599609375,9253.900390625,9179.5,9231.599609375,9231.599609375,144006300
2023-02-24,9255.5,9314.5,9194.400390625,9201.5,9201.5,254028900
2023-02-27,9252.5,9351.7001953125,9250.5,9314.2998046875,9314.2998046875,150061600
2023-02-28,9303.400390625,9442.7998046875,9279.599609375,9394.599609375,9394.599609375,306110200
2023-03-01,9419.2998046875,9453.7998046875,9307.400390625,9322.900390625,9322.900390625,187235400
2023-03-02,9292.7998046875,9336.2001953125,9246.099609375,9327.2998046875,9327.2998046875,157352100
2023-03-03,9357,9472.2001953125,9357,9464.2001953125,9464.2001953125,161254800
2023-03-06,9497.900390625,9524.599609375,9441.7998046875,9511,9511,145464800
2023-03-07,9502.099609375,9528.2998046875,9408.5,9411.099609375,9411.099609375,159198700
2023-03-08,9386.400390625,9480.900390625,9369.400390625,9466.099609375,9466.099609375,123507900
2023-03-09,9455.2998046875,9457.400390625,9388.900390625,9423.2001953125,9423.2001953125,116716400
2023-03-10,9246.7998046875,9296.5,9182.7001953125,9285,9285,279917900
2023-03-13,9273.599609375,9273.599609375,8894.5,8958.900390625,8958.900390625,426525400
2023-03-14,8936,9181,8914.599609375,9159,9159,300029600
2023-03-15,9165.2998046875,9169.7001953125,8736.5,8759.099609375,8759.099609375,422530000
2023-03-16,8925.7998046875,8984.599609375,8731,8890.2001953125,8890.2001953125,324579000
2023-03-17,8935.5,9027.400390625,8655.2998046875,8719.2998046875,8719.2998046875,477657900
2023-03-20,8672.2998046875,8875.2998046875,8501.2001953125,8833.099609375,8833.099609375,359818300
2023-03-21,8930.099609375,9085.400390625,8918.7998046875,9049.400390625,9049.400390625,248775500
2023-03-22,9037.2998046875,9100.2001953125,9001.7001953125,9009.2998046875,9009.2998046875,197220400
2023-03-23,8969.400390625,9027.7001953125,8921.599609375,8970,8970,155229200
2023-03-24,8933,8933,8703.2998046875,8792.5,8792.5,289524100
2023-03-27,8897.7998046875,8935.7001953125,8839.7998046875,8906.099609375,8906.099609375,187284700
2023-03-28,8984.2001953125,9019.099609375,8911,8944.2998046875,8944.2998046875,153710700
2023-03-29,8991.400390625,9075.2998046875,8962.400390625,9070.7001953125,9070.7001953125,131051100
2023-03-30,9138.2998046875,9226.400390625,9131.2001953125,9207.099609375,9207.099609375,149632100
2023-03-31,9234.5,9254.5,9183.7998046875,9232.5,9232.5,178940500
2023-04-03,9217.7998046875,9233.5,9135.5,9157.400390625,9157.400390625,129264000
2023-04-04,9174.7998046875,9257.5,9168.5,9183.2001953125,9183.2001953125,120081300
2023-04-05,9202.099609375,9254.599609375,9196.5,9254.599609375,9254.599609375,140130100
2023-04-06,9252.7998046875,9323.5,9232.599609375,9312.2998046875,9312.2998046875,128321400
2023-04-11,9355.099609375,9378.400390625,9227.099609375,9237.7001953125,9237.7001953125,154539500
2023-04-12,9255.599609375,9324.599609375,9253.599609375,9278.7001953125,9278.7001953125,130923300
2023-04-13,9284.400390625,9320.2001953125,9238.7001953125,9310,9310,109714700
2023-04-14,9335.900390625,9375.400390625,9313.2001953125,9362.900390625,9362.900390625,152448900
2023-04-17,9387.599609375,9413.400390625,9361,9378.5,9378.5,154770500
2023-04-18,9408,9445.400390625,9381.5,9421.900390625,9421.900390625,143015100
2023-04-19,9418.599609375,9498.7001953125,9405.400390625,9494.7998046875,9494.7998046875,117659000
2023-04-20,9508.599609375,9540.5,9425,9450.900390625,9450.900390625,153368400
2023-04-21,9433.900390625,9436.599609375,9366.2998046875,9415.599609375,9415.599609375,205592800
2023-04-24,9383.599609375,9433.900390625,9362.900390625,9406.400390625,9406.400390625,99647400
2023-04-25,9352.099609375,9352.099609375,9267.599609375,9290.2998046875,9290.2998046875,167260800
2023-04-26,9264.900390625,9297.7001953125,9193.5,9293.7001953125,9293.7001953125,165805000
2023-04-27,9254.099609375,9334.2001953125,9226.400390625,9314.599609375,9314.599609375,128409300
2023-04-28,9336.099609375,9338.900390625,9159.7998046875,9241,9241,233876400
2023-05-02,9257.5,9264.900390625,9069.099609375,9082,9082,172428700
2023-05-03,9117.7998046875,9132.2001953125,9035.099609375,9076.7001953125,9076.7001953125,136589900
2023-05-04,9053.7001953125,9056.599609375,8967.2998046875,9043.599609375,9043.599609375,150274800
2023-05-05,9097.2998046875,9147.2998046875,9047.7001953125,9147.2998046875,9147.2998046875,144355000
2023-05-08,9162.2998046875,9221.7998046875,9157.900390625,9211.2998046875,9211.2998046875,81672300
2023-05-09,9202.099609375,9219.5,9130.2001953125,9183.2001953125,9183.2001953125,113458000
2023-05-10,9219.7998046875,9223.2998046875,9143.7998046875,9167.7001953125,9167.7001953125,103618500
2023-05-11,9166.099609375,9215.099609375,9118,9182.7998046875,9182.7998046875,139070300
2023-05-12,9218.599609375,9276.900390625,9213.900390625,9234.099609375,9234.099609375,106389900
2023-05-15,9269.099609375,9279.5,9162.2998046875,9201.5,9201.5,92014700
2023-05-16,9181.2001953125,9241.900390625,9174.900390625,9191.400390625,9191.400390625,91133400
2023-05-17,9148.2001953125,9218.599609375,9125.7001953125,9211.599609375,9211.599609375,110933000
2023-05-18,9247.2998046875,9282.2001953125,9202,9213.099609375,9213.099609375,105199800
2023-05-19,9247.2001953125,9309.400390625,9222.900390625,9251.5,9251.5,127277500
2023-05-22,9242.7998046875,9326.599609375,9241.900390625,9305,9305,96207700
2023-05-23,9304.5,9305,9260.099609375,9267,9267,82288900
2023-05-24,9191.2998046875,9193.2001953125,9128.7998046875,9163.5,9163.5,108838000
2023-05-25,9169.5,9188.099609375,9116.099609375,9116.099609375,9116.099609375,123786500
2023-05-26,9137.7998046875,9210.900390625,9048.2001953125,9191.099609375,9191.099609375,99198600
2023-05-29,9263.099609375,9271.099609375,9146.599609375,9180.099609375,9180.099609375,59244300
2023-05-30,9189,9248.2998046875,9156,9167.5,9167.5,111494900
2023-05-31,9096.5,9183.400390625,9034.900390625,9050.2001953125,9050.2001953125,401513500
2023-06-01,9130.2998046875,9181.599609375,9105.900390625,9167.5,9167.5,109883600
2023-06-02,9216.2001953125,9324.7998046875,9204.2001953125,9317.2998046875,9317.2998046875,132595800
2023-06-05,9352,9382.400390625,9276.099609375,9289.099609375,9289.099609375,102104900
2023-06-06,9266,9310.7998046875,9242.2998046875,9310.7998046875,9310.7998046875,94770400
2023-06-07,9296.2998046875,9401.7998046875,9294.900390625,9359.7998046875,9359.7998046875,100905200
2023-06-08,9358.7001953125,9427.599609375,9331.7001953125,9338.2998046875,9338.2998046875,109449100
2023-06-09,9345.7001953125,9370.400390625,9288.599609375,9309.7001953125,9309.7001953125,84882800
2023-06-12,9345.900390625,9382.099609375,9328.5,9344.400390625,9344.400390625,95656000
2023-06-13,9357.7001953125,9357.7001953125,9261.099609375,9333.7001953125,9333.7001953125,121829000
2023-06-14,9333.7001953125,9468.099609375,9315.900390625,9432.7998046875,9432.7998046875,155571800
2023-06-15,9404.099609375,9453.7001953125,9389.2998046875,9430.7998046875,9430.7998046875,123381800
2023-06-16,9465,9580.7998046875,9428.5,9495,9495,384178600
2023-06-19,9457.7998046875,9503.2001953125,9412.099609375,9431.900390625,9431.900390625,87888300
2023-06-20,9418.2998046875,9469.099609375,9401,9439.7998046875,9439.7998046875,87716600
2023-06-21,9431.2001953125,9463.5,9415.2998046875,9436.400390625,9436.400390625,101629200
2023-06-22,9365.5,9365.900390625,9284.2001953125,9364.7001953125,9364.7001953125,108508000
2023-06-23,9305.599609375,9334.099609375,9239.7001953125,9265.7998046875,9265.7998046875,124528300
2023-06-26,9283.099609375,9306.900390625,9198.7001953125,9274,9274,110992200
2023-06-27,9309.2001953125,9399.5,9287.2998046875,9393,9393,120553900
2023-06-28,9421,9489.7001953125,9414,9481.2998046875,9481.2998046875,126194000
2023-06-29,9486.2001953125,9524.099609375,9479,9510.599609375,9510.599609375,103479900
2023-06-30,9541.400390625,9642.2998046875,9534.599609375,9593,9593,172932500
2023-07-03,9604.2998046875,9658.599609375,9598.599609375,9644.7998046875,9644.7998046875,119153100
2023-07-04,9635,9649.7998046875,9580.900390625,9588.400390625,9588.400390625,97859400
2023-07-05,9541.7001953125,9567.900390625,9470.7001953125,9486.2998046875,9486.2998046875,116017000
2023-07-06,9384.599609375,9435.900390625,9261.2001953125,9285,9285,142178200
2023-07-07,9246.900390625,9258.599609375,9169.7998046875,9248.7998046875,9248.7998046875,114921000
2023-07-10,9210.5,9282.5,9183,9252.900390625,9252.900390625,91453400
2023-07-11,9295.7998046875,9333.7001953125,9226.7001953125,9331.099609375,9331.099609375,100280000
2023-07-12,9356.5,9464.7998046875,9344.599609375,9453.7001953125,9453.7001953125,155443100
2023-07-13,9459.099609375,9523.599609375,9444.7998046875,9478.7001953125,9478.7001953125,118162000
2023-07-14,9468.900390625,9507.2001953125,9437.7998046875,9438.2998046875,9438.2998046875,105127200
2023-07-17,9414.900390625,9483.2998046875,9402.599609375,9438,9438,77438400
2023-07-18,9446.5,9471.7998046875,9388.900390625,9455.7001953125,9455.7001953125,88491000
2023-07-19,9482.7998046875,9532.400390625,9433.099609375,9451.7998046875,9451.7998046875,92225100
2023-07-20,9445.099609375,9539.5,9444,9519.599609375,9519.599609375,108475200
2023-07-21,9521,9571.5,9481.2001953125,9571.5,9571.5,114901000
2023-07-24,9417,9543.5,9401,9543.5,9543.5,121342800
2023-07-25,9534,9542.7998046875,9497.7998046875,9519.2001953125,9519.2001953125,86427600
2023-07-26,9515.900390625,9604.099609375,9489.599609375,9600.5,9600.5,164640400
2023-07-27,9646.2998046875,9715.099609375,9611.7998046875,9694.7001953125,9694.7001953125,203878100
2023-07-28,9682.2001953125,9741.900390625,9674.099609375,9685.099609375,9685.099609375,222144300
2023-07-31,9675.900390625,9688.2998046875,9641.5,9641.5,9641.5,160130500
2023-08-01,9639.900390625,9657.2001953125,9491.7001953125,9502.900390625,9502.900390625,136369400
2023-08-02,9409.5,9424.400390625,9311,9328.7001953125,9328.7001953125,223086300
2023-08-03,9291,9341.900390625,9244.2998046875,9307.099609375,9307.099609375,139652300
2023-08-04,9333.900390625,9377.599609375,9278.900390625,9368.400390625,9368.400390625,111010600
2023-08-07,9346.099609375,9369.400390625,9273.5,9358.599609375,9358.599609375,80687700
2023-08-08,9292.099609375,9361.2998046875,9213.599609375,9301.7998046875,9301.7998046875,136457400
2023-08-09,9403.5,9420.7998046875,9334.2998046875,9354.400390625,9354.400390625,88364200
2023-08-10,9404.7998046875,9522.900390625,9396.7001953125,9502.2001953125,9502.2001953125,109204400
2023-08-11,9476.7001953125,9493.900390625,9415.400390625,9434.2998046875,9434.2998046875,80015200
2023-08-14,9423.7001953125,9471.7001953125,9399.599609375,9429.599609375,9429.599609375,71422800
2023-08-15,9427.5,9435.099609375,9305.900390625,9347.5,9347.5,63980500
2023-08-16,9318.099609375,9404,9313.2001953125,9350.5,9350.5,60764100
2023-08-17,9312.7998046875,9356.400390625,9270.2998046875,9278,9278,83008600
2023-08-18,9250,9273.7998046875,9192.7001953125,9267.7001953125,9267.7001953125,93675700
2023-08-21,9268.599609375,9367.599609375,9239.400390625,9262.7998046875,9262.7998046875,72507400
2023-08-22,9310.7001953125,9370.7001953125,9302.900390625,9314,9314,66059900
2023-08-23,9333.7998046875,9395.400390625,9292.099609375,9315.599609375,9315.599609375,74919900
2023-08-24,9385.900390625,9415.5,9321.5,9324.7001953125,9324.7001953125,67799700
2023-08-25,9308.7001953125,9414.2001953125,9304.400390625,9338.900390625,9338.900390625,75145000
2023-08-28,9398.2001953125,9524.900390625,9397.7001953125,9490.099609375,9490.099609375,73880200
2023-08-29,9513.7998046875,9592.7001953125,9491.099609375,9581.2001953125,9581.2001953125,106623300
2023-08-30,9595.099609375,9614.7001953125,9531.900390625,9551.099609375,9551.099609375,99874200
2023-08-31,9556.900390625,9606.2001953125,9505.900390625,9505.900390625,9505.900390625,212295400
2023-09-01,9512.7998046875,9552.900390625,9449.599609375,9449.599609375,9449.599609375,108269100
2023-09-04,9486.7001953125,9515,9396.2001953125,9416.2998046875,9416.2998046875,69158100
2023-09-05,9396.2001953125,9449.599609375,9353.2001953125,9392,9392,87067800
2023-09-06,9382,9382,9289.2998046875,9314.400390625,9314.400390625,139455100
2023-09-07,9288.099609375,9379.900390625,9277.7998046875,9310,9310,112157000
2023-09-08,9357.2001953125,9372.2998046875,9238.5,9364.599609375,9364.599609375,92062600
2023-09-11,9403.5,9457.900390625,9367.2998046875,9435.2001953125,9435.2001953125,85725100
2023-09-12,9454.5,9501.7001953125,9448,9455.400390625,9455.400390625,107657600
2023-09-13,9435.099609375,9448.2998046875,9330.599609375,9424.099609375,9424.099609375,105247500
2023-09-14,9422.2998046875,9563.099609375,9380,9549,9549,133995400
2023-09-15,9605.2998046875,9642,9524.7001953125,9549.7001953125,9549.7001953125,348282000
2023-09-18,9530.7998046875,9553.900390625,9455.2998046875,9482.099609375,9482.099609375,109941400
2023-09-19,9459.7001953125,9550.099609375,9458.5,9527.2001953125,9527.2001953125,88182400
2023-09-20,9550,9672.2001953125,9539.099609375,9645.7998046875,9645.7998046875,125806100
2023-09-21,9582.099609375,9606.7998046875,9475.2001953125,9548.900390625,9548.900390625,120718600
2023-09-22,9499,9542.599609375,9477,9502,9502,100119800
2023-09-25,9468.5,9523.900390625,9337.7001953125,9386,9386,107471700
2023-09-26,9327.5,9405.400390625,9307.099609375,9366.900390625,9366.900390625,121930200
2023-09-27,9366,9420.900390625,9311.7998046875,9331.900390625,9331.900390625,106336400
2023-09-28,9344.099609375,9442.2998046875,9311.5,9426.7998046875,9426.7998046875,171533200
2023-09-29,9458.5,9508.2998046875,9423,9428,9428,139259800
2023-10-02,9447.7001953125,9495.099609375,9299.400390625,9319,9319,157515300
2023-10-03,9284.599609375,9369.599609375,9164,9165.5,9165.5,142881400
2023-10-04,9137.900390625,9186.400390625,9077.599609375,9102.900390625,9102.900390625,139573600
2023-10-05,9160.2001953125,9193.2998046875,9096,9157.7001953125,9157.7001953125,114922100
2023-10-06,9179.900390625,9235.7998046875,9110.400390625,9235.7998046875,9235.7998046875,122390000
2023-10-09,9182.900390625,9223,9111.7998046875,9151.2998046875,9151.2998046875,135294000
2023-10-10,9217.900390625,9371.900390625,9217.900390625,9352.099609375,9352.099609375,129139100
2023-10-11,9306.7998046875,9381.7001953125,9297.5,9360.400390625,9360.400390625,108807000
2023-10-12,9403.7998046875,9434.5,9322,9336,9336,94383400
2023-10-13,9317.2001953125,9363.400390625,9223.7998046875,9232.900390625,9232.900390625,143092900
2023-10-16,9244.7998046875,9306,9174.2001953125,9287.099609375,9287.099609375,105248200
2023-10-17,9268.400390625,9323.400390625,9219.5,9298.5,9298.5,79826100
2023-10-18,9278.2001953125,9305.7001953125,9202.5,9212.7001953125,9212.7001953125,108127200
2023-10-19,9176.7998046875,9189.7001953125,9101.099609375,9146.7998046875,9146.7998046875,143366500
2023-10-20,9067.099609375,9098.2998046875,9021.7998046875,9029.099609375,9029.099609375,230887100
2023-10-23,9028.7001953125,9037,8920.7001953125,8995.5,8995.5,139157300
2023-10-24,9004.2001953125,9029,8950.7998046875,8975.7998046875,8975.7998046875,162189000
2023-10-25,8961.7998046875,9000.7998046875,8898,8984.7998046875,8984.7998046875,149177700
2023-10-26,8926.900390625,8978.5,8879.2998046875,8962.7998046875,8962.7998046875,164229500
2023-10-27,9015.7001953125,9037.2998046875,8904.099609375,8918.2998046875,8918.2998046875,178436300
2023-10-30,8955.2001953125,9048.400390625,8945.900390625,9013.900390625,9013.900390625,164425900
2023-10-31,8978.599609375,9084.900390625,8959.599609375,9017.2998046875,9017.2998046875,189064200
2023-11-01,9039.7998046875,9093.2998046875,8999.7998046875,9075,9075,121703800
2023-11-02,9122.400390625,9278.099609375,9101.900390625,9260.400390625,9260.400390625,152576500
2023-11-03,9294.900390625,9339.7998046875,9249.599609375,9293.900390625,9293.900390625,152566200
2023-11-06,9296.400390625,9313.599609375,9224.7001953125,9241.5,9241.5,114365200
2023-11-07,9208.5,9279.7998046875,9201.2998046875,9235.900390625,9235.900390625,113897000
2023-11-08,9203.400390625,9326.5,9200.2998046875,9283.7998046875,9283.7998046875,146534900
2023-11-09,9295.7001953125,9420.2001953125,9291.2001953125,9405.2001953125,9405.2001953125,133336100
2023-11-10,9367.400390625,9415.2001953125,9329.2998046875,9371.7001953125,9371.7001953125,122578700
2023-11-13,9409.599609375,9463.2998046875,9401,9461.7001953125,9461.7001953125,142296700
2023-11-14,9488,9636.599609375,9471.7998046875,9623.2998046875,9623.2998046875,171920600
2023-11-15,9636.099609375,9684.900390625,9604,9640.7001953125,9640.7001953125,161156100
2023-11-16,9652.5,9710.400390625,9652.5,9667.400390625,9667.400390625,132367600
2023-11-17,9697.2001953125,9774.7001953125,9693.599609375,9761.400390625,9761.400390625,249654700
2023-11-20,9761.2001953125,9857,9759.7001953125,9839,9839,144062800
2023-11-21,9832.5,9858.400390625,9801.7001953125,9827.5,9827.5,141826400
2023-11-22,9852.5,9897.2001953125,9847.099609375,9887.400390625,9887.400390625,125070100
2023-11-23,9891,9921.099609375,9873.900390625,9905.5,9905.5,111600100
2023-11-24,9906.400390625,9957.2998046875,9901.900390625,9939,9939,93309200
2023-11-27,9927.2998046875,9983.900390625,9925.7998046875,9936.099609375,9936.099609375,112098900
2023-11-28,9925.2001953125,10014.2998046875,9919.5,10003.400390625,10003.400390625,118647800
2023-11-29,10018.400390625,10097.900390625,10018.400390625,10062.599609375,10062.599609375,129372500
2023-11-30,10079.2998046875,10103.7998046875,10053.7998046875,10058.2001953125,10058.2001953125,252839300
2023-12-01,10085.900390625,10140.7998046875,10080.900390625,10140.7998046875,10140.7998046875,117751200
2023-12-04,10135.7998046875,10201.7001953125,10135.7998046875,10178.2998046875,10178.2998046875,105497200
2023-12-05,10174.7998046875,10262.900390625,10166.099609375,10238.400390625,10238.400390625,137169800
2023-12-06,10263.400390625,10301.2998046875,10229.7001953125,10258.099609375,10258.099609375,134294600
2023-12-07,10226,10246.7001953125,10113.900390625,10146,10146,210704200
2023-12-08,10153.5,10229.2001953125,10139.400390625,10223.400390625,10223.400390625,139106200
2023-12-11,10216.5,10226.599609375,10178.2001953125,10198,10198,140388800
2023-12-12,10184.7998046875,10198.400390625,10111.400390625,10118.7001953125,10118.7001953125,145123700
2023-12-13,10112.599609375,10158.7001953125,10077,10096.099609375,10096.099609375,142958200
2023-12-14,10225.900390625,10257.7998046875,10124.099609375,10171.7001953125,10171.7001953125,255848900
2023-12-15,10192.2998046875,10200.7998046875,10050.7001953125,10095.599609375,10095.599609375,330245400
2023-12-18,10063.5,10125.7998046875,10039.2998046875,10054.900390625,10054.900390625,134020100
2023-12-19,10055.2001953125,10123.099609375,10023.7998046875,10106.7001953125,10106.7001953125,115239700
2023-12-20,10148.099609375,10158.2001953125,10037.5,10101,10101,146798700
2023-12-21,10065.400390625,10108.5,10063.2998046875,10104.2998046875,10104.2998046875,84138300
2023-12-22,10094.099609375,10143.099609375,10081,10111.900390625,10111.900390625,91972000
2023-12-27,10091.7998046875,10146.7998046875,10077.900390625,10121.7998046875,10121.7998046875,130947500
2023-12-28,10126.2998046875,10136.2998046875,10074.599609375,10086.2001953125,10086.2001953125,95148800
2023-12-29,10090.900390625,10143.599609375,10090.900390625,10102.099609375,10102.099609375,101943700
