"Fecha","Open","High","Low","Close","Adj.Close","Volume"
2007-01-02,1438.89001464844,1439.7099609375,1430.06005859375,1435.26000976562,1435.26000976562,147700
2007-01-03,1436.42004394531,1437.7900390625,1409.31005859375,1409.34997558594,1409.34997558594,203200
2007-01-04,1410.55004882812,1411.11999511719,1388.5,1397.2900390625,1397.2900390625,241200
2007-01-05,1398.59997558594,1400.58996582031,1372.35998535156,1385.76000976562,1385.76000976562,277300
2007-01-08,1376.76000976562,1384.65002441406,1366.47998046875,1370.81005859375,1370.81005859375,177600
2007-01-09,1376.7099609375,1381.98999023438,1367.73999023438,1374.33996582031,1374.33996582031,216800
2007-01-10,1372.52001953125,1372.52001953125,1345.07995605469,1355.7900390625,1355.7900390625,225500
2007-01-11,1357.56994628906,1375.31005859375,1355.63000488281,1365.31005859375,1365.31005859375,211800
2007-01-12,1379,1389,1372.86999511719,1388.36999511719,1388.36999511719,213800
2007-01-15,1396.86999511719,1397.64001464844,1385.81005859375,1390.9599609375,1390.9599609375,163900
2007-01-16,1392,1393.42004394531,1385.19995117188,1389.7099609375,1389.7099609375,171300
2007-01-17,1391.75,1391.75,1369.07995605469,1379.47998046875,1379.47998046875,205400
2007-01-18,1378.36999511719,1385.21997070312,1372.93005371094,1383.2099609375,1383.2099609375,181200
2007-01-19,1369.08996582031,1372.63000488281,1356.21997070312,1360.56005859375,1360.56005859375,222700
2007-01-22,1363.83996582031,1364.67004394531,1348.4599609375,1363.41003417969,1363.41003417969,191000
2007-01-23,1353.06005859375,1367.03002929688,1352.5,1363.08996582031,1363.08996582031,184000
2007-01-24,1369.9599609375,1383.75,1369.02001953125,1383.06005859375,1383.06005859375,197900
2007-01-25,1392.55004882812,1392.55004882812,1379.66003417969,1382.35998535156,1382.35998535156,157000
2007-01-26,1372.35998535156,1378.47998046875,1366.09997558594,1371.32995605469,1371.32995605469,160900
2007-01-29,1376.47998046875,1378.28002929688,1361.22998046875,1363.09997558594,1363.09997558594,136300
2007-01-30,1365,1371.58996582031,1360.42004394531,1370.71997070312,1370.71997070312,161300
2007-01-31,1374.76000976562,1374.76000976562,1357.86999511719,1360.22998046875,1360.22998046875,192300
2007-02-01,1367.06994628906,1382.90002441406,1362.0400390625,1382.90002441406,1382.90002441406,168200
2007-02-02,1386.78002929688,1413.33996582031,1386.06005859375,1413.14001464844,1413.14001464844,219200
2007-02-05,1413.77001953125,1420.42004394531,1409.7099609375,1417.94995117188,1417.94995117188,181600
2007-02-06,1416.65002441406,1428.91003417969,1414.57995605469,1428.57995605469,1428.57995605469,188900
2007-02-07,1430.84997558594,1431.25,1419.47998046875,1426.2900390625,1426.2900390625,193200
2007-02-08,1424.98999023438,1431.01000976562,1416.05004882812,1423.57995605469,1423.57995605469,189000
2007-02-09,1424.48999023438,1432.2900390625,1422.96997070312,1427.68005371094,1427.68005371094,227600
2007-02-12,1416.83996582031,1416.83996582031,1403.75,1414.2900390625,1414.2900390625,209300
2007-02-13,1412.71997070312,1424.66003417969,1410.81005859375,1418.43994140625,1418.43994140625,219300
2007-02-14,1430.02001953125,1440.51000976562,1430.01000976562,1436.09997558594,1436.09997558594,214700
2007-02-15,1450.55004882812,1450.83996582031,1441.7900390625,1443.63000488281,1443.63000488281,216100
2007-02-16,1444.4599609375,1448.9599609375,1439.03002929688,1448.81005859375,1448.81005859375,207200
2007-02-20,1450.9599609375,1453.25,1443.96997070312,1452.9599609375,1452.9599609375,220500
2007-02-21,1455.18005371094,1457.36999511719,1444.83996582031,1451.38000488281,1451.38000488281,258200
2007-02-22,1452.7099609375,1471.0400390625,1452.61999511719,1465.41003417969,1465.41003417969,310300
2007-02-23,1470.43994140625,1471.0400390625,1459.81005859375,1469.88000488281,1469.88000488281,310600
2007-02-26,1466.92004394531,1470.94995117188,1462.18994140625,1470.03002929688,1470.03002929688,261800
2007-02-27,1468.28002929688,1468.28002929688,1453.84997558594,1454.59997558594,1454.59997558594,261600
2007-02-28,1396.43994140625,1417.33996582031,1393.9599609375,1417.33996582031,1417.33996582031,324100
2007-03-01,NA,NA,NA,NA,NA,NA
2007-03-05,1400.80004882812,1404.22998046875,1375.83996582031,1376.15002441406,1376.15002441406,232600
2007-03-06,1382.69995117188,1403.75,1382.69995117188,1402.93005371094,1402.93005371094,239200
2007-03-07,1415.34997558594,1415.5,1397.82995605469,1410.94995117188,1410.94995117188,254200
2007-03-08,1409.02001953125,1433.15002441406,1408.33996582031,1423.89001464844,1423.89001464844,285800
2007-03-09,1433.27001953125,1434.69995117188,1415.7099609375,1423.57995605469,1423.57995605469,227400
2007-03-12,1429.68005371094,1441.82995605469,1429.68005371094,1441.32995605469,1441.32995605469,245100
2007-03-13,1441.59997558594,1442.0400390625,1433.67004394531,1436.05004882812,1436.05004882812,256400
2007-03-14,1409.66003417969,1416.80004882812,1405.13000488281,1407.36999511719,1407.36999511719,259300
2007-03-15,1418.77001953125,1429.38000488281,1414.97998046875,1426.93005371094,1426.93005371094,254400
2007-03-16,1428.63000488281,1431.75,1416.30004882812,1427.88000488281,1427.88000488281,304100
2007-03-19,1425.21997070312,1444.76000976562,1420.89001464844,1443.39001464844,1443.39001464844,280800
2007-03-20,1449.43005371094,1449.7900390625,1440.42004394531,1444.17004394531,1444.17004394531,364500
2007-03-21,1446.06994628906,1452.05004882812,1435.35998535156,1442.84997558594,1442.84997558594,343000
2007-03-22,1452.13000488281,1456.18005371094,1447.7900390625,1448.53002929688,1448.53002929688,301000
2007-03-23,1449.98999023438,1454.33996582031,1443.0400390625,1447.38000488281,1447.38000488281,278900
2007-03-26,1451.11999511719,1455.51000976562,1444.25,1449.77001953125,1449.77001953125,312600
2007-03-27,1450.02001953125,1456.39001464844,1442.48999023438,1453.22998046875,1453.22998046875,259900
2007-03-28,1451.46997070312,1456.78002929688,1433.11999511719,1439.73999023438,1439.73999023438,298000
2007-03-29,1434.57995605469,1453.10998535156,1432.80004882812,1450.94995117188,1450.94995117188,283100
2007-03-30,1457.57995605469,1459.68994140625,1447.84997558594,1452.55004882812,1452.55004882812,288400
2007-04-02,1456.18994140625,1464.93005371094,1456.06005859375,1459.53002929688,1459.53002929688,303500
2007-04-03,1463.41003417969,1464.47998046875,1452.56005859375,1463.75,1463.75,340700
2007-04-04,1474.65002441406,1484.85998535156,1471.05004882812,1483.41003417969,1483.41003417969,354000
2007-04-05,1485.53002929688,1485.77001953125,1478.44995117188,1482.0400390625,1482.0400390625,328400
2007-04-06,1487.72998046875,1488.57995605469,1477.68994140625,1484.15002441406,1484.15002441406,313700
2007-04-09,1489.7900390625,1501.06005859375,1489.13000488281,1501.06005859375,1501.06005859375,388200
2007-04-10,1500.7900390625,1502.33996582031,1492.34997558594,1499.16003417969,1499.16003417969,359300
2007-04-11,1508.68005371094,1519.31005859375,1507.56994628906,1513.42004394531,1513.42004394531,386800
2007-04-12,1510.27001953125,1525.60998535156,1507.56005859375,1525.60998535156,1525.60998535156,360200
2007-04-13,1523.81994628906,1526.08996582031,1512.35998535156,1520.78002929688,1520.78002929688,426200
2007-04-16,1523.89001464844,1533.08996582031,1519.30004882812,1532.0400390625,1532.0400390625,462200
2007-04-17,1538.89001464844,1538.89001464844,1524.32995605469,1528.66003417969,1528.66003417969,422600
2007-04-18,1532.56994628906,1538.2900390625,1530.02001953125,1534.57995605469,1534.57995605469,352500
2007-04-19,1536.89001464844,1537.43005371094,1506.14001464844,1513.66003417969,1513.66003417969,363700
2007-04-20,1518.57995605469,1533.08996582031,1518.57995605469,1533.07995605469,1533.07995605469,397500
2007-04-23,1545.44995117188,1554.5,1538.32995605469,1544.34997558594,1544.34997558594,387000
2007-04-24,1545.60998535156,1557.65002441406,1538.10998535156,1556.7099609375,1556.7099609375,393500
2007-04-25,1558.19995117188,1558.71997070312,1536.11999511719,1545.55004882812,1545.55004882812,445500
2007-04-26,1560.21997070312,1565.03002929688,1553.13000488281,1553.13000488281,1553.13000488281,391600
2007-04-27,1547.19995117188,1553.22998046875,1537.36999511719,1542.52001953125,1542.52001953125,356400
2007-04-30,1538.68994140625,1542.25,1530.67004394531,1542.23999023438,1542.23999023438,316000
2007-05-02,1550.39001464844,1555.61999511719,1546.59997558594,1553.30004882812,1553.30004882812,274300
2007-05-03,1563.42004394531,1564.01000976562,1555.28002929688,1559.85998535156,1559.85998535156,249700
2007-05-04,1563.16003417969,1567.73999023438,1556.61999511719,1567.73999023438,1567.73999023438,254500
2007-05-07,1574.85998535156,1585.69995117188,1574.85998535156,1584.4599609375,1584.4599609375,434500
2007-05-08,1585.52001953125,1589.06994628906,1577.18005371094,1582.65002441406,1582.65002441406,384000
2007-05-09,1582.91003417969,1593.42004394531,1578.57995605469,1593.42004394531,1593.42004394531,358500
2007-05-10,1602.56005859375,1616.06005859375,1599.68005371094,1599.68005371094,1599.68005371094,408600
2007-05-11,1588.08996582031,1604.63000488281,1582.76000976562,1603.56005859375,1603.56005859375,373600
2007-05-14,1612.72998046875,1622.16003417969,1599.86999511719,1605.77001953125,1605.77001953125,477800
2007-05-15,1600.91003417969,1611.93005371094,1589.23999023438,1589.36999511719,1589.36999511719,480300
2007-05-16,1591.06994628906,1600.71997070312,1586,1600.59997558594,1600.59997558594,417100
2007-05-17,1614,1616,1608.2099609375,1615.57995605469,1615.57995605469,450600
2007-05-18,1613.11999511719,1617.77001953125,1600.23999023438,1612.25,1612.25,454800
2007-05-21,1602.64001464844,1628.68005371094,1602.64001464844,1628.19995117188,1628.19995117188,512800
2007-05-22,1634.08996582031,1643.10998535156,1627.01000976562,1642.88000488281,1642.88000488281,529300
2007-05-23,1647.43994140625,1651.60998535156,1638.35998535156,1646.58996582031,1646.58996582031,447300
2007-05-25,1629.18005371094,1645.07995605469,1627.58996582031,1644.56005859375,1644.56005859375,375000
2007-05-28,1650.53002929688,1658.43005371094,1646.15002441406,1657.91003417969,1657.91003417969,379300
2007-05-29,1663.31994628906,1666.84997558594,1653.23999023438,1661.80004882812,1661.80004882812,495100
2007-05-30,1661.82995605469,1662.71997070312,1638.03002929688,1662.71997070312,1662.71997070312,488600
2007-05-31,1683.34997558594,1702.01000976562,1677.78002929688,1700.91003417969,1700.91003417969,497100
2007-06-01,1712.96997070312,1745.39001464844,1707.75,1716.23999023438,1716.23999023438,615400
2007-06-04,1734.27001953125,1744.02001953125,1713.5,1737.58996582031,1737.58996582031,465200
2007-06-05,1735.86999511719,1745.98999023438,1721.02001953125,1742.18994140625,1742.18994140625,488000
2007-06-07,1722.46997070312,1753.23999023438,1717.30004882812,1753.0400390625,1753.0400390625,496200
2007-06-08,1735.9599609375,1739.14001464844,1717.18005371094,1727.28002929688,1727.28002929688,503200
2007-06-11,1740.4599609375,1742.85998535156,1709.9599609375,1716.56005859375,1716.56005859375,475900
2007-06-12,1714.5400390625,1730.63000488281,1712.13000488281,1729.88000488281,1729.88000488281,431700
2007-06-13,1721.36999511719,1732.56994628906,1714.76000976562,1721.98999023438,1721.98999023438,715300
2007-06-14,1742.11999511719,1769.18005371094,1740.69995117188,1769.18005371094,1769.18005371094,580500
2007-06-15,1772.03002929688,1776.80004882812,1762.21997070312,1772.26000976562,1772.26000976562,540000
2007-06-18,1786.2900390625,1807.51000976562,1784.43994140625,1806.88000488281,1806.88000488281,613200
2007-06-19,1813.53002929688,1813.83996582031,1797.18005371094,1807.84997558594,1807.84997558594,650900
2007-06-20,1812.81994628906,1813.05004882812,1778.26000976562,1783.7900390625,1783.7900390625,686000
2007-06-21,1775.47998046875,1802.91003417969,1770.17004394531,1794.23999023438,1794.23999023438,579500
2007-06-22,1801.19995117188,1802.43005371094,1759.94995117188,1770.97998046875,1770.97998046875,531600
2007-06-25,1754.19995117188,1785.86999511719,1747.85998535156,1757.72998046875,1757.72998046875,394500
2007-06-26,1762.47998046875,1768.68994140625,1732.43994140625,1749.55004882812,1749.55004882812,401000
2007-06-27,1749.01000976562,1749.01000976562,1724.81994628906,1733.09997558594,1733.09997558594,306900
2007-06-28,1745.81994628906,1752.23999023438,1737.93005371094,1751.75,1751.75,282800
2007-06-29,1755.83996582031,1766.25,1742.88000488281,1743.59997558594,1743.59997558594,281700
2007-07-02,1741.41003417969,1771.39001464844,1736.63000488281,1771.34997558594,1771.34997558594,302300
2007-07-03,1791.68994140625,1806.06005859375,1787.44995117188,1805.5,1805.5,402000
2007-07-04,1815.77001953125,1838.81994628906,1814.43994140625,1838.41003417969,1838.41003417969,417000
2007-07-05,1841.56005859375,1865.52001953125,1836.93005371094,1847.7900390625,1847.7900390625,534000
2007-07-06,1855.03002929688,1863.01000976562,1838.75,1861.01000976562,1861.01000976562,414400
2007-07-09,1870.34997558594,1890.82995605469,1865.7900390625,1883.58996582031,1883.58996582031,430600
2007-07-10,1887.34997558594,1895.97998046875,1881.35998535156,1894.53002929688,1894.53002929688,406300
2007-07-11,1880.7099609375,1904.34997558594,1875.43005371094,1889.9599609375,1889.9599609375,473900
2007-07-12,1897.58996582031,1922.25,1897.58996582031,1909.75,1909.75,445500
2007-07-13,1946.07995605469,1962.93994140625,1941.55004882812,1962.93005371094,1962.93005371094,507600
2007-07-16,1965.66003417969,1972.32995605469,1932.85998535156,1949.51000976562,1949.51000976562,519500
2007-07-18,1953.25,1956.81994628906,1930.51000976562,1930.69995117188,1930.69995117188,635000
2007-07-19,1935.09997558594,1950.85998535156,1922.14001464844,1937.90002441406,1937.90002441406,586300
2007-07-20,1949.5,1983.5400390625,1939.68994140625,1983.5400390625,1983.5400390625,638800
2007-07-23,1978.05004882812,1993.96997070312,1968.55004882812,1993.05004882812,1993.05004882812,538600
2007-07-24,2001.52001953125,2005.02001953125,1975.75,1992.26000976562,1992.26000976562,589400
2007-07-25,1992.16003417969,2011.17004394531,1962.16003417969,2004.21997070312,2004.21997070312,588400
2007-07-26,2012.0400390625,2015.47998046875,1963.4599609375,1963.5400390625,1963.5400390625,617000
2007-07-27,1924.01000976562,1924.10998535156,1863.39001464844,1883.21997070312,1883.21997070312,517200
2007-07-30,1874.07995605469,1906.7099609375,1859.11999511719,1906.7099609375,1906.7099609375,386200
2007-07-31,1915.44995117188,1933.27001953125,1899.56005859375,1933.27001953125,1933.27001953125,373800
2007-08-01,1920.06994628906,1920.06994628906,1836.28002929688,1856.44995117188,1856.44995117188,389600
2007-08-02,1874.97998046875,1890.81005859375,1810.61999511719,1853.06994628906,1853.06994628906,371800
2007-08-03,1875.06994628906,1890.63000488281,1865.75,1876.80004882812,1876.80004882812,350300
2007-08-06,1832.5400390625,1855.35998535156,1829.21997070312,1855.05004882812,1855.05004882812,325200
2007-08-07,1888.57995605469,1888.76000976562,1849.68005371094,1859.81994628906,1859.81994628906,315700
2007-08-08,1879.60998535156,1905.21997070312,1873.98999023438,1903.41003417969,1903.41003417969,382000
2007-08-09,1923.98999023438,1928.64001464844,1899.31994628906,1908.68005371094,1908.68005371094,413900
2007-08-10,1853.21997070312,1854.61999511719,1814.30004882812,1828.48999023438,1828.48999023438,388000
2007-08-13,1840.89001464844,1849.31005859375,1820.9599609375,1849.26000976562,1849.26000976562,330100
2007-08-14,1841.15002441406,1857.13000488281,1801.06994628906,1817.89001464844,1817.89001464844,405700
2007-08-16,1754.18994140625,1755.31994628906,1681.7099609375,1691.97998046875,1691.97998046875,508200
2007-08-17,1702.66003417969,1705.17004394531,1626.86999511719,1638.06994628906,1638.06994628906,493200
2007-08-20,1700.47998046875,1732.39001464844,1693.42004394531,1731.27001953125,1731.27001953125,366700
2007-08-21,1740.84997558594,1764.25,1721.18005371094,1736.18005371094,1736.18005371094,458900
2007-08-22,1741.93005371094,1764.60998535156,1737.06005859375,1759.5,1759.5,402600
2007-08-23,1801.47998046875,1816.18994140625,1795.06994628906,1799.71997070312,1799.71997070312,394700
2007-08-24,1793.17004394531,1802.7099609375,1775.06994628906,1791.32995605469,1791.32995605469,376000
2007-08-27,1825.96997070312,1834.65002441406,1802.57995605469,1803.03002929688,1803.03002929688,366000
2007-08-28,1806.57995605469,1829.43005371094,1792.06994628906,1829.31005859375,1829.31005859375,414100
2007-08-29,1773.58996582031,1831.22998046875,1773.05004882812,1826.18994140625,1826.18994140625,385900
2007-08-30,1859.44995117188,1866.31994628906,1836.08996582031,1841.69995117188,1841.69995117188,423300
2007-08-31,1844.28002929688,1873.34997558594,1844.08996582031,1873.23999023438,1873.23999023438,360400
2007-09-03,1876.92004394531,1881.92004394531,1863.2099609375,1881.81005859375,1881.81005859375,385700
2007-09-04,1881.17004394531,1899.66003417969,1871.86999511719,1874.73999023438,1874.73999023438,425700
2007-09-05,1883.82995605469,1898.67004394531,1859.52001953125,1865.58996582031,1865.58996582031,382900
2007-09-06,1862,1889.06005859375,1844.64001464844,1888.81005859375,1888.81005859375,447300
2007-09-07,1886.59997558594,1899.0400390625,1869.56005859375,1884.90002441406,1884.90002441406,392500
2007-09-10,1845.58996582031,1846.81994628906,1811.33996582031,1835.86999511719,1835.86999511719,360200
2007-09-11,1844.68005371094,1851.34997558594,1827.90002441406,1847.35998535156,1847.35998535156,420500
2007-09-12,1853.93994140625,1855.31005859375,1813.32995605469,1813.52001953125,1813.52001953125,433900
2007-09-13,1817.86999511719,1848.98999023438,1805.88000488281,1848.02001953125,1848.02001953125,338400
2007-09-14,1856.17004394531,1875.94995117188,1849.36999511719,1870.02001953125,1870.02001953125,373100
2007-09-17,1873.65002441406,1876.0400390625,1853.44995117188,1871.68005371094,1871.68005371094,315800
2007-09-18,1867.60998535156,1870.82995605469,1837.21997070312,1838.60998535156,1838.60998535156,403800
2007-09-19,1892.78002929688,1905.75,1886.94995117188,1902.65002441406,1902.65002441406,480100
2007-09-20,1902.22998046875,1915.18994140625,1894.76000976562,1908.96997070312,1908.96997070312,441900
2007-09-21,1909.36999511719,1921.22998046875,1902.10998535156,1919.26000976562,1919.26000976562,440100
2007-09-27,1944.86999511719,1952.39001464844,1935.02001953125,1945.28002929688,1945.28002929688,394500
2007-09-28,1950.98999023438,1951.18005371094,1936.85998535156,1946.47998046875,1946.47998046875,541700
2007-10-01,1948.78002929688,1970.10998535156,1946.13000488281,1962.67004394531,1962.67004394531,436100
2007-10-02,1991,2014.9599609375,1981.64001464844,2014.08996582031,2014.08996582031,473900
2007-10-04,1998.56005859375,2013.2099609375,1992.01000976562,2003.59997558594,2003.59997558594,462600
2007-10-05,2007.83996582031,2009.68005371094,1990.81994628906,1996.03002929688,1996.03002929688,380400
2007-10-08,2020.33996582031,2022.01000976562,2002.43005371094,2012.81994628906,2012.81994628906,504200
2007-10-09,2014.93994140625,2022.86999511719,1995.05004882812,2014.13000488281,2014.13000488281,471500
2007-10-10,2033.68994140625,2044.78002929688,2026.90002441406,2041.11999511719,2041.11999511719,368700
2007-10-11,2040.34997558594,2058.8701171875,2033.44995117188,2058.85009765625,2058.85009765625,519200
2007-10-12,2047.67004394531,2057.38989257812,2020.80004882812,2026.43994140625,2026.43994140625,456900
2007-10-15,2043.93005371094,2047.02001953125,2012.0400390625,2035.39001464844,2035.39001464844,383900
2007-10-16,2014.35998535156,2042.83996582031,2001.30004882812,2005.76000976562,2005.76000976562,548700
2007-10-17,2000.39001464844,2009.67004394531,1933.81994628906,1983.93994140625,1983.93994140625,507300
2007-10-18,1989.59997558594,2012.31994628906,1977.5,2005.08996582031,2005.08996582031,426900
2007-10-19,2003.27001953125,2003.27001953125,1970.09997558594,1970.09997558594,1970.09997558594,390300
2007-10-22,1901.15002441406,1910.18994140625,1875.22998046875,1903.81005859375,1903.81005859375,354500
2007-10-23,1936.92004394531,1952.31994628906,1909.60998535156,1947.97998046875,1947.97998046875,371200
2007-10-24,1966.55004882812,2003.19995117188,1923.06994628906,1933.35998535156,1933.35998535156,481100
2007-10-25,1967.07995605469,1982.18994140625,1941.05004882812,1976.75,1976.75,453600
2007-10-26,1987.19995117188,2028.06994628906,1968.81994628906,2028.06005859375,2028.06005859375,438900
2007-10-29,2051.6201171875,2070.86010742188,2044.08996582031,2062.919921875,2062.919921875,481200
2007-10-30,2058.78002929688,2066,2037.75,2052.3701171875,2052.3701171875,402200
2007-10-31,2052.60009765625,2065.53002929688,2043.93005371094,2064.85009765625,2064.85009765625,365400
2007-11-01,2085.330078125,2085.44995117188,2048.67993164062,2063.13989257812,2063.13989257812,402000
2007-11-02,2014.65002441406,2049.6201171875,2014.65002441406,2019.33996582031,2019.33996582031,388400
2007-11-05,2025.0400390625,2027.2099609375,1992.23999023438,2015.76000976562,2015.76000976562,300200
2007-11-06,2023.41003417969,2055.53002929688,2020.23999023438,2054.23999023438,2054.23999023438,312200
2007-11-07,2074.17993164062,2085.03002929688,2043.18994140625,2043.18994140625,2043.18994140625,339600
2007-11-08,2009.64001464844,2022.60998535156,1971.94995117188,1979.56005859375,1979.56005859375,330600
2007-11-09,2001.10998535156,2017.36999511719,1968.85998535156,1990.46997070312,1990.46997070312,366600
2007-11-12,1957.78002929688,1957.78002929688,1901.86999511719,1923.42004394531,1923.42004394531,312700
2007-11-13,1928.78002929688,1935.93005371094,1887.76000976562,1932.89001464844,1932.89001464844,394900
2007-11-14,1982.93005371094,1984.83996582031,1956.90002441406,1972.57995605469,1972.57995605469,362100
2007-11-15,1970.13000488281,1985.38000488281,1932.03002929688,1947.73999023438,1947.73999023438,367700
2007-11-16,1916.88000488281,1928.93005371094,1890.25,1926.19995117188,1926.19995117188,304300
2007-11-19,1936.38000488281,1936.5,1892.86999511719,1893.46997070312,1893.46997070312,292300
2007-11-20,1853.41003417969,1875.4599609375,1819.18005371094,1872.23999023438,1872.23999023438,331800
2007-11-21,1865.91003417969,1875.97998046875,1803.77001953125,1806.98999023438,1806.98999023438,307500
2007-11-22,1790.25,1815.32995605469,1771.39001464844,1799.02001953125,1799.02001953125,306200
2007-11-23,1806.02001953125,1820.60998535156,1745.26000976562,1772.88000488281,1772.88000488281,326700
2007-11-26,1803.76000976562,1855.32995605469,1795,1855.32995605469,1855.32995605469,290900
2007-11-27,1813.08996582031,1865.68994140625,1787.94995117188,1859.7900390625,1859.7900390625,338300
2007-11-28,1881.85998535156,1883.98999023438,1833.80004882812,1834.68994140625,1834.68994140625,324800
2007-11-29,1885.31994628906,1891.44995117188,1871.58996582031,1877.56005859375,1877.56005859375,347700
2007-11-30,1886.57995605469,1918.11999511719,1884.92004394531,1906,1906,339300
2007-12-03,1907.94995117188,1912.7099609375,1888.07995605469,1902.43005371094,1902.43005371094,291600
2007-12-04,1904.32995605469,1921.82995605469,1901.51000976562,1917.82995605469,1917.82995605469,288600
2007-12-05,1911.92004394531,1945.03002929688,1905.65002441406,1938.19995117188,1938.19995117188,310300
2007-12-06,1965.89001464844,1972.36999511719,1946.13000488281,1953.17004394531,1953.17004394531,339200
2007-12-07,1969.48999023438,1969.56005859375,1934.31994628906,1934.31994628906,1934.31994628906,361200
2007-12-10,1930.35998535156,1935.85998535156,1900.94995117188,1906.42004394531,1906.42004394531,284800
2007-12-11,1922.66003417969,1929.7099609375,1904.2099609375,1925.06994628906,1925.06994628906,264500
2007-12-12,1887.5,1928.77001953125,1887.22998046875,1927.44995117188,1927.44995117188,314500
2007-12-13,1921.65002441406,1937.5,1897.25,1915.90002441406,1915.90002441406,328600
2007-12-14,1914.46997070312,1921.53002929688,1877.27001953125,1895.05004882812,1895.05004882812,301500
2007-12-17,1873.15002441406,1886.39001464844,1839.57995605469,1839.81994628906,1839.81994628906,282500
2007-12-18,1821.30004882812,1869.7099609375,1808.85998535156,1861.46997070312,1861.46997070312,277000
2007-12-20,1878.58996582031,1882.60998535156,1843.72998046875,1844.36999511719,1844.36999511719,401800
2007-12-21,1855.06005859375,1878.31994628906,1832.33996582031,1878.31994628906,1878.31994628906,362600
2007-12-24,1899.19995117188,1921.39001464844,1894.7900390625,1919.46997070312,1919.46997070312,317100
2007-12-26,1924.91003417969,1926.08996582031,1901.91003417969,1906.71997070312,1906.71997070312,261000
2007-12-27,1901.93005371094,1915.18994140625,1891.2900390625,1908.61999511719,1908.61999511719,235900
2007-12-28,1892.56005859375,1911.67004394531,1890.81005859375,1897.13000488281,1897.13000488281,229400
2008-01-02,1891.44995117188,1892.5,1852.78002929688,1853.44995117188,1853.44995117188,247100
2008-01-03,1834.43994140625,1858.07995605469,1821.60998535156,1852.72998046875,1852.72998046875,253700
2008-01-04,1853.5400390625,1869.76000976562,1824.41003417969,1863.90002441406,1863.90002441406,299100
2008-01-07,1815.72998046875,1840.98999023438,1814.34997558594,1831.14001464844,1831.14001464844,268100
2008-01-08,1838.64001464844,1840.61999511719,1818.68994140625,1826.22998046875,1826.22998046875,296600
2008-01-09,1802.06005859375,1844.46997070312,1794.15002441406,1844.46997070312,1844.46997070312,277700
2008-01-10,1847.93994140625,1855.06994628906,1824.78002929688,1824.78002929688,1824.78002929688,315500
2008-01-11,1844.56994628906,1847.10998535156,1776.26000976562,1782.27001953125,1782.27001953125,280800
2008-01-14,1781,1790.68994140625,1754.13000488281,1765.88000488281,1765.88000488281,249300
2008-01-15,1781.53002929688,1781.53002929688,1723.14001464844,1746.94995117188,1746.94995117188,295500
2008-01-16,1715.96997070312,1735.51000976562,1701.31994628906,1704.96997070312,1704.96997070312,295600
2008-01-17,1726.03002929688,1732.64001464844,1687.09997558594,1723.55004882812,1723.55004882812,296000
2008-01-18,1689.28002929688,1737.42004394531,1684.39001464844,1734.71997070312,1734.71997070312,287700
2008-01-21,1723.94995117188,1724.39001464844,1673.42004394531,1683.56005859375,1683.56005859375,286100
2008-01-22,1628.92004394531,1636.06005859375,1578.36999511719,1609.02001953125,1609.02001953125,316900
2008-01-23,1652.61999511719,1659.28002929688,1604.5400390625,1628.42004394531,1628.42004394531,272100
2008-01-24,1663.35998535156,1675.68994140625,1649,1663,1663,270600
2008-01-25,1682.93005371094,1692.66003417969,1674.2099609375,1692.41003417969,1692.41003417969,272600
2008-01-28,1668.06994628906,1674.46997070312,1620.90002441406,1627.18994140625,1627.18994140625,259300
2008-01-29,1657.90002441406,1662.90002441406,1622.52001953125,1637.91003417969,1637.91003417969,275300
2008-01-30,1653,1653.19995117188,1578.2900390625,1589.06005859375,1589.06005859375,380500
2008-01-31,1582.18994140625,1630.11999511719,1570.86999511719,1624.68005371094,1624.68005371094,334100
2008-02-01,1645.05004882812,1648.96997070312,1619.65002441406,1634.53002929688,1634.53002929688,308100
2008-02-04,1655.78002929688,1696.56005859375,1655.78002929688,1690.13000488281,1690.13000488281,333100
2008-02-05,1686.19995117188,1697.98999023438,1680.39001464844,1696.56994628906,1696.56994628906,253900
2008-02-11,1648.51000976562,1651.71997070312,1633.4599609375,1640.67004394531,1640.67004394531,234300
2008-02-12,1653.59997558594,1654.61999511719,1641.05004882812,1643.2900390625,1643.2900390625,291300
2008-02-13,1663.2900390625,1663.94995117188,1629.56994628906,1631.78002929688,1631.78002929688,319000
2008-02-14,1660.44995117188,1697.44995117188,1660.44995117188,1697.44995117188,1697.44995117188,503900
2008-02-15,1672.39001464844,1696.36999511719,1668.41003417969,1694.77001953125,1694.77001953125,485500
2008-02-18,1701.75,1714.19995117188,1681.02001953125,1696.23999023438,1696.23999023438,374000
2008-02-19,1717.09997558594,1722.7099609375,1708.93005371094,1720.52001953125,1720.52001953125,362800
2008-02-20,1704.66003417969,1718.15002441406,1683.69995117188,1687.91003417969,1687.91003417969,321600
2008-02-21,1708.01000976562,1713.64001464844,1694.57995605469,1704.35998535156,1704.35998535156,241900
2008-02-22,1687.63000488281,1687.63000488281,1670.68994140625,1686.44995117188,1686.44995117188,281400
2008-02-25,1701.75,1715,1701.64001464844,1709.13000488281,1709.13000488281,299200
2008-02-26,1724.55004882812,1726.46997070312,1704.5,1709.13000488281,1709.13000488281,283700
2008-02-27,1725.9599609375,1732.80004882812,1715.81005859375,1720.89001464844,1720.89001464844,306600
2008-02-28,1726.07995605469,1739.59997558594,1713.25,1736.17004394531,1736.17004394531,257400
2008-02-29,1717.68994140625,1721.84997558594,1708.2099609375,1711.61999511719,1711.61999511719,315800
2008-03-03,1676.30004882812,1676.30004882812,1657.7900390625,1671.72998046875,1671.72998046875,237100
2008-03-04,1677.09997558594,1686.58996582031,1665.09997558594,1676.18005371094,1676.18005371094,278600
2008-03-05,1680.63000488281,1687.19995117188,1667.86999511719,1677.09997558594,1677.09997558594,263600
2008-03-06,1681.39001464844,1705.96997070312,1680.10998535156,1697.43994140625,1697.43994140625,359700
2008-03-07,1682.17004394531,1682.17004394531,1650.73999023438,1663.96997070312,1663.96997070312,304200
2008-03-10,1634.42004394531,1650.56005859375,1621.40002441406,1625.17004394531,1625.17004394531,318100
2008-03-11,1605.31005859375,1643.66003417969,1602.34997558594,1641.47998046875,1641.47998046875,279800
2008-03-12,1685.43994140625,1687.63000488281,1658.17004394531,1658.82995605469,1658.82995605469,325300
2008-03-13,1657.2099609375,1657.2099609375,1609.17004394531,1615.61999511719,1615.61999511719,309600
2008-03-14,1637.78002929688,1638.66003417969,1578.44995117188,1600.26000976562,1600.26000976562,297700
2008-03-17,1588.53002929688,1588.53002929688,1537.53002929688,1574.43994140625,1574.43994140625,298700
2008-03-18,1585.31994628906,1590.28002929688,1566.9599609375,1588.75,1588.75,243100
2008-03-19,1626.28002929688,1632.68005371094,1614.9599609375,1622.22998046875,1622.22998046875,280400
2008-03-20,1602.2900390625,1624.47998046875,1592.93994140625,1623.39001464844,1623.39001464844,243400
2008-03-21,1644.05004882812,1645.78002929688,1634.51000976562,1645.68994140625,1645.68994140625,283900
2008-03-24,1653.81994628906,1663.56994628906,1645.89001464844,1655.30004882812,1655.30004882812,258100
2008-03-25,1676.73999023438,1680.77001953125,1667.93005371094,1674.93005371094,1674.93005371094,320000
2008-03-26,1676.81005859375,1681.91003417969,1670.31005859375,1679.67004394531,1679.67004394531,280400
2008-03-27,1671.97998046875,1677.31005859375,1660.44995117188,1676.23999023438,1676.23999023438,257900
2008-03-28,1671.06005859375,1704.28002929688,1670.89001464844,1701.82995605469,1701.82995605469,350500
2008-03-31,1705.17004394531,1709.31005859375,1685.18994140625,1703.98999023438,1703.98999023438,291700
2008-04-01,1701.64001464844,1717.82995605469,1694.53002929688,1702.25,1702.25,320400
2008-04-02,1738.64001464844,1743.5400390625,1734.42004394531,1742.18994140625,1742.18994140625,326500
2008-04-03,1745.71997070312,1765.53002929688,1742.43005371094,1763.63000488281,1763.63000488281,253800
2008-04-04,1762.93994140625,1768.06005859375,1756.73999023438,1766.48999023438,1766.48999023438,256800
2008-04-07,1769.73999023438,1786.56994628906,1763.38000488281,1773.56005859375,1773.56005859375,275300
2008-04-08,1770.97998046875,1770.97998046875,1749.64001464844,1754.7099609375,1754.7099609375,267200
2008-04-10,1745.59997558594,1764.64001464844,1735.78002929688,1764.64001464844,1764.64001464844,214900
2008-04-11,1768.13000488281,1779.92004394531,1759.2900390625,1779.7099609375,1779.7099609375,272400
2008-04-14,1746.88000488281,1755.28002929688,1739.03002929688,1746.7099609375,1746.7099609375,223500
2008-04-15,1749.2900390625,1754.30004882812,1734.13000488281,1742.17004394531,1742.17004394531,238500
2008-04-16,1757.82995605469,1765.81005859375,1753.7900390625,1758.56005859375,1758.56005859375,286300
2008-04-17,1782.51000976562,1783.84997558594,1765.58996582031,1768.67004394531,1768.67004394531,265000
2008-04-18,1772.89001464844,1778.81005859375,1762.93994140625,1771.90002441406,1771.90002441406,237600
2008-04-21,1793.18994140625,1802.81005859375,1791.40002441406,1800.47998046875,1800.47998046875,299000
2008-04-22,1799.71997070312,1803.34997558594,1785.46997070312,1787.48999023438,1787.48999023438,346700
2008-04-23,1784.22998046875,1809.02001953125,1784.22998046875,1800.7900390625,1800.7900390625,340400
2008-04-24,1808.88000488281,1812.61999511719,1794.64001464844,1799.33996582031,1799.33996582031,497200
2008-04-25,1809,1825.82995605469,1809,1824.68005371094,1824.68005371094,328000
2008-04-28,1829.44995117188,1831.83996582031,1814.19995117188,1823.17004394531,1823.17004394531,371600
2008-04-29,1829.01000976562,1831.22998046875,1803.07995605469,1811.51000976562,1811.51000976562,272400
2008-04-30,1808.73999023438,1825.57995605469,1803.48999023438,1825.46997070312,1825.46997070312,245000
2008-05-01,NA,NA,NA,NA,NA,NA
2008-05-02,1851.64001464844,1851.64001464844,1843.14001464844,1848.27001953125,1848.27001953125,267800
2008-05-05,NA,NA,NA,NA,NA,NA
2008-05-06,1849.81005859375,1859.27001953125,1843.35998535156,1859.06005859375,1859.06005859375,303700
2008-05-07,1863.77001953125,1868.08996582031,1839.76000976562,1854.01000976562,1854.01000976562,384100
2008-05-08,1831.17004394531,1854.55004882812,1830.4599609375,1848,1848,319200
2008-05-09,1854.72998046875,1854.72998046875,1818.27001953125,1823.69995117188,1823.69995117188,280100
2008-05-12,NA,NA,NA,NA,NA,NA
2008-05-13,1829.36999511719,1842.80004882812,1813.97998046875,1842.80004882812,1842.80004882812,265300
2008-05-14,1841.43994140625,1848.02001953125,1828.06994628906,1843.75,1843.75,297700
2008-05-15,1852.73999023438,1886.94995117188,1852.67004394531,1885.7099609375,1885.7099609375,414800
2008-05-16,1893.98999023438,1899.56994628906,1882.68994140625,1888.88000488281,1888.88000488281,301700
2008-05-19,1893.5400390625,1901.13000488281,1875.05004882812,1885.36999511719,1885.36999511719,356000
2008-05-20,1886.52001953125,1889.84997558594,1857.05004882812,1873.15002441406,1873.15002441406,336300
2008-05-21,1848.96997070312,1861.57995605469,1844.94995117188,1847.51000976562,1847.51000976562,316000
2008-05-22,1826.06005859375,1836.63000488281,1810.68005371094,1835.42004394531,1835.42004394531,357300
2008-05-23,1836.42004394531,1840.78002929688,1826.16003417969,1827.93994140625,1827.93994140625,299100
2008-05-26,1813.63000488281,1820.73999023438,1791.40002441406,1800.57995605469,1800.57995605469,281800
2008-05-27,1806.19995117188,1825.47998046875,1806.19995117188,1825.22998046875,1825.22998046875,260300
2008-05-28,1835.38000488281,1835.7099609375,1802.01000976562,1805.64001464844,1805.64001464844,299600
2008-05-29,1819.32995605469,1842.56005859375,1819.32995605469,1841.21997070312,1841.21997070312,299000
2008-05-30,1846.97998046875,1852.35998535156,1833.42004394531,1852.02001953125,1852.02001953125,287600
2008-06-02,1848.30004882812,1853.5,1831.66003417969,1847.53002929688,1847.53002929688,234500
2008-06-03,1832.31005859375,1836.7099609375,1814.5,1819.39001464844,1819.39001464844,258900
2008-06-04,1821.30004882812,1836.13000488281,1813.11999511719,1833.81005859375,1833.81005859375,235900
2008-06-05,1830.14001464844,1832.81994628906,1816.34997558594,1832.31005859375,1832.31005859375,275000
2008-06-06,NA,NA,NA,NA,NA,NA
2008-06-09,1787.90002441406,1810.2099609375,1785.16003417969,1808.9599609375,1808.9599609375,249300
2008-06-10,1813.35998535156,1814.06005859375,1765.34997558594,1774.38000488281,1774.38000488281,322800
2008-06-11,1781.14001464844,1786.97998046875,1760.66003417969,1781.67004394531,1781.67004394531,282800
2008-06-12,1755.90002441406,1761.2900390625,1739.35998535156,1739.35998535156,1739.35998535156,379800
2008-06-13,1753.67004394531,1760.71997070312,1730.25,1747.34997558594,1747.34997558594,402000
2008-06-16,1763.85998535156,1768.63000488281,1755.55004882812,1760.81994628906,1760.81994628906,375400
2008-06-17,1766.33996582031,1767.5,1738.7099609375,1750.7099609375,1750.7099609375,334900
2008-06-18,1745.5,1775.10998535156,1742.68005371094,1774.13000488281,1774.13000488281,343000
2008-06-19,1756.35998535156,1757.26000976562,1731.51000976562,1740.71997070312,1740.71997070312,401500
2008-06-20,1752.94995117188,1755.59997558594,1723.41003417969,1731,1731,331000
2008-06-23,1705.60998535156,1720.73999023438,1694.7900390625,1715.58996582031,1715.58996582031,303200
2008-06-24,1706.92004394531,1717.22998046875,1699.81005859375,1710.83996582031,1710.83996582031,364200
2008-06-25,1710.44995117188,1717.81005859375,1695.01000976562,1717.7900390625,1717.7900390625,345400
2008-06-26,1717.56994628906,1734.85998535156,1714.38000488281,1717.66003417969,1717.66003417969,328800
2008-06-27,1673.27001953125,1685.88000488281,1669.68994140625,1684.44995117188,1684.44995117188,285300
2008-06-30,1682.85998535156,1689.60998535156,1671.10998535156,1674.92004394531,1674.92004394531,261900
2008-07-01,1675.69995117188,1681.44995117188,1652.03002929688,1666.4599609375,1666.4599609375,278000
2008-07-02,1665.52001953125,1667.96997070312,1607.88000488281,1623.59997558594,1623.59997558594,336000
2008-07-03,1591.2099609375,1616.65002441406,1580.82995605469,1606.5400390625,1606.5400390625,352000
2008-07-04,1604.46997070312,1610.65002441406,1574.59997558594,1577.93994140625,1577.93994140625,247000
2008-07-07,1568.25,1583.48999023438,1560,1579.71997070312,1579.71997070312,250000
2008-07-08,1577.0400390625,1577.0400390625,1509.19995117188,1533.46997070312,1533.46997070312,332000
2008-07-09,1557.06994628906,1563.06994628906,1519.05004882812,1519.38000488281,1519.38000488281,328800
2008-07-10,1498.78002929688,1542.33996582031,1495.43994140625,1537.43005371094,1537.43005371094,354200
2008-07-11,1543.01000976562,1573.06005859375,1526.67004394531,1567.51000976562,1567.51000976562,326500
2008-07-14,1562.88000488281,1581.69995117188,1554.01000976562,1558.61999511719,1558.61999511719,257100
2008-07-15,1550.94995117188,1550.94995117188,1506.41003417969,1509.32995605469,1509.32995605469,297900
2008-07-16,1518.56994628906,1529.86999511719,1488.75,1507.40002441406,1507.40002441406,296900
2008-07-17,1541.38000488281,1546.83996582031,1524.84997558594,1525.56005859375,1525.56005859375,319700
2008-07-18,1542.72998046875,1542.91003417969,1504,1509.98999023438,1509.98999023438,304100
2008-07-21,1530.68005371094,1569.44995117188,1530.05004882812,1562.92004394531,1562.92004394531,296100
2008-07-22,1551.08996582031,1563.75,1549,1561.22998046875,1561.22998046875,252500
2008-07-23,1586.27001953125,1598.89001464844,1577.93994140625,1591.76000976562,1591.76000976562,351600
2008-07-24,1603.52001953125,1627.86999511719,1603.23999023438,1626.14001464844,1626.14001464844,347700
2008-07-25,1595.28002929688,1610.44995117188,1589.47998046875,1597.93005371094,1597.93005371094,266600
2008-07-28,1609.56994628906,1611.15002441406,1588.56005859375,1598.2900390625,1598.2900390625,252300
2008-07-29,1572.16003417969,1573.61999511719,1542.89001464844,1567.19995117188,1567.19995117188,261600
2008-07-30,1594.0400390625,1595.83996582031,1572.17004394531,1577.69995117188,1577.69995117188,265700
2008-07-31,1583.98999023438,1600.15002441406,1577.81005859375,1594.67004394531,1594.67004394531,233000
2008-08-01,1578.55004882812,1587.48999023438,1562.2900390625,1573.77001953125,1573.77001953125,231200
2008-08-04,1567.01000976562,1571.22998046875,1531.52001953125,1543.05004882812,1543.05004882812,246500
2008-08-05,1540.31994628906,1556.9599609375,1533.43005371094,1535.5400390625,1535.5400390625,244800
2008-08-06,1567.30004882812,1580.25,1560.88000488281,1578.7099609375,1578.7099609375,276600
2008-08-07,1577.35998535156,1582.51000976562,1553.2099609375,1564,1564,219000
2008-08-08,1547.69995117188,1573.18005371094,1544.09997558594,1568.71997070312,1568.71997070312,221300
2008-08-11,1592.30004882812,1597.31005859375,1581.08996582031,1581.08996582031,1581.08996582031,254500
2008-08-12,1581.09997558594,1590.11999511719,1570.88000488281,1577.11999511719,1577.11999511719,251600
2008-08-13,1572.86999511719,1581.4599609375,1553.93994140625,1562.71997070312,1562.71997070312,231600
2008-08-14,1553.65002441406,1578.30004882812,1553.65002441406,1572.18994140625,1572.18994140625,247600
2008-08-15,NA,NA,NA,NA,NA,NA
2008-08-18,1579.13000488281,1582.76000976562,1561.56994628906,1567.7099609375,1567.7099609375,260800
2008-08-19,1554.2099609375,1554.92004394531,1528.31005859375,1541.41003417969,1541.41003417969,261100
2008-08-20,1531.86999511719,1549.53002929688,1524.86999511719,1540.7099609375,1540.7099609375,243700
2008-08-21,1539.55004882812,1540.44995117188,1511.68994140625,1512.58996582031,1512.58996582031,259500
2008-08-22,1508.67004394531,1508.67004394531,1477.55004882812,1496.91003417969,1496.91003417969,226300
2008-08-25,1505.13000488281,1510.97998046875,1496.63000488281,1502.10998535156,1502.10998535156,198300
2008-08-26,1477.0400390625,1502.32995605469,1474.64001464844,1490.25,1490.25,213100
2008-08-27,1487.78002929688,1498.38000488281,1466.4599609375,1493.92004394531,1493.92004394531,241600
2008-08-28,1503.26000976562,1503.73999023438,1473,1474.15002441406,1474.15002441406,216100
2008-08-29,1488.25,1496.14001464844,1470.86999511719,1474.23999023438,1474.23999023438,242100
2008-09-01,1453.14001464844,1456.68994140625,1413.43005371094,1414.43005371094,1414.43005371094,316600
2008-09-02,1418.26000976562,1430.43005371094,1392.55004882812,1407.14001464844,1407.14001464844,373400
2008-09-03,1403.89001464844,1430.93994140625,1396.13000488281,1426.89001464844,1426.89001464844,367100
2008-09-04,1421.16003417969,1436.61999511719,1409.32995605469,1426.43005371094,1426.43005371094,372900
2008-09-05,1394.39001464844,1415.23999023438,1393.32995605469,1404.38000488281,1404.38000488281,298500
2008-09-08,1437.58996582031,1481.41003417969,1437.58996582031,1476.65002441406,1476.65002441406,399100
2008-09-09,1469.5400390625,1469.5400390625,1446.53002929688,1454.5,1454.5,443700
2008-09-10,1432.90002441406,1466.26000976562,1430.05004882812,1464.97998046875,1464.97998046875,421200
2008-09-11,1459.68994140625,1467.90002441406,1439.38000488281,1443.23999023438,1443.23999023438,363000
2008-09-12,1468.41003417969,1480.77001953125,1463.57995605469,1477.92004394531,1477.92004394531,311700
2008-09-15,NA,NA,NA,NA,NA,NA
2008-09-16,1381.23999023438,1401.7900390625,1372.55004882812,1387.75,1387.75,392800
2008-09-17,1420.48999023438,1441.23999023438,1412.59997558594,1425.26000976562,1425.26000976562,398300
2008-09-18,1385.46997070312,1400.34997558594,1366.88000488281,1392.42004394531,1392.42004394531,413400
2008-09-19,1441.31005859375,1464.58996582031,1435.71997070312,1455.78002929688,1455.78002929688,468700
2008-09-22,1472.07995605469,1488.93994140625,1457.09997558594,1460.33996582031,1460.33996582031,354300
2008-09-23,1447.90002441406,1484.01000976562,1445.5,1481.36999511719,1481.36999511719,470400
2008-09-24,1479.0400390625,1501.08996582031,1472.31005859375,1495.97998046875,1495.97998046875,498500
2008-09-25,1487.72998046875,1503.82995605469,1469.22998046875,1501.63000488281,1501.63000488281,419100
2008-09-26,1492.42004394531,1498.73999023438,1469.82995605469,1476.32995605469,1476.32995605469,405900
2008-09-29,1491.10998535156,1496.30004882812,1449.32995605469,1456.35998535156,1456.35998535156,365900
2008-09-30,1383.96997070312,1448.06005859375,1376.71997070312,1448.06005859375,1448.06005859375,412800
2008-10-01,1453.40002441406,1453.40002441406,1429.56994628906,1439.67004394531,1439.67004394531,314200
2008-10-02,1450.16003417969,1458.68005371094,1410.34997558594,1419.65002441406,1419.65002441406,317900
2008-10-03,NA,NA,NA,NA,NA,NA
2008-10-06,1389.68005371094,1389.68005371094,1351.71997070312,1358.75,1358.75,312400
2008-10-07,1340.92004394531,1371.23999023438,1321.81005859375,1366.09997558594,1366.09997558594,349600
2008-10-08,1323.9599609375,1334.33996582031,1281.46997070312,1286.68994140625,1286.68994140625,431500
2008-10-09,1289.67004394531,1324.35998535156,1274.4599609375,1294.89001464844,1294.89001464844,451800
2008-10-10,1248.53002929688,1248.53002929688,1178.51000976562,1241.46997070312,1241.46997070312,461300
2008-10-13,1272.94995117188,1294.18994140625,1252.43994140625,1288.53002929688,1288.53002929688,384700
2008-10-14,1342.31005859375,1367.69995117188,1339.85998535156,1367.68994140625,1367.68994140625,460900
2008-10-15,1338.4599609375,1353.43994140625,1327.42004394531,1340.28002929688,1340.28002929688,347700
2008-10-16,1258.38000488281,1265.84997558594,1205.14001464844,1213.78002929688,1213.78002929688,409100
2008-10-17,1245.15002441406,1245.15002441406,1166.88000488281,1180.67004394531,1180.67004394531,420200
2008-10-20,1195.90002441406,1211.08996582031,1149.39001464844,1207.63000488281,1207.63000488281,373000
2008-10-21,1223.75,1232.72998046875,1181.88000488281,1196.09997558594,1196.09997558594,389200
2008-10-22,1190.5,1195.28002929688,1095.56005859375,1134.58996582031,1134.58996582031,374900
2008-10-23,1089.56994628906,1089.56994628906,1028.5,1049.7099609375,1049.7099609375,401500
2008-10-24,1051.57995605469,1051.92004394531,925.570007324219,938.75,938.75,443200
2008-10-27,937.179992675781,966.409973144531,892.159973144531,946.450012207031,946.450012207031,540700
2008-10-28,916.849975585938,1012.72998046875,901.489990234375,999.159973144531,999.159973144531,649400
2008-10-29,1047.47998046875,1078.32995605469,920.349975585938,968.969970703125,968.969970703125,763400
2008-10-30,1036.82995605469,1094.89001464844,992.890014648438,1084.71997070312,1084.71997070312,621600
2008-10-31,1083.14001464844,1158.66003417969,1061.4599609375,1113.06005859375,1113.06005859375,864800
2008-11-03,1117.13000488281,1158.86999511719,1109.31994628906,1129.07995605469,1129.07995605469,568200
2008-11-04,1135.53002929688,1154.44995117188,1114.41003417969,1153.34997558594,1153.34997558594,603600
2008-11-05,1184.92004394531,1217.81994628906,1159.67004394531,1181.5,1181.5,790200
2008-11-06,1133.78002929688,1140.84997558594,1081.7900390625,1092.21997070312,1092.21997070312,657600
2008-11-07,1054.34997558594,1134.5,1038.71997070312,1134.48999023438,1134.48999023438,846300
2008-11-10,1152.26000976562,1165.56994628906,1124.13000488281,1152.4599609375,1152.4599609375,717500
2008-11-11,1133.33996582031,1160.30004882812,1114.5,1128.72998046875,1128.72998046875,600700
2008-11-12,1103.88000488281,1143.18005371094,1096.63000488281,1123.85998535156,1123.85998535156,605700
2008-11-13,1074.75,1088.4599609375,1040.33996582031,1088.43994140625,1088.43994140625,566800
2008-11-14,1126.93994140625,1129.40002441406,1078.43994140625,1088.26000976562,1088.26000976562,440500
2008-11-17,1074.32995605469,1104.66003417969,1050.40002441406,1078.31994628906,1078.31994628906,413400
2008-11-18,1053.2900390625,1075.68005371094,1036.09997558594,1036.16003417969,1036.16003417969,377400
2008-11-19,1038.73999023438,1038.73999023438,994.570007324219,1016.82000732422,1016.82000732422,404600
2008-11-20,967.460021972656,984.510009765625,947.440002441406,948.690002441406,948.690002441406,424100
2008-11-21,929.739990234375,1013.11999511719,914.02001953125,1003.72998046875,1003.72998046875,602100
2008-11-24,996.22998046875,1014.48999023438,969.489990234375,970.140014648438,970.140014648438,464200
2008-11-25,1016.09002685547,1029.4599609375,966.280029296875,983.320007324219,983.320007324219,486200
2008-11-26,993.070007324219,1030.69995117188,993.070007324219,1029.78002929688,1029.78002929688,515500
2008-11-27,1058.63000488281,1070.67004394531,1046.4599609375,1063.47998046875,1063.47998046875,563600
2008-11-28,1066.83996582031,1084.03002929688,1061.52001953125,1076.06994628906,1076.06994628906,555200
2008-12-01,1074,1083.01000976562,1058.61999511719,1058.61999511719,1058.61999511719,627300
2008-12-02,1007.71002197266,1038.41003417969,1007.26000976562,1023.20001220703,1023.20001220703,421100
2008-12-03,1038.41003417969,1038.41003417969,1013.55999755859,1022.66998291016,1022.66998291016,478700
2008-12-04,1042.16003417969,1042.16003417969,997,1006.53997802734,1006.53997802734,402200
2008-12-05,1017.47998046875,1032.68005371094,1008.29998779297,1028.13000488281,1028.13000488281,401600
2008-12-08,1041.41003417969,1111.27001953125,1037.64001464844,1105.05004882812,1105.05004882812,541800
2008-12-09,1116.08996582031,1120.66003417969,1092.48999023438,1105.83996582031,1105.83996582031,486500
2008-12-10,1112.43994140625,1155.07995605469,1105.7099609375,1145.86999511719,1145.86999511719,562100
2008-12-11,1145.06005859375,1166.27001953125,1135.5,1154.43005371094,1154.43005371094,576700
2008-12-12,1128.66003417969,1152.98999023438,1089.93994140625,1103.81994628906,1103.81994628906,622300
2008-12-15,1138.42004394531,1164.71997070312,1138.42004394531,1158.18994140625,1158.18994140625,485400
2008-12-16,1148.68005371094,1165.2900390625,1137.05004882812,1161.56005859375,1161.56005859375,626700
2008-12-17,1190.08996582031,1196.36999511719,1146.0400390625,1169.75,1169.75,647800
2008-12-18,1183.38000488281,1189.82995605469,1164.59997558594,1175.91003417969,1175.91003417969,557800
2008-12-19,1174.23999023438,1194.52001953125,1171.38000488281,1180.96997070312,1180.96997070312,685000
2008-12-22,1189.84997558594,1201.14001464844,1167.63000488281,1179.60998535156,1179.60998535156,450600
2008-12-23,1168.15002441406,1175.31994628906,1140.13000488281,1144.31005859375,1144.31005859375,436400
2008-12-24,1140.07995605469,1143.68005371094,1113.17004394531,1128.51000976562,1128.51000976562,407800
2008-12-25,NA,NA,NA,NA,NA,NA
2008-12-26,1128.5400390625,1134.56994628906,1108.85998535156,1117.85998535156,1117.85998535156,345500
2008-12-29,1109.40002441406,1118.34997558594,1084.26000976562,1117.58996582031,1117.58996582031,312500
2008-12-30,1124.59997558594,1144.23999023438,1121.31994628906,1124.46997070312,1124.46997070312,357900
2008-12-31,NA,NA,NA,NA,NA,NA
2009-01-02,1132.86999511719,1157.40002441406,1118.83996582031,1157.40002441406,1157.40002441406,340800
2009-01-05,1180.97998046875,1185.21997070312,1166.66003417969,1173.56994628906,1173.56994628906,414800
2009-01-06,1183.52001953125,1203.58996582031,1179.93994140625,1194.28002929688,1194.28002929688,444200
2009-01-07,1198.84997558594,1228.56005859375,1195.19995117188,1228.17004394531,1228.17004394531,568600
2009-01-08,1212.69995117188,1218.43005371094,1195.15002441406,1205.69995117188,1205.69995117188,472300
2009-01-09,1214.5,1220.58996582031,1179.06005859375,1180.9599609375,1180.9599609375,443500
2009-01-12,1170.68994140625,1177.18994140625,1150.41003417969,1156.75,1156.75,352700
2009-01-13,1147.98999023438,1168.0400390625,1133.93994140625,1167.7099609375,1167.7099609375,381500
2009-01-14,1161.01000976562,1184.52001953125,1151.80004882812,1182.68005371094,1182.68005371094,358900
2009-01-15,1138.46997070312,1145.41003417969,1108.15002441406,1111.33996582031,1111.33996582031,366500
2009-01-16,1120.68994140625,1135.7900390625,1109.68994140625,1135.19995117188,1135.19995117188,335700
2009-01-19,1146.08996582031,1159.88000488281,1141.31005859375,1150.65002441406,1150.65002441406,370300
2009-01-20,1136.16003417969,1136.47998046875,1115.06994628906,1126.81005859375,1126.81005859375,319500
2009-01-21,1087.43005371094,1118.40002441406,1085.71997070312,1103.60998535156,1103.60998535156,334600
2009-01-22,1125.21997070312,1127.34997558594,1106.73999023438,1116.22998046875,1116.22998046875,346800
2009-01-23,1105.43005371094,1105.43005371094,1087.66003417969,1093.40002441406,1093.40002441406,268200
2009-01-28,1123.22998046875,1160.18994140625,1122.32995605469,1157.97998046875,1157.97998046875,345300
2009-01-29,1165.81994628906,1179.15002441406,1160.75,1166.56005859375,1166.56005859375,384700
2009-01-30,1147.56994628906,1163.76000976562,1144.52001953125,1162.10998535156,1162.10998535156,377000
2009-02-02,1145.86999511719,1170.69995117188,1136.36999511719,1146.94995117188,1146.94995117188,374600
2009-02-03,1152.93994140625,1174.28002929688,1137.82995605469,1163.19995117188,1163.19995117188,347700
2009-02-04,1183.21997070312,1195.52001953125,1176.09997558594,1195.36999511719,1195.36999511719,450200
2009-02-05,1187.05004882812,1206.72998046875,1177.88000488281,1177.88000488281,1177.88000488281,463600
2009-02-06,1199.17004394531,1210.26000976562,1190.67004394531,1210.26000976562,1210.26000976562,570800
2009-02-09,1224.43994140625,1227.72998046875,1199.93005371094,1202.68994140625,1202.68994140625,476000
2009-02-10,1215.05004882812,1219.76000976562,1186.32995605469,1198.86999511719,1198.86999511719,468800
2009-02-11,1168.42004394531,1193.55004882812,1162.56994628906,1190.18005371094,1190.18005371094,469800
2009-02-12,1183.68005371094,1187.34997558594,1162.57995605469,1179.83996582031,1179.83996582031,488100
2009-02-13,1179.63000488281,1192.47998046875,1165.25,1192.43994140625,1192.43994140625,574800
2009-02-16,1183.52001953125,1199.5,1174.72998046875,1175.46997070312,1175.46997070312,509500
2009-02-17,1167.21997070312,1167.21997070312,1121.41003417969,1127.18994140625,1127.18994140625,546400
2009-02-18,1111.34997558594,1120.65002441406,1096,1113.18994140625,1113.18994140625,598200
2009-02-19,1109.98999023438,1121.27001953125,1092.9599609375,1107.09997558594,1107.09997558594,641500
2009-02-20,1095.25,1102.43994140625,1056.33996582031,1065.94995117188,1065.94995117188,587400
2009-02-23,1058.5400390625,1099.55004882812,1051.52001953125,1099.55004882812,1099.55004882812,396100
2009-02-24,1061.56005859375,1071.93005371094,1055.85998535156,1063.88000488281,1063.88000488281,576300
2009-02-25,1094.69995117188,1095.72998046875,1061.59997558594,1067.07995605469,1067.07995605469,735400
2009-02-26,1077.7099609375,1100.44995117188,1036.67004394531,1054.7900390625,1054.7900390625,575100
2009-02-27,1056.7099609375,1076.81005859375,1048.05004882812,1063.03002929688,1063.03002929688,498300
2009-03-02,1044.28002929688,1044.28002929688,1010.86999511719,1018.80999755859,1018.80999755859,413900
2009-03-03,993.849975585938,1029.18005371094,992.690002441406,1025.56994628906,1025.56994628906,543400
2009-03-04,1018.90002441406,1062.68994140625,1008.66998291016,1059.26000976562,1059.26000976562,490800
2009-03-05,1068.25,1074.56005859375,1050.90002441406,1058.18005371094,1058.18005371094,509900
2009-03-06,1036.2900390625,1059.32995605469,1036.2900390625,1055.03002929688,1055.03002929688,465700
2009-03-09,1068.97998046875,1077.13000488281,1052.41003417969,1071.72998046875,1071.72998046875,457900
2009-03-10,1060.60998535156,1096.58996582031,1060.60998535156,1092.19995117188,1092.19995117188,614100
2009-03-11,1122.91003417969,1127.88000488281,1118.11999511719,1127.51000976562,1127.51000976562,574400
2009-03-12,1126.59997558594,1132.30004882812,1107.59997558594,1128.39001464844,1128.39001464844,536900
2009-03-13,1137.34997558594,1147.82995605469,1124.7099609375,1126.03002929688,1126.03002929688,506200
2009-03-16,1126.08996582031,1142.57995605469,1119.32995605469,1125.4599609375,1125.4599609375,436000
2009-03-17,1140.31994628906,1166.59997558594,1132.75,1163.88000488281,1163.88000488281,727000
2009-03-18,1176.85998535156,1176.85998535156,1157.10998535156,1169.94995117188,1169.94995117188,520400
2009-03-19,1180.39001464844,1186.91003417969,1158.18994140625,1161.81005859375,1161.81005859375,532600
2009-03-20,1165.03002929688,1180.38000488281,1163.58996582031,1170.93994140625,1170.93994140625,374700
2009-03-23,1179.59997558594,1201.22998046875,1179.13000488281,1199.5,1199.5,461600
2009-03-24,1225.93994140625,1225.93994140625,1205.07995605469,1221.69995117188,1221.69995117188,512500
2009-03-25,1216.2900390625,1229.02001953125,1211.19995117188,1229.02001953125,1229.02001953125,495100
2009-03-26,1226.51000976562,1243.96997070312,1216.48999023438,1243.80004882812,1243.80004882812,588100
2009-03-27,1248.69995117188,1256.69995117188,1233.94995117188,1237.51000976562,1237.51000976562,702300
2009-03-30,1239.80004882812,1244.78002929688,1196.31994628906,1197.4599609375,1197.4599609375,527800
2009-03-31,1205.97998046875,1228.2099609375,1203.16003417969,1206.26000976562,1206.26000976562,503600
2009-04-01,1214.06005859375,1238.0400390625,1201.7099609375,1233.35998535156,1233.35998535156,586100
2009-04-02,1254.38000488281,1278.56005859375,1249.93994140625,1276.96997070312,1276.96997070312,732200
2009-04-03,1288.56005859375,1292.59997558594,1274.44995117188,1283.75,1283.75,618700
2009-04-06,1292.42004394531,1315.30004882812,1292.42004394531,1297.84997558594,1297.84997558594,726400
2009-04-07,1296.31994628906,1304.28002929688,1282.41003417969,1300.09997558594,1300.09997558594,686800
2009-04-08,1284.97998046875,1287.58996582031,1260.72998046875,1262.06994628906,1262.06994628906,751400
2009-04-09,1274.03002929688,1317.2900390625,1272.02001953125,1316.34997558594,1316.34997558594,933700
2009-04-10,1340.86999511719,1355.68994140625,1319.52001953125,1336.0400390625,1336.0400390625,920400
2009-04-13,1341.73999023438,1353.27001953125,1328.98999023438,1338.26000976562,1338.26000976562,815400
2009-04-14,1353.25,1356.31005859375,1323.64001464844,1342.63000488281,1342.63000488281,933400
2009-04-15,1321.59997558594,1341.31994628906,1305.16003417969,1333.08996582031,1333.08996582031,815700
2009-04-16,1356.88000488281,1371.28002929688,1334.65002441406,1336.71997070312,1336.71997070312,746700
2009-04-17,1354.93005371094,1360.90002441406,1316.10998535156,1329,1329,794000
2009-04-20,1331.76000976562,1338.90002441406,1311.72998046875,1336.39001464844,1336.39001464844,566900
2009-04-21,1307.94995117188,1338.47998046875,1303.21997070312,1336.81005859375,1336.81005859375,639600
2009-04-22,1347.7900390625,1360.41003417969,1336.41003417969,1356.02001953125,1356.02001953125,730200
2009-04-23,1367.30004882812,1371.94995117188,1353.16003417969,1368.80004882812,1368.80004882812,747000
2009-04-24,1371.81005859375,1375.80004882812,1343.55004882812,1354.09997558594,1354.09997558594,683400
2009-04-27,1358.19995117188,1366.66003417969,1334.02001953125,1339.82995605469,1339.82995605469,547300
2009-04-28,1344.77001953125,1353.80004882812,1298.85998535156,1300.23999023438,1300.23999023438,759000
2009-04-29,1310.61999511719,1338.43005371094,1299.97998046875,1338.42004394531,1338.42004394531,599300
2009-04-30,1353.67004394531,1377.81994628906,1350.4599609375,1369.35998535156,1369.35998535156,811800
2009-05-04,1386.02001953125,1397.92004394531,1381.11999511719,1397.92004394531,1397.92004394531,749100
2009-05-06,1399.81994628906,1408.56994628906,1385.34997558594,1393.44995117188,1393.44995117188,738900
2009-05-07,1414.55004882812,1415.47998046875,1389.81994628906,1401.07995605469,1401.07995605469,770600
2009-05-08,1400.46997070312,1412.14001464844,1390.82995605469,1412.13000488281,1412.13000488281,732200
2009-05-11,1416.42004394531,1420.31005859375,1405.42004394531,1415.16003417969,1415.16003417969,681600
2009-05-12,1406.43994140625,1411.2099609375,1395.91003417969,1403.51000976562,1403.51000976562,770700
2009-05-13,1409.58996582031,1414.63000488281,1400.34997558594,1414.52001953125,1414.52001953125,714000
2009-05-14,1395.59997558594,1400.38000488281,1380.91003417969,1380.94995117188,1380.94995117188,700900
2009-05-15,1395.15002441406,1399.83996582031,1385.82995605469,1391.72998046875,1391.72998046875,702800
2009-05-18,1385.7099609375,1387.19995117188,1366.57995605469,1386.68005371094,1386.68005371094,552500
2009-05-19,1416.94995117188,1428.2099609375,1411.89001464844,1428.2099609375,1428.2099609375,767800
2009-05-20,1427.97998046875,1436.92004394531,1424.59997558594,1435.69995117188,1435.69995117188,698900
2009-05-21,1431.03002929688,1433.06994628906,1412.72998046875,1421.65002441406,1421.65002441406,867600
2009-05-22,1406.27001953125,1431.31994628906,1402.80004882812,1403.75,1403.75,676800
2009-05-25,1393.98999023438,1414.14001464844,1315.2099609375,1400.90002441406,1400.90002441406,825400
2009-05-26,1407.57995605469,1409.2900390625,1361.57995605469,1372.0400390625,1372.0400390625,684600
2009-05-27,1394.73999023438,1396.77001953125,1360.30004882812,1362.02001953125,1362.02001953125,786700
2009-05-28,1355.89001464844,1392.17004394531,1345.09997558594,1392.17004394531,1392.17004394531,657900
2009-05-29,1393.25,1398.43994140625,1380.68005371094,1395.89001464844,1395.89001464844,549700
2009-06-01,1394.92004394531,1415.09997558594,1384.44995117188,1415.09997558594,1415.09997558594,559000
2009-06-02,1437.15002441406,1437.76000976562,1411.61999511719,1412.84997558594,1412.84997558594,705300
2009-06-03,1423.80004882812,1427.05004882812,1402.76000976562,1414.89001464844,1414.89001464844,731500
2009-06-04,1410.23999023438,1411.10998535156,1375.93994140625,1378.14001464844,1378.14001464844,583300
2009-06-05,1392.63000488281,1394.7099609375,1373.23999023438,1394.7099609375,1394.7099609375,511500
2009-06-08,1394.22998046875,1411.27001953125,1387.41003417969,1393.30004882812,1393.30004882812,516700
2009-06-09,1406.66003417969,1410,1371.52001953125,1371.83996582031,1371.83996582031,485700
2009-06-10,1379.60998535156,1414.88000488281,1376.4599609375,1414.88000488281,1414.88000488281,501900
2009-06-11,1411.92004394531,1435.28002929688,1407.5,1419.39001464844,1419.39001464844,490800
2009-06-12,1428.86999511719,1436.22998046875,1416.5,1428.58996582031,1428.58996582031,508600
2009-06-15,1427.75,1427.75,1401.18994140625,1412.42004394531,1412.42004394531,434600
2009-06-16,1394.69995117188,1410.01000976562,1389.32995605469,1399.15002441406,1399.15002441406,473900
2009-06-17,1391.96997070312,1397.2099609375,1384.13000488281,1391.17004394531,1391.17004394531,456100
2009-06-18,1390.21997070312,1396.75,1371.38000488281,1375.76000976562,1375.76000976562,502200
2009-06-19,1386.52001953125,1388.75,1369.76000976562,1383.33996582031,1383.33996582031,471000
2009-06-22,1381.84997558594,1399.92004394531,1379.75,1399.7099609375,1399.7099609375,410200
2009-06-23,1369.86999511719,1374.43994140625,1354.97998046875,1360.5400390625,1360.5400390625,509200
2009-06-24,1366.01000976562,1370,1350.31005859375,1363.7900390625,1363.7900390625,436500
2009-06-25,1366.78002929688,1402.34997558594,1366.78002929688,1392.72998046875,1392.72998046875,449200
2009-06-26,1401.56994628906,1404.01000976562,1388.38000488281,1394.53002929688,1394.53002929688,425900
2009-06-29,1399.64001464844,1408.93994140625,1386.03002929688,1388.44995117188,1388.44995117188,426300
2009-06-30,1402.30004882812,1409.09997558594,1385.76000976562,1390.06994628906,1390.06994628906,473100
2009-07-01,1386.32995605469,1414.7900390625,1381.08996582031,1411.66003417969,1411.66003417969,505500
2009-07-02,1419.15002441406,1419.15002441406,1403.18005371094,1411.47998046875,1411.47998046875,464100
2009-07-03,1389.93005371094,1420.0400390625,1389.39001464844,1420.0400390625,1420.0400390625,398600
2009-07-06,1419.17004394531,1434.31005859375,1416.19995117188,1428.93994140625,1428.93994140625,384600
2009-07-07,1434.46997070312,1439.56994628906,1426.94995117188,1434.19995117188,1434.19995117188,456800
2009-07-08,1424.92004394531,1431.02001953125,1412.68005371094,1431.02001953125,1431.02001953125,435400
2009-07-09,1428.73999023438,1443.81005859375,1426.41003417969,1430.89001464844,1430.89001464844,437300
2009-07-10,1435.52001953125,1436.5,1415.98999023438,1428.61999511719,1428.61999511719,456500
2009-07-13,1426.31005859375,1426.31005859375,1378.11999511719,1378.11999511719,1378.11999511719,446700
2009-07-14,1400.53002929688,1402,1377.59997558594,1385.56005859375,1385.56005859375,426800
2009-07-15,1402.76000976562,1422.41003417969,1402.28002929688,1420.85998535156,1420.85998535156,398400
2009-07-16,1438.02001953125,1442.09997558594,1426.51000976562,1432.21997070312,1432.21997070312,424000
2009-07-17,1443.48999023438,1445.59997558594,1432.80004882812,1440.09997558594,1440.09997558594,403700
2009-07-20,1447.84997558594,1480.48999023438,1447.10998535156,1478.51000976562,1478.51000976562,505000
2009-07-21,1489.44995117188,1496.86999511719,1480.64001464844,1488.98999023438,1488.98999023438,514700
2009-07-22,1492.36999511719,1496.48999023438,1485.0400390625,1494.0400390625,1494.0400390625,506900
2009-07-23,1495.39001464844,1504.69995117188,1484.82995605469,1496.48999023438,1496.48999023438,642900
2009-07-24,1508.31994628906,1510.81994628906,1496.89001464844,1502.58996582031,1502.58996582031,533000
2009-07-27,1510.75,1529.26000976562,1505.84997558594,1524.05004882812,1524.05004882812,504100
2009-07-28,1521.48999023438,1528.55004882812,1518.5,1526.03002929688,1526.03002929688,431400
2009-07-29,1524.07995605469,1529.80004882812,1516.03002929688,1524.31994628906,1524.31994628906,486400
2009-07-30,1524.56005859375,1535.35998535156,1511.13000488281,1534.73999023438,1534.73999023438,431300
2009-07-31,1543.05004882812,1559.06994628906,1536.85998535156,1557.2900390625,1557.2900390625,466500
2009-08-03,1561.93994140625,1570.01000976562,1554.77001953125,1564.97998046875,1564.97998046875,490200
2009-08-04,1576.94995117188,1586.11999511719,1558.46997070312,1566.36999511719,1566.36999511719,589900
2009-08-05,1571.7099609375,1575.03002929688,1557.7900390625,1559.46997070312,1559.46997070312,494900
2009-08-06,1555.64001464844,1572.17004394531,1546.5,1565.0400390625,1565.0400390625,492300
2009-08-07,1563.13000488281,1576.80004882812,1559.18005371094,1576,1576,477600
2009-08-10,1585.34997558594,1588.15002441406,1573.21997070312,1576.10998535156,1576.10998535156,490600
2009-08-11,1572.32995605469,1580.43994140625,1570.51000976562,1579.2099609375,1579.2099609375,574000
2009-08-12,1571.73999023438,1571.73999023438,1552.51000976562,1565.34997558594,1565.34997558594,510500
2009-08-13,1578.94995117188,1581.33996582031,1564.64001464844,1564.64001464844,1564.64001464844,562800
2009-08-14,1582.2099609375,1594.4599609375,1579.17004394531,1591.41003417969,1591.41003417969,606500
2009-08-17,1588.72998046875,1588.72998046875,1541.73999023438,1547.06005859375,1547.06005859375,594900
2009-08-18,1534.21997070312,1560.72998046875,1530.65002441406,1550.23999023438,1550.23999023438,598300
2009-08-19,1555.03002929688,1564.90002441406,1545.93005371094,1545.9599609375,1545.9599609375,521600
2009-08-20,1559.98999023438,1577.07995605469,1544.5,1576.39001464844,1576.39001464844,454900
2009-08-21,1582.60998535156,1590.15002441406,1564.44995117188,1580.97998046875,1580.97998046875,514700
2009-08-24,1604.31005859375,1614.05004882812,1602.33996582031,1612.21997070312,1612.21997070312,541300
2009-08-25,1603.03002929688,1610.32995605469,1596,1601.38000488281,1601.38000488281,461100
2009-08-26,1607.69995117188,1615.05004882812,1602.40002441406,1614.11999511719,1614.11999511719,451600
2009-08-27,1608.82995605469,1614.06994628906,1590.97998046875,1599.32995605469,1599.32995605469,426300
2009-08-28,1612.93005371094,1616.2900390625,1599.68005371094,1607.93994140625,1607.93994140625,455500
2009-08-31,1607.60998535156,1611.65002441406,1580.28002929688,1591.84997558594,1591.84997558594,443600
2009-09-01,1592.2900390625,1624.33996582031,1583.10998535156,1623.06005859375,1623.06005859375,444400
2009-09-02,1598.66003417969,1622.81994628906,1592.47998046875,1613.16003417969,1613.16003417969,561700
2009-09-03,1614.53002929688,1620.06005859375,1605.9599609375,1613.53002929688,1613.53002929688,493300
2009-09-04,1623.06994628906,1623.06994628906,1597.19995117188,1608.90002441406,1608.90002441406,594800
2009-09-07,1618.7900390625,1619.97998046875,1601.0400390625,1608.56994628906,1608.56994628906,411200
2009-09-08,1616.47998046875,1622.72998046875,1610.91003417969,1619.68994140625,1619.68994140625,523900
2009-09-09,1622.25,1622.81005859375,1602.68994140625,1607.77001953125,1607.77001953125,518400
2009-09-10,1615.7099609375,1644.68005371094,1613.76000976562,1644.68005371094,1644.68005371094,581100
2009-09-11,1644.31005859375,1653.77001953125,1639.82995605469,1651.69995117188,1651.69995117188,514700
2009-09-14,1653.17004394531,1653.58996582031,1628.9599609375,1634.91003417969,1634.91003417969,432400
2009-09-15,1646.2900390625,1654.92004394531,1640.86999511719,1653.40002441406,1653.40002441406,550500
2009-09-16,1660.43005371094,1693.83996582031,1660.43005371094,1683.32995605469,1683.32995605469,568400
2009-09-17,1700.18994140625,1704.88000488281,1682.0400390625,1695.46997070312,1695.46997070312,527900
2009-09-18,1695.17004394531,1713.21997070312,1691.64001464844,1699.7099609375,1699.7099609375,500100
2009-09-21,1700.56005859375,1709.33996582031,1691.92004394531,1695.5,1695.5,517300
2009-09-22,1701.9599609375,1720.72998046875,1701.56994628906,1718.88000488281,1718.88000488281,448400
2009-09-23,1723.03002929688,1723.17004394531,1705.97998046875,1711.46997070312,1711.46997070312,503200
2009-09-24,1706.18994140625,1715.55004882812,1680.9599609375,1693.88000488281,1693.88000488281,421200
2009-09-25,1686.41003417969,1691.7099609375,1662.52001953125,1691.47998046875,1691.47998046875,391900
2009-09-28,1678.56994628906,1685.33996582031,1668.96997070312,1675.55004882812,1675.55004882812,351400
2009-09-29,1695.93994140625,1696.7099609375,1680.68994140625,1690.05004882812,1690.05004882812,343700
2009-09-30,1688.59997558594,1704.23999023438,1665.90002441406,1673.14001464844,1673.14001464844,369900
2009-10-01,1680.4599609375,1685.01000976562,1629.55004882812,1644.63000488281,1644.63000488281,337400
2009-10-05,1622.09997558594,1629.01000976562,1603.7099609375,1606.90002441406,1606.90002441406,319000
2009-10-06,1620.31005859375,1626.02001953125,1590.46997070312,1598.43994140625,1598.43994140625,390400
2009-10-07,1619.06994628906,1625.10998535156,1598,1598,1598,411300
2009-10-08,1607.85998535156,1615.4599609375,1591.15002441406,1615.4599609375,1615.4599609375,377000
2009-10-09,1622.11999511719,1648.97998046875,1614.60998535156,1646.7900390625,1646.7900390625,440500
2009-10-12,1660.18994140625,1661.36999511719,1631.58996582031,1639.81005859375,1639.81005859375,413700
2009-10-13,1634.48999023438,1642.78002929688,1614.4599609375,1628.93005371094,1628.93005371094,420300
2009-10-14,1642.09997558594,1653.21997070312,1637.78002929688,1649.08996582031,1649.08996582031,412100
2009-10-15,1661.68994140625,1672.07995605469,1653.32995605469,1658.98999023438,1658.98999023438,374200
2009-10-16,1656.06994628906,1667.48999023438,1638.48999023438,1640.35998535156,1640.35998535156,373000
2009-10-19,1633.33996582031,1649.68994140625,1614.84997558594,1649.06994628906,1649.06994628906,279900
2009-10-20,1663.94995117188,1665.65002441406,1649.27001953125,1659.15002441406,1659.15002441406,402300
2009-10-21,1649.81005859375,1664.52001953125,1645.56005859375,1653.85998535156,1653.85998535156,366300
2009-10-22,1638.01000976562,1650.03002929688,1623.9599609375,1630.32995605469,1630.32995605469,386900
2009-10-23,1643.61999511719,1647.27001953125,1633.10998535156,1640.17004394531,1640.17004394531,331300
2009-10-26,1634.32995605469,1663.03002929688,1633.92004394531,1657.10998535156,1657.10998535156,314200
2009-10-27,1646.76000976562,1651.63000488281,1637.15002441406,1649.53002929688,1649.53002929688,334700
2009-10-28,1648.80004882812,1652.4599609375,1604.01000976562,1609.7099609375,1609.7099609375,370000
2009-10-29,1584.52001953125,1587.18994140625,1564.41003417969,1585.84997558594,1585.84997558594,372500
2009-10-30,1605.11999511719,1605.11999511719,1580.68994140625,1580.68994140625,1580.68994140625,272700
2009-11-02,1543.23999023438,1570.15002441406,1543.23999023438,1559.08996582031,1559.08996582031,289900
2009-11-03,1562.09997558594,1565.01000976562,1549.09997558594,1549.92004394531,1549.92004394531,274500
2009-11-04,1556.02001953125,1579.93005371094,1550.72998046875,1579.93005371094,1579.93005371094,267400
2009-11-05,1568.67004394531,1571.80004882812,1551.93994140625,1552.23999023438,1552.23999023438,204400
2009-11-06,1577.64001464844,1577.64001464844,1565.47998046875,1572.4599609375,1572.4599609375,254300
2009-11-09,1577.92004394531,1592.09997558594,1573.35998535156,1576.7900390625,1576.7900390625,246200
2009-11-10,1595.32995605469,1600.41003417969,1580.03002929688,1582.30004882812,1582.30004882812,276900
2009-11-11,1590.43994140625,1594.81994628906,1574.78002929688,1594.81994628906,1594.81994628906,263300
2009-11-12,1598.55004882812,1603.01000976562,1572.71997070312,1572.72998046875,1572.72998046875,282800
2009-11-13,1581.59997558594,1587.06994628906,1561.93005371094,1571.98999023438,1571.98999023438,260000
2009-11-16,1577.63000488281,1592.47998046875,1566.82995605469,1592.46997070312,1592.46997070312,246300
2009-11-17,1599.7900390625,1602.67004394531,1585.96997070312,1585.97998046875,1585.97998046875,296000
2009-11-18,1595.88000488281,1612.63000488281,1594.85998535156,1603.96997070312,1603.96997070312,280000
2009-11-19,1608.93994140625,1625.34997558594,1608.57995605469,1620.5400390625,1620.5400390625,281500
2009-11-20,1613.28002929688,1624.90002441406,1612.31994628906,1620.59997558594,1620.59997558594,262300
2009-11-23,1623.80004882812,1630.41003417969,1611.72998046875,1619.05004882812,1619.05004882812,257000
2009-11-24,1626.93005371094,1627.10998535156,1601.14001464844,1606.42004394531,1606.42004394531,397900
2009-11-25,1608.82995605469,1614.90002441406,1599.07995605469,1611.88000488281,1611.88000488281,287000
2009-11-26,1606.72998046875,1621.2099609375,1599.51000976562,1599.52001953125,1599.52001953125,282600
2009-11-27,1574.56005859375,1581.43994140625,1519.40002441406,1524.5,1524.5,390000
2009-11-30,1547.65002441406,1566.51000976562,1547.65002441406,1555.59997558594,1555.59997558594,311500
2009-12-01,1550.34997558594,1569.71997070312,1541.08996582031,1569.71997070312,1569.71997070312,304900
2009-12-02,1582.61999511719,1597.11999511719,1579.98999023438,1591.63000488281,1591.63000488281,329400
2009-12-03,1597.31005859375,1615,1594.5,1615,1615,282300
2009-12-04,1609.06994628906,1629.80004882812,1608.39001464844,1624.76000976562,1624.76000976562,281900
2009-12-07,1633.30004882812,1635.71997070312,1625.43994140625,1632.65002441406,1632.65002441406,267000
2009-12-08,1630.78002929688,1638.21997070312,1622.31005859375,1627.78002929688,1627.78002929688,355500
2009-12-09,1615.65002441406,1634.17004394531,1609.81005859375,1634.17004394531,1634.17004394531,354600
2009-12-10,1635.57995605469,1652.72998046875,1612.7099609375,1652.72998046875,1652.72998046875,470000
2009-12-11,1650.56994628906,1664.05004882812,1641.5400390625,1656.90002441406,1656.90002441406,438800
2009-12-14,1662.73999023438,1664.84997558594,1644.75,1664.77001953125,1664.77001953125,412000
2009-12-15,1659.77001953125,1667.72998046875,1657.84997558594,1665.84997558594,1665.84997558594,366100
2009-12-16,1666.16003417969,1670.09997558594,1652.09997558594,1664.23999023438,1664.23999023438,370500
2009-12-17,1663.65002441406,1664.65002441406,1647.66003417969,1647.83996582031,1647.83996582031,376800
2009-12-18,1639.25,1651.02001953125,1632.08996582031,1647.0400390625,1647.0400390625,264000
2009-12-21,1646.31994628906,1650.89001464844,1637.22998046875,1644.22998046875,1644.22998046875,288600
2009-12-22,1656.18005371094,1658.09997558594,1647.2099609375,1655.5400390625,1655.5400390625,472100
2009-12-23,1661.43994140625,1661.68005371094,1654.86999511719,1661.34997558594,1661.34997558594,371800
2009-12-24,1663.66003417969,1687.07995605469,1662.31005859375,1682.33996582031,1682.33996582031,330900
2009-12-28,1695.18994140625,1695.32995605469,1679.56005859375,1685.58996582031,1685.58996582031,389500
2009-12-29,1674.9599609375,1683.05004882812,1662.06994628906,1672.47998046875,1672.47998046875,318000
2009-12-30,1670.18994140625,1682.77001953125,1661.10998535156,1682.77001953125,1682.77001953125,326500
2010-01-04,1681.7099609375,1696.14001464844,1681.7099609375,1696.14001464844,1696.14001464844,296500
2010-01-05,1701.61999511719,1702.39001464844,1686.44995117188,1690.61999511719,1690.61999511719,408900
2010-01-06,1697.88000488281,1706.89001464844,1696.09997558594,1705.31994628906,1705.31994628906,426000
2010-01-07,1702.92004394531,1707.90002441406,1683.44995117188,1683.44995117188,1683.44995117188,462400
2010-01-08,1694.06005859375,1695.26000976562,1668.83996582031,1695.26000976562,1695.26000976562,380000
2010-01-11,1700.7900390625,1705.72998046875,1694.11999511719,1694.11999511719,1694.11999511719,407700
2010-01-12,1695.82995605469,1701.16003417969,1683.2900390625,1698.64001464844,1698.64001464844,383800
2010-01-13,1683.51000976562,1687.57995605469,1671.10998535156,1671.41003417969,1671.41003417969,361900
2010-01-14,1680.68005371094,1692.78002929688,1677.4599609375,1685.77001953125,1685.77001953125,433800
2010-01-15,1694.65002441406,1704.43005371094,1686.11999511719,1701.80004882812,1701.80004882812,415900
2010-01-18,1696.14001464844,1716.61999511719,1688.89001464844,1711.78002929688,1711.78002929688,420800
2010-01-19,1719.41003417969,1723.21997070312,1706.72998046875,1710.21997070312,1710.21997070312,384400
2010-01-20,1723.01000976562,1723.01000976562,1708.57995605469,1714.38000488281,1714.38000488281,695700
2010-01-21,1700.53002929688,1722.01000976562,1695.18005371094,1722.01000976562,1722.01000976562,543500
2010-01-22,1696.2099609375,1706.08996582031,1665.59997558594,1684.34997558594,1684.34997558594,615100
2010-01-25,1662.77001953125,1681.82995605469,1660.57995605469,1670.19995117188,1670.19995117188,585000
2010-01-26,1670.46997070312,1671.66003417969,1626.97998046875,1637.33996582031,1637.33996582031,576900
2010-01-27,1641.88000488281,1643.64001464844,1620.55004882812,1625.47998046875,1625.47998046875,446500
2010-01-28,1632.57995605469,1649.4599609375,1619.26000976562,1642.43005371094,1642.43005371094,479600
2010-01-29,1621,1626.56994628906,1595.39001464844,1602.43005371094,1602.43005371094,473900
2010-02-01,1603.86999511719,1611.98999023438,1590.80004882812,1606.43994140625,1606.43994140625,382200
2010-02-02,1618.59997558594,1618.59997558594,1591.23999023438,1595.81005859375,1595.81005859375,435000
2010-02-03,1614.16003417969,1618.85998535156,1602.55004882812,1615.02001953125,1615.02001953125,438200
2010-02-04,1615.47998046875,1619.36999511719,1607.86999511719,1616.42004394531,1616.42004394531,396800
2010-02-05,1567.58996582031,1575.16003417969,1560.98999023438,1567.11999511719,1567.11999511719,460800
2010-02-08,1565.23999023438,1566.30004882812,1548.78002929688,1552.7900390625,1552.7900390625,445700
2010-02-09,1550.80004882812,1571.9599609375,1549.10998535156,1570.48999023438,1570.48999023438,433900
2010-02-10,1578.82995605469,1581.56005859375,1565.7900390625,1570.11999511719,1570.11999511719,436100
2010-02-11,1574.94995117188,1600.41003417969,1574.77001953125,1597.81005859375,1597.81005859375,393800
2010-02-12,1595.94995117188,1598.41003417969,1577.89001464844,1593.66003417969,1593.66003417969,292300
2010-02-16,1589.96997070312,1608.85998535156,1586.86999511719,1601.05004882812,1601.05004882812,275300
2010-02-17,1619.0400390625,1628.31005859375,1618.27001953125,1627.43005371094,1627.43005371094,383600
2010-02-18,1630.89001464844,1631.7099609375,1618.81005859375,1621.18994140625,1621.18994140625,314000
2010-02-19,1611.08996582031,1623.25,1592.92004394531,1593.90002441406,1593.90002441406,345800
2010-02-22,1617.16003417969,1630.51000976562,1617.16003417969,1627.09997558594,1627.09997558594,307200
2010-02-23,1626.75,1630.44995117188,1616.0400390625,1628.90002441406,1628.90002441406,352000
2010-02-24,1616.55004882812,1618.4599609375,1606.23999023438,1612.82995605469,1612.82995605469,390700
2010-02-25,1620.25,1621.83996582031,1582.21997070312,1587.51000976562,1587.51000976562,403200
2010-02-26,1593.72998046875,1596.55004882812,1580.69995117188,1594.57995605469,1594.57995605469,331800
2010-03-02,1612.43005371094,1620.15002441406,1608.96997070312,1615.11999511719,1615.11999511719,415100
2010-03-03,1615.25,1622.63000488281,1611.34997558594,1622.43994140625,1622.43994140625,403500
2010-03-04,1625.34997558594,1631.09997558594,1612.46997070312,1618.19995117188,1618.19995117188,383000
2010-03-05,1624.80004882812,1634.56994628906,1624.73999023438,1634.56994628906,1634.56994628906,344100
2010-03-08,1653.5400390625,1660.28002929688,1649.67004394531,1660.0400390625,1660.0400390625,367800
2010-03-09,1657.93994140625,1661.26000976562,1653.97998046875,1660.82995605469,1660.82995605469,634700
2010-03-10,1662,1662.88000488281,1653.68994140625,1662.23999023438,1662.23999023438,500100
2010-03-11,1670.81994628906,1672.47998046875,1656.47998046875,1656.61999511719,1656.61999511719,529000
2010-03-12,1666.58996582031,1666.85998535156,1653.03002929688,1662.73999023438,1662.73999023438,369500
2010-03-15,1663.85998535156,1667.43994140625,1643.51000976562,1649.5,1649.5,343800
2010-03-16,1654.52001953125,1655.27001953125,1642.85998535156,1648.01000976562,1648.01000976562,512600
2010-03-17,1663.30004882812,1682.85998535156,1659.64001464844,1682.85998535156,1682.85998535156,606000
2010-03-18,1679.2099609375,1687.69995117188,1675.09997558594,1675.17004394531,1675.17004394531,434500
2010-03-19,1682.52001953125,1687.68005371094,1677.61999511719,1686.10998535156,1686.10998535156,441800
2010-03-22,1678.51000976562,1680.93994140625,1664.88000488281,1672.67004394531,1672.67004394531,347600
2010-03-23,1685.06994628906,1689.4599609375,1677.91003417969,1681.81994628906,1681.81994628906,414300
2010-03-24,1693.56005859375,1695.03002929688,1678.06994628906,1681.01000976562,1681.01000976562,371500
2010-03-25,1680.42004394531,1688.39001464844,1677.05004882812,1688.39001464844,1688.39001464844,389700
2010-03-26,1683.9599609375,1699.93994140625,1680.91003417969,1697.71997070312,1697.71997070312,397600
2010-03-29,1681.98999023438,1699.81005859375,1681.43994140625,1691.98999023438,1691.98999023438,339600
2010-03-30,1705.51000976562,1705.56994628906,1693.82995605469,1700.18994140625,1700.18994140625,321000
2010-03-31,1702.57995605469,1704.81005859375,1689.92004394531,1692.84997558594,1692.84997558594,328300
2010-04-01,1695.30004882812,1719.73999023438,1695.30004882812,1719.17004394531,1719.17004394531,297000
2010-04-02,1723.2900390625,1725.39001464844,1715.56005859375,1723.48999023438,1723.48999023438,355100
2010-04-05,1728.27001953125,1731,1711.16003417969,1724.98999023438,1724.98999023438,426900
2010-04-06,1732.97998046875,1732.97998046875,1719.14001464844,1726.08996582031,1726.08996582031,420900
2010-04-07,1725.31005859375,1729.22998046875,1722.18994140625,1726.59997558594,1726.59997558594,399700
2010-04-08,1722.13000488281,1733.78002929688,1719.51000976562,1733.78002929688,1733.78002929688,362600
2010-04-09,1735,1737.44995117188,1710.10998535156,1724.46997070312,1724.46997070312,452500
2010-04-12,1730.36999511719,1733.30004882812,1707.92004394531,1710.30004882812,1710.30004882812,416600
2010-04-13,1714.9599609375,1716.08996582031,1699.57995605469,1710.58996582031,1710.58996582031,369600
2010-04-14,1720.42004394531,1735.32995605469,1720.42004394531,1735.32995605469,1735.32995605469,431600
2010-04-15,1745.52001953125,1747.38000488281,1729.58996582031,1743.91003417969,1743.91003417969,464900
2010-04-16,1742.23999023438,1743.65002441406,1723.28002929688,1734.48999023438,1734.48999023438,381100
2010-04-19,1708.39001464844,1720.03002929688,1700.68994140625,1705.30004882812,1705.30004882812,367600
2010-04-20,1715.82995605469,1721.35998535156,1710.18005371094,1718.03002929688,1718.03002929688,522300
2010-04-21,1730.36999511719,1748.18994140625,1729.77001953125,1747.57995605469,1747.57995605469,535000
2010-04-22,1737.2900390625,1740.0400390625,1727.60998535156,1739.52001953125,1739.52001953125,528100
2010-04-23,1747.92004394531,1748.4599609375,1732.88000488281,1737.03002929688,1737.03002929688,463200
2010-04-26,1745.97998046875,1757.76000976562,1745.80004882812,1752.19995117188,1752.19995117188,420600
2010-04-27,1748.83996582031,1756.15002441406,1742.27001953125,1749.55004882812,1749.55004882812,432400
2010-04-28,1716.17004394531,1733.91003417969,1714.53002929688,1733.91003417969,1733.91003417969,399800
2010-04-29,1738.77001953125,1738.77001953125,1720.67004394531,1728.42004394531,1728.42004394531,446700
2010-04-30,1742.31994628906,1749.68994140625,1739.81005859375,1741.56005859375,1741.56005859375,412100
2010-05-03,1735.68005371094,1740.15002441406,1709.81005859375,1721.2099609375,1721.2099609375,414100
2010-05-04,1730.56994628906,1734.46997070312,1714.17004394531,1718.75,1718.75,381000
2010-05-06,1679.7900390625,1689.16003417969,1674.10998535156,1684.7099609375,1684.7099609375,448600
2010-05-07,1632.44995117188,1658.30004882812,1625.82995605469,1647.5,1647.5,456400
2010-05-10,1661.60998535156,1679.57995605469,1654.41003417969,1677.63000488281,1677.63000488281,383500
2010-05-11,1692.40002441406,1692.40002441406,1661.7099609375,1670.23999023438,1670.23999023438,457100
2010-05-12,1678.7900390625,1680.16003417969,1657.67004394531,1663.03002929688,1663.03002929688,453200
2010-05-13,1683.76000976562,1700,1682.91003417969,1694.57995605469,1694.57995605469,400400
2010-05-14,1685.75,1699.58996582031,1677.43994140625,1695.63000488281,1695.63000488281,432900
2010-05-17,1668.56994628906,1673.01000976562,1644.7099609375,1651.51000976562,1651.51000976562,402500
2010-05-18,1662.31005859375,1663.15002441406,1629.34997558594,1643.23999023438,1643.23999023438,493300
2010-05-19,1621.31994628906,1630.31005859375,1601.5400390625,1630.07995605469,1630.07995605469,417500
2010-05-20,1624.17004394531,1640.46997070312,1591.93005371094,1600.18005371094,1600.18005371094,358200
2010-05-24,1589.82995605469,1612.91003417969,1585.61999511719,1604.93005371094,1604.93005371094,270800
2010-05-25,1585.17004394531,1585.59997558594,1532.68005371094,1560.82995605469,1560.82995605469,475200
2010-05-26,1575.2900390625,1582.11999511719,1549.65002441406,1582.11999511719,1582.11999511719,358200
2010-05-27,1565.58996582031,1611.58996582031,1565.40002441406,1607.5,1607.5,357600
2010-05-28,1630.14001464844,1630.18005371094,1606.76000976562,1622.78002929688,1622.78002929688,315900
2010-05-31,1625.07995605469,1641.25,1621.08996582031,1641.25,1641.25,299400
2010-06-01,1634.55004882812,1643.07995605469,1623.40002441406,1630.40002441406,1630.40002441406,314100
2010-06-03,1643.73999023438,1663.67004394531,1641.77001953125,1661.83996582031,1661.83996582031,308800
2010-06-04,1660.98999023438,1670.93994140625,1658.52001953125,1664.13000488281,1664.13000488281,286100
2010-06-07,1628.06005859375,1638.88000488281,1618.56994628906,1637.96997070312,1637.96997070312,300900
2010-06-08,1635.01000976562,1656.36999511719,1630.43005371094,1651.47998046875,1651.47998046875,280300
2010-06-09,1653.11999511719,1655.60998535156,1638.38000488281,1647.21997070312,1647.21997070312,315100
2010-06-10,1651.92004394531,1662.31994628906,1643.7099609375,1651.69995117188,1651.69995117188,307900
2010-06-11,1674.60998535156,1681.69995117188,1662.75,1675.33996582031,1675.33996582031,369400
2010-06-14,1683.2900390625,1698.2099609375,1681.94995117188,1690.59997558594,1690.59997558594,373900
2010-06-15,1687.84997558594,1696.73999023438,1684.52001953125,1690.03002929688,1690.03002929688,347800
2010-06-16,1707.97998046875,1710.56994628906,1694.92004394531,1705.32995605469,1705.32995605469,380000
2010-06-17,1707.2900390625,1711.47998046875,1701.28002929688,1707.92004394531,1707.92004394531,369800
2010-06-18,1710.40002441406,1712.34997558594,1701.92004394531,1711.94995117188,1711.94995117188,293700
2010-06-21,1728.36999511719,1741.47998046875,1723.77001953125,1739.68005371094,1739.68005371094,391900
2010-06-22,1727.9599609375,1734.42004394531,1723.9599609375,1731.47998046875,1731.47998046875,404700
2010-06-23,1722.52001953125,1731.78002929688,1721.41003417969,1725.81994628906,1725.81994628906,371800
2010-06-24,1724.84997558594,1739.86999511719,1721.71997070312,1739.86999511719,1739.86999511719,313800
2010-06-25,1721.53002929688,1733.69995117188,1719.07995605469,1729.83996582031,1729.83996582031,303700
2010-06-28,1734.53002929688,1735.27001953125,1726.25,1732.03002929688,1732.03002929688,347000
2010-06-29,1735.31005859375,1739.96997070312,1703.46997070312,1707.76000976562,1707.76000976562,381300
2010-06-30,1678.5400390625,1699.55004882812,1675.46997070312,1698.2900390625,1698.2900390625,341700
2010-07-01,1687,1693.90002441406,1664.5400390625,1686.23999023438,1686.23999023438,327700
2010-07-02,1688.94995117188,1693.75,1667.38000488281,1671.81994628906,1671.81994628906,344900
2010-07-05,1675.43005371094,1680.39001464844,1664.21997070312,1675.36999511719,1675.36999511719,356600
2010-07-06,1664.86999511719,1684.93994140625,1650.30004882812,1684.93994140625,1684.93994140625,337500
2010-07-07,1685.77001953125,1685.77001953125,1668.60998535156,1675.65002441406,1675.65002441406,345700
2010-07-08,1699.17004394531,1702.65002441406,1692.93005371094,1698.64001464844,1698.64001464844,330700
2010-07-09,1708.71997070312,1723.14001464844,1697.60998535156,1723.01000976562,1723.01000976562,471800
2010-07-12,1731.72998046875,1734.05004882812,1724.59997558594,1734.05004882812,1734.05004882812,345900
2010-07-13,1737.92004394531,1750.47998046875,1732.84997558594,1735.07995605469,1735.07995605469,412100
2010-07-14,1754.43005371094,1764.81005859375,1754.11999511719,1758.01000976562,1758.01000976562,534500
2010-07-15,1754.7099609375,1759.18994140625,1748.97998046875,1751.2900390625,1751.2900390625,392900
2010-07-16,1751.19995117188,1754.28002929688,1736.66003417969,1738.44995117188,1738.44995117188,376500
2010-07-19,1719.14001464844,1737.90002441406,1717.96997070312,1731.94995117188,1731.94995117188,282100
2010-07-20,1727.38000488281,1740.81994628906,1724.59997558594,1736.77001953125,1736.77001953125,308000
2010-07-21,1752.68994140625,1755.66003417969,1740.10998535156,1748.78002929688,1748.78002929688,375900
2010-07-22,1744.69995117188,1752.57995605469,1732.48999023438,1735.53002929688,1735.53002929688,405200
2010-07-23,1756.38000488281,1760.61999511719,1745.0400390625,1758.06005859375,1758.06005859375,372800
2010-07-26,1760.09997558594,1774.05004882812,1758.98999023438,1769.06994628906,1769.06994628906,320600
2010-07-27,1775.46997070312,1778.71997070312,1765.42004394531,1768.31005859375,1768.31005859375,361500
2010-07-28,1773.68994140625,1775.81994628906,1764.5400390625,1773.46997070312,1773.46997070312,325700
2010-07-29,1770.43994140625,1776.9599609375,1767.9599609375,1770.88000488281,1770.88000488281,348600
2010-07-30,1768.23999023438,1774.73999023438,1754.57995605469,1759.32995605469,1759.32995605469,370900
2010-08-02,1771.38000488281,1784.09997558594,1767.59997558594,1782.27001953125,1782.27001953125,332900
2010-08-03,1796,1796.28002929688,1784.56994628906,1790.59997558594,1790.59997558594,349300
2010-08-04,1795.22998046875,1795.22998046875,1774.47998046875,1789.26000976562,1789.26000976562,335400
2010-08-05,1796.63000488281,1797.42004394531,1773.48999023438,1783.85998535156,1783.85998535156,338100
2010-08-06,1782.46997070312,1785.97998046875,1769.4599609375,1783.82995605469,1783.82995605469,336300
2010-08-09,1779.38000488281,1790.2099609375,1776.71997070312,1790.17004394531,1790.17004394531,290700
2010-08-10,1792.11999511719,1794.55004882812,1779.56994628906,1781.13000488281,1781.13000488281,301100
2010-08-11,1775.33996582031,1776.98999023438,1754.18005371094,1758.18994140625,1758.18994140625,380400
2010-08-12,1731.33996582031,1742.80004882812,1721.75,1721.75,1721.75,359800
2010-08-13,1731.15002441406,1747.10998535156,1725.23999023438,1746.23999023438,1746.23999023438,278600
2010-08-16,1735.35998535156,1746.02001953125,1716.85998535156,1743.31005859375,1743.31005859375,314500
2010-08-17,1737.35998535156,1757.21997070312,1734.51000976562,1755.03002929688,1755.03002929688,427000
2010-08-18,1763.83996582031,1765.01000976562,1753.68005371094,1761.98999023438,1761.98999023438,371500
2010-08-19,1763.59997558594,1781.06994628906,1762.97998046875,1779.64001464844,1779.64001464844,344900
2010-08-20,1769.02001953125,1776.34997558594,1765.57995605469,1775.5400390625,1775.5400390625,362000
2010-08-23,1780.58996582031,1788.7099609375,1766.77001953125,1767.7099609375,1767.7099609375,330300
2010-08-24,1757.09997558594,1771.76000976562,1749.10998535156,1760.53002929688,1760.53002929688,401700
2010-08-25,1745.77001953125,1753.56994628906,1734.7900390625,1734.7900390625,1734.7900390625,346300
2010-08-26,1744.07995605469,1744.40002441406,1729.76000976562,1729.76000976562,1729.76000976562,303000
2010-08-27,1724,1732.83996582031,1719.19995117188,1729.56005859375,1729.56005859375,245600
2010-08-30,1749.02001953125,1760.34997558594,1746.2099609375,1760.13000488281,1760.13000488281,247400
2010-08-31,1746.84997558594,1752.06994628906,1736.22998046875,1742.75,1742.75,289500
2010-09-01,1751.9599609375,1767.2099609375,1748.30004882812,1764.68994140625,1764.68994140625,305300
2010-09-02,1783.21997070312,1783.84997558594,1767.67004394531,1775.72998046875,1775.72998046875,292800
2010-09-03,1780.80004882812,1786.0400390625,1774.94995117188,1780.02001953125,1780.02001953125,312000
2010-09-06,1791.76000976562,1794.06994628906,1784.48999023438,1792.42004394531,1792.42004394531,328100
2010-09-07,1792.06994628906,1796.5,1786.36999511719,1787.73999023438,1787.73999023438,316900
2010-09-08,1780.47998046875,1785.47998046875,1770.78002929688,1779.21997070312,1779.21997070312,322500
2010-09-09,1786.82995605469,1790.46997070312,1775.06994628906,1784.35998535156,1784.35998535156,367900
2010-09-10,1792.75,1808.18005371094,1791.94995117188,1802.57995605469,1802.57995605469,340700
2010-09-13,1812.03002929688,1819.11999511719,1807.58996582031,1818.85998535156,1818.85998535156,386800
2010-09-14,1824.78002929688,1827.03002929688,1810.78002929688,1815.25,1815.25,387000
2010-09-15,1817.30004882812,1827,1813.08996582031,1823.88000488281,1823.88000488281,338900
2010-09-16,1822.34997558594,1824.60998535156,1811.84997558594,1811.84997558594,1811.84997558594,336300
2010-09-17,1823.64001464844,1828.5400390625,1812.05004882812,1827.34997558594,1827.34997558594,317400
2010-09-20,1821.52001953125,1833.78002929688,1818.59997558594,1832.63000488281,1832.63000488281,242700
2010-09-24,1830.21997070312,1846.59997558594,1825.80004882812,1846.59997558594,1846.59997558594,274200
2010-09-27,1856.42004394531,1862.03002929688,1851.96997070312,1860.82995605469,1860.82995605469,383600
2010-09-28,1859.0400390625,1862.71997070312,1852.52001953125,1855.96997070312,1855.96997070312,357100
2010-09-29,1865.27001953125,1873.7900390625,1864.43005371094,1866.44995117188,1866.44995117188,359900
2010-09-30,1870.2099609375,1872.81005859375,1861.18005371094,1872.81005859375,1872.81005859375,353500
2010-10-01,1872.39001464844,1884,1868.90002441406,1876.72998046875,1876.72998046875,366200
2010-10-04,1884.48999023438,1889.5,1875.93005371094,1879.2900390625,1879.2900390625,392500
2010-10-05,1874.09997558594,1885,1868.89001464844,1878.93994140625,1878.93994140625,342700
2010-10-06,1897.06994628906,1905.72998046875,1894.02001953125,1903.94995117188,1903.94995117188,392100
2010-10-07,1901.19995117188,1906.02001953125,1893.14001464844,1900.84997558594,1900.84997558594,399000
2010-10-08,1900.85998535156,1900.85998535156,1887.97998046875,1897.06994628906,1897.06994628906,374100
2010-10-11,1908.55004882812,1909.01000976562,1885.07995605469,1889.91003417969,1889.91003417969,341200
2010-10-12,1892.27001953125,1893.13000488281,1857.93005371094,1868.0400390625,1868.0400390625,315500
2010-10-13,1878.57995605469,1881.19995117188,1866.41003417969,1876.15002441406,1876.15002441406,318800
2010-10-14,1886.68005371094,1899.76000976562,1884.44995117188,1899.76000976562,1899.76000976562,375100
2010-10-15,1898.84997558594,1903.25,1893.76000976562,1902.2900390625,1902.2900390625,369300
2010-10-18,1904.56994628906,1904.7900390625,1875.42004394531,1875.42004394531,1875.42004394531,372200
2010-10-19,1878.97998046875,1885.22998046875,1857.31994628906,1857.31994628906,1857.31994628906,426800
2010-10-20,1844.41003417969,1875.76000976562,1837.07995605469,1870.43994140625,1870.43994140625,367900
2010-10-21,1878.51000976562,1879.07995605469,1858.38000488281,1874.68994140625,1874.68994140625,414900
2010-10-22,1882.07995605469,1897.31005859375,1880.25,1897.31005859375,1897.31005859375,348400
2010-10-25,1902.51000976562,1918.86999511719,1899.07995605469,1915.7099609375,1915.7099609375,408200
2010-10-26,1913.25,1919.56005859375,1909.27001953125,1919.41003417969,1919.41003417969,351900
2010-10-27,1919.47998046875,1924.60998535156,1902.18005371094,1909.5400390625,1909.5400390625,392900
2010-10-28,1909.38000488281,1914.89001464844,1901.80004882812,1907.86999511719,1907.86999511719,348400
2010-10-29,1913.60998535156,1913.94995117188,1875.31005859375,1882.94995117188,1882.94995117188,375800
2010-11-01,1889.56994628906,1914.73999023438,1880.25,1914.73999023438,1914.73999023438,343300
2010-11-02,1912.28002929688,1920.2900390625,1907.18005371094,1918.0400390625,1918.0400390625,340800
2010-11-03,1931.13000488281,1943.22998046875,1930.10998535156,1935.96997070312,1935.96997070312,359000
2010-11-04,1941.56005859375,1945.57995605469,1936.0400390625,1942.5,1942.5,324800
2010-11-05,1962.33996582031,1966.98999023438,1938.56994628906,1938.9599609375,1938.9599609375,401400
2010-11-08,1946.76000976562,1948.43994140625,1930.2900390625,1942.41003417969,1942.41003417969,312700
2010-11-09,1943.56005859375,1947.66003417969,1935.38000488281,1947.4599609375,1947.4599609375,298800
2010-11-10,1945.72998046875,1967.84997558594,1945.28002929688,1967.84997558594,1967.84997558594,366000
2010-11-11,1966.5,1976.4599609375,1914.72998046875,1914.72998046875,1914.72998046875,373200
2010-11-12,1951.34997558594,1958.21997070312,1899.48999023438,1913.11999511719,1913.11999511719,465500
2010-11-15,1918.68994140625,1925.43005371094,1900.25,1913.81005859375,1913.81005859375,303800
2010-11-16,1912.10998535156,1916.06994628906,1890,1899.13000488281,1899.13000488281,336300
2010-11-17,1877.22998046875,1908.17004394531,1875.33996582031,1897.10998535156,1897.10998535156,293300
2010-11-18,1908.38000488281,1929.23999023438,1904.36999511719,1927.85998535156,1927.85998535156,271400
2010-11-19,1936.73999023438,1940.9599609375,1927.81005859375,1940.9599609375,1940.9599609375,292700
2010-11-22,1947.01000976562,1954.78002929688,1939.51000976562,1944.33996582031,1944.33996582031,330600
2010-11-23,1938.91003417969,1943.47998046875,1919.15002441406,1928.93994140625,1928.93994140625,377800
2010-11-24,1883.92004394531,1928.44995117188,1882.52001953125,1925.97998046875,1925.97998046875,451500
2010-11-25,1934.96997070312,1935.58996582031,1916.16003417969,1927.68005371094,1927.68005371094,323400
2010-11-26,1932.78002929688,1936.71997070312,1893.93994140625,1901.80004882812,1901.80004882812,459200
2010-11-29,1904.94995117188,1912.53002929688,1880.57995605469,1895.5400390625,1895.5400390625,299800
2010-11-30,1889.89001464844,1917.56994628906,1889.85998535156,1904.63000488281,1904.63000488281,443700
2010-12-01,1907.69995117188,1929.31994628906,1904.7099609375,1929.31994628906,1929.31994628906,339200
2010-12-02,1943.7099609375,1950.26000976562,1940.22998046875,1950.26000976562,1950.26000976562,439000
2010-12-03,1960.60998535156,1960.60998535156,1948.51000976562,1957.26000976562,1957.26000976562,438600
2010-12-06,1961.22998046875,1961.46997070312,1946.34997558594,1953.64001464844,1953.64001464844,460300
2010-12-07,1955.63000488281,1964.64001464844,1952.56005859375,1962.52001953125,1962.52001953125,639200
2010-12-08,1960.30004882812,1970.91003417969,1953.96997070312,1955.71997070312,1955.71997070312,496400
2010-12-09,1963.88000488281,1988.9599609375,1961.68005371094,1988.9599609375,1988.9599609375,448300
2010-12-10,1984.10998535156,1991.9599609375,1979.72998046875,1986.14001464844,1986.14001464844,373900
2010-12-13,1993.42004394531,1997.35998535156,1983.93005371094,1996.58996582031,1996.58996582031,385600
2010-12-14,2000.59997558594,2009.05004882812,1996.81994628906,2009.05004882812,2009.05004882812,396600
2010-12-15,2009.19995117188,2017.47998046875,2004.06005859375,2017.47998046875,2017.47998046875,490300
2010-12-16,2009.85998535156,2019.48999023438,2002.32995605469,2009.23999023438,2009.23999023438,362500
2010-12-17,2018.28002929688,2027.55004882812,2010.75,2026.30004882812,2026.30004882812,503500
2010-12-20,2008.14001464844,2021.69995117188,1996.43994140625,2020.28002929688,2020.28002929688,409200
2010-12-21,2035.10998535156,2043.81005859375,2032.66003417969,2037.08996582031,2037.08996582031,370500
2010-12-22,2039.34997558594,2045.39001464844,2035.25,2038.10998535156,2038.10998535156,335400
2010-12-23,2042.41003417969,2043.61999511719,2028.78002929688,2037.53002929688,2037.53002929688,341100
2010-12-24,2040.64001464844,2042.89001464844,2027.9599609375,2029.59997558594,2029.59997558594,317400
2010-12-27,2024.56005859375,2034.61999511719,2018.75,2022.18994140625,2022.18994140625,282900
2010-12-28,2028.41003417969,2041.82995605469,2026.56994628906,2033.31994628906,2033.31994628906,360200
2010-12-29,2028.56994628906,2043.48999023438,2027.52001953125,2043.48999023438,2043.48999023438,282600
2010-12-30,2047.81994628906,2052.96997070312,2041.66003417969,2051,2051,305900
2011-01-03,2063.68994140625,2070.09008789062,2054.830078125,2070.080078125,2070.080078125,354100
2011-01-04,2074.56005859375,2085.13989257812,2069.1201171875,2085.13989257812,2085.13989257812,415900
2011-01-05,2083.10009765625,2087.13989257812,2076.919921875,2082.55004882812,2082.55004882812,386100
2011-01-06,2094.35009765625,2096.64990234375,2066.10009765625,2077.61010742188,2077.61010742188,407800
2011-01-07,2073.67993164062,2086.19995117188,2068.65991210938,2086.19995117188,2086.19995117188,335600
2011-01-10,2082.2900390625,2088.63989257812,2069.30004882812,2080.81005859375,2080.81005859375,342600
2011-01-11,2079.85009765625,2088.32006835938,2059.669921875,2088.32006835938,2088.32006835938,410900
2011-01-12,2091.69995117188,2098,2085.98999023438,2094.94995117188,2094.94995117188,433300
2011-01-13,2097.0400390625,2109.34008789062,2083.80004882812,2089.47998046875,2089.47998046875,424200
2011-01-14,2089.69995117188,2108.169921875,2076.43994140625,2108.169921875,2108.169921875,424700
2011-01-17,2112.3701171875,2118.86010742188,2099.84008789062,2099.85009765625,2099.85009765625,428400
2011-01-18,2095.85009765625,2111.39990234375,2093.32006835938,2096.47998046875,2096.47998046875,454900
2011-01-19,2106.53002929688,2119.23999023438,2084.080078125,2115.68994140625,2115.68994140625,425500
2011-01-20,2111.40991210938,2114.19995117188,2102.61010742188,2106.65991210938,2106.65991210938,335500
2011-01-21,2103.73999023438,2104.38989257812,2066.82006835938,2069.919921875,2069.919921875,395400
2011-01-24,2067.32006835938,2082.96997070312,2064,2082.15991210938,2082.15991210938,340200
2011-01-25,2092.27001953125,2105.330078125,2083.80004882812,2086.669921875,2086.669921875,421000
2011-01-26,2093.59008789062,2112.330078125,2092.40991210938,2110.4599609375,2110.4599609375,369400
2011-01-27,2115.0400390625,2121.06005859375,2108.53002929688,2115.01000976562,2115.01000976562,358900
2011-01-28,2115.68994140625,2119.48999023438,2095.36010742188,2107.8701171875,2107.8701171875,413000
2011-01-31,2080.60009765625,2089.71997070312,2069.72998046875,2069.72998046875,2069.72998046875,320900
2011-02-01,2079.919921875,2086.56005859375,2071.72998046875,2072.03002929688,2072.03002929688,290800
2011-02-07,2102.76000976562,2107.830078125,2081.72998046875,2081.73999023438,2081.73999023438,285900
2011-02-08,2090.46997070312,2092.42993164062,2066.7099609375,2069.69995117188,2069.69995117188,300300
2011-02-09,2077.1201171875,2077.1201171875,2037.30004882812,2045.57995605469,2045.57995605469,333200
2011-02-10,2041.06994628906,2043.06994628906,2008.5,2008.5,2008.5,309800
2011-02-11,2010.2900390625,2021.42004394531,1975.46997070312,1977.18994140625,1977.18994140625,317300
2011-02-14,1999.08996582031,2015.83996582031,1986.93994140625,2014.58996582031,2014.58996582031,279500
2011-02-15,2018.40002441406,2029.98999023438,2003.57995605469,2010.52001953125,2010.52001953125,275000
2011-02-16,2007.07995605469,2021.68994140625,1989.10998535156,1989.10998535156,1989.10998535156,297600
2011-02-17,2002,2006.58996582031,1959.7099609375,1977.21997070312,1977.21997070312,340300
2011-02-18,1989.23999023438,2015.78002929688,1981.75,2013.14001464844,2013.14001464844,494000
2011-02-21,2014.15002441406,2014.97998046875,1991.69995117188,2005.30004882812,2005.30004882812,324200
2011-02-22,1978.33996582031,1982.69995117188,1958.77001953125,1969.92004394531,1969.92004394531,346100
2011-02-23,1962.69995117188,1977.98999023438,1951.75,1961.63000488281,1961.63000488281,308600
2011-02-24,1957.63000488281,1970.66003417969,1945.41003417969,1949.88000488281,1949.88000488281,281600
2011-02-25,1956.02001953125,1965.47998046875,1941.15002441406,1963.43005371094,1963.43005371094,306900
2011-02-28,1954.40002441406,1958.58996582031,1935.93005371094,1939.30004882812,1939.30004882812,263900
2011-03-02,1922.38000488281,1940.78002929688,1921.33996582031,1928.23999023438,1928.23999023438,207700
2011-03-03,1942.23999023438,1970.66003417969,1941.22998046875,1970.66003417969,1970.66003417969,284800
2011-03-04,1989.88000488281,2008.89001464844,1984.15002441406,2004.68005371094,2004.68005371094,334600
2011-03-07,1996.47998046875,2005.43005371094,1978.13000488281,1980.27001953125,1980.27001953125,255900
2011-03-08,1984.07995605469,2007.23999023438,1974.72998046875,1996.31994628906,1996.31994628906,304800
2011-03-09,2007.7900390625,2016.68005371094,1991.52001953125,2001.46997070312,2001.46997070312,315400
2011-03-10,1999.38000488281,2001.27001953125,1973.88000488281,1981.57995605469,1981.57995605469,288400
2011-03-11,1956.33996582031,1970.69995117188,1949.31994628906,1955.5400390625,1955.5400390625,267200
2011-03-14,1949.07995605469,1971.22998046875,1928.98999023438,1971.22998046875,1971.22998046875,388600
2011-03-15,1966.81994628906,1985.81994628906,1882.08996582031,1923.92004394531,1923.92004394531,403900
2011-03-16,1951.68005371094,1965.15002441406,1931.38000488281,1957.96997070312,1957.96997070312,284400
2011-03-17,1921.58996582031,1961.08996582031,1919.13000488281,1959.03002929688,1959.03002929688,305700
2011-03-18,1963.17004394531,1988.0400390625,1960.48999023438,1981.13000488281,1981.13000488281,291300
2011-03-21,1985.46997070312,2005.31994628906,1985.15002441406,2003.42004394531,2003.42004394531,292300
2011-03-22,2012.47998046875,2016.27001953125,2004.35998535156,2013.66003417969,2013.66003417969,304100
2011-03-23,2019.18005371094,2022.14001464844,2005.58996582031,2012.18005371094,2012.18005371094,312600
2011-03-24,2022.26000976562,2036.93005371094,2022.07995605469,2036.78002929688,2036.78002929688,295500
2011-03-25,2058.35009765625,2060.2900390625,2041.71997070312,2054.0400390625,2054.0400390625,311200
2011-03-28,2054.28002929688,2059.919921875,2043.98999023438,2056.38989257812,2056.38989257812,285400
2011-03-29,2052.8701171875,2072.1298828125,2050.09008789062,2072.1298828125,2072.1298828125,250500
2011-03-30,2075.90991210938,2100.19995117188,2074.26000976562,2091.3798828125,2091.3798828125,316900
2011-03-31,2098.09008789062,2106.73999023438,2089.1201171875,2106.69995117188,2106.69995117188,317900
2011-04-01,2107.669921875,2121.02001953125,2101.830078125,2121.01000976562,2121.01000976562,337900
2011-04-04,2124.3701171875,2125.53002929688,2103.82006835938,2115.8701171875,2115.8701171875,301800
2011-04-05,2118.080078125,2130.42993164062,2107.78002929688,2130.42993164062,2130.42993164062,327700
2011-04-06,2129.1298828125,2136.2900390625,2119.65991210938,2126.7099609375,2126.7099609375,423000
2011-04-07,2133.31005859375,2135.72998046875,2111.5400390625,2122.13989257812,2122.13989257812,382800
2011-04-08,2119.01000976562,2135.97998046875,2118.71997070312,2127.96997070312,2127.96997070312,392800
2011-04-11,2127.19995117188,2135.330078125,2115.88989257812,2122.38989257812,2122.38989257812,316100
2011-04-12,2117.2099609375,2117.2099609375,2088.669921875,2089.39990234375,2089.39990234375,311100
2011-04-13,2091.67993164062,2121.92993164062,2081.97998046875,2121.919921875,2121.919921875,348100
2011-04-14,2116.48999023438,2141.07006835938,2109.6298828125,2141.06005859375,2141.06005859375,371700
2011-04-15,2136.27001953125,2142.7099609375,2126.59008789062,2140.5,2140.5,356700
2011-04-18,2146.830078125,2149.44995117188,2128.02001953125,2137.71997070312,2137.71997070312,358300
2011-04-19,2117.93994140625,2136.94995117188,2111.60009765625,2122.67993164062,2122.67993164062,375000
2011-04-20,2146.3798828125,2169.93994140625,2138.80004882812,2169.90991210938,2169.90991210938,374300
2011-04-21,2190.63989257812,2211.36010742188,2183.52001953125,2198.5400390625,2198.5400390625,416000
2011-04-22,2203.0400390625,2208.06005859375,2190.8701171875,2197.82006835938,2197.82006835938,390800
2011-04-25,2205.19995117188,2218.07006835938,2199.27001953125,2216,2216,354000
2011-04-26,2219.46997070312,2222.56005859375,2196.76000976562,2206.30004882812,2206.30004882812,439300
2011-04-27,2225.94995117188,2231.46997070312,2191.82006835938,2206.69995117188,2206.69995117188,423200
2011-04-28,2215.419921875,2225.35009765625,2194.14990234375,2208.35009765625,2208.35009765625,354900
2011-04-29,2211.330078125,2219.60009765625,2177.80004882812,2192.36010742188,2192.36010742188,364100
2011-05-02,2203.09008789062,2229.09008789062,2202.919921875,2228.9599609375,2228.9599609375,302500
2011-05-03,2224.39990234375,2228.0400390625,2188.11010742188,2200.72998046875,2200.72998046875,375100
2011-05-04,2196.89990234375,2201.68994140625,2173.2099609375,2180.63989257812,2180.63989257812,393700
2011-05-06,2153.5,2156.81005859375,2133.96997070312,2147.44995117188,2147.44995117188,344200
2011-05-09,2157.94995117188,2161.92993164062,2136.59008789062,2139.169921875,2139.169921875,253900
2011-05-11,2161.43994140625,2166.6298828125,2144.93994140625,2166.6298828125,2166.6298828125,378000
2011-05-12,2139.23999023438,2149.419921875,2122.60009765625,2122.64990234375,2122.64990234375,382300
2011-05-13,2133.98999023438,2134.53002929688,2103.06005859375,2120.080078125,2120.080078125,397100
2011-05-16,2104.669921875,2115.25,2097.15991210938,2104.17993164062,2104.17993164062,273600
2011-05-17,2103.82006835938,2111.43994140625,2092.32006835938,2102.40991210938,2102.40991210938,300800
2011-05-18,2110.69995117188,2138.71997070312,2106.40991210938,2135.78002929688,2135.78002929688,260000
2011-05-19,2141.2900390625,2143.40991210938,2092.61010742188,2095.51000976562,2095.51000976562,283400
2011-05-20,2101.44995117188,2112.47998046875,2084.06005859375,2111.5,2111.5,282800
2011-05-23,2100.43994140625,2100.43994140625,2055.7099609375,2055.7099609375,2055.7099609375,293000
2011-05-24,2052.43994140625,2070.63989257812,2048.55004882812,2061.76000976562,2061.76000976562,268500
2011-05-25,2073.53002929688,2082.1201171875,2030.68005371094,2035.86999511719,2035.86999511719,345000
2011-05-26,2059.92993164062,2094.35009765625,2056.48999023438,2091.90991210938,2091.90991210938,296700
2011-05-27,2087.36010742188,2111.36010742188,2085.23999023438,2100.23999023438,2100.23999023438,272800
2011-05-30,2115.27001953125,2116.1298828125,2085.75,2093.7900390625,2093.7900390625,213200
2011-05-31,2104.15991210938,2146.7900390625,2102.77001953125,2142.46997070312,2142.46997070312,303300
2011-06-01,2142.669921875,2152.94995117188,2132.85009765625,2141.34008789062,2141.34008789062,294700
2011-06-02,2098.3701171875,2126.80004882812,2093.96997070312,2114.19995117188,2114.19995117188,248800
2011-06-03,2123.46997070312,2131.92993164062,2108.75,2113.46997070312,2113.46997070312,264100
2011-06-07,2093.44995117188,2106.85009765625,2091.26000976562,2099.7099609375,2099.7099609375,246600
2011-06-08,2102.96997070312,2109.11010742188,2068.78002929688,2083.35009765625,2083.35009765625,281400
2011-06-09,2076.69995117188,2088.82006835938,2067.580078125,2071.419921875,2071.419921875,283700
2011-06-10,2085.85009765625,2093.93994140625,2045.23999023438,2046.67004394531,2046.67004394531,265900
2011-06-13,2030.5400390625,2057.64990234375,2025.42004394531,2048.73999023438,2048.73999023438,218500
2011-06-14,2045.21997070312,2082.25,2040.68994140625,2076.830078125,2076.830078125,209500
2011-06-15,2087.9599609375,2091,2064.82006835938,2086.53002929688,2086.53002929688,229200
2011-06-16,2057.15991210938,2068.169921875,2043.81005859375,2046.63000488281,2046.63000488281,234200
2011-06-17,2057.4599609375,2058.669921875,2008.83996582031,2031.93005371094,2031.93005371094,282500
2011-06-20,2034.34997558594,2047.11999511719,2017.52001953125,2019.65002441406,2019.65002441406,229200
2011-06-21,2041.15002441406,2051.18994140625,2015.85998535156,2048.169921875,2048.169921875,278600
2011-06-22,2066.90991210938,2074.4599609375,2059.36010742188,2063.89990234375,2063.89990234375,263800
2011-06-23,2048.06005859375,2064.9599609375,2048.06005859375,2055.86010742188,2055.86010742188,259600
2011-06-24,2063.919921875,2090.82006835938,2062.26000976562,2090.81005859375,2090.81005859375,294100
2011-06-27,2076.01000976562,2076.93994140625,2058.39990234375,2070.2900390625,2070.2900390625,246500
2011-06-28,2092.93994140625,2099.93994140625,2062.90991210938,2062.90991210938,2062.90991210938,328600
2011-06-29,2097.8701171875,2098.94995117188,2081.7099609375,2094.419921875,2094.419921875,256100
2011-06-30,2103.59008789062,2105.46997070312,2091.09008789062,2100.68994140625,2100.68994140625,257300
2011-07-01,2120.03002929688,2131.669921875,2116.67993164062,2125.73999023438,2125.73999023438,273400
2011-07-04,2143.23999023438,2153.2900390625,2141.97998046875,2145.30004882812,2145.30004882812,290500
2011-07-05,2149.39990234375,2163.3701171875,2145.8701171875,2161.75,2161.75,284900
2011-07-06,2156.93994140625,2171.18994140625,2155.330078125,2171.18994140625,2171.18994140625,275900
2011-07-07,2167.17993164062,2184.93994140625,2165.14990234375,2180.59008789062,2180.59008789062,355600
2011-07-08,2192.830078125,2192.830078125,2173.9599609375,2180.35009765625,2180.35009765625,323000
2011-07-11,2167.93994140625,2171.2900390625,2151.84008789062,2157.15991210938,2157.15991210938,240700
2011-07-12,2131.07006835938,2136.97998046875,2107.94995117188,2109.72998046875,2109.72998046875,286400
2011-07-13,2117.1201171875,2129.63989257812,2107.6298828125,2129.63989257812,2129.63989257812,306100
2011-07-14,2119.06005859375,2130.080078125,2105.23999023438,2130.07006835938,2130.07006835938,307400
2011-07-15,2123.57006835938,2145.19995117188,2123,2145.19995117188,2145.19995117188,272100
2011-07-18,2149.96997070312,2149.96997070312,2121.72998046875,2130.47998046875,2130.47998046875,329000
2011-07-19,2127.1298828125,2140.43994140625,2123.42993164062,2130.2099609375,2130.2099609375,303500
2011-07-20,2158.8798828125,2164.21997070312,2149.25,2154.94995117188,2154.94995117188,373900
2011-07-21,2153.93994140625,2155.48999023438,2135.65991210938,2145.0400390625,2145.0400390625,362300
2011-07-22,2162,2171.23999023438,2153.48999023438,2171.22998046875,2171.22998046875,413000
2011-07-25,2154,2158.35009765625,2146.98999023438,2150.47998046875,2150.47998046875,342000
2011-07-26,2163.080078125,2168.69995117188,2148.21997070312,2168.69995117188,2168.69995117188,330200
2011-07-27,2152.65991210938,2174.72998046875,2151.84008789062,2174.31005859375,2174.31005859375,297100
2011-07-28,2138.61010742188,2160.43994140625,2138.61010742188,2155.85009765625,2155.85009765625,299500
2011-07-29,2159.27001953125,2159.27001953125,2133.2099609375,2133.2099609375,2133.2099609375,328800
2011-08-01,2160.09008789062,2173.28002929688,2158.23999023438,2172.31005859375,2172.31005859375,262800
2011-08-02,2152.85009765625,2155.43994140625,2114.75,2121.27001953125,2121.27001953125,350300
2011-08-03,2079.18994140625,2080.76000976562,2056.53002929688,2066.26000976562,2066.26000976562,434500
2011-08-04,2067.169921875,2071.03002929688,2015.22998046875,2018.46997070312,2018.46997070312,356400
2011-08-05,1937.17004394531,1966.72998046875,1920.67004394531,1943.75,1943.75,481000
2011-08-08,1916.56994628906,1939.92004394531,1800,1869.44995117188,1869.44995117188,571100
2011-08-09,1807.88000488281,1828.63000488281,1684.68005371094,1801.34997558594,1801.34997558594,685000
2011-08-10,1877.40002441406,1877.40002441406,1802.2900390625,1806.23999023438,1806.23999023438,486300
2011-08-11,1733.92004394531,1832.47998046875,1733.92004394531,1817.43994140625,1817.43994140625,438900
2011-08-12,1844.13000488281,1847.11999511719,1788.96997070312,1793.31005859375,1793.31005859375,468900
2011-08-16,1850.53002929688,1879.86999511719,1848.81994628906,1879.86999511719,1879.86999511719,423500
2011-08-17,1868.84997558594,1906.60998535156,1868.59997558594,1892.67004394531,1892.67004394531,431000
2011-08-18,1891.81994628906,1894.93994140625,1833.33996582031,1860.57995605469,1860.57995605469,503400
2011-08-19,1789.78002929688,1797.18005371094,1744.85998535156,1744.88000488281,1744.88000488281,503800
2011-08-22,1756.58996582031,1763.64001464844,1704.5400390625,1710.69995117188,1710.69995117188,420300
2011-08-23,1735.22998046875,1781.92004394531,1719.96997070312,1776.68005371094,1776.68005371094,428500
2011-08-24,1788.39001464844,1799.10998535156,1744.06994628906,1754.78002929688,1754.78002929688,412600
2011-08-25,1791.07995605469,1803.77001953125,1762.7900390625,1764.57995605469,1764.57995605469,398200
2011-08-26,1754.39001464844,1782.90002441406,1754.39001464844,1778.94995117188,1778.94995117188,311000
2011-08-29,1807.59997558594,1836.66003417969,1787.2900390625,1829.5,1829.5,339100
2011-08-30,1853.77001953125,1863.51000976562,1835.65002441406,1843.81994628906,1843.81994628906,493200
2011-08-31,1846.89001464844,1880.10998535156,1837.81994628906,1880.10998535156,1880.10998535156,410400
2011-09-01,1887.2099609375,1928.40002441406,1877.40002441406,1880.69995117188,1880.69995117188,500400
2011-09-02,1872.61999511719,1890.85998535156,1853.69995117188,1867.75,1867.75,442600
2011-09-05,1829.30004882812,1829.75,1785.81994628906,1785.82995605469,1785.82995605469,414000
2011-09-06,1752.97998046875,1790.46997070312,1744.03002929688,1766.7099609375,1766.7099609375,505300
2011-09-07,1811.59997558594,1833.5400390625,1798.7900390625,1833.4599609375,1833.4599609375,417900
2011-09-08,1858.05004882812,1858.05004882812,1826.43994140625,1846.64001464844,1846.64001464844,416700
2011-09-09,1817.09997558594,1847.05004882812,1812.90002441406,1812.93005371094,1812.93005371094,331900
2011-09-14,1804.08996582031,1807.46997070312,1743.78002929688,1749.16003417969,1749.16003417969,339700
2011-09-15,1797.18005371094,1806.63000488281,1742.91003417969,1774.07995605469,1774.07995605469,392100
2011-09-16,1819.44995117188,1844.52001953125,1807.61999511719,1840.09997558594,1840.09997558594,430100
2011-09-19,1818.90002441406,1839.81994628906,1813.09997558594,1820.93994140625,1820.93994140625,335600
2011-09-20,1819.83996582031,1840.72998046875,1793.75,1837.96997070312,1837.96997070312,321200
2011-09-21,1842.17004394531,1869.77001953125,1831.94995117188,1854.28002929688,1854.28002929688,297600
2011-09-22,1807.23999023438,1819.81005859375,1785.68994140625,1800.55004882812,1800.55004882812,295400
2011-09-23,1736.38000488281,1743.48999023438,1697.39001464844,1697.43994140625,1697.43994140625,411800
2011-09-26,1720.5,1721.03002929688,1644.10998535156,1652.7099609375,1652.7099609375,424300
2011-09-27,1704.25,1735.7099609375,1695.05004882812,1735.7099609375,1735.7099609375,339800
2011-09-28,1751.0400390625,1762.67004394531,1723.07995605469,1723.08996582031,1723.08996582031,344400
2011-09-29,1713.09997558594,1769.75,1706.90002441406,1769.2900390625,1769.2900390625,373900
2011-09-30,1759.52001953125,1774.2900390625,1742.89001464844,1769.65002441406,1769.65002441406,354200
2011-10-04,NA,NA,NA,NA,NA,NA
2011-10-05,1718.52001953125,1718.52001953125,1659.31005859375,1666.52001953125,1666.52001953125,336300
2011-10-06,1714.83996582031,1733.69995117188,1707.77001953125,1710.31994628906,1710.31994628906,352600
2011-10-07,1751.55004882812,1765.43005371094,1747.42004394531,1759.77001953125,1759.77001953125,334700
2011-10-10,1763.30004882812,1783.36999511719,1761.68005371094,1766.43994140625,1766.43994140625,274600
2011-10-11,1810.35998535156,1811.14001464844,1792.78002929688,1795.02001953125,1795.02001953125,4e+05
2011-10-12,1789.65002441406,1810.51000976562,1778.96997070312,1809.5,1809.5,355300
2011-10-13,1831.94995117188,1837.48999023438,1823.09997558594,1823.09997558594,1823.09997558594,431600
2011-10-14,1816.18994140625,1839.18994140625,1803.42004394531,1835.40002441406,1835.40002441406,349000
2011-10-17,1855.71997070312,1865.18005371094,1845.43005371094,1865.18005371094,1865.18005371094,367700
2011-10-18,1826.43994140625,1845.18005371094,1822.91003417969,1838.90002441406,1838.90002441406,323500
2011-10-19,1851.83996582031,1855.93005371094,1834.38000488281,1855.92004394531,1855.92004394531,340000
2011-10-20,1857.4599609375,1870.5,1804.10998535156,1805.08996582031,1805.08996582031,349100
2011-10-21,1831.89001464844,1843.51000976562,1809.42004394531,1838.38000488281,1838.38000488281,355200
2011-10-24,1858.26000976562,1898.31994628906,1858.22998046875,1898.31994628906,1898.31994628906,373900
2011-10-25,1900.98999023438,1905.78002929688,1883.68005371094,1888.65002441406,1888.65002441406,354800
2011-10-26,1871.68994140625,1896.02001953125,1864.98999023438,1894.31005859375,1894.31005859375,384800
2011-10-27,1906.16003417969,1923.97998046875,1891.22998046875,1922.0400390625,1922.0400390625,418300
2011-10-28,1961.08996582031,1963.73999023438,1920.81005859375,1929.47998046875,1929.47998046875,508800
2011-10-31,1922.31005859375,1941.31994628906,1902.0400390625,1909.03002929688,1909.03002929688,393700
2011-11-01,1891.21997070312,1925.07995605469,1891.21997070312,1909.63000488281,1909.63000488281,353600
2011-11-02,1870.51000976562,1899.34997558594,1859.82995605469,1898.01000976562,1898.01000976562,389600
2011-11-03,1895.14001464844,1895.14001464844,1863.56994628906,1869.9599609375,1869.9599609375,436400
2011-11-04,1911.56005859375,1929.01000976562,1906.32995605469,1928.41003417969,1928.41003417969,466600
2011-11-07,1932.94995117188,1932.94995117188,1915.38000488281,1919.09997558594,1919.09997558594,349700
2011-11-08,1927.89001464844,1928.06994628906,1900.08996582031,1903.14001464844,1903.14001464844,403200
2011-11-09,1925.85998535156,1929.65002441406,1897.46997070312,1907.53002929688,1907.53002929688,434600
2011-11-10,1860.9599609375,1862.27001953125,1813.25,1813.25,1813.25,401900
2011-11-11,1840.97998046875,1863.4599609375,1823.86999511719,1863.44995117188,1863.44995117188,296900
2011-11-14,1889.32995605469,1907.61999511719,1889.32995605469,1902.81005859375,1902.81005859375,327300
2011-11-15,1888.67004394531,1900.57995605469,1878.42004394531,1886.11999511719,1886.11999511719,361400
2011-11-16,1898.14001464844,1911.32995605469,1853.13000488281,1856.06994628906,1856.06994628906,407800
2011-11-17,1862.86999511719,1876.88000488281,1835.72998046875,1876.67004394531,1876.67004394531,353100
2011-11-18,1839.63000488281,1850.0400390625,1832.17004394531,1839.17004394531,1839.17004394531,337100
2011-11-21,1833.90002441406,1833.90002441406,1811.68994140625,1820.03002929688,1820.03002929688,299700
2011-11-22,1798.41003417969,1830.83996582031,1797.93005371094,1826.28002929688,1826.28002929688,271100
2011-11-23,1820.85998535156,1820.85998535156,1780.23999023438,1783.09997558594,1783.09997558594,411200
2011-11-24,1775.81994628906,1800.01000976562,1769.43005371094,1795.06005859375,1795.06005859375,280400
2011-11-25,1780.06005859375,1790.81005859375,1766.72998046875,1776.40002441406,1776.40002441406,306400
2011-11-28,1804.80004882812,1816.65002441406,1795.39001464844,1815.28002929688,1815.28002929688,277700
2011-11-29,1828.30004882812,1856.76000976562,1823.93005371094,1856.52001953125,1856.52001953125,329500
2011-11-30,1847.17004394531,1858.09997558594,1838.69995117188,1847.51000976562,1847.51000976562,334600
2011-12-01,1911.5,1926.32995605469,1908.32995605469,1916.18005371094,1916.18005371094,500500
2011-12-02,1914.41003417969,1920.64001464844,1905.68994140625,1916.0400390625,1916.0400390625,389300
2011-12-05,1928.4599609375,1929.18005371094,1911.60998535156,1922.90002441406,1922.90002441406,330200
2011-12-06,1914.48999023438,1920.69995117188,1892.01000976562,1902.81994628906,1902.81994628906,383400
2011-12-07,1914.5,1921.52001953125,1904.52001953125,1919.42004394531,1919.42004394531,402800
2011-12-08,1911.06994628906,1925.56005859375,1898.33996582031,1912.39001464844,1912.39001464844,426900
2011-12-09,1883.85998535156,1894.58996582031,1872.67004394531,1874.75,1874.75,372800
2011-12-12,1902.75,1903.18994140625,1890.18005371094,1899.76000976562,1899.76000976562,409600
2011-12-13,1877.40002441406,1880.40002441406,1863.77001953125,1864.06005859375,1864.06005859375,450100
2011-12-14,1852.19995117188,1864.7900390625,1851.89001464844,1857.75,1857.75,401900
2011-12-15,1834.81994628906,1840.93994140625,1817.60998535156,1819.10998535156,1819.10998535156,409600
2011-12-16,1827.82995605469,1842.93994140625,1823.68005371094,1839.9599609375,1839.9599609375,490000
2011-12-19,1829.48999023438,1829.48999023438,1750.59997558594,1776.93005371094,1776.93005371094,684300
2011-12-20,1791.61999511719,1797.58996582031,1780.09997558594,1793.06005859375,1793.06005859375,389800
2011-12-21,1837.98999023438,1850.67004394531,1831.26000976562,1848.41003417969,1848.41003417969,516900
2011-12-22,1841.22998046875,1847.48999023438,1835.91003417969,1847.48999023438,1847.48999023438,406400
2011-12-23,1861.06994628906,1872.31005859375,1859.40002441406,1867.21997070312,1867.21997070312,466300
2011-12-26,1873.06994628906,1873.7900390625,1851.98999023438,1856.69995117188,1856.69995117188,434700
2011-12-27,1856.78002929688,1864.7099609375,1813.47998046875,1842.02001953125,1842.02001953125,529900
2011-12-28,1833.26000976562,1833.26000976562,1817.96997070312,1825.11999511719,1825.11999511719,378700
2011-12-29,1815.63000488281,1835.18994140625,1806.88000488281,1825.73999023438,1825.73999023438,344600
2012-01-02,1831.68994140625,1837.81005859375,1814.55004882812,1826.36999511719,1826.36999511719,323400
2012-01-03,1846.56005859375,1875.41003417969,1846.56005859375,1875.41003417969,1875.41003417969,443500
2012-01-04,1883.47998046875,1884.68994140625,1866.21997070312,1866.21997070312,1866.21997070312,494500
2012-01-05,1869.42004394531,1875.96997070312,1860.56994628906,1863.73999023438,1863.73999023438,533800
2012-01-06,1867.11999511719,1867.11999511719,1824.2900390625,1843.14001464844,1843.14001464844,472700
2012-01-09,1832.0400390625,1832.0400390625,1810.47998046875,1826.48999023438,1826.48999023438,395500
2012-01-10,1841.13000488281,1859.55004882812,1840.46997070312,1853.21997070312,1853.21997070312,388600
2012-01-11,1857.5400390625,1857.81994628906,1843.11999511719,1845.55004882812,1845.55004882812,448000
2012-01-12,1853.09997558594,1864.56994628906,1837.9599609375,1864.56994628906,1864.56994628906,476300
2012-01-13,1865.71997070312,1881.83996582031,1861.53002929688,1875.68005371094,1875.68005371094,475000
2012-01-16,1860.77001953125,1863.31994628906,1843.85998535156,1859.27001953125,1859.27001953125,391900
2012-01-17,1878.16003417969,1892.76000976562,1878.16003417969,1892.73999023438,1892.73999023438,432000
2012-01-18,1891.17004394531,1898.69995117188,1884.32995605469,1892.39001464844,1892.39001464844,428000
2012-01-19,1912.43005371094,1914.97998046875,1902.02001953125,1914.96997070312,1914.96997070312,374400
2012-01-20,1922.13000488281,1952.08996582031,1922.13000488281,1949.89001464844,1949.89001464844,404800
2012-01-25,1947.73999023438,1973.34997558594,1945.14001464844,1952.22998046875,1952.22998046875,375900
2012-01-26,1959.18994140625,1962.7099609375,1949.51000976562,1957.18005371094,1957.18005371094,408000
2012-01-27,1960.69995117188,1966.19995117188,1949.4599609375,1964.82995605469,1964.82995605469,448900
2012-01-30,1956.63000488281,1961.59997558594,1936.14001464844,1940.55004882812,1940.55004882812,411700
2012-01-31,1943.25,1960.43994140625,1936.68005371094,1955.7900390625,1955.7900390625,469200
2012-02-01,1948.56994628906,1969.80004882812,1947.4599609375,1959.23999023438,1959.23999023438,501100
2012-02-02,1982.22998046875,1993.88000488281,1977.31994628906,1984.30004882812,1984.30004882812,641000
2012-02-03,1982.23999023438,1982.61999511719,1961.94995117188,1972.33996582031,1972.33996582031,535900
2012-02-06,1994.2099609375,1996.05004882812,1964.77001953125,1973.13000488281,1973.13000488281,523200
2012-02-07,1976.77001953125,1983.81994628906,1971.32995605469,1981.58996582031,1981.58996582031,539400
2012-02-08,1985.2099609375,2003.72998046875,1982.98999023438,2003.72998046875,2003.72998046875,587900
2012-02-09,1998.19995117188,2014.61999511719,1978.51000976562,2014.61999511719,2014.61999511719,557600
2012-02-10,2010.0400390625,2011.52001953125,1986.9599609375,1993.7099609375,1993.7099609375,696700
2012-02-13,2000.66003417969,2010.66003417969,1991.28002929688,2005.73999023438,2005.73999023438,452800
2012-02-14,1999.53002929688,2008.65002441406,1995.59997558594,2002.64001464844,2002.64001464844,515900
2012-02-15,2012,2026.75,2009.68005371094,2025.31994628906,2025.31994628906,681500
2012-02-16,2005.36999511719,2012.43994140625,1995.98999023438,1997.44995117188,1997.44995117188,696700
2012-02-17,2025.56005859375,2031.40002441406,2019.7900390625,2023.46997070312,2023.46997070312,731100
2012-02-20,2041.51000976562,2047.43005371094,2024.58996582031,2024.90002441406,2024.90002441406,733900
2012-02-21,2022.05004882812,2030.4599609375,2007.4599609375,2024.23999023438,2024.23999023438,709000
2012-02-22,2018.06994628906,2028.93005371094,2015.30004882812,2028.65002441406,2028.65002441406,883700
2012-02-23,2016.4599609375,2016.4599609375,2001.25,2007.80004882812,2007.80004882812,690100
2012-02-24,2010.59997558594,2019.90002441406,1998.39001464844,2019.89001464844,2019.89001464844,717900
2012-02-27,2013.60998535156,2013.68994140625,1987.73999023438,1991.16003417969,1991.16003417969,636000
2012-02-28,1995.93005371094,2006.26000976562,1992.66003417969,2003.68994140625,2003.68994140625,607900
2012-02-29,2015.38000488281,2033.63000488281,2015.38000488281,2030.25,2030.25,562600
2012-03-02,2041.52001953125,2046.81994628906,2033.5,2034.63000488281,2034.63000488281,483200
2012-03-05,2028.96997070312,2030.56994628906,2011.5,2016.06005859375,2016.06005859375,548000
2012-03-06,2019.28002929688,2023.82995605469,1988.85998535156,2000.35998535156,2000.35998535156,554700
2012-03-07,1968.71997070312,1987.96997070312,1966.68994140625,1982.15002441406,1982.15002441406,511300
2012-03-08,1989.30004882812,2004.71997070312,1978.7900390625,2000.76000976562,2000.76000976562,456100
2012-03-09,2017.67004394531,2022.94995117188,2001.67004394531,2018.30004882812,2018.30004882812,416400
2012-03-12,2018.72998046875,2019.14001464844,2001.5,2002.5,2002.5,375500
2012-03-13,2012.91003417969,2028.97998046875,2012.91003417969,2025.0400390625,2025.0400390625,448900
2012-03-14,2050.5,2057.28002929688,2045.07995605469,2045.07995605469,2045.07995605469,541100
2012-03-15,2044.01000976562,2050.47998046875,2038.59997558594,2043.76000976562,2043.76000976562,476100
2012-03-16,2054.6298828125,2054.98999023438,2034.2099609375,2034.43994140625,2034.43994140625,464200
2012-03-19,2040.06994628906,2050.8701171875,2036.34997558594,2047,2047,555800
2012-03-20,2046.38000488281,2055.34008789062,2035.26000976562,2042.15002441406,2042.15002441406,540300
2012-03-21,2031.57995605469,2039.80004882812,2022.96997070312,2027.22998046875,2027.22998046875,517100
2012-03-22,2026.75,2031.42004394531,2017.93005371094,2026.11999511719,2026.11999511719,541700
2012-03-23,2015.06994628906,2029.77001953125,2013.71997070312,2026.82995605469,2026.82995605469,506800
2012-03-26,2035.17004394531,2041.05004882812,2012.85998535156,2019.18994140625,2019.18994140625,437000
2012-03-27,2042.46997070312,2043.75,2028.39001464844,2039.76000976562,2039.76000976562,606400
2012-03-28,2034.34997558594,2038.44995117188,2028.10998535156,2031.73999023438,2031.73999023438,533800
2012-03-29,2019.41003417969,2025.22998046875,2004.93994140625,2014.41003417969,2014.41003417969,470300
2012-03-30,2011.5,2018.08996582031,2002.60998535156,2014.0400390625,2014.0400390625,449900
2012-04-02,2022.42004394531,2031.7900390625,2015.71997070312,2029.2900390625,2029.2900390625,409900
2012-04-03,2040.81005859375,2051.80004882812,2038.52001953125,2049.28002929688,2049.28002929688,593300
2012-04-04,2046.90002441406,2048.11010742188,2015.56994628906,2018.60998535156,2018.60998535156,621500
2012-04-05,2006.27001953125,2030.68994140625,1997.11999511719,2028.77001953125,2028.77001953125,549300
2012-04-06,2026.31994628906,2033.48999023438,2022.81005859375,2029.03002929688,2029.03002929688,536300
2012-04-09,2008.03002929688,2009.35998535156,1995.80004882812,1997.07995605469,1997.07995605469,466700
2012-04-10,2000.77001953125,2011.27001953125,1990.13000488281,1994.41003417969,1994.41003417969,543700
2012-04-12,1985.16003417969,1986.63000488281,1969.08996582031,1986.63000488281,1986.63000488281,391500
2012-04-13,2001.7099609375,2011.36999511719,1996.22998046875,2008.91003417969,2008.91003417969,495300
2012-04-16,1985.28002929688,1998.34997558594,1982.93005371094,1992.63000488281,1992.63000488281,452500
2012-04-17,1995.32995605469,1999.5,1982.43994140625,1985.30004882812,1985.30004882812,445700
2012-04-18,2014.22998046875,2014.94995117188,2001.58996582031,2004.53002929688,2004.53002929688,382900
2012-04-19,2000.40002441406,2008.81994628906,1994.60998535156,1999.85998535156,1999.85998535156,412100
2012-04-20,1988.21997070312,1988.21997070312,1970.5400390625,1974.65002441406,1974.65002441406,518700
2012-04-23,1971.39001464844,1980.93994140625,1964.11999511719,1972.63000488281,1972.63000488281,585200
2012-04-24,1956.75,1972.23999023438,1954.01000976562,1963.42004394531,1963.42004394531,630800
2012-04-25,1980.51000976562,1980.51000976562,1961.96997070312,1961.97998046875,1961.97998046875,681800
2012-04-26,1976.81994628906,1979.43005371094,1955.05004882812,1964.0400390625,1964.0400390625,607400
2012-04-27,1972.05004882812,1983.26000976562,1967.83996582031,1975.34997558594,1975.34997558594,484700
2012-04-30,1989.52001953125,1991.11999511719,1975.4599609375,1981.98999023438,1981.98999023438,837900
2012-05-02,1994.17004394531,2001.10998535156,1989.55004882812,1999.06994628906,1999.06994628906,653000
2012-05-03,1995.78002929688,1998.90002441406,1990.44995117188,1995.10998535156,1995.10998535156,685800
2012-05-04,1987.03002929688,1992.09997558594,1981.57995605469,1989.15002441406,1989.15002441406,608800
2012-05-07,1956.06005859375,1960.51000976562,1952.42004394531,1956.43994140625,1956.43994140625,533700
2012-05-08,1967.28002929688,1969.64001464844,1961.43994140625,1967.01000976562,1967.01000976562,492700
2012-05-09,1958.31005859375,1962.0400390625,1945.31005859375,1950.2900390625,1950.2900390625,468000
2012-05-10,1944.80004882812,1951.51000976562,1937.14001464844,1944.93005371094,1944.93005371094,425100
2012-05-11,1939,1939,1915.68994140625,1917.13000488281,1917.13000488281,535900
2012-05-14,1917.26000976562,1921.65002441406,1900.43005371094,1913.72998046875,1913.72998046875,399000
2012-05-15,1897.73999023438,1904.98999023438,1881.80004882812,1898.9599609375,1898.9599609375,524600
2012-05-16,1886.68994140625,1889.2900390625,1840.22998046875,1840.53002929688,1840.53002929688,426200
2012-05-17,1842.82995605469,1856.33996582031,1833.07995605469,1845.23999023438,1845.23999023438,444300
2012-05-18,1813.7900390625,1813.7900390625,1779.46997070312,1782.4599609375,1782.4599609375,547800
2012-05-21,1801.47998046875,1804.47998046875,1788.32995605469,1799.13000488281,1799.13000488281,414100
2012-05-22,1825.81994628906,1831.06005859375,1813.53002929688,1828.68994140625,1828.68994140625,428400
2012-05-23,1815.32995605469,1815.32995605469,1796.5,1808.61999511719,1808.61999511719,447600
2012-05-24,1807.06994628906,1816.97998046875,1800.73999023438,1814.46997070312,1814.46997070312,407900
2012-05-25,1818.61999511719,1831.78002929688,1815.5400390625,1824.17004394531,1824.17004394531,386500
2012-05-29,1821.63000488281,1851.93994140625,1817.90002441406,1849.91003417969,1849.91003417969,328000
2012-05-30,1846.11999511719,1846.59997558594,1828.82995605469,1844.85998535156,1844.85998535156,417000
2012-05-31,1819.98999023438,1843.48999023438,1813.01000976562,1843.46997070312,1843.46997070312,447900
2012-06-01,1832.07995605469,1842,1821.97998046875,1834.51000976562,1834.51000976562,334400
2012-06-04,1782.57995605469,1794.02001953125,1776.84997558594,1783.13000488281,1783.13000488281,395100
2012-06-05,1799.88000488281,1806.10998535156,1791.83996582031,1801.84997558594,1801.84997558594,338800
2012-06-07,1839.48999023438,1853.19995117188,1839.48999023438,1847.94995117188,1847.94995117188,403400
2012-06-08,1854,1854.58996582031,1832.82995605469,1835.64001464844,1835.64001464844,379800
2012-06-11,1860.90002441406,1869.32995605469,1859.73999023438,1867.0400390625,1867.0400390625,382200
2012-06-12,1840.56005859375,1857.93005371094,1840.09997558594,1854.73999023438,1854.73999023438,421400
2012-06-13,1867.44995117188,1867.44995117188,1849.7099609375,1859.31994628906,1859.31994628906,558300
2012-06-14,1856.56994628906,1871.47998046875,1855.06005859375,1871.47998046875,1871.47998046875,426600
2012-06-15,1871.47998046875,1871.47998046875,1847.18994140625,1858.16003417969,1858.16003417969,452500
2012-06-18,1892.91003417969,1901.10998535156,1887.05004882812,1891.7099609375,1891.7099609375,376300
2012-06-19,1885.56005859375,1895.31994628906,1883.56005859375,1891.77001953125,1891.77001953125,380900
2012-06-20,1908.18994140625,1908.18994140625,1895.27001953125,1904.11999511719,1904.11999511719,367700
2012-06-21,1895.51000976562,1900.43994140625,1879.65002441406,1889.15002441406,1889.15002441406,390200
2012-06-22,1861.43994140625,1863.56994628906,1843.56994628906,1847.39001464844,1847.39001464844,300700
2012-06-25,1842.76000976562,1842.76000976562,1813.41003417969,1825.38000488281,1825.38000488281,291200
2012-06-26,1818.51000976562,1826.66003417969,1814.4599609375,1817.81005859375,1817.81005859375,313300
2012-06-27,1815.69995117188,1821.46997070312,1795.16003417969,1817.65002441406,1817.65002441406,319500
2012-06-28,1826.36999511719,1827.34997558594,1806.07995605469,1819.18005371094,1819.18005371094,309700
2012-06-29,1808.60998535156,1854.01000976562,1801.63000488281,1854.01000976562,1854.01000976562,320600
2012-07-02,1864.72998046875,1865.93005371094,1851.28002929688,1851.65002441406,1851.65002441406,273600
2012-07-03,1858.69995117188,1871.07995605469,1858.43994140625,1867.81994628906,1867.81994628906,348200
2012-07-04,1875.52001953125,1881.68005371094,1871.83996582031,1874.44995117188,1874.44995117188,336100
2012-07-05,1870.53002929688,1878.13000488281,1866.91003417969,1875.48999023438,1875.48999023438,324200
2012-07-06,1877.73999023438,1880.35998535156,1850.09997558594,1858.19995117188,1858.19995117188,340700
2012-07-09,1840.30004882812,1844.31994628906,1833.10998535156,1836.13000488281,1836.13000488281,282000
2012-07-10,1843.77001953125,1845.93994140625,1823.7900390625,1829.44995117188,1829.44995117188,368900
2012-07-11,1825.53002929688,1827.59997558594,1813.7900390625,1826.39001464844,1826.39001464844,336700
2012-07-12,1827.81994628906,1830.77001953125,1785.31994628906,1785.39001464844,1785.39001464844,320800
2012-07-13,1790.97998046875,1820.66003417969,1773.67004394531,1812.89001464844,1812.89001464844,348500
2012-07-16,1820.33996582031,1821.83996582031,1807.10998535156,1817.7900390625,1817.7900390625,268400
2012-07-17,1808.63000488281,1835.64001464844,1802.06994628906,1821.9599609375,1821.9599609375,412600
2012-07-18,1821.28002929688,1827.94995117188,1790.35998535156,1794.91003417969,1794.91003417969,454700
2012-07-19,1820.83996582031,1830.08996582031,1815.7099609375,1822.9599609375,1822.9599609375,488700
2012-07-20,1823.94995117188,1830.26000976562,1818.83996582031,1822.93005371094,1822.93005371094,412100
2012-07-23,1799.23999023438,1799.23999023438,1780.01000976562,1789.43994140625,1789.43994140625,502100
2012-07-24,1784.46997070312,1796.02001953125,1781.59997558594,1793.93005371094,1793.93005371094,490600
2012-07-25,1760.21997070312,1785.83996582031,1758.98999023438,1769.31005859375,1769.31005859375,468000
2012-07-26,1778.01000976562,1787.19995117188,1766.81005859375,1782.46997070312,1782.46997070312,409600
2012-07-27,1812.97998046875,1829.16003417969,1805.92004394531,1829.16003417969,1829.16003417969,397600
2012-07-30,1847.01000976562,1850.27001953125,1841.40002441406,1843.7900390625,1843.7900390625,337200
2012-07-31,1845.4599609375,1896.82995605469,1842.51000976562,1881.98999023438,1881.98999023438,359200
2012-08-01,1870.57995605469,1886.31994628906,1867.28002929688,1879.93005371094,1879.93005371094,291300
2012-08-02,1883.68005371094,1885.89001464844,1864.85998535156,1869.40002441406,1869.40002441406,270500
2012-08-03,1846.57995605469,1864.13000488281,1843.86999511719,1848.68005371094,1848.68005371094,257900
2012-08-06,1883.61999511719,1894.92004394531,1881.85998535156,1885.88000488281,1885.88000488281,245600
2012-08-07,1883.81994628906,1891.59997558594,1881.66003417969,1886.80004882812,1886.80004882812,325300
2012-08-08,1896.57995605469,1919.60998535156,1896.56005859375,1903.22998046875,1903.22998046875,485600
2012-08-09,1907.13000488281,1947.07995605469,1907.13000488281,1940.58996582031,1940.58996582031,495300
2012-08-10,1937.89001464844,1948.05004882812,1933.93005371094,1946.40002441406,1946.40002441406,326500
2012-08-13,1945.32995605469,1946.19995117188,1932.40002441406,1932.43994140625,1932.43994140625,352700
2012-08-14,1942.60998535156,1957.15002441406,1939.44995117188,1956.9599609375,1956.9599609375,341100
2012-08-16,1956.34997558594,1959.92004394531,1947.26000976562,1957.91003417969,1957.91003417969,430500
2012-08-17,1964.06994628906,1964.06994628906,1941.7900390625,1946.5400390625,1946.5400390625,372500
2012-08-20,1944.67004394531,1949.89001464844,1938.25,1946.31005859375,1946.31005859375,357900
2012-08-21,1954.51000976562,1961.06994628906,1942.60998535156,1943.21997070312,1943.21997070312,407500
2012-08-22,1939.59997558594,1947.43005371094,1917.47998046875,1935.18994140625,1935.18994140625,422800
2012-08-23,1934.56005859375,1942.96997070312,1924.5,1942.5400390625,1942.5400390625,604400
2012-08-24,1921.07995605469,1927.09997558594,1913.75,1919.81005859375,1919.81005859375,631300
2012-08-27,1909.02001953125,1925.15002441406,1907.5,1917.86999511719,1917.86999511719,572900
2012-08-28,1922.02001953125,1925.69995117188,1910.57995605469,1916.32995605469,1916.32995605469,611900
2012-08-29,1920.48999023438,1931,1914.81994628906,1928.5400390625,1928.5400390625,592400
2012-08-30,1922.81994628906,1922.81994628906,1897.06994628906,1906.38000488281,1906.38000488281,747800
2012-08-31,1897.16003417969,1912.23999023438,1896.83996582031,1905.11999511719,1905.11999511719,659100
2012-09-03,1909.06005859375,1921.83996582031,1885.03002929688,1912.7099609375,1912.7099609375,597100
2012-09-04,1911.46997070312,1916.16003417969,1906.21997070312,1907.13000488281,1907.13000488281,881500
2012-09-05,1894.69995117188,1894.69995117188,1874.03002929688,1874.03002929688,1874.03002929688,624100
2012-09-06,1881.5400390625,1888.18005371094,1873.48999023438,1881.23999023438,1881.23999023438,752900
2012-09-07,1918.35998535156,1929.57995605469,1915.56005859375,1929.57995605469,1929.57995605469,597700
2012-09-10,1934.63000488281,1937.84997558594,1924.69995117188,1924.69995117188,1924.69995117188,620800
2012-09-11,1920.4599609375,1923.08996582031,1912.46997070312,1920,1920,718700
2012-09-12,1931.43994140625,1953.03002929688,1927.75,1950.03002929688,1950.03002929688,708400
2012-09-13,1948.27001953125,1955.03002929688,1938.73999023438,1950.68994140625,1950.68994140625,983100
2012-09-14,1994.42004394531,2008.96997070312,1991.13000488281,2007.57995605469,2007.57995605469,1023900
2012-09-17,2005.5400390625,2011.5,1997.7900390625,2002.34997558594,2002.34997558594,881700
2012-09-18,1998.30004882812,2005.72998046875,1995.82995605469,2004.9599609375,2004.9599609375,855300
2012-09-19,2000.19995117188,2012.73999023438,1993.91003417969,2007.88000488281,2007.88000488281,959900
2012-09-20,1997.65002441406,2004.5400390625,1987.93994140625,1990.32995605469,1990.32995605469,618400
2012-09-21,2000.05004882812,2005.10998535156,1991.56005859375,2002.36999511719,2002.36999511719,649200
2012-09-24,1996.42004394531,2005.44995117188,1977.69995117188,2003.43994140625,2003.43994140625,483000
2012-09-25,1994.07995605469,2004.26000976562,1988.88000488281,1991.41003417969,1991.41003417969,529000
2012-09-26,1973.10998535156,1986.28002929688,1968.84997558594,1980.43994140625,1980.43994140625,1209800
2012-09-27,1969.65002441406,1991.26000976562,1969.59997558594,1988.69995117188,1988.69995117188,693700
2012-09-28,2000.01000976562,2000.01000976562,1988.41003417969,1996.2099609375,1996.2099609375,678200
2012-10-02,1998.52001953125,2003.63000488281,1995.11999511719,1996.03002929688,1996.03002929688,496300
2012-10-04,1998.72998046875,1998.98999023438,1983.03002929688,1992.68005371094,1992.68005371094,596900
2012-10-05,2004.61999511719,2007.83996582031,1991.2099609375,1995.17004394531,1995.17004394531,681200
2012-10-08,1994.05004882812,1994.05004882812,1979.23999023438,1981.89001464844,1981.89001464844,508300
2012-10-09,1982.08996582031,1992.31994628906,1979,1979.0400390625,1979.0400390625,516900
2012-10-10,1961.90002441406,1962.71997070312,1948.21997070312,1948.21997070312,1948.21997070312,449400
2012-10-11,1934.48999023438,1949.73999023438,1919.81994628906,1933.08996582031,1933.08996582031,464100
2012-10-12,1937.84997558594,1940.31994628906,1927.39001464844,1933.26000976562,1933.26000976562,398800
2012-10-15,1927.81994628906,1937.15002441406,1921.31994628906,1925.58996582031,1925.58996582031,567900
2012-10-16,1942.51000976562,1944.21997070312,1931.08996582031,1941.5400390625,1941.5400390625,538400
2012-10-17,1955.78002929688,1965.53002929688,1949.7099609375,1955.15002441406,1955.15002441406,499800
2012-10-18,1960.39001464844,1963.53002929688,1954.09997558594,1959.11999511719,1959.11999511719,495000
2012-10-19,1954.32995605469,1958.64001464844,1938.9599609375,1943.83996582031,1943.83996582031,383200
2012-10-22,1910.97998046875,1942.64001464844,1910.22998046875,1941.58996582031,1941.58996582031,458100
2012-10-23,1943.7900390625,1944.38000488281,1926.81005859375,1926.81005859375,1926.81005859375,539000
2012-10-24,1907.16003417969,1922.02001953125,1901.61999511719,1913.9599609375,1913.9599609375,564600
2012-10-25,1906.91003417969,1924.51000976562,1904.94995117188,1924.5,1924.5,438100
2012-10-26,1917.64001464844,1921.25,1890.15002441406,1891.43005371094,1891.43005371094,437500
2012-10-29,1901.82995605469,1905.21997070312,1884.77001953125,1891.52001953125,1891.52001953125,371700
2012-10-30,1894.05004882812,1913.52001953125,1893.75,1899.57995605469,1899.57995605469,334100
2012-10-31,1912.82995605469,1918.40002441406,1909.07995605469,1912.06005859375,1912.06005859375,397200
2012-11-01,1903.56994628906,1904.98999023438,1887.56005859375,1898.43994140625,1898.43994140625,402400
2012-11-02,1920.55004882812,1921.97998046875,1915.10998535156,1918.71997070312,1918.71997070312,441200
2012-11-05,1905.4599609375,1914.38000488281,1903.31994628906,1908.21997070312,1908.21997070312,343400
2012-11-06,1911.82995605469,1928.17004394531,1908.48999023438,1928.17004394531,1928.17004394531,545800
2012-11-07,1933.7900390625,1937.55004882812,1916.81005859375,1937.55004882812,1937.55004882812,556700
2012-11-08,1912.64001464844,1918.68994140625,1905.61999511719,1914.41003417969,1914.41003417969,659700
2012-11-09,1893.08996582031,1907.56994628906,1879.06005859375,1904.41003417969,1904.41003417969,636200
2012-11-12,1899.30004882812,1903.81005859375,1892.68005371094,1900.86999511719,1900.86999511719,473300
2012-11-13,1904.18994140625,1904.96997070312,1881.84997558594,1889.69995117188,1889.69995117188,494900
2012-11-14,1891.44995117188,1895.47998046875,1880.60998535156,1894.0400390625,1894.0400390625,533900
2012-11-15,1870.2900390625,1875.48999023438,1859.7900390625,1870.71997070312,1870.71997070312,450900
2012-11-16,1865.81005859375,1872.68994140625,1856.81005859375,1860.82995605469,1860.82995605469,465000
2012-11-19,1869.76000976562,1884.10998535156,1869.22998046875,1878.09997558594,1878.09997558594,349400
2012-11-20,1896.57995605469,1897.56005859375,1886.33996582031,1890.18005371094,1890.18005371094,372300
2012-11-21,1895.71997070312,1899.59997558594,1878.25,1884.0400390625,1884.0400390625,380800
2012-11-22,1894.66003417969,1903.27001953125,1893.18005371094,1899.5,1899.5,412800
2012-11-23,1901.72998046875,1911.32995605469,1894.57995605469,1911.32995605469,1911.32995605469,330000
2012-11-26,1918.01000976562,1918.10998535156,1905.94995117188,1908.51000976562,1908.51000976562,276800
2012-11-27,1917.14001464844,1930.23999023438,1913.96997070312,1925.19995117188,1925.19995117188,588300
2012-11-28,1916.31005859375,1916.76000976562,1906.19995117188,1912.78002929688,1912.78002929688,408900
2012-11-29,1922.85998535156,1935.09997558594,1922.51000976562,1934.84997558594,1934.84997558594,388800
2012-11-30,1932.7099609375,1941.83996582031,1927.97998046875,1932.90002441406,1932.90002441406,337300
2012-12-03,1937.28002929688,1944.75,1933.67004394531,1940.02001953125,1940.02001953125,314900
2012-12-04,1932.66003417969,1938.28002929688,1928.08996582031,1935.18005371094,1935.18005371094,294800
2012-12-05,1933.44995117188,1949.69995117188,1930.15002441406,1947.0400390625,1947.0400390625,492600
2012-12-06,1948.55004882812,1955.06994628906,1946.03002929688,1949.61999511719,1949.61999511719,345300
2012-12-07,1953.17004394531,1963.06005859375,1952.82995605469,1957.44995117188,1957.44995117188,413400
2012-12-10,1965.7099609375,1970.18994140625,1955.39001464844,1957.42004394531,1957.42004394531,367600
2012-12-11,1962.52001953125,1965.68005371094,1956.75,1964.61999511719,1964.61999511719,404800
2012-12-12,1972.32995605469,1975.43994140625,1966.91003417969,1975.43994140625,1975.43994140625,459700
2012-12-13,1976.18005371094,2002.78002929688,1976.18005371094,2002.77001953125,2002.77001953125,421500
2012-12-14,1989.42004394531,1999.65002441406,1985.18994140625,1995.0400390625,1995.0400390625,350500
2012-12-17,1993.18005371094,1999.38000488281,1981.13000488281,1983.06994628906,1983.06994628906,366700
2012-12-18,1990.71997070312,1993.08996582031,1979.21997070312,1993.08996582031,1993.08996582031,454300
2012-12-20,2002.10998535156,2006.07995605469,1991.81005859375,1999.5,1999.5,421900
2012-12-21,2004.60998535156,2004.67004394531,1976.08996582031,1980.42004394531,1980.42004394531,553700
2012-12-24,1984.18005371094,1985.56994628906,1977,1981.81994628906,1981.81994628906,348200
2012-12-26,1992.09997558594,2000.92004394531,1982.25,1982.25,1982.25,458000
2012-12-27,1979.4599609375,1987.91003417969,1971.53002929688,1987.34997558594,1987.34997558594,376100
2012-12-28,1984.83996582031,2002.67004394531,1984.83996582031,1997.05004882812,1997.05004882812,302900
2013-01-02,2013.73999023438,2033.66003417969,2012.30004882812,2031.09997558594,2031.09997558594,364100
2013-01-03,2041.23999023438,2042.47998046875,2018.48999023438,2019.41003417969,2019.41003417969,491000
2013-01-04,2017.88000488281,2018.63000488281,2001.53002929688,2011.93994140625,2011.93994140625,378900
2013-01-07,2012.15002441406,2014,1996.46997070312,2011.25,2011.25,536200
2013-01-08,2003.21997070312,2009.98999023438,1997.91003417969,1997.93994140625,1997.93994140625,493700
2013-01-09,2001.97998046875,2007.71997070312,1989.47998046875,1991.81005859375,1991.81005859375,607600
2013-01-10,1993.86999511719,2008.46997070312,1988.0400390625,2006.80004882812,2006.80004882812,500800
2013-01-11,2017.38000488281,2017.92004394531,1984.16003417969,1996.67004394531,1996.67004394531,472600
2013-01-14,1993.81994628906,2007.0400390625,1989.23999023438,2007.0400390625,2007.0400390625,454800
2013-01-15,2006.89001464844,2016.36999511719,1983.73999023438,1983.73999023438,1983.73999023438,546200
2013-01-16,1988.43994140625,1996.4599609375,1970.01000976562,1977.44995117188,1977.44995117188,457600
2013-01-17,1983.67004394531,1986.33996582031,1964.61999511719,1974.27001953125,1974.27001953125,828700
2013-01-18,1987.65002441406,1988.46997070312,1976.71997070312,1987.84997558594,1987.84997558594,583300
2013-01-21,1987.9599609375,1991.97998046875,1972.64001464844,1986.85998535156,1986.85998535156,446600
2013-01-22,1986.57995605469,1999.34997558594,1981.88000488281,1996.52001953125,1996.52001953125,553400
2013-01-23,2003.36999511719,2008.06005859375,1980.41003417969,1980.41003417969,1980.41003417969,491400
2013-01-24,1970.84997558594,1980.03002929688,1960.75,1964.47998046875,1964.47998046875,558400
2013-01-25,1966.40002441406,1966.82995605469,1934.89001464844,1946.68994140625,1946.68994140625,401800
2013-01-28,1940.32995605469,1943.48999023438,1930.36999511719,1939.7099609375,1939.7099609375,349500
2013-01-29,1946.10998535156,1958.88000488281,1944.81005859375,1955.9599609375,1955.9599609375,465000
2013-01-30,1961.92004394531,1967.2900390625,1950.67004394531,1964.43005371094,1964.43005371094,523300
2013-01-31,1960.78002929688,1965.92004394531,1954.53002929688,1961.93994140625,1961.93994140625,399600
2013-02-01,1964.75,1966.5400390625,1942.43994140625,1957.7900390625,1957.7900390625,385900
2013-02-04,1968.94995117188,1969.13000488281,1952.82995605469,1953.2099609375,1953.2099609375,345400
2013-02-05,1936.92004394531,1944,1928.75,1938.18005371094,1938.18005371094,366700
2013-02-06,1943.32995605469,1944.43994140625,1935.43994140625,1936.18994140625,1936.18994140625,349200
2013-02-07,1939.42004394531,1946.67004394531,1931.09997558594,1931.77001953125,1931.77001953125,412200
2013-02-08,1930,1955.85998535156,1929.81005859375,1950.90002441406,1950.90002441406,291200
2013-02-12,1958.4599609375,1958.65002441406,1943.63000488281,1945.7900390625,1945.7900390625,307500
2013-02-13,1952.85998535156,1976.06994628906,1950.57995605469,1976.06994628906,1976.06994628906,331000
2013-02-14,1977.42004394531,1986.14001464844,1972.80004882812,1979.60998535156,1979.60998535156,336000
2013-02-15,1981.06005859375,1982.76000976562,1976.11999511719,1981.18005371094,1981.18005371094,598800
2013-02-18,1979.42004394531,1985.41003417969,1973.65002441406,1981.91003417969,1981.91003417969,420700
2013-02-19,1981.9599609375,1990.08996582031,1979.84997558594,1985.82995605469,1985.82995605469,344300
2013-02-20,1997.0400390625,2024.64001464844,1995.31005859375,2024.64001464844,2024.64001464844,407700
2013-02-21,2014.5,2021.23999023438,2010.91003417969,2015.21997070312,2015.21997070312,391200
2013-02-22,2007.33996582031,2029.43994140625,2006.58996582031,2018.89001464844,2018.89001464844,409100
2013-02-25,2022.51000976562,2022.77001953125,2008.78002929688,2009.52001953125,2009.52001953125,338200
2013-02-26,1993.11999511719,2005.85998535156,1991.9599609375,2000.01000976562,2000.01000976562,433400
2013-02-27,2008.93994140625,2014.9599609375,1999.65002441406,2004.0400390625,2004.0400390625,417100
2013-02-28,2019.05004882812,2030.84997558594,2016.15002441406,2026.48999023438,2026.48999023438,422000
2013-03-04,2028.55004882812,2029.31994628906,2011.08996582031,2013.15002441406,2013.15002441406,357400
2013-03-05,2022.41003417969,2031.65002441406,2016.59997558594,2016.60998535156,2016.60998535156,491900
2013-03-06,2033.17004394531,2033.89001464844,2016.65002441406,2020.73999023438,2020.73999023438,395400
2013-03-07,2018.63000488281,2018.63000488281,1998.2900390625,2004.40002441406,2004.40002441406,386500
2013-03-08,2001.96997070312,2007.36999511719,1994.25,2006.01000976562,2006.01000976562,312100
2013-03-11,2000.56994628906,2006.30004882812,1982.38000488281,2003.34997558594,2003.34997558594,398300
2013-03-12,2006.83996582031,2007.43994140625,1990.17004394531,1993.33996582031,1993.33996582031,390200
2013-03-13,1994.7900390625,1999.72998046875,1988.18994140625,1999.72998046875,1999.72998046875,353000
2013-03-14,2000.06994628906,2002.13000488281,1978.56994628906,2002.13000488281,2002.13000488281,330900
2013-03-15,2009.7099609375,2009.7099609375,1985.91003417969,1986.5,1986.5,307400
2013-03-18,1974.7099609375,1982.92004394531,1968.18005371094,1968.18005371094,1968.18005371094,304300
2013-03-19,1978.41003417969,1989.4599609375,1973.22998046875,1978.56005859375,1978.56005859375,326800
2013-03-20,1969.18994140625,1978.17004394531,1959.40002441406,1959.41003417969,1959.41003417969,332900
2013-03-21,1969.30004882812,1973.26000976562,1950.81994628906,1950.81994628906,1950.81994628906,262900
2013-03-22,1949.03002929688,1956.32995605469,1946.05004882812,1948.7099609375,1948.7099609375,259600
2013-03-25,1968.84997558594,1981.75,1968.14001464844,1977.67004394531,1977.67004394531,276300
2013-03-26,1976.81005859375,1990.22998046875,1975.59997558594,1983.69995117188,1983.69995117188,298800
2013-03-27,1991.91003417969,1996.56005859375,1973.71997070312,1993.43994140625,1993.43994140625,362600
2013-03-28,1989.69995117188,1995.31005859375,1985.44995117188,1993.52001953125,1993.52001953125,367700
2013-03-29,2007.11999511719,2013.2099609375,2003.9599609375,2004.89001464844,2004.89001464844,341600
2013-04-01,2009.93994140625,2010.15002441406,1994.5400390625,1995.98999023438,1995.98999023438,269200
2013-04-02,1996.81005859375,2001.78002929688,1973.27001953125,1986.15002441406,1986.15002441406,496100
2013-04-03,1990.7099609375,1992.40002441406,1972.02001953125,1983.21997070312,1983.21997070312,396400
2013-04-04,1963.39001464844,1965.18994140625,1938.89001464844,1959.44995117188,1959.44995117188,415400
2013-04-05,1948.32995605469,1952.09997558594,1916.77001953125,1927.22998046875,1927.22998046875,372700
2013-04-08,1927.0400390625,1933.94995117188,1918.68994140625,1918.68994140625,1918.68994140625,313300
2013-04-09,1918.13000488281,1934.73999023438,1901.9599609375,1920.73999023438,1920.73999023438,356600
2013-04-10,1933.72998046875,1939.18994140625,1923.43005371094,1935.57995605469,1935.57995605469,320200
2013-04-11,1944.53002929688,1949.80004882812,1926.5400390625,1949.80004882812,1949.80004882812,386600
2013-04-12,1954.21997070312,1956.2099609375,1919.90002441406,1924.22998046875,1924.22998046875,407400
2013-04-15,1916.06005859375,1927.71997070312,1907.34997558594,1920.44995117188,1920.44995117188,332900
2013-04-16,1900.18005371094,1926.65002441406,1896.68994140625,1922.2099609375,1922.2099609375,393100
2013-04-17,1934.60998535156,1934.81994628906,1910.78002929688,1923.83996582031,1923.83996582031,415300
2013-04-18,1916.55004882812,1919.53002929688,1900.05004882812,1900.06005859375,1900.06005859375,343500
2013-04-19,1899.34997558594,1910.23999023438,1888.30004882812,1906.75,1906.75,331300
2013-04-22,1903.96997070312,1926.31005859375,1901.97998046875,1926.31005859375,1926.31005859375,258800
2013-04-23,1924.43005371094,1924.7900390625,1908.77001953125,1918.63000488281,1918.63000488281,260500
2013-04-24,1931.06005859375,1939.34997558594,1921.03002929688,1935.31005859375,1935.31005859375,341100
2013-04-25,1937.88000488281,1951.66003417969,1935.81005859375,1951.59997558594,1951.59997558594,335000
2013-04-26,1949.92004394531,1951.85998535156,1942.36999511719,1944.56005859375,1944.56005859375,280200
2013-04-29,1948.86999511719,1948.96997070312,1934.68005371094,1940.69995117188,1940.69995117188,266000
2013-04-30,1947.06994628906,1967.06005859375,1946.98999023438,1963.94995117188,1963.94995117188,403100
2013-05-02,1961.67004394531,1966.68005371094,1954.28002929688,1957.2099609375,1957.2099609375,349700
2013-05-03,1967.88000488281,1968.0400390625,1953.40002441406,1965.7099609375,1965.7099609375,312500
2013-05-06,1977.43994140625,1983.64001464844,1960.14001464844,1961.47998046875,1961.47998046875,294900
2013-05-07,1962.28002929688,1962.86999511719,1951.27001953125,1954.34997558594,1954.34997558594,299900
2013-05-08,1961.72998046875,1964.07995605469,1952.38000488281,1956.44995117188,1956.44995117188,337900
2013-05-09,1963.60998535156,1982.31994628906,1961.5,1979.44995117188,1979.44995117188,332600
2013-05-10,1975.47998046875,1975.47998046875,1944.75,1944.75,1944.75,283800
2013-05-13,1936.85998535156,1948.69995117188,1935.56994628906,1948.69995117188,1948.69995117188,251600
2013-05-14,1954.39001464844,1972.5,1954.13000488281,1968.82995605469,1968.82995605469,328500
2013-05-15,1971.9599609375,1972.43994140625,1963.52001953125,1971.26000976562,1971.26000976562,247000
2013-05-16,1980.03002929688,1991.97998046875,1980.03002929688,1986.81005859375,1986.81005859375,322200
2013-05-20,1990.35998535156,1991.27001953125,1982.43005371094,1982.43005371094,1982.43005371094,274400
2013-05-21,1994.02001953125,1995.09997558594,1976.17004394531,1981.08996582031,1981.08996582031,245800
2013-05-22,1991.76000976562,1998.69995117188,1987.22998046875,1993.82995605469,1993.82995605469,326400
2013-05-23,1985.91003417969,1991.34997558594,1969.18994140625,1969.18994140625,1969.18994140625,342900
2013-05-24,1979.34997558594,1979.93005371094,1961.58996582031,1973.44995117188,1973.44995117188,273600
2013-05-27,1974.58996582031,1984.13000488281,1971.53002929688,1979.96997070312,1979.96997070312,256100
2013-05-28,1983.57995605469,1991.19995117188,1978.89001464844,1986.21997070312,1986.21997070312,311400
2013-05-29,1993.68994140625,2009.43005371094,1992.68005371094,2001.19995117188,2001.19995117188,362600
2013-05-30,1999.82995605469,2008.22998046875,1997.83996582031,2000.09997558594,2000.09997558594,435700
2013-05-31,2009.25,2013.2900390625,2000.81994628906,2001.05004882812,2001.05004882812,397500
2013-06-03,1993.10998535156,2000.56005859375,1989.51000976562,1989.56994628906,1989.56994628906,333500
2013-06-04,1998.38000488281,1999.72998046875,1979.42004394531,1989.51000976562,1989.51000976562,334900
2013-06-05,1988.93994140625,1989.2900390625,1959.18994140625,1959.18994140625,1959.18994140625,340500
2013-06-07,1953.82995605469,1954.81994628906,1923.83996582031,1923.84997558594,1923.84997558594,341100
2013-06-10,1927.18994140625,1934.92004394531,1923.58996582031,1932.69995117188,1932.69995117188,271700
2013-06-11,1933.09997558594,1933.33996582031,1910.05004882812,1920.68005371094,1920.68005371094,288200
2013-06-12,1913.59997558594,1921.5400390625,1907.2900390625,1909.91003417969,1909.91003417969,253400
2013-06-13,1905.09997558594,1911.0400390625,1881.23999023438,1882.72998046875,1882.72998046875,306400
2013-06-14,1895.77001953125,1896.59997558594,1881.5,1889.23999023438,1889.23999023438,279300
2013-06-17,1889.44995117188,1897.69995117188,1878.40002441406,1883.09997558594,1883.09997558594,264400
2013-06-18,1887.71997070312,1900.63000488281,1872.69995117188,1900.61999511719,1900.61999511719,278600
2013-06-19,1899.5,1899.5,1883.41003417969,1888.31005859375,1888.31005859375,279800
2013-06-20,1864.36999511719,1873.18005371094,1844.41003417969,1850.48999023438,1850.48999023438,355800
2013-06-21,1806.40002441406,1823.98999023438,1806.02001953125,1822.82995605469,1822.82995605469,290500
2013-06-24,1821.21997070312,1821.21997070312,1798.97998046875,1799.01000976562,1799.01000976562,220900
2013-06-25,1790.32995605469,1807.61999511719,1770.53002929688,1780.63000488281,1780.63000488281,332200
2013-06-26,1799.73999023438,1799.73999023438,1772.48999023438,1783.44995117188,1783.44995117188,296900
2013-06-27,1809.55004882812,1839.52001953125,1809.40002441406,1834.69995117188,1834.69995117188,286300
2013-06-28,1844.59997558594,1864.08996582031,1844.59997558594,1863.31994628906,1863.31994628906,251100
2013-07-01,1851.56994628906,1866.63000488281,1850.03002929688,1855.72998046875,1855.72998046875,220900
2013-07-02,1861.26000976562,1867.18005371094,1850.2900390625,1855.02001953125,1855.02001953125,483200
2013-07-03,1854.2900390625,1860.4599609375,1823.09997558594,1824.66003417969,1824.66003417969,405800
2013-07-04,1830.48999023438,1840.38000488281,1825.61999511719,1839.14001464844,1839.14001464844,313000
2013-07-05,1848.96997070312,1857.39001464844,1828.75,1833.31005859375,1833.31005859375,285600
2013-07-08,1830.81005859375,1840.56994628906,1809.71997070312,1816.84997558594,1816.84997558594,303600
2013-07-09,1828.63000488281,1831.34997558594,1815.03002929688,1830.34997558594,1830.34997558594,257900
2013-07-10,1835.93994140625,1836.91003417969,1818.93994140625,1824.16003417969,1824.16003417969,267900
2013-07-11,1840.33996582031,1877.59997558594,1840.33996582031,1877.59997558594,1877.59997558594,331500
2013-07-12,1873.66003417969,1873.66003417969,1863.40002441406,1869.97998046875,1869.97998046875,266000
2013-07-15,1870.26000976562,1877.4599609375,1847.81994628906,1875.16003417969,1875.16003417969,330000
2013-07-16,1875.53002929688,1875.68005371094,1860.36999511719,1866.35998535156,1866.35998535156,303300
2013-07-17,1871.2900390625,1894.69995117188,1856.55004882812,1887.48999023438,1887.48999023438,382900
2013-07-18,1883.06994628906,1885.01000976562,1870.78002929688,1875.47998046875,1875.47998046875,380300
2013-07-19,1880.43994140625,1881.40002441406,1861.43005371094,1871.41003417969,1871.41003417969,319600
2013-07-22,1880.81005859375,1894.41003417969,1873.17004394531,1880.34997558594,1880.34997558594,356900
2013-07-23,1890.55004882812,1904.15002441406,1885.56994628906,1904.15002441406,1904.15002441406,352400
2013-07-24,1904.06994628906,1914.41003417969,1901.15002441406,1912.07995605469,1912.07995605469,322200
2013-07-25,1906.56994628906,1913.91003417969,1904.43994140625,1909.60998535156,1909.60998535156,312000
2013-07-26,1912.05004882812,1915.96997070312,1902.46997070312,1910.81005859375,1910.81005859375,320200
2013-07-29,1908.66003417969,1912.56994628906,1899.02001953125,1899.89001464844,1899.89001464844,337600
2013-07-30,1901.88000488281,1917.10998535156,1900.5400390625,1917.05004882812,1917.05004882812,366900
2013-07-31,1915.46997070312,1920.59997558594,1910.81994628906,1914.03002929688,1914.03002929688,384100
2013-08-01,1916.56005859375,1925.31994628906,1906.73999023438,1920.73999023438,1920.73999023438,336100
2013-08-02,1936.26000976562,1939.28002929688,1920.97998046875,1923.38000488281,1923.38000488281,298200
2013-08-05,1920.82995605469,1925.59997558594,1915.68994140625,1916.21997070312,1916.21997070312,234000
2013-08-06,1914.06005859375,1914.06005859375,1895.86999511719,1906.61999511719,1906.61999511719,294600
2013-08-07,1892.46997070312,1895.5,1878.32995605469,1878.32995605469,1878.32995605469,312400
2013-08-08,1884.57995605469,1896.06994628906,1879.13000488281,1883.96997070312,1883.96997070312,338200
2013-08-09,1884.56994628906,1888.7900390625,1876.06994628906,1880.7099609375,1880.7099609375,283500
2013-08-12,1878.5,1894.42004394531,1878.32995605469,1884.82995605469,1884.82995605469,297500
2013-08-13,1893.42004394531,1913.03002929688,1890.78002929688,1913.03002929688,1913.03002929688,362600
2013-08-14,1912.58996582031,1925.09997558594,1908.92004394531,1923.91003417969,1923.91003417969,363300
2013-08-16,1903.71997070312,1927.58996582031,1901.69995117188,1920.10998535156,1920.10998535156,348500
2013-08-19,1917.31994628906,1918.7099609375,1909.80004882812,1917.64001464844,1917.64001464844,302100
2013-08-20,1910.30004882812,1923.42004394531,1885.93005371094,1887.84997558594,1887.84997558594,350400
2013-08-21,1891.01000976562,1894.73999023438,1863.59997558594,1867.4599609375,1867.4599609375,411200
2013-08-22,1847.93994140625,1858.5,1838.52001953125,1849.11999511719,1849.11999511719,425900
2013-08-23,1861.57995605469,1876.14001464844,1854.67004394531,1870.16003417969,1870.16003417969,375000
2013-08-26,1876.58996582031,1890.38000488281,1876.58996582031,1887.85998535156,1887.85998535156,316300
2013-08-27,1883.7099609375,1896.63000488281,1881.43994140625,1885.83996582031,1885.83996582031,409300
2013-08-28,1862.51000976562,1885.34997558594,1861.56005859375,1884.52001953125,1884.52001953125,378300
2013-08-29,1892.03002929688,1914.90002441406,1891.58996582031,1907.5400390625,1907.5400390625,301700
2013-08-30,1918.91003417969,1926.36999511719,1910.36999511719,1926.35998535156,1926.35998535156,300900
2013-09-02,1925.31994628906,1932.4599609375,1921.01000976562,1924.81005859375,1924.81005859375,244000
2013-09-03,1934.23999023438,1940.98999023438,1928.08996582031,1933.73999023438,1933.73999023438,300100
2013-09-04,1929.59997558594,1938.26000976562,1921.93005371094,1933.03002929688,1933.03002929688,284200
2013-09-05,1943.66003417969,1954.2099609375,1937.81994628906,1951.65002441406,1951.65002441406,286700
2013-09-06,1954.10998535156,1962.15002441406,1949.01000976562,1955.31005859375,1955.31005859375,325000
2013-09-09,1964.08996582031,1974.67004394531,1962.61999511719,1974.67004394531,1974.67004394531,270700
2013-09-10,1978.07995605469,1994.06005859375,1974.58996582031,1994.06005859375,1994.06005859375,264300
2013-09-11,1995.9599609375,2003.84997558594,1987.40002441406,2003.84997558594,2003.84997558594,299400
2013-09-12,2004.67004394531,2017.47998046875,1995.16003417969,2004.06005859375,2004.06005859375,359300
2013-09-13,1994.94995117188,2004.86999511719,1992.26000976562,1994.31994628906,1994.31994628906,253900
2013-09-16,2011.68994140625,2018.02001953125,2004.44995117188,2013.36999511719,2013.36999511719,248500
2013-09-17,2009.31005859375,2009.31005859375,1994.31005859375,2005.57995605469,2005.57995605469,264700
2013-09-23,2000.71997070312,2015.18005371094,1994.77001953125,2009.41003417969,2009.41003417969,249500
2013-09-24,2001.51000976562,2011.10998535156,1990.35998535156,2007.09997558594,2007.09997558594,309400
2013-09-25,2004.53002929688,2006.88000488281,1988.86999511719,1998.06005859375,1998.06005859375,294800
2013-09-26,1992.09997558594,2007.31994628906,1991.09997558594,2007.31994628906,2007.31994628906,255600
2013-09-27,2012.26000976562,2016.33996582031,2008.25,2011.80004882812,2011.80004882812,282300
2013-09-30,2002.02001953125,2005.41003417969,1994.21997070312,1996.9599609375,1996.9599609375,292800
2013-10-01,1997.61999511719,2012.52001953125,1991.21997070312,1998.86999511719,1998.86999511719,281300
2013-10-02,2012.06994628906,2012.81994628906,1999.02001953125,1999.46997070312,1999.46997070312,238300
2013-10-04,1999.92004394531,2004.65002441406,1985.63000488281,1996.97998046875,1996.97998046875,241100
2013-10-07,1997.17004394531,2002.60998535156,1991.02001953125,1994.42004394531,1994.42004394531,249800
2013-10-08,1987.96997070312,2002.78002929688,1981.2099609375,2002.76000976562,2002.76000976562,329600
2013-10-10,2000.91003417969,2010,1997.66003417969,2001.40002441406,2001.40002441406,222700
2013-10-11,2018.01000976562,2028.10998535156,2012.66003417969,2024.90002441406,2024.90002441406,254300
2013-10-14,2026.06994628906,2026.7900390625,2019.65002441406,2020.27001953125,2020.27001953125,220700
2013-10-15,2034.68994140625,2045.5,2033.83996582031,2040.9599609375,2040.9599609375,233600
2013-10-16,2040.03002929688,2049.5,2033.75,2034.60998535156,2034.60998535156,267500
2013-10-17,2051.18994140625,2052.43994140625,2035.9599609375,2040.60998535156,2040.60998535156,306900
2013-10-18,2046.56005859375,2052.39990234375,2041.35998535156,2052.39990234375,2052.39990234375,257600
2013-10-21,2054.15991210938,2060.17993164062,2047.82995605469,2053.01000976562,2053.01000976562,281900
2013-10-22,2051.01000976562,2056.1201171875,2045.44995117188,2056.1201171875,2056.1201171875,378800
2013-10-23,2062.81005859375,2063.28002929688,2035.75,2035.75,2035.75,368000
2013-10-24,2034.9599609375,2046.68994140625,2027.93005371094,2046.68994140625,2046.68994140625,254900
2013-10-25,2047.4599609375,2047.4599609375,2023.81994628906,2034.39001464844,2034.39001464844,234800
2013-10-28,2037.28002929688,2048.13989257812,2030.90002441406,2048.13989257812,2048.13989257812,257500
2013-10-29,2046.67004394531,2053.78002929688,2039.4599609375,2051.76000976562,2051.76000976562,307700
2013-10-30,2055,2059.580078125,2043.93005371094,2059.580078125,2059.580078125,263400
2013-10-31,2050.9599609375,2055.59008789062,2030.08996582031,2030.08996582031,2030.08996582031,254500
2013-11-01,2037.25,2041.22998046875,2030.56994628906,2039.42004394531,2039.42004394531,294200
2013-11-04,2035.07995605469,2035.83996582031,2022.91003417969,2025.17004394531,2025.17004394531,235200
2013-11-05,2027.61999511719,2029.59997558594,2010.19995117188,2013.93005371094,2013.93005371094,257800
2013-11-06,2015.31994628906,2023.52001953125,2011.41003417969,2013.67004394531,2013.67004394531,273700
2013-11-07,2014.84997558594,2017.55004882812,2000.59997558594,2004.0400390625,2004.0400390625,310900
2013-11-08,1987.2099609375,1998.58996582031,1984.85998535156,1984.86999511719,1984.86999511719,287300
2013-11-11,1995.85998535156,1995.85998535156,1973.05004882812,1977.30004882812,1977.30004882812,286200
2013-11-12,1983.93994140625,2000.41003417969,1983.89001464844,1995.47998046875,1995.47998046875,247400
2013-11-13,1993.16003417969,1993.16003417969,1963.56005859375,1963.56005859375,1963.56005859375,251500
2013-11-14,1980.19995117188,1981.89001464844,1963.42004394531,1967.56005859375,1967.56005859375,323100
2013-11-15,1980.98999023438,2006.31005859375,1980.98999023438,2005.64001464844,2005.64001464844,264700
2013-11-18,2014.23999023438,2018.17004394531,2009.76000976562,2010.81005859375,2010.81005859375,314000
2013-11-19,2009.94995117188,2033.91003417969,2009.46997070312,2031.64001464844,2031.64001464844,402800
2013-11-20,2028.33996582031,2029.60998535156,2010.73999023438,2017.23999023438,2017.23999023438,334800
2013-11-21,2013.7099609375,2013.7099609375,1985.65002441406,1993.78002929688,1993.78002929688,292700
2013-11-22,2002.15002441406,2011.19995117188,1992.47998046875,2006.22998046875,2006.22998046875,351000
2013-11-25,2020,2031.10998535156,2015.97998046875,2015.97998046875,2015.97998046875,295500
2013-11-26,2008.18994140625,2022.66003417969,1998.90002441406,2022.64001464844,2022.64001464844,275300
2013-11-27,2016.28002929688,2028.81005859375,2010.83996582031,2028.81005859375,2028.81005859375,284100
2013-11-28,2039.72998046875,2047.66003417969,2037.72998046875,2045.77001953125,2045.77001953125,276300
2013-11-29,2044.84997558594,2050.69995117188,2038.4599609375,2044.86999511719,2044.86999511719,245400
2013-12-02,2050.44995117188,2052.8798828125,2029.09997558594,2030.78002929688,2030.78002929688,229700
2013-12-03,2023.61999511719,2028.06994628906,2008.55004882812,2009.35998535156,2009.35998535156,294900
2013-12-04,1998.68994140625,2006.7099609375,1986.80004882812,1986.80004882812,1986.80004882812,230300
2013-12-05,1993.72998046875,1994.31994628906,1971.43994140625,1984.77001953125,1984.77001953125,217700
2013-12-06,1982.98999023438,1990.55004882812,1980.40002441406,1980.41003417969,1980.41003417969,201900
2013-12-09,2000.52001953125,2003.96997070312,1997.57995605469,2000.38000488281,2000.38000488281,230300
2013-12-10,2000.03002929688,2001.32995605469,1989.41003417969,1993.44995117188,1993.44995117188,201000
2013-12-11,1987.21997070312,2000.15002441406,1972.86999511719,1977.96997070312,1977.96997070312,231400
2013-12-12,1966.43994140625,1970.51000976562,1958.98999023438,1967.93005371094,1967.93005371094,255100
2013-12-13,1963.0400390625,1963.81005859375,1947.43994140625,1962.91003417969,1962.91003417969,234100
2013-12-16,1960.59997558594,1970.25,1956.63000488281,1961.15002441406,1961.15002441406,213500
2013-12-17,1977.93994140625,1979.61999511719,1962.21997070312,1965.73999023438,1965.73999023438,253900
2013-12-18,1971.84997558594,1982.42004394531,1966.18005371094,1974.63000488281,1974.63000488281,258700
2013-12-19,1996.7900390625,1997.02001953125,1969.94995117188,1975.65002441406,1975.65002441406,255800
2013-12-20,1973.11999511719,1984.43994140625,1972.58996582031,1983.34997558594,1983.34997558594,247100
2013-12-23,1993.44995117188,2000.06994628906,1989,1996.89001464844,1996.89001464844,223000
2013-12-24,2000.23999023438,2007.33996582031,1994.33996582031,2001.58996582031,2001.58996582031,214700
2013-12-26,2004.25,2009.9599609375,1997.33996582031,1999.30004882812,1999.30004882812,230500
2013-12-27,1994.05004882812,2004.55004882812,1987.57995605469,2002.28002929688,2002.28002929688,207800
2013-12-30,2004.31994628906,2011.33996582031,1998.60998535156,2011.33996582031,2011.33996582031,172200
2014-01-02,2013.10998535156,2013.89001464844,1967.18994140625,1967.18994140625,1967.18994140625,207800
2014-01-03,1963.71997070312,1964.63000488281,1936.15002441406,1946.14001464844,1946.14001464844,188500
2014-01-06,1947.61999511719,1961.84997558594,1943.73999023438,1953.28002929688,1953.28002929688,193600
2014-01-07,1947.65002441406,1965.73999023438,1947.07995605469,1959.43994140625,1959.43994140625,193000
2014-01-08,1965.5,1966.94995117188,1950.02001953125,1958.9599609375,1958.9599609375,217100
2014-01-09,1962.30004882812,1964.58996582031,1946.10998535156,1946.10998535156,1946.10998535156,276400
2014-01-10,1949.53002929688,1956.96997070312,1931.16003417969,1938.5400390625,1938.5400390625,263000
2014-01-13,1947.38000488281,1954.06994628906,1942.82995605469,1948.92004394531,1948.92004394531,267900
2014-01-14,1942.7900390625,1961.72998046875,1939.31005859375,1946.06994628906,1946.06994628906,244100
2014-01-15,1956.43005371094,1956.83996582031,1945.86999511719,1953.28002929688,1953.28002929688,250900
2014-01-16,1957.91003417969,1965.27001953125,1955.7900390625,1957.31994628906,1957.31994628906,379600
2014-01-17,1958.5,1962.64001464844,1943.13000488281,1944.47998046875,1944.47998046875,260900
2014-01-20,1945.98999023438,1955.28002929688,1934.38000488281,1953.78002929688,1953.78002929688,279500
2014-01-21,1955.26000976562,1965.43005371094,1949.56005859375,1963.89001464844,1963.89001464844,289300
2014-01-22,1960.4599609375,1970.42004394531,1959.56994628906,1970.42004394531,1970.42004394531,243900
2014-01-23,1968.77001953125,1969.0400390625,1947.01000976562,1947.58996582031,1947.58996582031,229400
2014-01-24,1941.55004882812,1947.01000976562,1924.48999023438,1940.56005859375,1940.56005859375,279200
2014-01-27,1905.91003417969,1918.68005371094,1899.76000976562,1910.33996582031,1910.33996582031,340400
2014-01-28,1907.18005371094,1919.26000976562,1904.05004882812,1916.93005371094,1916.93005371094,270500
2014-01-29,1925.93005371094,1941.7099609375,1925.52001953125,1941.15002441406,1941.15002441406,219900
2014-02-03,1930.08996582031,1931.81005859375,1917.64001464844,1919.9599609375,1919.9599609375,229600
2014-02-04,1894.9599609375,1898.07995605469,1885.53002929688,1886.84997558594,1886.84997558594,251000
2014-02-05,1897.94995117188,1901.40002441406,1888.46997070312,1891.31994628906,1891.31994628906,244000
2014-02-06,1897.34997558594,1910.91003417969,1897.34997558594,1907.89001464844,1907.89001464844,259400
2014-02-07,1922.44995117188,1923.25,1910.90002441406,1922.5,1922.5,273000
2014-02-10,1928.13000488281,1928.39001464844,1916.40002441406,1923.30004882812,1923.30004882812,208000
2014-02-11,1924.44995117188,1935.2900390625,1920.55004882812,1932.06005859375,1932.06005859375,226400
2014-02-12,1942.22998046875,1942.22998046875,1933.5400390625,1935.83996582031,1935.83996582031,225400
2014-02-13,1936.61999511719,1944.72998046875,1924.39001464844,1926.9599609375,1926.9599609375,187900
2014-02-14,1930.14001464844,1946.81005859375,1930.14001464844,1940.28002929688,1940.28002929688,216600
2014-02-17,1951.73999023438,1955.0400390625,1942.93994140625,1946.35998535156,1946.35998535156,215500
2014-02-18,1946.88000488281,1951.06005859375,1935.59997558594,1946.91003417969,1946.91003417969,200400
2014-02-19,1944.69995117188,1944.69995117188,1932.43994140625,1942.93005371094,1942.93005371094,213600
2014-02-20,1932.90002441406,1941.13000488281,1927.53002929688,1930.56994628906,1930.56994628906,232300
2014-02-21,1948.03002929688,1957.82995605469,1946.68005371094,1957.82995605469,1957.82995605469,216300
2014-02-24,1958.06005859375,1961.41003417969,1943.85998535156,1949.05004882812,1949.05004882812,193800
2014-02-25,1958.30004882812,1964.85998535156,1955.69995117188,1964.85998535156,1964.85998535156,226000
2014-02-26,1963.44995117188,1973.88000488281,1955.92004394531,1970.77001953125,1970.77001953125,209100
2014-02-27,1969.84997558594,1980.36999511719,1965.69995117188,1978.43005371094,1978.43005371094,201100
2014-02-28,1976.47998046875,1981.15002441406,1972.65002441406,1979.98999023438,1979.98999023438,252800
2014-03-03,1967.90002441406,1969.16003417969,1955.10998535156,1964.68994140625,1964.68994140625,222600
2014-03-04,1954.57995605469,1963.56005859375,1952.60998535156,1954.10998535156,1954.10998535156,200400
2014-03-05,1973.28002929688,1977.30004882812,1970.28002929688,1971.23999023438,1971.23999023438,197700
2014-03-06,1973.67004394531,1975.61999511719,1968.17004394531,1975.61999511719,1975.61999511719,193700
2014-03-07,1979.69995117188,1983.53002929688,1968.66003417969,1974.68005371094,1974.68005371094,231600
2014-03-10,1967.63000488281,1967.66003417969,1951.9599609375,1954.42004394531,1954.42004394531,214900
2014-03-11,1957.21997070312,1963.86999511719,1951.19995117188,1963.86999511719,1963.86999511719,247500
2014-03-12,1957.67004394531,1958.08996582031,1930.47998046875,1932.5400390625,1932.5400390625,329900
2014-03-13,1940.34997558594,1946.28002929688,1931.75,1934.38000488281,1934.38000488281,259600
2014-03-14,1916.06994628906,1927.89001464844,1913.64001464844,1919.90002441406,1919.90002441406,254000
2014-03-17,1921.15002441406,1928.43005371094,1919.60998535156,1927.53002929688,1927.53002929688,214900
2014-03-18,1941.11999511719,1946.14001464844,1931.82995605469,1940.2099609375,1940.2099609375,274300
2014-03-19,1947.33996582031,1948.15002441406,1935.27001953125,1937.68005371094,1937.68005371094,249100
2014-03-20,1934.15002441406,1934.63000488281,1919.36999511719,1919.52001953125,1919.52001953125,220600
2014-03-21,1930.23999023438,1935.18005371094,1927.84997558594,1934.93994140625,1934.93994140625,252900
2014-03-24,1937.06005859375,1950.5400390625,1937.06005859375,1945.55004882812,1945.55004882812,228300
2014-03-25,1940.90002441406,1946.08996582031,1936.61999511719,1941.25,1941.25,225200
2014-03-26,1954.59997558594,1965.43994140625,1953.68994140625,1964.31005859375,1964.31005859375,248900
2014-03-27,1963.66003417969,1979.69995117188,1963.09997558594,1977.96997070312,1977.96997070312,218100
2014-03-28,1972.63000488281,1985.5,1971.25,1981,1981,244600
2014-03-31,1988.72998046875,1989.80004882812,1973.05004882812,1985.60998535156,1985.60998535156,241000
2014-04-01,1983.78002929688,1991.97998046875,1976.06005859375,1991.97998046875,1991.97998046875,214600
2014-04-02,2000.13000488281,2001.26000976562,1995.07995605469,1997.25,1997.25,220900
2014-04-03,1999.42004394531,2007.88000488281,1992.16003417969,1993.69995117188,1993.69995117188,225700
2014-04-04,1987.83996582031,1993.9599609375,1985.76000976562,1988.08996582031,1988.08996582031,225600
2014-04-07,1984.2900390625,1992.18005371094,1978.63000488281,1989.69995117188,1989.69995117188,186400
2014-04-08,1977.60998535156,1994.57995605469,1977.60998535156,1993.03002929688,1993.03002929688,218100
2014-04-09,1997.97998046875,2001.15002441406,1992.11999511719,1998.94995117188,1998.94995117188,233700
2014-04-10,2007.7099609375,2008.97998046875,1995.7900390625,2008.60998535156,2008.60998535156,232400
2014-04-11,1985.28002929688,1997.43994140625,1985.16003417969,1997.43994140625,1997.43994140625,218100
2014-04-14,1993.81005859375,2001,1993.06994628906,1997.02001953125,1997.02001953125,205700
2014-04-15,2008.48999023438,2009.0400390625,1990.33996582031,1992.27001953125,1992.27001953125,194500
2014-04-16,1994.31005859375,1995.85998535156,1986.25,1992.2099609375,1992.2099609375,230700
2014-04-17,2000.46997070312,2001.2900390625,1984.97998046875,1992.05004882812,1992.05004882812,200200
2014-04-18,1998.52001953125,2005.21997070312,1998.26000976562,2004.28002929688,2004.28002929688,206500
2014-04-21,2006.2099609375,2006.94995117188,1993.53002929688,1999.21997070312,1999.21997070312,205600
2014-04-22,2000.93994140625,2004.42004394531,1991.46997070312,2004.21997070312,2004.21997070312,212000
2014-04-23,2010.06005859375,2013.08996582031,1999.78002929688,2000.36999511719,2000.36999511719,241700
2014-04-24,2006.38000488281,2007.17004394531,1993.18005371094,1998.33996582031,1998.33996582031,235100
2014-04-25,1996.60998535156,1996.64001464844,1971.66003417969,1971.66003417969,1971.66003417969,208400
2014-04-28,1969.0400390625,1976.56005859375,1969.0400390625,1969.26000976562,1969.26000976562,168800
2014-04-29,1974.67004394531,1976.17004394531,1960.35998535156,1964.77001953125,1964.77001953125,177600
2014-04-30,1973.56005859375,1974.32995605469,1955.15002441406,1961.7900390625,1961.7900390625,227300
2014-05-02,1966.2900390625,1968.5,1956.31994628906,1959.43994140625,1959.43994140625,179500
2014-05-07,1964.18994140625,1964.18994140625,1939.55004882812,1939.88000488281,1939.88000488281,193000
2014-05-08,1945.93994140625,1950.59997558594,1934.71997070312,1950.59997558594,1950.59997558594,222400
2014-05-09,1953.47998046875,1958.33996582031,1949.64001464844,1956.55004882812,1956.55004882812,205200
2014-05-12,1956.26000976562,1966.64001464844,1950.91003417969,1964.93994140625,1964.93994140625,201600
2014-05-13,1973.07995605469,1988.41003417969,1969.59997558594,1982.93005371094,1982.93005371094,242200
2014-05-14,1990.98999023438,2010.84997558594,1990.7900390625,2010.82995605469,2010.82995605469,233900
2014-05-15,2007.88000488281,2015.36999511719,2006.38000488281,2010.19995117188,2010.19995117188,259400
2014-05-16,2003.47998046875,2013.43994140625,1997.27001953125,2013.43994140625,2013.43994140625,232500
2014-05-19,2013.7900390625,2015.53002929688,2002.89001464844,2015.14001464844,2015.14001464844,265600
2014-05-20,2011.84997558594,2014.4599609375,2004.31994628906,2011.26000976562,2011.26000976562,248300
2014-05-21,2003.47998046875,2015.63000488281,2001.73999023438,2008.32995605469,2008.32995605469,224100
2014-05-22,2015.41003417969,2022.58996582031,2011.59997558594,2015.58996582031,2015.58996582031,231100
2014-05-23,2013.08996582031,2017.9599609375,2011.76000976562,2017.17004394531,2017.17004394531,241800
2014-05-26,2016.2099609375,2020.9599609375,2008.14001464844,2010.34997558594,2010.34997558594,196600
2014-05-27,2014.86999511719,2016.72998046875,1988.43994140625,1997.63000488281,1997.63000488281,221800
2014-05-28,2000.26000976562,2017.06005859375,1997.89001464844,2017.06005859375,2017.06005859375,210700
2014-05-29,2020.67004394531,2021.9599609375,2009.22998046875,2012.26000976562,2012.26000976562,228500
2014-05-30,2015.36999511719,2019.17004394531,1994.9599609375,1994.9599609375,1994.9599609375,247300
2014-06-02,1998.81005859375,2006.93005371094,1995.68994140625,2002,2002,265600
2014-06-03,2006.31005859375,2008.56005859375,1990.71997070312,2008.56005859375,2008.56005859375,266700
2014-06-05,2007.19995117188,2007.19995117188,1986.94995117188,1995.47998046875,1995.47998046875,222100
2014-06-09,2004.72998046875,2008.85998535156,1986.53002929688,1990.0400390625,1990.0400390625,209600
2014-06-10,2000.89001464844,2011.86999511719,1996.2099609375,2011.80004882812,2011.80004882812,234900
2014-06-11,2009.51000976562,2016.78002929688,2006.72998046875,2014.67004394531,2014.67004394531,238000
2014-06-12,2013.59997558594,2015.80004882812,2003.56994628906,2011.65002441406,2011.65002441406,251900
2014-06-13,2005.55004882812,2005.55004882812,1984.0400390625,1990.84997558594,1990.84997558594,223100
2014-06-16,1986.85998535156,1995.85998535156,1985.30004882812,1993.58996582031,1993.58996582031,233600
2014-06-17,1994.89001464844,2002.9599609375,1991.53002929688,2001.55004882812,2001.55004882812,236600
2014-06-18,2002.26000976562,2002.26000976562,1987.03002929688,1989.48999023438,1989.48999023438,216900
2014-06-19,1994.22998046875,1999.10998535156,1985.89001464844,1992.03002929688,1992.03002929688,257900
2014-06-20,1990.7099609375,1990.72998046875,1965.11999511719,1968.06994628906,1968.06994628906,232700
2014-06-23,1975.09997558594,1980.31005859375,1971.60998535156,1974.92004394531,1974.92004394531,231700
2014-06-24,1976.23999023438,1998.31005859375,1976.23999023438,1994.34997558594,1994.34997558594,250600
2014-06-25,1992.68994140625,1993.59997558594,1980.78002929688,1981.77001953125,1981.77001953125,336700
2014-06-26,1983,1997.07995605469,1982.47998046875,1995.05004882812,1995.05004882812,273500
2014-06-27,1990.90002441406,1997.01000976562,1983.88000488281,1988.51000976562,1988.51000976562,218800
2014-06-30,1996.13000488281,2002.2099609375,1992.65002441406,2002.2099609375,2002.2099609375,201100
2014-07-01,1993.2900390625,1999,1987.89001464844,1999,1999,238900
2014-07-02,2008,2016.35998535156,2002.40002441406,2015.28002929688,2015.28002929688,318400
2014-07-03,2015.98999023438,2015.98999023438,2007.85998535156,2010.96997070312,2010.96997070312,259900
2014-07-04,2018.34997558594,2018.34997558594,2005.83996582031,2009.66003417969,2009.66003417969,241500
2014-07-07,2007.53002929688,2009.31994628906,1998.03002929688,2005.11999511719,2005.11999511719,228300
2014-07-08,2003.55004882812,2009.21997070312,1997.86999511719,2006.66003417969,2006.66003417969,259400
2014-07-09,1997.56994628906,2000.89001464844,1992.42004394531,2000.5,2000.5,272700
2014-07-10,2004.63000488281,2006.5,1999.9599609375,2002.83996582031,2002.83996582031,327600
2014-07-11,1988.93005371094,1993.4599609375,1985.53002929688,1988.73999023438,1988.73999023438,277000
2014-07-14,1998.26000976562,2001.10998535156,1993.56994628906,1993.88000488281,1993.88000488281,270400
2014-07-15,2004.93005371094,2015.5400390625,2004.48999023438,2012.71997070312,2012.71997070312,361200
2014-07-16,2015.67004394531,2018.05004882812,2008.98999023438,2013.47998046875,2013.47998046875,315200
2014-07-17,2020.52001953125,2025.41003417969,2018.77001953125,2020.90002441406,2020.90002441406,322700
2014-07-18,2007.11999511719,2019.42004394531,2006.01000976562,2019.42004394531,2019.42004394531,304500
2014-07-21,2028.02001953125,2030.60998535156,2016.42004394531,2018.5,2018.5,274600
2014-07-22,2021.18005371094,2028.93005371094,2017.76000976562,2028.93005371094,2028.93005371094,265900
2014-07-23,2032.72998046875,2035.23999023438,2025,2028.31994628906,2028.31994628906,353500
2014-07-24,2032.93994140625,2034.71997070312,2021.21997070312,2026.61999511719,2026.61999511719,323600
2014-07-25,2030.0400390625,2036.19995117188,2027.32995605469,2033.84997558594,2033.84997558594,282800
2014-07-28,2035.9599609375,2053.84008789062,2035.9599609375,2048.81005859375,2048.81005859375,349000
2014-07-29,2054.03002929688,2065.9599609375,2053.40991210938,2061.96997070312,2061.96997070312,408800
2014-07-30,2064.46997070312,2093.080078125,2062.8798828125,2082.61010742188,2082.61010742188,343300
2014-07-31,2081.75,2090.57006835938,2070.78002929688,2076.1201171875,2076.1201171875,383700
2014-08-01,2063.7099609375,2079.81005859375,2062.5400390625,2073.10009765625,2073.10009765625,272000
2014-08-04,2080.77001953125,2083.05004882812,2067.169921875,2080.419921875,2080.419921875,253200
2014-08-05,2076.169921875,2077.72998046875,2058.919921875,2066.26000976562,2066.26000976562,346800
2014-08-06,2062.92993164062,2068.080078125,2055.67993164062,2060.72998046875,2060.72998046875,377300
2014-08-07,2062.23999023438,2063.53002929688,2047.75,2054.51000976562,2054.51000976562,292900
2014-08-08,2049.51000976562,2051.06005859375,2026.56005859375,2031.09997558594,2031.09997558594,354800
2014-08-11,2048.17993164062,2048.17993164062,2037.80004882812,2039.36999511719,2039.36999511719,285800
2014-08-12,2048.38989257812,2055.85009765625,2038.14001464844,2041.46997070312,2041.46997070312,312800
2014-08-13,2046.68005371094,2062.36010742188,2043.10998535156,2062.36010742188,2062.36010742188,280700
2014-08-14,2065.68994140625,2073.419921875,2056.06005859375,2063.21997070312,2063.21997070312,270800
2014-08-18,2070.94995117188,2073.05004882812,2053.1298828125,2053.1298828125,2053.1298828125,300400
2014-08-19,2065.18994140625,2074.42993164062,2064.34008789062,2071.13989257812,2071.13989257812,327100
2014-08-20,2080.77001953125,2082.2099609375,2063.61010742188,2072.78002929688,2072.78002929688,315400
2014-08-21,2067.6298828125,2068.21997070312,2041.91003417969,2044.2099609375,2044.2099609375,307800
2014-08-22,2048.23999023438,2058.4599609375,2046.5400390625,2056.69995117188,2056.69995117188,277900
2014-08-25,2049.15991210938,2062.22998046875,2044.19995117188,2060.88989257812,2060.88989257812,272000
2014-08-26,2069.07006835938,2072.419921875,2065.14990234375,2068.05004882812,2068.05004882812,288900
2014-08-27,2075.44995117188,2081.830078125,2070.77001953125,2074.92993164062,2074.92993164062,337600
2014-08-28,2083.03002929688,2088.86010742188,2072.13989257812,2075.76000976562,2075.76000976562,305900
2014-08-29,2070.72998046875,2073.03002929688,2060.13989257812,2068.5400390625,2068.5400390625,301400
2014-09-01,2067.80004882812,2072.59008789062,2062.30004882812,2067.86010742188,2067.86010742188,272500
2014-09-02,2065.96997070312,2066,2049.14990234375,2051.580078125,2051.580078125,323100
2014-09-03,2050.09008789062,2054.080078125,2040.43994140625,2051.19995117188,2051.19995117188,338000
2014-09-04,2059.05004882812,2065.27001953125,2050.7900390625,2056.26000976562,2056.26000976562,376400
2014-09-05,2053.17993164062,2059.0400390625,2044.68005371094,2049.40991210938,2049.40991210938,343400
2014-09-11,2046.96997070312,2052.15991210938,2034.13000488281,2034.16003417969,2034.16003417969,333400
2014-09-12,2042.51000976562,2048.2099609375,2037.36999511719,2041.85998535156,2041.85998535156,362700
2014-09-15,2039.03002929688,2040.07995605469,2028.80004882812,2035.81994628906,2035.81994628906,297600
2014-09-16,2039.92004394531,2045.65002441406,2036.22998046875,2042.92004394531,2042.92004394531,365700
2014-09-17,2052.06005859375,2062.6201171875,2051.11010742188,2062.61010742188,2062.61010742188,351700
2014-09-18,2058.2099609375,2063.26000976562,2044.17004394531,2047.73999023438,2047.73999023438,394300
2014-09-19,2057.56005859375,2062.3701171875,2053.65991210938,2053.82006835938,2053.82006835938,397700
2014-09-22,2053.30004882812,2053.30004882812,2032.35998535156,2039.27001953125,2039.27001953125,323900
2014-09-23,2028.90002441406,2036.25,2025.16003417969,2028.91003417969,2028.91003417969,427800
2014-09-24,2024.75,2036.26000976562,2019.91003417969,2035.64001464844,2035.64001464844,332600
2014-09-25,2045.66003417969,2046.26000976562,2030.08996582031,2034.10998535156,2034.10998535156,325400
2014-09-26,2019.17004394531,2031.65002441406,2018.69995117188,2031.64001464844,2031.64001464844,313500
2014-09-29,2035.93005371094,2036.43994140625,2021.36999511719,2026.59997558594,2026.59997558594,339600
2014-09-30,2023.18005371094,2029.17004394531,2007.30004882812,2020.08996582031,2020.08996582031,322800
2014-10-01,2013.46997070312,2013.46997070312,1989.83996582031,1991.5400390625,1991.5400390625,351600
2014-10-02,1984.43005371094,1985.06005859375,1966.17004394531,1976.16003417969,1976.16003417969,322700
2014-10-06,1987.89001464844,1988.39001464844,1968.30004882812,1968.39001464844,1968.39001464844,325100
2014-10-07,1979.82995605469,1982.9599609375,1966.21997070312,1972.91003417969,1972.91003417969,328200
2014-10-08,1957.90002441406,1974.27001953125,1957.90002441406,1965.25,1965.25,266200
2014-10-10,1953.97998046875,1953.97998046875,1931.88000488281,1940.92004394531,1940.92004394531,342800
2014-10-13,1919.47998046875,1932.36999511719,1918.47998046875,1927.2099609375,1927.2099609375,308900
2014-10-14,1933.44995117188,1940.2099609375,1926.86999511719,1929.25,1929.25,335500
2014-10-15,1932.10998535156,1938.84997558594,1918.77001953125,1925.91003417969,1925.91003417969,310300
2014-10-16,1911.44995117188,1922.93994140625,1904.77001953125,1918.82995605469,1918.82995605469,313600
2014-10-17,1923.51000976562,1923.51000976562,1896.5400390625,1900.66003417969,1900.66003417969,362100
2014-10-20,1918.83996582031,1933.11999511719,1917.5400390625,1930.06005859375,1930.06005859375,344700
2014-10-21,1923.61999511719,1923.61999511719,1911.03002929688,1915.28002929688,1915.28002929688,405900
2014-10-22,1936.91003417969,1936.98999023438,1924.2099609375,1936.96997070312,1936.96997070312,399100
2014-10-23,1932.43005371094,1944.44995117188,1924.14001464844,1931.65002441406,1931.65002441406,372800
2014-10-24,1942.4599609375,1942.71997070312,1916.83996582031,1925.68994140625,1925.68994140625,419400
2014-10-27,1933.91003417969,1939.25,1929.26000976562,1931.96997070312,1931.96997070312,408800
2014-10-28,1935.4599609375,1936.28002929688,1924.36999511719,1925.68005371094,1925.68005371094,414600
2014-10-29,1938.80004882812,1961.48999023438,1931.58996582031,1961.17004394531,1961.17004394531,396600
2014-10-30,1956.92004394531,1959.48999023438,1944.23999023438,1958.93005371094,1958.93005371094,311000
2014-10-31,1963.26000976562,1967.07995605469,1951.06994628906,1964.43005371094,1964.43005371094,349400
2014-11-03,1959.66003417969,1961.0400390625,1947.82995605469,1952.96997070312,1952.96997070312,344500
2014-11-04,1950.15002441406,1956.72998046875,1928.52001953125,1935.18994140625,1935.18994140625,391700
2014-11-05,1938.60998535156,1944.5,1928.98999023438,1931.43005371094,1931.43005371094,332300
2014-11-06,1933.44995117188,1939.31994628906,1923.05004882812,1936.47998046875,1936.47998046875,360600
2014-11-07,1935.75,1943.26000976562,1932.17004394531,1939.86999511719,1939.86999511719,255400
2014-11-10,1952.7900390625,1965.34997558594,1952.7900390625,1958.22998046875,1958.22998046875,313300
2014-11-11,1957.86999511719,1965.41003417969,1956.22998046875,1963,1963,311400
2014-11-12,1965.2099609375,1974.68994140625,1961.66003417969,1967.27001953125,1967.27001953125,348500
2014-11-13,1970.64001464844,1973.32995605469,1954.88000488281,1960.51000976562,1960.51000976562,332600
2014-11-14,1959.64001464844,1959.64001464844,1940.48999023438,1945.14001464844,1945.14001464844,314800
2014-11-17,1941.82995605469,1948.32995605469,1935.94995117188,1943.63000488281,1943.63000488281,277500
2014-11-18,1951.93005371094,1967.01000976562,1951.93005371094,1967.01000976562,1967.01000976562,251300
2014-11-19,1974.41003417969,1974.41003417969,1959.2099609375,1966.86999511719,1966.86999511719,279600
2014-11-20,1960.71997070312,1962.68994140625,1952.43994140625,1958.0400390625,1958.0400390625,339200
2014-11-21,1966.89001464844,1969.43005371094,1959.81005859375,1964.83996582031,1964.83996582031,345900
2014-11-24,1982.47998046875,1985.18005371094,1974.36999511719,1978.5400390625,1978.5400390625,325400
2014-11-25,1981.52001953125,1981.84997558594,1973.80004882812,1980.2099609375,1980.2099609375,283200
2014-11-26,1984.82995605469,1985.43005371094,1972.94995117188,1980.83996582031,1980.83996582031,253300
2014-11-27,1993.65002441406,1994.81994628906,1982.07995605469,1982.08996582031,1982.08996582031,295500
2014-11-28,1983.21997070312,1984.72998046875,1975.66003417969,1980.78002929688,1980.78002929688,340700
2014-12-01,1971.94995117188,1971.96997070312,1962.15002441406,1965.21997070312,1965.21997070312,334000
2014-12-02,1959.40002441406,1965.82995605469,1954.40002441406,1965.82995605469,1965.82995605469,317900
2014-12-03,1969.56994628906,1973.9599609375,1964.77001953125,1969.91003417969,1969.91003417969,271100
2014-12-04,1976.30004882812,1988.56005859375,1976.09997558594,1986.60998535156,1986.60998535156,244400
2014-12-05,1986.59997558594,1989.17004394531,1983.35998535156,1986.61999511719,1986.61999511719,305500
2014-12-08,1988.80004882812,1990.0400390625,1976.89001464844,1978.94995117188,1978.94995117188,295100
2014-12-09,1977.05004882812,1977.15002441406,1968.84997558594,1970.94995117188,1970.94995117188,541200
2014-12-10,1964.0400390625,1966.10998535156,1943.27001953125,1945.56005859375,1945.56005859375,367900
2014-12-11,1930.4599609375,1937.22998046875,1916.48999023438,1916.58996582031,1916.58996582031,343600
2014-12-12,1921.60998535156,1926.67004394531,1915,1921.7099609375,1921.7099609375,363500
2014-12-15,1903.11999511719,1920.43005371094,1899.60998535156,1920.35998535156,1920.35998535156,294400
2014-12-16,1909.01000976562,1919.59997558594,1901.13000488281,1904.13000488281,1904.13000488281,369400
2014-12-17,1913.28002929688,1913.28002929688,1900.16003417969,1900.16003417969,1900.16003417969,307300
2014-12-18,1917.67004394531,1919.23999023438,1881.72998046875,1897.5,1897.5,337300
2014-12-19,1920.75,1930.07995605469,1914.27001953125,1929.97998046875,1929.97998046875,291800
2014-12-22,1938.16003417969,1944.19995117188,1928.89001464844,1943.11999511719,1943.11999511719,324500
2014-12-23,1942.11999511719,1944.75,1936.75,1939.02001953125,1939.02001953125,300800
2014-12-24,1940.76000976562,1947.34997558594,1936.73999023438,1946.60998535156,1946.60998535156,283900
2014-12-26,1947.59997558594,1954.77001953125,1944.21997070312,1948.16003417969,1948.16003417969,297000
2014-12-29,1937.27001953125,1941.32995605469,1927.82995605469,1927.85998535156,1927.85998535156,265800
2014-12-30,1934.51000976562,1937.55004882812,1910.78002929688,1915.58996582031,1915.58996582031,256400
2015-01-02,1914.23999023438,1929.15002441406,1909.67004394531,1926.43994140625,1926.43994140625,258800
2015-01-05,1921.9599609375,1921.9599609375,1903.36999511719,1915.75,1915.75,313400
2015-01-06,1895.47998046875,1900.02001953125,1877.38000488281,1882.44995117188,1882.44995117188,303700
2015-01-07,1878.90002441406,1887.59997558594,1876.27001953125,1883.82995605469,1883.82995605469,280500
2015-01-08,1895.84997558594,1907.22998046875,1891.77001953125,1904.65002441406,1904.65002441406,262200
2015-01-09,1919.80004882812,1929.09997558594,1915.84997558594,1924.69995117188,1924.69995117188,308800
2015-01-12,1918.18005371094,1924.66003417969,1917.88000488281,1920.94995117188,1920.94995117188,311900
2015-01-13,1915.03002929688,1920.77001953125,1910.27001953125,1917.14001464844,1917.14001464844,339000
2015-01-14,1919.31005859375,1925.68005371094,1913.51000976562,1913.66003417969,1913.66003417969,297500
2015-01-15,1914.06005859375,1919.68994140625,1908.59997558594,1914.14001464844,1914.14001464844,266500
2015-01-16,1907.06994628906,1907.06994628906,1885.61999511719,1888.13000488281,1888.13000488281,298700
2015-01-19,1902.81005859375,1912.42004394531,1900.26000976562,1902.61999511719,1902.61999511719,281100
2015-01-20,1908.61999511719,1918.84997558594,1907.96997070312,1918.31005859375,1918.31005859375,280900
2015-01-21,1917.32995605469,1921.88000488281,1909.85998535156,1921.22998046875,1921.22998046875,300800
2015-01-22,1926.01000976562,1932.5,1916.56005859375,1920.81994628906,1920.81994628906,343100
2015-01-23,1945.35998535156,1945.35998535156,1930.65002441406,1936.08996582031,1936.08996582031,367700
2015-01-26,1928.26000976562,1936.40002441406,1924.14001464844,1935.68005371094,1935.68005371094,330600
2015-01-27,1941.90002441406,1952.41003417969,1940.71997070312,1952.40002441406,1952.40002441406,467000
2015-01-28,1946.7099609375,1963.53002929688,1943.58996582031,1961.57995605469,1961.57995605469,400900
2015-01-29,1950.82995605469,1960.11999511719,1946.19995117188,1951.02001953125,1951.02001953125,391000
2015-01-30,1964.13000488281,1964.13000488281,1948.59997558594,1949.26000976562,1949.26000976562,441500
2015-02-02,1947.91003417969,1956.09997558594,1944.57995605469,1952.68005371094,1952.68005371094,364800
2015-02-03,1960.10998535156,1960.34997558594,1940.73999023438,1951.9599609375,1951.9599609375,370000
2015-02-04,1963.36999511719,1970.27001953125,1961.56994628906,1962.7900390625,1962.7900390625,348000
2015-02-05,1961.15002441406,1962.15002441406,1945.42004394531,1952.83996582031,1952.83996582031,395700
2015-02-06,1955.13000488281,1955.52001953125,1945.81994628906,1955.52001953125,1955.52001953125,309800
2015-02-09,1949.5,1952.85998535156,1944.7900390625,1947,1947,310200
2015-02-10,1949.30004882812,1954.19995117188,1935.85998535156,1935.85998535156,1935.85998535156,329200
2015-02-11,1942.33996582031,1948.89001464844,1937.94995117188,1945.69995117188,1945.69995117188,307500
2015-02-12,1947.2099609375,1947.46997070312,1932.75,1941.63000488281,1941.63000488281,334800
2015-02-13,1949.31994628906,1957.5,1946.93994140625,1957.5,1957.5,351100
2015-02-16,1960.03002929688,1963.43994140625,1955.39001464844,1958.22998046875,1958.22998046875,350900
2015-02-17,1955.77001953125,1962.96997070312,1952.32995605469,1961.44995117188,1961.44995117188,304500
2015-02-23,1974.43994140625,1976.9599609375,1966.77001953125,1968.39001464844,1968.39001464844,347600
2015-02-24,1975.65002441406,1980.38000488281,1972.60998535156,1976.11999511719,1976.11999511719,309500
2015-02-25,1988.46997070312,1992.03002929688,1984.53002929688,1990.46997070312,1990.46997070312,369500
2015-02-26,1993.27001953125,1993.43005371094,1983.93994140625,1993.07995605469,1993.07995605469,385700
2015-02-27,1992.76000976562,1993.33996582031,1982.5,1985.80004882812,1985.80004882812,424500
2015-03-02,1996.71997070312,1999.13000488281,1988.32995605469,1996.81005859375,1996.81005859375,373400
2015-03-03,2002.5,2003.05004882812,1995.93005371094,2001.38000488281,2001.38000488281,444900
2015-03-04,2001.76000976562,2003.84997558594,1996.5,1998.2900390625,1998.2900390625,374500
2015-03-05,1996.81005859375,2002.47998046875,1993.92004394531,1998.38000488281,1998.38000488281,373700
2015-03-06,2003.96997070312,2013.72998046875,2003.18005371094,2012.93994140625,2012.93994140625,393300
2015-03-09,2004.93994140625,2005.81005859375,1990.86999511719,1992.81994628906,1992.81994628906,296700
2015-03-10,2000.66003417969,2003.18994140625,1982.21997070312,1984.77001953125,1984.77001953125,433400
2015-03-11,1971.0400390625,1984.59997558594,1969.13000488281,1980.82995605469,1980.82995605469,399500
2015-03-12,1979.21997070312,1988.77001953125,1970.58996582031,1970.58996582031,1970.58996582031,384000
2015-03-13,1987.17004394531,1991.86999511719,1982.9599609375,1985.7900390625,1985.7900390625,326700
2015-03-16,1985.58996582031,1991.7900390625,1982.26000976562,1987.32995605469,1987.32995605469,319200
2015-03-17,1998.26000976562,2029.91003417969,1997.27001953125,2029.91003417969,2029.91003417969,356600
2015-03-18,2032.18994140625,2036.13000488281,2026.71997070312,2028.44995117188,2028.44995117188,362000
2015-03-19,2047.13000488281,2047.13000488281,2031.06994628906,2037.89001464844,2037.89001464844,468300
2015-03-20,2037.13000488281,2040,2027.81005859375,2037.23999023438,2037.23999023438,351700
2015-03-23,2043.21997070312,2043.92004394531,2032.34997558594,2036.58996582031,2036.58996582031,314900
2015-03-24,2035.07995605469,2041.77001953125,2028.5400390625,2041.36999511719,2041.36999511719,328800
2015-03-25,2043.16003417969,2046.96997070312,2038.14001464844,2042.81005859375,2042.81005859375,423400
2015-03-26,2027.19995117188,2036.69995117188,2019.51000976562,2022.56005859375,2022.56005859375,342300
2015-03-27,2026.75,2027.25,2016.88000488281,2019.80004882812,2019.80004882812,449000
2015-03-30,2026.59997558594,2033.27001953125,2018.11999511719,2030.0400390625,2030.0400390625,439600
2015-03-31,2042.31005859375,2046.90002441406,2032.23999023438,2041.03002929688,2041.03002929688,555900
2015-04-01,2035.40002441406,2039.0400390625,2024.64001464844,2028.44995117188,2028.44995117188,542800
2015-04-02,2036.90002441406,2040.44995117188,2028.21997070312,2029.06994628906,2029.06994628906,655900
2015-04-03,2035.82995605469,2045.93994140625,2031.27001953125,2045.42004394531,2045.42004394531,498600
2015-04-06,2049.8701171875,2055.44995117188,2043.26000976562,2046.43005371094,2046.43005371094,460500
2015-04-07,2059.05004882812,2059.09008789062,2043.7900390625,2047.03002929688,2047.03002929688,436200
2015-04-08,2048.75,2060.18994140625,2046.08996582031,2059.26000976562,2059.26000976562,552700
2015-04-09,2060.30004882812,2064.4599609375,2054.169921875,2058.8701171875,2058.8701171875,529900
2015-04-10,2066.32006835938,2089.09008789062,2065.38989257812,2087.76000976562,2087.76000976562,658400
2015-04-13,2094.10009765625,2099.96997070312,2088.82006835938,2098.919921875,2098.919921875,561800
2015-04-14,2101.76000976562,2111.72998046875,2095.96997070312,2111.71997070312,2111.71997070312,648800
2015-04-15,2114.56005859375,2122.71997070312,2110.25,2119.9599609375,2119.9599609375,451400
2015-04-16,2134.13989257812,2139.89990234375,2125.5400390625,2139.89990234375,2139.89990234375,476400
2015-04-17,2142.71997070312,2144.76000976562,2134.10009765625,2143.5,2143.5,464600
2015-04-20,2126.55004882812,2146.72998046875,2126.55004882812,2146.7099609375,2146.7099609375,509000
2015-04-21,2153.419921875,2153.84008789062,2140.1201171875,2144.7900390625,2144.7900390625,561800
2015-04-22,2146.59008789062,2161.22998046875,2125.8798828125,2143.88989257812,2143.88989257812,769400
2015-04-23,2156.93994140625,2174.71997070312,2139.330078125,2173.40991210938,2173.40991210938,521600
2015-04-24,2181.23999023438,2189.5400390625,2154.27001953125,2159.80004882812,2159.80004882812,508400
2015-04-27,2169.13989257812,2169.13989257812,2152.09008789062,2157.5400390625,2157.5400390625,392300
2015-04-28,2162.5,2164.52001953125,2144.85009765625,2147.669921875,2147.669921875,415100
2015-04-29,2155.01000976562,2156.23999023438,2126.36010742188,2142.6298828125,2142.6298828125,458100
2015-04-30,2134.93994140625,2136.89990234375,2121.2900390625,2127.169921875,2127.169921875,509100
2015-05-04,2134.51000976562,2139.30004882812,2128.71997070312,2132.22998046875,2132.22998046875,355600
2015-05-06,2122.03002929688,2123.21997070312,2095.60009765625,2104.580078125,2104.580078125,428100
2015-05-07,2098.47998046875,2099.43994140625,2067.98999023438,2091,2091,423200
2015-05-08,2090.18994140625,2094.06005859375,2082.71997070312,2085.52001953125,2085.52001953125,309500
2015-05-11,2106.1201171875,2110.7900390625,2097.3798828125,2097.3798828125,2097.3798828125,329700
2015-05-12,2100.6298828125,2101.71997070312,2088.63989257812,2096.77001953125,2096.77001953125,391900
2015-05-13,2100.10009765625,2115.36010742188,2100.080078125,2114.15991210938,2114.15991210938,377000
2015-05-14,2115.59008789062,2121.67993164062,2111.71997070312,2120.330078125,2120.330078125,430800
2015-05-15,2132.53002929688,2134.36010742188,2104.77001953125,2106.5,2106.5,491700
2015-05-18,2108.14990234375,2113.71997070312,2099.47998046875,2113.71997070312,2113.71997070312,445200
2015-05-19,2114.2900390625,2126.88989257812,2107.6201171875,2120.85009765625,2120.85009765625,418500
2015-05-20,2128.01000976562,2140.23999023438,2125.48999023438,2139.5400390625,2139.5400390625,452100
2015-05-21,2139.67993164062,2140.60009765625,2121.48999023438,2122.81005859375,2122.81005859375,398100
2015-05-22,2131.11010742188,2146.10009765625,2126.8798828125,2146.10009765625,2146.10009765625,444600
2015-05-26,2146.46997070312,2148.69995117188,2130.30004882812,2143.5,2143.5,381400
2015-05-27,2133.48999023438,2134.94995117188,2103.63989257812,2107.5,2107.5,439000
2015-05-28,2117.77001953125,2123.52001953125,2110.88989257812,2110.88989257812,2110.88989257812,416100
2015-05-29,2109.3798828125,2123.38989257812,2106.69995117188,2114.80004882812,2114.80004882812,456100
2015-06-01,2110.1201171875,2110.8798828125,2086,2102.3701171875,2102.3701171875,426900
2015-06-02,2102.6201171875,2107.169921875,2076.15991210938,2078.63989257812,2078.63989257812,520100
2015-06-03,2078.51000976562,2087.94995117188,2059.34008789062,2063.15991210938,2063.15991210938,541200
2015-06-04,2070.48999023438,2082.60009765625,2062.75,2072.86010742188,2072.86010742188,400400
2015-06-05,2062.21997070312,2075.02001953125,2060.90991210938,2068.10009765625,2068.10009765625,394300
2015-06-08,2068.51000976562,2068.51000976562,2056.5,2065.18994140625,2065.18994140625,393600
2015-06-09,2063.39990234375,2073.75,2057.2099609375,2064.03002929688,2064.03002929688,421900
2015-06-10,2079.1298828125,2080.03002929688,2049.1298828125,2051.32006835938,2051.32006835938,427400
2015-06-11,2065.07006835938,2065.07006835938,2051.10009765625,2056.61010742188,2056.61010742188,457000
2015-06-12,2068.44995117188,2074.78002929688,2044.86999511719,2052.169921875,2052.169921875,388300
2015-06-15,2041.06994628906,2049.67993164062,2033.71997070312,2042.31994628906,2042.31994628906,313900
2015-06-16,2045.01000976562,2045.77001953125,2008.4599609375,2028.71997070312,2028.71997070312,381400
2015-06-17,2035.47998046875,2037.11999511719,2021.5,2034.85998535156,2034.85998535156,354700
2015-06-18,2046.18994140625,2052,2036.78002929688,2041.88000488281,2041.88000488281,391000
2015-06-19,2056.5400390625,2057.7099609375,2044.7099609375,2046.9599609375,2046.9599609375,400300
2015-06-22,2059.60009765625,2068.07006835938,2050.30004882812,2055.15991210938,2055.15991210938,267000
2015-06-23,2071.30004882812,2086.09008789062,2066.2099609375,2081.19995117188,2081.19995117188,329800
2015-06-24,2086.68994140625,2087.67993164062,2076.78002929688,2085.53002929688,2085.53002929688,400800
2015-06-25,2077.84008789062,2088.15991210938,2073.94995117188,2085.06005859375,2085.06005859375,575900
2015-06-26,2083.39990234375,2097.01000976562,2080.7900390625,2090.26000976562,2090.26000976562,492800
2015-06-29,2056.43994140625,2068.85009765625,2054.330078125,2060.48999023438,2060.48999023438,503800
2015-06-30,2054.830078125,2075.02001953125,2049.43994140625,2074.19995117188,2074.19995117188,392400
2015-07-01,2077.27001953125,2100.34008789062,2072.5400390625,2097.88989257812,2097.88989257812,471600
2015-07-02,2107.11010742188,2110.81005859375,2098.76000976562,2107.330078125,2107.330078125,565300
2015-07-03,2107.51000976562,2109.67993164062,2094.02001953125,2104.40991210938,2104.40991210938,419500
2015-07-06,2076.06005859375,2089.86010742188,2052.22998046875,2053.92993164062,2053.92993164062,474000
2015-07-07,2067.0400390625,2067.92993164062,2028.97998046875,2040.2900390625,2040.2900390625,502800
2015-07-08,2045.88000488281,2046.32995605469,2010.82995605469,2016.2099609375,2016.2099609375,453100
2015-07-09,2000.18994140625,2027.81005859375,1983.78002929688,2027.81005859375,2027.81005859375,408500
2015-07-10,2036.89001464844,2037.83996582031,2024.76000976562,2031.17004394531,2031.17004394531,381300
2015-07-13,2033.25,2063.28002929688,2030.2099609375,2061.52001953125,2061.52001953125,426300
2015-07-14,2070.43994140625,2070.43994140625,2052.2099609375,2059.22998046875,2059.22998046875,503100
2015-07-15,2068.3798828125,2079.89990234375,2060.65991210938,2072.90991210938,2072.90991210938,619100
2015-07-16,2073.2900390625,2088.330078125,2071.02001953125,2087.88989257812,2087.88989257812,697900
2015-07-17,2101.21997070312,2101.21997070312,2068.36010742188,2076.7900390625,2076.7900390625,819200
2015-07-20,2077.09008789062,2081.42993164062,2068.18994140625,2073.31005859375,2073.31005859375,870700
2015-07-21,2082.17993164062,2088.23999023438,2069.2099609375,2083.6201171875,2083.6201171875,727400
2015-07-22,2071.06005859375,2075.93994140625,2059.44995117188,2064.72998046875,2064.72998046875,1160800
2015-07-23,2068.92993164062,2069.19995117188,2053.52001953125,2065.07006835938,2065.07006835938,739800
2015-07-24,2060.65991210938,2060.65991210938,2040.30004882812,2045.9599609375,2045.9599609375,611900
2015-07-27,2034.81994628906,2048.14990234375,2032.43994140625,2038.81005859375,2038.81005859375,543200
2015-07-28,2026.32995605469,2045.55004882812,2015.91003417969,2039.09997558594,2039.09997558594,498500
2015-07-29,2053.6201171875,2055.94995117188,2037.61999511719,2037.61999511719,2037.61999511719,520600
2015-07-30,2040.23999023438,2044.93005371094,2019.03002929688,2019.03002929688,2019.03002929688,509300
2015-07-31,2026.97998046875,2030.16003417969,2004.69995117188,2030.16003417969,2030.16003417969,448200
2015-08-03,2026.25,2026.25,2005.2099609375,2008.48999023438,2008.48999023438,358700
2015-08-04,2007.75,2027.98999023438,2007.66003417969,2027.98999023438,2027.98999023438,388800
2015-08-05,2027.21997070312,2035.25,2022.97998046875,2029.76000976562,2029.76000976562,319200
2015-08-06,2037.26000976562,2038.41003417969,2011.59997558594,2013.2900390625,2013.2900390625,340500
2015-08-07,2009.39001464844,2012.90002441406,2001.13000488281,2010.22998046875,2010.22998046875,334600
2015-08-10,2008.43994140625,2008.55004882812,1993.9599609375,2003.17004394531,2003.17004394531,308300
2015-08-11,2020.15002441406,2021.81005859375,1986.4599609375,1986.65002441406,1986.65002441406,366400
2015-08-12,1980.0400390625,1989.09997558594,1948.91003417969,1975.46997070312,1975.46997070312,524300
2015-08-13,1975.46997070312,1990.69995117188,1966.02001953125,1983.4599609375,1983.4599609375,376600
2015-08-14,NA,NA,NA,NA,NA,NA
2015-08-17,1991.05004882812,1991.05004882812,1968.43994140625,1968.52001953125,1968.52001953125,561600
2015-08-18,1977.60998535156,1979.32995605469,1954.34997558594,1956.26000976562,1956.26000976562,472800
2015-08-19,1954.56005859375,1959.51000976562,1915.91003417969,1939.38000488281,1939.38000488281,506800
2015-08-20,1929.43005371094,1933.7900390625,1912.55004882812,1914.55004882812,1914.55004882812,397500
2015-08-21,1862.7900390625,1886.48999023438,1856.91003417969,1876.06994628906,1876.06994628906,512300
2015-08-24,1860.03002929688,1872.85998535156,1800.75,1829.81005859375,1829.81005859375,415200
2015-08-25,1840.93994140625,1864.30004882812,1806.7900390625,1846.63000488281,1846.63000488281,451600
2015-08-26,1843.69995117188,1895.44995117188,1835.57995605469,1894.08996582031,1894.08996582031,453400
2015-08-27,1912.42004394531,1920.39001464844,1898.97998046875,1908,1908,482700
2015-08-28,1932.39001464844,1938.60998535156,1927.39001464844,1937.67004394531,1937.67004394531,446800
2015-08-31,1934.11999511719,1941.48999023438,1925.52001953125,1941.48999023438,1941.48999023438,350900
2015-09-01,1934.43994140625,1939.67004394531,1914.21997070312,1914.22998046875,1914.22998046875,324500
2015-09-02,1886.14001464844,1920.61999511719,1883.5,1915.21997070312,1915.21997070312,342000
2015-09-03,1929.78002929688,1931.18994140625,1911.17004394531,1915.53002929688,1915.53002929688,297300
2015-09-04,1921.81005859375,1923.06005859375,1879.93994140625,1886.0400390625,1886.0400390625,361100
2015-09-07,1883.35998535156,1895.98999023438,1870.58996582031,1883.21997070312,1883.21997070312,288200
2015-09-08,1889.14001464844,1894.56005859375,1868.47998046875,1878.68005371094,1878.68005371094,391900
2015-09-09,1903.28002929688,1934.19995117188,1902.93005371094,1934.19995117188,1934.19995117188,516200
2015-09-10,1918.42004394531,1962.10998535156,1915.43994140625,1962.10998535156,1962.10998535156,460300
2015-09-11,1942.88000488281,1951.26000976562,1939.72998046875,1941.36999511719,1941.36999511719,503000
2015-09-14,1947.65002441406,1948.02001953125,1921.44995117188,1931.4599609375,1931.4599609375,362900
2015-09-15,1930.43994140625,1938.90002441406,1927.61999511719,1937.56005859375,1937.56005859375,390800
2015-09-16,1949.48999023438,1978.68005371094,1949.15002441406,1975.44995117188,1975.44995117188,584800
2015-09-17,1989.06994628906,1989.06994628906,1972.93005371094,1976.48999023438,1976.48999023438,510200
2015-09-18,1978.39001464844,1996.46997070312,1964.11999511719,1995.94995117188,1995.94995117188,523800
2015-09-21,1973.23999023438,1980.80004882812,1960.10998535156,1964.68005371094,1964.68005371094,376400
2015-09-22,1973.5400390625,1983.98999023438,1966.05004882812,1982.06005859375,1982.06005859375,696400
2015-09-23,1960.32995605469,1968.16003417969,1944.51000976562,1944.64001464844,1944.64001464844,857000
2015-09-24,1956.93994140625,1958.72998046875,1944.31005859375,1947.09997558594,1947.09997558594,921300
2015-09-25,1948.30004882812,1951.93994140625,1932.48999023438,1942.84997558594,1942.84997558594,796600
2015-09-30,1915.4599609375,1962.83996582031,1915.0400390625,1962.81005859375,1962.81005859375,547000
2015-10-01,1963.55004882812,1986.01000976562,1958.63000488281,1979.31994628906,1979.31994628906,679000
2015-10-02,1979.41003417969,1985.56994628906,1969.68005371094,1969.68005371094,1969.68005371094,1031000
2015-10-05,1981.59997558594,1994.65002441406,1975.55004882812,1978.25,1978.25,545600
2015-10-06,1996.2900390625,1998.02001953125,1985.17004394531,1990.65002441406,1990.65002441406,661600
2015-10-07,1995.86999511719,2006.23999023438,1994.55004882812,2005.83996582031,2005.83996582031,761700
2015-10-08,2016.35998535156,2020.18994140625,1998.66003417969,2019.53002929688,2019.53002929688,701000
2015-10-12,2022.32995605469,2030.92004394531,2015.43005371094,2021.63000488281,2021.63000488281,635100
2015-10-13,2021.19995117188,2024.5,2010.16003417969,2019.05004882812,2019.05004882812,605000
2015-10-14,2014.46997070312,2016.14001464844,2002.63000488281,2009.55004882812,2009.55004882812,644800
2015-10-15,2008.2900390625,2035.80004882812,2007.4599609375,2033.27001953125,2033.27001953125,498900
2015-10-16,2037.97998046875,2038.06005859375,2025.18994140625,2030.26000976562,2030.26000976562,550800
2015-10-19,2032.35998535156,2036.30004882812,2022.25,2030.27001953125,2030.27001953125,726800
2015-10-20,2031.5,2040.23999023438,2026.67004394531,2039.35998535156,2039.35998535156,958100
2015-10-21,2039.25,2053.94995117188,2035.58996582031,2042.97998046875,2042.97998046875,668900
2015-10-22,2040.43005371094,2042.56994628906,2019.53002929688,2023,2023,695800
2015-10-23,2043.67004394531,2054.82006835938,2036.92004394531,2040.40002441406,2040.40002441406,649000
2015-10-26,2049.40991210938,2049.60009765625,2039.96997070312,2048.080078125,2048.080078125,460000
2015-10-27,2043.52001953125,2045.81005859375,2036.21997070312,2044.65002441406,2044.65002441406,449200
2015-10-28,2045.67004394531,2045.67004394531,2032.39001464844,2042.51000976562,2042.51000976562,402200
2015-10-29,2050.96997070312,2064.71997070312,2032.56005859375,2034.16003417969,2034.16003417969,481300
2015-10-30,2034.78002929688,2038.56005859375,2027.80004882812,2029.46997070312,2029.46997070312,380700
2015-11-02,2033.15002441406,2036.05004882812,2028.19995117188,2035.23999023438,2035.23999023438,366400
2015-11-03,2042.59997558594,2053.23999023438,2040.75,2048.39990234375,2048.39990234375,591700
2015-11-04,2053.51000976562,2056.1201171875,2042.38000488281,2052.77001953125,2052.77001953125,545100
2015-11-05,2049.30004882812,2050.43994140625,2039.93005371094,2049.40991210938,2049.40991210938,349100
2015-11-06,2048.169921875,2055.13989257812,2038.4599609375,2041.06994628906,2041.06994628906,465000
2015-11-09,2038.58996582031,2038.58996582031,2022.52001953125,2025.69995117188,2025.69995117188,435400
2015-11-10,2015.44995117188,2015.44995117188,1988.5400390625,1996.58996582031,1996.58996582031,417500
2015-11-11,1993.81005859375,2001.72998046875,1983.14001464844,1997.27001953125,1997.27001953125,286600
2015-11-12,1997.31994628906,1998.66003417969,1991.28002929688,1993.35998535156,1993.35998535156,389400
2015-11-13,1975.96997070312,1981.27001953125,1969.7099609375,1973.2900390625,1973.2900390625,342300
2015-11-16,1945.68005371094,1956.08996582031,1942.84997558594,1943.02001953125,1943.02001953125,433400
2015-11-17,1967.35998535156,1974.07995605469,1959.21997070312,1963.57995605469,1963.57995605469,417600
2015-11-18,1967.25,1973.16003417969,1961.43005371094,1962.88000488281,1962.88000488281,541900
2015-11-19,1976.93994140625,1988.92004394531,1972.84997558594,1988.91003417969,1988.91003417969,422500
2015-11-20,1988.9599609375,1993.96997070312,1985.93005371094,1989.85998535156,1989.85998535156,413700
2015-11-23,1995.92004394531,2008.33996582031,1992.85998535156,2003.69995117188,2003.69995117188,383200
2015-11-24,2004.2900390625,2019.94995117188,2003.06005859375,2016.2900390625,2016.2900390625,417000
2015-11-25,2018.23999023438,2018.93005371094,2007.91003417969,2009.42004394531,2009.42004394531,391600
2015-11-26,2014.88000488281,2033.18005371094,2014.88000488281,2030.68005371094,2030.68005371094,454500
2015-11-27,2038.7099609375,2038.71997070312,2026.40002441406,2028.98999023438,2028.98999023438,482000
2015-11-30,2022.38000488281,2022.38000488281,1987.11999511719,1991.96997070312,1991.96997070312,452900
2015-12-01,2001.51000976562,2026.32995605469,2001.51000976562,2023.93005371094,2023.93005371094,573300
2015-12-02,2026.07995605469,2026.18994140625,2009.2900390625,2009.2900390625,2009.2900390625,631300
2015-12-03,2000.19995117188,2000.19995117188,1981.58996582031,1994.06994628906,1994.06994628906,365900
2015-12-04,1972.16003417969,1983.02001953125,1970.47998046875,1974.40002441406,1974.40002441406,379500
2015-12-07,1987.61999511719,1988.0400390625,1963.66003417969,1963.67004394531,1963.67004394531,382100
2015-12-08,1964.21997070312,1971.06994628906,1948.43005371094,1949.0400390625,1949.0400390625,406200
2015-12-09,1951.39001464844,1956.69995117188,1944.78002929688,1948.23999023438,1948.23999023438,378100
2015-12-10,1947.2099609375,1956.83996582031,1940.40002441406,1952.06994628906,1952.06994628906,377800
2015-12-11,1952.81994628906,1961,1943.67004394531,1948.61999511719,1948.61999511719,380700
2015-12-14,1926.35998535156,1930.40002441406,1919.21997070312,1927.81994628906,1927.81994628906,439700
2015-12-15,1935.81994628906,1938.0400390625,1925.75,1932.96997070312,1932.96997070312,434700
2015-12-16,1950.15002441406,1975.63000488281,1950.05004882812,1969.40002441406,1969.40002441406,475100
2015-12-17,1984.06005859375,1987.82995605469,1967.64001464844,1977.9599609375,1977.9599609375,379600
2015-12-18,1960.31994628906,1981.42004394531,1958.11999511719,1975.31994628906,1975.31994628906,677700
2015-12-21,1974.26000976562,1986.66003417969,1968.14001464844,1981.18994140625,1981.18994140625,539600
2015-12-22,1984.36999511719,1992.71997070312,1971.31994628906,1992.56005859375,1992.56005859375,577200
2015-12-23,1994.19995117188,2007.42004394531,1989.30004882812,1999.21997070312,1999.21997070312,502400
2015-12-24,2009.33996582031,2009.98999023438,1990.65002441406,1990.65002441406,1990.65002441406,504600
2015-12-28,1990.58996582031,1991.18994140625,1964.06005859375,1964.06005859375,1964.06005859375,396600
2015-12-29,1956.48999023438,1968.56994628906,1946.2099609375,1966.31005859375,1966.31005859375,401400
2015-12-30,1973.03002929688,1974.67004394531,1958.78002929688,1961.31005859375,1961.31005859375,304500
2016-01-04,1954.46997070312,1954.52001953125,1918.76000976562,1918.76000976562,1918.76000976562,359000
2016-01-05,1911.93005371094,1937.56994628906,1911.93005371094,1930.53002929688,1930.53002929688,446500
2016-01-06,1934.25,1934.25,1911.60998535156,1925.43005371094,1925.43005371094,594600
2016-01-07,1915.7099609375,1926.41003417969,1901.23999023438,1904.32995605469,1904.32995605469,393000
2016-01-08,1889.42004394531,1918.25,1883.81994628906,1917.61999511719,1917.61999511719,430200
2016-01-11,1897.18005371094,1907.43005371094,1892.68994140625,1894.83996582031,1894.83996582031,328800
2016-01-12,1907.60998535156,1910.58996582031,1888.93994140625,1890.85998535156,1890.85998535156,295100
2016-01-13,1904.32995605469,1921,1902.48999023438,1916.28002929688,1916.28002929688,265200
2016-01-14,1893.18005371094,1900.47998046875,1882.02001953125,1900.01000976562,1900.01000976562,311000
2016-01-15,1915.82995605469,1918.30004882812,1873.34997558594,1878.86999511719,1878.86999511719,312400
2016-01-18,1856.03002929688,1882.2099609375,1854.55004882812,1878.44995117188,1878.44995117188,276900
2016-01-19,1879.80004882812,1889.90002441406,1866.76000976562,1889.64001464844,1889.64001464844,335300
2016-01-20,1885.35998535156,1885.35998535156,1830.06005859375,1845.44995117188,1845.44995117188,407300
2016-01-21,1848.09997558594,1860.02001953125,1838.0400390625,1840.53002929688,1840.53002929688,433700
2016-01-22,1860.30004882812,1879.43005371094,1859.5400390625,1879.43005371094,1879.43005371094,408500
2016-01-25,1890.15002441406,1901.21997070312,1882.73999023438,1893.43005371094,1893.43005371094,315300
2016-01-26,1881.86999511719,1884.13000488281,1862.97998046875,1871.68994140625,1871.68994140625,298800
2016-01-27,1888.06994628906,1902.03002929688,1883.39001464844,1897.86999511719,1897.86999511719,348900
2016-01-28,1885.38000488281,1907.56005859375,1877.78002929688,1906.93994140625,1906.93994140625,354300
2016-01-29,1905.01000976562,1912.06994628906,1888.47998046875,1912.06005859375,1912.06005859375,386600
2016-02-01,1919.61999511719,1926.10998535156,1912.84997558594,1924.81994628906,1924.81994628906,440300
2016-02-02,1914.9599609375,1920.02001953125,1906.06005859375,1906.59997558594,1906.59997558594,412300
2016-02-03,1893.82995605469,1894.71997070312,1882.75,1890.67004394531,1890.67004394531,408600
2016-02-04,1900.47998046875,1917.08996582031,1897.18005371094,1916.26000976562,1916.26000976562,365800
2016-02-05,1914.55004882812,1921.76000976562,1910.31005859375,1917.7900390625,1917.7900390625,305800
2016-02-11,1872.68005371094,1877.77001953125,1858.90002441406,1861.5400390625,1861.5400390625,386400
2016-02-12,1850.67004394531,1857.11999511719,1817.96997070312,1835.28002929688,1835.28002929688,470500
2016-02-15,1857.32995605469,1864.61999511719,1847.59997558594,1862.19995117188,1862.19995117188,284600
2016-02-16,1870.09997558594,1892.15002441406,1868.10998535156,1888.30004882812,1888.30004882812,388300
2016-02-17,1889.41003417969,1897.36999511719,1881.03002929688,1883.93994140625,1883.93994140625,344600
2016-02-18,1909.40002441406,1910.11999511719,1898.48999023438,1908.83996582031,1908.83996582031,332600
2016-02-19,1904.5,1916.23999023438,1902.23999023438,1916.23999023438,1916.23999023438,312200
2016-02-22,1911.56005859375,1921.14001464844,1905.84997558594,1916.35998535156,1916.35998535156,267900
2016-02-23,1928.84997558594,1929.53002929688,1909.7900390625,1914.21997070312,1914.21997070312,326800
2016-02-24,1908.7099609375,1918.63000488281,1906.18994140625,1912.53002929688,1912.53002929688,281600
2016-02-25,1919.07995605469,1928.48999023438,1906.98999023438,1918.56994628906,1918.56994628906,305800
2016-02-26,1927.09997558594,1927.80004882812,1917.06994628906,1920.16003417969,1920.16003417969,280200
2016-02-29,1921.76000976562,1927.05004882812,1916.66003417969,1916.66003417969,1916.66003417969,275100
2016-03-02,1944.27001953125,1949.93994140625,1942.23999023438,1947.42004394531,1947.42004394531,323400
2016-03-03,1957.82995605469,1958.17004394531,1946.56994628906,1958.17004394531,1958.17004394531,421000
2016-03-04,1956.01000976562,1958.4599609375,1949.46997070312,1955.63000488281,1955.63000488281,316400
2016-03-07,1961.26000976562,1963.43005371094,1955.96997070312,1957.86999511719,1957.86999511719,344600
2016-03-08,1958.93994140625,1958.93994140625,1935.55004882812,1946.11999511719,1946.11999511719,358700
2016-03-09,1940.55004882812,1952.94995117188,1938.31994628906,1952.94995117188,1952.94995117188,355400
2016-03-10,1958.86999511719,1976.18994140625,1955.67004394531,1969.32995605469,1969.32995605469,352300
2016-03-11,1968.30004882812,1975.86999511719,1966.65002441406,1971.41003417969,1971.41003417969,303400
2016-03-14,1985.73999023438,1985.90002441406,1970.56005859375,1972.27001953125,1972.27001953125,357100
2016-03-15,1975.60998535156,1979.4599609375,1966.43994140625,1969.96997070312,1969.96997070312,264600
2016-03-16,1971.57995605469,1982.07995605469,1969.66003417969,1974.90002441406,1974.90002441406,294500
2016-03-17,1984.68994140625,2000.30004882812,1984.32995605469,1987.98999023438,1987.98999023438,291600
2016-03-18,1996.31005859375,1996.31005859375,1986.0400390625,1992.11999511719,1992.11999511719,385800
2016-03-21,1999.25,2003.11999511719,1982.69995117188,1989.76000976562,1989.76000976562,323300
2016-03-22,1993.36999511719,1997.76000976562,1986.86999511719,1996.81005859375,1996.81005859375,383800
2016-03-23,1996.46997070312,2001.67004394531,1989.83996582031,1995.11999511719,1995.11999511719,367600
2016-03-24,1988.4599609375,1992.76000976562,1981.17004394531,1985.96997070312,1985.96997070312,341200
2016-03-25,1991.06005859375,1991.06005859375,1981.53002929688,1983.81005859375,1983.81005859375,463400
2016-03-28,1984.93005371094,1992.4599609375,1981.36999511719,1982.5400390625,1982.5400390625,410500
2016-03-29,1986.93005371094,1997.32995605469,1984.06994628906,1994.91003417969,1994.91003417969,385500
2016-03-30,2005.23999023438,2009.09997558594,1998.51000976562,2002.14001464844,2002.14001464844,368300
2016-03-31,2005.71997070312,2007.43005371094,1986.73999023438,1995.84997558594,1995.84997558594,335100
2016-04-01,1994.77001953125,1994.77001953125,1970.17004394531,1973.56994628906,1973.56994628906,392300
2016-04-04,1974.72998046875,1979.03002929688,1969.34997558594,1978.96997070312,1978.96997070312,363300
2016-04-05,1972.38000488281,1973.17004394531,1959.26000976562,1962.73999023438,1962.73999023438,368200
2016-04-06,1963.17004394531,1975.08996582031,1961.51000976562,1971.31994628906,1971.31994628906,358000
2016-04-07,1978.75,1980.43005371094,1964.98999023438,1973.89001464844,1973.89001464844,434100
2016-04-08,1961.2900390625,1972.11999511719,1954.10998535156,1972.05004882812,1972.05004882812,400600
2016-04-11,1972.25,1973.90002441406,1963.2099609375,1970.36999511719,1970.36999511719,379500
2016-04-12,1970.5,1981.72998046875,1968.5,1981.31994628906,1981.31994628906,387300
2016-04-14,2004.15002441406,2016.03002929688,2000.82995605469,2015.93005371094,2015.93005371094,473500
2016-04-15,2013.38000488281,2016.94995117188,2008.68005371094,2014.7099609375,2014.7099609375,317700
2016-04-18,2001.34997558594,2009.55004882812,1998.48999023438,2009.09997558594,2009.09997558594,339200
2016-04-19,2015.09997558594,2020.2900390625,2007.68005371094,2011.35998535156,2011.35998535156,401200
2016-04-20,2017.05004882812,2023.77001953125,2005.81994628906,2005.82995605469,2005.82995605469,424000
2016-04-21,2014.59997558594,2022.09997558594,2009.44995117188,2022.09997558594,2022.09997558594,392100
2016-04-22,2014.93005371094,2017.90002441406,2010.93994140625,2015.48999023438,2015.48999023438,480500
2016-04-25,2016.05004882812,2016.65002441406,2007.18005371094,2014.55004882812,2014.55004882812,397700
2016-04-26,2013.26000976562,2021.58996582031,2011.84997558594,2019.63000488281,2019.63000488281,509300
2016-04-27,2019.31005859375,2019.85998535156,2012.75,2015.40002441406,2015.40002441406,412800
2016-04-28,2020.82995605469,2022.98999023438,1998.59997558594,2000.93005371094,2000.93005371094,341100
2016-04-29,1998.68005371094,1999.33996582031,1983.30004882812,1994.15002441406,1994.15002441406,401100
2016-05-02,1991.83996582031,1991.83996582031,1977.03002929688,1978.15002441406,1978.15002441406,328200
2016-05-03,1988.33996582031,1989.41003417969,1979.66003417969,1986.41003417969,1986.41003417969,310500
2016-05-04,1978.23999023438,1982.38000488281,1969.21997070312,1976.7099609375,1976.7099609375,352700
2016-05-09,1974.52001953125,1976.14001464844,1962.92004394531,1967.81005859375,1967.81005859375,342200
2016-05-10,1965.85998535156,1982.5,1964.90002441406,1982.5,1982.5,369100
2016-05-11,1989.17004394531,1989.17004394531,1970.47998046875,1980.09997558594,1980.09997558594,398500
2016-05-12,1973.28002929688,1981.48999023438,1970.5400390625,1977.48999023438,1977.48999023438,462900
2016-05-13,1979.96997070312,1980.44995117188,1962.77001953125,1966.98999023438,1966.98999023438,509100
2016-05-16,1961.91003417969,1970.53002929688,1961.31994628906,1967.91003417969,1967.91003417969,526700
2016-05-17,1973.85998535156,1975.09997558594,1962.56994628906,1968.06005859375,1968.06005859375,597600
2016-05-18,1962.78002929688,1964.33996582031,1945.56005859375,1956.72998046875,1956.72998046875,696300
2016-05-19,1953.91003417969,1954.2900390625,1942.47998046875,1946.78002929688,1946.78002929688,505900
2016-05-20,1943.83996582031,1951.5,1940.35998535156,1947.67004394531,1947.67004394531,388100
2016-05-23,1954.26000976562,1956.77001953125,1940.43994140625,1955.25,1955.25,399500
2016-05-24,1951.18005371094,1951.39001464844,1937.67004394531,1937.68005371094,1937.68005371094,517100
2016-05-25,1953.63000488281,1964.91003417969,1951.17004394531,1960.51000976562,1960.51000976562,656900
2016-05-26,1965.81005859375,1967.44995117188,1955.96997070312,1957.06005859375,1957.06005859375,558300
2016-05-27,1962.32995605469,1971.27001953125,1959.75,1969.17004394531,1969.17004394531,523500
2016-05-30,1969.71997070312,1970.5400390625,1955.48999023438,1967.13000488281,1967.13000488281,550500
2016-05-31,1962.46997070312,1984.18005371094,1958.16003417969,1983.40002441406,1983.40002441406,657000
2016-06-01,1976.86999511719,1986.76000976562,1975.81994628906,1982.71997070312,1982.71997070312,502300
2016-06-02,1983.85998535156,1988,1978.81994628906,1985.10998535156,1985.10998535156,474200
2016-06-03,1991.57995605469,1991.57995605469,1979.66003417969,1985.83996582031,1985.83996582031,540900
2016-06-07,1993.07995605469,2011.67004394531,1992.77001953125,2011.63000488281,2011.63000488281,481300
2016-06-08,2013.71997070312,2027.08996582031,2008.58996582031,2027.07995605469,2027.07995605469,497900
2016-06-09,2028.02001953125,2035.27001953125,2012.14001464844,2024.17004394531,2024.17004394531,599700
2016-06-10,2022.77001953125,2022.77001953125,2014.15002441406,2017.63000488281,2017.63000488281,404300
2016-06-13,2001.03002929688,2001.7900390625,1976.68994140625,1979.06005859375,1979.06005859375,443000
2016-06-14,1976.80004882812,1982.31994628906,1965.33996582031,1972.03002929688,1972.03002929688,439900
2016-06-15,1972,1975.86999511719,1960.96997070312,1968.82995605469,1968.82995605469,376800
2016-06-16,1971.53002929688,1974.01000976562,1944.80004882812,1951.98999023438,1951.98999023438,438800
2016-06-17,1966.22998046875,1970.5400390625,1949.59997558594,1953.40002441406,1953.40002441406,485300
2016-06-20,1974.43005371094,1984.06994628906,1969.56005859375,1981.11999511719,1981.11999511719,391300
2016-06-21,1977.80004882812,1983.86999511719,1971.98999023438,1982.69995117188,1982.69995117188,557400
2016-06-22,1981.78002929688,1994.76000976562,1979.36999511719,1992.57995605469,1992.57995605469,407400
2016-06-23,1989.42004394531,1990.7099609375,1980.14001464844,1986.7099609375,1986.7099609375,455400
2016-06-24,2001.55004882812,2001.55004882812,1892.75,1925.23999023438,1925.23999023438,750500
2016-06-27,1901.84997558594,1926.86999511719,1900.82995605469,1926.84997558594,1926.84997558594,394300
2016-06-28,1907.7099609375,1937.98999023438,1907.48999023438,1936.21997070312,1936.21997070312,373500
2016-06-29,1946.31005859375,1966.2099609375,1941.90002441406,1956.35998535156,1956.35998535156,451200
2016-06-30,1971.5400390625,1972.81005859375,1959.28002929688,1970.34997558594,1970.34997558594,349900
2016-07-01,1977.35998535156,1993.97998046875,1975.89001464844,1987.31994628906,1987.31994628906,448100
2016-07-04,1989.43994140625,1997.36999511719,1985.10998535156,1995.30004882812,1995.30004882812,468600
2016-07-05,1995.68994140625,1996.77001953125,1985.93994140625,1989.84997558594,1989.84997558594,405500
2016-07-06,1980.10998535156,1982.80004882812,1944.32995605469,1953.11999511719,1953.11999511719,457400
2016-07-07,1963.30004882812,1976.48999023438,1959.82995605469,1974.07995605469,1974.07995605469,378800
2016-07-08,1972.28002929688,1979.75,1956.91003417969,1963.09997558594,1963.09997558594,356500
2016-07-11,1979.35998535156,1990.94995117188,1977.81005859375,1988.5400390625,1988.5400390625,337800
2016-07-12,1991.13000488281,1998.03002929688,1986.44995117188,1991.22998046875,1991.22998046875,432700
2016-07-13,2007.65002441406,2013.59997558594,1995.83996582031,2005.55004882812,2005.55004882812,357600
2016-07-14,2004.11999511719,2009.67004394531,1997.93994140625,2008.77001953125,2008.77001953125,340200
2016-07-15,2015.36999511719,2022.33996582031,2011.09997558594,2017.26000976562,2017.26000976562,477800
2016-07-18,2018.21997070312,2022.10998535156,2012.30004882812,2021.10998535156,2021.10998535156,380100
2016-07-19,2022.80004882812,2023.21997070312,2010.27001953125,2016.89001464844,2016.89001464844,380800
2016-07-20,2013.40002441406,2015.46997070312,2003.86999511719,2015.4599609375,2015.4599609375,316300
2016-07-21,2019.35998535156,2020.55004882812,2007.58996582031,2012.21997070312,2012.21997070312,391000
2016-07-22,2005.36999511719,2014.43994140625,2002.66003417969,2010.33996582031,2010.33996582031,321000
2016-07-25,2014.73999023438,2020.68994140625,2006.63000488281,2012.31994628906,2012.31994628906,350200
2016-07-26,2009.40002441406,2027.33996582031,2008.25,2027.33996582031,2027.33996582031,338600
2016-07-27,2027.06994628906,2030.68994140625,2021.15002441406,2025.05004882812,2025.05004882812,411700
2016-07-28,2029.06994628906,2029.38000488281,2014.35998535156,2021.09997558594,2021.09997558594,350900
2016-07-29,2023.23999023438,2028.98999023438,2016.18994140625,2016.18994140625,2016.18994140625,366400
2016-08-01,2024.7099609375,2031.57995605469,2024.56994628906,2029.60998535156,2029.60998535156,369600
2016-08-02,2023.55004882812,2026.09997558594,2017.58996582031,2019.03002929688,2019.03002929688,409900
2016-08-03,2008.68005371094,2008.68005371094,1993,1994.7900390625,1994.7900390625,485900
2016-08-04,2006.07995605469,2006.47998046875,1994.72998046875,2000.03002929688,2000.03002929688,326500
2016-08-05,2006.22998046875,2018.16003417969,2004.36999511719,2017.93994140625,2017.93994140625,289300
2016-08-08,2025.55004882812,2031.14001464844,2018.81005859375,2031.11999511719,2031.11999511719,270500
2016-08-09,2033.52001953125,2046.03002929688,2032.18005371094,2043.78002929688,2043.78002929688,436700
2016-08-10,2043.03002929688,2049.36010742188,2039.85998535156,2044.64001464844,2044.64001464844,331100
2016-08-11,2042.64001464844,2048.80004882812,2035.25,2048.80004882812,2048.80004882812,346100
2016-08-12,2053.82006835938,2060.84008789062,2046.15002441406,2050.46997070312,2050.46997070312,376500
2016-08-16,2056,2063.09008789062,2047.72998046875,2047.76000976562,2047.76000976562,374900
2016-08-17,2045.36999511719,2048.2900390625,2032.53002929688,2043.75,2043.75,391700
2016-08-18,2048.14990234375,2056.09008789062,2041.90002441406,2055.46997070312,2055.46997070312,353100
2016-08-19,2057.89990234375,2059.30004882812,2049.52001953125,2056.23999023438,2056.23999023438,392300
2016-08-22,2054.3701171875,2054.7099609375,2040.51000976562,2042.16003417969,2042.16003417969,343500
2016-08-23,2044.27001953125,2051.42993164062,2041.85998535156,2049.92993164062,2049.92993164062,360400
2016-08-24,2050.82006835938,2052.73999023438,2039.53002929688,2043.76000976562,2043.76000976562,285200
2016-08-25,2041.57995605469,2046,2035.01000976562,2042.92004394531,2042.92004394531,277400
2016-08-26,2036.73999023438,2039.91003417969,2027.68005371094,2037.5,2037.5,288200
2016-08-29,2028.64001464844,2034.63000488281,2024.93005371094,2032.34997558594,2032.34997558594,317000
2016-08-30,2038.59997558594,2049.98999023438,2036.76000976562,2039.73999023438,2039.73999023438,378600
2016-08-31,2038.57995605469,2041.17004394531,2027.23999023438,2034.65002441406,2034.65002441406,401000
2016-09-01,2022.9599609375,2032.71997070312,2016.46997070312,2032.71997070312,2032.71997070312,300500
2016-09-02,2033.92004394531,2039.18005371094,2030.17004394531,2038.31005859375,2038.31005859375,342600
2016-09-05,2049.18994140625,2061,2047.48999023438,2060.080078125,2060.080078125,573000
2016-09-06,2058.2099609375,2067.77001953125,2057.26000976562,2066.53002929688,2066.53002929688,462600
2016-09-07,2068.81005859375,2073.88989257812,2061.8798828125,2061.8798828125,2061.8798828125,687200
2016-09-08,2064.9599609375,2070.65991210938,2053.19995117188,2063.72998046875,2063.72998046875,656700
2016-09-09,2048.93994140625,2049.30004882812,2029.4599609375,2037.86999511719,2037.86999511719,392700
2016-09-12,2003.67004394531,2011.0400390625,1991.46997070312,1991.47998046875,1991.47998046875,422900
2016-09-13,2011.93005371094,2013.03002929688,1997.57995605469,1999.35998535156,1999.35998535156,437400
2016-09-19,1997.43005371094,2019.44995117188,1997.09997558594,2015.78002929688,2015.78002929688,434400
2016-09-20,2014.5,2026.56005859375,2010.25,2025.7099609375,2025.7099609375,362300
2016-09-21,2022.81005859375,2035.98999023438,2021.78002929688,2035.98999023438,2035.98999023438,525100
2016-09-22,2050.31005859375,2060.26000976562,2048.80004882812,2049.69995117188,2049.69995117188,447600
2016-09-23,2053.21997070312,2057.35009765625,2048.9599609375,2054.07006835938,2054.07006835938,494100
2016-09-26,2052.76000976562,2060.7099609375,2042.69995117188,2047.10998535156,2047.10998535156,359600
2016-09-27,2037.31994628906,2064.88989257812,2031.13000488281,2062.82006835938,2062.82006835938,664000
2016-09-28,2062.57006835938,2062.97998046875,2051.67993164062,2053.06005859375,2053.06005859375,546500
2016-09-29,2063.73999023438,2072.09008789062,2063.73999023438,2068.71997070312,2068.71997070312,416200
2016-09-30,2054.25,2056.330078125,2042.77001953125,2043.63000488281,2043.63000488281,326400
2016-10-04,2056.93994140625,2059.25,2050.4599609375,2054.86010742188,2054.86010742188,318900
2016-10-05,2043.36999511719,2056.01000976562,2036.86999511719,2053,2053,292300
2016-10-06,2069.30004882812,2070.42993164062,2055.830078125,2065.30004882812,2065.30004882812,337700
2016-10-07,2065.94995117188,2067.48999023438,2051.60009765625,2053.80004882812,2053.80004882812,422400
2016-10-10,2047.18994140625,2058.72998046875,2039.98999023438,2056.82006835938,2056.82006835938,314900
2016-10-11,2053.2900390625,2060.78002929688,2030.51000976562,2031.93005371094,2031.93005371094,343200
2016-10-12,2022.96997070312,2037.02001953125,2022.39001464844,2033.72998046875,2033.72998046875,297400
2016-10-13,2033.98999023438,2035.93005371094,2014.89001464844,2015.43994140625,2015.43994140625,440300
2016-10-14,2021.66003417969,2028.76000976562,2021.10998535156,2022.66003417969,2022.66003417969,458900
2016-10-17,2028.93005371094,2033.56005859375,2011.81005859375,2027.60998535156,2027.60998535156,333400
2016-10-18,2027.81005859375,2040.71997070312,2026.46997070312,2040.43005371094,2040.43005371094,305900
2016-10-19,2036.18005371094,2050.51000976562,2035.90002441406,2040.93994140625,2040.93994140625,321900
2016-10-20,2044.11999511719,2048.25,2036.5400390625,2040.59997558594,2040.59997558594,276000
2016-10-21,2039.40002441406,2040.40002441406,2029.7900390625,2033,2033,260400
2016-10-24,2037.18994140625,2047.73999023438,2036.77001953125,2047.73999023438,2047.73999023438,252000
2016-10-25,2042.2900390625,2042.65002441406,2031.25,2037.17004394531,2037.17004394531,299100
2016-10-26,2030.36999511719,2030.36999511719,2002.2900390625,2013.89001464844,2013.89001464844,392400
2016-10-27,2018.23999023438,2026.32995605469,2015.66003417969,2024.11999511719,2024.11999511719,298700
2016-10-28,2021.96997070312,2026.84997558594,2015.71997070312,2019.42004394531,2019.42004394531,270500
2016-10-31,2011.2900390625,2016.01000976562,2005.94995117188,2008.18994140625,2008.18994140625,400700
2016-11-01,2003.41003417969,2010.51000976562,1990.44995117188,2007.39001464844,2007.39001464844,321800
2016-11-02,1995.41003417969,1997.4599609375,1976.33996582031,1978.93994140625,1978.93994140625,333500
2016-11-03,1974.93005371094,1988.81994628906,1973.57995605469,1983.80004882812,1983.80004882812,272700
2016-11-04,1983.86999511719,1985.2900390625,1976.56994628906,1982.02001953125,1982.02001953125,227800
2016-11-07,1997.57995605469,2001.73999023438,1992.14001464844,1997.57995605469,1997.57995605469,210300
2016-11-08,2009.56005859375,2010.17004394531,1994.32995605469,2003.38000488281,2003.38000488281,239600
2016-11-09,2008.07995605469,2015.22998046875,1931.06994628906,1958.38000488281,1958.38000488281,709000
2016-11-10,1989.84997558594,2002.59997558594,1983.26000976562,2002.59997558594,2002.59997558594,433900
2016-11-11,1988.86999511719,1994.05004882812,1982.15002441406,1984.43005371094,1984.43005371094,386900
2016-11-14,1982.93005371094,1988.65002441406,1974.27001953125,1974.40002441406,1974.40002441406,352100
2016-11-15,1977.32995605469,1978.93994140625,1967.2099609375,1967.53002929688,1967.53002929688,375700
2016-11-16,1980.81994628906,1985.67004394531,1976.63000488281,1979.65002441406,1979.65002441406,306500
2016-11-17,1976.2099609375,1983.86999511719,1968.80004882812,1980.55004882812,1980.55004882812,272200
2016-11-18,1983.06994628906,1983.26000976562,1968.13000488281,1974.57995605469,1974.57995605469,307000
2016-11-21,1971.03002929688,1976.22998046875,1962.42004394531,1966.05004882812,1966.05004882812,223500
2016-11-22,1976.06994628906,1986.81994628906,1974.05004882812,1983.46997070312,1983.46997070312,231400
2016-11-23,1987.64001464844,1996.65002441406,1981.21997070312,1987.94995117188,1987.94995117188,308200
2016-11-24,1985.10998535156,1988.9599609375,1968.5,1971.26000976562,1971.26000976562,235400
2016-11-25,1972.59997558594,1978.44995117188,1969.08996582031,1974.4599609375,1974.4599609375,201900
2016-11-28,1976.57995605469,1983.43005371094,1966.78002929688,1978.13000488281,1978.13000488281,213600
2016-11-29,1977.09997558594,1982.53002929688,1972.31005859375,1978.39001464844,1978.39001464844,214600
2016-11-30,1980.38000488281,1988.43994140625,1977.08996582031,1983.47998046875,1983.47998046875,233100
2016-12-01,1987.47998046875,1989.07995605469,1979.67004394531,1983.75,1983.75,217900
2016-12-02,1980.14001464844,1981.64001464844,1966.42004394531,1970.60998535156,1970.60998535156,243200
2016-12-05,1965.7099609375,1971.23999023438,1960.65002441406,1963.35998535156,1963.35998535156,237200
2016-12-06,1976.51000976562,1993.46997070312,1976.51000976562,1989.85998535156,1989.85998535156,214600
2016-12-07,1995.68994140625,1997.61999511719,1987.26000976562,1991.89001464844,1991.89001464844,204400
2016-12-08,2008.31005859375,2031.06994628906,2007.56994628906,2031.06994628906,2031.06994628906,239400
2016-12-09,2024.52001953125,2026.82995605469,2019.7900390625,2024.68994140625,2024.68994140625,225700
2016-12-12,2031.94995117188,2031.94995117188,2020.96997070312,2027.23999023438,2027.23999023438,289800
2016-12-13,2026.39001464844,2035.98999023438,2023.60998535156,2035.97998046875,2035.97998046875,383400
2016-12-14,2043.06994628906,2044.42004394531,2031.18005371094,2036.86999511719,2036.86999511719,384000
2016-12-15,2022.14001464844,2040.61999511719,2021.76000976562,2036.65002441406,2036.65002441406,300200
2016-12-16,2037.34997558594,2043.59997558594,2033.22998046875,2042.23999023438,2042.23999023438,289700
2016-12-19,2039.40002441406,2046.03002929688,2037.0400390625,2038.39001464844,2038.39001464844,249900
2016-12-20,2044.86999511719,2047.38000488281,2040.81005859375,2041.93994140625,2041.93994140625,314200
2016-12-21,2049.46997070312,2053.4599609375,2037.9599609375,2037.9599609375,2037.9599609375,284600
2016-12-22,2041.60998535156,2042.90002441406,2033.98999023438,2035.72998046875,2035.72998046875,275100
2016-12-23,2036.17004394531,2037.7099609375,2031.5400390625,2035.90002441406,2035.90002441406,310900
2016-12-26,2038.32995605469,2039.76000976562,2034.80004882812,2037.75,2037.75,366600
2016-12-27,2040.73999023438,2044.43005371094,2037.11999511719,2042.17004394531,2042.17004394531,384000
2016-12-28,2021.85998535156,2029.68994140625,2020.85998535156,2024.48999023438,2024.48999023438,356600
2016-12-29,2020.42004394531,2026.56994628906,2016.25,2026.4599609375,2026.4599609375,264500
2017-01-02,2022.22998046875,2031.7900390625,2015.68005371094,2026.16003417969,2026.16003417969,229900
2017-01-03,2034.31005859375,2044.06994628906,2028.46997070312,2043.96997070312,2043.96997070312,268100
2017-01-04,2046.2900390625,2046.2900390625,2040.60998535156,2045.64001464844,2045.64001464844,371500
2017-01-05,2045.52001953125,2046.5,2039.48999023438,2041.94995117188,2041.94995117188,541300
2017-01-06,2048.11010742188,2051.84008789062,2045.66003417969,2049.1201171875,2049.1201171875,455400
2017-01-09,2053.17993164062,2053.17993164062,2046.46997070312,2048.78002929688,2048.78002929688,398300
2017-01-10,2043.30004882812,2046.78002929688,2039.5,2045.11999511719,2045.11999511719,512700
2017-01-11,2048.080078125,2079.69995117188,2047.56005859375,2075.169921875,2075.169921875,335500
2017-01-12,2077.68994140625,2087.13989257812,2073.88989257812,2087.13989257812,2087.13989257812,555800
2017-01-13,2077.1201171875,2080.93994140625,2073.43994140625,2076.7900390625,2076.7900390625,518300
2017-01-16,2077.03002929688,2080.05004882812,2058.92993164062,2064.169921875,2064.169921875,683900
2017-01-17,2067.52001953125,2078.80004882812,2065.53002929688,2071.8701171875,2071.8701171875,601400
2017-01-18,2073.77001953125,2075.22998046875,2058.35009765625,2070.5400390625,2070.5400390625,530100
2017-01-19,2085.61010742188,2091.02001953125,2065.03002929688,2072.7900390625,2072.7900390625,415700
2017-01-20,2065.5400390625,2072.32006835938,2064,2065.61010742188,2065.61010742188,392600
2017-01-23,2067.6201171875,2073.80004882812,2058.90991210938,2065.98999023438,2065.98999023438,444900
2017-01-24,2070.21997070312,2072.65991210938,2058.59008789062,2065.76000976562,2065.76000976562,312400
2017-01-25,2075.330078125,2077.71997070312,2062.9599609375,2066.93994140625,2066.93994140625,310200
2017-01-26,2074.77001953125,2088.60009765625,2068.5,2083.59008789062,2083.59008789062,257900
2017-01-31,2077.65991210938,2079.96997070312,2067.57006835938,2067.57006835938,2067.57006835938,288300
2017-02-01,2075.31005859375,2082.69995117188,2073.96997070312,2080.47998046875,2080.47998046875,452500
2017-02-02,2080.22998046875,2092.44995117188,2067.76000976562,2071.01000976562,2071.01000976562,825500
2017-02-03,2075.89990234375,2079.85009765625,2064.05004882812,2073.15991210938,2073.15991210938,392600
2017-02-06,2085.72998046875,2088.3701171875,2073.03002929688,2077.65991210938,2077.65991210938,315300
2017-02-07,2077.80004882812,2079.22998046875,2071.05004882812,2075.2099609375,2075.2099609375,271800
2017-02-08,2072.580078125,2072.580078125,2052.2900390625,2065.080078125,2065.080078125,266700
2017-02-09,2067.14990234375,2072.68994140625,2062.1201171875,2065.8798828125,2065.8798828125,236000
2017-02-10,2075.80004882812,2080.73999023438,2072.22998046875,2075.080078125,2075.080078125,314700
2017-02-13,2074.93994140625,2078.65991210938,2070.36010742188,2078.64990234375,2078.64990234375,289700
2017-02-14,2079.30004882812,2081.59008789062,2068.15991210938,2074.57006835938,2074.57006835938,332400
2017-02-15,2073.60009765625,2087.68994140625,2069.88989257812,2083.86010742188,2083.86010742188,338000
2017-02-16,2088.09008789062,2092.59008789062,2078.35009765625,2081.84008789062,2081.84008789062,330500
2017-02-17,2072.57006835938,2081.17993164062,2072.57006835938,2080.580078125,2080.580078125,301500
2017-02-20,2084.15991210938,2085.59008789062,2077.1298828125,2084.38989257812,2084.38989257812,297200
2017-02-21,2085.96997070312,2108.47998046875,2085,2102.92993164062,2102.92993164062,292500
2017-02-22,2106.419921875,2108.97998046875,2101.56005859375,2106.61010742188,2106.61010742188,312200
2017-02-23,2106.14990234375,2108.98999023438,2103.11010742188,2107.6298828125,2107.6298828125,430900
2017-02-24,2106.42993164062,2107.830078125,2090.05004882812,2094.1201171875,2094.1201171875,385400
2017-02-27,2095.46997070312,2097.23999023438,2084.080078125,2085.52001953125,2085.52001953125,343700
2017-02-28,2087.26000976562,2094.40991210938,2084.36010742188,2091.63989257812,2091.63989257812,399800
2017-03-02,2105.18994140625,2112.580078125,2096.31005859375,2102.64990234375,2102.64990234375,434700
2017-03-03,2090.919921875,2091.59008789062,2072.09008789062,2078.75,2078.75,425900
2017-03-06,2073.19995117188,2083.80004882812,2067.67993164062,2081.36010742188,2081.36010742188,431400
2017-03-07,2080.77001953125,2096.7900390625,2079.15991210938,2094.05004882812,2094.05004882812,277800
2017-03-08,2092.27001953125,2101.56005859375,2088.18994140625,2095.40991210938,2095.40991210938,381400
2017-03-09,2098.2900390625,2100.080078125,2090.72998046875,2091.06005859375,2091.06005859375,408200
2017-03-10,2088.669921875,2102.05004882812,2082.31005859375,2097.35009765625,2097.35009765625,500900
2017-03-13,2102.3701171875,2122.8798828125,2100.90991210938,2117.59008789062,2117.59008789062,382100
2017-03-14,2127.1201171875,2135.5,2124.419921875,2133.78002929688,2133.78002929688,365100
2017-03-15,2128.419921875,2135.3798828125,2127.26000976562,2133,2133,374700
2017-03-16,2154.97998046875,2156.85009765625,2143.01000976562,2150.080078125,2150.080078125,402400
2017-03-17,2150.46997070312,2164.59008789062,2148.86010742188,2164.580078125,2164.580078125,302800
2017-03-20,2160.32006835938,2160.57006835938,2151.51000976562,2157.01000976562,2157.01000976562,264900
2017-03-21,2162.94995117188,2181.98999023438,2160.25,2178.3798828125,2178.3798828125,303900
2017-03-22,2159.96997070312,2170,2158.9599609375,2168.30004882812,2168.30004882812,394400
2017-03-23,2174.09008789062,2182.419921875,2170.56005859375,2172.71997070312,2172.71997070312,358600
2017-03-24,2171.36010742188,2179.34008789062,2163.34008789062,2168.94995117188,2168.94995117188,358700
2017-03-27,2161.169921875,2165.25,2153.13989257812,2155.65991210938,2155.65991210938,395900
2017-03-28,2166.580078125,2169.13989257812,2157.7099609375,2163.31005859375,2163.31005859375,394000
2017-03-29,2172.31005859375,2172.31005859375,2162.0400390625,2166.97998046875,2166.97998046875,626800
2017-03-30,2170.17993164062,2174.15991210938,2159.15991210938,2164.63989257812,2164.63989257812,643600
2017-03-31,2166.6201171875,2166.92993164062,2159.80004882812,2160.22998046875,2160.22998046875,441600
2017-04-03,2166.0400390625,2171.330078125,2161.26000976562,2167.51000976562,2167.51000976562,398500
2017-04-04,2165.22998046875,2166.93994140625,2156.88989257812,2161.10009765625,2161.10009765625,522100
2017-04-05,2161.89990234375,2164.85009765625,2146.97998046875,2160.85009765625,2160.85009765625,571700
2017-04-06,2152.63989257812,2153.830078125,2143.30004882812,2152.75,2152.75,510200
2017-04-07,2154.8701171875,2155.69995117188,2142.51000976562,2151.72998046875,2151.72998046875,408500
2017-04-10,2148.830078125,2148.830078125,2128.35009765625,2133.32006835938,2133.32006835938,512900
2017-04-11,2129.22998046875,2136.55004882812,2117.82006835938,2123.85009765625,2123.85009765625,489300
2017-04-12,2128.169921875,2129.82006835938,2122.93994140625,2128.90991210938,2128.90991210938,427400
2017-04-13,2130.63989257812,2148.61010742188,2125.8701171875,2148.61010742188,2148.61010742188,357600
2017-04-14,2138.28002929688,2141.61010742188,2127.80004882812,2134.8798828125,2134.8798828125,383700
2017-04-17,2140.8701171875,2150.69995117188,2138.69995117188,2145.76000976562,2145.76000976562,259300
2017-04-18,2155.36010742188,2155.36010742188,2139.31005859375,2148.4599609375,2148.4599609375,291400
2017-04-19,2144.97998046875,2148.03002929688,2133.82006835938,2138.39990234375,2138.39990234375,344200
2017-04-20,2138.18994140625,2150.42993164062,2134.05004882812,2149.14990234375,2149.14990234375,268300
2017-04-21,2161.23999023438,2169.4599609375,2156.63989257812,2165.0400390625,2165.0400390625,281500
2017-04-24,2175.5,2177.88989257812,2166.830078125,2173.73999023438,2173.73999023438,374700
2017-04-25,2175.69995117188,2196.85009765625,2174.11010742188,2196.85009765625,2196.85009765625,275900
2017-04-26,2202.3701171875,2210.61010742188,2200.72998046875,2207.84008789062,2207.84008789062,397500
2017-04-27,2201.71997070312,2211.59008789062,2199.76000976562,2209.4599609375,2209.4599609375,386100
2017-04-28,2214.36010742188,2217.0400390625,2202.19995117188,2205.43994140625,2205.43994140625,268600
2017-05-02,2213.61010742188,2229.73999023438,2212.8701171875,2219.669921875,2219.669921875,295100
2017-05-04,2224.90991210938,2241.23999023438,2224.90991210938,2241.23999023438,2241.23999023438,261900
2017-05-08,2245.61010742188,2292.76000976562,2244.22998046875,2292.76000976562,2292.76000976562,281800
2017-05-10,2294.10009765625,2323.21997070312,2264.31005859375,2270.1201171875,2270.1201171875,422900
2017-05-11,2278.46997070312,2297.669921875,2271.65991210938,2296.3701171875,2296.3701171875,463500
2017-05-12,2296.06005859375,2296.51000976562,2283.3798828125,2286.02001953125,2286.02001953125,335300
2017-05-15,2288.22998046875,2297.31005859375,2280.60009765625,2290.64990234375,2290.64990234375,251600
2017-05-16,2306.72998046875,2309,2283.84008789062,2295.330078125,2295.330078125,368100
2017-05-17,2291.56005859375,2295.8701171875,2283.01000976562,2293.080078125,2293.080078125,394800
2017-05-18,2271.27001953125,2288.85009765625,2267.080078125,2286.82006835938,2286.82006835938,378300
2017-05-19,2286.78002929688,2293.82006835938,2282.1298828125,2288.47998046875,2288.47998046875,421100
2017-05-22,2300.67993164062,2305.2099609375,2292.94995117188,2304.03002929688,2304.03002929688,340100
2017-05-23,2308.68994140625,2326.57006835938,2303.14990234375,2311.73999023438,2311.73999023438,341100
2017-05-24,2319.3701171875,2322.5400390625,2312.92993164062,2317.34008789062,2317.34008789062,409600
2017-05-25,2325.48999023438,2343.71997070312,2321.26000976562,2342.92993164062,2342.92993164062,369300
2017-05-26,2344.38989257812,2364.80004882812,2341.61010742188,2355.30004882812,2355.30004882812,312900
2017-05-29,2362.59008789062,2371.669921875,2344.25,2352.96997070312,2352.96997070312,316200
2017-05-30,2356.5400390625,2358.68994140625,2332.15991210938,2343.67993164062,2343.67993164062,508800
2017-05-31,2339.25,2355.22998046875,2338.25,2347.3798828125,2347.3798828125,555900
2017-06-01,2348.31005859375,2351.31005859375,2335.6298828125,2344.61010742188,2344.61010742188,336700
2017-06-02,2353.77001953125,2372.64990234375,2353.44995117188,2371.71997070312,2371.71997070312,399500
2017-06-05,2376.65991210938,2376.830078125,2363.61010742188,2368.6201171875,2368.6201171875,326400
2017-06-07,2364.9599609375,2369.42993164062,2356.7099609375,2360.13989257812,2360.13989257812,376200
2017-06-08,2361.63989257812,2365.52001953125,2347.6201171875,2363.57006835938,2363.57006835938,417100
2017-06-09,2371.21997070312,2385.14990234375,2367.81005859375,2381.68994140625,2381.68994140625,520600
2017-06-12,2370.68994140625,2374.69995117188,2353.35009765625,2357.8701171875,2357.8701171875,327200
2017-06-13,2358.919921875,2375.81005859375,2358.919921875,2374.69995117188,2374.69995117188,322100
2017-06-14,2384.5400390625,2387.2900390625,2366.919921875,2372.63989257812,2372.63989257812,393000
2017-06-15,2373.36010742188,2378.0400390625,2350.3701171875,2361.64990234375,2361.64990234375,334900
2017-06-16,2364.19995117188,2365.3701171875,2355.2900390625,2361.830078125,2361.830078125,329200
2017-06-19,2364.02001953125,2377.19995117188,2356.84008789062,2370.89990234375,2370.89990234375,290900
2017-06-20,2382.5400390625,2382.5400390625,2365.44995117188,2369.22998046875,2369.22998046875,360700
2017-06-21,2358.22998046875,2359.96997070312,2346.18994140625,2357.53002929688,2357.53002929688,360300
2017-06-22,2364.21997070312,2370.38989257812,2354.10009765625,2370.3701171875,2370.3701171875,299200
2017-06-23,2371.5400390625,2380.93994140625,2369.169921875,2378.60009765625,2378.60009765625,256300
2017-06-26,2381.09008789062,2390.69995117188,2377.8798828125,2388.65991210938,2388.65991210938,325700
2017-06-27,2386.76000976562,2397.13989257812,2383.46997070312,2391.94995117188,2391.94995117188,358000
2017-06-28,2382.90991210938,2390.88989257812,2380.75,2382.56005859375,2382.56005859375,361200
2017-06-29,2396.81005859375,2402.80004882812,2393.57006835938,2395.65991210938,2395.65991210938,445100
2017-06-30,2382.14990234375,2391.81005859375,2381.39990234375,2391.7900390625,2391.7900390625,343500
2017-07-03,2397.65991210938,2399.89990234375,2384.55004882812,2394.47998046875,2394.47998046875,311000
2017-07-04,2395.23999023438,2398.02001953125,2376.40991210938,2380.52001953125,2380.52001953125,411800
2017-07-05,2377.01000976562,2390.2900390625,2375.6298828125,2388.35009765625,2388.35009765625,333700
2017-07-06,2390.31005859375,2392.5,2380.82006835938,2387.81005859375,2387.81005859375,301500
2017-07-07,2376.2900390625,2385.02001953125,2372.830078125,2379.8701171875,2379.8701171875,314400
2017-07-10,2386.30004882812,2389.8701171875,2378.0400390625,2382.10009765625,2382.10009765625,296300
2017-07-11,2386.419921875,2396.4599609375,2382.68994140625,2396,2396,284500
2017-07-12,2395.40991210938,2399.28002929688,2390.44995117188,2391.77001953125,2391.77001953125,268900
2017-07-13,2405.76000976562,2422.26000976562,2402.919921875,2409.48999023438,2409.48999023438,289300
2017-07-14,2418.27001953125,2421.47998046875,2411.34008789062,2414.6298828125,2414.6298828125,258800
2017-07-17,2427.76000976562,2430.34008789062,2419.90991210938,2425.10009765625,2425.10009765625,254200
2017-07-18,2425.07006835938,2426.15991210938,2419.169921875,2426.0400390625,2426.0400390625,260700
2017-07-19,2430.09008789062,2430.09008789062,2419.63989257812,2429.93994140625,2429.93994140625,271000
2017-07-20,2436.06005859375,2443.68994140625,2427.94995117188,2441.84008789062,2441.84008789062,251900
2017-07-21,2438.78002929688,2451.59008789062,2437.84008789062,2450.06005859375,2450.06005859375,250100
2017-07-24,2451.40991210938,2451.53002929688,2443.64990234375,2451.53002929688,2451.53002929688,233400
2017-07-25,2450.76000976562,2453.169921875,2437.13989257812,2439.89990234375,2439.89990234375,275200
2017-07-26,2446.82006835938,2446.9599609375,2429.6201171875,2434.51000976562,2434.51000976562,336100
2017-07-27,2443.28002929688,2448.23999023438,2435.48999023438,2443.23999023438,2443.23999023438,426500
2017-07-28,2433.4599609375,2434.3798828125,2399.06005859375,2400.98999023438,2400.98999023438,318700
2017-07-31,2392.02001953125,2403.89990234375,2388.38989257812,2402.7099609375,2402.7099609375,277600
2017-08-01,2397.1201171875,2432.6201171875,2394.27001953125,2422.9599609375,2422.9599609375,264000
2017-08-02,2431.93994140625,2434.46997070312,2424.17993164062,2427.6298828125,2427.6298828125,261600
2017-08-03,2423.2099609375,2423.55004882812,2374.11010742188,2386.85009765625,2386.85009765625,303600
2017-08-04,2389.73999023438,2400.330078125,2383.44995117188,2395.44995117188,2395.44995117188,273600
2017-08-07,2402.57006835938,2412.1298828125,2395.73999023438,2398.75,2398.75,244100
2017-08-08,2404.67993164062,2410.21997070312,2383.93994140625,2394.72998046875,2394.72998046875,252900
2017-08-09,2379.69995117188,2387.53002929688,2366.330078125,2368.38989257812,2368.38989257812,234100
2017-08-10,2360.94995117188,2371.5,2339.06005859375,2359.46997070312,2359.46997070312,283900
2017-08-11,2323.06005859375,2335.1201171875,2310.19995117188,2319.7099609375,2319.7099609375,318600
2017-08-14,2336.02001953125,2341.78002929688,2327.80004882812,2334.21997070312,2334.21997070312,214000
2017-08-16,2355.73999023438,2358.4599609375,2343.71997070312,2348.26000976562,2348.26000976562,270500
2017-08-17,2351.61010742188,2364.5,2346.73999023438,2361.669921875,2361.669921875,255800
2017-08-18,2340.18994140625,2362.42993164062,2340.18994140625,2358.3701171875,2358.3701171875,201500
2017-08-21,2363.3798828125,2363.3798828125,2351.9599609375,2355,2355,207200
2017-08-22,2360.2900390625,2369.02001953125,2359.96997070312,2365.330078125,2365.330078125,251900
2017-08-23,2376.53002929688,2379.59008789062,2360.7099609375,2366.39990234375,2366.39990234375,228600
2017-08-24,2370.1201171875,2382.71997070312,2368.2900390625,2375.84008789062,2375.84008789062,295500
2017-08-25,2381.46997070312,2384.59008789062,2372.669921875,2378.51000976562,2378.51000976562,342000
2017-08-28,2376.3798828125,2383.4599609375,2366.22998046875,2370.30004882812,2370.30004882812,226900
2017-08-29,2356.19995117188,2364.73999023438,2332.85009765625,2364.73999023438,2364.73999023438,223100
2017-08-30,2368.1298828125,2372.2900390625,2363.42993164062,2372.2900390625,2372.2900390625,305600
2017-08-31,2373.9599609375,2377.02001953125,2355.2900390625,2363.18994140625,2363.18994140625,265100
2017-09-01,2367.44995117188,2370.25,2351.3701171875,2357.68994140625,2357.68994140625,280100
2017-09-04,2316.88989257812,2344.82006835938,2316.88989257812,2329.64990234375,2329.64990234375,248500
2017-09-05,2340.6201171875,2340.6201171875,2319.93994140625,2326.6201171875,2326.6201171875,320400
2017-09-06,2324.84008789062,2325.56005859375,2314.31005859375,2319.82006835938,2319.82006835938,252700
2017-09-07,2328.93994140625,2349.7900390625,2328.919921875,2346.18994140625,2346.18994140625,277000
2017-09-08,2350.18994140625,2351.72998046875,2340.6298828125,2343.71997070312,2343.71997070312,214600
2017-09-11,2354.86010742188,2369.71997070312,2354.35009765625,2359.080078125,2359.080078125,243600
2017-09-12,2372.02001953125,2372.44995117188,2359.1201171875,2365.46997070312,2365.46997070312,333600
2017-09-13,2370.5400390625,2373.61010742188,2360.169921875,2360.17993164062,2360.17993164062,318900
2017-09-14,2365.5400390625,2377.65991210938,2358.42993164062,2377.65991210938,2377.65991210938,314300
2017-09-15,2368.43994140625,2386.07006835938,2365.3701171875,2386.07006835938,2386.07006835938,298700
2017-09-18,2390.580078125,2418.23999023438,2389.64990234375,2418.2099609375,2418.2099609375,273500
2017-09-19,2419.30004882812,2422.05004882812,2411.67993164062,2416.05004882812,2416.05004882812,254600
2017-09-20,2420.82006835938,2429.1201171875,2405.78002929688,2412.19995117188,2412.19995117188,303300
2017-09-21,2412.01000976562,2415.1298828125,2401.88989257812,2406.5,2406.5,335300
2017-09-25,2388.77001953125,2392.43994140625,2374.68994140625,2380.39990234375,2380.39990234375,339300
2017-09-26,2371.6201171875,2381.31005859375,2365.34008789062,2374.32006835938,2374.32006835938,319100
2017-09-27,2376.88989257812,2377.17993164062,2368.919921875,2372.57006835938,2372.57006835938,202600
2017-09-28,2374.10009765625,2379.5400390625,2365.669921875,2373.13989257812,2373.13989257812,194800
2017-09-29,2378.65991210938,2394.46997070312,2378.65991210938,2394.46997070312,2394.46997070312,184200
2017-10-10,2425.6298828125,2443.19995117188,2421.10009765625,2433.81005859375,2433.81005859375,221700
2017-10-11,2442.48999023438,2458.15991210938,2439.81005859375,2458.15991210938,2458.15991210938,201800
2017-10-12,2461.69995117188,2474.76000976562,2459.47998046875,2474.76000976562,2474.76000976562,256200
2017-10-13,2473.64990234375,2479.72998046875,2468.13989257812,2473.6201171875,2473.6201171875,234800
2017-10-16,2483.169921875,2487.7099609375,2470.23999023438,2480.05004882812,2480.05004882812,224400
2017-10-17,2484.9599609375,2487.8798828125,2478.76000976562,2484.3701171875,2484.3701171875,199000
2017-10-18,2481.53002929688,2490.580078125,2475.669921875,2482.90991210938,2482.90991210938,244200
2017-10-19,2485.71997070312,2490.93994140625,2468.669921875,2473.06005859375,2473.06005859375,236600
2017-10-20,2477.30004882812,2489.5400390625,2476.8798828125,2489.5400390625,2489.5400390625,313200
2017-10-23,2497.64990234375,2500.330078125,2485.47998046875,2490.05004882812,2490.05004882812,274200
2017-10-24,2489.31005859375,2497.35009765625,2487.169921875,2490.48999023438,2490.48999023438,232000
2017-10-25,2495.8701171875,2497.40991210938,2481.47998046875,2492.5,2492.5,599400
2017-10-26,2489.60009765625,2495.98999023438,2480.6298828125,2480.6298828125,2480.6298828125,646900
2017-10-27,2485.43994140625,2499.14990234375,2479.669921875,2496.6298828125,2496.6298828125,511200
2017-10-30,2513.8701171875,2513.8701171875,2497.419921875,2501.92993164062,2501.92993164062,342000
2017-10-31,2500.2099609375,2528.32006835938,2498.05004882812,2523.42993164062,2523.42993164062,313800
2017-11-01,2535.96997070312,2556.46997070312,2535.830078125,2556.46997070312,2556.46997070312,361800
2017-11-02,2560.34008789062,2561.6298828125,2542.02001953125,2546.36010742188,2546.36010742188,527700
2017-11-03,2558.3701171875,2558.3701171875,2539.71997070312,2557.96997070312,2557.96997070312,292800
2017-11-06,2557.2900390625,2559.89990234375,2529.93994140625,2549.40991210938,2549.40991210938,221200
2017-11-07,2548.30004882812,2554.1298828125,2540.669921875,2545.43994140625,2545.43994140625,253900
2017-11-08,2534.47998046875,2558.73999023438,2533.72998046875,2552.39990234375,2552.39990234375,277000
2017-11-09,2559.92993164062,2559.92993164062,2536.5400390625,2550.57006835938,2550.57006835938,293500
2017-11-10,2541.17993164062,2547.61010742188,2534.60009765625,2542.94995117188,2542.94995117188,291500
2017-11-13,2548.27001953125,2552.28002929688,2527.19995117188,2530.35009765625,2530.35009765625,266500
2017-11-14,2532.55004882812,2532.94995117188,2520.98999023438,2526.63989257812,2526.63989257812,287800
2017-11-15,2525.60009765625,2526.61010742188,2511.76000976562,2518.25,2518.25,398200
2017-11-16,2522.419921875,2538.28002929688,2514.51000976562,2534.7900390625,2534.7900390625,302900
2017-11-17,2546.05004882812,2559.10009765625,2533.98999023438,2533.98999023438,2533.98999023438,362200
2017-11-20,2536.80004882812,2542.6201171875,2523.52001953125,2527.669921875,2527.669921875,404300
2017-11-21,2533.85009765625,2539.8798828125,2525.9599609375,2530.69995117188,2530.69995117188,484900
2017-11-22,2546.61010742188,2553.21997070312,2535.18994140625,2540.51000976562,2540.51000976562,485700
2017-11-23,2542.34008789062,2544.580078125,2532.44995117188,2537.14990234375,2537.14990234375,391300
2017-11-24,2539.7900390625,2544.330078125,2533.97998046875,2544.330078125,2544.330078125,297900
2017-11-27,2544.73999023438,2546.7099609375,2506.68994140625,2507.81005859375,2507.81005859375,284900
2017-11-28,2512.52001953125,2521.06005859375,2500.92993164062,2514.18994140625,2514.18994140625,348200
2017-11-29,2517.26000976562,2524.40991210938,2508.65991210938,2512.89990234375,2512.89990234375,301200
2017-11-30,2502.21997070312,2506.32006835938,2474.28002929688,2476.3701171875,2476.3701171875,339000
2017-12-01,2488.919921875,2488.919921875,2472.75,2475.40991210938,2475.40991210938,288600
2017-12-04,2486.71997070312,2501.669921875,2476.2900390625,2501.669921875,2501.669921875,323800
2017-12-05,2490.72998046875,2513.67993164062,2487.14990234375,2510.1201171875,2510.1201171875,395400
2017-12-06,2510.18994140625,2510.46997070312,2474.2900390625,2474.3701171875,2474.3701171875,507600
2017-12-07,2479.55004882812,2480.85009765625,2452.39990234375,2461.97998046875,2461.97998046875,404900
2017-12-08,2470.09008789062,2473.169921875,2459.02001953125,2464,2464,406400
2017-12-11,2467.81005859375,2471.98999023438,2457.97998046875,2471.48999023438,2471.48999023438,240100
2017-12-12,2471.22998046875,2471.42993164062,2455.38989257812,2461,2461,281200
2017-12-13,2462.419921875,2481.919921875,2457.69995117188,2480.55004882812,2480.55004882812,255000
2017-12-14,2486.57006835938,2514.61010742188,2469.47998046875,2469.47998046875,2469.47998046875,317800
2017-12-15,2488.38989257812,2495.080078125,2475.98999023438,2482.07006835938,2482.07006835938,340800
2017-12-18,2488.830078125,2488.830078125,2477.2900390625,2481.8798828125,2481.8798828125,324400
2017-12-19,2487.830078125,2498.669921875,2470.48999023438,2478.53002929688,2478.53002929688,308400
2017-12-21,2471.34008789062,2471.72998046875,2429.830078125,2429.830078125,2429.830078125,247300
2017-12-22,2437.59008789062,2444.57006835938,2426.93994140625,2440.5400390625,2440.5400390625,230400
2017-12-26,2447.669921875,2457.18994140625,2427.34008789062,2427.34008789062,2427.34008789062,224600
2017-12-27,2420.86010742188,2436.67993164062,2411.47998046875,2436.669921875,2436.669921875,194900
2017-12-28,2439.31005859375,2467.51000976562,2437.26000976562,2467.48999023438,2467.48999023438,220300
2018-01-02,2474.86010742188,2481.02001953125,2465.93994140625,2479.64990234375,2479.64990234375,262200
2018-01-03,2484.6298828125,2493.39990234375,2481.90991210938,2486.35009765625,2486.35009765625,331100
2018-01-04,2502.5,2502.5,2466.44995117188,2466.4599609375,2466.4599609375,333800
2018-01-05,2476.85009765625,2497.52001953125,2475.51000976562,2497.52001953125,2497.52001953125,308800
2018-01-08,2510.69995117188,2515.3701171875,2494.17993164062,2513.28002929688,2513.28002929688,311400
2018-01-09,2510.72998046875,2524.72998046875,2498.40991210938,2510.22998046875,2510.22998046875,374300
2018-01-10,2516.330078125,2516.82006835938,2493.97998046875,2499.75,2499.75,444000
2018-01-11,2496.86010742188,2502.52001953125,2483.82006835938,2487.90991210938,2487.90991210938,444300
2018-01-12,2499.8701171875,2500.8701171875,2482.14990234375,2496.419921875,2496.419921875,438800
2018-01-15,2510.96997070312,2513.30004882812,2496.17993164062,2503.72998046875,2503.72998046875,404600
2018-01-16,2504.15991210938,2524.55004882812,2498.55004882812,2521.73999023438,2521.73999023438,341600
2018-01-17,2517.18994140625,2521.96997070312,2506.48999023438,2515.42993164062,2515.42993164062,336700
2018-01-18,2527.669921875,2532.080078125,2512.68994140625,2515.81005859375,2515.81005859375,333100
2018-01-19,2519.669921875,2524.330078125,2513.09008789062,2520.26000976562,2520.26000976562,351800
2018-01-22,2516.89990234375,2517.1201171875,2488.43994140625,2502.11010742188,2502.11010742188,343000
2018-01-23,2510.35009765625,2536.60009765625,2507.9599609375,2536.60009765625,2536.60009765625,370000
2018-01-24,2533.86010742188,2547.21997070312,2531.31005859375,2538,2538,371100
2018-01-25,2536.9599609375,2564.42993164062,2536.72998046875,2562.22998046875,2562.22998046875,514600
2018-01-26,2560.68994140625,2574.76000976562,2553.53002929688,2574.76000976562,2574.76000976562,400600
2018-01-29,2588.8701171875,2607.10009765625,2587.55004882812,2598.18994140625,2598.18994140625,437500
2018-01-30,2590.40991210938,2599.169921875,2567.07006835938,2567.73999023438,2567.73999023438,397000
2018-01-31,2557.3701171875,2597.13989257812,2553.01000976562,2566.4599609375,2566.4599609375,403100
2018-02-01,2578.90991210938,2583.73999023438,2564.59008789062,2568.5400390625,2568.5400390625,595100
2018-02-02,2565.98999023438,2565.98999023438,2519.60009765625,2525.38989257812,2525.38989257812,481800
2018-02-05,2487.34008789062,2503.98999023438,2476.23999023438,2491.75,2491.75,442400
2018-02-06,2437.02001953125,2460.28002929688,2409.3798828125,2453.31005859375,2453.31005859375,582800
2018-02-07,2483.71997070312,2484.17993164062,2396.56005859375,2396.56005859375,2396.56005859375,460100
2018-02-08,2400.169921875,2423.8798828125,2393.4599609375,2407.6201171875,2407.6201171875,362400
2018-02-09,2346.72998046875,2372.89990234375,2346.72998046875,2363.77001953125,2363.77001953125,489100
2018-02-12,2380.48999023438,2397.89990234375,2367.31005859375,2385.3798828125,2385.3798828125,352300
2018-02-13,2402.88989257812,2421.80004882812,2388.5400390625,2395.18994140625,2395.18994140625,423400
2018-02-14,2412.46997070312,2426.6298828125,2408.02001953125,2421.830078125,2421.830078125,305700
2018-02-19,2452.52001953125,2455.1201171875,2428.14990234375,2442.82006835938,2442.82006835938,322100
2018-02-20,2433.35009765625,2438.47998046875,2411.22998046875,2415.1201171875,2415.1201171875,421500
2018-02-21,2417.72998046875,2432.44995117188,2404.02001953125,2429.64990234375,2429.64990234375,432300
2018-02-22,2417.17993164062,2422.6201171875,2405.22998046875,2414.28002929688,2414.28002929688,349500
2018-02-23,2427.1298828125,2451.52001953125,2427.1298828125,2451.52001953125,2451.52001953125,300600
2018-02-26,2465.35009765625,2466.080078125,2447.86010742188,2457.64990234375,2457.64990234375,321300
2018-02-27,2474.080078125,2480.7900390625,2456.13989257812,2456.13989257812,2456.13989257812,271200
2018-02-28,2447.11010742188,2460.1201171875,2426.2099609375,2427.36010742188,2427.36010742188,367600
2018-03-02,2406.57006835938,2410.34008789062,2387.25,2402.15991210938,2402.15991210938,320400
2018-03-05,2405.919921875,2407.97998046875,2374.80004882812,2375.06005859375,2375.06005859375,312300
2018-03-06,2400.669921875,2413.01000976562,2392.8701171875,2411.40991210938,2411.40991210938,400100
2018-03-07,2413.38989257812,2429.42993164062,2395.23999023438,2401.82006835938,2401.82006835938,413000
2018-03-08,2420.669921875,2433.080078125,2407.59008789062,2433.080078125,2433.080078125,394800
2018-03-09,2443.42993164062,2476.42993164062,2436.03002929688,2459.44995117188,2459.44995117188,437300
2018-03-12,2485.63989257812,2489.4599609375,2474.90991210938,2484.1201171875,2484.1201171875,391300
2018-03-13,2483.05004882812,2494.48999023438,2478.76000976562,2494.48999023438,2494.48999023438,350200
2018-03-14,2477.42993164062,2486.97998046875,2474.77001953125,2486.080078125,2486.080078125,360900
2018-03-15,2486,2496.51000976562,2471.0400390625,2492.3798828125,2492.3798828125,344000
2018-03-16,2495.11010742188,2497.80004882812,2476.8798828125,2493.96997070312,2493.96997070312,377800
2018-03-19,2491.98999023438,2493.56005859375,2470.90991210938,2475.03002929688,2475.03002929688,477200
2018-03-20,2456.80004882812,2485.52001953125,2456.80004882812,2485.52001953125,2485.52001953125,291500
2018-03-21,2488.21997070312,2492.8798828125,2483.78002929688,2484.96997070312,2484.96997070312,399100
2018-03-22,2494.84008789062,2508.7099609375,2485.34008789062,2496.02001953125,2496.02001953125,482100
2018-03-23,2446.72998046875,2450.39990234375,2412.6201171875,2416.76000976562,2416.76000976562,458000
2018-03-26,2414.67993164062,2437.080078125,2399.43994140625,2437.080078125,2437.080078125,306900
2018-03-27,2455,2456.55004882812,2444.919921875,2452.06005859375,2452.06005859375,332100
2018-03-28,2425.93994140625,2430.77001953125,2409.46997070312,2419.2900390625,2419.2900390625,501300
2018-03-29,2421.69995117188,2439.46997070312,2413.7099609375,2436.3701171875,2436.3701171875,333400
2018-03-30,2454.10009765625,2458.23999023438,2445.71997070312,2445.85009765625,2445.85009765625,395300
2018-04-02,2454.71997070312,2467.52001953125,2440.88989257812,2444.15991210938,2444.15991210938,390300
2018-04-03,2422.26000976562,2442.42993164062,2416.43994140625,2442.42993164062,2442.42993164062,497100
2018-04-04,2447.96997070312,2447.96997070312,2405.90991210938,2408.06005859375,2408.06005859375,551700
2018-04-05,2426.919921875,2446.78002929688,2420.919921875,2437.52001953125,2437.52001953125,591000
2018-04-06,2420.8798828125,2433.96997070312,2417.23999023438,2429.580078125,2429.580078125,454300
2018-04-09,2424.14990234375,2446.28002929688,2424.14990234375,2444.080078125,2444.080078125,334400
2018-04-10,2439.93994140625,2454.36010742188,2419.55004882812,2450.73999023438,2450.73999023438,356400
2018-04-11,2456.53002929688,2458.98999023438,2441.19995117188,2444.21997070312,2444.21997070312,355200
2018-04-12,2450.94995117188,2454.94995117188,2441.580078125,2442.7099609375,2442.7099609375,441600
2018-04-13,2449.419921875,2457.85009765625,2442.35009765625,2455.07006835938,2455.07006835938,395900
2018-04-16,2466.0400390625,2466.15991210938,2449.96997070312,2457.48999023438,2457.48999023438,347200
2018-04-17,2459.38989257812,2465.6298828125,2449.080078125,2453.77001953125,2453.77001953125,394700
2018-04-18,2467.55004882812,2486.72998046875,2467.55004882812,2479.97998046875,2479.97998046875,647300
2018-04-19,2483.26000976562,2490.57006835938,2476.51000976562,2486.10009765625,2486.10009765625,727000
2018-04-20,2478.59008789062,2485.14990234375,2472.3701171875,2476.330078125,2476.330078125,531700
2018-04-23,2473.69995117188,2478.57006835938,2466.57006835938,2474.11010742188,2474.11010742188,701400
2018-04-24,2478.46997070312,2479.32006835938,2454.43994140625,2464.13989257812,2464.13989257812,524300
2018-04-25,2444.18994140625,2453.5400390625,2436.51000976562,2448.81005859375,2448.81005859375,466100
2018-04-26,2460.6201171875,2484.09008789062,2456.19995117188,2475.63989257812,2475.63989257812,520900
2018-04-27,2497.75,2508.1298828125,2484.18994140625,2492.39990234375,2492.39990234375,465000
2018-04-30,2502.2900390625,2515.3798828125,2500.21997070312,2515.3798828125,2515.3798828125,746300
2018-05-02,2515.75,2516.57006835938,2501.7099609375,2505.61010742188,2505.61010742188,807600
2018-05-03,2506.93994140625,2507.90991210938,2487.25,2487.25,2487.25,614100
2018-05-04,2486.46997070312,2487.77001953125,2461.3798828125,2461.3798828125,2461.3798828125,612000
2018-05-08,2468.44995117188,2479.75,2444.080078125,2449.81005859375,2449.81005859375,714700
2018-05-09,2450.7099609375,2451.86010742188,2428.7900390625,2443.97998046875,2443.97998046875,593400
2018-05-10,2458.669921875,2464.71997070312,2448.01000976562,2464.15991210938,2464.15991210938,490000
2018-05-11,2469.30004882812,2483.85009765625,2468.40991210938,2477.7099609375,2477.7099609375,599900
2018-05-14,2482.96997070312,2486.169921875,2471.90991210938,2476.11010742188,2476.11010742188,650700
2018-05-15,2476.8701171875,2480.21997070312,2456.19995117188,2458.5400390625,2458.5400390625,712600
2018-05-16,2446.63989257812,2465.55004882812,2444.669921875,2459.82006835938,2459.82006835938,691800
2018-05-17,2468.71997070312,2472.82006835938,2448.42993164062,2448.44995117188,2448.44995117188,596800
2018-05-18,2459.72998046875,2461.94995117188,2452.34008789062,2460.64990234375,2460.64990234375,431400
2018-05-21,2464.07006835938,2472.30004882812,2447.68994140625,2465.57006835938,2465.57006835938,588100
2018-05-23,2462.97998046875,2476.86010742188,2460.07006835938,2471.90991210938,2471.90991210938,752700
2018-05-24,2477.47998046875,2481.31005859375,2457.84008789062,2466.01000976562,2466.01000976562,638100
2018-05-25,2452.80004882812,2466.57006835938,2444.77001953125,2460.80004882812,2460.80004882812,653600
2018-05-28,2465,2482.39990234375,2463.13989257812,2478.9599609375,2478.9599609375,708400
2018-05-29,2476.69995117188,2479.67993164062,2457.17993164062,2457.25,2457.25,571800
2018-05-30,2446.81005859375,2449.8798828125,2399.580078125,2409.03002929688,2409.03002929688,575900
2018-05-31,2428.830078125,2430.14990234375,2415.5,2423.01000976562,2423.01000976562,816900
2018-06-01,2419.6298828125,2445.31005859375,2418.11010742188,2438.9599609375,2438.9599609375,603000
2018-06-04,2444.6201171875,2452.669921875,2441.25,2447.76000976562,2447.76000976562,438900
2018-06-05,2450.38989257812,2455.78002929688,2432.81005859375,2453.76000976562,2453.76000976562,501400
2018-06-07,2468.26000976562,2478.669921875,2466.01000976562,2470.580078125,2470.580078125,474100
2018-06-08,2467.8798828125,2468.27001953125,2449.11010742188,2451.580078125,2451.580078125,530200
2018-06-11,2454.25,2470.98999023438,2448,2470.14990234375,2470.14990234375,427900
2018-06-12,2474.78002929688,2479.56005859375,2462.84008789062,2468.830078125,2468.830078125,613200
2018-06-14,2450.86010742188,2451.94995117188,2422.3701171875,2423.47998046875,2423.47998046875,533400
2018-06-15,2432.17993164062,2433.51000976562,2403.96997070312,2404.0400390625,2404.0400390625,502400
2018-06-18,2404.67993164062,2405.56005859375,2365.31005859375,2376.23999023438,2376.23999023438,564800
2018-06-19,2373.1201171875,2379.48999023438,2336.5400390625,2340.11010742188,2340.11010742188,606300
2018-06-20,2350.23999023438,2374.52001953125,2345.21997070312,2363.90991210938,2363.90991210938,456000
2018-06-21,2364.15991210938,2370.580078125,2337.830078125,2337.830078125,2337.830078125,438300
2018-06-22,2323.080078125,2357.39990234375,2320.76000976562,2357.21997070312,2357.21997070312,537300
2018-06-25,2351.88989257812,2361.38989257812,2337.21997070312,2357.8798828125,2357.8798828125,415100
2018-06-26,2334.75,2358.01000976562,2326.61010742188,2350.919921875,2350.919921875,470900
2018-06-27,2349.3798828125,2358.7099609375,2342.02001953125,2342.03002929688,2342.03002929688,526600
2018-06-28,2327.3701171875,2335.35009765625,2310.80004882812,2314.23999023438,2314.23999023438,414400
2018-06-29,2325.67993164062,2329.580078125,2296.38989257812,2326.1298828125,2326.1298828125,396700
2018-07-02,2322.22998046875,2327.59008789062,2271.53002929688,2271.5400390625,2271.5400390625,393300
2018-07-03,2285.8798828125,2287.38989257812,2252.36010742188,2272.76000976562,2272.76000976562,366000
2018-07-04,2270.94995117188,2280.81005859375,2261.34008789062,2265.4599609375,2265.4599609375,315100
2018-07-05,2264.73999023438,2274.73999023438,2243.89990234375,2257.55004882812,2257.55004882812,346900
2018-07-06,2261.43994140625,2283.75,2247.35009765625,2272.8701171875,2272.8701171875,344400
2018-07-09,2276.919921875,2294.61010742188,2267.25,2285.80004882812,2285.80004882812,352600
2018-07-10,2299.09008789062,2305.84008789062,2292.1298828125,2294.15991210938,2294.15991210938,339900
2018-07-11,2277.21997070312,2287.080078125,2262.77001953125,2280.6201171875,2280.6201171875,423000
2018-07-12,2285.92993164062,2298.56005859375,2277.72998046875,2285.06005859375,2285.06005859375,364400
2018-07-13,2293.07006835938,2313.80004882812,2293.07006835938,2310.89990234375,2310.89990234375,291600
2018-07-16,2312.26000976562,2317.84008789062,2299.7900390625,2301.98999023438,2301.98999023438,297100
2018-07-17,2302.94995117188,2306.07006835938,2290.23999023438,2297.919921875,2297.919921875,379000
2018-07-18,2313.78002929688,2319.38989257812,2287.10009765625,2290.11010742188,2290.11010742188,402800
2018-07-19,2298.90991210938,2300.17993164062,2278.93994140625,2282.2900390625,2282.2900390625,464500
2018-07-20,2281.36010742188,2293.34008789062,2269.55004882812,2289.18994140625,2289.18994140625,353200
2018-07-23,2289.61010742188,2289.61010742188,2264.419921875,2269.31005859375,2269.31005859375,334300
2018-07-24,2273.14990234375,2284.42993164062,2263.1298828125,2280.19995117188,2280.19995117188,436100
2018-07-25,2284.3798828125,2292.61010742188,2269.669921875,2273.03002929688,2273.03002929688,309300
2018-07-26,2284.51000976562,2297.15991210938,2276.5400390625,2289.06005859375,2289.06005859375,303300
2018-07-27,2292.330078125,2295.27001953125,2284.43994140625,2294.98999023438,2294.98999023438,262100
2018-07-30,2290.17993164062,2296.90991210938,2283.2900390625,2293.51000976562,2293.51000976562,206500
2018-07-31,2292.22998046875,2296.60009765625,2286.02001953125,2295.26000976562,2295.26000976562,223900
2018-08-01,2301.169921875,2312.64990234375,2301.1298828125,2307.07006835938,2307.07006835938,219000
2018-08-02,2304.13989257812,2306.71997070312,2265.4599609375,2270.19995117188,2270.19995117188,352100
2018-08-03,2278.330078125,2288.92993164062,2272.93994140625,2287.67993164062,2287.67993164062,270500
2018-08-06,2288.51000976562,2300.3798828125,2283.26000976562,2286.5,2286.5,244500
2018-08-07,2290.85009765625,2301.27001953125,2279.55004882812,2300.15991210938,2300.15991210938,230300
2018-08-08,2305.72998046875,2308.60009765625,2298.40991210938,2301.44995117188,2301.44995117188,299700
2018-08-09,2303.0400390625,2303.7099609375,2291.90991210938,2303.7099609375,2303.7099609375,244900
2018-08-10,2295.2099609375,2295.6201171875,2277.88989257812,2282.7900390625,2282.7900390625,286200
2018-08-13,2266.42993164062,2271.82006835938,2238.55004882812,2248.44995117188,2248.44995117188,335400
2018-08-14,2249.86010742188,2262.52001953125,2247.3701171875,2258.90991210938,2258.90991210938,255200
2018-08-16,2233.05004882812,2244.080078125,2218.09008789062,2240.80004882812,2240.80004882812,312500
2018-08-17,2244.61010742188,2250.919921875,2240.13989257812,2247.05004882812,2247.05004882812,238400
2018-08-20,2257.35009765625,2264.419921875,2245.06005859375,2247.8798828125,2247.8798828125,271600
2018-08-21,2248.0400390625,2272.86010742188,2244.59008789062,2270.06005859375,2270.06005859375,294300
2018-08-22,2273.67993164062,2280.31005859375,2268.90991210938,2273.330078125,2273.330078125,269300
2018-08-23,2282.57006835938,2282.8798828125,2268.06005859375,2282.60009765625,2282.60009765625,338400
2018-08-24,2276.15991210938,2295.21997070312,2271.35009765625,2293.2099609375,2293.2099609375,347300
2018-08-27,2297.32006835938,2302.8701171875,2289.40991210938,2299.30004882812,2299.30004882812,307000
2018-08-28,2312.13989257812,2314.60009765625,2299.44995117188,2303.1201171875,2303.1201171875,276900
2018-08-29,2304.65991210938,2309.8798828125,2300.2099609375,2309.03002929688,2309.03002929688,268200
2018-08-30,2313.11010742188,2320.85009765625,2305.4599609375,2307.35009765625,2307.35009765625,286900
2018-08-31,2298.1298828125,2322.8798828125,2295.71997070312,2322.8798828125,2322.8798828125,255900
2018-09-03,2317.92993164062,2318.71997070312,2302.169921875,2307.03002929688,2307.03002929688,230500
2018-09-04,2308.9599609375,2317.73999023438,2302.169921875,2315.71997070312,2315.71997070312,277000
2018-09-05,2310.89990234375,2315.42993164062,2288.01000976562,2291.77001953125,2291.77001953125,358200
2018-09-06,2288.80004882812,2298.46997070312,2284.5,2287.61010742188,2287.61010742188,387500
2018-09-07,2278.080078125,2286.82006835938,2264.89990234375,2281.580078125,2281.580078125,357600
2018-09-10,2277.35009765625,2289.3798828125,2276.60009765625,2288.65991210938,2288.65991210938,312600
2018-09-11,2286.90991210938,2295.76000976562,2275.1298828125,2283.19995117188,2283.19995117188,368200
2018-09-12,2286.28002929688,2289.65991210938,2271,2282.919921875,2282.919921875,336800
2018-09-13,2285.28002929688,2291.51000976562,2281.6298828125,2286.22998046875,2286.22998046875,301300
2018-09-14,2304.69995117188,2318.64990234375,2304.14990234375,2318.25,2318.25,292200
2018-09-17,2314.55004882812,2314.55004882812,2295.26000976562,2303.01000976562,2303.01000976562,343200
2018-09-18,2287.72998046875,2310.96997070312,2287.419921875,2308.97998046875,2308.97998046875,309200
2018-09-19,2319.21997070312,2319.21997070312,2301.7900390625,2308.4599609375,2308.4599609375,350900
2018-09-20,2314.40991210938,2334.0400390625,2311.56005859375,2323.44995117188,2323.44995117188,289100
2018-09-21,2332.0400390625,2339.169921875,2325.1201171875,2339.169921875,2339.169921875,321700
2018-09-27,2331.69995117188,2355.42993164062,2331.69995117188,2355.42993164062,2355.42993164062,279200
2018-09-28,2356.1298828125,2356.6201171875,2337.46997070312,2343.07006835938,2343.07006835938,317900
2018-10-01,2349.63989257812,2352.11010742188,2333.32006835938,2338.8798828125,2338.8798828125,278300
2018-10-02,2338.28002929688,2341.55004882812,2308.89990234375,2309.57006835938,2309.57006835938,287900
2018-10-04,2311.06005859375,2311.06005859375,2270.21997070312,2274.48999023438,2274.48999023438,309500
2018-10-05,2269.93994140625,2278.1201171875,2250.98999023438,2267.52001953125,2267.52001953125,282100
2018-10-08,2258.72998046875,2273.7099609375,2253.830078125,2253.830078125,2253.830078125,214600
2018-10-10,2256.03002929688,2257.52001953125,2222.94995117188,2228.61010742188,2228.61010742188,365700
2018-10-11,2176.15991210938,2186.68994140625,2129.669921875,2129.669921875,2129.669921875,411900
2018-10-12,2131.65991210938,2173.01000976562,2129.1298828125,2161.85009765625,2161.85009765625,292600
2018-10-15,2155.34008789062,2159.22998046875,2141.28002929688,2145.1201171875,2145.1201171875,259200
2018-10-16,2156,2161.76000976562,2140.18994140625,2145.1201171875,2145.1201171875,222500
2018-10-17,2169.43994140625,2182.77001953125,2159.3701171875,2167.51000976562,2167.51000976562,275200
2018-10-18,2158.80004882812,2168.01000976562,2146.61010742188,2148.31005859375,2148.31005859375,321800
2018-10-19,2130.06005859375,2158.78002929688,2117.6201171875,2156.26000976562,2156.26000976562,351800
2018-10-22,2143.080078125,2163.2099609375,2136.919921875,2161.7099609375,2161.7099609375,308700
2018-10-23,2147.30004882812,2148.80004882812,2094.68994140625,2106.10009765625,2106.10009765625,373500
2018-10-24,2119.18994140625,2121.36010742188,2092.10009765625,2097.580078125,2097.580078125,399700
2018-10-25,2046.67004394531,2066.06005859375,2033.81005859375,2063.30004882812,2063.30004882812,376000
2018-10-26,2066.57006835938,2066.57006835938,2008.85998535156,2027.15002441406,2027.15002441406,449200
2018-10-29,2026.68005371094,2045.76000976562,1993.77001953125,1996.05004882812,1996.05004882812,427300
2018-10-30,1985.94995117188,2028.83996582031,1985.94995117188,2014.68994140625,2014.68994140625,441600
2018-10-31,2022.83996582031,2030.5,2006.63000488281,2029.68994140625,2029.68994140625,373000
2018-11-01,2035.10998535156,2054.21997070312,2023.43005371094,2024.4599609375,2024.4599609375,343800
2018-11-02,2046.60998535156,2096.6298828125,2044.93994140625,2096,2096,372000
2018-11-05,2079.81005859375,2080.48999023438,2052.669921875,2076.919921875,2076.919921875,361300
2018-11-06,2085.81005859375,2092.61010742188,2068.59008789062,2089.6201171875,2089.6201171875,315800
2018-11-07,2090.32006835938,2107.6298828125,2072.47998046875,2078.68994140625,2078.68994140625,485200
2018-11-08,2109.96997070312,2120.8798828125,2092.36010742188,2092.6298828125,2092.6298828125,328000
2018-11-09,2093.88989257812,2101.919921875,2082.46997070312,2086.09008789062,2086.09008789062,298100
2018-11-12,2065.919921875,2087.23999023438,2065.52001953125,2080.43994140625,2080.43994140625,295500
2018-11-13,2047.61999511719,2072.03002929688,2032.05004882812,2071.22998046875,2071.22998046875,383400
2018-11-14,2071.40991210938,2075.1201171875,2060.86010742188,2068.05004882812,2068.05004882812,339000
2018-11-15,2061.46997070312,2088.61010742188,2058.72998046875,2088.06005859375,2088.06005859375,351000
2018-11-16,2097.93994140625,2103.11010742188,2086.5400390625,2092.39990234375,2092.39990234375,301600
2018-11-19,2096.1298828125,2111.38989257812,2089.3701171875,2100.56005859375,2100.56005859375,273200
2018-11-20,2074.669921875,2089.5400390625,2074.669921875,2082.580078125,2082.580078125,281700
2018-11-21,2057.07006835938,2077.48999023438,2049.76000976562,2076.55004882812,2076.55004882812,267900
2018-11-22,2079.01000976562,2081.75,2066.19995117188,2069.94995117188,2069.94995117188,242500
2018-11-23,2073.26000976562,2075.90991210938,2047.9599609375,2057.47998046875,2057.47998046875,227200
2018-11-26,2060.169921875,2083.9599609375,2060.169921875,2083.02001953125,2083.02001953125,237700
2018-11-27,2091.75,2102.2900390625,2079.48999023438,2099.419921875,2099.419921875,239200
2018-11-28,2104.1298828125,2108.64990234375,2094.32006835938,2108.21997070312,2108.21997070312,300100
2018-11-29,2133.94995117188,2136.73999023438,2108.89990234375,2114.10009765625,2114.10009765625,307200
2018-11-30,2116.830078125,2122.330078125,2093.830078125,2096.86010742188,2096.86010742188,427400
2018-12-03,2127.78002929688,2136.63989257812,2113.60009765625,2131.92993164062,2131.92993164062,436600
2018-12-04,2125.669921875,2128.93994140625,2105.44995117188,2114.35009765625,2114.35009765625,507500
2018-12-05,2086.57006835938,2107.68994140625,2086.57006835938,2101.31005859375,2101.31005859375,492700
2018-12-06,2094.6201171875,2094.6201171875,2064,2068.68994140625,2068.68994140625,537400
2018-12-07,2081.67993164062,2086.84008789062,2065.6201171875,2075.76000976562,2075.76000976562,371600
2018-12-10,2048.44995117188,2061.78002929688,2043.2099609375,2053.7900390625,2053.7900390625,344200
2018-12-11,2058.15991210938,2060.93994140625,2047.17004394531,2052.96997070312,2052.96997070312,273900
2018-12-12,2062.77001953125,2084.77001953125,2061.1298828125,2082.57006835938,2082.57006835938,457100
2018-12-13,2087.42993164062,2104.42993164062,2084.3701171875,2095.55004882812,2095.55004882812,379800
2018-12-14,2095.63989257812,2095.63989257812,2061.39990234375,2069.3798828125,2069.3798828125,448200
2018-12-17,2071.2099609375,2075.92993164062,2065.51000976562,2071.09008789062,2071.09008789062,444500
2018-12-18,2057.38989257812,2074.31005859375,2054.26000976562,2062.11010742188,2062.11010742188,429500
2018-12-19,2068.94995117188,2080.64990234375,2063.01000976562,2078.84008789062,2078.84008789062,418800
2018-12-20,2063.69995117188,2071.080078125,2047.52001953125,2060.1201171875,2060.1201171875,421100
2018-12-21,2052.69995117188,2061.51000976562,2049.76000976562,2061.48999023438,2061.48999023438,311400
2018-12-24,2050.3798828125,2059.93994140625,2046.18005371094,2055.01000976562,2055.01000976562,285300
2018-12-26,2028.81005859375,2037.82995605469,2014.28002929688,2028.01000976562,2028.01000976562,321500
2018-12-27,2032.08996582031,2035.56994628906,2021.39001464844,2028.43994140625,2028.43994140625,398000
2018-12-28,2036.69995117188,2046.96997070312,2035.41003417969,2041.0400390625,2041.0400390625,352700
2019-01-02,2050.55004882812,2053.44995117188,2004.27001953125,2010,2010,326400
2019-01-03,2011.81005859375,2014.71997070312,1991.65002441406,1993.69995117188,1993.69995117188,428000
2019-01-04,1992.40002441406,2011.56005859375,1984.53002929688,2010.25,2010.25,409000
2019-01-07,2034.23999023438,2048.06005859375,2030.90002441406,2037.09997558594,2037.09997558594,440200
2019-01-08,2038.68005371094,2042.69995117188,2023.58996582031,2025.27001953125,2025.27001953125,397800
2019-01-09,2034.18994140625,2068.22998046875,2034.18994140625,2064.7099609375,2064.7099609375,386200
2019-01-10,2065.72998046875,2072.81005859375,2057.15991210938,2063.28002929688,2063.28002929688,382900
2019-01-11,2070.36010742188,2076.98999023438,2063.98999023438,2075.57006835938,2075.57006835938,380100
2019-01-14,2070.48999023438,2073.93994140625,2059.4599609375,2064.52001953125,2064.52001953125,432900
2019-01-15,2069.13989257812,2098.01000976562,2067.580078125,2097.17993164062,2097.17993164062,439500
2019-01-16,2098.64990234375,2106.35009765625,2091.919921875,2106.10009765625,2106.10009765625,500100
2019-01-17,2110.13989257812,2117.42993164062,2101.69995117188,2107.06005859375,2107.06005859375,475900
2019-01-18,2116.42993164062,2124.5,2113.43994140625,2124.28002929688,2124.28002929688,456700
2019-01-21,2133.8701171875,2134.169921875,2114.44995117188,2124.61010742188,2124.61010742188,398000
2019-01-22,2126.03002929688,2129.3701171875,2108.90991210938,2117.77001953125,2117.77001953125,419400
2019-01-23,2108.71997070312,2131.05004882812,2106.73999023438,2127.78002929688,2127.78002929688,408600
2019-01-24,2127.8798828125,2145.080078125,2125.47998046875,2145.03002929688,2145.03002929688,413700
2019-01-25,2147.919921875,2178.01000976562,2146.63989257812,2177.72998046875,2177.72998046875,410000
2019-01-28,2184.40991210938,2188.14990234375,2169.169921875,2177.30004882812,2177.30004882812,371600
2019-01-29,2172.830078125,2183.36010742188,2162.53002929688,2183.36010742188,2183.36010742188,552600
2019-01-30,2183.48999023438,2206.19995117188,2177.8798828125,2206.19995117188,2206.19995117188,480400
2019-01-31,2222.8798828125,2222.8798828125,2201.21997070312,2204.85009765625,2204.85009765625,545200
2019-02-01,2211.92993164062,2218.78002929688,2201.40991210938,2203.4599609375,2203.4599609375,479400
2019-02-07,2215.77001953125,2215.7900390625,2196.77001953125,2203.419921875,2203.419921875,427800
2019-02-08,2192.01000976562,2192.47998046875,2171.9599609375,2177.05004882812,2177.05004882812,391000
2019-02-11,2180.5400390625,2181.580078125,2167.36010742188,2180.72998046875,2180.72998046875,406100
2019-02-12,2182.7099609375,2195.05004882812,2178.59008789062,2190.46997070312,2190.46997070312,429900
2019-02-13,2200,2203.7099609375,2194.75,2201.47998046875,2201.47998046875,422000
2019-02-14,2195.919921875,2225.85009765625,2186.09008789062,2225.85009765625,2225.85009765625,573400
2019-02-15,2210.93994140625,2210.93994140625,2187.7099609375,2196.09008789062,2196.09008789062,400600
2019-02-18,2207.36010742188,2217.32006835938,2203,2210.88989257812,2210.88989257812,314400
2019-02-19,2208.9599609375,2213.8701171875,2193.34008789062,2205.6298828125,2205.6298828125,389100
2019-02-20,2216.73999023438,2234.67993164062,2213.830078125,2229.76000976562,2229.76000976562,374300
2019-02-21,2224.26000976562,2234.31005859375,2213.18994140625,2228.65991210938,2228.65991210938,382500
2019-02-22,2222.32006835938,2230.5,2217.080078125,2230.5,2230.5,409300
2019-02-25,2241.1298828125,2241.76000976562,2224.63989257812,2232.56005859375,2232.56005859375,339200
2019-02-26,2230.3701171875,2235.69995117188,2221.76000976562,2226.60009765625,2226.60009765625,332000
2019-02-27,2234.4599609375,2237.77001953125,2228.15991210938,2234.7900390625,2234.7900390625,301500
2019-02-28,2231.580078125,2233.92993164062,2195.43994140625,2195.43994140625,2195.43994140625,510000
2019-03-04,2210.96997070312,2216.02001953125,2188.56005859375,2190.65991210938,2190.65991210938,373200
2019-03-05,2183.35009765625,2185.73999023438,2171.330078125,2179.22998046875,2179.22998046875,313100
2019-03-06,2177.11010742188,2179.01000976562,2168.4599609375,2175.60009765625,2175.60009765625,328900
2019-03-07,2173.18994140625,2181.18994140625,2155.18994140625,2165.7900390625,2165.7900390625,292600
2019-03-08,2152.80004882812,2159.669921875,2137.43994140625,2137.43994140625,2137.43994140625,313300
2019-03-11,2140.2900390625,2145.31005859375,2125.5400390625,2138.10009765625,2138.10009765625,272100
2019-03-12,2154.61010742188,2161.68994140625,2150.9599609375,2157.17993164062,2157.17993164062,355300
2019-03-13,2152.65991210938,2154.11010742188,2134.15991210938,2148.40991210938,2148.40991210938,285600
2019-03-14,2154.35009765625,2158.34008789062,2142.31005859375,2155.67993164062,2155.67993164062,341000
2019-03-15,2152.9599609375,2181.77001953125,2152.59008789062,2176.11010742188,2176.11010742188,387100
2019-03-18,2179.68994140625,2183.89990234375,2172.34008789062,2179.48999023438,2179.48999023438,258000
2019-03-19,2183.03002929688,2183.76000976562,2171.05004882812,2177.6201171875,2177.6201171875,319700
2019-03-20,2171.40991210938,2177.18994140625,2152.2099609375,2177.10009765625,2177.10009765625,317600
2019-03-21,2183.11010742188,2200.32006835938,2173.69995117188,2184.8798828125,2184.8798828125,342700
2019-03-22,2192.71997070312,2195.419921875,2178.77001953125,2186.94995117188,2186.94995117188,333600
2019-03-25,2158.80004882812,2159.25,2143.69995117188,2144.86010742188,2144.86010742188,307100
2019-03-26,2152.97998046875,2153.89990234375,2143.6298828125,2148.80004882812,2148.80004882812,301300
2019-03-27,2147.18994140625,2152.90991210938,2132.419921875,2145.6201171875,2145.6201171875,363200
2019-03-28,2131.25,2136.39990234375,2120.92993164062,2128.10009765625,2128.10009765625,288000
2019-03-29,2138.44995117188,2143.30004882812,2124.07006835938,2140.669921875,2140.669921875,364600
2019-04-01,2153.31005859375,2171.48999023438,2153.31005859375,2168.28002929688,2168.28002929688,263300
2019-04-02,2177.19995117188,2181.3701171875,2171.84008789062,2177.17993164062,2177.17993164062,257500
2019-04-03,2176.81005859375,2203.2900390625,2172.830078125,2203.27001953125,2203.27001953125,358600
2019-04-04,2201.0400390625,2216.14990234375,2198.65991210938,2206.53002929688,2206.53002929688,431000
2019-04-05,2206.36010742188,2214.82006835938,2205.26000976562,2209.61010742188,2209.61010742188,517200
2019-04-08,2217.65991210938,2217.8701171875,2202.48999023438,2210.60009765625,2210.60009765625,347900
2019-04-09,2212.32006835938,2221.6201171875,2203.5400390625,2213.56005859375,2213.56005859375,414800
2019-04-10,2206.19995117188,2225.02001953125,2203.82006835938,2224.38989257812,2224.38989257812,399700
2019-04-11,2227.68994140625,2230.40991210938,2217.17993164062,2224.43994140625,2224.43994140625,402000
2019-04-12,2221.10009765625,2233.44995117188,2212.8798828125,2233.44995117188,2233.44995117188,449600
2019-04-15,2242.31005859375,2251.21997070312,2240.2900390625,2242.8798828125,2242.8798828125,404200
2019-04-16,2241.06005859375,2249.88989257812,2235.71997070312,2248.6298828125,2248.6298828125,569100
2019-04-17,2249.05004882812,2252.05004882812,2242.01000976562,2245.88989257812,2245.88989257812,452500
2019-04-18,2248.80004882812,2250.11010742188,2210.42993164062,2213.77001953125,2213.77001953125,573300
2019-04-19,2223.419921875,2225.3701171875,2215.580078125,2216.14990234375,2216.14990234375,525300
2019-04-22,2218.5,2227.93994140625,2207.25,2216.64990234375,2216.64990234375,494000
2019-04-23,2217.61010742188,2223.919921875,2212.13989257812,2220.51000976562,2220.51000976562,481200
2019-04-24,2229.75,2229.75,2190.2900390625,2201.03002929688,2201.03002929688,575100
2019-04-25,2195.46997070312,2200.88989257812,2187.43994140625,2190.5,2190.5,441100
2019-04-26,2178.1298828125,2186.52001953125,2168.14990234375,2179.31005859375,2179.31005859375,570200
2019-04-29,2183.40991210938,2216.42993164062,2181.82006835938,2216.42993164062,2216.42993164062,380800
2019-04-30,2213.42993164062,2215.77001953125,2186.330078125,2203.59008789062,2203.59008789062,381400
2019-05-02,2192.93994140625,2217.03002929688,2191.30004882812,2212.75,2212.75,369100
2019-05-03,2209.43994140625,2211.36010742188,2192.36010742188,2196.32006835938,2196.32006835938,617900
2019-05-07,2172.38989257812,2179.51000976562,2160.43994140625,2176.98999023438,2176.98999023438,484100
2019-05-08,2151.34008789062,2179.34008789062,2151.34008789062,2168.01000976562,2168.01000976562,456300
2019-05-09,2159.7900390625,2164.97998046875,2102.01000976562,2102.01000976562,2102.01000976562,743500
2019-05-10,2118.419921875,2124.919921875,2090.38989257812,2108.0400390625,2108.0400390625,714800
2019-05-13,2091.80004882812,2101.09008789062,2077.71997070312,2079.01000976562,2079.01000976562,505800
2019-05-14,2060.23999023438,2093.40991210938,2056.73999023438,2081.84008789062,2081.84008789062,696200
2019-05-15,2081.919921875,2100.01000976562,2076.4599609375,2092.78002929688,2092.78002929688,577800
2019-05-16,2094.8798828125,2095.580078125,2062.43994140625,2067.68994140625,2067.68994140625,745200
2019-05-17,2081.57006835938,2082.830078125,2053.7900390625,2055.80004882812,2055.80004882812,537400
2019-05-20,2066.53002929688,2077.10009765625,2051.68994140625,2055.7099609375,2055.7099609375,640200
2019-05-21,2056.94995117188,2076.46997070312,2053.68994140625,2061.25,2061.25,526900
2019-05-22,2068.64990234375,2070.80004882812,2048.01000976562,2064.86010742188,2064.86010742188,510000
2019-05-23,2063.25,2065.86010742188,2046.81994628906,2059.59008789062,2059.59008789062,509300
2019-05-24,2047.30004882812,2057.3798828125,2035.97998046875,2045.31005859375,2045.31005859375,480600
2019-05-27,2044.25,2055.1298828125,2035.86999511719,2044.2099609375,2044.2099609375,351600
2019-05-28,2044.77001953125,2058.419921875,2038.52001953125,2048.830078125,2048.830078125,494500
2019-05-29,2046.7099609375,2046.7099609375,2016.25,2023.31994628906,2023.31994628906,380900
2019-05-30,2024.32995605469,2040.66003417969,2023.91003417969,2038.80004882812,2038.80004882812,461900
2019-05-31,2029.03002929688,2048.89990234375,2022.96997070312,2041.73999023438,2041.73999023438,439200
2019-06-03,2031.03002929688,2070.580078125,2029.17004394531,2067.85009765625,2067.85009765625,387100
2019-06-04,2066.78002929688,2072.18994140625,2060.97998046875,2066.96997070312,2066.96997070312,436000
2019-06-05,2084.15991210938,2086.48999023438,2065.7099609375,2069.11010742188,2069.11010742188,380200
2019-06-07,2070.78002929688,2081.15991210938,2057.96997070312,2072.330078125,2072.330078125,368400
2019-06-10,2087.3701171875,2099.64990234375,2075.51000976562,2099.48999023438,2099.48999023438,457600
2019-06-11,2096.09008789062,2114.57006835938,2094.60009765625,2111.81005859375,2111.81005859375,550700
2019-06-12,2111.65991210938,2118.88989257812,2104.40991210938,2108.75,2108.75,693500
2019-06-13,2104.4599609375,2108.01000976562,2081.919921875,2103.14990234375,2103.14990234375,553400
2019-06-14,2096.32006835938,2103.02001953125,2087.46997070312,2095.40991210938,2095.40991210938,473400
2019-06-17,2091.7099609375,2103.59008789062,2087.25,2090.72998046875,2090.72998046875,561600
2019-06-18,2089.31005859375,2103.02001953125,2089.31005859375,2098.7099609375,2098.7099609375,601000
2019-06-19,2119.5400390625,2126.73999023438,2117.63989257812,2124.78002929688,2124.78002929688,863000
2019-06-20,2121.78002929688,2131.77001953125,2120.419921875,2131.2900390625,2131.2900390625,1007200
2019-06-21,2132.3798828125,2132.67993164062,2120.14990234375,2125.6201171875,2125.6201171875,692000
2019-06-24,2130.32006835938,2134.47998046875,2123.8798828125,2126.330078125,2126.330078125,669600
2019-06-25,2125.73999023438,2136.23999023438,2115.11010742188,2121.63989257812,2121.63989257812,643000
2019-06-26,2120.19995117188,2128.25,2115.71997070312,2121.85009765625,2121.85009765625,736900
2019-06-27,2120.72998046875,2141.27001953125,2118.21997070312,2134.32006835938,2134.32006835938,644900
2019-06-28,2135.06005859375,2139.23999023438,2123.96997070312,2130.6201171875,2130.6201171875,537300
2019-07-01,2147.23999023438,2147.23999023438,2126.8701171875,2129.73999023438,2129.73999023438,412300
2019-07-02,2122.07006835938,2130.86010742188,2112.52001953125,2122.02001953125,2122.02001953125,460800
2019-07-03,2120.75,2127.7099609375,2093.32006835938,2096.02001953125,2096.02001953125,522700
2019-07-04,2102.36010742188,2108.80004882812,2088.96997070312,2108.72998046875,2108.72998046875,446900
2019-07-05,2111,2115.42993164062,2096.22998046875,2110.59008789062,2110.59008789062,459400
2019-07-08,2091.90991210938,2092.5400390625,2063.78002929688,2064.169921875,2064.169921875,516000
2019-07-09,2070.35009765625,2075.30004882812,2052.03002929688,2052.03002929688,2052.03002929688,440100
2019-07-10,2061.55004882812,2068.19995117188,2056.47998046875,2058.78002929688,2058.78002929688,355700
2019-07-11,2070.59008789062,2088.23999023438,2070.2099609375,2080.580078125,2080.580078125,376700
2019-07-12,2083.53002929688,2090.42993164062,2077.35009765625,2086.65991210938,2086.65991210938,403900
2019-07-15,2083.38989257812,2088.34008789062,2073.10009765625,2082.47998046875,2082.47998046875,463500
2019-07-16,2084.4599609375,2096.669921875,2078.73999023438,2091.8701171875,2091.8701171875,682800
2019-07-17,2079.90991210938,2080.01000976562,2063.48999023438,2072.919921875,2072.919921875,761600
2019-07-18,2068.65991210938,2073.19995117188,2061.330078125,2066.55004882812,2066.55004882812,446600
2019-07-19,2080.2099609375,2096.72998046875,2076.51000976562,2094.36010742188,2094.36010742188,394900
2019-07-22,2090.35009765625,2099.34008789062,2087.51000976562,2093.34008789062,2093.34008789062,332600
2019-07-23,2095.76000976562,2106.38989257812,2095.3798828125,2101.44995117188,2101.44995117188,648100
2019-07-24,2097.15991210938,2105.67993164062,2080.65991210938,2082.30004882812,2082.30004882812,851400
2019-07-25,2085.669921875,2088.81005859375,2061.080078125,2074.47998046875,2074.47998046875,598600
2019-07-26,2063.35009765625,2068.15991210938,2054.63989257812,2066.26000976562,2066.26000976562,589100
2019-07-29,2059.1298828125,2063.1298828125,2025.01000976562,2029.47998046875,2029.47998046875,608700
2019-07-30,2035.31994628906,2044.58996582031,2032.60998535156,2038.68005371094,2038.68005371094,547000
2019-07-31,2036.4599609375,2041.16003417969,2010.94995117188,2024.55004882812,2024.55004882812,589400
2019-08-01,2015.08996582031,2032.22998046875,2009.32995605469,2017.33996582031,2017.33996582031,461700
2019-08-02,1995.31005859375,2005.31005859375,1987.11999511719,1998.13000488281,1998.13000488281,438500
2019-08-05,1985.93005371094,1987.64001464844,1945.39001464844,1946.97998046875,1946.97998046875,639600
2019-08-06,1900.35998535156,1948.53002929688,1891.81005859375,1917.5,1917.5,739600
2019-08-07,1925.32995605469,1929.2900390625,1901.60998535156,1909.7099609375,1909.7099609375,760800
2019-08-08,1926.28002929688,1937.94995117188,1915.81005859375,1920.60998535156,1920.60998535156,777200
2019-08-09,1940.06005859375,1946.93994140625,1936.14001464844,1937.75,1937.75,654300
2019-08-12,1941.53002929688,1949.18994140625,1933.25,1942.2900390625,1942.2900390625,427100
2019-08-13,1928.76000976562,1937.68005371094,1923.57995605469,1925.82995605469,1925.82995605469,660000
2019-08-14,1946.18005371094,1952.21997070312,1937.22998046875,1938.36999511719,1938.36999511719,699600
2019-08-16,1921.48999023438,1927.69995117188,1911.71997070312,1927.17004394531,1927.17004394531,421700
2019-08-19,1936.64001464844,1943.08996582031,1931.43994140625,1939.90002441406,1939.90002441406,481000
2019-08-20,1942.98999023438,1964.16003417969,1937.53002929688,1960.25,1960.25,463600
2019-08-21,1954.56994628906,1971.11999511719,1954.46997070312,1964.65002441406,1964.65002441406,391600
2019-08-22,1966.59997558594,1967.9599609375,1951.01000976562,1951.01000976562,1951.01000976562,435600
2019-08-23,1942.42004394531,1953.84997558594,1940.59997558594,1948.30004882812,1948.30004882812,381100
2019-08-26,1915.33996582031,1924.48999023438,1909.92004394531,1916.31005859375,1916.31005859375,324900
2019-08-27,1928.97998046875,1937.42004394531,1919.28002929688,1924.59997558594,1924.59997558594,427000
2019-08-28,1929.9599609375,1943.61999511719,1926.43005371094,1941.08996582031,1941.08996582031,284300
2019-08-29,1943.55004882812,1947.15002441406,1928.48999023438,1933.41003417969,1933.41003417969,285100
2019-08-30,1951.66003417969,1971.2099609375,1951.30004882812,1967.7900390625,1967.7900390625,317700
2019-09-02,1961.18994140625,1973.25,1958.58996582031,1969.18994140625,1969.18994140625,262200
2019-09-03,1966.5,1976.36999511719,1960.15002441406,1965.68994140625,1965.68994140625,342100
2019-09-04,1962.43005371094,1988.53002929688,1962.07995605469,1988.53002929688,1988.53002929688,348700
2019-09-05,1993.61999511719,2015.39001464844,1992.51000976562,2004.75,2004.75,488100
2019-09-06,2016.10998535156,2017.19995117188,2005.68994140625,2009.13000488281,2009.13000488281,384400
2019-09-09,2013.38000488281,2029.80004882812,2013.28002929688,2019.55004882812,2019.55004882812,511800
2019-09-10,2024.7900390625,2034.28002929688,2021.57995605469,2032.07995605469,2032.07995605469,504400
2019-09-11,2043.71997070312,2050.80004882812,2040.0400390625,2049.19995117188,2049.19995117188,429100
2019-09-16,2056.26000976562,2062.21997070312,2044.80004882812,2062.21997070312,2062.21997070312,493500
2019-09-17,2058.71997070312,2066.330078125,2055.169921875,2062.330078125,2062.330078125,508000
2019-09-18,2064.419921875,2075.6298828125,2058.52001953125,2070.72998046875,2070.72998046875,613100
2019-09-19,2070.53002929688,2089.81005859375,2070.53002929688,2080.35009765625,2080.35009765625,493000
2019-09-20,2080.86010742188,2092.3701171875,2077.30004882812,2091.52001953125,2091.52001953125,589900
2019-09-23,2087.69995117188,2095.5400390625,2085.60009765625,2091.69995117188,2091.69995117188,420900
2019-09-24,2090.18994140625,2101.6298828125,2085.90991210938,2101.0400390625,2101.0400390625,535800
2019-09-25,2093.46997070312,2095.27001953125,2072.40991210938,2073.38989257812,2073.38989257812,651600
2019-09-26,2082.65991210938,2087.330078125,2064.34008789062,2074.52001953125,2074.52001953125,430600
2019-09-27,2066.9599609375,2066.9599609375,2044.75,2049.92993164062,2049.92993164062,285900
2019-09-30,2045.77001953125,2064.98999023438,2042.01000976562,2063.05004882812,2063.05004882812,327600
2019-10-01,2062.43994140625,2077.47998046875,2057.90991210938,2072.419921875,2072.419921875,389300
2019-10-02,2058.22998046875,2058.22998046875,2031.91003417969,2031.91003417969,2031.91003417969,414500
2019-10-04,2028.40002441406,2039.43005371094,2020.68994140625,2020.68994140625,2020.68994140625,402900
2019-10-07,2031.53002929688,2034.93994140625,2016.18994140625,2021.72998046875,2021.72998046875,322200
2019-10-08,2029.36999511719,2046.81005859375,2024.63000488281,2046.25,2046.25,437500
2019-10-10,2030.13000488281,2040.88000488281,2010.90002441406,2028.15002441406,2028.15002441406,445800
2019-10-11,2048.080078125,2053.93994140625,2040.47998046875,2044.60998535156,2044.60998535156,381100
2019-10-14,2068.1298828125,2075.10009765625,2065.53002929688,2067.39990234375,2067.39990234375,511200
2019-10-15,2064.78002929688,2073.2099609375,2064.34008789062,2068.169921875,2068.169921875,464500
2019-10-16,2080.919921875,2090.01000976562,2073.80004882812,2082.830078125,2082.830078125,524500
2019-10-17,2081.76000976562,2087.14990234375,2072.48999023438,2077.93994140625,2077.93994140625,314200
2019-10-18,2082.22998046875,2088.5400390625,2057.88989257812,2060.68994140625,2060.68994140625,516700
2019-10-21,2067.96997070312,2067.96997070312,2059.330078125,2064.84008789062,2064.84008789062,606100
2019-10-22,2076.2900390625,2093.81005859375,2073.080078125,2088.86010742188,2088.86010742188,504100
2019-10-23,2086.81005859375,2088.25,2074.8798828125,2080.6201171875,2080.6201171875,429500
2019-10-24,2089.85009765625,2089.85009765625,2067.89990234375,2085.65991210938,2085.65991210938,367700
2019-10-25,2091.15991210938,2091.23999023438,2079.30004882812,2087.88989257812,2087.88989257812,348700
2019-10-28,2096.669921875,2104.38989257812,2089.76000976562,2093.60009765625,2093.60009765625,269200
2019-10-29,2103.919921875,2105.169921875,2088.0400390625,2092.68994140625,2092.68994140625,357700
2019-10-30,2093.51000976562,2093.51000976562,2075.5400390625,2080.27001953125,2080.27001953125,415600
2019-10-31,2089.21997070312,2103.7099609375,2083.47998046875,2083.47998046875,2083.47998046875,461300
2019-11-01,2084.7900390625,2100.419921875,2081.53002929688,2100.19995117188,2100.19995117188,418300
2019-11-04,2111.32006835938,2130.830078125,2111.32006835938,2130.23999023438,2130.23999023438,476300
2019-11-05,2133.65991210938,2143.1201171875,2128.69995117188,2142.63989257812,2142.63989257812,400600
2019-11-06,2142.68994140625,2156.22998046875,2138.830078125,2144.14990234375,2144.14990234375,410100
2019-11-07,2141.05004882812,2147.01000976562,2135.44995117188,2144.2900390625,2144.2900390625,425700
2019-11-08,2154.17993164062,2155.93994140625,2133.75,2137.22998046875,2137.22998046875,574100
2019-11-11,2139.07006835938,2139.07006835938,2119.07006835938,2124.09008789062,2124.09008789062,617300
2019-11-12,2131.26000976562,2140.93994140625,2121.80004882812,2140.919921875,2140.919921875,610400
2019-11-13,2132.47998046875,2133.3701171875,2118.669921875,2122.44995117188,2122.44995117188,664400
2019-11-14,2127.5400390625,2139.22998046875,2121.32006835938,2139.22998046875,2139.22998046875,521100
2019-11-15,2137.9599609375,2165.02001953125,2135.26000976562,2162.17993164062,2162.17993164062,556200
2019-11-18,2161.88989257812,2165.88989257812,2151.96997070312,2160.68994140625,2160.68994140625,489200
2019-11-19,2151.0400390625,2154.40991210938,2137.01000976562,2153.23999023438,2153.23999023438,826900
2019-11-20,2140.06005859375,2145.96997070312,2123.80004882812,2125.32006835938,2125.32006835938,581100
2019-11-21,2123.64990234375,2125.36010742188,2088.18994140625,2096.60009765625,2096.60009765625,579600
2019-11-22,2098.88989257812,2106.419921875,2093.98999023438,2101.9599609375,2101.9599609375,519900
2019-11-25,2117.13989257812,2130.0400390625,2116.07006835938,2123.5,2123.5,397700
2019-11-26,2129.27001953125,2139.63989257812,2120.85009765625,2121.35009765625,2121.35009765625,532600
2019-11-27,2134.46997070312,2136.30004882812,2118.07006835938,2127.85009765625,2127.85009765625,367800
2019-11-28,2116.92993164062,2127.75,2116.580078125,2118.60009765625,2118.60009765625,335200
2019-11-29,2125.53002929688,2125.53002929688,2085.10009765625,2087.9599609375,2087.9599609375,433300
2019-12-02,2097.55004882812,2103.8701171875,2088.919921875,2091.919921875,2091.919921875,385300
2019-12-03,2075.02001953125,2085.7099609375,2066.60009765625,2084.07006835938,2084.07006835938,450000
2019-12-04,2070.84008789062,2072.90991210938,2057.44995117188,2068.88989257812,2068.88989257812,347000
2019-12-05,2078.31005859375,2084.2900390625,2053.56005859375,2060.73999023438,2060.73999023438,472200
2019-12-06,2072.43994140625,2084.43994140625,2070.169921875,2081.85009765625,2081.85009765625,440200
2019-12-09,2091.93994140625,2093.81005859375,2084.31005859375,2088.64990234375,2088.64990234375,393100
2019-12-10,2081.21997070312,2100.47998046875,2080.15991210938,2098,2098,500100
2019-12-11,2098.28002929688,2109.21997070312,2092.47998046875,2105.6201171875,2105.6201171875,668700
2019-12-12,2120.1298828125,2138.92993164062,2120.1298828125,2137.35009765625,2137.35009765625,584600
2019-12-13,2164.6298828125,2170.25,2159.44995117188,2170.25,2170.25,540000
2019-12-16,2168.05004882812,2175.01000976562,2166.2900390625,2168.14990234375,2168.14990234375,377100
2019-12-17,2179.39990234375,2196.01000976562,2171.09008789062,2195.67993164062,2195.67993164062,599500
2019-12-18,2194.919921875,2204.0400390625,2187.32006835938,2194.76000976562,2194.76000976562,591100
2019-12-19,2199.419921875,2204.72998046875,2186.59008789062,2196.56005859375,2196.56005859375,643100
2019-12-20,2205.57006835938,2206.82006835938,2194.80004882812,2204.17993164062,2204.17993164062,646700
2019-12-23,2208.21997070312,2209.19995117188,2196.42993164062,2203.7099609375,2203.7099609375,502000
2019-12-24,2206.22998046875,2206.22998046875,2187.580078125,2190.080078125,2190.080078125,570000
2019-12-26,2192.21997070312,2198.01000976562,2183.89990234375,2197.92993164062,2197.92993164062,571300
2019-12-27,2183.69995117188,2215.55004882812,2177.39990234375,2204.2099609375,2204.2099609375,490200
2019-12-30,2202.6201171875,2208.0400390625,2195.64990234375,2197.669921875,2197.669921875,416400
2020-01-02,2201.2099609375,2202.32006835938,2171.84008789062,2175.169921875,2175.169921875,494700
2020-01-03,2192.580078125,2203.3798828125,2165.38989257812,2176.4599609375,2176.4599609375,631600
2020-01-06,2154.96997070312,2164.419921875,2149.94995117188,2155.07006835938,2155.07006835938,592700
2020-01-07,2166.60009765625,2181.6201171875,2164.27001953125,2175.5400390625,2175.5400390625,568200
2020-01-08,2156.27001953125,2162.32006835938,2137.71997070312,2151.31005859375,2151.31005859375,913800
2020-01-09,2182.19995117188,2186.44995117188,2172.15991210938,2186.44995117188,2186.44995117188,592600
2020-01-10,2189.47998046875,2206.919921875,2188.10009765625,2206.38989257812,2206.38989257812,594500
2020-01-13,2204.48999023438,2230.42993164062,2204.48999023438,2229.26000976562,2229.26000976562,488300
2020-01-14,2243.06005859375,2250.7900390625,2232.93994140625,2238.8798828125,2238.8798828125,835900
2020-01-15,2229.80004882812,2238.2099609375,2223.38989257812,2230.97998046875,2230.97998046875,746200
2020-01-16,2231.92993164062,2249.09008789062,2225.40991210938,2248.05004882812,2248.05004882812,808300
2020-01-17,2261.57006835938,2268.7099609375,2245.580078125,2250.57006835938,2250.57006835938,580800
2020-01-20,2261.39990234375,2277.22998046875,2258.09008789062,2262.63989257812,2262.63989257812,545500
2020-01-21,2259.81005859375,2266.31005859375,2238.25,2239.68994140625,2239.68994140625,770300
2020-01-22,2238.53002929688,2269.27001953125,2235.1298828125,2267.25,2267.25,608500
2020-01-23,2254.5400390625,2260.6298828125,2241.93994140625,2246.1298828125,2246.1298828125,509600
2020-01-28,2192.21997070312,2199.92993164062,2166.22998046875,2176.71997070312,2176.71997070312,808500
2020-01-29,2188.17993164062,2195.44995117188,2172.330078125,2185.28002929688,2185.28002929688,692300
2020-01-30,2181.5400390625,2187.44995117188,2139.71997070312,2148,2148,602700
2020-01-31,2160.60009765625,2167.22998046875,2119.01000976562,2119.01000976562,2119.01000976562,710500
2020-02-03,2086.61010742188,2126.72998046875,2082.73999023438,2118.8798828125,2118.8798828125,836700
2020-02-04,2121.21997070312,2162.32006835938,2120.53002929688,2157.89990234375,2157.89990234375,624600
2020-02-05,2177.26000976562,2181.52001953125,2154.8798828125,2165.6298828125,2165.6298828125,574400
2020-02-06,2184.77001953125,2229.98999023438,2182.25,2227.93994140625,2227.93994140625,695000
2020-02-07,2221.48999023438,2223.919921875,2198.13989257812,2211.94995117188,2211.94995117188,800200
2020-02-10,2185.6298828125,2203.38989257812,2180.51000976562,2201.07006835938,2201.07006835938,609600
2020-02-11,2213.5,2233.32006835938,2211.25,2223.1201171875,2223.1201171875,526000
2020-02-12,2225.94995117188,2242.23999023438,2214.77001953125,2238.3798828125,2238.3798828125,632500
2020-02-13,2245.71997070312,2255.48999023438,2230.30004882812,2232.9599609375,2232.9599609375,638700
2020-02-14,2232.7099609375,2251.5,2221.89990234375,2243.59008789062,2243.59008789062,597200
2020-02-17,2243.07006835938,2250.05004882812,2230.26000976562,2242.169921875,2242.169921875,458200
2020-02-18,2225.97998046875,2232.92993164062,2205.2099609375,2208.8798828125,2208.8798828125,470400
2020-02-19,2222.51000976562,2226,2191.19995117188,2210.34008789062,2210.34008789062,590800
2020-02-20,2223.55004882812,2228.17993164062,2186.71997070312,2195.5,2195.5,709600
2020-02-21,2165.64990234375,2184.42993164062,2160.28002929688,2162.84008789062,2162.84008789062,635500
2020-02-24,2114.0400390625,2120.06005859375,2079.03002929688,2079.0400390625,2079.0400390625,948600
2020-02-25,2075.55004882812,2105.48999023438,2071.5,2103.61010742188,2103.61010742188,1565600
2020-02-26,2064.07006835938,2089.63989257812,2059.1298828125,2076.77001953125,2076.77001953125,810900
2020-02-27,2073.8701171875,2085.39990234375,2049.14990234375,2054.88989257812,2054.88989257812,562500
2020-02-28,2020.17004394531,2031.01000976562,1980.81994628906,1987.01000976562,1987.01000976562,671600
2020-03-02,1997.03002929688,2017.06994628906,1969.33996582031,2002.51000976562,2002.51000976562,528100
2020-03-03,2051.85009765625,2051.85009765625,2009.39001464844,2014.15002441406,2014.15002441406,615700
2020-03-04,2005.81005859375,2063.59008789062,2005.81005859375,2059.330078125,2059.330078125,606300
2020-03-05,2078.11010742188,2089.080078125,2059.98999023438,2085.26000976562,2085.26000976562,675200
2020-03-06,2053.09008789062,2062.57006835938,2032.13000488281,2040.21997070312,2040.21997070312,865600
2020-03-09,1981.02001953125,1989.5,1946.90002441406,1954.77001953125,1954.77001953125,666900
2020-03-10,1942.84997558594,1968.17004394531,1934.71997070312,1962.93005371094,1962.93005371094,638600
2020-03-11,1965.67004394531,1967.69995117188,1898.27001953125,1908.27001953125,1908.27001953125,679700
2020-03-12,1887.96997070312,1897.22998046875,1808.56005859375,1834.32995605469,1834.32995605469,850300
2020-03-13,1722.68005371094,1809.31005859375,1680.59997558594,1771.43994140625,1771.43994140625,1035300
2020-03-16,1805.43005371094,1805.43005371094,1714.38000488281,1714.85998535156,1714.85998535156,682000
2020-03-17,1640.83996582031,1722.96997070312,1637.88000488281,1672.43994140625,1672.43994140625,649800
2020-03-18,1686.11999511719,1693.94995117188,1591.11999511719,1591.19995117188,1591.19995117188,728000
2020-03-19,1626.08996582031,1626.08996582031,1439.43005371094,1457.64001464844,1457.64001464844,977700
2020-03-20,1498.48999023438,1566.81994628906,1466.47998046875,1566.15002441406,1566.15002441406,817000
2020-03-23,1474.44995117188,1516.75,1458.41003417969,1482.4599609375,1482.4599609375,647200
2020-03-24,1523.68994140625,1609.96997070312,1508.68005371094,1609.96997070312,1609.96997070312,679300
2020-03-25,1668.18994140625,1707.64001464844,1645.28002929688,1704.76000976562,1704.76000976562,872800
2020-03-26,1699.10998535156,1735.75,1679.22998046875,1686.23999023438,1686.23999023438,992500
2020-03-27,1756.06994628906,1759.05004882812,1668.2099609375,1717.72998046875,1717.72998046875,1077500
2020-03-30,1670.33996582031,1729.63000488281,1659.94995117188,1717.11999511719,1717.11999511719,767800
2020-03-31,1739.2900390625,1757.81005859375,1722.61999511719,1754.64001464844,1754.64001464844,1037500
2020-04-01,1737.28002929688,1762.43994140625,1685.36999511719,1685.4599609375,1685.4599609375,1243600
2020-04-02,1693.53002929688,1726.76000976562,1664.13000488281,1724.85998535156,1724.85998535156,766300
2020-04-03,1731.17004394531,1743.91003417969,1706.68005371094,1725.43994140625,1725.43994140625,1000100
2020-04-06,1745.25,1794.18994140625,1742.67004394531,1791.88000488281,1791.88000488281,1219400
2020-04-07,1826.71997070312,1838.96997070312,1791.92004394531,1823.59997558594,1823.59997558594,951400
2020-04-08,1815.75,1842.16003417969,1801.80004882812,1807.14001464844,1807.14001464844,907500
2020-04-09,1838.08996582031,1839.32995605469,1818.30004882812,1836.2099609375,1836.2099609375,920600
2020-04-10,1835.76000976562,1861.09997558594,1824.43005371094,1860.69995117188,1860.69995117188,992500
2020-04-13,1853.30004882812,1853.30004882812,1825.76000976562,1825.76000976562,1825.76000976562,1017800
2020-04-14,1846.41003417969,1864.4599609375,1837.17004394531,1857.07995605469,1857.07995605469,886800
2020-04-16,1839.51000976562,1862.22998046875,1828.13000488281,1857.06994628906,1857.06994628906,878300
2020-04-17,1893.31005859375,1926.02001953125,1893.18994140625,1914.53002929688,1914.53002929688,1667500
2020-04-20,1908.33996582031,1925.25,1893.17004394531,1898.35998535156,1898.35998535156,1087500
2020-04-21,1886.78002929688,1898.31994628906,1841.66003417969,1879.38000488281,1879.38000488281,1174300
2020-04-22,1855.51000976562,1897.90002441406,1844.84997558594,1896.15002441406,1896.15002441406,820400
2020-04-23,1907.44995117188,1923.53002929688,1895.97998046875,1914.72998046875,1914.72998046875,683700
2020-04-24,1906.06994628906,1908.2900390625,1880.7099609375,1889.01000976562,1889.01000976562,933900
2020-04-27,1897.06005859375,1929.81994628906,1894.61999511719,1922.77001953125,1922.77001953125,735700
2020-04-28,1931.25,1941.7900390625,1911.63000488281,1934.08996582031,1934.08996582031,1173500
2020-04-29,1936.89001464844,1957.51000976562,1934.31005859375,1947.56005859375,1947.56005859375,1984200
2020-05-04,1906.42004394531,1918.66003417969,1894.2900390625,1895.36999511719,1895.36999511719,1146900
2020-05-06,1919.44995117188,1928.76000976562,1905.55004882812,1928.76000976562,1928.76000976562,1082200
2020-05-07,1922,1938.5,1918.56994628906,1928.60998535156,1928.60998535156,775700
2020-05-08,1944.93994140625,1956.89001464844,1942.5400390625,1945.81994628906,1945.81994628906,784500
2020-05-11,1953.51000976562,1960.4599609375,1932.86999511719,1935.40002441406,1935.40002441406,591100
2020-05-12,1938.61999511719,1938.61999511719,1905.17004394531,1922.17004394531,1922.17004394531,799900
2020-05-13,1897.5,1940.42004394531,1897.23999023438,1940.42004394531,1940.42004394531,618800
2020-05-14,1922.43994140625,1931.43005371094,1913.48999023438,1924.9599609375,1924.9599609375,760600
2020-05-15,1937.63000488281,1938.58996582031,1913.2099609375,1927.28002929688,1927.28002929688,866400
2020-05-18,1934.51000976562,1943.06994628906,1921.14001464844,1937.10998535156,1937.10998535156,761700
2020-05-19,1977.46997070312,1983.77001953125,1968.58996582031,1980.60998535156,1980.60998535156,773400
2020-05-20,1972.11999511719,1992.19995117188,1972.11999511719,1989.64001464844,1989.64001464844,699400
2020-05-21,2003.19995117188,2004.94995117188,1993,1998.31005859375,1998.31005859375,600900
2020-05-22,2001.59997558594,2002.65002441406,1961.40002441406,1970.13000488281,1970.13000488281,847500
2020-05-25,1980.51000976562,1994.90002441406,1967.83996582031,1994.59997558594,1994.59997558594,641500
2020-05-26,2001,2029.89001464844,1997.93994140625,2029.78002929688,2029.78002929688,1017800
2020-05-27,2027.90002441406,2043.43994140625,2019.81994628906,2031.19995117188,2031.19995117188,1178800
2020-05-28,2047.07995605469,2054.52001953125,2003.75,2028.5400390625,2028.5400390625,1172100
2020-05-29,2018.36999511719,2038.89001464844,2006.61999511719,2029.59997558594,2029.59997558594,1086200
2020-06-01,2037.0400390625,2065.3798828125,2035.63000488281,2065.080078125,2065.080078125,997300
2020-06-02,2061.44995117188,2089.42993164062,2059.13989257812,2087.18994140625,2087.18994140625,1000300
2020-06-03,2108.55004882812,2156.55004882812,2107.68994140625,2147,2147,1152000
2020-06-04,2181.63989257812,2191,2139.67993164062,2151.17993164062,2151.17993164062,1393300
2020-06-05,2151.169921875,2187.25,2138.17993164062,2181.8701171875,2181.8701171875,854600
2020-06-08,2215.60009765625,2217.2099609375,2174.9599609375,2184.2900390625,2184.2900390625,854000
2020-06-09,2206.22998046875,2212.169921875,2166.01000976562,2188.919921875,2188.919921875,817100
2020-06-10,2187.90991210938,2200.67993164062,2178.1201171875,2195.68994140625,2195.68994140625,706300
2020-06-11,2184.36010742188,2200.71997070312,2148.51000976562,2176.78002929688,2176.78002929688,827400
2020-06-12,2088.23999023438,2137.1201171875,2084.6298828125,2132.30004882812,2132.30004882812,689900
2020-06-15,2114.40991210938,2129.669921875,2030.81994628906,2030.81994628906,2030.81994628906,1071600
2020-06-16,2091.09008789062,2138.080078125,2079.02001953125,2138.05004882812,2138.05004882812,973300
2020-06-17,2133.17993164062,2154.3701171875,2105.26000976562,2141.05004882812,2141.05004882812,927200
2020-06-18,2134.35009765625,2145.1298828125,2120.2900390625,2133.47998046875,2133.47998046875,767100
2020-06-19,2153.09008789062,2153.57006835938,2108.90991210938,2141.32006835938,2141.32006835938,1079300
2020-06-22,2126.3798828125,2142.8798828125,2122.10009765625,2126.72998046875,2126.72998046875,789400
2020-06-23,2149.1298828125,2158.14990234375,2110.51000976562,2131.23999023438,2131.23999023438,917600
2020-06-24,2145.92993164062,2171.86010742188,2143.90991210938,2161.51000976562,2161.51000976562,913900
2020-06-25,2130.44995117188,2143.330078125,2112.3701171875,2112.3701171875,2112.3701171875,1017700
2020-06-26,2137.46997070312,2142.0400390625,2115.25,2134.64990234375,2134.64990234375,761000
2020-06-29,2105.5400390625,2120.5,2087.84008789062,2093.47998046875,2093.47998046875,643200
2020-06-30,2124.3798828125,2134.3798828125,2108.26000976562,2108.330078125,2108.330078125,708600
2020-07-01,2128.81005859375,2133.55004882812,2101.330078125,2106.69995117188,2106.69995117188,1116200
2020-07-02,2116.71997070312,2135.3701171875,2113.97998046875,2135.3701171875,2135.3701171875,1092000
2020-07-03,2147.88989257812,2153.5400390625,2135.30004882812,2152.40991210938,2152.40991210938,770100
2020-07-06,2158.94995117188,2191.28002929688,2157.7099609375,2187.92993164062,2187.92993164062,666900
2020-07-07,2202.0400390625,2206.7900390625,2164.03002929688,2164.169921875,2164.169921875,847400
2020-07-08,2166.76000976562,2173.830078125,2150.88989257812,2158.8798828125,2158.8798828125,677800
2020-07-09,2171.14990234375,2181.47998046875,2166.73999023438,2167.89990234375,2167.89990234375,619400
2020-07-10,2171.43994140625,2171.52001953125,2140.2900390625,2150.25,2150.25,887000
2020-07-13,2170.51000976562,2188.80004882812,2163.07006835938,2186.06005859375,2186.06005859375,650200
2020-07-14,2176.42993164062,2183.61010742188,2165.60009765625,2183.61010742188,2183.61010742188,811000
2020-07-15,2208.72998046875,2216.96997070312,2190.65991210938,2201.8798828125,2201.8798828125,830300
2020-07-16,2203.30004882812,2207.34008789062,2177.82006835938,2183.76000976562,2183.76000976562,784600
2020-07-17,2187.85009765625,2204.19995117188,2187.85009765625,2201.18994140625,2201.18994140625,569300
2020-07-20,2209.59008789062,2209.59008789062,2183.830078125,2198.19995117188,2198.19995117188,686800
2020-07-21,2219.18994140625,2234.86010742188,2214.28002929688,2228.830078125,2228.830078125,918500
2020-07-22,2228.19995117188,2238.86010742188,2221.6201171875,2228.65991210938,2228.65991210938,856200
2020-07-23,2227.23999023438,2227.23999023438,2202.98999023438,2216.18994140625,2216.18994140625,934400
2020-07-24,2196.72998046875,2219.57006835938,2195.48999023438,2200.43994140625,2200.43994140625,1001000
2020-07-27,2203.47998046875,2231.25,2203.47998046875,2217.86010742188,2217.86010742188,928600
2020-07-28,2238.18994140625,2266,2237.2099609375,2256.98999023438,2256.98999023438,866700
2020-07-29,2258.35009765625,2276.7900390625,2252.23999023438,2263.15991210938,2263.15991210938,899300
2020-07-30,2275.330078125,2281.330078125,2263.81005859375,2267.01000976562,2267.01000976562,712900
2020-07-31,2278.53002929688,2281.40991210938,2248.48999023438,2249.3701171875,2249.3701171875,739700
2020-08-03,2251.64990234375,2254.3798828125,2237.0400390625,2251.0400390625,2251.0400390625,648500
2020-08-04,2272.330078125,2284.65991210938,2269.68994140625,2279.96997070312,2279.96997070312,722800
2020-08-05,2289.22998046875,2312.13989257812,2283.94995117188,2311.86010742188,2311.86010742188,841200
2020-08-06,2322.63989257812,2352.47998046875,2322.63989257812,2342.61010742188,2342.61010742188,797000
2020-08-07,2349.25,2362.23999023438,2333.6201171875,2351.669921875,2351.669921875,812600
2020-08-10,2353.919921875,2390.51000976562,2349.330078125,2386.3798828125,2386.3798828125,784400
2020-08-11,2396.11010742188,2429.36010742188,2396.11010742188,2418.669921875,2418.669921875,843400
2020-08-12,2414.78002929688,2432.85009765625,2393.27001953125,2432.35009765625,2432.35009765625,752900
2020-08-13,2455.28002929688,2458.169921875,2412.48999023438,2437.53002929688,2437.53002929688,907200
2020-08-14,2427.85009765625,2435,2383.68994140625,2407.48999023438,2407.48999023438,968100
2020-08-18,2405.84008789062,2419.64990234375,2336.78002929688,2348.23999023438,2348.23999023438,909800
2020-08-19,2370.8701171875,2380.10009765625,2353.169921875,2360.5400390625,2360.5400390625,638000
2020-08-20,2339.90991210938,2357.080078125,2270.85009765625,2274.21997070312,2274.21997070312,903700
2020-08-21,2306.15991210938,2329.34008789062,2280.96997070312,2304.59008789062,2304.59008789062,865700
2020-08-24,2309.3798828125,2332.330078125,2283.47998046875,2329.830078125,2329.830078125,649300
2020-08-25,2352.14990234375,2369.78002929688,2340.96997070312,2366.72998046875,2366.72998046875,771600
2020-08-26,2367.73999023438,2374.67993164062,2336.97998046875,2369.32006835938,2369.32006835938,956500
2020-08-27,2371.94995117188,2373.36010742188,2344.3798828125,2344.44995117188,2344.44995117188,913700
2020-08-28,2362.21997070312,2379.26000976562,2345.28002929688,2353.80004882812,2353.80004882812,1297300
2020-08-31,2377.09008789062,2381.5,2326.06005859375,2326.169921875,2326.169921875,1647800
2020-09-01,2340.18994140625,2355.89990234375,2331.22998046875,2349.55004882812,2349.55004882812,1085200
2020-09-02,2363.42993164062,2369.57006835938,2341.2900390625,2364.3701171875,2364.3701171875,1429300
2020-09-03,2383.26000976562,2401.78002929688,2382.22998046875,2395.89990234375,2395.89990234375,981500
2020-09-04,2332.67993164062,2371.02001953125,2332.67993164062,2368.25,2368.25,1351000
2020-09-07,2369.85009765625,2387.48999023438,2362.419921875,2384.21997070312,2384.21997070312,1197400
2020-09-08,2402.65991210938,2407.56005859375,2391.42993164062,2401.90991210938,2401.90991210938,979400
2020-09-09,2372.53002929688,2388.85009765625,2369.1201171875,2375.81005859375,2375.81005859375,946200
2020-09-10,2404.830078125,2406.67993164062,2388.56005859375,2396.47998046875,2396.47998046875,1064600
2020-09-11,2389.76000976562,2397.56005859375,2374,2396.68994140625,2396.68994140625,882900
2020-09-14,2418.330078125,2429.07006835938,2410.7900390625,2427.90991210938,2427.90991210938,963100
2020-09-15,2434.59008789062,2444.57006835938,2423.7900390625,2443.580078125,2443.580078125,850000
2020-09-16,2442.71997070312,2450.53002929688,2429.93994140625,2435.919921875,2435.919921875,772900
2020-09-17,2430.77001953125,2437.02001953125,2398.68994140625,2406.169921875,2406.169921875,853700
2020-09-18,2413.53002929688,2417.81005859375,2396.330078125,2412.39990234375,2412.39990234375,756500
2020-09-21,2412.43994140625,2427.169921875,2379.3798828125,2389.38989257812,2389.38989257812,1042000
2020-09-22,2388.13989257812,2388.48999023438,2323.580078125,2332.59008789062,2332.59008789062,1051000
2020-09-23,2352.56005859375,2354.4599609375,2287.43994140625,2333.23999023438,2333.23999023438,735000
2020-09-24,2295.6201171875,2309.73999023438,2268.8798828125,2272.69995117188,2272.69995117188,714900
2020-09-25,2295.18994140625,2296.36010742188,2267.6298828125,2278.7900390625,2278.7900390625,698000
2020-09-28,2301.15991210938,2314.81005859375,2291.32006835938,2308.080078125,2308.080078125,606000
2020-09-29,2331.51000976562,2339.830078125,2320.0400390625,2327.88989257812,2327.88989257812,646200
2020-10-05,2330.55004882812,2364.72998046875,2327.830078125,2358,2358,763600
2020-10-06,2369.169921875,2378.28002929688,2355.38989257812,2365.89990234375,2365.89990234375,861800
2020-10-07,2350.82006835938,2387.44995117188,2347.82006835938,2386.93994140625,2386.93994140625,735800
2020-10-08,2408.48999023438,2409.01000976562,2383.82006835938,2391.9599609375,2391.9599609375,961700
2020-10-12,2404.17993164062,2409.419921875,2393.73999023438,2403.72998046875,2403.72998046875,843600
2020-10-13,2416.85009765625,2418.88989257812,2385.8701171875,2403.14990234375,2403.14990234375,724900
2020-10-14,2403.73999023438,2405.56005859375,2375.5400390625,2380.47998046875,2380.47998046875,901200
2020-10-15,2375.90991210938,2376.72998046875,2348.73999023438,2361.2099609375,2361.2099609375,1165500
2020-10-16,2363.8798828125,2370.72998046875,2325.03002929688,2341.53002929688,2341.53002929688,920200
2020-10-19,2352.919921875,2364.25,2344.77001953125,2346.73999023438,2346.73999023438,930800
2020-10-20,2333.56005859375,2358.40991210938,2322.06005859375,2358.40991210938,2358.40991210938,870300
2020-10-21,2363.03002929688,2371.73999023438,2356.32006835938,2370.86010742188,2370.86010742188,810400
2020-10-22,2355.61010742188,2360.21997070312,2339.72998046875,2355.05004882812,2355.05004882812,814000
2020-10-23,2364.84008789062,2368.57006835938,2344.48999023438,2360.81005859375,2360.81005859375,890400
2020-10-26,2366.5,2374.5,2342.580078125,2343.90991210938,2343.90991210938,822300
2020-10-27,2328.65991210938,2349.330078125,2321.22998046875,2330.84008789062,2330.84008789062,666900
2020-10-28,2324.17993164062,2345.4599609375,2316.46997070312,2345.26000976562,2345.26000976562,705200
2020-10-29,2312.34008789062,2330.169921875,2299.90991210938,2326.669921875,2326.669921875,509100
2020-10-30,2319.56005859375,2320.19995117188,2266.92993164062,2267.14990234375,2267.14990234375,795600
2020-11-02,2276.61010742188,2302.63989257812,2267.94995117188,2300.15991210938,2300.15991210938,678500
2020-11-03,2315.81005859375,2344.77001953125,2315.30004882812,2343.31005859375,2343.31005859375,887400
2020-11-04,2361.32006835938,2371.13989257812,2339.94995117188,2357.32006835938,2357.32006835938,986800
2020-11-05,2373.40991210938,2413.7900390625,2370.85009765625,2413.7900390625,2413.7900390625,702000
2020-11-06,2421.7900390625,2431.11010742188,2404.96997070312,2416.5,2416.5,825600
2020-11-09,2438.6298828125,2459.14990234375,2434.52001953125,2447.19995117188,2447.19995117188,1354900
2020-11-10,2453.94995117188,2457.93994140625,2435.59008789062,2452.830078125,2452.830078125,1464200
2020-11-11,2459.5,2488.0400390625,2459.5,2485.8701171875,2485.8701171875,1272000
2020-11-12,2482.67993164062,2488.7900390625,2467.0400390625,2475.6201171875,2475.6201171875,1278100
2020-11-13,2470.1201171875,2495.77001953125,2460.9599609375,2493.8701171875,2493.8701171875,1072400
2020-11-16,2507.4599609375,2546.3701171875,2507.4599609375,2543.03002929688,2543.03002929688,1239100
2020-11-17,2544.1201171875,2556.09008789062,2533.34008789062,2539.14990234375,2539.14990234375,1266400
2020-11-18,2548.85009765625,2553.94995117188,2536.78002929688,2545.63989257812,2545.63989257812,923500
2020-11-19,2536.88989257812,2548.94995117188,2529.53002929688,2547.419921875,2547.419921875,976500
2020-11-20,2544.06005859375,2558.2099609375,2539.7900390625,2553.5,2553.5,1128900
2020-11-23,2560.0400390625,2605.580078125,2553.69995117188,2602.59008789062,2602.59008789062,1648900
2020-11-24,2616.28002929688,2628.52001953125,2605.03002929688,2617.76000976562,2617.76000976562,1364500
2020-11-25,2637.34008789062,2642.26000976562,2583.40991210938,2601.5400390625,2601.5400390625,1410100
2020-11-26,2605.72998046875,2625.96997070312,2592.42993164062,2625.90991210938,2625.90991210938,1387400
2020-11-27,2624.80004882812,2635,2618.46997070312,2633.44995117188,2633.44995117188,1196000
2020-11-30,2648.05004882812,2648.65991210938,2591.34008789062,2591.34008789062,2591.34008789062,1311800
2020-12-01,2613.419921875,2638.8701171875,2611.669921875,2634.25,2634.25,1150300
2020-12-02,2645.8798828125,2677.26000976562,2644.53002929688,2675.89990234375,2675.89990234375,1076200
2020-12-03,2686.3798828125,2696.21997070312,2672.85009765625,2696.21997070312,2696.21997070312,817100
2020-12-04,2705.34008789062,2742.77001953125,2705.34008789062,2731.44995117188,2731.44995117188,1778900
2020-12-07,2738.11010742188,2754.01000976562,2711.419921875,2745.43994140625,2745.43994140625,1499300
2020-12-08,2745.1298828125,2747.44995117188,2700.919921875,2700.92993164062,2700.92993164062,1414300
2020-12-09,2703.30004882812,2755.46997070312,2703.30004882812,2755.46997070312,2755.46997070312,1252300
2020-12-10,2750.34008789062,2765.4599609375,2718.69995117188,2746.4599609375,2746.4599609375,1227700
2020-12-11,2754.15991210938,2781.0400390625,2754.15991210938,2770.06005859375,2770.06005859375,1215200
2020-12-14,2769.42993164062,2782.7900390625,2755.2900390625,2762.19995117188,2762.19995117188,1113600
2020-12-15,2763.64990234375,2769.3701171875,2735.080078125,2756.82006835938,2756.82006835938,1092700
2020-12-16,2763.63989257812,2781.080078125,2761.5,2771.7900390625,2771.7900390625,1166600
2020-12-17,2769.88989257812,2772.7099609375,2742.25,2770.42993164062,2770.42993164062,1015500
2020-12-18,2770.94995117188,2782.14990234375,2762.80004882812,2772.17993164062,2772.17993164062,1058300
2020-12-21,2771.97998046875,2780.23999023438,2747.09008789062,2778.64990234375,2778.64990234375,1139500
2020-12-22,2772.03002929688,2774.21997070312,2733.63989257812,2733.67993164062,2733.67993164062,1260800
2020-12-23,2737.73999023438,2769.080078125,2716.28002929688,2759.82006835938,2759.82006835938,1121300
2020-12-24,2762.60009765625,2812.15991210938,2762.60009765625,2806.86010742188,2806.86010742188,1030900
2020-12-28,2820.94995117188,2834.59008789062,2799.56005859375,2808.60009765625,2808.60009765625,1006200
2020-12-29,2810.55004882812,2823.43994140625,2792.06005859375,2820.51000976562,2820.51000976562,1046800
2020-12-30,2820.36010742188,2878.2099609375,2809.35009765625,2873.46997070312,2873.46997070312,1074000
2021-01-04,2874.5,2946.5400390625,2869.11010742188,2944.44995117188,2944.44995117188,1026500
2021-01-05,2943.669921875,2990.57006835938,2921.84008789062,2990.57006835938,2990.57006835938,1519900
2021-01-06,2993.34008789062,3027.15991210938,2961.3701171875,2968.2099609375,2968.2099609375,1793400
2021-01-07,2980.75,3055.28002929688,2980.75,3031.67993164062,3031.67993164062,1524700
2021-01-08,3040.11010742188,3161.11010742188,3040.11010742188,3152.17993164062,3152.17993164062,1297900
2021-01-11,3161.89990234375,3266.22998046875,3096.18994140625,3148.44995117188,3148.44995117188,1712500
2021-01-12,3145.8701171875,3154.7900390625,3047.56005859375,3125.94995117188,3125.94995117188,1388600
2021-01-13,3128.26000976562,3164.3701171875,3109.6298828125,3148.2900390625,3148.2900390625,1578000
2021-01-14,3148.64990234375,3159.03002929688,3128.71997070312,3149.92993164062,3149.92993164062,1233200
2021-01-15,3153.84008789062,3189.89990234375,3085.89990234375,3085.89990234375,3085.89990234375,1331100
2021-01-18,3079.89990234375,3079.89990234375,3003.88989257812,3013.92993164062,3013.92993164062,1472000
2021-01-19,3013.05004882812,3092.65991210938,3013.05004882812,3092.65991210938,3092.65991210938,1353300
2021-01-20,3115.0400390625,3145.01000976562,3077.14990234375,3114.55004882812,3114.55004882812,1192700
2021-01-21,3123.27001953125,3163.2099609375,3123.27001953125,3160.84008789062,3160.84008789062,1360100
2021-01-22,3163.830078125,3185.26000976562,3140.60009765625,3140.6298828125,3140.6298828125,1111200
2021-01-25,3144.01000976562,3212.21997070312,3142.80004882812,3208.98999023438,3208.98999023438,1093700
2021-01-26,3203.9599609375,3209.17993164062,3132.669921875,3140.31005859375,3140.31005859375,873000
2021-01-27,3143.4599609375,3182.53002929688,3118.88989257812,3122.56005859375,3122.56005859375,924600
2021-01-28,3114.97998046875,3114.97998046875,3046.63989257812,3069.05004882812,3069.05004882812,1310500
2021-01-29,3078.72998046875,3100.21997070312,2962.69995117188,2976.2099609375,2976.2099609375,995100
2021-02-01,2976.81005859375,3056.8701171875,2947.23999023438,3056.53002929688,3056.53002929688,969300
2021-02-02,3065.56005859375,3138.94995117188,3065.56005859375,3096.81005859375,3096.81005859375,887300
2021-02-03,3108.419921875,3142.26000976562,3091.85009765625,3129.67993164062,3129.67993164062,901800
2021-02-04,3135.02001953125,3135.02001953125,3068.4599609375,3087.55004882812,3087.55004882812,1460900
2021-02-05,3098.48999023438,3124.6201171875,3081.78002929688,3120.6298828125,3120.6298828125,1193500
2021-02-08,3113.6298828125,3128.5400390625,3085.59008789062,3091.23999023438,3091.23999023438,1277200
2021-02-09,3102.25,3129.65991210938,3084.669921875,3084.669921875,3084.669921875,2145400
2021-02-10,3088.1298828125,3111.8798828125,3064.25,3100.580078125,3100.580078125,2152900
2021-02-15,3108.69995117188,3156.56005859375,3108.69995117188,3147,3147,1604700
2021-02-16,3151.85009765625,3180.93994140625,3145.84008789062,3163.25,3163.25,1944400
2021-02-17,3162.94995117188,3162.94995117188,3115.47998046875,3133.72998046875,3133.72998046875,1784100
2021-02-18,3131.73999023438,3140.39990234375,3086.65991210938,3086.65991210938,3086.65991210938,1860600
2021-02-19,3089.9599609375,3109.669921875,3040.28002929688,3107.6201171875,3107.6201171875,3455500
2021-02-22,3114.03002929688,3142.47998046875,3079.15991210938,3079.75,3079.75,1832000
2021-02-23,3069.26000976562,3094.2900390625,3035.4599609375,3070.09008789062,3070.09008789062,2357800
2021-02-24,3070.580078125,3092.05004882812,2993.4599609375,2994.97998046875,2994.97998046875,1560900
2021-02-25,3026.46997070312,3099.80004882812,3026.46997070312,3099.68994140625,3099.68994140625,1280100
2021-02-26,3089.48999023438,3089.48999023438,2988.28002929688,3012.94995117188,3012.94995117188,1361300
2021-03-02,3021.67993164062,3096.5,3020.73999023438,3043.8701171875,3043.8701171875,1749900
2021-03-03,3041.19995117188,3083.0400390625,3029.3701171875,3082.98999023438,3082.98999023438,2236700
2021-03-04,3076.8798828125,3076.8798828125,3022.5400390625,3043.48999023438,3043.48999023438,1279000
2021-03-05,3036.15991210938,3036.97998046875,2982.44995117188,3026.26000976562,3026.26000976562,1187200
2021-03-08,3031.98999023438,3055.64990234375,2992.63989257812,2996.11010742188,2996.11010742188,1928300
2021-03-09,2989.9599609375,3000.48999023438,2929.36010742188,2976.1201171875,2976.1201171875,1534200
2021-03-10,2980.76000976562,3013.94995117188,2951.53002929688,2958.1201171875,2958.1201171875,905600
2021-03-11,2964.30004882812,3028.3701171875,2964.30004882812,3013.69995117188,3013.69995117188,1349200
2021-03-12,3030.72998046875,3061.42993164062,3030.72998046875,3054.38989257812,3054.38989257812,1669100
2021-03-15,3057.06005859375,3065.169921875,3036.13989257812,3045.7099609375,3045.7099609375,1161800
2021-03-16,3049.22998046875,3071.5400390625,3049.22998046875,3067.169921875,3067.169921875,1123900
2021-03-17,3067.76000976562,3069.57006835938,3027.19995117188,3047.5,3047.5,815000
2021-03-18,3054.92993164062,3090.18994140625,3054.92993164062,3066.01000976562,3066.01000976562,1232600
2021-03-19,3063.01000976562,3063.01000976562,3022.48999023438,3039.53002929688,3039.53002929688,1068500
2021-03-22,3040.01000976562,3048.11010742188,3019.60009765625,3035.4599609375,3035.4599609375,915700
2021-03-23,3038.25,3058.7900390625,3003.05004882812,3004.73999023438,3004.73999023438,1331200
2021-03-24,2996.32006835938,3006.5400390625,2971.0400390625,2996.35009765625,2996.35009765625,978400
2021-03-25,2995.669921875,3024.6298828125,2987.830078125,3008.330078125,3008.330078125,940400
2021-03-26,3012.7900390625,3041.86010742188,3012.7900390625,3041.01000976562,3041.01000976562,1036400
2021-03-29,3047.7099609375,3054.2099609375,3025.38989257812,3036.0400390625,3036.0400390625,1288800
2021-03-30,3038.43994140625,3074.57006835938,3038.43994140625,3070,3070,1023100
2021-03-31,3073.38989257812,3093.88989257812,3061.39990234375,3061.419921875,3061.419921875,1147000
2021-04-01,3073.77001953125,3090.8798828125,3069.67993164062,3087.39990234375,3087.39990234375,922700
2021-04-02,3104.71997070312,3121.580078125,3101.60009765625,3112.80004882812,3112.80004882812,792700
2021-04-05,3121.22998046875,3127.19995117188,3101.86010742188,3120.830078125,3120.830078125,1084800
2021-04-06,3123.80004882812,3139.2900390625,3110.18994140625,3127.080078125,3127.080078125,1279000
2021-04-07,3129.07006835938,3146.18994140625,3125.330078125,3137.40991210938,3137.40991210938,1984800
2021-04-08,3137.25,3145.81005859375,3122.09008789062,3143.26000976562,3143.26000976562,1357300
2021-04-09,3146.51000976562,3156.0400390625,3125.23999023438,3131.8798828125,3131.8798828125,1823200
2021-04-12,3134.8798828125,3147.27001953125,3127.90991210938,3135.59008789062,3135.59008789062,1048800
2021-04-13,3138.2099609375,3173.26000976562,3136.98999023438,3169.080078125,3169.080078125,1741300
2021-04-14,3169.94995117188,3188.32006835938,3162.1201171875,3182.3798828125,3182.3798828125,1776300
2021-04-15,3180.72998046875,3204.47998046875,3178.98999023438,3194.330078125,3194.330078125,1313000
2021-04-16,3194.080078125,3206.76000976562,3185.669921875,3198.6201171875,3198.6201171875,985300
2021-04-19,3201.11010742188,3214.44995117188,3193.39990234375,3198.84008789062,3198.84008789062,1060600
2021-04-20,3198.31005859375,3220.82006835938,3195.9599609375,3220.69995117188,3220.69995117188,1296200
2021-04-21,3214.23999023438,3214.23999023438,3165.48999023438,3171.65991210938,3171.65991210938,1767100
2021-04-22,3174.52001953125,3196.96997070312,3174.52001953125,3177.52001953125,3177.52001953125,1752700
2021-04-23,3173.46997070312,3185.96997070312,3146.5400390625,3181.080078125,3181.080078125,1829400
2021-04-26,3191.34008789062,3217.53002929688,3191.34008789062,3217.53002929688,3217.53002929688,1298300
2021-04-27,3218.30004882812,3223.05004882812,3203.25,3215.419921875,3215.419921875,1534200
2021-04-28,3217.2099609375,3219.68994140625,3176.55004882812,3181.46997070312,3181.46997070312,1412600
2021-04-29,3184.75,3200.40991210938,3161.06005859375,3174.07006835938,3174.07006835938,1222400
2021-04-30,3176.42993164062,3179.42993164062,3143.3798828125,3147.86010742188,3147.86010742188,1358200
2021-05-03,3149.05004882812,3174.26000976562,3120.69995117188,3127.19995117188,3127.19995117188,1040300
2021-05-04,3131.38989257812,3147.3798828125,3109.78002929688,3147.3701171875,3147.3701171875,1282900
2021-05-06,3147.71997070312,3174.15991210938,3133.63989257812,3160.42993164062,3160.42993164062,1238600
2021-05-07,3179.6298828125,3205.11010742188,3179.6298828125,3197.19995117188,3197.19995117188,988900
2021-05-10,3201.4599609375,3255.89990234375,3201.4599609375,3249.30004882812,3249.30004882812,1010200
2021-05-11,3239.919921875,3239.919921875,3192.25,3209.42993164062,3209.42993164062,1095700
2021-05-12,3209.36010742188,3212.830078125,3138.0400390625,3161.65991210938,3161.65991210938,1423200
2021-05-13,3146.96997070312,3161.92993164062,3103.8798828125,3122.11010742188,3122.11010742188,1094900
2021-05-14,3131.35009765625,3162.31005859375,3131.35009765625,3153.32006835938,3153.32006835938,835600
2021-05-17,3163.2099609375,3173.01000976562,3121.32006835938,3134.52001953125,3134.52001953125,770700
2021-05-18,3135.3798828125,3176.39990234375,3135.3798828125,3173.05004882812,3173.05004882812,785400
2021-05-20,3174.53002929688,3174.53002929688,3140.47998046875,3162.28002929688,3162.28002929688,773600
2021-05-21,3171.90991210938,3198.01000976562,3149.4599609375,3156.419921875,3156.419921875,796800
2021-05-24,3155.90991210938,3163.27001953125,3137.81005859375,3144.30004882812,3144.30004882812,587500
2021-05-25,3152.92993164062,3173.10009765625,3148.30004882812,3171.32006835938,3171.32006835938,612700
2021-05-26,3171.90991210938,3183.96997070312,3160.30004882812,3168.42993164062,3168.42993164062,1269000
2021-05-27,3170.84008789062,3173.86010742188,3142.3701171875,3165.51000976562,3165.51000976562,1081100
2021-05-28,3172.09008789062,3198.65991210938,3171.85009765625,3188.72998046875,3188.72998046875,966000
2021-05-31,3192.06005859375,3204.2900390625,3179.8701171875,3203.919921875,3203.919921875,1123100
2021-06-01,3207.1201171875,3233.169921875,3199.17993164062,3221.8701171875,3221.8701171875,1471800
2021-06-02,3224.39990234375,3241.07006835938,3216.10009765625,3224.22998046875,3224.22998046875,1495200
2021-06-03,3224.9599609375,3258.5,3224.9599609375,3247.42993164062,3247.42993164062,1584000
2021-06-04,3246.169921875,3246.18994140625,3218.669921875,3240.080078125,3240.080078125,1391800
2021-06-07,3244.59008789062,3264.40991210938,3233.39990234375,3252.1201171875,3252.1201171875,1731900
2021-06-08,3251.830078125,3264.669921875,3242.56005859375,3247.830078125,3247.830078125,1950600
2021-06-09,3245.080078125,3246.48999023438,3216.17993164062,3216.17993164062,3216.17993164062,1964500
2021-06-10,3216.93994140625,3235.38989257812,3210.31005859375,3224.63989257812,3224.63989257812,1896200
2021-06-11,3226.97998046875,3251.580078125,3226.97998046875,3249.32006835938,3249.32006835938,1643800
2021-06-14,3249.60009765625,3254.48999023438,3238.51000976562,3252.1298828125,3252.1298828125,1663900
2021-06-15,3253.169921875,3262.80004882812,3247.89990234375,3258.6298828125,3258.6298828125,1733900
2021-06-16,3259.06005859375,3281.9599609375,3256.67993164062,3278.67993164062,3278.67993164062,2345200
2021-06-17,3276.19995117188,3276.19995117188,3251.32006835938,3264.9599609375,3264.9599609375,1848200
2021-06-18,3265.67993164062,3275.76000976562,3262.580078125,3267.92993164062,3267.92993164062,1626400
2021-06-21,3264.17993164062,3264.17993164062,3225.56005859375,3240.7900390625,3240.7900390625,1508100
2021-06-22,3245.7900390625,3267.6298828125,3245.7900390625,3263.8798828125,3263.8798828125,1666300
2021-06-23,3265.72998046875,3281.8798828125,3263.07006835938,3276.18994140625,3276.18994140625,1068300
2021-06-24,3281.46997070312,3292.27001953125,3277.85009765625,3286.10009765625,3286.10009765625,1300300
2021-06-25,3289.17993164062,3316.080078125,3289.17993164062,3302.84008789062,3302.84008789062,1197600
2021-06-28,3305.4599609375,3311.68994140625,3291.30004882812,3301.88989257812,3301.88989257812,1427400
2021-06-29,3305.26000976562,3305.419921875,3276.6298828125,3286.67993164062,3286.67993164062,1211800
2021-06-30,3288.6298828125,3305.72998046875,3288.6298828125,3296.67993164062,3296.67993164062,1608900
2021-07-01,3297.919921875,3300.1201171875,3278.10009765625,3282.06005859375,3282.06005859375,1157700
2021-07-02,3282.81005859375,3295.67993164062,3278.18994140625,3281.78002929688,3281.78002929688,1019400
2021-07-05,3285.2900390625,3298.92993164062,3285.2900390625,3293.2099609375,3293.2099609375,849700
2021-07-06,3295.43994140625,3313.51000976562,3295.43994140625,3305.2099609375,3305.2099609375,1028800
2021-07-07,3303.59008789062,3303.59008789062,3277.65991210938,3285.34008789062,3285.34008789062,1146800
2021-07-08,3287.67993164062,3295.7099609375,3252.40991210938,3252.67993164062,3252.67993164062,1515200
2021-07-09,3245.52001953125,3245.52001953125,3188.80004882812,3217.94995117188,3217.94995117188,1307500
2021-07-12,3227.51000976562,3251.44995117188,3227.51000976562,3246.46997070312,3246.46997070312,1134600
2021-07-13,3253.23999023438,3273.89990234375,3253.23999023438,3271.3798828125,3271.3798828125,1149500
2021-07-14,3270.09008789062,3270.09008789062,3250.44995117188,3264.81005859375,3264.81005859375,908300
2021-07-15,3269.330078125,3286.580078125,3263.09008789062,3286.21997070312,3286.21997070312,1171900
2021-07-16,3282.88989257812,3282.88989257812,3259.32006835938,3276.90991210938,3276.90991210938,1066100
2021-07-19,3258.8701171875,3258.8701171875,3236.38989257812,3244.0400390625,3244.0400390625,1095100
2021-07-20,3223.23999023438,3234.80004882812,3214.419921875,3232.69995117188,3232.69995117188,979300
2021-07-21,3251.1298828125,3252.25,3215.90991210938,3215.90991210938,3215.90991210938,990300
2021-07-22,3235.169921875,3253.75,3235.169921875,3250.2099609375,3250.2099609375,713000
2021-07-23,3253.43994140625,3264.01000976562,3246.09008789062,3254.419921875,3254.419921875,804600
2021-07-26,3265.98999023438,3265.98999023438,3224.94995117188,3224.94995117188,3224.94995117188,826100
2021-07-27,3244.42993164062,3252.85009765625,3230.75,3232.53002929688,3232.53002929688,991600
2021-07-28,3226.06005859375,3243.2099609375,3210.89990234375,3236.86010742188,3236.86010742188,868200
2021-07-29,3248.48999023438,3252.26000976562,3232.5,3242.64990234375,3242.64990234375,694500
2021-07-30,3234.3701171875,3234.65991210938,3202.32006835938,3202.32006835938,3202.32006835938,687500
2021-08-02,3218.419921875,3223.0400390625,3194,3223.0400390625,3223.0400390625,560800
2021-08-03,3221.57006835938,3237.13989257812,3213.19995117188,3237.13989257812,3237.13989257812,653200
2021-08-04,3246.64990234375,3283.13989257812,3237.55004882812,3280.3798828125,3280.3798828125,632000
2021-08-05,3283.25,3296.169921875,3273.330078125,3276.1298828125,3276.1298828125,680000
2021-08-06,3277.06005859375,3288.169921875,3261.92993164062,3270.36010742188,3270.36010742188,939900
2021-08-09,3258.10009765625,3275.14990234375,3251.73999023438,3260.419921875,3260.419921875,706500
2021-08-10,3272.43994140625,3272.43994140625,3232.4599609375,3243.18994140625,3243.18994140625,729000
2021-08-11,3235.36010742188,3250.2099609375,3217.64990234375,3220.6201171875,3220.6201171875,616700
2021-08-12,3213.580078125,3229.59008789062,3202.11010742188,3208.3798828125,3208.3798828125,642600
2021-08-13,3205.75,3209.71997070312,3146.76000976562,3171.2900390625,3171.2900390625,695600
2021-08-17,3169.73999023438,3179.48999023438,3134.47998046875,3143.09008789062,3143.09008789062,690800
2021-08-18,3141.97998046875,3175.8798828125,3124.56005859375,3158.92993164062,3158.92993164062,622800
2021-08-19,3140.01000976562,3158,3097.830078125,3097.830078125,3097.830078125,655600
2021-08-20,3111.10009765625,3122.09008789062,3049.03002929688,3060.51000976562,3060.51000976562,672100
2021-08-23,3086.81005859375,3111.81005859375,3064.64990234375,3090.2099609375,3090.2099609375,570400
2021-08-24,3119.69995117188,3142.580078125,3115.22998046875,3138.30004882812,3138.30004882812,586500
2021-08-25,3148.1298828125,3161,3124.25,3146.81005859375,3146.81005859375,600400
2021-08-26,3151.30004882812,3159.3701171875,3121.0400390625,3128.53002929688,3128.53002929688,727700
2021-08-27,3116.2900390625,3143.01000976562,3106.96997070312,3133.89990234375,3133.89990234375,520700
2021-08-30,3160.8701171875,3164.8701171875,3132.77001953125,3144.18994140625,3144.18994140625,602900
2021-08-31,3144.48999023438,3199.88989257812,3130.30004882812,3199.27001953125,3199.27001953125,660500
2021-09-01,3195.669921875,3215.1298828125,3185.80004882812,3207.02001953125,3207.02001953125,746700
2021-09-02,3198.03002929688,3204.01000976562,3171.78002929688,3175.85009765625,3175.85009765625,753900
2021-09-03,3189.7099609375,3203.080078125,3181.63989257812,3201.06005859375,3201.06005859375,638300
2021-09-06,3196.30004882812,3206.25,3186.7900390625,3203.330078125,3203.330078125,726200
2021-09-07,3200.07006835938,3201.76000976562,3176.81005859375,3187.419921875,3187.419921875,758700
2021-09-08,3178.73999023438,3187.55004882812,3157.07006835938,3162.98999023438,3162.98999023438,858500
2021-09-09,3146.63989257812,3158.60009765625,3111.48999023438,3114.69995117188,3114.69995117188,927400
2021-09-10,3121.09008789062,3131.5400390625,3103.3798828125,3125.76000976562,3125.76000976562,723100
2021-09-13,3117.35009765625,3139.1298828125,3109.01000976562,3127.86010742188,3127.86010742188,731200
2021-09-14,3137.32006835938,3164.31005859375,3137.32006835938,3148.830078125,3148.830078125,712400
2021-09-15,3147.2099609375,3164.01000976562,3138.80004882812,3153.39990234375,3153.39990234375,615200
2021-09-16,3165.3798828125,3167.67993164062,3126.64990234375,3130.09008789062,3130.09008789062,612000
2021-09-17,3127.75,3142.1298828125,3112.51000976562,3140.51000976562,3140.51000976562,587500
2021-09-23,3123.63989257812,3131.6298828125,3107.97998046875,3127.580078125,3127.580078125,623000
2021-09-24,3140.72998046875,3146.86010742188,3119.39990234375,3125.23999023438,3125.23999023438,752800
2021-09-27,3121.69995117188,3146.35009765625,3119.26000976562,3133.63989257812,3133.63989257812,882600
2021-09-28,3133.39990234375,3134.4599609375,3095.71997070312,3097.919921875,3097.919921875,894100
2021-09-29,3055.5,3069.0400390625,3030.60009765625,3060.27001953125,3060.27001953125,820700
2021-09-30,3054.8701171875,3079.42993164062,3046.42993164062,3068.82006835938,3068.82006835938,885400
2021-10-01,3056.2099609375,3062.60009765625,3015.01000976562,3019.17993164062,3019.17993164062,854800
2021-10-05,2998.169921875,2998.169921875,2940.59008789062,2962.169921875,2962.169921875,839400
2021-10-06,2986.06005859375,2993.46997070312,2908.30004882812,2908.31005859375,2908.31005859375,900500
2021-10-07,2936.8701171875,2961.53002929688,2927.60009765625,2959.4599609375,2959.4599609375,594600
2021-10-08,2977.82006835938,2978.080078125,2949.01000976562,2956.30004882812,2956.30004882812,668200
2021-10-12,2950.21997070312,2950.93994140625,2901.51000976562,2916.3798828125,2916.3798828125,659600
2021-10-13,2913.34008789062,2953.330078125,2909.46997070312,2944.40991210938,2944.40991210938,751600
2021-10-14,2968.8701171875,2988.96997070312,2962.330078125,2988.63989257812,2988.63989257812,616600
2021-10-15,3012.6201171875,3021.89990234375,2999.330078125,3015.06005859375,3015.06005859375,857300
2021-10-18,3017.47998046875,3021.169921875,2990.43994140625,3006.67993164062,3006.67993164062,926000
2021-10-19,3022.22998046875,3034.53002929688,3014.18994140625,3029.0400390625,3029.0400390625,845400
2021-10-20,3043.1298828125,3047.23999023438,3012.96997070312,3013.1298828125,3013.1298828125,679900
2021-10-21,3012.28002929688,3025.8798828125,3002.73999023438,3007.330078125,3007.330078125,887000
2021-10-22,3005.36010742188,3018.69995117188,2996.26000976562,3006.15991210938,3006.15991210938,695000
2021-10-25,3001.10009765625,3025.27001953125,2983.2900390625,3020.5400390625,3020.5400390625,791500
2021-10-26,3039.82006835938,3051.64990234375,3030.53002929688,3049.080078125,3049.080078125,564100
2021-10-27,3045.830078125,3049.02001953125,3019,3025.48999023438,3025.48999023438,607500
2021-10-28,3023.169921875,3034.419921875,3009.55004882812,3009.55004882812,3009.55004882812,616900
2021-10-29,3025.669921875,3030.169921875,2965.39990234375,2970.67993164062,2970.67993164062,545300
2021-11-01,2984.17993164062,2991.81005859375,2976.8701171875,2978.93994140625,2978.93994140625,475000
2021-11-02,2995.580078125,3034.30004882812,2995.580078125,3013.48999023438,3013.48999023438,525400
2021-11-03,3020.36010742188,3020.8701171875,2969.01000976562,2975.7099609375,2975.7099609375,658300
2021-11-04,3000.919921875,3011.56005859375,2978.07006835938,2983.21997070312,2983.21997070312,771700
2021-11-05,3003.53002929688,3003.53002929688,2953.9599609375,2969.27001953125,2969.27001953125,687400
2021-11-08,2965.36010742188,2968.17993164062,2930.89990234375,2960.19995117188,2960.19995117188,559600
2021-11-09,2958.14990234375,2987.28002929688,2949.169921875,2962.4599609375,2962.4599609375,707800
2021-11-10,2947.4599609375,2958.61010742188,2924.36010742188,2930.169921875,2930.169921875,567300
2021-11-11,2911.40991210938,2925.18994140625,2903.71997070312,2924.919921875,2924.919921875,571900
2021-11-12,2945.94995117188,2973.84008789062,2938.27001953125,2968.80004882812,2968.80004882812,665000
2021-11-15,2989.67993164062,3003.7099609375,2979.9599609375,2999.52001953125,2999.52001953125,638900
2021-11-16,2995.67993164062,3011.8798828125,2985.34008789062,2997.2099609375,2997.2099609375,579000
2021-11-17,3004.02001953125,3004.669921875,2957.69995117188,2962.419921875,2962.419921875,540700
2021-11-18,2959.26000976562,2964.47998046875,2937.53002929688,2947.3798828125,2947.3798828125,541100
2021-11-19,2951.06005859375,2974.63989257812,2948.07006835938,2971.02001953125,2971.02001953125,656300
2021-11-22,2983.3798828125,3018.01000976562,2980.72998046875,3013.25,3013.25,531000
2021-11-23,3013.15991210938,3016.36010742188,2992.13989257812,2997.330078125,2997.330078125,524200
2021-11-24,3006.34008789062,3017.89990234375,2981.02001953125,2994.2900390625,2994.2900390625,556600
2021-11-25,2996.73999023438,2996.73999023438,2973.23999023438,2980.27001953125,2980.27001953125,595400
2021-11-26,2973.0400390625,2985.77001953125,2930.31005859375,2936.43994140625,2936.43994140625,594700
2021-11-29,2906.14990234375,2930.21997070312,2890.78002929688,2909.32006835938,2909.32006835938,841700
2021-11-30,2932.7099609375,2942.92993164062,2822.72998046875,2839.01000976562,2839.01000976562,982400
2021-12-01,2860.1201171875,2905.73999023438,2837.03002929688,2899.71997070312,2899.71997070312,563100
2021-12-02,2874.63989257812,2945.27001953125,2874.63989257812,2945.27001953125,2945.27001953125,533700
2021-12-03,2935.92993164062,2975.43994140625,2927.55004882812,2968.330078125,2968.330078125,486100
2021-12-06,2954.82006835938,2983.5,2932.48999023438,2973.25,2973.25,479400
2021-12-07,2973.84008789062,2992.31005859375,2960.89990234375,2991.71997070312,2991.71997070312,540900
2021-12-08,3017.92993164062,3036.1298828125,2995.34008789062,3001.80004882812,3001.80004882812,487800
2021-12-09,3007,3029.57006835938,3001.55004882812,3029.57006835938,3029.57006835938,513000
2021-12-10,3008.69995117188,3017.63989257812,2998.2900390625,3010.22998046875,3010.22998046875,451200
2021-12-13,3019.669921875,3043.830078125,3000.51000976562,3001.65991210938,3001.65991210938,375400
2021-12-14,2983.94995117188,3001.69995117188,2976.15991210938,2987.94995117188,2987.94995117188,581200
2021-12-15,2979.830078125,2992.30004882812,2973,2989.38989257812,2989.38989257812,432500
2021-12-16,3013.26000976562,3018.19995117188,2989.6298828125,3006.40991210938,3006.40991210938,402400
2021-12-17,2985.19995117188,3017.72998046875,2984.18994140625,3017.72998046875,3017.72998046875,451400
2021-12-20,3001.330078125,3001.330078125,2962.07006835938,2963,2963,377100
2021-12-21,2981.669921875,2984.56005859375,2955.89990234375,2975.03002929688,2975.03002929688,410500
2021-12-22,2993.5,3000.7900390625,2976.64990234375,2984.47998046875,2984.47998046875,461400
2021-12-23,2998.02001953125,3000.69995117188,2980.90991210938,2998.169921875,2998.169921875,483300
2021-12-24,3009.47998046875,3025.77001953125,3009.47998046875,3012.42993164062,3012.42993164062,537500
2021-12-27,3013.93994140625,3017.31005859375,2999.30004882812,2999.55004882812,2999.55004882812,475000
2021-12-28,3006.77001953125,3020.2900390625,2991.55004882812,3020.23999023438,3020.23999023438,607000
2021-12-29,3002.89990234375,3007.71997070312,2988.669921875,2993.2900390625,2993.2900390625,545800
2021-12-30,2999.75,3005.36010742188,2975.73999023438,2977.64990234375,2977.64990234375,460600
2022-01-04,2991.96997070312,2995.25,2973.080078125,2989.23999023438,2989.23999023438,621200
2022-01-05,2984.05004882812,2986.19995117188,2936.72998046875,2953.96997070312,2953.96997070312,786900
2022-01-06,2925.39990234375,2952.5400390625,2915.3798828125,2920.53002929688,2920.53002929688,785500
2022-01-07,2933.78002929688,2959.03002929688,2933.10009765625,2954.88989257812,2954.88989257812,545800
2022-01-10,2947.3701171875,2951.1201171875,2910.89990234375,2926.71997070312,2926.71997070312,477000
2022-01-11,2930.92993164062,2943.57006835938,2909.82006835938,2927.3798828125,2927.3798828125,565800
2022-01-12,2950.78002929688,2972.580078125,2950.31005859375,2972.47998046875,2972.47998046875,519000
2022-01-13,2979.90991210938,2982.13989257812,2958.38989257812,2962.09008789062,2962.09008789062,604600
2022-01-14,2937.61010742188,2944.96997070312,2914.72998046875,2921.919921875,2921.919921875,532300
2022-01-17,2918.55004882812,2919.669921875,2875.97998046875,2890.10009765625,2890.10009765625,592900
2022-01-18,2898.97998046875,2902.7900390625,2857.26000976562,2864.23999023438,2864.23999023438,553700
2022-01-19,2840.34008789062,2871.7900390625,2832.17993164062,2842.28002929688,2842.28002929688,463400
2022-01-20,2842.28002929688,2862.69995117188,2830.96997070312,2862.67993164062,2862.67993164062,395400
2022-01-21,2837.48999023438,2847.94995117188,2817.11010742188,2834.2900390625,2834.2900390625,532500
2022-01-24,2823.76000976562,2828.11010742188,2780.67993164062,2792,2792,473600
2022-01-25,2786.40991210938,2789.6201171875,2703.98999023438,2720.38989257812,2720.38989257812,639400
2022-01-26,2729.75,2744.13989257812,2708.10009765625,2709.23999023438,2709.23999023438,471800
2022-01-27,2709.23999023438,2722.86010742188,2614.48999023438,2614.48999023438,2614.48999023438,487100
2022-01-28,2617.8701171875,2668.59008789062,2591.53002929688,2663.34008789062,2663.34008789062,433700
2022-02-03,2706.34008789062,2735.34008789062,2702.78002929688,2707.82006835938,2707.82006835938,435300
2022-02-04,2714.830078125,2751.80004882812,2712.8701171875,2750.26000976562,2750.26000976562,535900
2022-02-07,2750.69995117188,2750.69995117188,2718.93994140625,2745.06005859375,2745.06005859375,417600
2022-02-08,2767.76000976562,2779.85009765625,2726.71997070312,2746.46997070312,2746.46997070312,559600
2022-02-09,2772.6298828125,2773.3798828125,2753.51000976562,2768.85009765625,2768.85009765625,538700
2022-02-10,2787.43994140625,2788.27001953125,2761.76000976562,2771.92993164062,2771.92993164062,509300
2022-02-11,2739.13989257812,2766.69995117188,2735.080078125,2747.7099609375,2747.7099609375,480300
2022-02-14,2715.10009765625,2724.71997070312,2688.23999023438,2704.47998046875,2704.47998046875,616000
2022-02-15,2712.44995117188,2716.44995117188,2665.46997070312,2676.5400390625,2676.5400390625,588700
2022-02-16,2719.61010742188,2730.42993164062,2711.34008789062,2729.67993164062,2729.67993164062,422100
2022-02-17,2735.11010742188,2770.65991210938,2711.98999023438,2744.09008789062,2744.09008789062,611000
2022-02-18,2714.52001953125,2747.080078125,2711.8798828125,2744.52001953125,2744.52001953125,512900
2022-02-21,2706.64990234375,2746.6201171875,2694.89990234375,2743.80004882812,2743.80004882812,495000
2022-02-22,2705.080078125,2721.84008789062,2690.09008789062,2706.7900390625,2706.7900390625,648100
2022-02-23,2727.42993164062,2729.56005859375,2705.31005859375,2719.53002929688,2719.53002929688,537700
2022-02-24,2689.28002929688,2694.55004882812,2642.6298828125,2648.80004882812,2648.80004882812,925900
2022-02-25,2678.46997070312,2694.81005859375,2665.9599609375,2676.76000976562,2676.76000976562,664100
2022-02-28,2663,2699.17993164062,2658.25,2699.17993164062,2699.17993164062,613300
2022-03-02,2698.31005859375,2716.4599609375,2692.23999023438,2703.52001953125,2703.52001953125,527800
2022-03-03,2729.86010742188,2748.2099609375,2726.35009765625,2747.080078125,2747.080078125,614300
2022-03-04,2736.580078125,2736.580078125,2702.34008789062,2713.42993164062,2713.42993164062,765300
2022-03-07,2680.169921875,2680.169921875,2644.10009765625,2651.31005859375,2651.31005859375,571300
2022-03-08,2617.330078125,2647.17993164062,2605.81005859375,2622.39990234375,2622.39990234375,540100
2022-03-10,2660.86010742188,2682.7900390625,2660.86010742188,2680.32006835938,2680.32006835938,613500
2022-03-11,2665.94995117188,2672.6201171875,2647.28002929688,2661.28002929688,2661.28002929688,796500
2022-03-14,2654.92993164062,2661.76000976562,2633.31005859375,2645.64990234375,2645.64990234375,635900
2022-03-15,2630.31005859375,2641.96997070312,2615.080078125,2621.53002929688,2621.53002929688,603700
2022-03-16,2649.85009765625,2659.89990234375,2630.03002929688,2659.22998046875,2659.22998046875,736000
2022-03-17,2703.27001953125,2714,2694.51000976562,2694.51000976562,2694.51000976562,545500
2022-03-18,2695.63989257812,2708.15991210938,2688.7099609375,2707.02001953125,2707.02001953125,643500
2022-03-21,2717.81005859375,2717.81005859375,2683.68994140625,2686.05004882812,2686.05004882812,502000
2022-03-22,2686.67993164062,2712.13989257812,2686.580078125,2710,2710,489100
2022-03-23,2727.1201171875,2742.27001953125,2720.830078125,2735.05004882812,2735.05004882812,883000
2022-03-24,2716.25,2729.65991210938,2705.13989257812,2729.65991210938,2729.65991210938,959600
2022-03-25,2740.830078125,2740.94995117188,2722.36010742188,2729.97998046875,2729.97998046875,599800
2022-03-28,2721.21997070312,2737.4599609375,2707.73999023438,2729.56005859375,2729.56005859375,768000
2022-03-29,2745.6201171875,2754.17993164062,2733.21997070312,2741.07006835938,2741.07006835938,726700
2022-03-30,2758.31005859375,2760.60009765625,2740.02001953125,2746.73999023438,2746.73999023438,837800
2022-03-31,2743.23999023438,2765.19995117188,2743.19995117188,2757.64990234375,2757.64990234375,1029500
2022-04-01,2745.85009765625,2745.85009765625,2729.67993164062,2739.85009765625,2739.85009765625,1305000
2022-04-04,2729.86010742188,2758.3798828125,2722.44995117188,2757.89990234375,2757.89990234375,1022500
2022-04-05,2765.5,2769.17993164062,2750.5,2759.19995117188,2759.19995117188,1605600
2022-04-06,2739.07006835938,2747.85009765625,2730.65991210938,2735.03002929688,2735.03002929688,1321300
2022-04-07,2714.69995117188,2718.5,2693.36010742188,2695.86010742188,2695.86010742188,998200
2022-04-08,2706.63989257812,2712,2685.52001953125,2700.38989257812,2700.38989257812,948000
2022-04-11,2687.5400390625,2711.02001953125,2683.9599609375,2693.10009765625,2693.10009765625,742100
2022-04-12,2674.169921875,2685.080078125,2658.39990234375,2666.76000976562,2666.76000976562,870000
2022-04-13,2677.53002929688,2717.6298828125,2672.60009765625,2716.48999023438,2716.48999023438,732000
2022-04-14,2719.34008789062,2720.30004882812,2702.61010742188,2716.7099609375,2716.7099609375,664800
2022-04-15,2695.52001953125,2705.40991210938,2685.01000976562,2696.06005859375,2696.06005859375,693700
2022-04-18,2685.0400390625,2701.11010742188,2681.3701171875,2693.2099609375,2693.2099609375,1024600
2022-04-19,2707.76000976562,2723.97998046875,2705.32006835938,2718.88989257812,2718.88989257812,1256100
2022-04-20,2718.48999023438,2724.4599609375,2702.84008789062,2718.68994140625,2718.68994140625,1735700
2022-04-21,2725.7099609375,2737.5400390625,2725.0400390625,2728.2099609375,2728.2099609375,1002600
2022-04-22,2704.71997070312,2708.580078125,2690.47998046875,2704.7099609375,2704.7099609375,1239400
2022-04-25,2676.669921875,2680.35009765625,2657.0400390625,2657.1298828125,2657.1298828125,1017600
2022-04-26,2674,2678.05004882812,2663.830078125,2668.31005859375,2668.31005859375,889600
2022-04-27,2630.580078125,2641.82006835938,2615.5,2639.06005859375,2639.06005859375,1071800
2022-04-28,2656.5400390625,2667.48999023438,2638.3701171875,2667.48999023438,2667.48999023438,898900
2022-04-29,2669.17993164062,2696.10009765625,2664.06005859375,2695.05004882812,2695.05004882812,975000
2022-05-02,2669.2099609375,2689.90991210938,2667.85009765625,2687.44995117188,2687.44995117188,873400
2022-05-03,2690.15991210938,2702.10009765625,2680.4599609375,2680.4599609375,2680.4599609375,883100
2022-05-04,2690.44995117188,2696.03002929688,2667.22998046875,2677.57006835938,2677.57006835938,1180500
2022-05-06,2650.88989257812,2652.51000976562,2635.96997070312,2644.51000976562,2644.51000976562,1333600
2022-05-10,2590.1298828125,2602.75,2553.01000976562,2596.56005859375,2596.56005859375,840900
2022-05-11,2586.52001953125,2599.11010742188,2579.09008789062,2592.27001953125,2592.27001953125,679300
2022-05-12,2569.5,2591.57006835938,2546.80004882812,2550.080078125,2550.080078125,899900
2022-05-13,2570.01000976562,2605.84008789062,2565.9599609375,2604.23999023438,2604.23999023438,788300
2022-05-16,2624.68994140625,2629.19995117188,2593.61010742188,2596.580078125,2596.580078125,780000
2022-05-17,2603.580078125,2621.84008789062,2603.580078125,2620.43994140625,2620.43994140625,873000
2022-05-18,2634.75,2644.1298828125,2618,2625.97998046875,2625.97998046875,869300
2022-05-19,2576.23999023438,2597.7900390625,2568.5400390625,2592.34008789062,2592.34008789062,676900
2022-05-20,2605.78002929688,2641.67993164062,2605.3798828125,2639.2900390625,2639.2900390625,752400
2022-05-23,2651.6298828125,2653.8701171875,2634.2900390625,2647.3798828125,2647.3798828125,641900
2022-05-24,2638.93994140625,2646.98999023438,2605.8701171875,2605.8701171875,2605.8701171875,850700
2022-05-25,2621.75,2630.169921875,2602.93994140625,2617.21997070312,2617.21997070312,710200
2022-05-26,2616.98999023438,2641.90991210938,2602.01000976562,2612.44995117188,2612.44995117188,595300
2022-05-27,2640.75,2644.7099609375,2631.48999023438,2638.05004882812,2638.05004882812,590500
2022-05-30,2662.31005859375,2672.73999023438,2654.17993164062,2669.65991210938,2669.65991210938,469300
2022-05-31,2666.8798828125,2685.89990234375,2654.32006835938,2685.89990234375,2685.89990234375,670700
2022-06-02,2670.73999023438,2674,2653.59008789062,2658.98999023438,2658.98999023438,524900
2022-06-03,2679.57006835938,2681.51000976562,2663,2670.64990234375,2670.64990234375,562200
2022-06-07,2659.27001953125,2662.0400390625,2622.78002929688,2626.34008789062,2626.34008789062,524300
2022-06-08,2633.53002929688,2639.52001953125,2621.9599609375,2626.14990234375,2626.14990234375,576000
2022-06-09,2618.919921875,2627.8798828125,2606.61010742188,2625.43994140625,2625.43994140625,814500
2022-06-10,2596.3701171875,2602.80004882812,2583.73999023438,2595.8701171875,2595.8701171875,723800
2022-06-13,2550.2099609375,2550.32006835938,2504.51000976562,2504.51000976562,2504.51000976562,659800
2022-06-14,2472.9599609375,2503.169921875,2457.38989257812,2492.96997070312,2492.96997070312,671200
2022-06-15,2490.01000976562,2495.5400390625,2436.0400390625,2447.3798828125,2447.3798828125,713800
2022-06-16,2481.65991210938,2500.36010742188,2447.330078125,2451.40991210938,2451.40991210938,583800
2022-06-17,2409.71997070312,2441.34008789062,2396.46997070312,2440.92993164062,2440.92993164062,634200
2022-06-20,2449.88989257812,2449.88989257812,2372.35009765625,2391.03002929688,2391.03002929688,592100
2022-06-21,2402.98999023438,2423.47998046875,2385.60009765625,2408.92993164062,2408.92993164062,479400
2022-06-22,2417.11010742188,2418.05004882812,2342.81005859375,2342.81005859375,2342.81005859375,531800
2022-06-23,2347.84008789062,2361.22998046875,2306.47998046875,2314.32006835938,2314.32006835938,749200
2022-06-24,2327.11010742188,2373.47998046875,2319.98999023438,2366.60009765625,2366.60009765625,654100
2022-06-27,2383.19995117188,2418.93994140625,2365.86010742188,2401.919921875,2401.919921875,509700
2022-06-28,2405.19995117188,2422.10009765625,2393.9599609375,2422.09008789062,2422.09008789062,564700
2022-06-29,2387.10009765625,2393.25,2375.44995117188,2377.98999023438,2377.98999023438,422100
2022-06-30,2368.57006835938,2368.57006835938,2332.59008789062,2332.63989257812,2332.63989257812,515000
2022-07-01,2342.919921875,2354.96997070312,2291.48999023438,2305.419921875,2305.419921875,530100
2022-07-04,2310.72998046875,2318.31005859375,2276.6298828125,2300.34008789062,2300.34008789062,467700
2022-07-05,2322.11010742188,2344.080078125,2309.6201171875,2341.78002929688,2341.78002929688,323600
2022-07-06,2330.11010742188,2332.13989257812,2290.330078125,2292.01000976562,2292.01000976562,410600
2022-07-07,2308.96997070312,2344.13989257812,2307.89990234375,2334.27001953125,2334.27001953125,340000
2022-07-08,2352.48999023438,2367.84008789062,2348.73999023438,2350.61010742188,2350.61010742188,411200
2022-07-11,2357.42993164062,2363.26000976562,2337.82006835938,2340.27001953125,2340.27001953125,376900
2022-07-12,2330.8798828125,2333.02001953125,2303.73999023438,2317.76000976562,2317.76000976562,379000
2022-07-13,2324.44995117188,2341.18994140625,2312.48999023438,2328.61010742188,2328.61010742188,308400
2022-07-14,2316.40991210938,2338.2900390625,2307.68994140625,2322.32006835938,2322.32006835938,348900
2022-07-15,2335.1201171875,2337.30004882812,2293.44995117188,2330.97998046875,2330.97998046875,319300
2022-07-18,2350.47998046875,2376.5,2344.1201171875,2375.25,2375.25,324100
2022-07-19,2367.52001953125,2372.73999023438,2359.59008789062,2370.96997070312,2370.96997070312,339200
2022-07-20,2406.2900390625,2410.06005859375,2382.64990234375,2386.85009765625,2386.85009765625,333000
2022-07-21,2387.90991210938,2411.9599609375,2387.90991210938,2409.15991210938,2409.15991210938,295500
2022-07-22,2405.3701171875,2417.90991210938,2391.47998046875,2393.13989257812,2393.13989257812,381400
2022-07-25,2385.64990234375,2412.46997070312,2385.64990234375,2403.68994140625,2403.68994140625,322900
2022-07-26,2397.27001953125,2415.38989257812,2395.169921875,2412.9599609375,2412.9599609375,415100
2022-07-27,2412.52001953125,2415.53002929688,2396.18994140625,2415.53002929688,2415.53002929688,333400
2022-07-28,2437.57006835938,2443.42993164062,2429.07006835938,2435.27001953125,2435.27001953125,490900
2022-07-29,2453.53002929688,2463.05004882812,2442.01000976562,2451.5,2451.5,499000
2022-08-01,2444.05004882812,2461.39990234375,2437.1298828125,2452.25,2452.25,487000
2022-08-02,2451,2451.07006835938,2428.76000976562,2439.6201171875,2439.6201171875,549800
2022-08-03,2438.56005859375,2461.44995117188,2433.1201171875,2461.44995117188,2461.44995117188,475200
2022-08-04,2478.43994140625,2478.94995117188,2465.32006835938,2473.11010742188,2473.11010742188,398500
2022-08-05,2481.42993164062,2497.580078125,2480.05004882812,2490.80004882812,2490.80004882812,409400
2022-08-08,2481.169921875,2494,2477.76000976562,2493.10009765625,2493.10009765625,418100
2022-08-09,2493.57006835938,2506.48999023438,2481.36010742188,2503.4599609375,2503.4599609375,454200
2022-08-10,2493.69995117188,2494.14990234375,2478.2099609375,2480.8798828125,2480.8798828125,479300
2022-08-11,2507.73999023438,2523.78002929688,2506.40991210938,2523.78002929688,2523.78002929688,505100
2022-08-12,2519.65991210938,2533.19995117188,2514.31005859375,2527.93994140625,2527.93994140625,445100
2022-08-16,2543.05004882812,2546.35009765625,2532.19995117188,2533.52001953125,2533.52001953125,398100
2022-08-17,2536.57006835938,2543.14990234375,2512.01000976562,2516.46997070312,2516.46997070312,417800
2022-08-18,2499.30004882812,2515.3701171875,2488.09008789062,2508.05004882812,2508.05004882812,381400
2022-08-19,2510.71997070312,2510.71997070312,2492.68994140625,2492.68994140625,2492.68994140625,459700
2022-08-22,2467.3798828125,2475.77001953125,2457.080078125,2462.5,2462.5,422400
2022-08-23,2449.31005859375,2454.55004882812,2431.830078125,2435.34008789062,2435.34008789062,471000
2022-08-24,2446.17993164062,2454.01000976562,2430.68994140625,2447.44995117188,2447.44995117188,423300
2022-08-25,2459.7900390625,2477.26000976562,2455.32006835938,2477.26000976562,2477.26000976562,426000
2022-08-26,2489.13989257812,2497.76000976562,2476.75,2481.03002929688,2481.03002929688,519900
2022-08-29,2432.06005859375,2432.88989257812,2417.01000976562,2426.88989257812,2426.88989257812,447200
2022-08-30,2441.2099609375,2453.90991210938,2433.47998046875,2450.92993164062,2450.92993164062,336200
2022-08-31,2433.46997070312,2473.75,2426.13989257812,2472.05004882812,2472.05004882812,435900
2022-09-01,2443,2443.61010742188,2415.61010742188,2415.61010742188,2415.61010742188,579300
2022-09-02,2427.69995117188,2432.3701171875,2402.669921875,2409.40991210938,2409.40991210938,391400
2022-09-05,2410.07006835938,2424.77001953125,2392.6298828125,2403.67993164062,2403.67993164062,354700
2022-09-06,2409.71997070312,2422.53002929688,2399.26000976562,2410.02001953125,2410.02001953125,294100
2022-09-07,2395.65991210938,2398.39990234375,2365.35009765625,2376.4599609375,2376.4599609375,377900
2022-09-08,2393.27001953125,2394.06005859375,2379.06005859375,2384.28002929688,2384.28002929688,423600
2022-09-13,2418.59008789062,2453.94995117188,2418.59008789062,2449.5400390625,2449.5400390625,366900
2022-09-14,2390.46997070312,2418.419921875,2381.5,2411.419921875,2411.419921875,461300
2022-09-15,2416.01000976562,2421.6298828125,2401.830078125,2401.830078125,2401.830078125,423900
2022-09-16,2387.56005859375,2395.10009765625,2371.11010742188,2382.78002929688,2382.78002929688,440300
2022-09-19,2388.72998046875,2389.85009765625,2352.76000976562,2355.65991210938,2355.65991210938,403700
2022-09-20,2373.63989257812,2382.52001953125,2359.84008789062,2367.85009765625,2367.85009765625,419200
2022-09-21,2351.5400390625,2360.27001953125,2341.7900390625,2347.2099609375,2347.2099609375,378000
2022-09-22,2319.69995117188,2335.11010742188,2309.10009765625,2332.31005859375,2332.31005859375,446600
2022-09-23,2331.330078125,2334.06005859375,2285.7099609375,2290,2290,446300
2022-09-26,2260.80004882812,2260.80004882812,2215.36010742188,2220.93994140625,2220.93994140625,621400
2022-09-27,2224.38989257812,2227.35009765625,2197.89990234375,2223.86010742188,2223.86010742188,487600
2022-09-28,2206.14990234375,2223.56005859375,2151.60009765625,2169.2900390625,2169.2900390625,595700
2022-09-29,2197.75,2210.61010742188,2170.13989257812,2170.92993164062,2170.92993164062,508200
2022-09-30,2161.11010742188,2177.19995117188,2134.77001953125,2155.48999023438,2155.48999023438,950000
2022-10-04,2189.51000976562,2212.3798828125,2180.84008789062,2209.3798828125,2209.3798828125,420700
2022-10-05,2248.85009765625,2253.92993164062,2204.03002929688,2215.21997070312,2215.21997070312,855400
2022-10-06,2230.42993164062,2250.8701171875,2223.36010742188,2237.86010742188,2237.86010742188,642700
2022-10-07,2217.84008789062,2245.8798828125,2215.080078125,2232.84008789062,2232.84008789062,428500
2022-10-11,2193.02001953125,2193.05004882812,2174.06005859375,2192.07006835938,2192.07006835938,859100
2022-10-12,2191.35009765625,2205.02001953125,2181.64990234375,2202.46997070312,2202.46997070312,658000
2022-10-13,2198.2900390625,2198.34008789062,2162.8701171875,2162.8701171875,2162.8701171875,792200
2022-10-14,2200.65991210938,2220.5400390625,2193.6298828125,2212.55004882812,2212.55004882812,512900
2022-10-17,2187.169921875,2221.05004882812,2177.65991210938,2219.7099609375,2219.7099609375,498500
2022-10-18,2249.14990234375,2251.73999023438,2220.7099609375,2249.94995117188,2249.94995117188,580700
2022-10-19,2249.35009765625,2266.80004882812,2234.59008789062,2237.43994140625,2237.43994140625,895000
2022-10-20,2225.53002929688,2231.52001953125,2200.43994140625,2218.09008789062,2218.09008789062,1108000
2022-10-21,2210.59008789062,2224.0400390625,2204.63989257812,2213.1201171875,2213.1201171875,637400
2022-10-24,2248.26000976562,2256.669921875,2229.85009765625,2236.15991210938,2236.15991210938,444700
2022-10-25,2237.0400390625,2253.23999023438,2230.75,2235.07006835938,2235.07006835938,456700
2022-10-26,2240.69995117188,2258.11010742188,2234.48999023438,2249.56005859375,2249.56005859375,563300
2022-10-27,2266.07006835938,2290.56005859375,2262.02001953125,2288.78002929688,2288.78002929688,587700
2022-10-28,2276.72998046875,2292.64990234375,2266.43994140625,2268.39990234375,2268.39990234375,427100
2022-10-31,2293.75,2295.51000976562,2273.72998046875,2293.61010742188,2293.61010742188,401300
2022-11-01,2301.580078125,2335.57006835938,2297.57006835938,2335.21997070312,2335.21997070312,597100
2022-11-02,2326.05004882812,2346.32006835938,2323.3701171875,2336.8701171875,2336.8701171875,450200
2022-11-03,2297.44995117188,2342.86010742188,2296.43994140625,2329.169921875,2329.169921875,550300
2022-11-04,2325.85009765625,2348.42993164062,2316.2900390625,2348.42993164062,2348.42993164062,436200
2022-11-07,2360.21997070312,2373.28002929688,2354.21997070312,2371.7900390625,2371.7900390625,392300
2022-11-08,2387.19995117188,2400.38989257812,2375.669921875,2399.0400390625,2399.0400390625,499800
2022-11-09,2408.5400390625,2429.64990234375,2403.63989257812,2424.40991210938,2424.40991210938,680500
2022-11-10,2405.77001953125,2426.10009765625,2401.98999023438,2402.22998046875,2402.22998046875,899000
2022-11-11,2466.89990234375,2486.4599609375,2463.51000976562,2483.15991210938,2483.15991210938,758000
2022-11-14,2485.17993164062,2499.42993164062,2470.60009765625,2474.64990234375,2474.64990234375,730900
2022-11-15,2482.76000976562,2485.19995117188,2463.64990234375,2480.330078125,2480.330078125,617100
2022-11-16,2487,2487,2446.7900390625,2477.44995117188,2477.44995117188,657600
2022-11-17,2466.5,2467.38989257812,2442.89990234375,2442.89990234375,2442.89990234375,914400
2022-11-18,2448.1298828125,2471.8701171875,2442.8701171875,2444.47998046875,2444.47998046875,589500
2022-11-21,2446.05004882812,2448.13989257812,2409.36010742188,2419.5,2419.5,544500
2022-11-22,2405.9599609375,2426.39990234375,2401.5,2405.27001953125,2405.27001953125,539200
2022-11-23,2424.36010742188,2427.28002929688,2407.580078125,2418.01000976562,2418.01000976562,474800
2022-11-24,2437.51000976562,2441.330078125,2428.1201171875,2441.330078125,2441.330078125,481200
2022-11-25,2442.2099609375,2449.65991210938,2433.57006835938,2437.86010742188,2437.86010742188,438400
2022-11-28,2425.05004882812,2425.64990234375,2401.94995117188,2408.27001953125,2408.27001953125,350100
2022-11-29,2405.5400390625,2433.8701171875,2401.10009765625,2433.38989257812,2433.38989257812,550000
2022-11-30,2424.43994140625,2472.53002929688,2421.419921875,2472.53002929688,2472.53002929688,593900
2022-12-01,2501.42993164062,2501.42993164062,2474.330078125,2479.84008789062,2479.84008789062,491200
2022-12-02,2471.5,2471.5,2434.330078125,2434.330078125,2434.330078125,468500
2022-12-05,2442.169921875,2442.21997070312,2413.05004882812,2419.32006835938,2419.32006835938,385200
2022-12-06,2397.69995117188,2416.8798828125,2390.19995117188,2393.15991210938,2393.15991210938,367800
2022-12-07,2385.8701171875,2394.8798828125,2377.97998046875,2382.81005859375,2382.81005859375,332100
2022-12-08,2386.89990234375,2387.94995117188,2357.19995117188,2371.080078125,2371.080078125,351600
2022-12-09,2382.72998046875,2390.080078125,2367.25,2389.0400390625,2389.0400390625,315300
2022-12-12,2373.580078125,2381.8701171875,2368.46997070312,2373.02001953125,2373.02001953125,498900
2022-12-13,2385.05004882812,2388.27001953125,2364.8701171875,2372.39990234375,2372.39990234375,447100
2022-12-14,2380.81005859375,2400.17993164062,2379.43994140625,2399.25,2399.25,409400
2022-12-15,2383.830078125,2392.11010742188,2360.94995117188,2360.96997070312,2360.96997070312,374300
2022-12-16,2329.75,2360.43994140625,2326.830078125,2360.02001953125,2360.02001953125,414200
2022-12-19,2350.78002929688,2358.76000976562,2342.28002929688,2352.169921875,2352.169921875,323600
2022-12-20,2344.72998046875,2353.86010742188,2324.65991210938,2333.2900390625,2333.2900390625,358100
2022-12-21,2346.38989257812,2347,2325.78002929688,2328.94995117188,2328.94995117188,329400
2022-12-22,2340,2356.72998046875,2335.75,2356.72998046875,2356.72998046875,552800
2022-12-23,2325.86010742188,2333.080078125,2311.89990234375,2313.68994140625,2313.68994140625,367000
2022-12-26,2312.5400390625,2321.919921875,2304.19995117188,2317.13989257812,2317.13989257812,427600
2022-12-27,2327.52001953125,2335.98999023438,2321.47998046875,2332.7900390625,2332.7900390625,448300
2022-12-28,2296.44995117188,2296.44995117188,2276.89990234375,2280.44995117188,2280.44995117188,405700
2022-12-29,2265.72998046875,2272.669921875,2236.3798828125,2236.39990234375,2236.39990234375,361000
2023-01-02,2249.94995117188,2259.8798828125,2222.3701171875,2225.669921875,2225.669921875,346100
2023-01-03,2230.97998046875,2230.97998046875,2180.669921875,2218.67993164062,2218.67993164062,410000
2023-01-04,2205.97998046875,2260.06005859375,2198.82006835938,2255.97998046875,2255.97998046875,412700
2023-01-05,2268.19995117188,2281.38989257812,2252.96997070312,2264.64990234375,2264.64990234375,430800
2023-01-06,2253.39990234375,2300.6201171875,2253.27001953125,2289.96997070312,2289.96997070312,398300
2023-01-09,2315.8701171875,2351.06005859375,2312.56005859375,2350.18994140625,2350.18994140625,341100
2023-01-10,2348.0400390625,2370.17993164062,2344.17993164062,2351.31005859375,2351.31005859375,359600
2023-01-11,2364.05004882812,2369.65991210938,2350.36010742188,2359.53002929688,2359.53002929688,368800
2023-01-12,2376.71997070312,2377.80004882812,2358.330078125,2365.10009765625,2365.10009765625,580100
2023-01-13,2377.34008789062,2397.01000976562,2375.78002929688,2386.09008789062,2386.09008789062,861700
2023-01-16,2390.06005859375,2410.21997070312,2387.61010742188,2399.86010742188,2399.86010742188,517800
2023-01-17,2400.919921875,2404,2374.64990234375,2379.38989257812,2379.38989257812,536000
2023-01-18,2380.36010742188,2383,2356.84008789062,2368.32006835938,2368.32006835938,536200
2023-01-19,2354.56005859375,2380.34008789062,2354.56005859375,2380.34008789062,2380.34008789062,369900
2023-01-20,2380,2395.96997070312,2372.57006835938,2395.26000976562,2395.26000976562,302300
2023-01-25,2426.580078125,2432.7099609375,2421.51000976562,2428.57006835938,2428.57006835938,549800
2023-01-26,2436.17993164062,2468.64990234375,2426.39990234375,2468.64990234375,2468.64990234375,486600
2023-01-27,2474.52001953125,2497.39990234375,2464.53002929688,2484.02001953125,2484.02001953125,509100
2023-01-30,2484.63989257812,2491.1298828125,2446.59008789062,2450.46997070312,2450.46997070312,475100
2023-01-31,2449.919921875,2457.47998046875,2423.3701171875,2425.080078125,2425.080078125,616900
2023-02-01,2446.03002929688,2453.2900390625,2433.3701171875,2449.80004882812,2449.80004882812,666100
2023-02-02,2481.93994140625,2486.19995117188,2454.60009765625,2468.8798828125,2468.8798828125,692800
2023-02-03,2466.5400390625,2485.080078125,2460.2099609375,2480.39990234375,2480.39990234375,496600
2023-02-06,2461.82006835938,2469.419921875,2438.0400390625,2438.18994140625,2438.18994140625,566600
2023-02-07,2440.13989257812,2456.169921875,2432.39990234375,2451.7099609375,2451.7099609375,446600
2023-02-08,2469.419921875,2487.35009765625,2465.9599609375,2483.63989257812,2483.63989257812,414800
2023-02-09,2470.65991210938,2487.13989257812,2466.61010742188,2481.52001953125,2481.52001953125,609400
2023-02-10,2470.64990234375,2473.80004882812,2454.73999023438,2469.72998046875,2469.72998046875,656900
2023-02-13,2461.9599609375,2462.580078125,2440.86010742188,2452.69995117188,2452.69995117188,485500
2023-02-14,2471.330078125,2480.34008789062,2459.830078125,2465.63989257812,2465.63989257812,348800
2023-02-15,2473.09008789062,2473.43994140625,2424.15991210938,2427.89990234375,2427.89990234375,386500
2023-02-16,2444.06005859375,2475.98999023438,2442.07006835938,2475.47998046875,2475.47998046875,387600
2023-02-17,2447.65991210938,2471.51000976562,2445.73999023438,2451.2099609375,2451.2099609375,513600
2023-02-20,2453.25,2463.169921875,2430.27001953125,2455.1201171875,2455.1201171875,390000
2023-02-21,2457.51000976562,2466.07006835938,2446,2458.9599609375,2458.9599609375,494300
2023-02-22,2430.8701171875,2435.97998046875,2416.15991210938,2417.67993164062,2417.67993164062,426700
2023-02-23,2430.01000976562,2449.6201171875,2422.6201171875,2439.09008789062,2439.09008789062,400300
2023-02-24,2442.48999023438,2452.96997070312,2421.46997070312,2423.61010742188,2423.61010742188,369200
2023-02-27,2405.419921875,2405.56005859375,2383.76000976562,2402.63989257812,2402.63989257812,356700
2023-02-28,2417.580078125,2431.669921875,2407.2900390625,2412.85009765625,2412.85009765625,529200
2023-03-02,2414.61010742188,2440.59008789062,2411.85009765625,2427.85009765625,2427.85009765625,427900
2023-03-03,2438.72998046875,2442.10009765625,2423.080078125,2432.07006835938,2432.07006835938,371500
2023-03-06,2452.4599609375,2464.44995117188,2441.07006835938,2462.6201171875,2462.6201171875,417900
2023-03-07,2457.0400390625,2475.72998046875,2455.64990234375,2463.35009765625,2463.35009765625,449800
2023-03-08,2435.580078125,2442.61010742188,2426.52001953125,2431.90991210938,2431.90991210938,437300
2023-03-09,2440.7900390625,2444.19995117188,2416.25,2419.09008789062,2419.09008789062,473500
2023-03-10,2389.82006835938,2400.8701171875,2383.18994140625,2394.59008789062,2394.59008789062,412900
2023-03-13,2400.44995117188,2413.23999023438,2369.7900390625,2410.60009765625,2410.60009765625,380400
2023-03-14,2390.36010742188,2390.78002929688,2348.18994140625,2348.96997070312,2348.96997070312,484800
2023-03-15,2380.09008789062,2395.36010742188,2370.77001953125,2379.71997070312,2379.71997070312,443500
2023-03-16,2357.97998046875,2382.7900390625,2346.11010742188,2377.90991210938,2377.90991210938,317300
2023-03-17,2403.69995117188,2405.35009765625,2382.80004882812,2395.68994140625,2395.68994140625,363400
2023-03-20,2391.8701171875,2405.98999023438,2378.69995117188,2379.19995117188,2379.19995117188,344700
2023-03-21,2396.5400390625,2399.52001953125,2383.169921875,2388.35009765625,2388.35009765625,354700
2023-03-22,2411.25,2417.46997070312,2402.78002929688,2416.9599609375,2416.9599609375,500900
2023-03-23,2398.27001953125,2424.47998046875,2397.90991210938,2424.47998046875,2424.47998046875,567400
2023-03-24,2421.27001953125,2423.76000976562,2399.48999023438,2414.9599609375,2414.9599609375,470100
2023-03-27,2423.93994140625,2423.93994140625,2395.96997070312,2409.21997070312,2409.21997070312,472200
2023-03-28,2418.68994140625,2434.93994140625,2415.34008789062,2434.93994140625,2434.93994140625,523500
2023-03-29,2432.6298828125,2443.94995117188,2428.61010742188,2443.919921875,2443.919921875,496600
2023-03-30,2452.96997070312,2462.69995117188,2439.42993164062,2453.15991210938,2453.15991210938,621300
2023-03-31,2459.93994140625,2481.23999023438,2456.5400390625,2476.86010742188,2476.86010742188,721300
2023-04-03,2485.81005859375,2485.81005859375,2467.59008789062,2472.34008789062,2472.34008789062,807400
2023-04-04,2475.8701171875,2489.7099609375,2472.7900390625,2480.51000976562,2480.51000976562,830500
2023-04-05,2482.61010742188,2497.61010742188,2478.669921875,2495.2099609375,2495.2099609375,630400
2023-04-06,2488,2488,2458.5,2459.22998046875,2459.22998046875,749100
2023-04-07,2478.63989257812,2493.06005859375,2473.88989257812,2490.40991210938,2490.40991210938,584000
2023-04-10,2491.67993164062,2519.98999023438,2490.169921875,2512.080078125,2512.080078125,716200
2023-04-11,2523.330078125,2550.96997070312,2514.419921875,2547.86010742188,2547.86010742188,766800
2023-04-12,2546.36010742188,2561.3701171875,2536.22998046875,2550.63989257812,2550.63989257812,899800
2023-04-13,2534.7099609375,2561.65991210938,2531.07006835938,2561.65991210938,2561.65991210938,840300
2023-04-14,2580.10009765625,2581.73999023438,2560.53002929688,2571.48999023438,2571.48999023438,890500
2023-04-17,2570.30004882812,2577.080078125,2561.13989257812,2575.90991210938,2575.90991210938,774600
2023-04-18,2582.22998046875,2582.22998046875,2557.18994140625,2571.09008789062,2571.09008789062,895200
2023-04-19,2570.06005859375,2582.11010742188,2568.4599609375,2575.080078125,2575.080078125,956000
2023-04-20,2566.06005859375,2573.93994140625,2552.06005859375,2563.11010742188,2563.11010742188,950400
2023-04-21,2556.69995117188,2559.43994140625,2532.32006835938,2544.39990234375,2544.39990234375,969000
2023-04-24,2538.36010742188,2541.88989257812,2518.72998046875,2523.5,2523.5,925900
2023-04-25,2531.35009765625,2531.35009765625,2472.330078125,2489.02001953125,2489.02001953125,885200
2023-04-26,2489.48999023438,2498.56005859375,2481.3798828125,2484.830078125,2484.830078125,1088100
2023-04-27,2484.31005859375,2499.01000976562,2465.830078125,2495.81005859375,2495.81005859375,732600
2023-04-28,2511.7900390625,2517.1298828125,2489.580078125,2501.53002929688,2501.53002929688,776400
2023-05-02,2504.01000976562,2524.419921875,2503.2099609375,2524.38989257812,2524.38989257812,700300
2023-05-03,2510.18994140625,2514.3701171875,2497.830078125,2501.39990234375,2501.39990234375,887300
2023-05-04,2494.82006835938,2502.13989257812,2486.09008789062,2500.93994140625,2500.93994140625,809100
2023-05-08,2518.53002929688,2525.84008789062,2511.1298828125,2513.2099609375,2513.2099609375,653900
2023-05-09,2512.34008789062,2514.81005859375,2495.6298828125,2510.06005859375,2510.06005859375,750500
2023-05-10,2505.9599609375,2510.1298828125,2488.419921875,2496.51000976562,2496.51000976562,634400
2023-05-11,2505.57006835938,2513.82006835938,2490.080078125,2491,2491,646300
2023-05-12,2487.35009765625,2487.35009765625,2472.44995117188,2475.419921875,2475.419921875,797200
2023-05-15,2469.80004882812,2479.35009765625,2455.98999023438,2479.35009765625,2479.35009765625,483300
2023-05-16,2494.39990234375,2498.5400390625,2474.89990234375,2480.23999023438,2480.23999023438,627900
2023-05-17,2479.64990234375,2498.3701171875,2475.02001953125,2494.65991210938,2494.65991210938,563300
2023-05-18,2511.09008789062,2515.39990234375,2500.01000976562,2515.39990234375,2515.39990234375,571500
2023-05-19,2530.830078125,2538.31005859375,2524.88989257812,2537.7900390625,2537.7900390625,569300
2023-05-22,2540.03002929688,2564.09008789062,2533.5,2557.080078125,2557.080078125,590500
2023-05-23,2565.80004882812,2577.32006835938,2561.10009765625,2567.55004882812,2567.55004882812,573800
2023-05-24,2557.11010742188,2572.2099609375,2555.0400390625,2567.44995117188,2567.44995117188,1071600
2023-05-25,2570.63989257812,2575.05004882812,2551.48999023438,2554.68994140625,2554.68994140625,916700
2023-05-26,2561.93994140625,2567.5,2553.7900390625,2558.81005859375,2558.81005859375,631800
2023-05-30,2582.40991210938,2586.21997070312,2574.82006835938,2585.52001953125,2585.52001953125,638500
2023-05-31,2586.03002929688,2596.31005859375,2575.97998046875,2577.1201171875,2577.1201171875,683900
2023-06-01,2572.56005859375,2580.14990234375,2565,2569.169921875,2569.169921875,674200
2023-06-02,2586.27001953125,2601.3798828125,2583.8798828125,2601.36010742188,2601.36010742188,566500
2023-06-05,2617.42993164062,2618.6201171875,2608.01000976562,2615.40991210938,2615.40991210938,542700
2023-06-07,2623.4599609375,2629.919921875,2613.67993164062,2615.60009765625,2615.60009765625,535300
2023-06-08,2609.2099609375,2612.38989257812,2595.330078125,2610.85009765625,2610.85009765625,578700
2023-06-09,2624.14990234375,2644.69995117188,2618.44995117188,2641.15991210938,2641.15991210938,581500
2023-06-12,2647.48999023438,2650.44995117188,2623.42993164062,2629.35009765625,2629.35009765625,554300
2023-06-13,2644.42993164062,2645.6201171875,2633.52001953125,2637.94995117188,2637.94995117188,692500
2023-06-14,2640.81005859375,2642.86010742188,2614.25,2619.080078125,2619.080078125,648800
2023-06-15,2629.23999023438,2634.21997070312,2602.52001953125,2608.5400390625,2608.5400390625,579000
2023-06-16,2623.57006835938,2625.7900390625,2612.2099609375,2625.7900390625,2625.7900390625,668400
2023-06-19,2618.06005859375,2619.43994140625,2600.48999023438,2609.5,2609.5,708800
2023-06-20,2602.830078125,2610.03002929688,2596.82006835938,2604.90991210938,2604.90991210938,715800
2023-06-21,2599.18994140625,2600.96997070312,2579.52001953125,2582.6298828125,2582.6298828125,655400
2023-06-22,2575.64990234375,2597.76000976562,2575.64990234375,2593.69995117188,2593.69995117188,610200
2023-06-23,2599.0400390625,2600.81005859375,2568.07006835938,2570.10009765625,2570.10009765625,526500
2023-06-26,2568.64990234375,2585.31005859375,2562.03002929688,2582.19995117188,2582.19995117188,479200
2023-06-27,2581.02001953125,2582,2568.52001953125,2581.38989257812,2581.38989257812,535400
2023-06-28,2590.52001953125,2590.52001953125,2559.4599609375,2564.18994140625,2564.18994140625,484200
2023-06-29,2564.02001953125,2577.68994140625,2550.02001953125,2550.02001953125,2550.02001953125,602500
2023-06-30,2558.42993164062,2571.03002929688,2541.71997070312,2564.28002929688,2564.28002929688,508800
2023-07-03,2580.88989257812,2604.6298828125,2580.48999023438,2602.46997070312,2602.46997070312,615500
2023-07-04,2604.71997070312,2607.65991210938,2591.86010742188,2593.31005859375,2593.31005859375,673100
2023-07-05,2593.46997070312,2601.98999023438,2578.65991210938,2579,2579,599400
2023-07-06,2574.75,2575.44995117188,2550.669921875,2556.2900390625,2556.2900390625,530800
2023-07-07,2547.40991210938,2547.40991210938,2515.07006835938,2526.7099609375,2526.7099609375,612100
2023-07-10,2528.080078125,2539.6298828125,2517.669921875,2520.69995117188,2520.69995117188,560600
2023-07-11,2538.84008789062,2562.48999023438,2534.47998046875,2562.48999023438,2562.48999023438,592400
2023-07-12,2557.61010742188,2574.72998046875,2554.26000976562,2574.71997070312,2574.71997070312,695500
2023-07-13,2589.88989257812,2602.2099609375,2587.75,2591.22998046875,2591.22998046875,584300
2023-07-14,2607.46997070312,2628.30004882812,2603.36010742188,2628.30004882812,2628.30004882812,568100
2023-07-17,2617.669921875,2627.1201171875,2611.55004882812,2619,2619,548800
2023-07-18,2624.59008789062,2626.88989257812,2600.669921875,2607.6201171875,2607.6201171875,491100
2023-07-19,2622.23999023438,2622.5400390625,2598.52001953125,2608.23999023438,2608.23999023438,434900
2023-07-20,2595.3798828125,2611.34008789062,2589.2900390625,2600.22998046875,2600.22998046875,369700
2023-07-21,2581.06005859375,2609.76000976562,2570.580078125,2609.76000976562,2609.76000976562,499300
2023-07-24,2608.46997070312,2636.06005859375,2595.2099609375,2628.53002929688,2628.53002929688,525900
2023-07-25,2643.35009765625,2646.7099609375,2621.60009765625,2636.4599609375,2636.4599609375,721500
2023-07-26,2638.76000976562,2639.2099609375,2580.97998046875,2592.36010742188,2592.36010742188,830100
2023-07-27,2599.82006835938,2617.61010742188,2586.36010742188,2603.81005859375,2603.81005859375,591900
2023-07-28,2593.669921875,2609.5400390625,2586.330078125,2608.32006835938,2608.32006835938,497300
2023-07-31,2628.8701171875,2639.44995117188,2622.2099609375,2632.580078125,2632.580078125,454200
2023-08-01,2644.34008789062,2668.2099609375,2639.10009765625,2667.07006835938,2667.07006835938,493600
2023-08-02,2651.53002929688,2660.89990234375,2611.77001953125,2616.46997070312,2616.46997070312,704700
2023-08-03,2624.76000976562,2625.44995117188,2591.30004882812,2605.38989257812,2605.38989257812,789400
2023-08-04,2606.169921875,2612.30004882812,2598.3798828125,2602.80004882812,2602.80004882812,645800
2023-08-07,2591.580078125,2607.36010742188,2580.7099609375,2580.7099609375,2580.7099609375,504100
2023-08-08,2598.2900390625,2601.40991210938,2568.14990234375,2573.97998046875,2573.97998046875,637000
2023-08-09,2580.60009765625,2608.97998046875,2576.2099609375,2605.1201171875,2605.1201171875,466000
2023-08-10,2592.39990234375,2601.56005859375,2590.02001953125,2601.56005859375,2601.56005859375,566500
2023-08-11,2611.25,2616.84008789062,2589.93994140625,2591.26000976562,2591.26000976562,672200
2023-08-14,2586.51000976562,2592.90991210938,2561.8798828125,2570.8701171875,2570.8701171875,622800
2023-08-16,2550.1298828125,2550.53002929688,2520.8701171875,2525.63989257812,2525.63989257812,683200
2023-08-17,2512.919921875,2520.56005859375,2482.06005859375,2519.85009765625,2519.85009765625,733900
2023-08-18,2495.17993164062,2519.60009765625,2489.6298828125,2504.5,2504.5,556400
2023-08-21,2511.69995117188,2524.40991210938,2505.59008789062,2508.80004882812,2508.80004882812,398600
2023-08-22,2528.38989257812,2533.42993164062,2509.53002929688,2515.73999023438,2515.73999023438,471000
2023-08-23,2510,2517.51000976562,2499.88989257812,2505.5,2505.5,546200
2023-08-24,2531.78002929688,2539.43994140625,2520.72998046875,2537.67993164062,2537.67993164062,440300
2023-08-25,2505.38989257812,2526.3701171875,2502.05004882812,2519.13989257812,2519.13989257812,576400
2023-08-28,2519.13989257812,2543.40991210938,2519.13989257812,2543.40991210938,2543.40991210938,483000
2023-08-29,2550.76000976562,2556.97998046875,2545.27001953125,2552.15991210938,2552.15991210938,440700
2023-08-30,2575.419921875,2578.6201171875,2561.21997070312,2561.21997070312,2561.21997070312,363000
2023-08-31,2564.44995117188,2568.06005859375,2547.71997070312,2556.27001953125,2556.27001953125,471900
2023-09-01,2551.92993164062,2568.419921875,2551.0400390625,2563.7099609375,2563.7099609375,492400
2023-09-04,2566.92993164062,2584.55004882812,2560.32006835938,2584.55004882812,2584.55004882812,342100
2023-09-05,2578.90991210938,2586.64990234375,2575.18994140625,2582.17993164062,2582.17993164062,383400
2023-09-06,2577.40991210938,2585.97998046875,2560.09008789062,2563.34008789062,2563.34008789062,421500
2023-09-07,2554.8701171875,2562.419921875,2539.23999023438,2548.26000976562,2548.26000976562,376600
2023-09-08,2546.07006835938,2550.9599609375,2530.05004882812,2547.67993164062,2547.67993164062,395800
2023-09-11,2549.8798828125,2556.88989257812,2540.43994140625,2556.8798828125,2556.8798828125,410300
2023-09-12,2566.419921875,2568.55004882812,2535.14990234375,2536.580078125,2536.580078125,358700
2023-09-13,2536.21997070312,2549.3798828125,2528.17993164062,2534.69995117188,2534.69995117188,417000
2023-09-14,2544.88989257812,2572.88989257812,2541.11010742188,2572.88989257812,2572.88989257812,411800
2023-09-15,2574.97998046875,2611,2572.3701171875,2601.28002929688,2601.28002929688,441100
2023-09-18,2588.68994140625,2596.55004882812,2573.26000976562,2574.71997070312,2574.71997070312,415900
2023-09-19,2579.36010742188,2583.25,2555.4599609375,2559.2099609375,2559.2099609375,461800
2023-09-20,2556.55004882812,2566.6201171875,2551.1201171875,2559.73999023438,2559.73999023438,414700
2023-09-21,2544.81005859375,2549.6298828125,2514.9599609375,2514.96997070312,2514.96997070312,394700
2023-09-22,2491.44995117188,2513.26000976562,2486.13989257812,2508.1298828125,2508.1298828125,433200
2023-09-25,2504.10009765625,2509.3798828125,2486.43994140625,2495.76000976562,2495.76000976562,438600
2023-09-26,2493.63989257812,2495,2461.59008789062,2462.96997070312,2462.96997070312,427500
2023-09-27,2447.98999023438,2469.71997070312,2445.51000976562,2465.07006835938,2465.07006835938,366200
2023-10-04,2435.78002929688,2435.78002929688,2402.84008789062,2405.68994140625,2405.68994140625,424900
2023-10-05,2423.35009765625,2426.61010742188,2402.5,2403.60009765625,2403.60009765625,451700
2023-10-06,2408.81005859375,2421.17993164062,2403.919921875,2408.72998046875,2408.72998046875,289400
2023-10-10,2436.580078125,2448.23999023438,2402.43994140625,2402.580078125,2402.580078125,415500
2023-10-11,2436.52001953125,2463.56005859375,2436.52001953125,2450.080078125,2450.080078125,446900
2023-10-12,2465.18994140625,2479.82006835938,2464.84008789062,2479.82006835938,2479.82006835938,515500
2023-10-13,2460.85009765625,2466.6201171875,2452.830078125,2456.14990234375,2456.14990234375,582400
2023-10-16,2442.42993164062,2453.77001953125,2422.52001953125,2436.23999023438,2436.23999023438,788400
2023-10-17,2454.13989257812,2466.8701171875,2449.419921875,2460.169921875,2460.169921875,508800
2023-10-18,2452.05004882812,2465.330078125,2450.78002929688,2462.60009765625,2462.60009765625,911500
2023-10-19,2431.919921875,2433.44995117188,2412.55004882812,2415.80004882812,2415.80004882812,756900
2023-10-20,2391.5400390625,2394.669921875,2364.01000976562,2375,2375,520600
2023-10-23,2370.07006835938,2375.7900390625,2354.69995117188,2357.02001953125,2357.02001953125,395900
2023-10-24,2371.55004882812,2384.13989257812,2326.669921875,2383.51000976562,2383.51000976562,444200
2023-10-25,2389.22998046875,2389.89990234375,2362.68994140625,2363.169921875,2363.169921875,440800
2023-10-26,2325.82006835938,2330.55004882812,2299.080078125,2299.080078125,2299.080078125,531100
2023-10-27,2311.59008789062,2321.84008789062,2293.05004882812,2302.81005859375,2302.81005859375,514900
2023-10-30,2292.34008789062,2317.75,2292.34008789062,2310.55004882812,2310.55004882812,444800
2023-10-31,2318.38989257812,2322.44995117188,2273.96997070312,2277.98999023438,2277.98999023438,395000
2023-11-01,2292.88989257812,2312.14990234375,2288.63989257812,2301.56005859375,2301.56005859375,358200
2023-11-02,2334.9599609375,2351.90991210938,2333.40991210938,2343.1201171875,2343.1201171875,377500
2023-11-03,2365.59008789062,2370.28002929688,2351.830078125,2368.34008789062,2368.34008789062,578700
2023-11-06,2399.80004882812,2502.3701171875,2395.03002929688,2502.3701171875,2502.3701171875,528600
2023-11-07,2476.35009765625,2476.35009765625,2418.73999023438,2443.9599609375,2443.9599609375,457700
2023-11-08,2460.21997070312,2468.42993164062,2418.13989257812,2421.6201171875,2421.6201171875,467200
2023-11-09,2425.92993164062,2437.89990234375,2413.0400390625,2427.080078125,2427.080078125,395000
2023-11-10,2406.39990234375,2413.6201171875,2393.63989257812,2409.65991210938,2409.65991210938,312500
2023-11-13,2431.23999023438,2435.32006835938,2399.0400390625,2403.76000976562,2403.76000976562,307100
2023-11-14,2424.92993164062,2442.3701171875,2422.96997070312,2433.25,2433.25,307000
2023-11-15,2482.2099609375,2487.419921875,2468.42993164062,2486.669921875,2486.669921875,419800
2023-11-16,2483.47998046875,2491.97998046875,2472.68994140625,2488.17993164062,2488.17993164062,407400
2023-11-17,2477.42993164062,2481.10009765625,2463.59008789062,2469.85009765625,2469.85009765625,388200
2023-11-20,2464.71997070312,2499.75,2464.0400390625,2491.19995117188,2491.19995117188,323800
2023-11-21,2504.69995117188,2517.73999023438,2500.90991210938,2510.419921875,2510.419921875,345100
2023-11-22,2493.169921875,2516.71997070312,2490.42993164062,2511.69995117188,2511.69995117188,439500
2023-11-23,2515.830078125,2522.19995117188,2507.30004882812,2514.9599609375,2514.9599609375,360900
2023-11-24,2517.8798828125,2521.56005859375,2496.6298828125,2496.6298828125,2496.6298828125,359400
2023-11-27,2501.830078125,2511.3701171875,2489.17993164062,2495.65991210938,2495.65991210938,364700
2023-11-28,2506.13989257812,2522.44995117188,2502.26000976562,2521.76000976562,2521.76000976562,442400
2023-11-29,2518.80004882812,2523.97998046875,2501.43994140625,2519.81005859375,2519.81005859375,579300
2023-11-30,2512.11010742188,2535.2900390625,2507.80004882812,2535.2900390625,2535.2900390625,664300
2023-12-01,2520.48999023438,2520.48999023438,2504.06005859375,2505.01000976562,2505.01000976562,516600
2023-12-04,2522.21997070312,2525.6298828125,2510.52001953125,2514.94995117188,2514.94995117188,498900
2023-12-05,2507.44995117188,2509.73999023438,2492.55004882812,2494.28002929688,2494.28002929688,427100
2023-12-06,2503.57006835938,2509.669921875,2495.3798828125,2495.3798828125,2495.3798828125,391000
2023-12-07,2493.13989257812,2499.72998046875,2481,2492.07006835938,2492.07006835938,446900
2023-12-08,2510.23999023438,2521.580078125,2507.13989257812,2517.85009765625,2517.85009765625,431800
2023-12-11,2524.7900390625,2528.88989257812,2512.44995117188,2525.36010742188,2525.36010742188,435000
2023-12-12,2535.11010742188,2543.06005859375,2529.73999023438,2535.27001953125,2535.27001953125,378000
2023-12-13,2531.22998046875,2531.22998046875,2509.88989257812,2510.65991210938,2510.65991210938,377900
2023-12-14,2547.73999023438,2549.64990234375,2532.15991210938,2544.17993164062,2544.17993164062,530100
2023-12-15,2558.43994140625,2574.22998046875,2555.30004882812,2563.56005859375,2563.56005859375,465300
2023-12-18,2568.77001953125,2573.1298828125,2556.05004882812,2566.86010742188,2566.86010742188,383000
2023-12-19,2564.81005859375,2570.06005859375,2556.52001953125,2568.55004882812,2568.55004882812,392500
2023-12-20,2586.98999023438,2615.3798828125,2584.85009765625,2614.30004882812,2614.30004882812,570400
2023-12-21,2598.3701171875,2610.81005859375,2587.15991210938,2600.02001953125,2600.02001953125,578300
2023-12-22,2617.71997070312,2621.3701171875,2599.51000976562,2599.51000976562,2599.51000976562,466000
2023-12-26,2609.43994140625,2612.13989257812,2594.64990234375,2602.59008789062,2602.59008789062,439500
2023-12-27,2599.35009765625,2613.5,2590.080078125,2613.5,2613.5,349700
2023-12-28,2616.27001953125,2655.28002929688,2611.71997070312,2655.28002929688,2655.28002929688,460100
