"Fecha","Open","High","Low","Close","Adj.Close","Volume"
2007-01-02,26448.3203125,26666.919921875,26448.3203125,26664.44921875,26664.44921875,37688400
2007-01-03,26666.83984375,26699.099609375,26319.5,26619.369140625,26619.369140625,134658000
2007-01-04,26622.109375,26623.060546875,26335.419921875,26566.279296875,26566.279296875,103649000
2007-01-05,26566.279296875,26566.279296875,26112.76953125,26135.599609375,26135.599609375,105575400
2007-01-08,26135.599609375,26282.390625,26071.66015625,26281.640625,26281.640625,122179800
2007-01-09,26287.220703125,26342.470703125,25627.9296875,25783.0390625,25783.0390625,180993900
2007-01-10,25780.83984375,25954.130859375,25400.330078125,25885.80078125,25885.80078125,138084700
2007-01-11,25882.740234375,26290.69921875,25851.150390625,26247.900390625,26247.900390625,140544800
2007-01-12,26247.900390625,26335.2890625,26091.359375,26324.380859375,26324.380859375,100066800
2007-01-15,26324.380859375,26484.060546875,26313.01953125,26480.029296875,26480.029296875,27718800
2007-01-16,26479.830078125,26487.169921875,26333.560546875,26480.330078125,26480.330078125,91066000
2007-01-17,26480.330078125,26610.609375,26381.939453125,26558.5,26558.5,133658200
2007-01-18,26556.66015625,26594.599609375,26112.80078125,26112.869140625,26112.869140625,155636700
2007-01-19,26112.869140625,26304.509765625,25939.439453125,26213.380859375,26213.380859375,137020400
2007-01-22,26213.26953125,26432.25,26042.060546875,26432.25,26432.25,124941800
2007-01-23,26432.630859375,26811.119140625,26419.220703125,26810,26810,164098900
2007-01-24,26813.689453125,27338.369140625,26813.689453125,27338.30078125,27338.30078125,249127300
2007-01-25,27341.48046875,27453.919921875,26793.69921875,26899.33984375,26899.33984375,153883400
2007-01-26,26899.33984375,27049.720703125,26595.69921875,27045.7109375,27045.7109375,174052300
2007-01-29,27036.859375,27036.859375,26721.5,26834.05078125,26834.05078125,137731600
2007-01-30,26838.1796875,27154.1796875,26823.619140625,27135.369140625,27135.369140625,145672800
2007-01-31,27136.720703125,27621.98046875,27074,27561.490234375,27561.490234375,180003800
2007-02-01,27561.490234375,27945.30078125,27561.490234375,27842.759765625,27842.759765625,181712800
2007-02-02,27842.619140625,28005.94921875,27818.0390625,27933.0703125,27933.0703125,128897300
2007-02-05,NA,NA,NA,NA,NA,NA
2007-02-07,28067.2890625,28293.439453125,28012.259765625,28123.759765625,28123.759765625,157970100
2007-02-08,28225.33984375,28291.490234375,27921.279296875,28197.259765625,28197.259765625,276774100
2007-02-09,28228.7109375,28346.009765625,27862.630859375,27906.890625,27906.890625,164346500
2007-02-12,27906.890625,27975.73046875,27624.970703125,27972.23046875,27972.23046875,119112200
2007-02-13,27972.689453125,28278.970703125,27866.4296875,28262.650390625,28262.650390625,176896000
2007-02-14,28262.650390625,28678.310546875,28256.41015625,28539.689453125,28539.689453125,187197700
2007-02-15,28539.689453125,28619.23046875,28388.849609375,28498.75,28498.75,145614300
2007-02-16,28500.19921875,28525.990234375,28301.3203125,28491.0703125,28491.0703125,102281600
2007-02-19,28491.0703125,28601.23046875,28491.0703125,28590.169921875,28590.169921875,211632000
2007-02-20,28590.4609375,28646.16015625,28355.919921875,28589.66015625,28589.66015625,130141100
2007-02-21,28594.01953125,28715.9609375,28425.650390625,28715.9609375,28715.9609375,189293700
2007-02-22,28715.9609375,28940.109375,28505.580078125,28676.48046875,28676.48046875,129334600
2007-02-23,28676.509765625,28691.4609375,28353.48046875,28505.720703125,28505.720703125,114420200
2007-02-26,28505.720703125,28639.130859375,28029.1796875,28046.16015625,28046.16015625,134842200
2007-02-27,28040.66015625,28040.66015625,26418.8203125,26418.8203125,26418.8203125,332633900
2007-02-28,26420.640625,26804.7890625,26320.259765625,26638.94921875,26638.94921875,225400400
2007-03-01,26581.58984375,26689.80078125,25691.580078125,26647.650390625,26647.650390625,196228400
2007-03-02,26642.25,26801.48046875,26320.970703125,26321.119140625,26321.119140625,125166200
2007-03-05,26319.73046875,26352.849609375,25780.580078125,25788.369140625,25788.369140625,135085500
2007-03-06,25806.26953125,26432.390625,25806.26953125,26355.640625,26355.640625,116339200
2007-03-07,26355.640625,26566.279296875,26184.390625,26184.390625,26184.390625,98693200
2007-03-08,26207.5,26776.19921875,26207.5,26773.7890625,26773.7890625,126534400
2007-03-09,26773.619140625,27118.05078125,26752.630859375,27106.529296875,27106.529296875,119177200
2007-03-12,27105.130859375,27261.279296875,26927.310546875,27261.169921875,27261.169921875,74253800
2007-03-13,27259.55078125,27259.55078125,26568.630859375,26589.19921875,26589.19921875,131984800
2007-03-14,26588.5703125,26745.3203125,26295.330078125,26719.3203125,26719.3203125,136174800
2007-03-15,26718.439453125,26998.509765625,26685.029296875,26883.529296875,26883.529296875,81389600
2007-03-16,26883.529296875,26944.970703125,26657.08984375,26901.419921875,26901.419921875,86824000
2007-03-19,NA,NA,NA,NA,NA,NA
2007-03-20,26901.419921875,27409.740234375,26901.419921875,27407.4609375,27407.4609375,122848500
2007-03-21,27408.720703125,28229.73046875,27408.720703125,28219.55078125,28219.55078125,220316400
2007-03-22,28231.650390625,28390.73046875,28134.76953125,28258.80078125,28258.80078125,156877800
2007-03-23,28283,28391.51953125,28212.69921875,28272.029296875,28272.029296875,95159800
2007-03-26,28272.029296875,28325.509765625,28020.619140625,28158.970703125,28158.970703125,71195600
2007-03-27,28158.970703125,28164.41015625,27853.66015625,28124.330078125,28124.330078125,121930400
2007-03-28,28107.919921875,28161.33984375,27811.0390625,28098.279296875,28098.279296875,110999400
2007-03-29,28099.470703125,28704.240234375,28099.470703125,28704.240234375,28704.240234375,167303900
2007-03-30,28704.240234375,28756.470703125,28487.58984375,28747.689453125,28747.689453125,142322600
2007-04-02,28749.4609375,29268.400390625,28746.75,29171.51953125,29171.51953125,131640900
2007-04-03,29171.51953125,29516.609375,29171.51953125,29348.08984375,29348.08984375,117003200
2007-04-04,29348.08984375,29427.609375,29203.05078125,29370.939453125,29370.939453125,70744600
2007-04-09,29366.509765625,29726.23046875,29366.509765625,29632.19921875,29632.19921875,78483000
2007-04-10,29668.759765625,29938.6796875,29515.640625,29515.640625,29515.640625,147400500
2007-04-11,29506.6796875,29572.94921875,29248.01953125,29278.75,29278.75,96812400
2007-04-12,29278.75,29664.16015625,28990.490234375,29606.970703125,29606.970703125,153650400
2007-04-13,29606.970703125,29771.66015625,29556.66015625,29762.220703125,29762.220703125,86409200
2007-04-16,29811.5,30057.740234375,29606.55078125,29718.66015625,29718.66015625,92298800
2007-04-17,29717.640625,29852.9296875,29383.130859375,29598.990234375,29598.990234375,91090600
2007-04-18,29597.83984375,29597.83984375,29408.98046875,29559.51953125,29559.51953125,63680400
2007-04-19,29558.75,29615.779296875,29117.0390625,29614.05078125,29614.05078125,92968600
2007-04-20,29614.259765625,29970.5,29614.259765625,29832.48046875,29832.48046875,83544400
2007-04-23,29832.48046875,29835.390625,29527.08984375,29593.849609375,29593.849609375,71264400
2007-04-24,29593.849609375,29677.25,29447.91015625,29544.1796875,29544.1796875,121479400
2007-04-25,29545.939453125,29545.939453125,29346.630859375,29444.150390625,29444.150390625,136940200
2007-04-26,29652.3203125,29839.2109375,29281.75,29342.69921875,29342.69921875,184025200
2007-04-27,29352.740234375,29376.220703125,28738.220703125,29372.9296875,29372.9296875,165218100
2007-04-30,29363.98046875,29413.51953125,28988.80078125,28996.7109375,28996.7109375,90074000
2007-05-02,28996.7109375,29310.26953125,28921.1796875,29259.919921875,29259.919921875,128393200
2007-05-03,29267.91015625,29755.4609375,29267.91015625,29752.94921875,29752.94921875,144567600
2007-05-04,29752.94921875,30053.919921875,29741.009765625,30013.849609375,30013.849609375,139624200
2007-05-07,30013.849609375,30159.130859375,29776.5703125,29776.5703125,29776.5703125,78632200
2007-05-08,29759.41015625,29759.41015625,29296.099609375,29572.400390625,29572.400390625,95791000
2007-05-09,29572.69921875,29992.869140625,29551.759765625,29992.830078125,29992.830078125,93486600
2007-05-10,29992.080078125,29993.150390625,29637.599609375,29653.8203125,29653.8203125,128558300
2007-05-11,29653.8203125,30125.30078125,29653.8203125,30058.75,30058.75,90473200
2007-05-14,30058.75,30172.810546875,29665.990234375,29766.330078125,29766.330078125,91215400
2007-05-15,29766.859375,29927.349609375,29619.23046875,29619.91015625,29619.91015625,122696900
2007-05-16,29618.580078125,30341.25,29611.310546875,30341.25,30341.25,160769600
2007-05-17,30341.25,30535.890625,30102.83984375,30478.369140625,30478.369140625,140742900
2007-05-18,30490.310546875,30879.140625,30490.310546875,30676.33984375,30676.33984375,125242800
2007-05-21,30677.1796875,30894.26953125,30677.1796875,30708.73046875,30708.73046875,86548200
2007-05-22,30707.26953125,30802.439453125,30566.23046875,30802.25,30802.25,104796200
2007-05-23,30801.029296875,31171.599609375,30691.259765625,30869.83984375,30869.83984375,185620600
2007-05-24,30869.83984375,30978.009765625,30299.470703125,30338.580078125,30338.580078125,105354600
2007-05-25,30338.580078125,30700.349609375,30338.580078125,30700.009765625,30700.009765625,135084500
2007-05-28,30687.560546875,30928.4296875,30625.609375,30928.4296875,30928.4296875,26107000
2007-05-29,30932.16015625,31053.33984375,30492.58984375,30664.73046875,30664.73046875,180394300
2007-05-30,30575.220703125,31383.9609375,30324.369140625,31380,31380,183613600
2007-05-31,31376.650390625,32029.44921875,31376.650390625,31398.9609375,31398.9609375,231538800
2007-06-01,31402.970703125,31950.439453125,31380.58984375,31946.400390625,31946.400390625,205132500
2007-06-04,31946.400390625,32096.2109375,31822.26953125,32096.2109375,32096.2109375,81201800
2007-06-05,32096.2109375,32274.509765625,31816.650390625,32271.380859375,32271.380859375,113046200
2007-06-06,32271.380859375,32273.810546875,31588.44921875,31681.759765625,31681.759765625,124936200
2007-06-07,31669.55078125,31870.859375,30647.240234375,31184.490234375,31184.490234375,155096700
2007-06-08,31184.490234375,31479.5,31020.7109375,31466.599609375,31466.599609375,125946600
2007-06-11,31466.599609375,31916.759765625,31444.990234375,31833.439453125,31833.439453125,97858400
2007-06-12,31831.76953125,31885.0390625,31448.060546875,31608.58984375,31608.58984375,116788700
2007-06-13,31638.369140625,31888.529296875,31513.369140625,31884.060546875,31884.060546875,115976400
2007-06-14,31884.060546875,32216.609375,31884.060546875,32114.08984375,32114.08984375,145288500
2007-06-15,32129.080078125,32564.349609375,32124.01953125,32128.970703125,32128.970703125,183445800
2007-06-18,32128.970703125,32382.349609375,32109.05078125,32218.169921875,32218.169921875,89658600
2007-06-19,32156.3203125,32156.609375,31913.630859375,32064.990234375,32064.990234375,121020600
2007-06-20,32134.16015625,32256.439453125,31505.48046875,31550.759765625,31550.759765625,150530000
2007-06-21,31533.9609375,31831.51953125,31248.2890625,31830.83984375,31830.83984375,125661000
2007-06-22,31830.080078125,31873.859375,31565.599609375,31642.259765625,31642.259765625,95325200
2007-06-25,31643.7890625,31655.5390625,31235.48046875,31296.009765625,31296.009765625,79390800
2007-06-26,31298.08984375,31394.619140625,30744.640625,30744.7109375,30744.7109375,117668500
2007-06-27,30646.94921875,30892.439453125,30267,30804.2109375,30804.2109375,177508100
2007-06-28,30801.919921875,31112.349609375,30792.0390625,31079.240234375,31079.240234375,124544100
2007-06-29,31037.23046875,31377.779296875,30927.580078125,31151.05078125,31151.05078125,119476000
2007-07-02,31151.05078125,31434.400390625,31151.05078125,31420.689453125,31420.689453125,138462500
2007-07-03,31420.94921875,32117.849609375,31410.740234375,32117.830078125,32117.830078125,142022000
2007-07-04,32115.08984375,32407.169921875,32115.08984375,32201.630859375,32201.630859375,63752600
2007-07-05,32183.75,32311.349609375,32016.58984375,32177.830078125,32177.830078125,111582000
2007-07-06,32177.7890625,32555.359375,32146.2109375,32411.83984375,32411.83984375,142534400
2007-07-09,32411.83984375,32538.08984375,32064.740234375,32088.25,32088.25,143479400
2007-07-10,32080.4296875,32081.4296875,31680.619140625,31743.01953125,31743.01953125,138539400
2007-07-11,31738.380859375,31987.869140625,31571.33984375,31916.26953125,31916.26953125,179097400
2007-07-12,31920.369140625,32311.400390625,31920.0703125,32261.099609375,32261.099609375,127425800
2007-07-13,32261.099609375,32421.41015625,32166.83984375,32386.509765625,32386.509765625,91819400
2007-07-16,32388.380859375,32552.779296875,32119.7890625,32265.9296875,32265.9296875,71607200
2007-07-17,32252.9296875,32378.720703125,31861.0390625,31979.140625,31979.140625,120581100
2007-07-18,31979.140625,31979.140625,31671.880859375,31886.740234375,31886.740234375,137178500
2007-07-19,31905.08984375,32187.98046875,31894.919921875,32150.650390625,32150.650390625,126705100
2007-07-20,32150.650390625,32150.650390625,31792.619140625,31922.619140625,31922.619140625,155851800
2007-07-23,31916.73046875,32243.099609375,31916.73046875,32168.4296875,32168.4296875,123971100
2007-07-24,32156.9609375,32156.9609375,31449.330078125,31462.150390625,31462.150390625,205748900
2007-07-25,31472.859375,31814.150390625,30811.25,31103.529296875,31103.529296875,194330900
2007-07-26,31085.009765625,31085.009765625,29348.73046875,29996.599609375,29996.599609375,288139600
2007-07-27,29996.599609375,30402.44921875,29815.0390625,30235.169921875,30235.169921875,183625900
2007-07-30,30234.0703125,31103.630859375,30234.0703125,30900.6796875,30900.6796875,158962000
2007-07-31,30917.509765625,31368.580078125,30658.9609375,30659.66015625,30659.66015625,167344400
2007-08-01,30639.009765625,30672.580078125,29763.5703125,30048.369140625,30048.369140625,168242700
2007-08-02,30062.140625,30569.0703125,30062.140625,30394.810546875,30394.810546875,148285000
2007-08-03,30372.619140625,30411.490234375,29671.76953125,29671.76953125,29671.76953125,97263000
2007-08-06,29671.76953125,29722.310546875,29152.970703125,29721.630859375,29721.630859375,123952500
2007-08-07,29721.630859375,30308.470703125,29665.310546875,30239.919921875,30239.919921875,139162500
2007-08-08,30242.98046875,30982.44921875,30242.98046875,30661.869140625,30661.869140625,148900900
2007-08-09,30621.599609375,30621.599609375,29883.7109375,29883.9609375,29883.9609375,132610900
2007-08-10,29883.169921875,29883.169921875,28868.220703125,29420.470703125,29420.470703125,165978900
2007-08-13,29449.55078125,29884.640625,29449.55078125,29607.19921875,29607.19921875,102825200
2007-08-14,29638.580078125,29748.060546875,28847.9296875,28895.73046875,28895.73046875,111142300
2007-08-15,28885.830078125,29030.30078125,27987.310546875,28140.73046875,28140.73046875,154231300
2007-08-16,28137.23046875,28137.23046875,26445.83984375,27793.16015625,27793.16015625,259586700
2007-08-17,27859.740234375,28783.7890625,27859.740234375,28510.66015625,28510.66015625,217556300
2007-08-20,28511.919921875,28749.259765625,28241.7109375,28453.55078125,28453.55078125,99913000
2007-08-21,28453.55078125,28724.2109375,28241.44921875,28568.4296875,28568.4296875,99531800
2007-08-22,28568.4296875,29269.6796875,28568.4296875,29269.33984375,29269.33984375,124979000
2007-08-23,29270.109375,29609.810546875,29270.109375,29459.8203125,29459.8203125,122398900
2007-08-24,29457.330078125,30102.3203125,29445.08984375,30041.5390625,30041.5390625,152736900
2007-08-27,30050.4609375,30278.5,29868.150390625,30275.83984375,30275.83984375,84798200
2007-08-28,30264.19921875,30264.19921875,29240.7890625,29326.759765625,29326.759765625,150259000
2007-08-29,29376.640625,29732.759765625,29286,29710.779296875,29710.779296875,114861200
2007-08-30,29710.779296875,29970.48046875,29488.470703125,29744.0703125,29744.0703125,120369400
2007-08-31,29749.390625,30347.859375,29749.390625,30347.859375,30347.859375,138088300
2007-09-03,30347.859375,30799.130859375,30347.859375,30797.599609375,30797.599609375,36499000
2007-09-04,30802.58984375,31015.76953125,30587.390625,30932.7109375,30932.7109375,162376100
2007-09-05,30903.609375,30903.609375,30635.529296875,30809.55078125,30809.55078125,95805400
2007-09-06,30809.55078125,30977.150390625,30757.01953125,30816.94921875,30816.94921875,90418000
2007-09-07,30816.19921875,30816.19921875,30064.140625,30252.76953125,30252.76953125,110884600
2007-09-10,30252.76953125,30265.5390625,29683.259765625,29893.1796875,29893.1796875,94633800
2007-09-11,29893.1796875,30307.359375,29892.439453125,30191.140625,30191.140625,110137700
2007-09-12,30191.140625,30317.5,30025.619140625,30076.330078125,30076.330078125,91296200
2007-09-13,30076.330078125,30513.48046875,30063.779296875,30302.23046875,30302.23046875,97280400
2007-09-14,30291.509765625,30389.01953125,30091.490234375,30096.029296875,30096.029296875,87969400
2007-09-17,30080.419921875,30222.130859375,29573.58984375,29794.490234375,29794.490234375,79726600
2007-09-18,29795.869140625,30741.44921875,29795.869140625,30603.419921875,30603.419921875,186831600
2007-09-19,30607.099609375,31090.48046875,30512.640625,30512.640625,30512.640625,204986700
2007-09-20,30512.640625,30697.26953125,30248.91015625,30485.75,30485.75,106047900
2007-09-21,30485.75,30722.939453125,30356.580078125,30583.0703125,30583.0703125,121562700
2007-09-24,30585.599609375,30753.880859375,30417.69921875,30543.44921875,30543.44921875,96493600
2007-09-25,30539.619140625,30539.619140625,30269.919921875,30294.76953125,30294.76953125,111282700
2007-09-26,30305.900390625,30524.619140625,30175.349609375,30303.1796875,30303.1796875,142272100
2007-09-27,30303.1796875,30591.33984375,30303.1796875,30528,30528,137181400
2007-09-28,30528,30551.990234375,30248.150390625,30296.189453125,30296.189453125,134169600
2007-10-01,30298.41015625,30887.73046875,30266.58984375,30855.6796875,30855.6796875,126508100
2007-10-02,30864.859375,31531.849609375,30864.859375,31451.7890625,31451.7890625,216543100
2007-10-03,31427.3203125,31588.759765625,31177.490234375,31178.83984375,31178.83984375,158740800
2007-10-04,31178.83984375,31369.169921875,30833.5,31078.330078125,31078.330078125,158142400
2007-10-05,31078.330078125,31708.140625,31078.330078125,31540.939453125,31540.939453125,138860400
2007-10-08,31530.23046875,31828.890625,31422.669921875,31825.509765625,31825.509765625,103456500
2007-10-09,31825.98046875,32096.720703125,31758.919921875,31801.689453125,31801.689453125,135631900
2007-10-10,31886.25,32238.880859375,31881.48046875,32129.400390625,32129.400390625,187619900
2007-10-11,32129.400390625,32757.259765625,31867.369140625,31980.94921875,31980.94921875,249969900
2007-10-12,31991.73046875,32501.990234375,31991.73046875,32473.470703125,32473.470703125,125891200
2007-10-15,32473.470703125,32654.7109375,32217.25,32335.859375,32335.859375,117585300
2007-10-16,32335.859375,32335.859375,31973.189453125,32230.8203125,32230.8203125,113380500
2007-10-17,32232.419921875,32721.8203125,32232.419921875,32721.8203125,32721.8203125,141438700
2007-10-18,32721.720703125,32851.140625,32523.8203125,32836.12109375,32836.12109375,136513900
2007-10-19,32836.12109375,32836.12109375,31814.439453125,31823.400390625,31823.400390625,160447100
2007-10-22,31817.33984375,31976.009765625,31378.259765625,31969.48046875,31969.48046875,97478200
2007-10-23,31969.48046875,32386.1796875,31969.48046875,32229.439453125,32229.439453125,115284100
2007-10-24,32232.189453125,32232.189453125,31660.9296875,32048.1796875,32048.1796875,136789500
2007-10-25,32050.48046875,32087.1796875,31557.380859375,31886.099609375,31886.099609375,175930100
2007-10-26,31896.150390625,32150.849609375,31781.73046875,32136.759765625,32136.759765625,143574600
2007-10-29,32137.169921875,32419.169921875,32027.919921875,32100.759765625,32100.759765625,89089600
2007-10-30,31965.1796875,31965.1796875,31634.599609375,31783.619140625,31783.619140625,96602600
2007-10-31,31787,31791.869140625,31413.220703125,31458.669921875,31458.669921875,163963200
2007-11-01,31411.98046875,31411.98046875,30743.890625,30806.30078125,30806.30078125,120008600
2007-11-05,30806.30078125,30815.2109375,29832.9609375,30157.689453125,30157.689453125,163035700
2007-11-06,30163.810546875,30499.849609375,30158.01953125,30430.5,30430.5,145394700
2007-11-07,30428.55078125,30428.55078125,29574.0703125,29582.2109375,29582.2109375,126476100
2007-11-08,29586.759765625,29834.330078125,28813.509765625,29289.720703125,29289.720703125,197755700
2007-11-09,29287.880859375,29299.669921875,28790.140625,29158.859375,29158.859375,176494300
2007-11-12,29158.7109375,29158.7109375,28167.73046875,28185.900390625,28185.900390625,134013500
2007-11-13,28187.830078125,29499.2109375,28177.73046875,29484.779296875,29484.779296875,166169000
2007-11-14,29484.779296875,30196.890625,29484.779296875,29655.6796875,29655.6796875,183482800
2007-11-15,29639.599609375,29775,29013.4609375,29170.900390625,29170.900390625,132069500
2007-11-16,29172.83984375,29631.5703125,29022.060546875,29631.5703125,29631.5703125,100685800
2007-11-19,NA,NA,NA,NA,NA,NA
2007-11-21,29057.9296875,29057.9296875,28374.8203125,28446.44921875,28446.44921875,105890700
2007-11-22,28417.73046875,28619.25,28417.73046875,28520.16015625,28520.16015625,12445600
2007-11-23,28520.16015625,28736.609375,28393.2109375,28710.869140625,28710.869140625,56789800
2007-11-26,28709.2109375,28941.390625,27882.580078125,27883.009765625,27883.009765625,101299900
2007-11-27,27888.830078125,28213.30078125,27647.470703125,28124.650390625,28124.650390625,102407300
2007-11-28,28126.2109375,29425.779296875,28126.2109375,29276.390625,29276.390625,173167600
2007-11-29,29276.390625,29740.810546875,29195.859375,29399.919921875,29399.919921875,112281400
2007-11-30,29432.830078125,30047.990234375,29432.830078125,29770.51953125,29770.51953125,197682200
2007-12-03,29770.51953125,29971.580078125,29580.76953125,29968.529296875,29968.529296875,88112600
2007-12-04,29969.16015625,30154.310546875,29765.419921875,29998.7890625,29998.7890625,97022000
2007-12-05,30025.580078125,30790.509765625,30025.580078125,30761.640625,30761.640625,187169800
2007-12-06,30776.859375,31261.880859375,30772.099609375,31257.30078125,31257.30078125,141177900
2007-12-07,31257.23046875,31408.240234375,31128.720703125,31268.359375,31268.359375,135086100
2007-12-10,31269.83984375,31452.970703125,31097.48046875,31182.75,31182.75,108306400
2007-12-11,31184.279296875,31426.390625,30319.830078125,30327.359375,30327.359375,126872500
2007-12-12,NA,NA,NA,NA,NA,NA
2007-12-13,30303.509765625,30303.509765625,29686.939453125,30088.0390625,30088.0390625,124462400
2007-12-14,30084.970703125,30164.650390625,29768.849609375,29994.900390625,29994.900390625,69386200
2007-12-17,29994.16015625,29994.16015625,28895.58984375,28968.19921875,28968.19921875,123391100
2007-12-18,28993.48046875,29424.98046875,28839.75,29254.98046875,29254.98046875,123505900
2007-12-19,29254.98046875,29527.240234375,29025.900390625,29074.119140625,29074.119140625,117367600
2007-12-20,29074.119140625,29200.919921875,29011.650390625,29148.44921875,29148.44921875,104751600
2007-12-21,29148.44921875,29736.109375,29148.44921875,29638.400390625,29638.400390625,95666600
2007-12-24,29639.169921875,29871.470703125,29639.169921875,29853.76953125,29853.76953125,27122800
2007-12-26,29857.599609375,30041.44921875,29838.119140625,30002.4609375,30002.4609375,47889000
2007-12-27,29969.25,29969.25,29640.76953125,29642.119140625,29642.119140625,39607000
2007-12-28,29642.859375,29820.310546875,29588.2109375,29700.189453125,29700.189453125,46800600
2007-12-31,29700.189453125,29738.029296875,29241.939453125,29536.830078125,29536.830078125,32672400
2008-01-02,29536.830078125,29733.560546875,28684.330078125,28699.119140625,28699.119140625,101740500
2008-01-03,28687.849609375,29046.609375,28666.94921875,28860.779296875,28860.779296875,78935800
2008-01-04,28860.779296875,28860.779296875,28226.4609375,28317.919921875,28317.919921875,93434400
2008-01-07,28327.890625,28420.5,27811.599609375,28152.560546875,28152.560546875,104241300
2008-01-08,28158.119140625,28698.859375,28158.119140625,28267.779296875,28267.779296875,147153700
2008-01-09,28260.16015625,28404.900390625,27748.740234375,28401.609375,28401.609375,163572400
2008-01-10,28399.279296875,29093.48046875,28174.9609375,29069.560546875,29069.560546875,176867400
2008-01-11,29069.560546875,29240.599609375,28574.609375,28723.8203125,28723.8203125,106765600
2008-01-14,28725.349609375,28959.9609375,28440.83984375,28607.44921875,28607.44921875,107568000
2008-01-15,28603.66015625,28603.66015625,27901.5,27961.849609375,27961.849609375,160136000
2008-01-16,27954.1796875,27954.1796875,26982.26953125,27343.5703125,27343.5703125,212490500
2008-01-17,27343.5703125,27604.8203125,26560.859375,26698.66015625,26698.66015625,182094200
2008-01-18,26698.66015625,27144.66015625,26325.4609375,26713.830078125,26713.830078125,163589000
2008-01-21,26692.859375,26692.859375,25282.310546875,25284.880859375,25284.880859375,82536400
2008-01-22,25298.970703125,27019.7890625,25298.970703125,26892.740234375,26892.740234375,215089300
2008-01-23,26888.869140625,27620.330078125,25833.3203125,27620.330078125,27620.330078125,190439100
2008-01-24,27626.470703125,28323.150390625,27626.470703125,27905.130859375,27905.130859375,186883700
2008-01-25,27922.009765625,28419.66015625,27379.919921875,27379.919921875,27379.919921875,122925100
2008-01-28,27379.919921875,27764.359375,26991.630859375,27758.9296875,27758.9296875,103723100
2008-01-29,27828,28326.619140625,27828,28263.94921875,28263.94921875,130366500
2008-01-30,28262.849609375,28782.51953125,28104.099609375,28296.80078125,28296.80078125,144325400
2008-01-31,28295.23046875,28802.5703125,27656.630859375,28793.640625,28793.640625,243839600
2008-02-01,28793.33984375,29494.5390625,28746.029296875,29429.9296875,29429.9296875,173546800
2008-02-05,29404.83984375,29404.83984375,28086.150390625,28086.970703125,28086.970703125,163168500
2008-02-06,28091.529296875,28552.580078125,27918.810546875,27929.2890625,27929.2890625,144956500
2008-02-07,27929.720703125,28276.779296875,27472.26953125,28088.3203125,28088.3203125,149717300
2008-02-08,28087.890625,28210.529296875,27963.029296875,28185.259765625,28185.259765625,123837400
2008-02-11,28159.130859375,28823.94921875,27952.98046875,28789.55078125,28789.55078125,137057400
2008-02-12,28916.4609375,29296.630859375,28868.390625,28869.9609375,28869.9609375,189625600
2008-02-13,28871.880859375,29316.859375,28871.880859375,29306.759765625,29306.759765625,168112000
2008-02-14,29306.759765625,29375.5390625,29051.80078125,29138.919921875,29138.919921875,134397500
2008-02-15,29139.009765625,29139.009765625,28576.119140625,28744.810546875,28744.810546875,104607200
2008-02-18,28744.810546875,29178.130859375,28707.859375,29172.2109375,29172.2109375,28032000
2008-02-19,29172.439453125,29423.0703125,28891.119140625,28899.970703125,28899.970703125,146877700
2008-02-20,28874.130859375,29225.26953125,28651.130859375,29224.439453125,29224.439453125,114691700
2008-02-21,29246.30078125,29495.919921875,29219.359375,29361.3203125,29361.3203125,122940400
2008-02-22,29355.759765625,29528.7890625,29044.8203125,29528.7890625,29528.7890625,114595100
2008-02-25,29537.25,29970.83984375,29425.73046875,29962.880859375,29962.880859375,122389000
2008-02-26,29962.880859375,30353.359375,29779.580078125,30228.080078125,30228.080078125,211038900
2008-02-27,30228.080078125,30633.7109375,30095.150390625,30424.759765625,30424.759765625,153453400
2008-02-28,30425.470703125,30597.5,30128.849609375,30130.470703125,30130.470703125,146328900
2008-02-29,30129.2109375,30129.2109375,28916.98046875,28918.51953125,28918.51953125,203444800
2008-03-03,28904.7109375,29546.599609375,28710.390625,29526.69921875,29526.69921875,140738000
2008-03-04,29534.310546875,29534.310546875,28863.060546875,29261.109375,29261.109375,155506400
2008-03-05,29261.109375,29490.900390625,29093.330078125,29277.349609375,29277.349609375,145494800
2008-03-06,29276.330078125,29276.330078125,28716.8203125,28717.0390625,28717.0390625,136271200
2008-03-07,28717.140625,28907.759765625,28388.1796875,28612.75,28612.75,143365000
2008-03-10,28611.720703125,28710.349609375,28080.630859375,28207.2890625,28207.2890625,240998500
2008-03-11,28233.900390625,29466.169921875,28233.900390625,29466.169921875,29466.169921875,202437700
2008-03-12,29463.990234375,29886.080078125,29282.349609375,29283.400390625,29283.400390625,159787000
2008-03-13,29281.689453125,29758,28799.119140625,29703.08984375,29703.08984375,127929400
2008-03-14,29703.08984375,29783.75,28593.94921875,29048.509765625,29048.509765625,132334200
2008-03-18,29048.509765625,29573.0703125,28953.060546875,29515.55078125,29515.55078125,116291800
2008-03-19,29517.0703125,29588.83984375,28903.009765625,29071.33984375,29071.33984375,126425600
2008-03-24,29074.580078125,29930.9296875,29055.849609375,29634.16015625,29634.16015625,132521800
2008-03-25,29636.33984375,30144.509765625,29611.419921875,29981.080078125,29981.080078125,115395700
2008-03-26,29981.01953125,30057.900390625,29750.1796875,30057.259765625,30057.259765625,132391000
2008-03-27,30058.44921875,30320.98046875,29985.4609375,29987.05078125,29987.05078125,116581500
2008-03-28,29996.9609375,30181.58984375,29916.529296875,30089.900390625,30089.900390625,85730600
2008-03-31,30083.349609375,31109.169921875,30002.91015625,30912.990234375,30912.990234375,361514400
2008-04-01,30916.0390625,32079.890625,30916.0390625,31787.6796875,31787.6796875,362679500
2008-04-02,31788.439453125,32232.73046875,31467.869140625,31467.869140625,31467.869140625,205242300
2008-04-03,31463.98046875,31849.19921875,31216.619140625,31689.609375,31689.609375,149274000
2008-04-04,31653.009765625,31798.169921875,31490.490234375,31545.369140625,31545.369140625,106897200
2008-04-07,31550.7109375,31941.0390625,31517.44921875,31715.439453125,31715.439453125,110300500
2008-04-08,31680.359375,31754.08984375,31467.1796875,31726.859375,31726.859375,114474200
2008-04-09,31726.720703125,31795.75,31341.220703125,31417.830078125,31417.830078125,131151000
2008-04-10,31418.669921875,31710.9296875,31115.7109375,31649.05078125,31649.05078125,136507700
2008-04-11,31647.859375,31647.859375,31239.98046875,31302.5703125,31302.5703125,138265300
2008-04-14,31302.5703125,31507.51953125,31149.26953125,31192.48046875,31192.48046875,107344600
2008-04-15,31193.240234375,31455.75,31159.05078125,31375.94921875,31375.94921875,86685200
2008-04-16,31382.05078125,31910.2109375,31382.05078125,31910.2109375,31910.2109375,153079100
2008-04-17,31910.140625,31989.73046875,31580.7890625,31785.990234375,31785.990234375,131549800
2008-04-18,31788.5703125,32191.19921875,31649.109375,31795.6796875,31795.6796875,159416200
2008-04-21,31795.6796875,32098.2890625,31762.5390625,32095.0390625,32095.0390625,122282500
2008-04-22,32095.240234375,32292.919921875,31805.7890625,32039.720703125,32039.720703125,146719700
2008-04-23,32039.720703125,32097.880859375,31743.859375,31847.98046875,31847.98046875,146612900
2008-04-24,31847.98046875,32047.580078125,31410.69921875,31746.23046875,31746.23046875,139709100
2008-04-25,31743.23046875,31743.23046875,30862.529296875,31009.01953125,31009.01953125,434799100
2008-04-28,31008.919921875,31246.69921875,30623.349609375,30623.390625,30623.390625,150779600
2008-04-29,30620.919921875,30720.4296875,30244.91015625,30270.640625,30270.640625,169772000
2008-04-30,30271.400390625,30578.19921875,30247.30078125,30281.41015625,30281.41015625,174060600
2008-05-01,NA,NA,NA,NA,NA,NA
2008-05-02,30289.91015625,30581.259765625,30238.41015625,30551.470703125,30551.470703125,147625800
2008-05-05,30532.91015625,30981.0390625,30523.349609375,30958.890625,30958.890625,98088200
2008-05-06,30958.939453125,31239.970703125,30878.9296875,31223.419921875,31223.419921875,153053700
2008-05-07,31228.759765625,31379.69921875,30700.009765625,30762.16015625,30762.16015625,161426900
2008-05-08,30762.16015625,30802.419921875,30586.91015625,30751.970703125,30751.970703125,157063200
2008-05-09,30751.970703125,30774.5703125,30454.48046875,30674.359375,30674.359375,120458200
2008-05-12,30674.359375,30754.5703125,30419.16015625,30637.359375,30637.359375,135730600
2008-05-13,30640.359375,30975.529296875,30578.2890625,30887.400390625,30887.400390625,126102600
2008-05-14,30887.400390625,31541.8203125,30876.310546875,31336.5703125,31336.5703125,197494800
2008-05-15,31337.669921875,31548.509765625,31240.890625,31542.970703125,31542.970703125,119455900
2008-05-16,31543.689453125,31717.05078125,31486.94921875,31486.94921875,31486.94921875,173136600
2008-05-19,31483.130859375,32024.48046875,31483.130859375,31796.41015625,31796.41015625,152153400
2008-05-20,31794.109375,31794.109375,31436.66015625,31526.169921875,31526.169921875,122828500
2008-05-21,31526.169921875,31611.5390625,31116.099609375,31126.0703125,31126.0703125,122010900
2008-05-22,31126.0703125,31339.880859375,31126.0703125,31245.6796875,31245.6796875,143709900
2008-05-23,31253.310546875,31255.330078125,31004,31068.69921875,31068.69921875,103283200
2008-05-26,31068.69921875,31355.1796875,31068.640625,31314.55078125,31314.55078125,32507600
2008-05-27,31314.55078125,31508.619140625,31247.830078125,31414.2109375,31414.2109375,131717800
2008-05-28,31414.3203125,31647.080078125,31297.810546875,31647.029296875,31647.029296875,125642300
2008-05-29,31647.029296875,31925.689453125,31523.880859375,31837.26953125,31837.26953125,131849400
2008-05-30,31835.580078125,32211.48046875,31805.16015625,31975.470703125,31975.470703125,276935800
2008-06-02,31968.599609375,32001.130859375,31594.890625,31636.2109375,31636.2109375,85291800
2008-06-03,31636.2109375,31729.109375,31215.58984375,31492.640625,31492.640625,121221800
2008-06-04,31488.8203125,31593.859375,31325.16015625,31448.109375,31448.109375,120475300
2008-06-05,31447.6796875,31726.060546875,31446.19921875,31726.009765625,31726.009765625,109032000
2008-06-06,31692.849609375,31694.240234375,31108.609375,31149.060546875,31149.060546875,144939800
2008-06-09,31149.060546875,31232.109375,30695.689453125,30933.439453125,30933.439453125,94709400
2008-06-10,30905.08984375,30905.08984375,30651.30078125,30898.869140625,30898.869140625,164126700
2008-06-11,30898.23046875,31070.580078125,30446.240234375,30446.240234375,30446.240234375,218040000
2008-06-12,30461.529296875,30955.390625,30435.669921875,30475.439453125,30475.439453125,244010200
2008-06-13,30475.439453125,30715.609375,30253.810546875,30413.48046875,30413.48046875,117938900
2008-06-16,30411.3203125,30567.91015625,30342.240234375,30354.1796875,30354.1796875,99324600
2008-06-17,30353.01953125,30409.75,29862.580078125,29925.26953125,29925.26953125,143734600
2008-06-18,29916.580078125,29916.580078125,29406.390625,29618.109375,29618.109375,242131000
2008-06-19,29618.109375,29852.599609375,29304.689453125,29847.849609375,29847.849609375,178893100
2008-06-20,29848.939453125,29848.939453125,29179.759765625,29533.439453125,29533.439453125,187416400
2008-06-23,29533.439453125,29594.609375,29352.849609375,29464.5390625,29464.5390625,113904300
2008-06-24,29465.5703125,29566.150390625,29114.599609375,29291.609375,29291.609375,162416800
2008-06-25,29298.08984375,29818.310546875,29278.330078125,29569.439453125,29569.439453125,121611300
2008-06-26,29541.7890625,29541.7890625,29098.150390625,29199.939453125,29199.939453125,148277900
2008-06-27,29194.16015625,29414.609375,29148.66015625,29295,29295,101171100
2008-06-30,29295,29477.310546875,29213.189453125,29395.490234375,29395.490234375,106729500
2008-07-01,29395.490234375,29395.490234375,28763.259765625,29221.109375,29221.109375,181056400
2008-07-02,29223.48046875,29288.939453125,28655.029296875,28680.830078125,28680.830078125,170904100
2008-07-03,28676.779296875,28809.560546875,28459.669921875,28465.55078125,28465.55078125,107777900
2008-07-04,28465.55078125,28558.76953125,28337.859375,28338.119140625,28338.119140625,23838400
2008-07-07,28348.01953125,28708.919921875,28076.3203125,28383.529296875,28383.529296875,110006500
2008-07-08,28383.529296875,28585.4609375,28091.509765625,28551.25,28551.25,150752100
2008-07-09,28551.2109375,28764.720703125,28095.369140625,28095.7890625,28095.7890625,191802700
2008-07-10,28092.630859375,28101.939453125,27499.560546875,27877.330078125,27877.330078125,177596100
2008-07-11,27876.26953125,27876.26953125,27274.890625,27614.5390625,27614.5390625,144967300
2008-07-14,27655.66015625,27862.830078125,27427.26953125,27517.109375,27517.109375,108358800
2008-07-15,27499.7109375,27704.939453125,26877.80078125,27435.80078125,27435.80078125,201285800
2008-07-16,27429.80078125,27978.169921875,27312.1796875,27968.8203125,27968.8203125,170970500
2008-07-17,27970.330078125,28383.240234375,27970.330078125,28215.859375,28215.859375,174104100
2008-07-18,28222.599609375,28320.189453125,27993.55078125,28169.76953125,28169.76953125,131485700
2008-07-21,28169.76953125,28418.029296875,27971.83984375,27988.470703125,27988.470703125,96207400
2008-07-22,27988.33984375,27991.529296875,27419.76953125,27592.240234375,27592.240234375,264017500
2008-07-23,27592.240234375,27848.240234375,27432.75,27644.75,27644.75,200624200
2008-07-24,27640.7890625,27726.41015625,27205.060546875,27644.75,27644.75,200624200
2008-07-25,26878.91015625,27207.080078125,26876.169921875,27084.76953125,27084.76953125,155935100
2008-07-28,27085.869140625,27177.439453125,26732.560546875,26732.83984375,26732.83984375,137241300
2008-07-29,26732.83984375,27370.580078125,26647.55078125,27318.640625,27318.640625,159659100
2008-07-30,27343.3203125,27648.140625,27340.94921875,27474.0390625,27474.0390625,160933400
2008-07-31,27473.810546875,27600.33984375,27340.75,27501.01953125,27501.01953125,149093300
2008-08-01,27500.26953125,27502.650390625,26892.310546875,26959.1796875,26959.1796875,128046200
2008-08-04,26978.990234375,27028.720703125,26463.810546875,26487.759765625,26487.759765625,122683700
2008-08-05,26502.720703125,26990.189453125,26502.720703125,26990.189453125,26990.189453125,156835200
2008-08-06,26990.189453125,27344.150390625,26909.140625,27342.390625,27342.390625,154895300
2008-08-07,27342.390625,27342.390625,26949,26986.98046875,26986.98046875,135773300
2008-08-08,26982.490234375,27262.369140625,26893.6796875,27132.7890625,27132.7890625,115178100
2008-08-11,27073.310546875,27262.5390625,26929.390625,26943.689453125,26943.689453125,155475300
2008-08-12,26943.44921875,26976.849609375,26593.08984375,26636.55078125,26636.55078125,152061100
2008-08-13,26643.55078125,26914.939453125,26519.869140625,26877.0703125,26877.0703125,125333600
2008-08-14,26875.48046875,27267.740234375,26782.98046875,27247.44921875,27247.44921875,174043900
2008-08-15,27261.509765625,27446.619140625,27150.630859375,27340.830078125,27340.830078125,127894800
2008-08-18,27341.0703125,27356,26735.470703125,26777.48046875,26777.48046875,110044500
2008-08-19,26776.009765625,26895.580078125,26454.0703125,26732.109375,26732.109375,136870300
2008-08-20,26732.109375,27042.099609375,26729.119140625,26865.0390625,26865.0390625,148111800
2008-08-21,26862.91015625,26961.720703125,26522.359375,26534.970703125,26534.970703125,104828800
2008-08-22,26560.5,26877,26560.5,26875.44921875,26875.44921875,124177100
2008-08-25,26873.0703125,26873.0703125,26416.009765625,26416.619140625,26416.619140625,93978600
2008-08-26,26415.580078125,26447.869140625,25872.25,26071.4609375,26071.4609375,148863300
2008-08-27,26071.4609375,26383.08984375,26061.580078125,26131.349609375,26131.349609375,129256500
2008-08-28,26131.349609375,26480.310546875,26131.349609375,26444.119140625,26444.119140625,118621800
2008-08-29,26444.119140625,26459.970703125,26222.529296875,26290.990234375,26290.990234375,87632200
2008-09-01,26320.73046875,26443.189453125,26274.26953125,26424.69921875,26424.69921875,17653200
2008-09-02,26425.119140625,26753.7109375,26382.279296875,26522.759765625,26522.759765625,159102200
2008-09-03,26525.01953125,26592.060546875,26282.990234375,26467.7890625,26467.7890625,141765700
2008-09-04,26467.7890625,26467.7890625,25891.080078125,26151.630859375,26151.630859375,147457000
2008-09-05,26151.630859375,26151.630859375,25676.9609375,25904.1796875,25904.1796875,154593100
2008-09-08,25955.859375,26489.359375,25939.94921875,26232.560546875,26232.560546875,154665300
2008-09-09,26232.439453125,26283.8203125,25625.939453125,25629.7890625,25629.7890625,192486100
2008-09-10,25634.560546875,25776.1796875,25411.5390625,25622.91015625,25622.91015625,217075200
2008-09-11,25599.83984375,25637.470703125,25180.08984375,25552.490234375,25552.490234375,191323100
2008-09-12,25488.029296875,25599.599609375,25174.029296875,25588.41015625,25588.41015625,169976800
2008-09-15,25427.69921875,25427.69921875,24610.5390625,24618.150390625,24618.150390625,125304000
2008-09-17,24618.150390625,24722.69921875,23383.6796875,23456.83984375,23456.83984375,280231000
2008-09-18,23457.8203125,24596.990234375,23181.740234375,24577.900390625,24577.900390625,282824600
2008-09-19,24640.01953125,26114.58984375,24640.01953125,25701.029296875,25701.029296875,284691900
2008-09-22,25702.5390625,25731.16015625,25131.609375,25131.91015625,25131.91015625,165723400
2008-09-23,25131.869140625,25223.009765625,24834.8203125,24969.169921875,24969.169921875,148066400
2008-09-24,24969.169921875,25165.5,24766.73046875,24944.25,24944.25,137172200
2008-09-25,24946.5,25657.009765625,24839.970703125,25645.5,25645.5,228067600
2008-09-26,25644.33984375,25644.33984375,25264.849609375,25593.76953125,25593.76953125,189939100
2008-09-29,25577.1796875,25577.1796875,23789.830078125,23955.669921875,23955.669921875,234109200
2008-09-30,23980.099609375,24888.900390625,23980.099609375,24888.900390625,24888.900390625,244103900
2008-10-01,24898.470703125,25220.720703125,24482.029296875,25117.3203125,25117.3203125,183110300
2008-10-02,25117.48046875,25117.48046875,23874.3203125,24027.349609375,24027.349609375,227691800
2008-10-03,24033.73046875,24271.380859375,22989.5,22989.5,22989.5,239791000
2008-10-06,22969.560546875,22969.560546875,20693.830078125,21749.130859375,21749.130859375,239129100
2008-10-07,21766.6796875,22567.890625,20864.51953125,20884.740234375,20884.740234375,236341900
2008-10-08,20868.5703125,21383.689453125,20145.55078125,20678.970703125,20678.970703125,362334800
2008-10-09,20690.44921875,21473.7109375,20309.529296875,20310.19921875,20310.19921875,208223800
2008-10-10,20268.7890625,20268.7890625,19230.75,19905.26953125,19905.26953125,427580700
2008-10-13,20005.029296875,22095.890625,20005.029296875,22095.890625,22095.890625,347370200
2008-10-14,22186.80078125,23398.7890625,21899.80078125,22244.609375,22244.609375,350346500
2008-10-15,22224.650390625,22224.650390625,20830.939453125,21135.419921875,21135.419921875,207434100
2008-10-16,21137.7890625,21347.9296875,20032.25,20457.9296875,20457.9296875,289201200
2008-10-17,20464.19921875,20945.5,20118.51953125,20312.830078125,20312.830078125,220388500
2008-10-20,20312.830078125,20950.259765625,20312.830078125,20786.2109375,20786.2109375,203623800
2008-10-21,20759.2890625,20794.759765625,20101.720703125,20203.26953125,20203.26953125,203150000
2008-10-22,20166.619140625,20166.619140625,18613.44921875,18787.33984375,18787.33984375,271645700
2008-10-23,18787.33984375,19009.970703125,17537.8203125,17798.990234375,17798.990234375,283895300
2008-10-24,17795.150390625,17795.150390625,16616.939453125,16978.83984375,16978.83984375,232867600
2008-10-27,16955.849609375,17596.029296875,16480.009765625,16891.029296875,16891.029296875,203062400
2008-10-28,16867.390625,18832.73046875,16867.390625,18632.529296875,18632.529296875,291780300
2008-10-29,18665.4609375,19666.919921875,18320.830078125,19157.330078125,19157.330078125,326481900
2008-10-30,19157.91015625,20242.720703125,19157.91015625,20207.01953125,20207.01953125,297175900
2008-10-31,20207.01953125,20454.609375,20016.240234375,20445.3203125,20445.3203125,259049700
2008-11-03,20445.3203125,20696.41015625,20224.869140625,20612.6796875,20612.6796875,174720500
2008-11-04,20632.880859375,21538.05078125,20632.880859375,21535.26953125,21535.26953125,235156000
2008-11-05,21535.26953125,21538.349609375,20427.330078125,20446.76953125,20446.76953125,183589200
2008-11-06,20446.76953125,20446.76953125,19602.419921875,19650.859375,19650.859375,181085900
2008-11-07,19658.330078125,20186.2890625,19658.330078125,19865.220703125,19865.220703125,146691100
2008-11-10,19865.48046875,20381.189453125,19745.23046875,20020.529296875,20020.529296875,136696800
2008-11-11,20020.529296875,20020.529296875,19540.669921875,19795.25,19795.25,165859600
2008-11-12,19781.80078125,19781.80078125,18804.94921875,18804.94921875,18804.94921875,161141700
2008-11-13,18804.94921875,19710.83984375,18220.66015625,19710.099609375,19710.099609375,257765100
2008-11-14,19710.849609375,19918.490234375,19292.25,19562.140625,19562.140625,205168800
2008-11-18,19562.140625,19562.140625,18833.4296875,19036.23046875,19036.23046875,220406600
2008-11-19,19035.9296875,19039.0703125,18558.369140625,18578.380859375,18578.380859375,165005200
2008-11-20,18578.380859375,18745.599609375,18012.359375,18190.69921875,18190.69921875,157979000
2008-11-21,18190.69921875,18453.30078125,17942.970703125,18251.41015625,18251.41015625,141270600
2008-11-24,18251.41015625,19573.009765625,18251.41015625,19529.25,19529.25,215589700
2008-11-25,19545.6796875,19709.44921875,18982.83984375,19297.630859375,19297.630859375,258173400
2008-11-26,19297.2109375,20062.470703125,19028.189453125,20025.7890625,20025.7890625,192476700
2008-11-27,20026.2109375,20223.029296875,19888.640625,20201.8203125,20201.8203125,54814600
2008-11-28,20202.19921875,20549.55078125,20021.150390625,20534.720703125,20534.720703125,135157600
2008-12-01,20514.560546875,20514.560546875,19532.400390625,19533.080078125,19533.080078125,159841000
2008-12-02,19547.580078125,19819.630859375,19499.75,19802.26953125,19802.26953125,134698700
2008-12-03,19801.94921875,20277.099609375,19493.859375,20147.009765625,20147.009765625,148344200
2008-12-04,20147.009765625,20266.349609375,19901.650390625,19916.2109375,19916.2109375,176713300
2008-12-05,19915.849609375,20082.58984375,19440.5390625,20081.830078125,20081.830078125,157880000
2008-12-08,20083.869140625,21192.390625,20083.869140625,21168.720703125,21168.720703125,279845300
2008-12-09,21164.740234375,21632.2890625,20978.369140625,21439.650390625,21439.650390625,242536200
2008-12-10,21459.80078125,21991.009765625,21424.759765625,21689.83984375,21689.83984375,238217700
2008-12-11,21639.630859375,21831.16015625,21305.630859375,21408.349609375,21408.349609375,176931400
2008-12-15,21374.869140625,21476.9609375,21039.109375,21050.55078125,21050.55078125,184485100
2008-12-16,21050.55078125,22095.140625,21017.869140625,22032.5390625,22032.5390625,289314700
2008-12-17,22032.779296875,22583.849609375,21904.890625,22572.5,22572.5,245711100
2008-12-18,22572.5,23098.150390625,22334.75,22347.169921875,22347.169921875,200045000
2008-12-19,22308.91015625,22545.16015625,21979.5390625,22221.640625,22221.640625,225725200
2008-12-22,22221.640625,22282.9296875,21923.099609375,22059.1796875,22059.1796875,93403400
2008-12-23,22059.1796875,22393.869140625,22053.94921875,22174.259765625,22174.259765625,109505000
2008-12-24,22167.080078125,22453.509765625,22141.349609375,22340.69921875,22340.69921875,31613800
2008-12-26,22339.0390625,22543.33984375,22249.279296875,22515.33984375,22515.33984375,36655600
2008-12-29,22515.33984375,22571.029296875,22290.880859375,22392.380859375,22392.380859375,69370400
2008-12-30,22398.759765625,22516.740234375,22128.650390625,22420.009765625,22420.009765625,70999200
2008-12-31,22419.7109375,22660.58984375,22368,22380.3203125,22380.3203125,64369400
2009-01-02,22380.3203125,23302.060546875,22331.400390625,23250.9609375,23250.9609375,107065400
2009-01-05,23250.9609375,23483.5390625,23190.259765625,23238.859375,23238.859375,190380500
2009-01-06,23238.859375,23489.76953125,22886.2109375,23005.41015625,23005.41015625,213101600
2009-01-07,22992.7109375,22992.7109375,22107.599609375,22117.509765625,22117.509765625,144398800
2009-01-08,22116.80078125,22116.80078125,21660.109375,21955.400390625,21955.400390625,168764000
2009-01-09,21962.119140625,22040.19921875,21654.900390625,21741.2890625,21741.2890625,127101200
2009-01-12,21741.2890625,21744.48046875,21019.23046875,21162.26953125,21162.26953125,143957200
2009-01-13,21161.69921875,21285.58984375,20866.060546875,21047.30078125,21047.30078125,133309900
2009-01-14,21047.30078125,21047.30078125,20303.2890625,20369.23046875,20369.23046875,159748100
2009-01-15,20369.23046875,20494.029296875,19716.76953125,20280.490234375,20280.490234375,224767800
2009-01-16,20280.98046875,20683.169921875,19860.810546875,20325.390625,20325.390625,154477500
2009-01-19,20325.189453125,20473.880859375,20281.7109375,20393.41015625,20393.41015625,23764400
2009-01-20,20386.6796875,20391.470703125,19212.890625,19213.01953125,19213.01953125,171800600
2009-01-21,19221.26953125,19580.830078125,18997.109375,19497.099609375,19497.099609375,176710900
2009-01-22,19469.9609375,19616.30078125,19038.849609375,19306.73046875,19306.73046875,173302400
2009-01-23,19211.939453125,19572.650390625,18963.69921875,19348.810546875,19348.810546875,167630900
2009-01-26,19348.810546875,19764.7109375,19291.759765625,19583.080078125,19583.080078125,115346700
2009-01-27,19586.8203125,19864.400390625,19540.150390625,19616.150390625,19616.150390625,111633100
2009-01-28,19613.990234375,20148.640625,19613.990234375,20145.220703125,20145.220703125,222974300
2009-01-29,20112.2890625,20120.3203125,19537.05078125,19537.05078125,19537.05078125,163286200
2009-01-30,19501.109375,19752.609375,19320.98046875,19565.140625,19565.140625,223409900
2009-02-02,NA,NA,NA,NA,NA,NA
2009-02-03,19563.970703125,19777.869140625,19519.359375,19630.4609375,19630.4609375,172960200
2009-02-04,19630.4609375,19958.419921875,19543.150390625,19622.599609375,19622.599609375,181935300
2009-02-05,19622.599609375,19771.859375,19328.740234375,19736.9609375,19736.9609375,147148800
2009-02-06,19736.9609375,20459.16015625,19736.9609375,20438.130859375,20438.130859375,211926200
2009-02-09,20437.80078125,20537.099609375,20327.939453125,20537.099609375,20537.099609375,124175700
2009-02-10,20537.099609375,20708.05078125,19678.939453125,19825.720703125,19825.720703125,199243200
2009-02-11,19825.23046875,20053.16015625,19364.4296875,19446.650390625,19446.650390625,129679900
2009-02-12,19438.55078125,19485.240234375,19165.369140625,19358.25,19358.25,162651800
2009-02-13,19362.650390625,19515.01953125,19214.990234375,19368.099609375,19368.099609375,124482200
2009-02-16,19376.6796875,19520.869140625,19306.66015625,19520.869140625,19520.869140625,20536200
2009-02-17,19489.5,19489.5,18785.51953125,18853.9296875,18853.9296875,149582000
2009-02-18,18853.9296875,18913.5703125,18531.41015625,18741.26953125,18741.26953125,137636800
2009-02-19,18741.26953125,18975.390625,18593.380859375,18682.470703125,18682.470703125,127616700
2009-02-20,18686.55078125,18686.55078125,18283.529296875,18324.23046875,18324.23046875,149973600
2009-02-23,18323.740234375,18457.41015625,17956.23046875,17956.400390625,17956.400390625,117136700
2009-02-24,17958.279296875,18334.1796875,17708.1796875,18296.109375,18296.109375,180856500
2009-02-25,18300.939453125,18300.939453125,17858.849609375,18200.69921875,18200.69921875,210144900
2009-02-26,18200.060546875,18399.6796875,17924.609375,18047.16015625,18047.16015625,178988200
2009-02-27,18062.1796875,18066.529296875,17620.69921875,17752.1796875,17752.1796875,226388200
2009-03-02,17748.1796875,17748.1796875,16875.599609375,16929.80078125,16929.80078125,152330900
2009-03-03,16929.80078125,17203.44921875,16756.650390625,17093.25,17093.25,163130900
2009-03-04,17113.599609375,17840.390625,17113.599609375,17824.9609375,17824.9609375,163352900
2009-03-05,17806.109375,17806.109375,17210.05078125,17365.01953125,17365.01953125,211647700
2009-03-06,17378.380859375,17439.529296875,16922.310546875,17043.439453125,17043.439453125,136829900
2009-03-09,17039.41015625,17277.140625,16802.140625,16964.359375,16964.359375,127063500
2009-03-10,16964.359375,17657.189453125,16964.359375,17543.51953125,17543.51953125,216456000
2009-03-11,17543.51953125,17839.2109375,17522.8203125,17790.689453125,17790.689453125,172724100
2009-03-12,17789.880859375,18883.01953125,17703.80078125,18864.869140625,18864.869140625,235874400
2009-03-13,18864.869140625,19683.0390625,18847.369140625,19437.009765625,19437.009765625,215405500
2009-03-17,19437.009765625,19450.9296875,19030.51953125,19325.05078125,19325.05078125,186394200
2009-03-18,19325.05078125,19781,19066.380859375,19620.48046875,19620.48046875,228632400
2009-03-19,19620.23046875,19839.16015625,19576.44921875,19596.509765625,19596.509765625,228216900
2009-03-20,19596.509765625,19669.2890625,19304.73046875,19363.30078125,19363.30078125,230963400
2009-03-23,19369.98046875,20349.560546875,19369.98046875,20346.4296875,20346.4296875,224080200
2009-03-24,20336.759765625,20469.640625,20052.380859375,20242.609375,20242.609375,211904400
2009-03-25,20242.609375,20693.41015625,20084.869140625,20272.76953125,20272.76953125,214070700
2009-03-26,20288.0703125,20730.939453125,20223.669921875,20542.25,20542.25,189582300
2009-03-27,20541.279296875,20541.279296875,20253.419921875,20315.169921875,20315.169921875,188352300
2009-03-30,20314.419921875,20314.419921875,19461.490234375,19530.150390625,19530.150390625,217474900
2009-03-31,19531.75,19955.55078125,19459.130859375,19626.75,19626.75,241774300
2009-04-01,19626.98046875,19980.509765625,19288.390625,19880.369140625,19880.369140625,167143600
2009-04-02,19877.439453125,20844.80078125,19877.439453125,20562.58984375,20562.58984375,310203000
2009-04-03,20562.58984375,20933.990234375,20463.98046875,20933.779296875,20933.779296875,236140000
2009-04-06,20928.140625,20928.140625,20535.109375,20807.2109375,20807.2109375,133722100
2009-04-07,20799.279296875,20800.48046875,20458.2109375,20623.419921875,20623.419921875,170164100
2009-04-08,20628.259765625,20877.83984375,20519.109375,20530.630859375,20530.630859375,142477700
2009-04-13,20534.830078125,21865.08984375,20534.830078125,21838.9609375,21838.9609375,250985600
2009-04-14,21835.880859375,21961.900390625,21472.359375,21918.599609375,21918.599609375,275947500
2009-04-15,21920.0703125,22000.419921875,21755.66015625,21861.359375,21861.359375,158298200
2009-04-16,21859.140625,22292.119140625,21859.140625,22189.19921875,22189.19921875,212464200
2009-04-17,22189.19921875,22406.25,22076.3203125,22234.83984375,22234.83984375,193354900
2009-04-20,22233.48046875,22233.48046875,21516.75,21587.490234375,21587.490234375,158109400
2009-04-21,21580.69921875,21878.41015625,21159.5,21216.939453125,21216.939453125,208890800
2009-04-22,21237.30078125,21834.76953125,21237.30078125,21480.009765625,21480.009765625,178718200
2009-04-23,21482.4296875,21971.75,21482.4296875,21829.330078125,21829.330078125,175363500
2009-04-24,21829.330078125,22711.669921875,21824.619140625,22582.169921875,22582.169921875,273633900
2009-04-27,22578.83984375,22578.83984375,21430.109375,21827.109375,21827.109375,231181100
2009-04-28,21802.44921875,21884.349609375,21468.919921875,21662.529296875,21662.529296875,159187800
2009-04-29,21654.470703125,22526.330078125,21654.470703125,22079.33984375,22079.33984375,310851700
2009-04-30,22079.98046875,22576.330078125,21895.08984375,21898.849609375,21898.849609375,255178900
2009-05-04,21976.900390625,23193.2890625,21976.900390625,23014.05078125,23014.05078125,245237200
2009-05-05,23014.5390625,23456.609375,22941.150390625,23430.240234375,23430.240234375,261591200
2009-05-06,23430.240234375,23985.919921875,23430.240234375,23906.130859375,23906.130859375,283836700
2009-05-07,23935.880859375,24317.509765625,23518.94921875,23589.400390625,23589.400390625,232618900
2009-05-08,23589.51953125,24094.2890625,23589.51953125,24085.580078125,24085.580078125,217089100
2009-05-11,24071.19921875,24072.0390625,23726.240234375,23943.01953125,23943.01953125,125778200
2009-05-12,23951.080078125,24021.080078125,23565.419921875,23696.490234375,23696.490234375,208661300
2009-05-13,23686.810546875,23686.810546875,23142.439453125,23155.009765625,23155.009765625,161476700
2009-05-14,23155.009765625,23420.919921875,23085.7890625,23405.9296875,23405.9296875,150638900
2009-05-15,23405.08984375,23453.7109375,23171.75,23341.720703125,23341.720703125,142720800
2009-05-18,23345.830078125,23940.69921875,23345.830078125,23935.490234375,23935.490234375,156017200
2009-05-19,23956.849609375,24683.73046875,23911.330078125,24344.619140625,24344.619140625,230674400
2009-05-20,24383.609375,24799.5390625,24328.060546875,24399.599609375,24399.599609375,205337800
2009-05-21,24374.419921875,24374.419921875,23806.650390625,23821.259765625,23821.259765625,161088100
2009-05-22,23833.470703125,24214.0390625,23833.470703125,24093.240234375,24093.240234375,114183100
2009-05-25,24095.529296875,24246.279296875,24021.830078125,24198.9609375,24198.9609375,31922800
2009-05-26,24198.7109375,24687.189453125,24045.900390625,24640.080078125,24640.080078125,184148300
2009-05-27,24640.369140625,24922.099609375,24407.169921875,24507.810546875,24507.810546875,196596600
2009-05-28,24507.810546875,24685.5,24286.619140625,24659.240234375,24659.240234375,164277800
2009-05-29,24683.849609375,24993.779296875,24328.8203125,24331.7109375,24331.7109375,270084400
2009-06-01,24331.7109375,25116.359375,24331.7109375,25105.630859375,25105.630859375,206412500
2009-06-02,25106.119140625,25416.029296875,24958.109375,25183.830078125,25183.830078125,206917200
2009-06-03,25183.05078125,25183.099609375,24515.91015625,24651.3203125,24651.3203125,176736900
2009-06-04,24651.359375,24803.310546875,24530.69921875,24748.029296875,24748.029296875,150974600
2009-06-05,24750.029296875,25045.939453125,24676.140625,24913.009765625,24913.009765625,122116600
2009-06-08,24913.009765625,24949.33984375,24584.05078125,24932.880859375,24932.880859375,109181900
2009-06-09,24932.880859375,25188.76953125,24847.05078125,25107.4296875,25107.4296875,151848600
2009-06-10,25107.4296875,25372.220703125,25047.9609375,25183.720703125,25183.720703125,202528000
2009-06-11,25183.94921875,25446.310546875,25183.380859375,25372.849609375,25372.849609375,164651300
2009-06-12,25365.2890625,25554.16015625,25168.5703125,25460.01953125,25460.01953125,139077600
2009-06-15,25460.25,25460.25,24790.349609375,24899.689453125,24899.689453125,204609700
2009-06-16,24899.689453125,25002.19921875,24219.05078125,24224.830078125,24224.830078125,172220700
2009-06-17,24224.830078125,24279.08984375,23690.580078125,24150.939453125,24150.939453125,189867700
2009-06-18,24181.330078125,24464.08984375,24085.4296875,24340.650390625,24340.650390625,119173400
2009-06-19,24355.759765625,24637.990234375,24274.720703125,24274.720703125,24274.720703125,135760000
2009-06-22,24274.720703125,24274.720703125,23310.4609375,23314.6796875,23314.6796875,141146700
2009-06-23,23315.009765625,23496.91015625,22955.98046875,23496.390625,23496.390625,155296600
2009-06-24,23506.48046875,24075.51953125,23506.48046875,23711.240234375,23711.240234375,153541300
2009-06-25,23710.080078125,24268.3203125,23574.650390625,24245.7109375,24245.7109375,137272700
2009-06-26,24245.869140625,24499.58984375,24170.140625,24458.23046875,24458.23046875,97903200
2009-06-29,24462.05078125,24614.9296875,24404.810546875,24473.529296875,24473.529296875,90991000
2009-06-30,24475.19921875,24634.41015625,24306.580078125,24368.380859375,24368.380859375,114791700
2009-07-01,24406.220703125,24690.330078125,24406.220703125,24524.009765625,24524.009765625,119185900
2009-07-02,24506.349609375,24506.349609375,23956.849609375,24051.4609375,24051.4609375,125206400
2009-07-03,24051.66015625,24099.19921875,23951.830078125,24045.390625,24045.390625,34703000
2009-07-06,24045.390625,24045.390625,23617.5703125,23742.490234375,23742.490234375,104251700
2009-07-07,23744.169921875,23761.7109375,23347.919921875,23359.939453125,23359.939453125,120984300
2009-07-08,23359.099609375,23537.810546875,23033.939453125,23468.98046875,23468.98046875,146884100
2009-07-09,23502.41015625,23725.189453125,23432.419921875,23634.26953125,23634.26953125,119856400
2009-07-10,23634.26953125,23665.630859375,23331.16015625,23656.259765625,23656.259765625,131724800
2009-07-13,23656.259765625,23952.76953125,23534.080078125,23951.9609375,23951.9609375,124812900
2009-07-14,23953.779296875,24410.859375,23953.779296875,24340.650390625,24340.650390625,140769500
2009-07-15,24340.7890625,25336.390625,24340.7890625,25336.330078125,25336.330078125,218028000
2009-07-16,25336.4609375,25737.58984375,25290.4609375,25735.560546875,25735.560546875,140645400
2009-07-17,25733.69921875,25881.169921875,25564.5,25741.9609375,25741.9609375,153809500
2009-07-20,25758.2890625,26407.189453125,25754.6796875,26284.060546875,26284.060546875,190451500
2009-07-21,26282.060546875,26450.330078125,25804.099609375,26004.01953125,26004.01953125,139020400
2009-07-22,26004.080078125,26378.740234375,25917.119140625,26288.2109375,26288.2109375,173120300
2009-07-23,26287.44921875,26896.76953125,26287.44921875,26805.419921875,26805.419921875,192373800
2009-07-24,26805.76953125,26851.150390625,26510.6796875,26646.369140625,26646.369140625,138510000
2009-07-27,26647.560546875,26855.69921875,26439.779296875,26815.30078125,26815.30078125,123884600
2009-07-28,26815.30078125,26918.01953125,26598.66015625,26850.75,26850.75,140706200
2009-07-29,26838.140625,26838.140625,26449.220703125,26516.5,26516.5,149124400
2009-07-30,26524.119140625,26914.9609375,26524.119140625,26810.26953125,26810.26953125,133046400
2009-07-31,26807.98046875,27156.05078125,26807.919921875,27043.5,27043.5,158987500
2009-08-03,27074.060546875,27803.150390625,27074,27692.48046875,27692.48046875,146920300
2009-08-04,27692.48046875,28015.189453125,27586.44921875,27869.919921875,27869.919921875,183437700
2009-08-05,27876.650390625,28169.640625,27646.890625,28082.630859375,28082.630859375,170777700
2009-08-06,28086.640625,28275.310546875,27786.330078125,27802.41015625,27802.41015625,197996300
2009-08-07,27803.369140625,28306,27803.369140625,28179.55078125,28179.55078125,190108500
2009-08-10,28179.80078125,28364.55078125,28034.630859375,28305.3203125,28305.3203125,132510800
2009-08-11,28305.3203125,28378.7890625,27738.380859375,27800.80078125,27800.80078125,169969900
2009-08-12,27800.80078125,28121.119140625,27762.939453125,28096.01953125,28096.01953125,136708400
2009-08-13,28096.66015625,28216.529296875,27921.599609375,28155.490234375,28155.490234375,176599900
2009-08-14,28155.970703125,28201.859375,27595.5,27855.4296875,27855.4296875,141276600
2009-08-17,27848.099609375,27848.099609375,27069.669921875,27299.580078125,27299.580078125,171287500
2009-08-18,27299.580078125,27599.69921875,27299.580078125,27544.3203125,27544.3203125,169366200
2009-08-19,27543.970703125,27655.23046875,27314.01953125,27598.369140625,27598.369140625,207640100
2009-08-20,27598.890625,27944.740234375,27598.890625,27944.240234375,27944.240234375,189847000
2009-08-21,27945.130859375,28390.189453125,27945.130859375,28308.9609375,28308.9609375,206511000
2009-08-24,28306.51953125,28607.609375,27952.830078125,28004.26953125,28004.26953125,214635900
2009-08-25,28004.919921875,28257.900390625,27960.630859375,28005.4609375,28005.4609375,197865500
2009-08-26,28005.4609375,28216.189453125,27912.51953125,28212.849609375,28212.849609375,209486500
2009-08-27,28224.619140625,28572.400390625,27935.6796875,28437.259765625,28437.259765625,237378500
2009-08-28,28437.359375,28708.439453125,28415.509765625,28599.919921875,28599.919921875,201946600
2009-08-31,28600.5703125,28600.5703125,28116.470703125,28129.94921875,28129.94921875,161924700
2009-09-01,28129.94921875,28643.150390625,27706.779296875,27749.16015625,27749.16015625,256872800
2009-09-02,27746.55078125,28026.470703125,27705.94921875,27953.33984375,27953.33984375,157490100
2009-09-03,27957.400390625,28288.890625,27957.400390625,28150.08984375,28150.08984375,135276400
2009-09-04,28150.08984375,28326.0390625,28098.9296875,28309.55078125,28309.55078125,136937800
2009-09-07,28309.55078125,28599.369140625,28303.83984375,28585.25,28585.25,35117600
2009-09-08,28586.240234375,29190.8203125,28585.130859375,29190.8203125,29190.8203125,196983600
2009-09-09,29191.150390625,29337.359375,28912.16015625,29100.05078125,29100.05078125,182678300
2009-09-10,29107.619140625,29350.0390625,28978.19921875,29318.419921875,29318.419921875,131175900
2009-09-11,29318.609375,29516.76953125,29255.849609375,29448.7890625,29448.7890625,157170100
2009-09-14,29451.109375,29464.810546875,29118.25,29383.189453125,29383.189453125,127989100
2009-09-15,29383.189453125,29686,29275.8203125,29625.01953125,29625.01953125,181426700
2009-09-17,29665.55078125,30227.140625,29665.55078125,30017.720703125,30017.720703125,253537600
2009-09-18,30015.689453125,30136.66015625,29681.509765625,29942,29942,336085800
2009-09-21,29936.939453125,29952.630859375,29390.51953125,29607.16015625,29607.16015625,156762400
2009-09-22,29613.900390625,29862.5703125,29458.4296875,29513.6796875,29513.6796875,213517900
2009-09-23,29513.6796875,29774.23046875,28951.4609375,28959.669921875,28959.669921875,348603400
2009-09-24,29010.029296875,29048.359375,28357.359375,28465.109375,28465.109375,221559600
2009-09-25,28465.109375,28984.720703125,28346.390625,28759.98046875,28759.98046875,245037400
2009-09-28,28760.099609375,29436.859375,28760.099609375,29401.990234375,29401.990234375,155587100
2009-09-29,29401.880859375,29808.3203125,29363.1796875,29432.009765625,29432.009765625,162660000
2009-09-30,29432.05078125,29760.470703125,29213.58984375,29232.240234375,29232.240234375,195187900
2009-10-01,29232.240234375,29236.580078125,28248.919921875,28588.259765625,28588.259765625,191137900
2009-10-02,28586.48046875,28723.619140625,28063.720703125,28678.66015625,28678.66015625,240458800
2009-10-05,28700.80078125,29235.83984375,28676.669921875,29214.400390625,29214.400390625,159056300
2009-10-06,29226.4609375,29767.400390625,29226.4609375,29690.48046875,29690.48046875,192418900
2009-10-07,29690.48046875,29801.69921875,29528.990234375,29763.369140625,29763.369140625,132129600
2009-10-08,29817.6796875,30122.08984375,29817.6796875,29898.849609375,29898.849609375,209416100
2009-10-09,29897.130859375,30049.439453125,29833.869140625,30039.7109375,30039.7109375,113200300
2009-10-12,30038.740234375,30475.44921875,30033.939453125,30475.4296875,30475.4296875,133227600
2009-10-13,30475.490234375,30635.0703125,30306.900390625,30611.099609375,30611.099609375,185372000
2009-10-14,30614.19921875,31108.630859375,30614.19921875,30881.099609375,30881.099609375,216945600
2009-10-15,30881.099609375,31091.150390625,30666.380859375,31017.73046875,31017.73046875,165873700
2009-10-16,31017.73046875,31017.73046875,30662.16015625,30726.30078125,30726.30078125,126961100
2009-10-19,30727.919921875,31035.01953125,30718.0703125,30927.109375,30927.109375,138456800
2009-10-20,30928.869140625,31031.3203125,30612.640625,31000.939453125,31000.939453125,155063500
2009-10-21,30999.880859375,31216.44921875,30889.05078125,30889.05078125,30889.05078125,185883700
2009-10-22,30889.05078125,30889.05078125,30682.140625,30761.759765625,30761.759765625,153755100
2009-10-23,30761.759765625,30955.900390625,30597.51953125,30617.6796875,30617.6796875,157480500
2009-10-26,30618.580078125,31077.650390625,30258.390625,30280.080078125,30280.080078125,214770400
2009-10-27,30286.080078125,30289.150390625,29312.25,29312.83984375,29312.83984375,265149100
2009-10-28,29312.609375,29312.609375,28591.2109375,28670.900390625,28670.900390625,270904400
2009-10-29,28681.220703125,29482.880859375,28681.220703125,29247.830078125,29247.830078125,203678300
2009-10-30,29157.529296875,29157.529296875,28262.970703125,28646.029296875,28646.029296875,227685500
2009-11-03,28646.7109375,29055.8203125,28531.1796875,28886.529296875,28886.529296875,156737700
2009-11-04,28935.33984375,29598.310546875,28935.33984375,29430.509765625,29430.509765625,177574000
2009-11-05,29432.30078125,29859.970703125,29428.25,29735.33984375,29735.33984375,152041500
2009-11-06,29734.80078125,29884.919921875,29611.640625,29868.619140625,29868.619140625,113081300
2009-11-09,29898.44921875,30646.4296875,29898.44921875,30646.240234375,30646.240234375,183126700
2009-11-10,30640.890625,30953.869140625,30525.9296875,30788.19921875,30788.19921875,171878400
2009-11-11,30777.9296875,31212.6796875,30772.599609375,31097.640625,31097.640625,186647100
2009-11-12,31093.560546875,31195.970703125,30724.890625,30759.849609375,30759.849609375,138559500
2009-11-13,30761.25,31002.140625,30651.83984375,31002.08984375,31002.08984375,141102300
2009-11-17,31111.80078125,31510.509765625,31111.109375,31400.19921875,31400.19921875,187584900
2009-11-18,31392.859375,31410.4609375,30949.4609375,31056.619140625,31056.619140625,156085800
2009-11-19,31055.529296875,31055.529296875,30570.400390625,30817.669921875,30817.669921875,153176600
2009-11-20,30819.08984375,30905.4609375,30566.5703125,30666.509765625,30666.509765625,171071800
2009-11-23,30666.5390625,31244.759765625,30666.5390625,31126.169921875,31126.169921875,167338600
2009-11-24,31125.400390625,31144.810546875,30776.8203125,30961.990234375,30961.990234375,144656700
2009-11-25,30963.080078125,31371.150390625,30925.83984375,31364.0390625,31364.0390625,150576700
2009-11-26,31361.130859375,31361.130859375,30447.830078125,30447.830078125,30447.830078125,64119800
2009-11-27,30448.369140625,31124.2890625,30359.009765625,30775.44921875,30775.44921875,118878600
2009-11-30,30775.900390625,31043.5390625,30767.169921875,30957.109375,30957.109375,247129200
2009-12-01,31002.419921875,32045.970703125,31002.419921875,31750.580078125,31750.580078125,252564500
2009-12-02,31751.8203125,32297.009765625,31671.650390625,32111.7890625,32111.7890625,237542100
2009-12-03,32163.259765625,32296.23046875,31964.48046875,31967.4296875,31967.4296875,161147400
2009-12-04,31967.640625,32377.23046875,31767.01953125,32105.390625,32105.390625,133663700
2009-12-07,32105.01953125,32225.16015625,32068.83984375,32085.169921875,32085.169921875,93790200
2009-12-08,32085.83984375,32118.73046875,31710.359375,31710.390625,31710.390625,158884300
2009-12-09,31722.509765625,31861.2890625,31507.66015625,31670.2109375,31670.2109375,149638800
2009-12-10,31668.2109375,31954.099609375,31668.2109375,31916.599609375,31916.599609375,168604600
2009-12-11,31916.9296875,32188.109375,31828.19921875,31901.689453125,31901.689453125,144571500
2009-12-14,31900.779296875,32011.41015625,31731.1796875,32009.880859375,32009.880859375,137502100
2009-12-15,32009.119140625,32277.19921875,31707.099609375,31902.599609375,31902.599609375,176031800
2009-12-16,31902.66015625,32224.609375,31885.4296875,31956.25,31956.25,215466300
2009-12-17,31956.130859375,31958.279296875,31808.44921875,31948.41015625,31948.41015625,140486100
2009-12-18,31946.859375,32012.2109375,31664.08984375,31834.0703125,31834.0703125,237514100
2009-12-21,31825.83984375,32118.380859375,31718.830078125,31799.23046875,31799.23046875,126379200
2009-12-22,31802.2890625,32240.3203125,31800.30078125,32240.3203125,32240.3203125,126726700
2009-12-23,32241.529296875,32529.6796875,32221,32450.23046875,32450.23046875,91752200
2009-12-24,32453.150390625,32597.029296875,32453.150390625,32548.529296875,32548.529296875,27257400
2009-12-28,32549.4296875,32724.76953125,32442.869140625,32610.509765625,32610.509765625,52419400
2009-12-29,32611.7109375,32787.33984375,32611.7109375,32626.2890625,32626.2890625,119575100
2009-12-30,32627.900390625,32628.5703125,32330.5,32448.740234375,32448.740234375,80359400
2009-12-31,32432.7890625,32519.640625,32100.849609375,32120.470703125,32120.470703125,63823600
2010-01-04,32120.740234375,32758.529296875,32120.740234375,32758.529296875,32758.529296875,136257800
2010-01-05,32729.30078125,33073.7109375,32628.240234375,32732.759765625,32732.759765625,165541900
2010-01-06,32730.419921875,32922.12109375,32639.439453125,32830.16015625,32830.16015625,126000100
2010-01-07,32830.21875,33069.78125,32670.98046875,33064.5703125,33064.5703125,123563200
2010-01-08,33067.5703125,33080.05078125,32779.66015625,32892.0390625,32892.0390625,109516900
2010-01-11,32892.109375,33047.23046875,32711.0390625,32935.37890625,32935.37890625,150332200
2010-01-12,32950.33984375,32976.609375,32719.619140625,32792.66015625,32792.66015625,139205800
2010-01-13,32792.87109375,32929.3203125,32607.939453125,32836.078125,32836.078125,143683200
2010-01-14,32843.55859375,32847.9296875,32429.669921875,32729.580078125,32729.580078125,447963200
2010-01-15,32725.41015625,32728.41015625,32262.099609375,32262.30078125,32262.30078125,318270300
2010-01-18,32262.529296875,32491.48046875,32262.529296875,32482.73046875,32482.73046875,32108200
2010-01-19,32493.359375,32618.009765625,32367.859375,32473.05078125,32473.05078125,213255300
2010-01-20,32466.0390625,32466.0390625,31946.76953125,32025.33984375,32025.33984375,215329000
2010-01-21,32033.849609375,32151.80078125,31181.720703125,31205.30078125,31205.30078125,243330800
2010-01-22,31203.099609375,31212.55078125,30612.060546875,30830.91015625,30830.91015625,210227600
2010-01-25,30831.400390625,31080.98046875,30465.060546875,30465.060546875,30465.060546875,196961600
2010-01-26,30461.859375,30764.759765625,30209.08984375,30651.560546875,30651.560546875,183139500
2010-01-27,30629.7890625,30677.0390625,30082.76953125,30610.830078125,30610.830078125,306309200
2010-01-28,30620.58984375,30926.05078125,30334.669921875,30811.349609375,30811.349609375,202374700
2010-01-29,30811.470703125,31002.7890625,30343.05078125,30391.609375,30391.609375,241668900
2010-02-02,30416.640625,30922.029296875,30416.640625,30876.650390625,30876.650390625,183848300
2010-02-03,30869.990234375,31396.900390625,30763.640625,31287.0390625,31287.0390625,212362200
2010-02-04,31285.529296875,31285.529296875,30530.41015625,30603.7109375,30603.7109375,182901900
2010-02-05,30603.880859375,30630.73046875,29926.060546875,30630.73046875,30630.73046875,202078000
2010-02-08,30633.380859375,30778.01953125,30528.9609375,30649.439453125,30649.439453125,147957200
2010-02-09,30649.55078125,30998.1796875,30649.55078125,30818.48046875,30818.48046875,184952300
2010-02-10,30836.609375,30897.94921875,30460.30078125,30746.05078125,30746.05078125,157155400
2010-02-11,30746.5390625,30994.33984375,30686.830078125,30845.630859375,30845.630859375,144841900
2010-02-12,30845.75,31005.740234375,30641.0390625,31005.740234375,31005.740234375,125680300
2010-02-15,31006.5390625,31120.720703125,30896.109375,31038.3203125,31038.3203125,33729400
2010-02-16,31071.640625,31644.76953125,31071.640625,31644.76953125,31644.76953125,167793000
2010-02-17,31644.91015625,31892.119140625,31641.189453125,31892.119140625,31892.119140625,163983200
2010-02-18,31889.0703125,32216.939453125,31695.630859375,32170.7890625,32170.7890625,193725100
2010-02-19,32160.220703125,32283.140625,31890.73046875,32172.109375,32172.109375,198987100
2010-02-22,32172.220703125,32272.16015625,32023.5390625,32034.33984375,32034.33984375,183649600
2010-02-23,32020.94921875,32020.94921875,31598.060546875,31850.240234375,31850.240234375,156648200
2010-02-24,31850.7890625,31990.359375,31777.490234375,31788.5390625,31788.5390625,141239700
2010-02-25,31777.380859375,31777.380859375,31396.779296875,31649.099609375,31649.099609375,124758900
2010-02-26,31682.98046875,31866.4296875,31548.400390625,31634.5390625,31634.5390625,190955900
2010-03-01,31637.890625,31888.30078125,31637.890625,31765.140625,31765.140625,147752900
2010-03-02,31765.330078125,32148.919921875,31763.44921875,32055.0390625,32055.0390625,156406700
2010-03-03,32055.119140625,32431.2109375,31998.119140625,32353.5390625,32353.5390625,205110200
2010-03-04,32353.849609375,32508.26953125,32085.060546875,32202,32202,137551500
2010-03-05,32208.990234375,32529.599609375,32208.990234375,32436.529296875,32436.529296875,153270100
2010-03-08,32415.150390625,32535.9609375,32399.109375,32520.26953125,32520.26953125,154426300
2010-03-09,32520.650390625,32631.009765625,32419.169921875,32514.169921875,32514.169921875,161540500
2010-03-10,32514.330078125,32718.400390625,32500.9296875,32505.759765625,32505.759765625,171740700
2010-03-11,32506.33984375,32631.060546875,32353.919921875,32602.939453125,32602.939453125,126743000
2010-03-12,32598.279296875,32725.259765625,32521.359375,32578.05078125,32578.05078125,102685700
2010-03-16,32581.900390625,32774.328125,32503.33984375,32723.900390625,32723.900390625,137764000
2010-03-17,32724.19921875,33000,32723.58984375,32798.30078125,32798.30078125,207372200
2010-03-18,32800.1015625,32977.3515625,32634.55078125,32969.828125,32969.828125,198763700
2010-03-19,32968.890625,33025.828125,32780.2890625,33022.83984375,33022.83984375,254168700
2010-03-22,33022.69921875,33193.83984375,32876.71875,33142.01953125,33142.01953125,156847200
2010-03-23,33142.73046875,33410.23828125,33122.0703125,33361.26953125,33361.26953125,181161200
2010-03-24,33361.33984375,33474.8984375,33159.51953125,33160.96875,33160.96875,199658400
2010-03-25,33156.87890625,33366.359375,33125.23046875,33164.328125,33164.328125,168436000
2010-03-26,33165.4296875,33336.80078125,33082.58984375,33147.80859375,33147.80859375,151328000
2010-03-29,33147.0390625,33448.48046875,33144.69921875,33416.1015625,33416.1015625,124009200
2010-03-30,33420.76171875,33589.08984375,33288.94921875,33399.4609375,33399.4609375,139166200
2010-03-31,33399.87109375,33429.671875,33214.46875,33266.4296875,33266.4296875,239511300
2010-04-05,33267.46875,33779.3515625,33266.671875,33648.890625,33648.890625,222997300
2010-04-06,33649.94140625,33821.71875,33611.671875,33801.2109375,33801.2109375,162046700
2010-04-07,33801.2890625,33802.58984375,33589.37890625,33632.3515625,33632.3515625,208564400
2010-04-08,33630.83984375,33667.25,33314.9296875,33567.3515625,33567.3515625,190739600
2010-04-09,33569.578125,33841.0703125,33524.421875,33840.8515625,33840.8515625,137222200
2010-04-12,33831.921875,33925.05078125,33681.23046875,33852.390625,33852.390625,94528800
2010-04-13,33805.23046875,33877.80078125,33727.19921875,33819.0390625,33819.0390625,138260600
2010-04-14,33822.03125,34113.9609375,33822.03125,34113.9296875,34113.9296875,213715700
2010-04-15,34108.69140625,34223.87109375,34003.9609375,34134.23046875,34134.23046875,145624200
2010-04-16,34162.671875,34163.26953125,33484.33984375,33621.390625,33621.390625,201060900
2010-04-19,33588.6484375,33700.33984375,33212.3515625,33439.76953125,33439.76953125,138270800
2010-04-20,33439.01953125,33823.37890625,33439.01953125,33813.16015625,33813.16015625,140801000
2010-04-21,33814.578125,33822.3203125,33480.8515625,33517.1796875,33517.1796875,153202500
2010-04-22,33509.69921875,33674.21875,33210.078125,33658.37109375,33658.37109375,210836600
2010-04-23,33676.23046875,33954.08984375,33617.69140625,33853.69140625,33853.69140625,234711000
2010-04-26,33856.37890625,33999.921875,33746.9296875,33771.55078125,33771.55078125,186455300
2010-04-27,33722.51171875,33722.51171875,32679.359375,32679.359375,32679.359375,236783400
2010-04-28,32679.169921875,32955.078125,32385.08984375,32952.859375,32952.859375,218786300
2010-04-29,32953.76953125,33228.01953125,32850.19921875,32861,32861,215587000
2010-04-30,32861.16015625,33246.25,32653.80078125,32687.3203125,32687.3203125,287810400
2010-05-04,32803.8984375,32809.55859375,31913.419921875,32120.650390625,32120.650390625,269130400
2010-05-05,32112.900390625,32258.30078125,31574.529296875,31995.279296875,31995.279296875,239897000
2010-05-06,31997.98046875,32258.060546875,30649.66015625,31398.970703125,31398.970703125,287186800
2010-05-07,31404.130859375,31602.189453125,30981.2109375,31488.8203125,31488.8203125,246336700
2010-05-10,31538.48046875,32696.490234375,31538.48046875,32276.919921875,32276.919921875,215496400
2010-05-11,32277.109375,32360.509765625,32038.849609375,32119.109375,32119.109375,189247300
2010-05-12,32140.630859375,32395.650390625,32140.630859375,32379.630859375,32379.630859375,205184700
2010-05-13,32381.029296875,32493.73046875,32263.580078125,32342.4296875,32342.4296875,124886900
2010-05-14,32339.580078125,32339.580078125,31721.529296875,31812.73046875,31812.73046875,141704600
2010-05-17,31804.029296875,31947.4296875,31338.869140625,31580.630859375,31580.630859375,155416600
2010-05-18,31580.490234375,31919.140625,31136.349609375,31136.349609375,31136.349609375,157100700
2010-05-19,31136.150390625,31142.5,30834.619140625,30992.759765625,30992.759765625,229155900
2010-05-20,30976.859375,30976.859375,30255.359375,30368.080078125,30368.080078125,277577500
2010-05-21,30376.640625,30809.470703125,30074.060546875,30629.150390625,30629.150390625,255529600
2010-05-24,30629.1796875,30938.150390625,30563.509765625,30759.48046875,30759.48046875,136201500
2010-05-25,30756.75,30756.75,30102.08984375,30634.169921875,30634.169921875,318166000
2010-05-26,30667.73046875,31478.189453125,30667.73046875,31328.490234375,31328.490234375,325023200
2010-05-27,31329.130859375,32056.349609375,31329.130859375,32056.16015625,32056.16015625,259211800
2010-05-28,32056.109375,32071.919921875,31419.279296875,31547.55078125,31547.55078125,201026400
2010-05-31,31547.330078125,32126.220703125,31547.330078125,32038.529296875,32038.529296875,216497400
2010-06-01,31988.630859375,31988.630859375,31245.2890625,31245.830078125,31245.830078125,251248000
2010-06-02,31245.919921875,31544.66015625,31227.830078125,31411.91015625,31411.91015625,175993300
2010-06-03,31420.69921875,31667.8203125,31240.900390625,31331.859375,31331.859375,153007800
2010-06-04,31312.23046875,31312.23046875,30973.029296875,30992.650390625,30992.650390625,159165700
2010-06-07,31014.990234375,31137.609375,30690.5390625,30739.009765625,30739.009765625,101899000
2010-06-08,30739.310546875,31073.970703125,30739.310546875,31059.830078125,31059.830078125,152759400
2010-06-09,31060.560546875,31508.630859375,31060.560546875,31209.330078125,31209.330078125,170444800
2010-06-10,31231.9609375,31916.55078125,31231.9609375,31910.220703125,31910.220703125,223473400
2010-06-11,31904.369140625,32246.890625,31670.279296875,32124.279296875,32124.279296875,152371900
2010-06-14,32129.94921875,32511.650390625,32129.94921875,32238.41015625,32238.41015625,145984100
2010-06-15,32238.970703125,32749.08984375,32238.970703125,32685.400390625,32685.400390625,179968600
2010-06-16,32669.689453125,32870.28125,32596.900390625,32805.62890625,32805.62890625,142010000
2010-06-17,32804.05859375,32854.76171875,32630.330078125,32775.33984375,32775.33984375,134987100
2010-06-18,32771.48828125,32946.890625,32629.91015625,32814.62109375,32814.62109375,165006200
2010-06-21,32816.5,33290.91015625,32816.5,32882,32882,122782400
2010-06-22,32878.578125,32984.91015625,32470.69921875,32470.69921875,32470.69921875,124243300
2010-06-23,32470.76953125,32663.2890625,32180.3203125,32663.2890625,32663.2890625,158766800
2010-06-24,32663.009765625,32663.009765625,32276.69921875,32312.759765625,32312.759765625,119407600
2010-06-25,32310.0390625,32659.5703125,32254.439453125,32607.130859375,32607.130859375,119346800
2010-06-28,32609.990234375,32693.029296875,32417.810546875,32568.189453125,32568.189453125,106385300
2010-06-29,32535.51953125,32535.51953125,31440.279296875,31473.19921875,31473.19921875,202152300
2010-06-30,31490.330078125,31793.6796875,31151.099609375,31156.970703125,31156.970703125,363224800
2010-07-01,31153.51953125,31261.169921875,30542.529296875,31197.0390625,31197.0390625,246699400
2010-07-02,31212.75,31435.51953125,31075.130859375,31379.669921875,31379.669921875,126017200
2010-07-05,31453.310546875,31477.51953125,31336.310546875,31391.44921875,31391.44921875,15294200
2010-07-06,31396.2109375,31989.80078125,31343.009765625,31533.580078125,31533.580078125,158454100
2010-07-07,31519.810546875,32042.23046875,31502.830078125,32035.189453125,32035.189453125,149317900
2010-07-08,32035.169921875,32171.5703125,31733.609375,31960.640625,31960.640625,141505100
2010-07-09,31961.220703125,32107.560546875,31784.0703125,32004.310546875,32004.310546875,104119400
2010-07-12,32037.439453125,32116.41015625,31788.23046875,31870.55078125,31870.55078125,84430000
2010-07-13,31871.560546875,32251.05078125,31871.560546875,32185.19921875,32185.19921875,143620800
2010-07-14,32185.400390625,32385.009765625,32101.490234375,32305.7109375,32305.7109375,143231900
2010-07-15,32305.30078125,32387.169921875,32114.609375,32381.060546875,32381.060546875,120083700
2010-07-16,32382.490234375,32383.75,31736.130859375,31783.390625,31783.390625,122753500
2010-07-19,31803.8203125,32005.669921875,31785.220703125,31845.880859375,31845.880859375,85016600
2010-07-20,31843.33984375,32025.1796875,31613.55078125,32024.26953125,32024.26953125,109342000
2010-07-21,32024.619140625,32318.330078125,32001.94921875,32108.990234375,32108.990234375,151882000
2010-07-22,32135.189453125,32720.759765625,32135.189453125,32720.759765625,32720.759765625,166472600
2010-07-23,32721.01953125,32818.48046875,32510.490234375,32806.03125,32806.03125,164283600
2010-07-26,32814.98046875,33041.37890625,32803.62109375,32958.890625,32958.890625,146615700
2010-07-27,32959.890625,33043.5703125,32643.19921875,32695.310546875,32695.310546875,170666900
2010-07-28,32694.640625,32744.619140625,32500.029296875,32665.560546875,32665.560546875,177610400
2010-07-29,32666.16015625,32802.30078125,32408.119140625,32463.720703125,32463.720703125,178377600
2010-07-30,32450.4609375,32454.9296875,32198.33984375,32308.740234375,32308.740234375,342781000
2010-08-02,32308.880859375,32819.73046875,32308.880859375,32816.51953125,32816.51953125,205933500
2010-08-03,32808.80859375,32862.05859375,32613.650390625,32768.078125,32768.078125,143955600
2010-08-04,32767.220703125,32975.6796875,32749.109375,32900.48046875,32900.48046875,144999700
2010-08-05,32900.19140625,32961.921875,32793.640625,32907.19140625,32907.19140625,132091400
2010-08-06,32900.48046875,32956.62109375,32753.30078125,32917.921875,32917.921875,129098200
2010-08-09,32918.359375,33022.08984375,32802.51171875,32837.5703125,32837.5703125,101037500
2010-08-10,32837.3203125,32837.3203125,32518.69921875,32685.51953125,32685.51953125,149397800
2010-08-11,32684.869140625,32684.869140625,32055.349609375,32058.5703125,32058.5703125,162204300
2010-08-12,32058.0390625,32106.98046875,31830.650390625,32041.130859375,32041.130859375,132257400
2010-08-13,32044.75,32154.220703125,32025.630859375,32099.75,32099.75,98486800
2010-08-16,32091.69921875,32135.55078125,31785.060546875,32119.880859375,32119.880859375,101139600
2010-08-17,32122.390625,32435.109375,32119.099609375,32286.080078125,32286.080078125,149561000
2010-08-18,32288.0390625,32414.630859375,32164.240234375,32408.30078125,32408.30078125,165011300
2010-08-19,32408.44921875,32421.19921875,31972.119140625,32153.630859375,32153.630859375,137762500
2010-08-20,32132.220703125,32291.830078125,32016.66015625,32291.669921875,32291.669921875,82794800
2010-08-23,32295.5703125,32404.51953125,32105.9296875,32142.669921875,32142.669921875,113470800
2010-08-24,32136.369140625,32136.369140625,31361.330078125,31364.890625,31364.890625,239867000
2010-08-25,31366.630859375,31463.5,30916.05078125,31453.720703125,31453.720703125,232616300
2010-08-26,31472.2109375,31633.7890625,31172.720703125,31217.990234375,31217.990234375,162801900
2010-08-27,31238.609375,31757.029296875,31237.80078125,31755.349609375,31755.349609375,153247800
2010-08-30,31746.759765625,31815.7890625,31374.0703125,31382.669921875,31382.669921875,109679400
2010-08-31,31381.390625,31692.099609375,31361.9296875,31679.849609375,31679.849609375,414447100
2010-09-01,31680.58984375,32385.509765625,31680.58984375,32339.23046875,32339.23046875,231942400
2010-09-02,32339.91015625,32538.529296875,32270.23046875,32417.330078125,32417.330078125,132121800
2010-09-03,32420.33984375,32871.37109375,32420.310546875,32592.869140625,32592.869140625,136547200
2010-09-06,32592.970703125,32754.060546875,32549.689453125,32746.669921875,32746.669921875,45257000
2010-09-07,32744.08984375,32744.08984375,32418.7890625,32448.400390625,32448.400390625,141376800
2010-09-08,32452.220703125,32561.380859375,32409.599609375,32409.599609375,32409.599609375,188211500
2010-09-09,32409.529296875,32606.900390625,32409.529296875,32518.98046875,32518.98046875,143405500
2010-09-10,32519.30078125,32631.390625,32451.169921875,32626.869140625,32626.869140625,106885500
2010-09-13,32628.279296875,33098.87890625,32628.279296875,32921.62890625,32921.62890625,144499300
2010-09-14,32921.53125,33097.03125,32771.01953125,33058,33058,147295900
2010-09-15,33054.62109375,33059.87890625,32887.421875,33046.69140625,33046.69140625,178080500
2010-09-20,33057.01171875,33288.421875,32973.05078125,33273.53125,33273.53125,198838700
2010-09-21,33273.91015625,33396.2109375,33199.30859375,33296.69140625,33296.69140625,169355600
2010-09-22,33296.62890625,33301.171875,33126.6484375,33207.2109375,33207.2109375,146618700
2010-09-23,33205.5,33338.328125,32885.01953125,33091.12890625,33091.12890625,136437900
2010-09-24,33097,33439.51171875,33097,33280.75,33280.75,184276400
2010-09-27,33279.8203125,33305.37109375,33111.671875,33122.44140625,33122.44140625,129270700
2010-09-28,33124.69140625,33275.4609375,32969.96875,33258.53125,33258.53125,140590400
2010-09-29,33259.87109375,33334.87890625,33128.98046875,33186.76171875,33186.76171875,133945500
2010-09-30,33187.51171875,33530.828125,33052.48828125,33330.33984375,33330.33984375,219404500
2010-10-01,33332.2109375,33812.30859375,33332.05078125,33807.48046875,33807.48046875,203298200
2010-10-04,33807.71875,34156.76171875,33791.16015625,34040.171875,34040.171875,288198900
2010-10-05,34040.5390625,34364.44921875,34004.62890625,34257.3984375,34257.3984375,215039400
2010-10-06,34258.26171875,34415.80078125,34217.96875,34370.640625,34370.640625,144740900
2010-10-07,34371.2890625,34442.96875,34214.23828125,34257.80859375,34257.80859375,157288300
2010-10-08,34258.5703125,34472.828125,34153.75,34464.8203125,34464.8203125,128116300
2010-10-11,34465.078125,34650.58984375,34255.23046875,34465.41015625,34465.41015625,149256500
2010-10-12,34464.171875,34464.171875,34186.08984375,34437.390625,34437.390625,169334700
2010-10-13,34444.828125,34902.94140625,34444.828125,34798.6484375,34798.6484375,227711800
2010-10-14,34796.94921875,34992.51953125,34756.6796875,34836.5,34836.5,186540400
2010-10-15,34838.98828125,34931.69921875,34545.8984375,34741.5390625,34741.5390625,181975800
2010-10-18,34748.30859375,34920.609375,34680.76171875,34919.30859375,34919.30859375,145266500
2010-10-19,34918.9296875,34918.9296875,34452.01171875,34452.2109375,34452.2109375,131788000
2010-10-20,34462.12890625,34901.30078125,34449.7890625,34880.46875,34880.46875,200409200
2010-10-21,34894.01953125,35236.359375,34835.69921875,34965.25,34965.25,187301900
2010-10-22,34966.4609375,35166.26171875,34864.640625,35120.87890625,35120.87890625,126190100
2010-10-25,35123.33984375,35429.23046875,35073.19140625,35262.890625,35262.890625,120323400
2010-10-26,35264.26171875,35401.1484375,35132.6484375,35373.390625,35373.390625,225974300
2010-10-27,35380.75,35384.12890625,35021.98046875,35262.8984375,35262.8984375,165440900
2010-10-28,35259.921875,35547.421875,35229.30078125,35376.71875,35376.71875,266584100
2010-10-29,35400.359375,35630.1015625,35304.23046875,35568.21875,35568.21875,229229300
2010-11-01,35573.71875,35885.6484375,35551.28125,35722.7109375,35722.7109375,132328100
2010-11-03,35722.828125,35998.01171875,35716.71875,35843.80859375,35843.80859375,215073000
2010-11-04,35844.66015625,36322.51953125,35844.66015625,36198.6015625,36198.6015625,246338500
2010-11-05,36198.6015625,36376.0703125,36133.078125,36317.51171875,36317.51171875,122468300
2010-11-08,36317.51171875,36543.390625,36130.1484375,36543.390625,36543.390625,135850400
2010-11-09,36543.390625,36813.98828125,36188.6796875,36198.03125,36198.03125,194750200
2010-11-10,36198.03125,36534.53125,36003.390625,36417.46875,36417.46875,191718400
2010-11-11,36417.140625,36421.9609375,36219.76953125,36304.5390625,36304.5390625,123063000
2010-11-12,36304.671875,36307.0703125,35966.44921875,36057.390625,36057.390625,134918600
2010-11-16,36057.328125,36057.328125,35606.28125,35648.2109375,35648.2109375,164076000
2010-11-17,35645.44140625,35867.0703125,35620.48828125,35842.48046875,35842.48046875,252577600
2010-11-18,35844.671875,36322.12109375,35844.671875,36322.12109375,36322.12109375,155870700
2010-11-19,36321.2109375,36601.46875,36185.12890625,36601.3984375,36601.3984375,141508400
2010-11-22,36601.94921875,36710.73828125,36411.96875,36710.4609375,36710.4609375,164020700
2010-11-23,36674.5,36675.58984375,36150.75,36271.828125,36271.828125,191201100
2010-11-24,36271.828125,37085.94140625,36271.828125,37079.28125,37079.28125,223098200
2010-11-25,37078.96875,37153.94140625,36921.91015625,36969.19921875,36969.19921875,54316800
2010-11-26,36944.2109375,37035,36642.73046875,36904.53125,36904.53125,84608200
2010-11-29,36904.53125,36916.4609375,36498.62109375,36890.609375,36890.609375,129439600
2010-11-30,36882.890625,36946.1484375,36694.71875,36817.3203125,36817.3203125,310921600
2010-12-01,36817.3203125,37302.98046875,36817.3203125,37277.55859375,37277.55859375,157946000
2010-12-02,37279.0703125,37736.25,37255.3203125,37399.46875,37399.46875,202823000
2010-12-03,37399.46875,37527,37259.078125,37385.91015625,37385.91015625,143746800
2010-12-06,37387.6796875,37758.2890625,37358.0390625,37737.12890625,37737.12890625,176284400
2010-12-07,37737.23828125,38119.078125,37737.23828125,37880.12890625,37880.12890625,219801800
2010-12-08,37881.16015625,37884,37520.3203125,37617.76953125,37617.76953125,139888600
2010-12-09,37621.140625,37739.73828125,37445.640625,37567.390625,37567.390625,155964200
2010-12-10,37567.390625,37677.94921875,37368.08984375,37677.78125,37677.78125,167268800
2010-12-13,37677.78125,38006.44140625,37677.78125,37894.33984375,37894.33984375,114444000
2010-12-14,37889.83984375,38000.87109375,37826.73046875,37901.0390625,37901.0390625,164355600
2010-12-15,37906.1015625,37921.359375,37531.5703125,37676.55078125,37676.55078125,160733000
2010-12-16,37731.328125,37843.55078125,37638.69140625,37832.859375,37832.859375,117490800
2010-12-17,37832.859375,38532.421875,37627.5390625,37997.33984375,37997.33984375,278649600
2010-12-20,37997.1796875,38139.1796875,37865.98046875,37975.48046875,37975.48046875,105789800
2010-12-21,37981.78125,38311.109375,37981.78125,38230.859375,38230.859375,220662200
2010-12-22,38237.5,38243.01171875,37991.3984375,38172.91015625,38172.91015625,90583200
2010-12-23,38172.91015625,38199.140625,38039.78125,38131.46875,38131.46875,81629200
2010-12-27,38081.0703125,38139.83984375,37833.51953125,38132.8515625,38132.8515625,50938200
2010-12-28,38132.87109375,38218.6484375,38113.01171875,38147.51171875,38147.51171875,76702600
2010-12-29,38147.51171875,38271.44140625,38111.01171875,38230.19921875,38230.19921875,67122200
2010-12-30,38230.8203125,38383.76953125,38183.62890625,38243.140625,38243.140625,68096000
2011-01-03,38552.87109375,38876.76171875,38536.7109375,38605.80078125,38605.80078125,124185400
2011-01-04,38605.80078125,38720.828125,38454.94140625,38542.16015625,38542.16015625,131448400
2011-01-05,38542.16015625,38699.1015625,38322.140625,38696.23828125,38696.23828125,144782600
2011-01-06,38696.23828125,38772.8984375,38516.30078125,38589.671875,38589.671875,145696400
2011-01-07,38597.8984375,38711.73828125,38346.37890625,38600.859375,38600.859375,144050600
2011-01-10,38608.6796875,38633.828125,38184.1015625,38378.16015625,38378.16015625,155053400
2011-01-11,38380.76953125,38562.69921875,38005.9609375,38028.80859375,38028.80859375,188106000
2011-01-12,38028.80859375,38347.3984375,37874.76171875,37963.30859375,37963.30859375,172640200
2011-01-13,37963.30859375,38070.19140625,37896.51953125,38070.19140625,38070.19140625,161397200
2011-01-14,38070.19140625,38158.26953125,37841.5703125,37994.71875,37994.71875,136612400
2011-01-17,37996.16015625,38213.05078125,37984.55078125,38096.91015625,38096.91015625,52440600
2011-01-18,38095.6796875,38247.0703125,37953.859375,38151.30078125,38151.30078125,195686400
2011-01-19,38160.390625,38357.66015625,37766.1796875,37810.16015625,37810.16015625,144684600
2011-01-20,37815.140625,37815.140625,37361.3203125,37584.6796875,37584.6796875,180803800
2011-01-21,37584.6796875,37731.05078125,37321.109375,37321.109375,37321.109375,148830800
2011-01-24,37322.3203125,37667.98828125,37214.6796875,37667.8984375,37667.8984375,156290400
2011-01-25,37673.78125,37816.140625,37358.71875,37470.76171875,37470.76171875,149678400
2011-01-26,37485.5703125,37647.9296875,37330.1015625,37585.3984375,37585.3984375,166526200
2011-01-27,37585.3984375,37709.921875,37437.94140625,37447.69921875,37447.69921875,157778200
2011-01-28,37445.7109375,37473.78125,36634.19921875,36839.71875,36839.71875,257168600
2011-01-31,36843.08984375,36982.23828125,36622.5703125,36982.23828125,36982.23828125,183413000
2011-02-01,36983.5703125,37618.1015625,36983.5703125,37618.1015625,37618.1015625,210831400
2011-02-02,37619.1796875,38014.87890625,37539.98046875,37948.75,37948.75,199702200
2011-02-03,37901.4609375,37904.6484375,37667.44140625,37739.078125,37739.078125,200455400
2011-02-04,37754.26953125,37764.30078125,37451.83984375,37451.83984375,37451.83984375,108142400
2011-02-08,37457.421875,37566.05078125,37301.1484375,37565.6484375,37565.6484375,153034600
2011-02-09,37567,37570.359375,36910.76171875,36986.94140625,36986.94140625,191621800
2011-02-10,36986.94140625,37018.1796875,36614.9609375,36652.12890625,36652.12890625,226111400
2011-02-11,36648.44140625,37034.25,36523.73828125,37011.48828125,37011.48828125,181228200
2011-02-14,37018.55859375,37082.8984375,36900.33984375,36998.9296875,36998.9296875,154647400
2011-02-15,37000.1796875,37177,36835.1796875,36951.25,36951.25,133573400
2011-02-16,36946.5,37179.5,36946.5,37074.9296875,37074.9296875,153520600
2011-02-17,37074.9296875,37290.6484375,37024.53125,37226.4296875,37226.4296875,154638200
2011-02-18,37228.26171875,37664.78125,37191.21875,37522.30078125,37522.30078125,171699600
2011-02-21,37522.30078125,37550.37890625,37170.03125,37242.05078125,37242.05078125,47497800
2011-02-22,37241.1484375,37253.01953125,36763.91015625,36781.55078125,36781.55078125,226412800
2011-02-23,36808.12109375,36865.16015625,36325.94140625,36464.0703125,36464.0703125,230524200
2011-02-24,36464.0703125,36633.0703125,36318.55078125,36446.55859375,36446.55859375,187165600
2011-02-25,36449.98046875,36888.51171875,36445.1796875,36880.19921875,36880.19921875,160198800
2011-02-28,36880.19921875,37199.62890625,36880.19921875,37019.69921875,37019.69921875,249417400
2011-03-01,37019.69921875,37172.890625,36768.08984375,36768.08984375,36768.08984375,152837400
2011-03-02,36768.08984375,36912.3515625,36689.83984375,36863.53125,36863.53125,151720600
2011-03-03,36889.46875,37217.2109375,36889.46875,37132.98046875,37132.98046875,167830800
2011-03-04,37132.98046875,37231.98046875,36760.73046875,36900.83984375,36900.83984375,117055800
2011-03-07,36901.78125,36945.26171875,36572.98046875,36603.30078125,36603.30078125,132905800
2011-03-08,36603.30078125,36825.6796875,36557.75,36688.12109375,36688.12109375,139264600
2011-03-09,36690.55859375,36690.55859375,36430.140625,36450.19140625,36450.19140625,170581200
2011-03-10,36440.140625,36440.140625,35770.08984375,35891.41015625,35891.41015625,166296200
2011-03-11,35888.4609375,36092.53125,35671.9296875,36091.21875,36091.21875,119473400
2011-03-14,36088.890625,36205.87890625,35809.3515625,36205.76171875,36205.76171875,111235200
2011-03-15,36203.78125,36203.78125,35538.421875,36012.171875,36012.171875,145341200
2011-03-16,36010.8515625,36058.5390625,35559.94921875,35655.30859375,35655.30859375,176076600
2011-03-17,35657.640625,36057.0390625,35540.58984375,35621.6796875,35621.6796875,145754200
2011-03-18,35621.6796875,35827.05859375,35418.5,35418.5,35418.5,295064200
2011-03-22,35445.30859375,35925.6484375,35358.87109375,35925.3515625,35925.3515625,144543800
2011-03-23,35933.73046875,36546.62109375,35933.73046875,36546.62109375,36546.62109375,172984200
2011-03-24,36544.76953125,36883.26171875,36539.12890625,36872.37890625,36872.37890625,219732000
2011-03-25,36874.44140625,36949.73828125,36719.53125,36784.26953125,36784.26953125,123681400
2011-03-28,36784.26953125,36900.98828125,36728.87890625,36767.859375,36767.859375,85112200
2011-03-29,36770.53125,36875.12109375,36656.41015625,36795.890625,36795.890625,134332800
2011-03-30,36795.890625,37233.94921875,36795.890625,37210.26953125,37210.26953125,156871600
2011-03-31,37210.078125,37563.98828125,37128.37109375,37440.51171875,37440.51171875,238495600
2011-04-01,37440.1015625,37931.37890625,37440.1015625,37775.0703125,37775.0703125,180171800
2011-04-04,37767,37978.87890625,37765.8203125,37903.578125,37903.578125,107315600
2011-04-05,37903.578125,38014.53125,37799.1015625,37832.9609375,37832.9609375,176870400
2011-04-06,37833.94921875,38091.1796875,37777.421875,37861.80859375,37861.80859375,171500600
2011-04-07,37862.96875,37951.23828125,37338.94140625,37471.5390625,37471.5390625,230639000
2011-04-08,37471.5390625,37655.80078125,37334.5,37471.71875,37471.71875,164439000
2011-04-11,37473.3984375,37762.44921875,37466.83984375,37590.671875,37590.671875,152470000
2011-04-12,37590.4296875,37590.4296875,37277.83984375,37321.80078125,37321.80078125,151611600
2011-04-13,37339.23828125,37496.37890625,37200.7890625,37347.69140625,37347.69140625,144497600
2011-04-14,37347.69140625,37400.62109375,37037.96875,37069.9609375,37069.9609375,139796400
2011-04-15,37080.46875,37135.109375,36955.921875,36988.37890625,36988.37890625,145864400
2011-04-18,36990.91015625,36990.91015625,36255.78125,36332.1015625,36332.1015625,137088000
2011-04-19,36333.19921875,36442.03125,36090.6484375,36440.21875,36440.21875,129226800
2011-04-20,36443.671875,36818.62109375,36443.671875,36816.30859375,36816.30859375,117067000
2011-04-25,36816.6484375,36977.03125,36791.30859375,36860.6796875,36860.6796875,99696400
2011-04-26,36861.5,36913.23828125,36753.5703125,36892.23828125,36892.23828125,148498800
2011-04-27,36889.2890625,36895.7109375,36719.30078125,36826.9296875,36826.9296875,152208200
2011-04-28,36826.26171875,36870.44140625,36575.7890625,36722.640625,36722.640625,154305400
2011-04-29,36709.23046875,36963.91015625,36684.1015625,36962.62109375,36962.62109375,188644000
2011-05-02,36970.4609375,37056.8515625,36588.41015625,36592.609375,36592.609375,167207800
2011-05-03,36592.8515625,36614.4296875,35873.2109375,35873.2109375,35873.2109375,167246200
2011-05-04,35880.1484375,36002.5703125,35418.8515625,35531.21875,35531.21875,193868200
2011-05-05,35531.19140625,35577.26953125,35231.390625,35325.08984375,35325.08984375,210390800
2011-05-06,35325.08984375,35515.859375,35118.3984375,35212.23046875,35212.23046875,171867400
2011-05-09,35216.44921875,35477.8984375,35050.28125,35467.01171875,35467.01171875,127244400
2011-05-10,35469.58984375,35785.609375,35469.58984375,35678.921875,35678.921875,195686200
2011-05-11,35679.890625,35690.58984375,35378.66015625,35380.53125,35380.53125,146936400
2011-05-12,35369.28125,35373.6484375,35038.25,35161.26171875,35161.26171875,227978000
2011-05-13,35161.26171875,35270.609375,34964.7109375,35045.140625,35045.140625,153313800
2011-05-16,35046.87109375,35142.48828125,34911.76171875,35130.6015625,35130.6015625,171967800
2011-05-17,35128.96875,35156.26171875,34811.6796875,34819.5703125,34819.5703125,208410400
2011-05-18,34819.5703125,35364.859375,34819.5703125,35364.328125,35364.328125,187267600
2011-05-19,35388.19140625,35460.26171875,35164.76171875,35276.46875,35276.46875,160727200
2011-05-20,35276.46875,35370.3984375,35141.0390625,35298.671875,35298.671875,151472800
2011-05-23,35168.859375,35215.3203125,34890.55078125,35215.01953125,35215.01953125,147180800
2011-05-24,35215.01953125,35440.12109375,35215.01953125,35382.55859375,35382.55859375,182325000
2011-05-25,35381.91015625,35542.1015625,35332.12109375,35498.421875,35498.421875,140256400
2011-05-26,35498.7890625,35744.828125,35446.01953125,35742.2109375,35742.2109375,165315400
2011-05-27,35745.640625,35904.7890625,35679.5390625,35819.19921875,35819.19921875,146893400
2011-05-30,35826.12890625,35840.26953125,35574.7109375,35639.37890625,35639.37890625,40453400
2011-05-31,35639.19921875,35844.41015625,35616.6796875,35832.7890625,35832.7890625,451392400
2011-06-01,35838.609375,35889.6796875,35409.98046875,35410.51171875,35410.51171875,161441200
2011-06-02,35408.48828125,35454.73046875,35141.6015625,35416.25,35416.25,136010600
2011-06-03,35422.6484375,35423.8984375,35123.890625,35123.890625,35123.890625,160384000
2011-06-06,35103.46875,35116.859375,34573.390625,34673.48046875,34673.48046875,151166200
2011-06-07,34673.7109375,34947.828125,34638.640625,34895.828125,34895.828125,188449000
2011-06-08,34886.390625,34886.7109375,34679.55078125,34879.0703125,34879.0703125,176004400
2011-06-09,34885.01953125,35235.80078125,34854.828125,35233.3984375,35233.3984375,188418800
2011-06-10,35235.21875,35235.21875,34834.9296875,34963.78125,34963.78125,137353200
2011-06-13,34963.78125,35116.66015625,34854.21875,34997.96875,34997.96875,150568000
2011-06-14,34997.80859375,35464.671875,34997.80859375,35445.6484375,35445.6484375,227918600
2011-06-15,35423.421875,35433.421875,35143.55859375,35318.390625,35318.390625,215517000
2011-06-16,35318.30078125,35451.66015625,35212.859375,35220.98828125,35220.98828125,171344600
2011-06-17,35223.3984375,35345.75,34998.01171875,35025.73828125,35025.73828125,235899800
2011-06-20,35025.12890625,35111.16015625,34920.37890625,35109.96875,35109.96875,123935600
2011-06-21,35109.96875,35432.1796875,35109.96875,35276.6015625,35276.6015625,185428000
2011-06-22,35276.6015625,35550.87109375,35226.94921875,35399.44140625,35399.44140625,169696600
2011-06-23,35392.69140625,35392.69140625,35026.98046875,35326.66015625,35326.66015625,174975000
2011-06-24,35326.69140625,35464.48046875,35307.2890625,35347.8515625,35347.8515625,240190800
2011-06-27,35347.8515625,35606.94921875,35308.46875,35601.73046875,35601.73046875,128066600
2011-06-28,35601.98828125,36189.76171875,35595.671875,36188.91015625,36188.91015625,301659600
2011-06-29,36182.8203125,36750.109375,36182.30859375,36579.58984375,36579.58984375,308309600
2011-06-30,36579.58984375,36823.05859375,36502.1796875,36558.0703125,36558.0703125,365478400
2011-07-01,36556.3984375,36861.48828125,36430.58984375,36800.71875,36800.71875,201063800
2011-07-04,36807.2890625,36917.51953125,36791.5390625,36847.1015625,36847.1015625,31536200
2011-07-05,36847.1015625,36848.671875,36470.078125,36640.9296875,36640.9296875,243154000
2011-07-06,36641.73828125,36641.73828125,36386.55078125,36468.01171875,36468.01171875,206939000
2011-07-07,36466.8203125,36716.640625,36463.41015625,36583.2890625,36583.2890625,220366200
2011-07-08,36583.2890625,36583.2890625,36261.6484375,36499.8515625,36499.8515625,193907600
2011-07-11,36499.8515625,36506.921875,36162.23828125,36359.48828125,36359.48828125,149971400
2011-07-12,36326.87890625,36385.328125,36176.48828125,36178.58984375,36178.58984375,197312000
2011-07-13,36178.80078125,36424.94140625,36159.33984375,36254.69921875,36254.69921875,221681000
2011-07-14,36238.30859375,36406.87890625,36148.30859375,36164.609375,36164.609375,166979000
2011-07-15,36166.53125,36286.7890625,35994.421875,36155.859375,36155.859375,177804600
2011-07-18,36155.859375,36172.7890625,35759.609375,35781.4296875,35781.4296875,208366400
2011-07-19,35784.19921875,35979.6015625,35572.66015625,35752.01953125,35752.01953125,247055400
2011-07-20,35752.94921875,35771.76171875,35332.6015625,35341.671875,35341.671875,273255200
2011-07-21,35341.671875,35557.140625,35163.46875,35555.828125,35555.828125,279323600
2011-07-22,35560.73828125,35780.328125,35403.55078125,35755.48046875,35755.48046875,285399800
2011-07-25,35737.05078125,35737.05078125,35370.94921875,35479.671875,35479.671875,200373400
2011-07-26,35480.23828125,35548.2890625,35316.7890625,35341.26953125,35341.26953125,195298200
2011-07-27,35348.05078125,35709.51953125,34923.46875,35597.62890625,35597.62890625,390595600
2011-07-28,35592.30078125,36282.48828125,35567.3515625,35917.80078125,35917.80078125,324549400
2011-07-29,35914.26171875,36200.19921875,35649.71875,35999.33984375,35999.33984375,201397200
2011-08-01,35993.62109375,36299.4296875,35689.3203125,35730.7109375,35730.7109375,164842400
2011-08-02,35730.7109375,35777.0390625,34789.41015625,34814.94140625,34814.94140625,440441800
2011-08-03,34814.94140625,34907.5390625,34091.328125,34484.37109375,34484.37109375,329103000
2011-08-04,34484.37109375,34484.37109375,33136.03125,33322.62890625,33322.62890625,368567400
2011-08-05,33322.44921875,33835.51953125,32688.259765625,33697.87109375,33697.87109375,335037600
2011-08-08,33690.91015625,33690.91015625,31716.26953125,31740.130859375,31740.130859375,278564800
2011-08-09,31719.490234375,32631.25,31719.490234375,32381.55078125,32381.55078125,335495600
2011-08-10,32380.009765625,32517.470703125,31659.30078125,32219.330078125,32219.330078125,293788600
2011-08-11,32229.83984375,33682.73046875,32212.30078125,33590.328125,33590.328125,271006800
2011-08-12,33590.328125,33904.5,33224.578125,33361.5,33361.5,180877400
2011-08-15,33359.71875,33901.078125,33359.71875,33901.078125,33901.078125,190388600
2011-08-16,33901.078125,33952.87890625,33457.73046875,33948.48046875,33948.48046875,241898000
2011-08-17,33950.8515625,34182.9609375,33749.48828125,34049.578125,34049.578125,200160400
2011-08-18,34005.19921875,34005.19921875,32929.890625,33246.62890625,33246.62890625,263288600
2011-08-19,33206.921875,33403.828125,32870.30859375,33136.890625,33136.890625,168874600
2011-08-22,33137.3984375,33626.4609375,33137.3984375,33593.6484375,33593.6484375,195017400
2011-08-23,33596.37109375,34681.1796875,33554.80078125,34675.53125,34675.53125,245525200
2011-08-24,34656.3515625,34963.640625,34317.609375,34644.921875,34644.921875,210662800
2011-08-25,34629.94140625,34759.1796875,33887.48046875,33904.37890625,33904.37890625,183444200
2011-08-26,33903.3984375,34240,33229.98828125,34042.21875,34042.21875,194670600
2011-08-29,34063.41015625,35036.46875,34063.30078125,35016.0390625,35016.0390625,206651000
2011-08-30,35017.75,35201.33984375,34769.21875,35148.91015625,35148.91015625,191656600
2011-08-31,35161.05078125,35721.33984375,35161.05078125,35721.1015625,35721.1015625,971239200
2011-09-01,35727.2109375,36143.53125,35625.37109375,35637.859375,35637.859375,250607600
2011-09-02,35637.3515625,35637.3515625,34947.01171875,35134.4296875,35134.4296875,134322800
2011-09-05,35134.23828125,35134.23828125,33711.08984375,33880.01953125,33880.01953125,69797000
2011-09-06,33880.01953125,34466.109375,33805.0390625,34439.33984375,34439.33984375,201605400
2011-09-07,34442.12109375,35193.390625,34442.12109375,35179.58984375,35179.58984375,207611200
2011-09-08,35184.87109375,35322.87890625,34652.48828125,34712.37890625,34712.37890625,148035400
2011-09-09,34693.55859375,34693.55859375,33659.7890625,33812.62109375,33812.62109375,173225200
2011-09-12,33796.71875,33796.71875,33193.48828125,33792.55859375,33792.55859375,129632400
2011-09-13,33792.55859375,34114.87109375,33443.44921875,33947.62109375,33947.62109375,167711800
2011-09-14,33947.87890625,34749.2109375,33803.01171875,34661.78125,34661.78125,178736000
2011-09-15,34673.7109375,35188.078125,34673.7109375,35181.44140625,35181.44140625,285059200
2011-09-19,35183.12890625,35183.12890625,34681.03125,35076.9609375,35076.9609375,246549000
2011-09-20,35079.75,35269.3515625,34337.7890625,34337.96875,34337.96875,228400400
2011-09-21,34361.26171875,34758.69921875,34018.37109375,34019.21875,34019.21875,229279800
2011-09-22,33994.01953125,33994.01953125,32077.900390625,32381.060546875,32381.060546875,346705400
2011-09-23,32380.05078125,32655.810546875,32108.650390625,32588.4296875,32588.4296875,280487000
2011-09-26,32599.9609375,33526.87890625,32568.73046875,33385.94140625,33385.94140625,454237200
2011-09-27,33391.21875,34490.80859375,33391.21875,33783.6796875,33783.6796875,304890600
2011-09-28,33784.12890625,34077.5703125,33338.25,33438.16015625,33438.16015625,251182200
2011-09-29,33471.01171875,34182.8203125,33471.01171875,33686.16015625,33686.16015625,277333400
2011-09-30,33686.16015625,33759.421875,32895.96875,33503.28125,33503.28125,324165800
2011-10-03,33504.6015625,33574.7890625,32876.671875,33133.87890625,33133.87890625,295803600
2011-10-04,33132.5,33132.5,32258.390625,32966.23046875,32966.23046875,478428800
2011-10-05,33023.828125,33288.8515625,32820.78125,33000.2890625,33000.2890625,315104400
2011-10-06,33000.2890625,33433.25,32754.6796875,33279.71875,33279.71875,295096200
2011-10-07,33296.1484375,33617.76953125,32811.3515625,33005.08984375,33005.08984375,294795200
2011-10-10,33035.6796875,33735.078125,33026.96875,33547.23828125,33547.23828125,160623000
2011-10-11,33547.37109375,33892.44921875,33364.890625,33681.80078125,33681.80078125,171610800
2011-10-12,33685.6796875,34585.5703125,33684.41015625,34470.359375,34470.359375,361344000
2011-10-13,34449.23828125,34648.359375,34152.3515625,34584.75,34584.75,302297600
2011-10-14,34585.05078125,35047.421875,34585.05078125,34848.421875,34848.421875,269946400
2011-10-17,34848.421875,34848.859375,34056.390625,34125.69921875,34125.69921875,221052600
2011-10-18,34126.578125,35052.3984375,34012.25,35011.7109375,35011.7109375,273721000
2011-10-19,35012.37109375,35089.23828125,34407.5703125,34523.26953125,34523.26953125,223573800
2011-10-20,34523.26953125,34736.16015625,34210.7890625,34395.5,34395.5,239422800
2011-10-21,34393.78125,35111.3515625,34392.30859375,35020.73828125,35020.73828125,207993000
2011-10-24,35024.55859375,35583.4609375,34883.98828125,35265.55859375,35265.55859375,201861800
2011-10-25,35266.19140625,35373.48828125,35027.078125,35290.1484375,35290.1484375,206840600
2011-10-26,35290.5390625,36012.4296875,35238.80078125,35818.578125,35818.578125,265403200
2011-10-27,35844.8515625,37010.96875,35844.8515625,36727.2109375,36727.2109375,389285400
2011-10-28,36727.2109375,37169.73046875,36360.921875,36708.640625,36708.640625,312206400
2011-10-31,36707.48046875,37334.1484375,36159.98828125,36159.98828125,36159.98828125,248382400
2011-11-01,36162.2109375,36162.2109375,35174.1015625,35742.5703125,35742.5703125,245573400
2011-11-03,35756.23046875,36686.859375,35756.23046875,36579.0703125,36579.0703125,288832600
2011-11-04,36579.0703125,36714.671875,36389.23828125,36689.37890625,36689.37890625,243881600
2011-11-07,36711.25,37137.51171875,36514.01953125,37024.609375,37024.609375,218819600
2011-11-08,37044.78125,37352.1015625,36948.16015625,37351.80859375,37351.80859375,210905200
2011-11-09,37342.12890625,37342.12890625,36552.140625,36553.8515625,36553.8515625,246665000
2011-11-10,36542.37890625,36951.9609375,36542.37890625,36615.0703125,36615.0703125,385610400
2011-11-11,36626.8984375,37555.6484375,36626.8984375,37555.6484375,37555.6484375,448236600
2011-11-14,37553.46875,37560.80078125,36936.9609375,37069.8984375,37069.8984375,159764400
2011-11-15,37071.8984375,37377.328125,36893.30859375,37293.37890625,37293.37890625,262590400
2011-11-16,37291.7890625,37291.7890625,36678.87890625,36708.41015625,36708.41015625,210794200
2011-11-17,36708.41015625,36954.25,36082.51171875,36110.6796875,36110.6796875,210637800
2011-11-18,36116.921875,36556.33984375,36016.30078125,36284.19921875,36284.19921875,148378000
2011-11-22,36286.8203125,36286.8203125,35601.46875,35969.609375,35969.609375,179855000
2011-11-23,35969.609375,35969.609375,35287.7890625,35375.609375,35375.609375,185674000
2011-11-24,35375.51953125,35649.37109375,35280.58984375,35323.6015625,35323.6015625,46874000
2011-11-25,35335.75,35688.87109375,34573.0390625,34573.0390625,34573.0390625,154283600
2011-11-28,34574.5390625,35960.71875,34574.5390625,35558.1796875,35558.1796875,220604600
2011-11-29,35558.3203125,36260.1484375,35457.05078125,35708.7109375,35708.7109375,247153400
2011-11-30,35741.87109375,36843.55859375,35741.87109375,36829.1484375,36829.1484375,740007400
2011-12-01,36828.94921875,37148.109375,36546.46875,36567.62890625,36567.62890625,250881400
2011-12-02,36614.76953125,36978.328125,36614.76953125,36756.05859375,36756.05859375,137589000
2011-12-05,36756.109375,37248.73046875,36565.30078125,37103.171875,37103.171875,223510000
2011-12-06,37093.96875,37136.921875,36854.87890625,37071.171875,37071.171875,172400800
2011-12-07,37088.37890625,37155.4609375,36932.25,37054.55859375,37054.55859375,200964000
2011-12-08,37041.51171875,37041.51171875,36545.078125,36641.30859375,36641.30859375,223661600
2011-12-09,36629.171875,37227.23046875,36622.19140625,37227.2109375,37227.2109375,260527400
2011-12-13,37228.26953125,37510.78125,36272.171875,36471.44140625,36471.44140625,203730600
2011-12-14,36471.44140625,36508.19921875,35939.44140625,36012.671875,36012.671875,149844200
2011-12-15,36012.859375,36393.359375,35890.44921875,36006.8984375,36006.8984375,196700600
2011-12-16,36008.21875,36289.3515625,35783.87109375,36054.62890625,36054.62890625,435964600
2011-12-19,36062.578125,36440.640625,35567.33984375,35587.78125,35587.78125,117844800
2011-12-20,35620.28125,36373.19921875,35620.28125,36239.390625,36239.390625,189240200
2011-12-21,36239.390625,36629.7109375,36042.8515625,36628.05859375,36628.05859375,104261200
2011-12-22,36629.71875,37066.76953125,36629.71875,37066.76953125,37066.76953125,148271600
2011-12-23,37077.69921875,37231.08984375,36957.55078125,37041.421875,37041.421875,92490600
2011-12-26,NA,NA,NA,NA,NA,NA
2011-12-27,37215.87890625,37215.87890625,37014.140625,37091.421875,37091.421875,75065400
2011-12-28,37095.44921875,37159.0390625,36509.03125,36644.859375,36644.859375,75657400
2011-12-29,36646.640625,37185.73046875,36622.05078125,37185.73046875,37185.73046875,84181400
2011-12-30,37187.25,37379.01171875,37054.078125,37077.51953125,37077.51953125,112190000
2012-01-02,NA,NA,NA,NA,NA,NA
2012-01-03,37334.66015625,37696.1484375,37334.66015625,37384.33984375,37384.33984375,140639000
2012-01-04,37382.16015625,37521.5390625,37306.9296875,37387.62890625,37387.62890625,150435200
2012-01-05,37376.73828125,37377.30078125,36991.5703125,37017.94921875,37017.94921875,187662600
2012-01-09,36809.3515625,36938.23828125,36591.9296875,36785.33984375,36785.33984375,150829600
2012-01-10,36805.6796875,37347.44921875,36805.6796875,37190.8984375,37190.8984375,178880000
2012-01-11,37178.55078125,37366.51171875,37096.87890625,37307.640625,37307.640625,177335000
2012-01-12,37308.609375,37490.41015625,37225.87890625,37320.96875,37320.96875,189118400
2012-01-13,37297,37314.4609375,36428.421875,36548.55859375,36548.55859375,170237000
2012-01-16,36560.5390625,36916.359375,36543.5390625,36916.16015625,36916.16015625,35664200
2012-01-17,36917.78125,37105.01953125,36533.25,36601.19921875,36601.19921875,220691400
2012-01-18,36601.3203125,37508.76953125,36541.1015625,37506.76171875,37506.76171875,307469000
2012-01-19,37524.19921875,38128.3984375,37524.19921875,37680.05859375,37680.05859375,285559000
2012-01-20,37673.140625,37673.140625,37233.578125,37384.2109375,37384.2109375,192269400
2012-01-23,37397.91015625,37459.0703125,37105.171875,37195.73046875,37195.73046875,108783400
2012-01-24,37185.1015625,37201.828125,36735.828125,36853.30078125,36853.30078125,195788200
2012-01-25,36853.8984375,37217.4296875,36756.5703125,37212.859375,37212.859375,191269400
2012-01-26,37216.48828125,37628.55859375,37207.94921875,37240.78125,37240.78125,300167000
2012-01-27,37240.9296875,37266.609375,37082.44140625,37184.7109375,37184.7109375,128489000
2012-01-30,37173.3515625,37298.73828125,36737.26953125,37241.609375,37241.609375,153454400
2012-01-31,37259.05078125,37685.3984375,37217.80078125,37422.6796875,37422.6796875,367430800
2012-02-01,37425.19140625,37877.53125,37425.19140625,37709.6484375,37709.6484375,274897200
2012-02-02,37709.4609375,37853.69921875,37607.51953125,37711.16015625,37711.16015625,359909200
2012-02-03,37712.078125,38229.8984375,37711.41015625,38092.80859375,38092.80859375,310275400
2012-02-07,38092.48046875,38220.9296875,37892.30859375,38062.421875,38062.421875,226463400
2012-02-08,38062.7109375,38188,37890.859375,38140.55078125,38140.55078125,265555400
2012-02-09,38139.8203125,38305.3203125,38105,38242.28125,38242.28125,245793800
2012-02-10,38238.3984375,38238.3984375,37814.66015625,38149.21875,38149.21875,215069600
2012-02-13,38150.12109375,38412.58984375,38150.12109375,38204.328125,38204.328125,224590600
2012-02-14,38197.328125,38241.5,37738.05859375,37831.87109375,37831.87109375,292509800
2012-02-15,37841,38112.73828125,37797.16015625,37864.55078125,37864.55078125,254955400
2012-02-16,37868.91015625,38212.23828125,37854.8515625,38212.23828125,38212.23828125,205713200
2012-02-17,38238.3984375,38413.19140625,37913.01171875,37914.69921875,37914.69921875,211698800
2012-02-20,37915.3515625,38296.6796875,37915.3515625,38296.6796875,38296.6796875,41189200
2012-02-21,38309.03125,38317.21875,37834.359375,37859.48046875,37859.48046875,217190400
2012-02-22,37865.98046875,37946.98046875,37695.421875,37912.55078125,37912.55078125,208728400
2012-02-23,37915.6796875,38094.25,37738.0390625,38027.83984375,38027.83984375,247188400
2012-02-24,38034.55859375,38102.71875,37830.921875,37945.21875,37945.21875,270916400
2012-02-27,37940.7890625,37940.7890625,37639.05859375,37785.71875,37785.71875,244458600
2012-02-28,37786.12109375,38116.0703125,37766.609375,38021.421875,38021.421875,225456200
2012-02-29,38017.37890625,38282.1796875,37800.98828125,37816.69140625,37816.69140625,801549400
2012-03-01,37816.23828125,38063.71875,37706.48046875,38033.44921875,38033.44921875,205402800
2012-03-02,38046.76953125,38332.359375,37914.87890625,38327.4296875,38327.4296875,202636800
2012-03-05,38328.73046875,38332.73828125,38019.05859375,38155.26953125,38155.26953125,162850000
2012-03-06,38155.21875,38155.21875,37380.62890625,37487.62890625,37487.62890625,230605200
2012-03-07,37488.9609375,37674.7109375,37472.21875,37548.5390625,37548.5390625,151659000
2012-03-08,37561.62109375,37823.671875,37561.62109375,37815.4296875,37815.4296875,201516200
2012-03-09,37815.48046875,37938.1015625,37682.05859375,37691.01171875,37691.01171875,193782000
2012-03-12,37690.37109375,37742.30078125,37501.1796875,37590.171875,37590.171875,130058000
2012-03-13,37589.37890625,38048.62109375,37549.46875,38019.76171875,38019.76171875,145923600
2012-03-14,38023.62890625,38082.75,37898.671875,37971.44140625,37971.44140625,188924400
2012-03-15,37971.44140625,38142.87890625,37919.37890625,38134.5703125,38134.5703125,169135400
2012-03-16,38137.76171875,38310.55859375,38057.30859375,38258.44921875,38258.44921875,380644200
2012-03-20,38256.01953125,38275.6484375,37979.87109375,38055.26953125,38055.26953125,123220400
2012-03-21,38066.83984375,38443.5390625,38050.30078125,38434.51171875,38434.51171875,230338600
2012-03-22,38446.01953125,38446.01953125,38256.609375,38323.51171875,38323.51171875,136087800
2012-03-23,38330.5703125,38422.73828125,38262.48828125,38334.8984375,38334.8984375,197751600
2012-03-26,38335.48046875,38942.41015625,38325.3984375,38863.1484375,38863.1484375,202243000
2012-03-27,38864.7109375,39134.87890625,38818.6796875,38956.3203125,38956.3203125,243439400
2012-03-28,38963.69921875,39033.328125,38685.98828125,38910.6796875,38910.6796875,164199800
2012-03-29,38907.23828125,39199.6796875,38655.5703125,39125.3515625,39125.3515625,262923400
2012-03-30,39117.73046875,39567.98828125,39100.66015625,39521.23828125,39521.23828125,262347200
2012-04-02,39523.3203125,39963.640625,39391.6796875,39908.5390625,39908.5390625,153968600
2012-04-03,39911.3515625,39942.71875,39756.12890625,39924.9296875,39924.9296875,126231200
2012-04-04,39914.23828125,39914.23828125,39379.9609375,39398.87890625,39398.87890625,106768600
2012-04-09,39382.03125,39432.1484375,39097.0703125,39432.1484375,39432.1484375,150208000
2012-04-10,39431.8984375,39654.76953125,38913.328125,39035.171875,39035.171875,167517600
2012-04-11,39047.94140625,39377.7109375,39047.94140625,39167.140625,39167.140625,161234400
2012-04-12,39175.73828125,39357.80859375,39110.5,39357.80859375,39357.80859375,174754000
2012-04-13,39354.37109375,39354.7890625,38320.578125,38444.01171875,38444.01171875,189156200
2012-04-16,39140.98046875,39510.26953125,38693.0390625,39054.83984375,39054.83984375,140784200
2012-04-17,39055.01953125,39442.55078125,39055.01953125,39355.171875,39355.171875,193151400
2012-04-18,39354.890625,39399.12109375,39132.671875,39330.12109375,39330.12109375,167020600
2012-04-19,39330.12109375,39613.51171875,39296.359375,39395.640625,39395.640625,206730000
2012-04-20,39396.44140625,39606.80078125,39315.51953125,39354.859375,39354.859375,112365200
2012-04-23,39335.8203125,39335.8203125,38062.140625,38961.7890625,38961.7890625,347764000
2012-04-24,38967.640625,39066.19140625,38705.98046875,38849.078125,38849.078125,226713800
2012-04-25,38850.76953125,39067.76953125,38728.578125,39066.01171875,39066.01171875,259278200
2012-04-26,39065.5390625,39234.9609375,38927.421875,39212.16015625,39212.16015625,177451600
2012-04-27,39205.66015625,39383.7890625,38921.0390625,39324.140625,39324.140625,220714600
2012-04-30,39315.171875,39465.98828125,39130.609375,39461,39461,161809200
2012-05-02,39459.3984375,39603.5390625,39307.390625,39597.421875,39597.421875,257144600
2012-05-03,39603.9609375,39843.6015625,39362.51953125,39580.05078125,39580.05078125,264934000
2012-05-04,39580.76953125,39584.94921875,39324.078125,39408.609375,39408.609375,223984000
2012-05-07,39406.5703125,40045.578125,39260.94921875,40045.51171875,40045.51171875,251409800
2012-05-08,40047.19921875,40050.2109375,38967.640625,39214.640625,39214.640625,439689800
2012-05-09,39209.55078125,39219.7109375,38874.828125,39122.8203125,39122.8203125,264871200
2012-05-10,39122.8203125,39369.80859375,39045.4609375,39170.8984375,39170.8984375,212817000
2012-05-11,39170.8984375,39203.08984375,38831.37890625,38888.7890625,38888.7890625,174087200
2012-05-14,38818.6015625,38818.80859375,38319.66015625,38352.109375,38352.109375,168399000
2012-05-15,38353.1484375,38548.30078125,37810.3515625,37939.62890625,37939.62890625,230226800
2012-05-16,37920.41015625,38092.12109375,37406.23046875,37511.078125,37511.078125,250484600
2012-05-17,37508.96875,37741.1484375,37212.30078125,37261.23828125,37261.23828125,195868000
2012-05-18,37261.05859375,37443.94921875,36756.078125,36875.328125,36875.328125,178622800
2012-05-21,36876.12890625,37541.12890625,36844.01171875,37512.41015625,37512.41015625,173312000
2012-05-22,37521.37890625,37706.37890625,37394.37890625,37481.19140625,37481.19140625,194263400
2012-05-23,37480.6796875,37480.6796875,36941.12890625,37422.37890625,37422.37890625,201552400
2012-05-24,37422.73828125,37728.109375,37366.05859375,37553.2109375,37553.2109375,196244600
2012-05-25,37546.51171875,37682.078125,37422.51953125,37486.25,37486.25,131510400
2012-05-28,37486.25,37857.76953125,37486.25,37642.80078125,37642.80078125,31668400
2012-05-29,37640.21875,38143.73828125,37623.921875,38126.8515625,38126.8515625,176402600
2012-05-30,38126.3203125,38126.3203125,37812.98828125,38070.671875,38070.671875,225851400
2012-05-31,38070.94140625,38211.26171875,37655.08984375,37872.94921875,37872.94921875,912819400
2012-06-01,37870.26171875,37870.26171875,37138.76953125,37182.37109375,37182.37109375,342354200
2012-06-04,37182.37109375,37293.7890625,36981.51953125,37059.78125,37059.78125,215556400
2012-06-05,37057.58984375,37162.94140625,36933.19921875,37089.359375,37089.359375,139177800
2012-06-06,37089.359375,37611.98046875,37089.359375,37274.7890625,37274.7890625,213693000
2012-06-07,37277.3515625,37606.4296875,37155.6015625,37247.33984375,37247.33984375,179570800
2012-06-08,37249.48046875,37355.94140625,37123.2890625,37323.91015625,37323.91015625,137523400
2012-06-11,37326.1015625,37682.1015625,37023.62109375,37035.75,37035.75,157652400
2012-06-12,37097.3203125,37271,36898.51953125,37271,37271,176581400
2012-06-13,37266.69921875,37288.48046875,37110.62890625,37142.1484375,37142.1484375,221401200
2012-06-14,37144.8984375,37537.26171875,37092.73828125,37440.48046875,37440.48046875,199795400
2012-06-15,37440.69140625,37894.3515625,37365.0390625,37738.578125,37738.578125,415060000
2012-06-18,37743.0390625,38060.8203125,37636.48046875,38060.8203125,38060.8203125,156614200
2012-06-19,38060.8203125,38760.26953125,37985.890625,38688.6484375,38688.6484375,243869600
2012-06-20,38689.69140625,39023.05078125,38655.3203125,38973.640625,38973.640625,213396800
2012-06-21,38974.08984375,38977.859375,38512.58984375,38515.94140625,38515.94140625,231964800
2012-06-22,38522.62890625,39128.37890625,38522.62890625,39071.5,39071.5,194105600
2012-06-25,39070.94140625,39222.69921875,38964.578125,39157.51171875,39157.51171875,201301600
2012-06-26,39159.71875,39513.3203125,39104.6015625,39339.1484375,39339.1484375,287021000
2012-06-27,39339.33984375,39908.41015625,39220.078125,39490.6796875,39490.6796875,275045600
2012-06-28,39490.6796875,39729.359375,39357.859375,39637.66015625,39637.66015625,154836200
2012-06-29,39638.21875,40248.421875,39638.21875,40199.55078125,40199.55078125,348380800
2012-07-03,40108.921875,40550.23046875,40087.26953125,40434.7109375,40434.7109375,149448000
2012-07-04,40439.21875,40509.73828125,40322.87890625,40353.4296875,40353.4296875,48215600
2012-07-05,40348.1796875,40400.5703125,39949.62890625,40040.69140625,40040.69140625,174588600
2012-07-06,40048.08984375,40057.4609375,39822.96875,39831.6484375,39831.6484375,123211800
2012-07-09,39831.30078125,39970.5390625,39692.4296875,39963.26171875,39963.26171875,139973800
2012-07-10,40007.5390625,40195.4609375,39931.078125,40049.58984375,40049.58984375,165805400
2012-07-11,40048.671875,40286.08984375,39913.33984375,40221.80078125,40221.80078125,193389200
2012-07-12,40221.55078125,40283.78125,39813.390625,40268.41015625,40268.41015625,185157200
2012-07-13,40267.69140625,40582.5703125,40211.12109375,40498.46875,40498.46875,145145200
2012-07-16,40498.46875,40933.69140625,40406.25,40910.80078125,40910.80078125,138286000
2012-07-17,40910.8515625,41296.58984375,40885.6015625,41273.01953125,41273.01953125,212000400
2012-07-18,41224.94140625,41346.078125,40737.9296875,40747.46875,40747.46875,160594800
2012-07-19,40747.5390625,40801.109375,40476.87109375,40752.53125,40752.53125,154882400
2012-07-20,40754.69921875,40841.5,40638.30859375,40808.73046875,40808.73046875,185224400
2012-07-23,40806.23828125,40963.51953125,40365.30859375,40947.55078125,40947.55078125,136237000
2012-07-24,40948.12890625,41013.921875,40566.78125,40697.87109375,40697.87109375,159961400
2012-07-25,40697.87109375,40890.828125,40434.1015625,40435.1015625,40435.1015625,140994200
2012-07-26,40442.69921875,40983.44921875,40442.69921875,40977.3203125,40977.3203125,174592400
2012-07-27,40978.9296875,41600.58984375,40789.98828125,41476.48046875,41476.48046875,272049400
2012-07-30,41472.5,41525.23046875,41187.71875,41333.109375,41333.109375,180439000
2012-07-31,41333.1796875,41486.2890625,40704.23046875,40704.28125,40704.28125,261559400
2012-08-01,40698.55859375,41078.859375,40600.83984375,40805.3984375,40805.3984375,139275600
2012-08-02,40804.48828125,40868.55078125,40630.46875,40759,40759,167643200
2012-08-03,40759.51953125,41163.1015625,40758.62109375,40998.3984375,40998.3984375,121473400
2012-08-06,40999.0390625,41153.6484375,40934.94921875,41096.44140625,41096.44140625,152137800
2012-08-07,41096.44140625,41383.7890625,41058.7890625,41070.23828125,41070.23828125,145141800
2012-08-08,41069.859375,41090.01171875,40762.94140625,40851.1796875,40851.1796875,157632000
2012-08-09,40836.109375,40991.2109375,40676.75,40677.48046875,40677.48046875,158944000
2012-08-10,40677.48046875,40853.87890625,40546.16015625,40850,40850,162371200
2012-08-13,40852.80078125,40931.53125,40360.94140625,40366.26953125,40366.26953125,121431000
2012-08-14,40368.55859375,40729.55078125,40368.55859375,40644.96875,40644.96875,157388000
2012-08-15,40644.73046875,40805.140625,40228.37890625,40792.58984375,40792.58984375,179690800
2012-08-16,40797.28125,40861.890625,40485.359375,40714.87109375,40714.87109375,233547400
2012-08-17,40706.44140625,40809.26171875,40547.41015625,40547.48828125,40547.48828125,191584400
2012-08-20,40549.83984375,40618.0390625,40347.80078125,40350,40350,105449600
2012-08-21,40338.8203125,40639.55859375,39965.03125,40096.640625,40096.640625,184962200
2012-08-22,40096.828125,40233.73828125,39759.28125,40027.12890625,40027.12890625,225597800
2012-08-23,40027.03125,40110.23828125,39753.12109375,39879.01171875,39879.01171875,178543600
2012-08-24,39877.98828125,40239.28125,39766.80859375,40211.41015625,40211.41015625,149959800
2012-08-27,40216.9609375,40317.30078125,39951.6796875,39972.8515625,39972.8515625,98252800
2012-08-28,39965.8515625,40045.26953125,39736.98828125,39950.8984375,39950.8984375,141457200
2012-08-29,39950.6484375,40130.48828125,39893.62109375,39908.8984375,39908.8984375,170575000
2012-08-30,39910.171875,39950.58984375,39740.05078125,39925.69140625,39925.69140625,80252600
2012-08-31,39885.390625,40166.58984375,39390.578125,39421.6484375,39421.6484375,919109400
2012-09-03,39409.4296875,39807.37890625,39409.4296875,39802.94140625,39802.94140625,58421800
2012-09-04,39803.46875,39803.46875,39487.53125,39549.4296875,39549.4296875,155210000
2012-09-05,39550.08984375,39705.0703125,39524.44921875,39573.921875,39573.921875,100835600
2012-09-06,39572.51953125,40056.4609375,39572.51953125,39987.05859375,39987.05859375,193597400
2012-09-07,39990.44140625,40216.890625,39970.8515625,40043.87109375,40043.87109375,151910000
2012-09-10,40045.23046875,40168.53125,39822.421875,39991.19140625,39991.19140625,166905600
2012-09-11,39988.21875,40165.3515625,39952.16015625,39998.96875,39998.96875,186773800
2012-09-12,40006.48046875,40299.6796875,40006.48046875,40248.37890625,40248.37890625,223067800
2012-09-14,40651.9296875,41155.359375,40504.37109375,40693.46875,40693.46875,248140400
2012-09-17,40700.4296875,40831.21875,40456.94140625,40621.4609375,40621.4609375,155743400
2012-09-18,40621.4609375,40700.3984375,40498.05078125,40590.9609375,40590.9609375,157762400
2012-09-19,40602.37109375,40945.03125,40591.53125,40941.30859375,40941.30859375,190858400
2012-09-20,40934.0703125,40934.0703125,40500.05078125,40500.3515625,40500.3515625,229653800
2012-09-21,40497.51171875,40637.03125,40286.640625,40338.69921875,40338.69921875,366635800
2012-09-24,40338.6796875,40574.23828125,40171.53125,40561.21875,40561.21875,157469800
2012-09-25,40560.3515625,40655.19140625,40213.671875,40215.3515625,40215.3515625,166184600
2012-09-26,40216.87109375,40333.28125,39758.23828125,40332.98046875,40332.98046875,298427400
2012-09-27,40335.26953125,40829.01953125,40330.37890625,40729.69921875,40729.69921875,232780200
2012-09-28,40729.69921875,40867.62109375,40535.140625,40799.23828125,40799.23828125,144234800
2012-10-01,40876.96875,41162.328125,40876.96875,41124.55859375,41124.55859375,164113600
2012-10-02,41128.91015625,41287.66015625,41069.51953125,41199.2890625,41199.2890625,169622400
2012-10-03,41199.2890625,41250.23046875,40978.19921875,41004.83984375,41004.83984375,123544200
2012-10-04,41005.140625,41489.3515625,40996.7109375,41421.73828125,41421.73828125,230228000
2012-10-05,41421.73828125,42030.6015625,41421.73828125,41934.078125,41934.078125,275760400
2012-10-08,41946.30859375,42046.44921875,41754.140625,41756.9609375,41756.9609375,199266200
2012-10-09,41760.9609375,41992.8203125,41655.640625,41755.16015625,41755.16015625,292517400
2012-10-10,41762.96875,41770.3515625,41468.6796875,41470.05078125,41470.05078125,189250800
2012-10-11,41482.66015625,41745.390625,41482.66015625,41745.390625,41745.390625,188274000
2012-10-12,41750.73046875,41841.55859375,41635.05078125,41665.48046875,41665.48046875,181423000
2012-10-15,41671.62890625,42008.55078125,41634.55859375,42008.55078125,42008.55078125,167333600
2012-10-16,42008.71875,42521.8984375,42003.3984375,42518.3515625,42518.3515625,297097400
2012-10-17,42526.0390625,42750.98828125,42428.51171875,42559.98046875,42559.98046875,310769600
2012-10-18,42561.6796875,42699.7890625,42420.73828125,42592.78125,42592.78125,309468400
2012-10-19,42592.44140625,42704.8203125,42223.19140625,42386.828125,42386.828125,195664800
2012-10-22,42384.3984375,42404.71875,41905.6015625,42122.25,42122.25,153310800
2012-10-23,42112.0703125,42159.76171875,41743.109375,42041.140625,42041.140625,151400800
2012-10-24,42041.21875,42175.21875,41981.76953125,42095.16015625,42095.16015625,176972000
2012-10-25,42096.1484375,42266.87109375,41794.859375,41877.26953125,41877.26953125,185341600
2012-10-26,41877.96875,42023.359375,41738.80078125,41836.921875,41836.921875,129823400
2012-10-29,41836.921875,41876.76953125,41681.48828125,41817.109375,41817.109375,79486000
2012-10-30,41817.30859375,42020.1484375,41427.12890625,41599,41599,76184000
2012-10-31,41583.3515625,41863.23046875,41430.75,41619.9609375,41619.9609375,275833600
2012-11-05,41770.8515625,41871.359375,41638.19921875,41722.140625,41722.140625,178651600
2012-11-06,41722.48828125,41835.421875,41549.23046875,41720.62109375,41720.62109375,209251600
2012-11-07,41717.01171875,41752.51171875,40950.328125,41010.98046875,41010.98046875,225520400
2012-11-08,41026.140625,41179.5390625,40597.078125,40830.6484375,40830.6484375,260992400
2012-11-09,40802.94921875,40877,40425.140625,40677.0703125,40677.0703125,232963600
2012-11-12,40696.48828125,40864.37890625,40568.83984375,40859.8984375,40859.8984375,100396400
2012-11-13,40860.23046875,41127.30859375,40603.55859375,41078.5,41078.5,235631800
2012-11-14,41069.5390625,41124.140625,40722.73828125,40750.421875,40750.421875,166499400
2012-11-15,40749.28125,40835.328125,40494.41015625,40573.66015625,40573.66015625,195823000
2012-11-16,40595.6796875,40830.6015625,40247.62109375,40830.6015625,40830.6015625,188164400
2012-11-20,40843.21875,41221.44921875,40843.21875,41184,41184,240599000
2012-11-21,41183.640625,41668.05859375,41082.640625,41668.05859375,41668.05859375,263733200
2012-11-22,41678.359375,42093.671875,41678.359375,42032.3515625,42032.3515625,92391200
2012-11-23,42033.76953125,42049.671875,41841.80859375,41919.55078125,41919.55078125,107970800
2012-11-26,41919.55078125,42138.76953125,41774.37109375,41878.26953125,41878.26953125,189190200
2012-11-27,41877.75,42017.25,41737.69921875,41769.37890625,41769.37890625,265033200
2012-11-28,41768.53125,41921.44921875,41540.2890625,41912.94921875,41912.94921875,230226000
2012-11-29,41914.48828125,42161.1015625,41914.48828125,42090.69140625,42090.69140625,252501200
2012-11-30,42065.23046875,42206.140625,41743.46875,41833.51953125,41833.51953125,813537200
2012-12-03,41822.5390625,42326.55078125,41820.3203125,42323.83984375,42323.83984375,218535600
2012-12-04,42317.828125,42376.1015625,42152.0390625,42337.8203125,42337.8203125,220397000
2012-12-05,42347.19921875,42591.140625,42297.23828125,42416.2890625,42416.2890625,224407800
2012-12-06,42416.98046875,42673.9609375,42284.140625,42589.6796875,42589.6796875,208010200
2012-12-07,42588.30078125,42809.16015625,42577.4296875,42797.671875,42797.671875,170844000
2012-12-10,42796.80859375,43173.9609375,42670.01171875,43134.51171875,43134.51171875,226577000
2012-12-11,43135.171875,43373.5703125,42972.73828125,43183.28125,43183.28125,279997600
2012-12-13,43182.3515625,43271.390625,42954.46875,43006.30859375,43006.30859375,229433600
2012-12-14,43006.30859375,43142.55859375,42896.83984375,43050.921875,43050.921875,154811800
2012-12-17,43049.9296875,43430.41015625,43030.73828125,43338.328125,43338.328125,270197600
2012-12-18,43209.69140625,44000.1796875,43205.9296875,43825.96875,43825.96875,261224800
2012-12-19,43825.91015625,43866.8515625,43591.46875,43647.98828125,43647.98828125,254592400
2012-12-20,43646.1015625,43809.51953125,43511.109375,43637.6796875,43637.6796875,230490000
2012-12-21,43637.62109375,43913.03125,43302.6015625,43621.62109375,43621.62109375,435131200
2012-12-24,43633.859375,43649.05859375,43483.16015625,43533.44921875,43533.44921875,33358400
2012-12-26,43483.87109375,43683.48828125,43434.828125,43495.73828125,43495.73828125,78832800
2012-12-27,43511.41015625,43733.8515625,43330.9296875,43469.890625,43469.890625,129127200
2012-12-28,43487.2109375,43729.41015625,43451.80859375,43721.9296875,43721.9296875,95272400
2012-12-31,43690.05859375,43706.30078125,43505.12890625,43705.828125,43705.828125,77058400
2013-01-02,43703.98046875,44336.0390625,43703.98046875,44304.171875,44304.171875,176170000
2013-01-03,44304.2109375,44655.890625,44190.37109375,44370.640625,44370.640625,231461200
2013-01-04,44374.96875,44611.58984375,44277.6796875,44562.328125,44562.328125,250730800
2013-01-07,44572.671875,44725.76953125,44317.2109375,44625.9296875,44625.9296875,181764600
2013-01-08,44631.9296875,44638.69140625,44409.94140625,44571.19921875,44571.19921875,255033400
2013-01-09,44576.859375,44863.2890625,44570.921875,44862.5390625,44862.5390625,251507600
2013-01-10,44871.87109375,45013.6484375,44658.71875,44859.80078125,44859.80078125,247356200
2013-01-11,44864.44921875,44946.37109375,44779.1796875,44888.12890625,44888.12890625,198227800
2013-01-14,44900.12109375,45241.73828125,44734.890625,44862.921875,44862.921875,207813600
2013-01-15,44864.30078125,44919.05859375,44662.12890625,44748.05859375,44748.05859375,216237800
2013-01-16,44751.1484375,44927.87109375,44703.12890625,44865.30078125,44865.30078125,217858600
2013-01-17,44867.83984375,45143.6796875,44851.21875,44943.33984375,44943.33984375,203413600
2013-01-18,44941.94921875,45220.12890625,44903.69921875,45212.53125,45212.53125,179962000
2013-01-21,45239.671875,45281.359375,45130.98046875,45223.8515625,45223.8515625,45313200
2013-01-22,45218.109375,45347.66015625,45052.6796875,45320.30078125,45320.30078125,223063800
2013-01-23,45321.30078125,45443.44921875,45116.12109375,45442.98046875,45442.98046875,163637800
2013-01-24,45453.140625,45547.78125,45285.08984375,45428.69921875,45428.69921875,173884400
2013-01-25,45431.78125,45624.6015625,45304.109375,45575.859375,45575.859375,146382200
2013-01-28,45584.1796875,45959.9296875,45422.4296875,45912.51171875,45912.51171875,213097200
2013-01-29,45912.51171875,46075.0390625,45669.69140625,45907.98046875,45907.98046875,245427200
2013-01-30,45910.78125,46051.890625,45751.7890625,45753.1796875,45753.1796875,169869600
2013-01-31,45732.640625,45811.51171875,45270.75,45278.05859375,45278.05859375,262038800
2013-02-01,45278.71875,45775.16015625,45278.71875,45768.48828125,45768.48828125,187792600
2013-02-05,45768.8203125,45785.9609375,45385.421875,45688.12109375,45688.12109375,266373500
2013-02-06,45680.328125,45727.01171875,45518.2109375,45570.7109375,45570.7109375,177635600
2013-02-07,45571.94921875,45574.328125,44815.5390625,45019.2109375,45019.2109375,299712100
2013-02-08,45025.19921875,45191.71875,44996.1484375,45089.359375,45089.359375,180183600
2013-02-11,45084.6484375,45249.91015625,44935.98828125,45063.87890625,45063.87890625,166535700
2013-02-12,45076.19921875,45079.359375,44852.87109375,44873.44140625,44873.44140625,171110200
2013-02-13,44876.5390625,44876.5390625,44001.51953125,44096.26953125,44096.26953125,494545800
2013-02-14,44096.26953125,44184.30859375,43705.4609375,43878.28125,43878.28125,432920000
2013-02-15,43878.94921875,44219.2890625,43816.37890625,44152.9609375,44152.9609375,256174600
2013-02-18,44158.2890625,44226.44140625,44020.08984375,44141.921875,44141.921875,42082400
2013-02-19,44146.8984375,44783.359375,44146.8984375,44639.76171875,44639.76171875,291076000
2013-02-20,44641.08984375,44641.08984375,44263.19921875,44299.55859375,44299.55859375,273447800
2013-02-21,44292.23046875,44313.48828125,43874.19140625,44136.6015625,44136.6015625,366254800
2013-02-22,44135.921875,44145.9609375,43769.23828125,43875.73046875,43875.73046875,275683200
2013-02-25,43867.46875,43943.30859375,43467.16015625,43497.19921875,43497.19921875,230532600
2013-02-26,43498.53125,43593.0390625,43294.71875,43489.19921875,43489.19921875,256603600
2013-02-27,43490.1796875,43782.41015625,43465.1796875,43772.890625,43772.890625,288684400
2013-02-28,43774.890625,44193.98828125,43615.33984375,44120.98828125,44120.98828125,353080200
2013-03-01,44100.921875,44100.921875,43771.91015625,43995.71875,43995.71875,289317400
2013-03-04,43995.71875,44019.109375,43715.4296875,43871.30859375,43871.30859375,246771800
2013-03-05,43875.96875,44226.0703125,43875.96875,44017.12109375,44017.12109375,361234600
2013-03-06,44017.98046875,44257.1796875,44007.25,44159.6484375,44159.6484375,304597000
2013-03-07,44169.44140625,44261.078125,43949.328125,43968.6015625,43968.6015625,253003400
2013-03-08,43978.9296875,44323.62109375,43802.78125,44322.51171875,44322.51171875,319998400
2013-03-11,44322.8515625,44322.8515625,43794.109375,44013.30078125,44013.30078125,321011000
2013-03-12,44019.26171875,44019.5390625,43731.69140625,43965.41015625,43965.41015625,359055200
2013-03-13,43972.75,43976.76171875,43274.98828125,43278.109375,43278.109375,467366400
2013-03-14,43278.109375,43644.2109375,43035.03125,43348.51953125,43348.51953125,454178800
2013-03-15,43348.51953125,43389.30078125,42604.98828125,42605.05078125,42605.05078125,659465400
2013-03-19,42632.4609375,42885.41015625,41881.30859375,42060.609375,42060.609375,335554200
2013-03-20,42047.26953125,42509.8515625,41974.8515625,42497.96875,42497.96875,387862800
2013-03-21,42487.51953125,42564.62890625,42292.6484375,42531.0703125,42531.0703125,400790800
2013-03-22,42560.6484375,42726.33984375,42454.421875,42686.6796875,42686.6796875,387736800
2013-03-25,42686.01953125,42902.76953125,42591.46875,42900.828125,42900.828125,291253600
2013-03-26,42904.828125,43666.44921875,42904.828125,43664.73046875,43664.73046875,421084400
2013-03-27,43665.71875,44087.33984375,43408.3515625,44077.08984375,44077.08984375,325048200
2013-04-01,44052.26171875,44263.359375,43913.12109375,43932.51953125,43932.51953125,160765600
2013-04-02,43932.5,44246.0703125,43923.8515625,44113.5,44113.5,240602800
2013-04-03,44113.578125,44241.44921875,43634.19921875,43717.5703125,43717.5703125,254672000
2013-04-04,43697.51171875,43812.94921875,43371.828125,43566.69140625,43566.69140625,191626600
2013-04-05,43564.078125,43587.2890625,42955,43244.25,43244.25,224572800
2013-04-08,43247.58984375,43456.37109375,43174.30859375,43430.98828125,43430.98828125,261603800
2013-04-09,43432.98828125,43991.94140625,43345.58984375,43973.1796875,43973.1796875,311133000
2013-04-10,43979.53125,44466.73828125,43979.53125,44380.828125,44380.828125,291611200
2013-04-11,44400.44140625,44422.66015625,44178.51953125,44408.4296875,44408.4296875,278139600
2013-04-12,44401.2109375,44401.2109375,43860.0703125,44004.26953125,44004.26953125,194226400
2013-04-15,43987.51953125,44034.23046875,42983.6484375,42984.37890625,42984.37890625,272928800
2013-04-16,43006.19921875,43311.3984375,43006.19921875,43223.69140625,43223.69140625,222348600
2013-04-17,43232.25,43232.25,42418.83984375,42610.91015625,42610.91015625,365442600
2013-04-18,42610.98828125,42615.5,42162.94140625,42460.2109375,42460.2109375,277203000
2013-04-19,42460.2109375,42811.91015625,42289.94921875,42808.171875,42808.171875,350494000
2013-04-22,42820.03125,42967.078125,42678.76953125,42914.19921875,42914.19921875,228217600
2013-04-23,42922.23828125,43296.1484375,42920.83984375,43113.609375,43113.609375,198267800
2013-04-24,43112.76953125,43112.76953125,42202.69921875,42294.9296875,42294.9296875,257314800
2013-04-25,42289.41015625,42633.37890625,42124.98828125,42547.46875,42547.46875,339225600
2013-04-26,42544.12109375,42544.12109375,41896.921875,41897,41897,268203600
2013-04-29,41897.3515625,42092.80078125,41624.48828125,41910.53125,41910.53125,179840800
2013-04-30,41918.23046875,42278.078125,41842.8984375,42263.48046875,42263.48046875,282710800
2013-05-02,42266.94140625,42387.078125,42013.98046875,42090.01171875,42090.01171875,281120400
2013-05-03,42100.73046875,42851.6796875,42099.7890625,42602.0703125,42602.0703125,293620000
2013-05-06,42606.08984375,42624.80078125,42178.578125,42197.98828125,42197.98828125,152316400
2013-05-07,42198.16015625,42498.98828125,42085.51953125,42406.671875,42406.671875,247639000
2013-05-08,42401.73828125,42609.578125,42102.140625,42102.140625,42102.140625,236607800
2013-05-09,42102.66015625,42238.19140625,41615,41682.640625,41682.640625,218126600
2013-05-10,41688.578125,41921.1484375,41534.69140625,41741.5390625,41741.5390625,219501200
2013-05-13,41743.96875,41945.25,41619.62109375,41766.91015625,41766.91015625,211805000
2013-05-14,41775.46875,42040.609375,41659.48046875,41925.140625,41925.140625,201471000
2013-05-15,41930.83984375,42409.2109375,41828.1484375,41905.23046875,41905.23046875,340588600
2013-05-16,41912.1484375,41951.609375,41755.6484375,41761.109375,41761.109375,228691600
2013-05-17,41767.8203125,42036.33984375,41747.640625,41806.73046875,41806.73046875,230054600
2013-05-20,41810.01171875,41901.4609375,40934.3203125,41080.4296875,41080.4296875,236854000
2013-05-21,41085.05078125,41204.98828125,40199.69921875,40548.44140625,40548.44140625,243698800
2013-05-22,40533.6796875,40969.5390625,39973.421875,40119.01953125,40119.01953125,305848000
2013-05-23,40119.359375,40508.80078125,39468.12890625,40505.26953125,40505.26953125,247613200
2013-05-24,40505.609375,40561.51171875,39979.98046875,40521.26953125,40521.26953125,208165200
2013-05-27,40521.94140625,40571.87109375,39972.83984375,40144.6484375,40144.6484375,64929800
2013-05-28,40147.25,40769.03125,40147.25,40764.0390625,40764.0390625,223127400
2013-05-29,40762.28125,40927.26171875,40410.01171875,40638.96875,40638.96875,275880600
2013-05-30,40648.359375,41250.80078125,40648.359375,40984.5,40984.5,253153000
2013-05-31,40990.87890625,41590.26171875,40740.83984375,41588.3203125,41588.3203125,847647400
2013-06-03,41587.62890625,41590.171875,40849.921875,41094.8203125,41094.8203125,449256000
2013-06-04,41090.1484375,41238.53125,40750.3984375,40750.3984375,40750.3984375,223890000
2013-06-05,40750.3984375,40834.109375,40090.80078125,40226.328125,40226.328125,221025000
2013-06-06,40226.328125,40621.171875,40038.6484375,40579.078125,40579.078125,213605400
2013-06-07,40580.05859375,41331.55078125,40222.390625,40232.6796875,40232.6796875,253175600
2013-06-10,40238.359375,40751.5,40236.109375,40721.3515625,40721.3515625,188476600
2013-06-11,40722.2890625,40745.8203125,39889.87109375,39890.23828125,39890.23828125,370886000
2013-06-12,39888.78125,39984.05859375,38886.76953125,39480.3515625,39480.3515625,252074800
2013-06-13,39483.421875,39772.05859375,39402.96875,39481.46875,39481.46875,214691200
2013-06-14,39487.078125,39609.83984375,39266.76953125,39269.30078125,39269.30078125,203730000
2013-06-17,39264.4296875,39767.390625,39252.19140625,39549.4609375,39549.4609375,159262800
2013-06-18,39559.66015625,39861.51953125,39454.28125,39459.98046875,39459.98046875,234999600
2013-06-19,39460.01171875,39603.109375,38801.19140625,39044.94921875,39044.94921875,288693800
2013-06-20,39035.28125,39035.28125,37380.7890625,37517.23046875,37517.23046875,363996800
2013-06-21,37518.26171875,38159.30859375,37256.21875,38036.4609375,38036.4609375,781831200
2013-06-24,38037.83984375,38037.83984375,37034.30078125,37517.359375,37517.359375,260307800
2013-06-25,37517.359375,38071.76171875,37485.640625,37901.76953125,37901.76953125,334307800
2013-06-26,37919.5,39002.73828125,37913.3984375,38805.26953125,38805.26953125,379067200
2013-06-27,38808.609375,39789.0703125,38808.609375,39650.75,39650.75,391843000
2013-06-28,39651.26953125,40624.01953125,39614.19140625,40623.30078125,40623.30078125,513333200
2013-07-01,40624.33984375,41185.23828125,40401.078125,41176.80078125,41176.80078125,258805000
2013-07-02,41176.80078125,41219.55859375,40617.1796875,40832.48046875,40832.48046875,331651000
2013-07-03,40834.41015625,40957.16015625,40522.96875,40828.8515625,40828.8515625,255468400
2013-07-04,40829.37109375,41269.23828125,40829.37109375,41200.3984375,41200.3984375,93641200
2013-07-05,41201.609375,41285.19921875,40107.08984375,40623.08984375,40623.08984375,202348200
2013-07-08,40634.140625,40771.83984375,40071.640625,40071.640625,40071.640625,215239200
2013-07-09,40073.01953125,40422.66015625,40073.01953125,40221,40221,192435600
2013-07-10,40221.3515625,40241.109375,39915.12890625,39999.01953125,39999.01953125,160826800
2013-07-11,39996,40575.48828125,39996,40479.828125,40479.828125,245685200
2013-07-12,40475.6015625,40558.55078125,40071.53125,40329.80859375,40329.80859375,254041400
2013-07-15,40332.48828125,40556.6015625,40143.140625,40322.3203125,40322.3203125,199166200
2013-07-16,40320.98046875,40377.4296875,39290.25,39659.51171875,39659.51171875,218562600
2013-07-17,39657.6484375,40246.078125,39657.51171875,40240.19140625,40240.19140625,348704200
2013-07-18,40227.28125,40346.01171875,40091.4609375,40245.30859375,40245.30859375,241552400
2013-07-19,40242.71875,40244.078125,39843.328125,39891.671875,39891.671875,132454800
2013-07-22,39885.62890625,40245.8515625,39775.41015625,40117.671875,40117.671875,247268800
2013-07-23,40117.671875,40790.2109375,40054.3515625,40790.16015625,40790.16015625,239445200
2013-07-24,40766.16015625,40922.69140625,40665.05859375,40839.0390625,40839.0390625,167041800
2013-07-25,40844.73828125,40988.171875,40692.01953125,40752.08984375,40752.08984375,231567600
2013-07-26,40762.109375,41241.33984375,40748.7109375,41064.578125,41064.578125,245115400
2013-07-29,41059.078125,41135.5390625,40341.62109375,40341.859375,40341.859375,196555600
2013-07-30,40341.859375,40524.140625,40142.5,40236.55078125,40236.55078125,196265300
2013-07-31,40247.28125,41108.69921875,40081.75,40837.87890625,40837.87890625,289151600
2013-08-01,40838.73828125,42003.171875,40838.73828125,41863.76171875,41863.76171875,253153400
2013-08-02,41866.859375,42280.19921875,41660.5703125,42051.6015625,42051.6015625,214941300
2013-08-05,42052.80859375,42143.55859375,41801.859375,41918.41015625,41918.41015625,134463600
2013-08-06,41903.359375,42048.44921875,41413.640625,41914.8203125,41914.8203125,210337400
2013-08-07,41914.98046875,42305.01953125,41717,42246.5,42246.5,231666800
2013-08-08,42244.48046875,42713.48046875,42224.328125,42712.05078125,42712.05078125,266772700
2013-08-09,42712.5703125,42737.30078125,42147.94140625,42648.73828125,42648.73828125,360228100
2013-08-12,42649.78125,42781.83984375,42094.19140625,42124.83984375,42124.83984375,208348200
2013-08-13,42145,42441.4609375,41987.37890625,42366.44921875,42366.44921875,220783900
2013-08-14,42369.80078125,42723.87109375,42280.6796875,42430.109375,42430.109375,203868700
2013-08-15,42430.109375,42432.171875,41890.3984375,42155.33984375,42155.33984375,177656700
2013-08-16,42149.96875,42217.28125,41963.73046875,42049.69921875,42049.69921875,120487300
2013-08-19,42049.69921875,42078.71875,41319.859375,41484.25,41484.25,237526300
2013-08-20,41494.98828125,41865.5390625,41288.94140625,41825.3984375,41825.3984375,214389200
2013-08-21,41824.7109375,41858.609375,41262.328125,41458.16015625,41458.16015625,239753800
2013-08-22,41465.48828125,41711.01953125,40770.8203125,41007.4296875,41007.4296875,226841100
2013-08-23,41004.51171875,41129.48828125,40681.26953125,40925.12890625,40925.12890625,199654800
2013-08-26,40925.12890625,41054,40368.5703125,40419.9296875,40419.9296875,236052100
2013-08-27,40419.578125,40427.6796875,39525.03125,39656,39656,267803800
2013-08-28,39653.75,39833.69140625,39244.58984375,39248.0703125,39248.0703125,230740700
2013-08-29,39248.7109375,39527.5390625,38953.08984375,39162.48828125,39162.48828125,275476200
2013-08-30,39157.328125,39687.6015625,39148.078125,39492.37109375,39492.37109375,1759968000
2013-09-02,39491.12890625,40176.91015625,39491.12890625,40129.0390625,40129.0390625,91782800
2013-09-03,40132.8515625,40377.859375,39352.71875,39541.51171875,39541.51171875,231366600
2013-09-04,39541.83984375,39986,39403.73046875,39773.53125,39773.53125,216586600
2013-09-05,39725.98046875,39863.2890625,39558.83984375,39686.44921875,39686.44921875,158842600
2013-09-06,39690.80078125,40216.55859375,39580.73046875,39915.05859375,39915.05859375,213433800
2013-09-09,39916.21875,41019.26171875,39846.109375,40953.8515625,40953.8515625,225738000
2013-09-10,40958.98828125,41732.98046875,40822.03125,41732.98046875,41732.98046875,266476200
2013-09-11,41744.12890625,42158.140625,41403.44140625,41640.53125,41640.53125,226635400
2013-09-12,41637.5390625,41656.390625,40692.94140625,40785.6796875,40785.6796875,150264200
2013-09-13,40797.640625,41183.0390625,40745.03125,41122.46875,41122.46875,147325800
2013-09-17,41122.46875,41385.12890625,40799.91015625,41137.671875,41137.671875,197425200
2013-09-18,41136.859375,41987.8515625,40857.83984375,41902.19921875,41902.19921875,221658300
2013-09-19,41903.37109375,42195.12109375,41733.0390625,41752.26171875,41752.26171875,273393900
2013-09-20,41749.421875,41799.73828125,41224.3984375,41225.98046875,41225.98046875,410669100
2013-09-23,41222.23046875,41314.80859375,40934.01171875,41314.6796875,41314.6796875,238922700
2013-09-24,41331.8203125,41387.12109375,41104.91015625,41209.94921875,41209.94921875,211279500
2013-09-25,41203.140625,41799.8515625,41020.12890625,41724.03125,41724.03125,271351300
2013-09-26,41724.83984375,41835.01953125,41317.25,41327.578125,41327.578125,227139200
2013-09-27,41316.69140625,41408.30078125,40887.171875,40903.6484375,40903.6484375,186593600
2013-09-30,40900.109375,40903.609375,40182.9296875,40185.23046875,40185.23046875,262402400
2013-10-01,40185.51171875,41369.51171875,40126.94921875,41335.26953125,41335.26953125,199679800
2013-10-02,41321.94140625,41324.05078125,40987.62890625,41300.66015625,41300.66015625,172601400
2013-10-03,41295.76171875,41458.8984375,40648.19921875,40841.12890625,40841.12890625,123690200
2013-10-04,40847.44140625,41150.30859375,40766.16015625,40909.5390625,40909.5390625,171161200
2013-10-07,40909.4609375,40911.26171875,40306.421875,40451.16015625,40451.16015625,129615900
2013-10-08,40455.51953125,40561.28125,39678.5390625,39916.83984375,39916.83984375,200897400
2013-10-09,39916.83984375,39974.25,39648.109375,39866.171875,39866.171875,175506800
2013-10-10,39863.87109375,40701.3515625,39863.87109375,40489.94921875,40489.94921875,179935200
2013-10-11,40484.2109375,41083.62890625,40331.4296875,40975.37109375,40975.37109375,196210500
2013-10-14,40971.828125,41034.609375,40651.08984375,40882.08984375,40882.08984375,153722400
2013-10-15,40882.28125,40919.828125,40071.4609375,40218.3203125,40218.3203125,187210700
2013-10-16,40227.01953125,40536.2890625,40004,40355.26953125,40355.26953125,234781300
2013-10-17,40354.94140625,40451.5,40081.671875,40199.46875,40199.46875,133470300
2013-10-18,40199.46875,40572.16015625,40199.46875,40412.69140625,40412.69140625,164602700
2013-10-21,40414.859375,40622.80078125,40120.5390625,40345.78125,40345.78125,236422900
2013-10-22,40351.44140625,40889.421875,40301.51953125,40813.48046875,40813.48046875,181235100
2013-10-23,40818.109375,40826.1015625,40385.96875,40552.58984375,40552.58984375,184005300
2013-10-24,40554.03125,40689.8515625,40165.078125,40246.73046875,40246.73046875,225168000
2013-10-25,40281.87109375,40679.8515625,39870.5703125,40671.609375,40671.609375,289192300
2013-10-28,40671.609375,41152.91015625,40648.41015625,41125.01953125,41125.01953125,220149100
2013-10-29,41125.01953125,41329.19140625,41091.1015625,41284.37890625,41284.37890625,225528200
2013-10-30,41288.62890625,41370.58984375,40833.08984375,41050.08984375,41050.08984375,191371900
2013-10-31,41047.91015625,41077.609375,40636.328125,41038.6484375,41038.6484375,251515700
2013-11-01,41028.83984375,41111.5703125,40821.71875,41079.609375,41079.609375,147524800
2013-11-04,41084.7109375,41338.44140625,40918.76171875,41013.71875,41013.71875,118322100
2013-11-05,41014.5390625,41039.2890625,40231.328125,40304.44921875,40304.44921875,248550400
2013-11-06,40294.94140625,40491.859375,40179.80859375,40280.08984375,40280.08984375,262125600
2013-11-07,40282.69921875,40515.19140625,40002.37109375,40009.8984375,40009.8984375,231898800
2013-11-08,40003.08984375,40013.46875,39432.171875,39864.16015625,39864.16015625,302113400
2013-11-11,39863.44921875,40038.5703125,39647.69921875,39686.828125,39686.828125,185506400
2013-11-12,39688.19140625,39757.91015625,39311.08984375,39594.640625,39594.640625,231543600
2013-11-13,39594.08984375,39793.48046875,39136.1484375,39765.921875,39765.921875,266106000
2013-11-14,39765.921875,40393.78125,39662.96875,40306.69921875,40306.69921875,211574300
2013-11-15,40306.05078125,41281.1015625,40294.8203125,41034.109375,41034.109375,248740800
2013-11-19,41028.37890625,41028.37890625,40481.3515625,40643.25,40643.25,128962800
2013-11-20,40641.30859375,40946.83984375,40594.98046875,40795.55859375,40795.55859375,260299800
2013-11-21,40797.73828125,41157.87109375,40714.671875,40998.37109375,40998.37109375,305459600
2013-11-22,40998.80859375,41253.23828125,40919.5390625,41199.01953125,41199.01953125,228088000
2013-11-25,41203.37890625,41280.7890625,40947.9296875,40948.359375,40948.359375,165286800
2013-11-26,40949.3515625,41044.9296875,40666.30859375,41002.6796875,41002.6796875,476615300
2013-11-27,40998.58984375,41874.26953125,40988.390625,41872.58984375,41872.58984375,230624100
2013-11-28,41873.140625,42193.62109375,41806.6015625,42160.421875,42160.421875,63042600
2013-11-29,42160.9609375,42575.62109375,42002.7109375,42499.12890625,42499.12890625,230934600
2013-12-02,42493.55859375,42665.37109375,42135.828125,42138.55078125,42138.55078125,129380700
2013-12-03,42138.55078125,42139.109375,41678.1015625,41876.859375,41876.859375,158724400
2013-12-04,41865.6796875,42137.9296875,41542.80859375,42003.6484375,42003.6484375,230315600
2013-12-05,41992.19921875,42441.76171875,41779.23828125,41910.078125,41910.078125,238964200
2013-12-06,41910.98828125,42574.1015625,41910.98828125,41925.5390625,41925.5390625,287526300
2013-12-09,41942.171875,42513.94921875,41847.83984375,42289.23046875,42289.23046875,217924700
2013-12-10,42302.6015625,42539.5703125,42211.23046875,42490.1015625,42490.1015625,283747100
2013-12-11,42490.78125,42643.328125,42262.53125,42304.55078125,42304.55078125,297986400
2013-12-13,42307.30078125,42307.30078125,41715.671875,41884.828125,41884.828125,265220700
2013-12-16,41884.83984375,42380.03125,41801.98828125,42054.01953125,42054.01953125,202822100
2013-12-17,42044.71875,42245.21875,41757.91015625,41758.55078125,41758.55078125,213530800
2013-12-18,41758.55859375,42407.171875,41409.25,42079.87109375,42079.87109375,343004400
2013-12-19,42079.4609375,42250.6015625,41789.69140625,42198.3203125,42198.3203125,213707300
2013-12-20,42198.3203125,42600.578125,42181.98828125,42183.76953125,42183.76953125,593966800
2013-12-23,42214.83984375,42508.109375,42119.03125,42508.03125,42508.03125,235435100
2013-12-26,42589.76171875,42668.890625,42482.4296875,42540.3203125,42540.3203125,139436700
2013-12-27,42545.51953125,42789.3203125,42523.7109375,42753.21875,42753.21875,154856000
2013-12-30,42753.48046875,43086.73828125,42704.828125,42958.8203125,42958.8203125,175830000
2014-01-02,42725.53125,42841.9609375,42115.359375,42188.44921875,42188.44921875,139707400
2014-01-03,42191.109375,42274.609375,41842.9609375,42064.96875,42064.96875,141022700
2014-01-06,42093.55859375,42143.16015625,41522.48828125,41525.94921875,41525.94921875,157899200
2014-01-07,41532.87890625,41883.37109375,41522.171875,41778.6015625,41778.6015625,174828600
2014-01-08,41783.80078125,41915.359375,41389.3984375,41515.48828125,41515.48828125,208777500
2014-01-09,41554.328125,41585.62109375,41220.66015625,41585.5390625,41585.5390625,225768400
2014-01-10,41586.8515625,42526.12890625,41585.55078125,42458.51171875,42458.51171875,274141700
2014-01-13,42455.96875,42463.421875,42046.23828125,42158.62109375,42158.62109375,202066300
2014-01-14,42151.46875,42501,42055.87890625,42439.7890625,42439.7890625,171344100
2014-01-15,42434.87109375,42731.76171875,42359.6484375,42511.25,42511.25,157753900
2014-01-16,42508.96875,42608.8203125,42167.76953125,42172.73046875,42172.73046875,154928100
2014-01-17,42172.859375,42246.01953125,41721.0390625,41911.30859375,41911.30859375,141246000
2014-01-20,41911.30859375,42111.78125,41909.109375,41976.37109375,41976.37109375,37915600
2014-01-21,41976.62890625,42277.1015625,41602.28125,41838.62890625,41838.62890625,194541100
2014-01-22,41849.01953125,42062.8203125,41699.71875,42062.8203125,42062.8203125,254645000
2014-01-23,42058.171875,42082.75,41402.37890625,41531.80078125,41531.80078125,165958700
2014-01-24,41532.78125,41556.171875,40814.51171875,40979.80078125,40979.80078125,333731700
2014-01-27,40980.33984375,41010.55859375,40316.66015625,40863.41015625,40863.41015625,232123000
2014-01-28,40873.53125,41217.62109375,40660.48828125,40660.9296875,40660.9296875,230936300
2014-01-29,40656.28125,40978.44921875,40228.2890625,40689.8984375,40689.8984375,230428900
2014-01-30,40692.9296875,41096.7890625,40572.23046875,41008.30078125,41008.30078125,172219800
2014-01-31,41008.62890625,41008.62890625,40579.109375,40879.75,40879.75,227508000
2014-02-04,40881.12109375,40881.12109375,40031.6484375,40085.51953125,40085.51953125,235269700
2014-02-05,40099.390625,40438.26953125,39733.30078125,39880.87109375,39880.87109375,256301000
2014-02-06,39881.51953125,40464.390625,39866.359375,40288.78125,40288.78125,255165600
2014-02-07,40272.30859375,40576.73828125,40075.390625,40525.73828125,40525.73828125,240161700
2014-02-10,40533.859375,40545.078125,40074.671875,40116.359375,40116.359375,159727800
2014-02-11,40116.62890625,40939.640625,40116.62890625,40759.62109375,40759.62109375,201556500
2014-02-12,40765.359375,40958.6484375,40436.8203125,40690.05859375,40690.05859375,208818000
2014-02-13,40690.05859375,40703.7890625,40263.16015625,40308.9609375,40308.9609375,171797000
2014-02-14,40316.890625,40896.5,40199.609375,40710.890625,40710.890625,176100900
2014-02-17,40710.890625,40803.75,40687.078125,40735.48046875,40735.48046875,40886800
2014-02-18,40733.6015625,40830.98828125,40421.69140625,40421.859375,40421.859375,179831300
2014-02-19,40426.23828125,40518.109375,39755.44140625,40006.421875,40006.421875,222345600
2014-02-20,39993.30859375,40013.41015625,39566.62109375,39654.23046875,39654.23046875,224907800
2014-02-21,39672.55859375,39975.62890625,39650,39724.578125,39724.578125,155521300
2014-02-24,39726.41015625,40163.3203125,39707.62890625,39792.7109375,39792.7109375,191064700
2014-02-25,39793.9609375,39858.4296875,38883.4609375,39023.6484375,39023.6484375,210401000
2014-02-26,39034.05859375,39286.078125,38497.62109375,38605.62109375,38605.62109375,218801700
2014-02-27,38617.80859375,39121.87109375,38469.6015625,38912.9296875,38912.9296875,223907500
2014-02-28,38927.7109375,39109.48046875,38645.4296875,38782.890625,38782.890625,260949100
2014-03-03,38780.4296875,38784.33984375,38302.859375,38534.8203125,38534.8203125,164838600
2014-03-04,38539.46875,39137.03125,38536.16015625,39084.359375,39084.359375,171537200
2014-03-05,39088.3984375,39219.62890625,39003.4296875,39021.0703125,39021.0703125,196895200
2014-03-06,39023.26171875,39591.7890625,39023.26171875,39176.30078125,39176.30078125,294386900
2014-03-07,39176.5,39217.33984375,38722.671875,38913.0390625,38913.0390625,232376800
2014-03-10,38914.3984375,38920.3203125,38480.25,38671.01171875,38671.01171875,204221200
2014-03-11,38671.01171875,38982.3203125,38566.05078125,38689.5703125,38689.5703125,216592100
2014-03-12,38689.51171875,38777.37890625,38535.87109375,38634.828125,38634.828125,216638400
2014-03-13,38634,38715.05078125,37850.1796875,38037.5,38037.5,240589700
2014-03-14,38037.5,38037.5,37751.640625,37950.96875,37950.96875,266890200
2014-03-18,37950.96875,38863.0390625,37950.1796875,38814.69140625,38814.69140625,213805400
2014-03-19,38804.75,39339.6796875,38653.33984375,38811.94140625,38811.94140625,259455700
2014-03-20,38817.421875,39770.6484375,38543.03125,39616.19140625,39616.19140625,244920700
2014-03-21,39628.328125,40098.37109375,39553.44140625,40021.73046875,40021.73046875,584082400
2014-03-24,40017.3515625,40357,39790.23046875,39821.7109375,39821.7109375,165056400
2014-03-25,39829.1015625,40134.12890625,39614.73828125,39793.01953125,39793.01953125,277311200
2014-03-26,39792.87890625,40081.140625,39674.6796875,39761.30078125,39761.30078125,206222200
2014-03-27,39759.51171875,39973.7890625,39703.01953125,39911.01171875,39911.01171875,200015300
2014-03-28,39896.58984375,40299.3515625,39896.58984375,40048.19921875,40048.19921875,174814600
2014-03-31,40052.5390625,40461.6015625,40051.12109375,40461.6015625,40461.6015625,271755600
2014-04-01,40465.98046875,40781.1015625,40299.48046875,40470.01171875,40470.01171875,282276200
2014-04-02,40478.30078125,40900.53125,40478.30078125,40900.53125,40900.53125,281456700
2014-04-03,40898.3203125,41087.5390625,40249.01171875,40563.05859375,40563.05859375,240573700
2014-04-04,40568.390625,41167.30078125,40542.12109375,40598.33984375,40598.33984375,296784100
2014-04-07,40580.55078125,40875.609375,40347.1484375,40595.69921875,40595.69921875,171352100
2014-04-08,40592.9609375,41004.87890625,40541.44921875,40906.828125,40906.828125,247610300
2014-04-09,40895.55859375,41075.421875,40662.5703125,40937.76953125,40937.76953125,170132700
2014-04-10,40925.62890625,41089.7890625,40381.26171875,40447.9609375,40447.9609375,193618700
2014-04-11,40447.08984375,40455.859375,40020.578125,40380.7890625,40380.7890625,176577600
2014-04-14,40385.44140625,40615.33984375,40349.98828125,40530.69140625,40530.69140625,124937600
2014-04-15,40536.171875,40571.23046875,40105.2890625,40481.80078125,40481.80078125,163304700
2014-04-16,40481.80078125,40891.08984375,40481.80078125,40890.53125,40890.53125,181153500
2014-04-21,40885.69921875,41003.640625,40650.078125,40654.0703125,40654.0703125,145667700
2014-04-22,40655.359375,40762.76171875,40438.80078125,40468.19921875,40468.19921875,210715100
2014-04-23,40466.8515625,40496.23046875,40168.5,40296.98046875,40296.98046875,182696100
2014-04-24,40298.62109375,40443.80078125,40150.3984375,40407.9296875,40407.9296875,171353500
2014-04-25,40409.51953125,40423.9609375,39979.53125,40198.3984375,40198.3984375,182921400
2014-04-28,40198.16015625,40314.19140625,40038.671875,40136.5703125,40136.5703125,130568700
2014-04-29,40145.30859375,40702.76171875,40095.5390625,40702.671875,40702.671875,153259400
2014-04-30,40702.80859375,40798.4296875,40433.66015625,40711.55859375,40711.55859375,298205400
2014-05-02,40729.0390625,41053.9296875,40729.0390625,40967.94921875,40967.94921875,166721600
2014-05-05,40968.9609375,41053.9296875,40736.8984375,41047.87890625,41047.87890625,99503900
2014-05-06,41047.328125,41623.69140625,40883.390625,41470.8203125,41470.8203125,148157700
2014-05-07,41471.359375,41826.4609375,41368.671875,41803.12890625,41803.12890625,201117400
2014-05-08,41806.12890625,42093.91015625,41592.19921875,41659.91015625,41659.91015625,152828600
2014-05-09,41670.5703125,41780.6484375,41528.76171875,41641.109375,41641.109375,171858400
2014-05-12,41641.76171875,42086.73046875,41591.98046875,42086.171875,42086.171875,133906100
2014-05-13,42086.05859375,42492.609375,41926.62109375,42236.828125,42236.828125,258902900
2014-05-14,42231.78125,42231.78125,42017.98828125,42144.51171875,42144.51171875,208381500
2014-05-15,42143.9609375,42200.109375,41531.609375,41561.828125,41561.828125,178484200
2014-05-16,41564.30859375,42031.48046875,41543.859375,41898.83984375,41898.83984375,181652000
2014-05-19,41894.71875,41903.01953125,41463.08984375,41840.05078125,41840.05078125,295391700
2014-05-20,41836.48046875,42001.6796875,41668.828125,41805.1015625,41805.1015625,212326200
2014-05-21,41805.1015625,42056.8984375,41764.8984375,41828.98046875,41828.98046875,215028900
2014-05-22,41827.6015625,42090.28125,41813.1484375,41943.9609375,41943.9609375,195695000
2014-05-23,41946.94921875,42035.69921875,41818.41015625,41917.921875,41917.921875,174316800
2014-05-26,41918.5703125,42138.328125,41896.1484375,42004.578125,42004.578125,35873900
2014-05-27,42005.2890625,42144.25,41836.80078125,41958.96875,41958.96875,188542600
2014-05-28,41958.26953125,42022.16015625,41862.4296875,41960.44921875,41960.44921875,159257800
2014-05-29,41960.66015625,42095.80078125,41884.12109375,42009.921875,42009.921875,159646100
2014-05-30,42011.66015625,42026.55859375,41360.80859375,41362.51171875,41362.51171875,607473700
2014-06-02,41375.41015625,41953.98828125,41375.41015625,41936.7109375,41936.7109375,159929000
2014-06-03,41938.828125,42135.53125,41807.6796875,42126.08984375,42126.08984375,175304800
2014-06-04,42127.8984375,42127.8984375,41855.05078125,41953.30078125,41953.30078125,136508900
2014-06-05,41956.6796875,42276.6796875,41949.23046875,42173.03125,42173.03125,209660500
2014-06-06,42173.03125,42840.41015625,42164.3515625,42778.26171875,42778.26171875,249983700
2014-06-09,42780.8515625,43175.76953125,42729.66015625,43009.98828125,43009.98828125,144386200
2014-06-10,43009.19140625,43049.0390625,42821.6796875,43045.26953125,43045.26953125,217772200
2014-06-11,43044.890625,43079.0703125,42759.37890625,42944.80859375,42944.80859375,161829300
2014-06-12,42946.3203125,43016.48046875,42551.9296875,42617.62109375,42617.62109375,123698100
2014-06-13,42602.921875,42874.359375,42485.62890625,42485.66015625,42485.66015625,169407800
2014-06-16,42523.328125,42641.109375,42321.37109375,42596.25,42596.25,131363600
2014-06-17,42593.23046875,42657.3515625,42446.46875,42612.640625,42612.640625,93662700
2014-06-18,42612.78125,42821.25,42525.5703125,42802.6015625,42802.6015625,175284800
2014-06-19,42800.6484375,43007.7109375,42787.109375,42957.359375,42957.359375,97277000
2014-06-20,42959.828125,43038.578125,42787.640625,42865.71875,42865.71875,447349100
2014-06-23,42865.71875,42948.6484375,42691.3515625,42916.73046875,42916.73046875,114987000
2014-06-24,42915.0390625,43016.76171875,42785.62109375,42884.76171875,42884.76171875,132851000
2014-06-25,42885.66015625,42930.01171875,42786.37109375,42854.19140625,42854.19140625,176349900
2014-06-26,42864.8515625,42916.5390625,42613.390625,42613.80078125,42613.80078125,153736000
2014-06-27,42613.25,42933.69921875,42481.30078125,42493.859375,42493.859375,229603000
2014-06-30,42508.078125,42795.1484375,42487.46875,42737.171875,42737.171875,258968700
2014-07-01,42744.94921875,42944.62109375,42602.1796875,42872.83984375,42872.83984375,165060900
2014-07-02,42870.8984375,43279.48046875,42817.9609375,43279.48046875,43279.48046875,150896500
2014-07-03,43286.30859375,43721.76953125,43228.21875,43660.69921875,43660.69921875,173032900
2014-07-04,43660.9609375,43669.7890625,43485.1796875,43518.05859375,43518.05859375,32528400
2014-07-07,43517.94921875,43705.9609375,43433.19921875,43452.55078125,43452.55078125,182477800
2014-07-08,43451.96875,43495.390625,43147.671875,43403.4296875,43403.4296875,153392100
2014-07-09,43394.41015625,43821.53125,43353.7890625,43686.75,43686.75,334296000
2014-07-10,43688.62890625,43690.98046875,43316.19921875,43474.2890625,43474.2890625,251864400
2014-07-11,43471.578125,43694.109375,43437.66015625,43481.828125,43481.828125,198570300
2014-07-14,43474.73046875,44001.19140625,43474.73046875,43967.44140625,43967.44140625,139888700
2014-07-15,43967.359375,44077.5,43862.83984375,43960.4296875,43960.4296875,206277600
2014-07-16,43968.46875,44133.23046875,43809.01171875,44009.23046875,44009.23046875,149554900
2014-07-17,44011.69140625,44083.91015625,43837.25,43920.76171875,43920.76171875,156451400
2014-07-18,43920.76171875,44312.87109375,43822.578125,44278.8984375,44278.8984375,143160800
2014-07-21,44275.80078125,44275.80078125,44023.69140625,44125.73046875,44125.73046875,155490700
2014-07-22,44123.55859375,44512.390625,44123.55859375,44257.08984375,44257.08984375,181490400
2014-07-23,44258.91015625,44371.25,44156.26953125,44199.01171875,44199.01171875,149310000
2014-07-24,44206.3984375,44564.171875,44201.1796875,44420.37890625,44420.37890625,167457000
2014-07-25,44426.671875,44559.78125,44272.390625,44386.62109375,44386.62109375,132525400
2014-07-28,44394.55078125,44559.2890625,44336.94140625,44544.96875,44544.96875,153573800
2014-07-29,44550.44140625,44684.55859375,44452.87890625,44481.2890625,44481.2890625,129225700
2014-07-30,44479.1015625,44714.41015625,44271.25,44311.05859375,44311.05859375,144478500
2014-07-31,44311.87890625,44349.80078125,43546.01953125,43817.69140625,43817.69140625,211241000
2014-08-01,43819.4296875,44094.828125,43706.8203125,43986.109375,43986.109375,162671200
2014-08-04,43983.78125,44676.109375,43982.94921875,44594.66015625,44594.66015625,193884900
2014-08-05,44605.609375,44674.94921875,44310.12109375,44481.6796875,44481.6796875,168380800
2014-08-06,44481.53125,44550.2890625,44251.3203125,44425.76953125,44425.76953125,158810800
2014-08-07,44435.33984375,44541.12890625,44064.19140625,44116.1484375,44116.1484375,175936400
2014-08-08,44124.08984375,44271.0703125,43885.4296875,44105.94921875,44105.94921875,144991500
2014-08-11,44121,44720.41015625,44121,44679.16015625,44679.16015625,165075800
2014-08-12,44673.109375,44869.23828125,44609.5390625,44734.0390625,44734.0390625,131497700
2014-08-13,44739.23828125,44974.9609375,44713.46875,44723.9609375,44723.9609375,154181600
2014-08-14,44740.6484375,44878.69921875,44665.9609375,44793.01953125,44793.01953125,137006200
2014-08-15,44793.8203125,44863.8203125,44474.46875,44629.328125,44629.328125,98928500
2014-08-18,44637.26953125,44871.23828125,44637.26953125,44854.80859375,44854.80859375,101365800
2014-08-19,44852.7890625,45000.62109375,44717.87890625,44962.87890625,44962.87890625,176305100
2014-08-20,44970.26953125,45250.05859375,44808.109375,45248.05078125,45248.05078125,197824200
2014-08-21,45242.30078125,45429.5390625,45160.3984375,45410.359375,45410.359375,187453700
2014-08-22,45420.48828125,45517.140625,45172.44140625,45374.98828125,45374.98828125,156941500
2014-08-25,45380.51171875,45575.26953125,45351.4609375,45504.33984375,45504.33984375,133092200
2014-08-26,45510.078125,45657.5703125,45416.12890625,45464.75,45464.75,210556300
2014-08-27,45469.6796875,45619.37890625,45417.48828125,45601,45601,149838600
2014-08-28,45596.62109375,45598.3203125,45348.41015625,45501.28125,45501.28125,137467600
2014-08-29,45485.73046875,45762.37109375,45397.19140625,45628.08984375,45628.08984375,511058900
2014-09-01,45630.71875,45664,45317.76953125,45438.0390625,45438.0390625,65827300
2014-09-02,45438.109375,45830.5390625,45409.58984375,45825.05859375,45825.05859375,187242000
2014-09-03,45819.69140625,46065.421875,45819.69140625,46049.328125,46049.328125,158939500
2014-09-04,46049.328125,46331.8984375,46042.55078125,46313.3984375,46313.3984375,182073200
2014-09-05,46322,46406.5,46224.69140625,46231.44140625,46231.44140625,133181100
2014-09-08,46232.16015625,46554.28125,46199.1015625,46357.23828125,46357.23828125,122720300
2014-09-09,46354.8203125,46427.8984375,45887.19921875,45915.171875,45915.171875,177599500
2014-09-10,45906.5703125,46109.1015625,45745.23828125,45894.05078125,45894.05078125,133893900
2014-09-11,45889.51171875,45908.16015625,45625.76171875,45672.6015625,45672.6015625,116511000
2014-09-12,45654.48828125,45861.62109375,45434.1484375,45799.69921875,45799.69921875,129739800
2014-09-15,45797.8203125,46133.37890625,45661.21875,45861.83984375,45861.83984375,126415500
2014-09-17,45861.5703125,46147.3984375,45859.01953125,46043.62109375,46043.62109375,187870100
2014-09-18,46048.98828125,46170.37890625,46025.80078125,46168.640625,46168.640625,138941100
2014-09-19,46169.921875,46230.1015625,45646.01953125,45761.8984375,45761.8984375,411628000
2014-09-22,45760.96875,45767.671875,45060.30078125,45302,45302,181252000
2014-09-23,45302.80859375,45406.98046875,44834.21875,45015.171875,45015.171875,217685100
2014-09-24,45016.66015625,45266.46875,44991.12109375,45116.94140625,45116.94140625,195335500
2014-09-25,45119.48046875,45150.69921875,44624.05859375,44781.12109375,44781.12109375,174746900
2014-09-26,44788.37890625,44986.921875,44695.12890625,44884.328125,44884.328125,136101400
2014-09-29,44884.328125,44918.3984375,44426.6015625,44898.19140625,44898.19140625,164377500
2014-09-30,44902.8203125,45051.91015625,44769.30078125,44985.66015625,44985.66015625,184943600
2014-10-01,44985.390625,45058.05078125,44364.9609375,44364.9609375,44364.9609375,182309600
2014-10-02,44370.0390625,44374.578125,43941.6484375,44254.4296875,44254.4296875,199890200
2014-10-03,44255.23046875,44719.87109375,44255.23046875,44678.140625,44678.140625,184680800
2014-10-06,44678.328125,45223,44645.62109375,44820.8515625,44820.8515625,152368400
2014-10-07,44826.21875,44845.9296875,44466.76171875,44536.62109375,44536.62109375,163625500
2014-10-08,44562.7890625,44717.05078125,44123.96875,44487.96875,44487.96875,185072300
2014-10-09,44494.71875,44609.62109375,44049.48828125,44082.171875,44082.171875,167642700
2014-10-10,44082.12109375,44082.12109375,43435.33984375,43435.73046875,43435.73046875,180788600
2014-10-13,43430.359375,43560.7890625,43088.671875,43088.671875,43088.671875,188993600
2014-10-14,43090.8203125,43338.7109375,43068.05859375,43179.8515625,43179.8515625,197148900
2014-10-15,43174.73828125,43174.73828125,42431.140625,42984.94921875,42984.94921875,465175000
2014-10-16,42964.01171875,43144.921875,42524.390625,42907.62109375,42907.62109375,186232000
2014-10-17,42916.76171875,43580.7890625,42916.76171875,43273.5,43273.5,204759700
2014-10-20,43262.48046875,43373.5,42995.98046875,43213.8984375,43213.8984375,184620200
2014-10-21,43212.28125,43725.23828125,43117.26953125,43630.578125,43630.578125,180107000
2014-10-22,43631.921875,43806.16015625,43434.890625,43450.75,43450.75,206111700
2014-10-23,43456.55078125,43869.1796875,43456.55078125,43691.05859375,43691.05859375,176696200
2014-10-24,43684.28125,43822.12109375,43543.69140625,43665.5390625,43665.5390625,177782600
2014-10-27,43663.25,43813.46875,43393.05078125,43810.51171875,43810.51171875,116605300
2014-10-28,43808.80078125,44202.19140625,43774.76171875,44039.640625,44039.640625,206876200
2014-10-29,44033.73046875,44308.05859375,43938.26953125,44238.94140625,44238.94140625,163865000
2014-10-30,44244.859375,44599.26953125,44067.9609375,44599.26953125,44599.26953125,187862100
2014-10-31,44599.05859375,45159.48828125,44598.6796875,45027.51953125,45027.51953125,312581200
2014-11-03,45029.4609375,45211.73828125,44913.96875,45184.76171875,45184.76171875,134935800
2014-11-04,45181.71875,45202.01953125,44855.2890625,44884.4296875,44884.4296875,148163200
2014-11-05,44888.73828125,45151.8203125,44818.578125,45071.98046875,45071.98046875,143917900
2014-11-06,45080.76171875,45199.140625,44849.5703125,44849.859375,44849.859375,157967000
2014-11-07,44841.7890625,44878.28125,44614.44921875,44614.66015625,44614.66015625,143709100
2014-11-10,44615.26953125,44727.55859375,44450.58984375,44523,44523,161192900
2014-11-11,44523,44637.0703125,44177.3203125,44300.828125,44300.828125,122409600
2014-11-12,44300.5390625,44363.73046875,43606,43744.5703125,43744.5703125,192225700
2014-11-13,43744.69921875,43888.26171875,43524.62109375,43743.80078125,43743.80078125,238746000
2014-11-14,43759.671875,43762.12890625,43296.640625,43372.01171875,43372.01171875,215759800
2014-11-18,43366.08984375,43569.328125,43336.109375,43491.44921875,43491.44921875,277098700
2014-11-19,43491.44921875,44122.171875,43491.44921875,44118.12890625,44118.12890625,219553400
2014-11-20,44114.8984375,44209.9296875,43955.7890625,44209.421875,44209.421875,203865800
2014-11-21,44206.23046875,44910.0390625,44206.23046875,44633.28125,44633.28125,302698400
2014-11-24,44638.66015625,44755.73046875,44563.1484375,44621.0703125,44621.0703125,167348900
2014-11-25,44621.48046875,44768.37890625,44436.8515625,44441.01953125,44441.01953125,365852700
2014-11-26,44438.05859375,44713.421875,44422.828125,44672.19921875,44672.19921875,143538500
2014-11-27,44667.62109375,44732.05078125,44608.62109375,44689.2109375,44689.2109375,37612700
2014-11-28,44688.9609375,44725.6484375,44138.28125,44190.46875,44190.46875,185316700
2014-12-01,44179.2109375,44248.109375,43389.83984375,43392.0703125,43392.0703125,261268300
2014-12-02,43403.890625,43550.23828125,42902.4609375,43008.0703125,43008.0703125,195864500
2014-12-03,43017.46875,43317.8984375,42628.16015625,43112.2890625,43112.2890625,210827900
2014-12-04,43112.55859375,43142.2109375,42728.05078125,42816.1484375,42816.1484375,224128200
2014-12-05,42821.25,43293.53125,42799.140625,43230.33984375,43230.33984375,174680100
2014-12-08,43253.1796875,43399.44140625,42746.671875,42941.828125,42941.828125,167383900
2014-12-09,42940.76171875,42940.76171875,42137.41015625,42339.62890625,42339.62890625,222989600
2014-12-10,42339.890625,42379.80078125,41295.26953125,41372.66015625,41372.66015625,219005800
2014-12-11,41372.921875,42025.5,41345.48828125,41714.5703125,41714.5703125,221477500
2014-12-15,41718.328125,41718.48828125,40125.53125,40334.58984375,40334.58984375,378131200
2014-12-16,40337.26953125,40844.359375,39580.78125,40225.078125,40225.078125,294258200
2014-12-17,40225.51171875,41354.62890625,40176.01953125,41004.44140625,41004.44140625,354708300
2014-12-18,41011.69921875,42721.33984375,41011.69921875,42475.671875,42475.671875,277257500
2014-12-19,42483.4609375,42810.1796875,42403.671875,42529.890625,42529.890625,306781800
2014-12-22,42537.69140625,42873.01171875,42536.9609375,42873.01171875,42873.01171875,0
2014-12-23,42874.33984375,43124.8515625,42853.12109375,43122.73046875,43122.73046875,0
2014-12-24,43118.96875,43120.51953125,42942.80078125,43002.87109375,43002.87109375,0
2014-12-26,NA,NA,NA,NA,NA,NA
2014-12-29,43005.671875,43320.12890625,43004.05859375,43187.640625,43187.640625,0
2014-12-30,43179.5703125,43340.55859375,42872.171875,43018.75,43018.75,0
2014-12-31,43015.25,43191.69921875,42877.55078125,43145.66015625,43145.66015625,71249200
2015-01-02,43146.51953125,43325.4296875,41989.6484375,42115.46875,42115.46875,111168800
2015-01-05,42134.66015625,42147.9609375,40824.9296875,41099.37109375,41099.37109375,219712500
2015-01-06,41101.01171875,41456.62109375,40723.66015625,41329.41015625,41329.41015625,212475500
2015-01-07,41331.12109375,41963.94921875,41331.12109375,41813.9296875,41813.9296875,184571000
2015-01-08,41819.0390625,42554.41015625,41814.2109375,42402.30859375,42402.30859375,193292300
2015-01-09,42393.171875,42504.41015625,41940.48828125,42382.41015625,42382.41015625,151921000
2015-01-12,42373.80859375,42408.6484375,41773.37890625,41780.78125,41780.78125,175242100
2015-01-13,41781.0390625,42211.08984375,41313.3515625,41478.26171875,41478.26171875,190474300
2015-01-14,41478.37890625,41479.78125,40907.48046875,40984.21875,40984.21875,309314400
2015-01-15,40991.48046875,41260.4609375,40817.87109375,40998.76953125,40998.76953125,234733800
2015-01-16,40999.05859375,41402.078125,40859.69140625,41402.01171875,41402.01171875,192275600
2015-01-19,41412.1796875,41566.9296875,41210.05859375,41285.578125,41285.578125,46253900
2015-01-20,41286.578125,41974,41129.12109375,41752.671875,41752.671875,210067800
2015-01-21,41753.48046875,42491.1015625,41594.08984375,42488.73046875,42488.73046875,241140400
2015-01-22,42489.37890625,43165.55859375,42488.8203125,43121.28125,43121.28125,269586300
2015-01-23,43123.171875,43124.44140625,42618.03125,42649.71875,42649.71875,177289400
2015-01-26,42649.1015625,42831.75,42360.73046875,42737.8515625,42737.8515625,182968600
2015-01-27,42737.8515625,42737.8515625,42128.23046875,42627.8203125,42627.8203125,166083900
2015-01-28,42627.8203125,42743.46875,42158.0703125,42158.0703125,42158.0703125,171120600
2015-01-29,42150.80859375,42157.1796875,41762.421875,41862.328125,41862.328125,182630600
2015-01-30,41862.62890625,41864.21875,40886.859375,40950.578125,40950.578125,242054000
2015-02-03,40954.62109375,41868.37890625,40944.80859375,41572.23828125,41572.23828125,230362500
2015-02-04,41572.23828125,42055.25,41553.109375,41710.8203125,41710.8203125,203348500
2015-02-05,41709.6796875,42469.16015625,41708.578125,42453.640625,42453.640625,328441800
2015-02-06,42447.44921875,42880.3515625,42447.44921875,42715.4296875,42715.4296875,231657000
2015-02-09,42705.26171875,42876.94921875,42474.828125,42810.2890625,42810.2890625,182064400
2015-02-10,42811.359375,43159.08984375,42635.1484375,42635.19140625,42635.19140625,244737400
2015-02-11,42630.0703125,42630.44921875,41901.109375,41933.26171875,41933.26171875,220150900
2015-02-12,41925.71875,43046.87890625,41897.3203125,43045.51171875,43045.51171875,180138000
2015-02-13,43032.078125,43250.390625,42954.94140625,43072.421875,43072.421875,148371900
2015-02-16,43074.03125,43141.890625,42886.1484375,42959.55859375,42959.55859375,25467400
2015-02-17,42959.55859375,43264.390625,42613.6796875,43251.7890625,43251.7890625,148126500
2015-02-18,43246.3984375,43484.76953125,42823.8515625,43053.6484375,43053.6484375,278075700
2015-02-19,43043.1484375,43310.87109375,42865.19921875,43231.421875,43231.421875,149976900
2015-02-20,43223.87890625,43569.55078125,43080.62109375,43551.26171875,43551.26171875,157812500
2015-02-23,43536.83984375,43680.421875,43446.6484375,43675.87109375,43675.87109375,157766100
2015-02-24,43672.1015625,44033.671875,43629.30859375,43921.55078125,43921.55078125,247357200
2015-02-25,43915.359375,44008.94140625,43635.0390625,43802.0703125,43802.0703125,234987800
2015-02-26,43798.73046875,44417.2890625,43723.6015625,44416.48828125,44416.48828125,192596800
2015-02-27,44408.328125,44439.98828125,43983.140625,44190.171875,44190.171875,373527000
2015-03-02,44179.9296875,44279.328125,43560.8515625,43882.7109375,43882.7109375,238489100
2015-03-03,43875.73828125,43906.16015625,43519.6796875,43600.37109375,43600.37109375,222689700
2015-03-04,43598.2109375,43605.140625,43130.51953125,43296.55078125,43296.55078125,190139000
2015-03-05,43284.4296875,43783,43155.8515625,43517.7890625,43517.7890625,253013200
2015-03-06,43510.23828125,43517.171875,43129.8203125,43280.80859375,43280.80859375,202066800
2015-03-09,43280.80859375,43350.2890625,43003.98828125,43251.3984375,43251.3984375,145265100
2015-03-10,43246.5703125,43246.5703125,42674.25,42972.1484375,42972.1484375,177428000
2015-03-11,42978.6015625,43310.37890625,42929.51953125,43227.19921875,43227.19921875,223614100
2015-03-12,43228.08984375,44056.109375,43176.51171875,44055.890625,44055.890625,178847500
2015-03-13,44055.890625,44140.26171875,43703.96875,44002.2890625,44002.2890625,179720700
2015-03-17,43997.44921875,43998.71875,43761.359375,43761.359375,43761.359375,171895000
2015-03-18,43756.78125,44360.87109375,43490.08984375,44360.87109375,44360.87109375,267505600
2015-03-19,44354.94140625,44441.1484375,43920.28125,44118.171875,44118.171875,204850800
2015-03-20,44117.94140625,44325.94140625,43739.46875,43968.1484375,43968.1484375,407713600
2015-03-23,43968.1484375,44056.98046875,43840.671875,43952.7109375,43952.7109375,139263300
2015-03-24,43947.3203125,44242.5703125,43943.3203125,44051.2109375,44051.2109375,161948600
2015-03-25,44040.96875,44212.28125,43630.58984375,43630.9609375,43630.9609375,153901700
2015-03-26,43610.58984375,43610.58984375,43099.48046875,43229.16015625,43229.16015625,203462600
2015-03-27,43231.44921875,43656.37890625,43096.73046875,43637.96875,43637.96875,182587500
2015-03-30,43631.23046875,44015.94140625,43571.3515625,43922.828125,43922.828125,145908900
2015-03-31,43916.1015625,43916.1015625,43596.87109375,43724.78125,43724.78125,184966800
2015-04-01,43709.48828125,44216.75,43697.44921875,44202.94140625,44202.94140625,185105000
2015-04-06,44202.87109375,44897.03125,43833.890625,44850.05859375,44850.05859375,174250100
2015-04-07,44857.0703125,45181.421875,44674.94921875,44987.87109375,44987.87109375,239494000
2015-04-08,44994.30078125,45333.96875,44902.48046875,44980.55859375,44980.55859375,252657800
2015-04-09,44980.55859375,45218.75,44891.7890625,44913.26953125,44913.26953125,190713500
2015-04-10,44913.94140625,45009.609375,44745.03125,44882.01171875,44882.01171875,168054800
2015-04-13,44881.37109375,45061.6796875,44864.37890625,44994.55859375,44994.55859375,151535400
2015-04-14,44989.171875,45072.8984375,44773.55859375,45004.51953125,45004.51953125,183195900
2015-04-15,45003.46875,45443.01953125,45001.1796875,45262.94140625,45262.94140625,235294000
2015-04-16,45256.46875,45483.26171875,45094.05078125,45480.23046875,45480.23046875,181652800
2015-04-17,45482.23828125,45485.73828125,45012.30078125,45012.37109375,45012.37109375,158198200
2015-04-20,45019.62109375,45206.28125,44958.69140625,45077.80859375,45077.80859375,152786300
2015-04-21,45077.44140625,45433.171875,45077.44140625,45296.91015625,45296.91015625,182895100
2015-04-22,45294.25,45294.25,45077.5703125,45232.0390625,45232.0390625,219745700
2015-04-23,45226.109375,45473.83984375,45027.5,45418.828125,45418.828125,177848700
2015-04-24,45418.578125,45773.30859375,45248.98046875,45773.30859375,45773.30859375,200794300
2015-04-27,45767.078125,46078.0703125,45490.25,45512.37890625,45512.37890625,190305000
2015-04-28,45514.0390625,45594.140625,45216.0390625,45338.359375,45338.359375,176189800
2015-04-29,45338.359375,45378.671875,44895.8515625,44942.23046875,44942.23046875,176865800
2015-04-30,44950.3203125,45129.46875,44581.69921875,44582.390625,44582.390625,302264200
2015-05-04,44589.1015625,45264.5390625,44586.94140625,45238.46875,45238.46875,179275000
2015-05-05,45237.12109375,45479.16015625,45061.328125,45091.328125,45091.328125,241196400
2015-05-06,45078.578125,45112.08984375,44655.109375,44853.26171875,44853.26171875,205151800
2015-05-07,44848.4609375,45010.76953125,44704.28125,44768.80078125,44768.80078125,178415900
2015-05-08,44770.078125,45126.0390625,44770.078125,45125.94921875,45125.94921875,247350800
2015-05-11,45125.48046875,45245.7109375,44950.62109375,45179.96875,45179.96875,136610400
2015-05-12,45180.23828125,45180.23828125,44849.8515625,44950.48828125,44950.48828125,173771800
2015-05-13,44939.5703125,45120.69921875,44885.91015625,45038.140625,45038.140625,145028600
2015-05-14,45048.94140625,45350.23828125,44980.2109375,45271.4609375,45271.4609375,143034100
2015-05-15,45272.390625,45357.44140625,45147.91015625,45332.80078125,45332.80078125,120620500
2015-05-18,45330.1015625,45413.48828125,45134.21875,45408.33984375,45408.33984375,122937500
2015-05-19,45410.23046875,45540.6796875,45245.87109375,45311.75,45311.75,189714200
2015-05-20,45313.671875,45474.1796875,45191.6015625,45283.46875,45283.46875,143379300
2015-05-21,45284.609375,45300.078125,45075.76953125,45097.390625,45097.390625,150476600
2015-05-22,45097.390625,45192.8984375,44807.73046875,44874.0390625,44874.0390625,144970200
2015-05-25,44874.12109375,44949.98828125,44732.96875,44852.2890625,44852.2890625,26652400
2015-05-26,44855,44858.890625,44383.5390625,44401.3984375,44401.3984375,217242100
2015-05-27,44397.078125,44684.19140625,44124.58984375,44682.58984375,44682.58984375,200161500
2015-05-28,44668.98046875,44817.640625,44508.76953125,44807.30859375,44807.30859375,173377700
2015-05-29,44801.359375,44845.12890625,44603.62109375,44703.62109375,44703.62109375,590615000
2015-06-01,44699.55859375,44788.58984375,44570.01171875,44760.1015625,44760.1015625,188341900
2015-06-02,44752.53125,45053.51171875,44572.87890625,44931.48046875,44931.48046875,230453700
2015-06-03,44932.2890625,45208.48046875,44732.55859375,44732.71875,44732.71875,191223400
2015-06-04,44729.2109375,44844.73828125,44478.2890625,44561.109375,44561.109375,194532200
2015-06-05,44559.48046875,44847.9609375,44481.94140625,44561.94140625,44561.94140625,138407100
2015-06-08,44559.78125,44596.19140625,44338.21875,44544.05078125,44544.05078125,105183100
2015-06-09,44544.3515625,44686.0703125,44385.76953125,44519.2109375,44519.2109375,166116800
2015-06-10,44528.671875,44758.41015625,44528.671875,44578.28125,44578.28125,228614500
2015-06-11,44579.359375,44753.9609375,44527.1796875,44624.73828125,44624.73828125,172318600
2015-06-12,44626.8984375,44796.83984375,44469.48046875,44692.5,44692.5,150515800
2015-06-15,44697.359375,44698.05859375,44217.0390625,44395.76171875,44395.76171875,142785700
2015-06-16,44389.5390625,44812.640625,44139.71875,44722.28125,44722.28125,150911600
2015-06-17,44719.578125,44889.609375,44666.41015625,44792.0390625,44792.0390625,204730000
2015-06-18,44788.7890625,45159.37890625,44732.26953125,45120.7890625,45120.7890625,148018000
2015-06-19,45120.76953125,45177.078125,44933.8203125,44973.41015625,44973.41015625,414665100
2015-06-22,44971.25,45272.1484375,44969.03125,45224.98046875,45224.98046875,138550300
2015-06-23,45225.71875,45512.62890625,45224.51171875,45454.1484375,45454.1484375,155117900
2015-06-24,45453.33984375,45514.01171875,45280.28125,45424.94140625,45424.94140625,169504800
2015-06-25,45420.0703125,45532.80859375,45232.4609375,45377.12109375,45377.12109375,173807400
2015-06-26,45381.37890625,45630.19140625,45332.44140625,45566.328125,45566.328125,142329400
2015-06-29,45556.87109375,45556.87109375,44710.3515625,44710.3515625,44710.3515625,191532900
2015-06-30,44711.4296875,45054.078125,44585.58984375,45053.69921875,45053.69921875,268951400
2015-07-01,45052.890625,45298.55078125,44928.48828125,44928.51953125,44928.51953125,175618300
2015-07-02,44928.51953125,45342,44917.8203125,45175.578125,45175.578125,209841400
2015-07-03,45174.390625,45174.390625,44982.3203125,45065.46875,45065.46875,37465200
2015-07-06,45062.1796875,45062.1796875,44635.8203125,44794.01171875,44794.01171875,149404700
2015-07-07,44792.8515625,45027.609375,44196.33984375,45017.75,45017.75,224739200
2015-07-08,45004.76953125,45009.53125,44441.37109375,44497.73828125,44497.73828125,210280200
2015-07-09,44499.73828125,44922.609375,44499.73828125,44564.3203125,44564.3203125,180658800
2015-07-10,44558.1015625,44980.2890625,44558.1015625,44915.98046875,44915.98046875,165229000
2015-07-13,44933.859375,45184.80078125,44916.48046875,44990.390625,44990.390625,131537200
2015-07-14,44990.4609375,45194.69140625,44747.3203125,45136.69140625,45136.69140625,139386600
2015-07-15,45136.16015625,45179.51953125,45018.7890625,45107.12890625,45107.12890625,139905400
2015-07-16,45111.73046875,45461.94140625,45111.73046875,45344.8984375,45344.8984375,124663500
2015-07-17,45347.80859375,45387.69140625,45087.48828125,45325.37890625,45325.37890625,136764800
2015-07-20,45325.578125,45655.73046875,45228.19140625,45567.98828125,45567.98828125,107843000
2015-07-21,45568.62109375,45664.76953125,45387.80859375,45401.23046875,45401.23046875,199521500
2015-07-22,45394.19921875,45447.078125,44660.359375,44670.421875,44670.421875,306545700
2015-07-23,44671.2890625,44894.73828125,44599.53125,44836.328125,44836.328125,245301700
2015-07-24,44840.25,44898.12890625,44209.53125,44249.48828125,44249.48828125,261013500
2015-07-27,44243,44246.8984375,43713.71875,43713.71875,43713.71875,181344400
2015-07-28,43715.62109375,44241.51953125,43715.62109375,44222.96875,44222.96875,286919400
2015-07-29,44215.3984375,44566.87890625,44058.890625,44471.2890625,44471.2890625,197220000
2015-07-30,44470.66015625,44470.66015625,44177.87109375,44373.30859375,44373.30859375,163071200
2015-07-31,44374.4609375,44793.1796875,44322.7890625,44752.9296875,44752.9296875,271503100
2015-08-03,44737.51171875,44913.62890625,44436.12109375,44903.94921875,44903.94921875,159378700
2015-08-04,44901.21875,45206.87890625,44869.1015625,45177.98046875,45177.98046875,183225200
2015-08-05,45180.359375,45388.640625,44863.921875,44937.609375,44937.609375,166445000
2015-08-06,44938.5,45062.33984375,44824.46875,44921.21875,44921.21875,126793400
2015-08-07,44919.12109375,44919.12109375,44661.2109375,44862.140625,44862.140625,114223700
2015-08-10,44856.19140625,45320.75,44785.08984375,45320.69140625,45320.69140625,110434500
2015-08-11,45321.578125,45333.3515625,44376.53125,44379.7890625,44379.7890625,205684100
2015-08-12,44379.03125,44402.578125,43640.05859375,44032.37890625,44032.37890625,220518900
2015-08-13,44083.48046875,44287.12109375,43785.4296875,43870.53125,43870.53125,211386800
2015-08-14,43870.3984375,44069.859375,43746.30859375,43746.71875,43746.71875,127753600
2015-08-17,43762.8984375,43990.05078125,43574.12109375,43953.48046875,43953.48046875,150771400
2015-08-18,43958.078125,43960.87890625,43730.55859375,43872.12109375,43872.12109375,169745300
2015-08-19,43868.6015625,43906.55859375,43307.53125,43473.73828125,43473.73828125,184950500
2015-08-20,43470.48828125,43470.48828125,42995.26953125,43036.58984375,43036.58984375,176469900
2015-08-21,43033.01171875,43033.01171875,42098.73046875,42163.8203125,42163.8203125,270541800
2015-08-24,42139.1796875,42139.1796875,39256.578125,41471.46875,41471.46875,280957600
2015-08-25,41484.5,42393.7890625,41484.5,42010.890625,42010.890625,249142300
2015-08-26,42012.1484375,42427.48828125,41669.2109375,42323.0390625,42323.0390625,205330000
2015-08-27,42324.3203125,43480.83984375,42324.3203125,43452.359375,43452.359375,266368500
2015-08-28,43459.3984375,43534.828125,43161.37109375,43290.859375,43290.859375,176441400
2015-08-31,43288.421875,43722.23046875,42775.28125,43721.9609375,43721.9609375,532669500
2015-09-01,43707.01953125,43707.01953125,42839.140625,42911.51171875,42911.51171875,234860200
2015-09-02,42908.23828125,43194.96875,42772.05859375,42969.9296875,42969.9296875,173690400
2015-09-03,42971.12109375,43663.80078125,42971.12109375,43283.46875,43283.46875,162994900
2015-09-04,43283.3203125,43283.3203125,42555.859375,42742.859375,42742.859375,167537500
2015-09-07,42729.26953125,42853.8984375,42326.1015625,42756.26171875,42756.26171875,25362600
2015-09-08,42755.171875,43180.171875,42755.171875,43083.94140625,43083.94140625,147590400
2015-09-09,43085.71875,43523.53125,42754.05078125,42754.6796875,42754.6796875,156444000
2015-09-10,42749.7890625,42926.5390625,42621.44140625,42888.51171875,42888.51171875,170822500
2015-09-11,42888.51171875,42991.80078125,42761.75,42780.73046875,42780.73046875,113801800
2015-09-14,42775.609375,42909.0390625,42661.828125,42827.3515625,42827.3515625,127513800
2015-09-15,42829.671875,43273.0703125,42813.08984375,43269.62109375,43269.62109375,149337800
2015-09-17,43279.140625,44075.51953125,43263.421875,43790.9296875,43790.9296875,233017500
2015-09-18,43788.5390625,43788.5390625,43177.08984375,43565.05078125,43565.05078125,384522000
2015-09-21,43568.46875,43722.078125,43458.58984375,43618.140625,43618.140625,118597800
2015-09-22,43621.21875,43621.21875,43047.87109375,43232.05859375,43232.05859375,176568600
2015-09-23,43236.41015625,43285.3984375,43042.359375,43042.359375,43042.359375,199408400
2015-09-24,43042.30859375,43085.03125,42459.76171875,42596.55859375,42596.55859375,266340600
2015-09-25,42595.19921875,42912.21875,42326.421875,42435.23046875,42435.23046875,161155100
2015-09-28,42430.609375,42453.12890625,41791.6015625,41893.51171875,41893.51171875,202235000
2015-09-29,41894.109375,42254,41861.7890625,42121.51171875,42121.51171875,188484800
2015-09-30,42113.8515625,42703.0703125,42113.8515625,42632.5390625,42632.5390625,323525300
2015-10-01,42627.421875,42752.01171875,42418.5390625,42695.73828125,42695.73828125,171675100
2015-10-02,42695.140625,42769.23046875,42203.8203125,42735.1484375,42735.1484375,153996600
2015-10-05,42740.859375,43614.171875,42740.859375,43566.3203125,43566.3203125,208146800
2015-10-06,43566.390625,43743.83984375,43435.0390625,43561.421875,43561.421875,158825700
2015-10-07,43562.91015625,44166.3984375,43562.91015625,43832.03125,43832.03125,222875200
2015-10-08,43838.55078125,44172.328125,43654.76171875,44076.94140625,44076.94140625,196553100
2015-10-09,44080.1484375,44477.5,44080.1484375,44375.62109375,44375.62109375,159232400
2015-10-12,44370.71875,44619.609375,44142.171875,44314.25,44314.25,146650400
2015-10-13,44318.48046875,44442.5390625,44125.140625,44318.19140625,44318.19140625,189124600
2015-10-14,44313.62890625,44416.140625,44058.87109375,44064.4296875,44064.4296875,129215100
2015-10-15,44065.05859375,44255.37890625,43811.48828125,44087.58984375,44087.58984375,167836200
2015-10-16,44090.4609375,44432.37109375,44062.55859375,44364.16015625,44364.16015625,161056300
2015-10-19,44371.76953125,44523.69921875,44116.078125,44523.01171875,44523.01171875,148353900
2015-10-20,44517.30859375,44653.859375,44191.5703125,44653.859375,44653.859375,193739600
2015-10-21,44657.12109375,44938.12109375,44309.76171875,44426.0703125,44426.0703125,182024400
2015-10-22,44426.30859375,44989.25,44321.2890625,44627.96875,44627.96875,320641000
2015-10-23,44628.421875,45094.1015625,44628.421875,45010.23828125,45010.23828125,238526000
2015-10-26,45022.4609375,45102.578125,44787.08984375,45036.51953125,45036.51953125,168306800
2015-10-27,45036.30078125,45036.890625,44570.87890625,44698.01171875,44698.01171875,296427200
2015-10-28,44683.6015625,44933.140625,44585.5,44741.6796875,44741.6796875,181760000
2015-10-29,44738.26171875,44860.4296875,44477.921875,44634.80859375,44634.80859375,164202500
2015-10-30,44635.80078125,44648.83984375,44238.69140625,44542.76171875,44542.76171875,247491400
2015-11-03,44543.83984375,45540.9296875,44336.73828125,45354.58984375,45354.58984375,257221400
2015-11-04,45356.1796875,45680.109375,45322.87890625,45373.171875,45373.171875,206307000
2015-11-05,45373.890625,45546.55078125,45190.26171875,45195.6484375,45195.6484375,224209000
2015-11-06,45195.71875,45388.2109375,44923.4609375,45243.8515625,45243.8515625,211544700
2015-11-09,45238.140625,45302.5390625,44187.55859375,44479.23046875,44479.23046875,233520700
2015-11-10,44474.33984375,44474.7890625,43772.75,44359.890625,44359.890625,229700800
2015-11-11,44353.62890625,44646.578125,44219.87109375,44347.91015625,44347.91015625,157905500
2015-11-12,44351.171875,44351.171875,44083.62109375,44120.51953125,44120.51953125,153942200
2015-11-13,44120.8203125,44266.21875,43458.109375,43617.73046875,43617.73046875,223292300
2015-11-17,43614.390625,44219.7890625,43614.390625,44184.6484375,44184.6484375,269603700
2015-11-18,44182.25,44505.58984375,44118.98046875,44505.58984375,44505.58984375,244379200
2015-11-19,44519.8515625,44762.53125,44460.7890625,44620.6015625,44620.6015625,241733800
2015-11-20,44621.41015625,44997.69140625,44587.6484375,44895.01953125,44895.01953125,177951600
2015-11-23,44878.78125,44925.33984375,44743.19921875,44779.140625,44779.140625,133476000
2015-11-24,44777.7109375,44777.7109375,44421.171875,44576.23046875,44576.23046875,161909400
2015-11-25,44576.23046875,44649.109375,44040.078125,44138.75,44138.75,174932800
2015-11-26,44137.19140625,44377.58984375,44053.23046875,44374.51953125,44374.51953125,64404900
2015-11-27,44387.1015625,44420.6484375,43895.8203125,44247.98046875,44247.98046875,125063100
2015-11-30,44241.2890625,44412.0703125,43382.12890625,43418.55078125,43418.55078125,668266200
2015-12-01,43418.55078125,43984.8984375,43368.83984375,43984.8984375,43984.8984375,253723300
2015-12-02,43984.390625,44024.94921875,43386.1796875,43417.05078125,43417.05078125,169361300
2015-12-03,43423.01953125,43496.23828125,42756.46875,43027.30078125,43027.30078125,165729100
2015-12-04,43033.01171875,43220.69140625,42810.46875,42994.23046875,42994.23046875,186087500
2015-12-07,42997.578125,43103.58984375,42648.05859375,42655.23828125,42655.23828125,175873500
2015-12-08,42653.078125,42710.62109375,42214.73828125,42236.73828125,42236.73828125,239321300
2015-12-09,42260.37109375,42796.078125,42260.37109375,42398.05859375,42398.05859375,246253700
2015-12-10,42376.5390625,42508.3203125,42358.69921875,42447.76953125,42447.76953125,192538300
2015-12-11,42447.58984375,42494.73828125,41907.7890625,42000.62890625,42000.62890625,210483900
2015-12-14,41997.26953125,42057.30859375,41514.76953125,41901.9609375,41901.9609375,191485500
2015-12-15,41902.76953125,43156.19140625,41902.76953125,42905.19921875,42905.19921875,283527200
2015-12-16,42909.01953125,43497.62109375,42909.01953125,43429.71875,43429.71875,213875200
2015-12-17,43435.94140625,43780.26171875,43361.4609375,43503.51953125,43503.51953125,268394700
2015-12-18,43504.421875,43507.83984375,42863.98828125,42936.62890625,42936.62890625,402961300
2015-12-21,42958.01171875,43392.71875,42958.01171875,43160.609375,43160.609375,292688500
2015-12-22,43158.55859375,43619.7109375,43152.5703125,43328.71875,43328.71875,221025400
2015-12-23,43329.4296875,43787.30078125,43241.5390625,43579.671875,43579.671875,194470500
2015-12-24,43579.078125,43774.69140625,43527.23828125,43528.26953125,43528.26953125,46487200
2015-12-28,43528.41015625,43535.5,43347.28125,43396.16015625,43396.16015625,134864000
2015-12-29,43410.69140625,43643.078125,43298.890625,43391.78125,43391.78125,115704000
2015-12-30,43376.5390625,43520.78125,43010.55078125,43012.37109375,43012.37109375,98029600
2015-12-31,43007.73828125,43030.12890625,42690.62109375,42977.5,42977.5,68463600
2016-01-04,42963.8984375,42963.8984375,41897.48046875,42113.69921875,42113.69921875,122098600
2016-01-05,42118.6015625,42346.140625,41859.26953125,42041.6796875,42041.6796875,186120200
2016-01-06,42039.23046875,42039.23046875,41627.98046875,41691.19140625,41691.19140625,185518000
2016-01-07,41688.75,41688.75,40611.30078125,40661.5703125,40661.5703125,263904200
2016-01-08,40661.80859375,41242.55859375,40154.94140625,40265.37109375,40265.37109375,373461300
2016-01-11,40254.5,40749.6796875,40128.46875,40706.890625,40706.890625,220635600
2016-01-12,40717.98828125,41070.9296875,40717.98828125,41022.73828125,41022.73828125,217279500
2016-01-13,41026.55078125,41270.94140625,40463.640625,41008.78125,41008.78125,207644900
2016-01-14,41026.55078125,41385.53125,40731.80078125,41352.75,41352.75,162045600
2016-01-15,41350.30078125,41350.30078125,40298.01953125,40847.69921875,40847.69921875,258729300
2016-01-18,40842.8203125,40854.640625,40440.359375,40604.7890625,40604.7890625,36417700
2016-01-19,40611.8515625,41136.48828125,40494.05859375,40809.25,40809.25,220643500
2016-01-20,40807.21875,40845.03125,39924.08984375,40844.41015625,40844.41015625,239363100
2016-01-21,40833.26953125,41339.48828125,40557.328125,41166.87890625,41166.87890625,252258400
2016-01-22,41207.98046875,41744.421875,41207.98046875,41621.30859375,41621.30859375,252181900
2016-01-25,41623.23046875,41678.3515625,41344.25,41476.3515625,41476.3515625,142720900
2016-01-26,41474.44921875,42037.55859375,41451.19921875,41932.390625,41932.390625,189517800
2016-01-27,41923.4296875,42394.08984375,41823.87890625,42109.890625,42109.890625,356684100
2016-01-28,42101.078125,42445.44921875,42055.26953125,42393.01953125,42393.01953125,247397500
2016-01-29,42386.23046875,43631.1796875,42370.98046875,43630.76953125,43630.76953125,376037300
2016-02-02,43639.921875,43639.921875,42884.51171875,43092.48828125,43092.48828125,341856100
2016-02-03,43120.671875,43306.37890625,42916.01171875,43257.5390625,43257.5390625,264681900
2016-02-04,43255.1015625,44260.23046875,43255.1015625,43751.9296875,43751.9296875,359740800
2016-02-05,43759,43833.76171875,43215.96875,43229.671875,43229.671875,221241100
2016-02-08,43229.7890625,43229.7890625,42546.62890625,42774.8515625,42774.8515625,201984900
2016-02-09,42775.69140625,42887.390625,42192.7890625,42399.19140625,42399.19140625,325409400
2016-02-10,42401.91015625,42936.859375,42268.859375,42535.73828125,42535.73828125,243093300
2016-02-11,42540.4609375,42540.4609375,41757.3984375,42359.26171875,42359.26171875,221208600
2016-02-12,42351.12109375,42635.6484375,42275.7890625,42416.44140625,42416.44140625,186017400
2016-02-15,42414.80859375,43223.9609375,42414.80859375,43205.91015625,43205.91015625,59431500
2016-02-16,43205.4296875,43352.37890625,42847.5,43100.3203125,43100.3203125,181206800
2016-02-17,43103.30859375,43585.30859375,43019.6484375,43585.23046875,43585.23046875,408303000
2016-02-18,43561.05859375,43731.671875,43278.80078125,43516.66015625,43516.66015625,280000800
2016-02-19,43517.16015625,43618.6015625,43219.328125,43375.30859375,43375.30859375,176837500
2016-02-22,43379.171875,43882.23046875,43379.171875,43546.71875,43546.71875,252292800
2016-02-23,43550.7890625,43672.96875,43143.58984375,43216.578125,43216.578125,180166200
2016-02-24,43221.05859375,43234.37109375,42364.890625,42744.91015625,42744.91015625,119479000
2016-02-25,43177.53125,43445.1484375,42938.98828125,43434.55078125,43434.55078125,169139700
2016-02-26,43449.91015625,43611.69921875,43239.3984375,43473.37109375,43473.37109375,109647900
2016-02-29,43475,43723.859375,43326.94140625,43714.9296875,43714.9296875,329045100
2016-03-01,43717.6484375,44280.1796875,43715.98828125,44214.5,44214.5,278917500
2016-03-02,44198.390625,44739.01171875,44165.6015625,44615.75,44615.75,276951200
2016-03-03,44616.4609375,44869.96875,44561.0390625,44742.21875,44742.21875,220570800
2016-03-04,44740.53125,45255.921875,44740.53125,44849.01953125,44849.01953125,277745000
2016-03-07,44855.25,45146.328125,44850.96875,44967.16015625,44967.16015625,231035400
2016-03-08,44967.21875,45017.62890625,44335.390625,44504.2890625,44504.2890625,255965700
2016-03-09,44507.48828125,44668.3984375,44189.55859375,44492.5,44492.5,250427200
2016-03-10,44499.48828125,44779.08984375,43965.23046875,44337.0390625,44337.0390625,200516900
2016-03-11,44338.94140625,45007.26953125,44338.94140625,44617.73828125,44617.73828125,157398300
2016-03-14,44746.328125,44873.25,44548.55078125,44691.80078125,44691.80078125,183846000
2016-03-15,44691.01171875,44694.30859375,44139.5390625,44210.44140625,44210.44140625,194115100
2016-03-16,44207.5390625,44751.62109375,44026.1796875,44751.3984375,44751.3984375,223581100
2016-03-17,44751.3984375,45507.87109375,44644.33984375,45435.08984375,45435.08984375,336601600
2016-03-18,45436.1796875,46129.66015625,45203.171875,45482.390625,45482.390625,616315100
2016-03-22,45464.53125,45632.28125,45308.30078125,45632.28125,45632.28125,208791200
2016-03-23,45632.62890625,45713.75,45365.5390625,45647.5703125,45647.5703125,199402700
2016-03-28,45652.44140625,45847.26171875,45458.58984375,45623.48046875,45623.48046875,160121800
2016-03-29,45623.2109375,45910.80859375,45456.140625,45897.6484375,45897.6484375,247041200
2016-03-30,45894.3984375,46307.609375,45808.55078125,46191.51171875,46191.51171875,274078600
2016-03-31,46188.1015625,46276.98828125,45663.62890625,45881.078125,45881.078125,289894600
2016-04-01,45877.390625,46068.30859375,45509.08984375,46062.921875,46062.921875,152704400
2016-04-04,46067.25,46077.1015625,45454.1015625,45678.1796875,45678.1796875,158253200
2016-04-05,45678.33984375,45678.33984375,45183.7109375,45186.01171875,45186.01171875,173672700
2016-04-06,45183.30078125,45370.7890625,45023.51171875,45281.96875,45281.96875,180774900
2016-04-07,45278.80859375,45290.03125,44834.23828125,45052.16015625,45052.16015625,209972000
2016-04-08,45074.30859375,45382.66015625,44797.16015625,44859.48828125,44859.48828125,189312000
2016-04-11,44864.8515625,45112.55859375,44745.109375,44760.53125,44760.53125,168199500
2016-04-12,44765.3515625,45126.921875,44708.62890625,45090.671875,45090.671875,181345900
2016-04-13,45095.26953125,45483.21875,45076.98828125,45411.30078125,45411.30078125,213032800
2016-04-14,45411.5390625,45624.53125,45363.828125,45403.5390625,45403.5390625,179087100
2016-04-15,45401.58984375,45636.171875,45390.828125,45536.51953125,45536.51953125,172203600
2016-04-18,45518.62109375,45561.44140625,44956.23046875,45022.62890625,45022.62890625,169798500
2016-04-19,45027.0390625,45881.66015625,45027.0390625,45780.1796875,45780.1796875,225798400
2016-04-20,45780.51171875,45834.5703125,45507.41015625,45650.3515625,45650.3515625,189085300
2016-04-21,45653.2109375,45860.01171875,45539.359375,45556.6484375,45556.6484375,210756800
2016-04-22,45556.109375,45825.3203125,45556.109375,45613.2109375,45613.2109375,177836100
2016-04-25,45608.328125,45804.94140625,45383.078125,45581.19921875,45581.19921875,172066100
2016-04-26,45584,45691.80078125,45279.55078125,45416.8984375,45416.8984375,198851900
2016-04-27,45566.890625,45965.44140625,45566.890625,45941.51953125,45941.51953125,242688300
2016-04-28,45940.98046875,45982.83984375,45189.62890625,45528.9296875,45528.9296875,378055500
2016-04-29,45534.26171875,45784.80078125,45416.05859375,45784.76953125,45784.76953125,243404200
2016-05-02,45785.9609375,45847.4296875,45502.51953125,45707.87109375,45707.87109375,170577900
2016-05-03,45706.44921875,45706.44921875,45238.3203125,45647.8203125,45647.8203125,280555100
2016-05-04,45649.140625,45649.140625,45060.0703125,45349,45349,370291800
2016-05-05,45350.28125,45440.46875,45066.91015625,45147.96875,45147.96875,202128500
2016-05-06,45142.8203125,45243.19140625,44925.46875,45209.8515625,45209.8515625,165377400
2016-05-09,45209.03125,45320.3515625,44823.2109375,45250.33984375,45250.33984375,187012200
2016-05-10,45257.109375,45684.6796875,45143.01953125,45676.41015625,45676.41015625,195378000
2016-05-11,45663.609375,45733.171875,45461.4296875,45506.87109375,45506.87109375,228305200
2016-05-12,45514.6484375,45838.171875,45437.48046875,45685.8203125,45685.8203125,174676000
2016-05-13,45684.46875,45736.98046875,45373.2109375,45402.46875,45402.46875,171890900
2016-05-16,45402.73828125,45863.76171875,45381.83984375,45843.140625,45843.140625,144549200
2016-05-17,45846.98828125,45912.0390625,45621.80078125,45872.1796875,45872.1796875,180429800
2016-05-18,45871.03125,45887.76953125,45395.05859375,45551.19921875,45551.19921875,181326400
2016-05-19,45551.08984375,45555.3515625,44898.4296875,45051.26953125,45051.26953125,184254800
2016-05-20,45053.5703125,45321.48828125,45042.3515625,45155.91015625,45155.91015625,152138300
2016-05-23,45159.328125,45349.828125,45046.30078125,45236.16015625,45236.16015625,159540800
2016-05-24,45233.98828125,45523.8984375,45226.69921875,45497.4609375,45497.4609375,205438600
2016-05-25,45496.640625,45882.73046875,45494.9296875,45710.94140625,45710.94140625,261125100
2016-05-26,45705.51953125,46080.8203125,45688.640625,46039.69140625,46039.69140625,297591200
2016-05-27,46040.23046875,46220.62890625,45996.73828125,46124.1484375,46124.1484375,184564700
2016-05-30,46119.5390625,46204.44921875,45936.23046875,46017.2109375,46017.2109375,50463900
2016-05-31,46026.1484375,46069.12890625,45371.73046875,45459.44921875,45459.44921875,645087400
2016-06-01,45468.5390625,45612.44140625,45268.83984375,45557.609375,45557.609375,208113200
2016-06-02,45549.58984375,45745.80859375,45458.8515625,45508.30859375,45508.30859375,185821800
2016-06-03,45508.4609375,45933.51171875,45450.46875,45928.23046875,45928.23046875,188390700
2016-06-06,45929.30859375,46114.94921875,45821.3984375,45857.73046875,45857.73046875,205844900
2016-06-07,45852.28125,46277.140625,45852.28125,46124.62890625,46124.62890625,314238600
2016-06-08,46127.62109375,46545.3203125,46015.859375,46263.83984375,46263.83984375,306667900
2016-06-09,46266.26953125,46308.05078125,45660.3515625,45662.7109375,45662.7109375,242848000
2016-06-10,45655.94140625,45655.94140625,45163.44921875,45177.5,45177.5,188095800
2016-06-13,45170.4609375,45180.640625,44709.1796875,44930.25,44930.25,166801300
2016-06-14,44935.03125,44968.5390625,44389.23828125,44570.58984375,44570.58984375,186815300
2016-06-15,44562.73046875,45107.05078125,44491.12109375,45011.21875,45011.21875,207926700
2016-06-16,45017.44921875,45225.3984375,44580.69921875,45225.3984375,45225.3984375,157370200
2016-06-17,45227.69921875,45394.87890625,45106.7109375,45306.21875,45306.21875,281640500
2016-06-20,45306.359375,45978.859375,45306.359375,45779.66015625,45779.66015625,174117300
2016-06-21,45781.98828125,45843.0703125,45421.44140625,45705.421875,45705.421875,174634600
2016-06-22,45706.19140625,45809.08984375,45612.421875,45806.16015625,45806.16015625,141267100
2016-06-23,45820.69921875,46145.921875,45820.69921875,46145.921875,46145.921875,154551700
2016-06-24,46119.921875,46153.6796875,44501,44885.8203125,44885.8203125,323558900
2016-06-27,44888.94921875,44888.94921875,43902.25,44282.03125,44282.03125,277445800
2016-06-28,44297.58984375,44960.890625,44297.58984375,44714.5390625,44714.5390625,240293700
2016-06-29,44725.80859375,45584.7890625,44700.4296875,45466.37109375,45466.37109375,217069200
2016-06-30,45466.37109375,45967.21875,45419.73046875,45966.48828125,45966.48828125,271556400
2016-07-01,45973.19921875,46251.80859375,45831.328125,46213.26953125,46213.26953125,134616100
2016-07-04,46213.26953125,46429.05078125,46135.08984375,46201.328125,46201.328125,29013300
2016-07-05,46200.21875,46341.23828125,45669.66015625,45819.6015625,45819.6015625,198145900
2016-07-06,45819.62109375,45820.2109375,45104.87109375,45304.75,45304.75,186619900
2016-07-07,45300.23046875,45655.76171875,45215.140625,45394.37109375,45394.37109375,207536400
2016-07-08,45393.28125,45744.62109375,45344.01953125,45744.2890625,45744.2890625,163032200
2016-07-11,45743.48828125,46218.51171875,45743.48828125,46177.609375,46177.609375,176525200
2016-07-12,46183.78125,46520.05078125,46183.78125,46432.69921875,46432.69921875,231131900
2016-07-13,46432.69921875,46614.19140625,46187.6484375,46271.96875,46271.96875,190507900
2016-07-14,46273.6015625,46765.2109375,46273.6015625,46498.51171875,46498.51171875,241847800
2016-07-15,46503.0703125,46767.30859375,46500.390625,46713.4296875,46713.4296875,198810600
2016-07-18,46711.94140625,47108.6484375,46611.55859375,46961.25,46961.25,195195200
2016-07-19,46966.609375,47134.26953125,46826.87109375,47060.5703125,47060.5703125,188935000
2016-07-20,47054.671875,47505.25,46936.51171875,47505.25,47505.25,189237500
2016-07-21,47503.6015625,47648.41015625,47313.30859375,47364.80859375,47364.80859375,166222500
2016-07-22,47363.078125,47589.44921875,47359.53125,47537.28125,47537.28125,113132900
2016-07-25,47524.390625,47785.2890625,46971.69921875,47130.41015625,47130.41015625,156491900
2016-07-26,47129.48046875,47343.05078125,46921.3984375,46927,46927,219741400
2016-07-27,46933.76171875,47575.26171875,46664.16015625,46812.0703125,46812.0703125,344547900
2016-07-28,46818.859375,46872.12109375,46402.51171875,46833.87109375,46833.87109375,305668500
2016-07-29,46820.1796875,46824.73828125,46304.19140625,46660.671875,46660.671875,347960700
2016-08-01,46654.5,46887.921875,46638.44140625,46807.23828125,46807.23828125,159960500
2016-08-02,46806.078125,46806.078125,46143.80859375,46558.359375,46558.359375,214453300
2016-08-03,46556.21875,46888.4296875,46311.28125,46844.53125,46844.53125,214305900
2016-08-04,46839.19140625,47102.2109375,46678.609375,46941.4609375,46941.4609375,149832400
2016-08-05,46940.23046875,47197.109375,46931.25,47194.1484375,47194.1484375,180708100
2016-08-08,47207.75,47539.21875,47012.01171875,47368.6484375,47368.6484375,176551200
2016-08-09,47375.58984375,47801.76953125,47363.26171875,47630.37109375,47630.37109375,257905900
2016-08-10,47635.44140625,47902.8203125,47565.3203125,47797.69921875,47797.69921875,220397200
2016-08-11,47833.87890625,48434.76953125,47713.83984375,48341.94921875,48341.94921875,315230500
2016-08-12,48348.26953125,48570.98828125,48096.1015625,48363.890625,48363.890625,233046100
2016-08-15,48366.890625,48956.05859375,48361,48694.8984375,48694.8984375,271663300
2016-08-16,48699.171875,48800.23828125,48334.96875,48351.9609375,48351.9609375,204458300
2016-08-17,48351.16015625,48556.078125,48100.140625,48258.9296875,48258.9296875,209872300
2016-08-18,48253.0390625,48492.8515625,47930.87109375,48437.1015625,48437.1015625,185065000
2016-08-19,48432.05078125,48557.78125,48167.921875,48297.4609375,48297.4609375,127776500
2016-08-22,48289.30078125,48367.05078125,47899.01171875,48293.4609375,48293.4609375,146537800
2016-08-23,48290.08984375,48494.359375,47665.94140625,47666.01953125,47666.01953125,209827500
2016-08-24,47660.98046875,47925.51171875,47480.578125,47743.609375,47743.609375,163366300
2016-08-25,47741.55078125,47867.8984375,47642.25,47734.19921875,47734.19921875,231256400
2016-08-26,47729.55859375,48002.4609375,47095.08984375,47369.5703125,47369.5703125,286852200
2016-08-29,47357.7890625,47646.2109375,47310.12890625,47599.12109375,47599.12109375,151480600
2016-08-30,47610.05859375,47832.3984375,47445.87890625,47650.5703125,47650.5703125,155374200
2016-08-31,47649.69140625,47768.96875,47341.8984375,47541.3203125,47541.3203125,439097000
2016-09-01,47544.0390625,47655.609375,47314.8203125,47563.33984375,47563.33984375,193508900
2016-09-02,47551.109375,48096.3203125,47204.05859375,47787.98828125,47787.98828125,140465700
2016-09-05,47786.98046875,47968.16015625,47786.5,47842.23046875,47842.23046875,19169100
2016-09-06,47839.8984375,47868.76953125,47304.828125,47626.98046875,47626.98046875,186221600
2016-09-07,47623.23046875,47676.6015625,47178.76171875,47398.69921875,47398.69921875,177870300
2016-09-08,47397.890625,47492.98046875,47250.03125,47416.96875,47416.96875,180546300
2016-09-09,47419.69140625,47421.140625,46459.171875,46459.171875,46459.171875,256925800
2016-09-12,46456.87890625,46782.05859375,45934.01953125,46720.9609375,46720.9609375,268039400
2016-09-13,46719.23046875,46719.23046875,46012.23828125,46154.19921875,46154.19921875,270198400
2016-09-14,46137.73828125,46408.0390625,45700.69921875,45767.5703125,45767.5703125,249860800
2016-09-15,45767.37109375,45975.78125,45679.5703125,45922.91015625,45922.91015625,477097000
2016-09-19,45927.48828125,46131.4296875,45737.4296875,45871.0390625,45871.0390625,191987000
2016-09-20,45869.69140625,46421.6796875,45869.69140625,46341.328125,46341.328125,156466200
2016-09-21,46345.37890625,46943.69921875,46344.0390625,46929.19140625,46929.19140625,255440800
2016-09-22,46930.33984375,47975.55859375,46930.33984375,47975.05078125,47975.05078125,258041400
2016-09-23,47967.171875,47967.2109375,47435.8203125,47778.48046875,47778.48046875,223268400
2016-09-26,47776.94140625,47776.94140625,47094.48828125,47252.5390625,47252.5390625,232475400
2016-09-27,47257.30078125,47731.859375,46971.640625,47731.83984375,47731.83984375,249363300
2016-09-28,47734.2890625,48175.26953125,47639.19140625,48046.55859375,48046.55859375,203341900
2016-09-29,48045.2109375,48488.3515625,47511.48046875,47672.0703125,47672.0703125,217104400
2016-09-30,47673.6015625,47961.390625,47245.08984375,47245.80078125,47245.80078125,210376900
2016-10-03,47250.55078125,47607.28125,47080.01953125,47601.9296875,47601.9296875,139095500
2016-10-04,47602.2890625,47986.2890625,47495.23828125,47909.26953125,47909.26953125,178107800
2016-10-05,47909.171875,48226.08984375,47904.94140625,48141.421875,48141.421875,160516000
2016-10-06,48124.28125,48132.62890625,47832.609375,47944.76953125,47944.76953125,143658400
2016-10-07,47946.30078125,47946.30078125,47460.33984375,47596.6015625,47596.6015625,134403200
2016-10-10,47597.91015625,48413.66015625,47555.21875,48264.9609375,48264.9609375,193082400
2016-10-11,48265.55859375,48272.1015625,47990.7890625,48014.3984375,48014.3984375,202811100
2016-10-12,48015.0703125,48069.91015625,47740.03125,47915.12109375,47915.12109375,145549600
2016-10-13,47913.76953125,47913.76953125,47429.171875,47741.5390625,47741.5390625,199956500
2016-10-14,47746.33984375,48041.05078125,47645.48828125,47701.44921875,47701.44921875,249710700
2016-10-17,47699.75,47918.6015625,47637.4296875,47657.328125,47657.328125,157917600
2016-10-18,47661.46875,48129.94921875,47661.46875,48106.12109375,48106.12109375,253865900
2016-10-19,48107.66015625,48572.640625,48006.08984375,48492.609375,48492.609375,186797100
2016-10-20,48479.66015625,48563.62109375,48188.05859375,48274.25,48274.25,133216400
2016-10-21,48273.8515625,48533.94140625,48123.91015625,48418.3984375,48418.3984375,158116200
2016-10-24,48423.19921875,48619.44140625,48299.30078125,48431.25,48431.25,132462100
2016-10-25,48423.0703125,48432.96875,48057.0390625,48093.53125,48093.53125,171587700
2016-10-26,48095.05859375,48122.671875,47726.859375,47805.44140625,47805.44140625,186391500
2016-10-27,47804.62890625,48115.48828125,47770.578125,48114.671875,48114.671875,156791200
2016-10-28,48113.87109375,48371.51171875,47534.05859375,48007.19921875,48007.19921875,416532800
2016-10-31,48002.2109375,48245.1484375,47818.33984375,48009.28125,48009.28125,218268600
2016-11-01,48021.2890625,48157.12890625,47061.8984375,47303.30859375,47303.30859375,244594200
2016-11-03,47286.16015625,47480.66015625,46683.80078125,46683.80078125,46683.80078125,325313500
2016-11-04,46684.3984375,47369.78125,46441.4609375,46694.80859375,46694.80859375,291450100
2016-11-07,46695.01171875,48373.19140625,46695.01171875,48050.25,48050.25,326662300
2016-11-08,48049.75,48672.94140625,48049.75,48470.98828125,48470.98828125,262930600
2016-11-09,48450.37890625,48450.37890625,46354.69140625,47390.66015625,47390.66015625,511336300
2016-11-10,47389.75,48124.51171875,45209.8984375,45224.37890625,45224.37890625,603648700
2016-11-11,45229.1796875,45743.48828125,44737.96875,44978.25,44978.25,465050100
2016-11-14,44995.96875,45956.25,44995.87890625,45306.48046875,45306.48046875,320482300
2016-11-15,45305.96875,46142.19921875,45023.6484375,45023.6484375,45023.6484375,317715500
2016-11-16,45039.078125,45406.2109375,44788.12890625,44901.5703125,44901.5703125,363921900
2016-11-17,44901.671875,45315.109375,44843.55859375,44919.69140625,44919.69140625,251604800
2016-11-18,44921.0390625,44940.890625,43998.98046875,44364.171875,44364.171875,290536200
2016-11-22,44367.05078125,44966.62109375,44367.05078125,44838.76171875,44838.76171875,220572200
2016-11-23,44874.48828125,45197.3203125,44555.80078125,45184.078125,45184.078125,238095600
2016-11-24,45250.3984375,45421.75,45201.5703125,45265.8984375,45265.8984375,43678400
2016-11-25,45268.390625,45509.94140625,45107.328125,45357.8515625,45357.8515625,118200300
2016-11-28,45360.0703125,45514.12890625,45127.7109375,45470.609375,45470.609375,176602800
2016-11-29,45480.96875,45504.7109375,45268.87890625,45372.19140625,45372.19140625,209025300
2016-11-30,45373.53125,45654.53125,45027.0703125,45315.9609375,45315.9609375,617292700
2016-12-01,45314.0390625,45567.44140625,44865.98046875,44884.859375,44884.859375,238173300
2016-12-02,44885.75,45018.28125,44471.83984375,44555.26171875,44555.26171875,208623900
2016-12-05,44555.26171875,45085.28125,44555.26171875,44937.30078125,44937.30078125,245242600
2016-12-06,44938.1015625,45153.05859375,44850.87109375,45103.21875,45103.21875,253429500
2016-12-07,45116.3515625,45644.4296875,45111.859375,45609.8984375,45609.8984375,210228800
2016-12-08,45611.05078125,46365.671875,45532.41015625,46360.23046875,46360.23046875,219310900
2016-12-09,46359.12109375,46955.51171875,46166.7890625,46913.46875,46913.46875,242023400
2016-12-13,46916.19140625,47241.12890625,46370.03125,46870.23828125,46870.23828125,256757500
2016-12-14,46870.640625,46901.53125,45962.66015625,46220.5390625,46220.5390625,246953200
2016-12-15,46220.23828125,46235.1796875,45863.96875,45871.9609375,45871.9609375,200804200
2016-12-16,45871.76953125,45937.109375,45099.73046875,45121.390625,45121.390625,377753600
2016-12-19,45121.19140625,45265.78125,44875.6796875,44895.2890625,44895.2890625,134561800
2016-12-20,44894.69140625,45266.421875,44761.96875,44930.26953125,44930.26953125,194329900
2016-12-21,44936.7890625,45110.80859375,44817.30078125,44983.03125,44983.03125,138917900
2016-12-22,44982.4296875,45041.421875,44568.26953125,45008.078125,45008.078125,130553400
2016-12-23,45016.6484375,45263.23046875,44922.28125,45173.5390625,45173.5390625,62035500
2016-12-26,45219.3515625,45219.3515625,44862.44921875,44989.578125,44989.578125,11005500
2016-12-27,44989.578125,45329.26171875,44938.73828125,45299.671875,45299.671875,88289700
2016-12-28,45301.19921875,45619.83984375,45257.71875,45563.1796875,45563.1796875,85768300
2016-12-29,45564.51953125,46025.6484375,45549.390625,45909.30859375,45909.30859375,95022800
2016-12-30,45910.44140625,45986.2890625,45374.41015625,45642.8984375,45642.8984375,81280000
2017-01-02,45642.80078125,45792.4609375,45593.26171875,45695.1015625,45695.1015625,6765800
2017-01-03,45698.9296875,46444.71875,45690.4609375,46123.359375,46123.359375,164938800
2017-01-04,46123.359375,46587.73828125,46068.828125,46587.73828125,46587.73828125,215385900
2017-01-05,46586.03125,46767.37109375,46285.87890625,46719.98828125,46719.98828125,237288300
2017-01-06,46721.69921875,46731.8984375,46027.1015625,46071.5703125,46071.5703125,201371200
2017-01-09,46072.37890625,46153.03125,45314.578125,45553.51171875,45553.51171875,166659200
2017-01-10,45585.48828125,45924.51171875,45531.0390625,45886.26953125,45886.26953125,214548500
2017-01-11,45886.1796875,46085.78125,45550.1015625,45933.6484375,45933.6484375,171732400
2017-01-12,45935.55078125,46265.1484375,45805.5,46060.98046875,46060.98046875,169284400
2017-01-13,46070.69140625,46438.80078125,46039.78125,46182.4296875,46182.4296875,191700300
2017-01-16,46184.12890625,46229.62890625,45714.58984375,45740.37890625,45740.37890625,31053900
2017-01-17,45721,46159.01171875,45720.671875,46002.55859375,46002.55859375,232426300
2017-01-18,46006.6015625,46390.21875,46006.6015625,46360.62890625,46360.62890625,225709700
2017-01-19,46360.828125,46423.58984375,46059.30859375,46265.26171875,46265.26171875,156992500
2017-01-20,46262.5390625,46396.21875,46021.578125,46331.6015625,46331.6015625,183672000
2017-01-23,46325.0703125,47141,46170.87109375,47116.23828125,47116.23828125,152887800
2017-01-24,47121.1796875,48220.0390625,47118.1484375,48149.609375,48149.609375,312544300
2017-01-25,48152.62890625,48632.51171875,47870.87109375,48275.828125,48275.828125,216645400
2017-01-26,48280.46875,48284.30859375,47372.48046875,47611.44140625,47611.44140625,188538300
2017-01-27,47632.578125,47695.48046875,47192.03125,47421.12109375,47421.12109375,144332700
2017-01-30,47611.44140625,47611.44140625,46761.5,47091.8203125,47091.8203125,157388900
2017-01-31,47131.23046875,47243.0703125,46928.48046875,47001.05859375,47001.05859375,215251100
2017-02-01,47001.96875,47225.23046875,46780.03125,47009.51171875,47009.51171875,170788000
2017-02-02,47019.8515625,47111.78125,46909.30859375,47095.0703125,47095.0703125,205641600
2017-02-03,47097.51171875,47228.6484375,46801.76953125,47225.1015625,47225.1015625,249033100
2017-02-07,47228.0390625,47258.2890625,46614.37890625,46728.94921875,46728.94921875,301439900
2017-02-08,46767.21875,46985.23046875,46639.2109375,46921.7109375,46921.7109375,209949100
2017-02-09,46907.01171875,47461.6015625,46850.08984375,47232.171875,47232.171875,221049300
2017-02-10,47222.94140625,48115.98046875,47123.03125,47797.0390625,47797.0390625,185209300
2017-02-13,47798.37890625,47904.73046875,47391.48046875,47661.69140625,47661.69140625,174042300
2017-02-14,47650.23828125,47687.12890625,47279.4296875,47391.23828125,47391.23828125,176260000
2017-02-15,47392.44140625,47467.140625,47059.6796875,47161.73828125,47161.73828125,191221800
2017-02-16,47165.6796875,47444.26953125,47121.1796875,47293.8515625,47293.8515625,181649900
2017-02-17,47303.05078125,47386.171875,47005.421875,47164.7109375,47164.7109375,134640300
2017-02-20,47159.16015625,47612.2890625,47046.3984375,47083.80859375,47083.80859375,32289600
2017-02-21,47089.12109375,47638.51953125,47089.12109375,47614.98828125,47614.98828125,207680600
2017-02-22,47614.69140625,47654.640625,47194.578125,47195.6796875,47195.6796875,171101300
2017-02-23,47197.19140625,47482.609375,46842.4609375,47206.359375,47206.359375,231075800
2017-02-24,47215.55859375,47215.55859375,46587.9296875,47047.671875,47047.671875,183014900
2017-02-27,47040.94921875,47464.25,46859.5703125,47349.19921875,47349.19921875,181160700
2017-02-28,47352.44921875,47378.08984375,46692.46875,46856.7890625,46856.7890625,252313600
2017-03-01,46853.671875,47564.3515625,46853.671875,47467.94921875,47467.94921875,103945000
2017-03-02,47458.69140625,47513.8984375,46960.25,47288.66015625,47288.66015625,179056300
2017-03-03,47292.30078125,47574.46875,47001.98828125,47414.5703125,47414.5703125,117699900
2017-03-06,47407.2890625,47891.328125,46995.609375,47883.58984375,47883.58984375,144357200
2017-03-07,47883.98828125,47886.23828125,47406.2890625,47419.16015625,47419.16015625,170254200
2017-03-08,47410.19140625,47688.76953125,47298.71875,47539.21875,47539.21875,132044700
2017-03-09,47538.8203125,47563.37109375,47072.5703125,47263.921875,47263.921875,158224100
2017-03-10,47262.91015625,47481.69140625,47026.37109375,47102.30859375,47102.30859375,135301800
2017-03-13,47093.30859375,47288.75,46965.87890625,47101.140625,47101.140625,131668800
2017-03-14,47095.78125,47181.23046875,46597.578125,47087.96875,47087.96875,197609500
2017-03-15,47087.76953125,47583.6015625,46905.53125,47470.30859375,47470.30859375,177679600
2017-03-16,47496,48333.609375,47333.7890625,48056.55859375,48056.55859375,234060900
2017-03-17,48066.8203125,48626.12109375,47924.890625,48593.44140625,48593.44140625,462274100
2017-03-21,48593.640625,49240.08984375,48422.83984375,48589.05078125,48589.05078125,249738100
2017-03-22,48592.26171875,48612.609375,48201.80859375,48487.30078125,48487.30078125,185331900
2017-03-23,48481.1484375,48898.3203125,48437,48676.91015625,48676.91015625,173728800
2017-03-24,48675.19140625,49105.30859375,48595.078125,49083.8515625,49083.8515625,179849100
2017-03-27,49082.890625,49312.98828125,48743.80859375,49312.98828125,49312.98828125,175804400
2017-03-28,49310.76953125,49523.94140625,49194.71875,49339.23828125,49339.23828125,162489000
2017-03-29,49335.80859375,49335.80859375,48941.48046875,49036.51953125,49036.51953125,183677000
2017-03-30,49032.08984375,49068.48046875,48719.62890625,48863.30078125,48863.30078125,141769700
2017-03-31,48863.12890625,48925.44140625,48541.55859375,48541.55859375,48541.55859375,242628600
2017-04-03,48549.23046875,49008.80859375,48461.26953125,48819.0703125,48819.0703125,109546900
2017-04-04,48799.08984375,49342.80078125,48791.4296875,49342.76953125,49342.76953125,188628300
2017-04-05,49339.23828125,49560.8984375,49118.2109375,49207.609375,49207.609375,214897000
2017-04-06,49207.76953125,49313.73046875,48838.8515625,49012.421875,49012.421875,132479200
2017-04-07,49012.21875,49393.25,48887.078125,49343.640625,49343.640625,116844000
2017-04-10,49339.6484375,49590.8515625,49163.30859375,49540.26171875,49540.26171875,81926600
2017-04-11,49540.76171875,49753.5703125,49102.80078125,49637.9296875,49637.9296875,112015500
2017-04-12,49607.2890625,49661.078125,48871.890625,48955.8203125,48955.8203125,126062800
2017-04-17,48969.0390625,49222.9609375,48844.01171875,49011.55859375,49011.55859375,112262300
2017-04-18,49010.21875,49012.58984375,48335.98046875,48762.53125,48762.53125,121096300
2017-04-19,48765.55078125,48975.44140625,48727.6796875,48873.83984375,48873.83984375,163694400
2017-04-20,48882.26953125,49145.91015625,48741.05078125,49144.9609375,49144.9609375,166674700
2017-04-21,49131.73828125,49131.73828125,48727.73828125,48967.828125,48967.828125,106781600
2017-04-24,48969.69140625,49504.58984375,48969.69140625,49413.26171875,49413.26171875,123272600
2017-04-25,49411.33984375,49821.46875,49411.33984375,49808.05078125,49808.05078125,226004300
2017-04-26,49807.8515625,50147.0390625,49130.5,49565.16015625,49565.16015625,246934400
2017-04-27,49552.3203125,49649.46875,49184.12109375,49440.9609375,49440.9609375,235220900
2017-04-28,49444.98046875,49478.26171875,49151.8984375,49261.328125,49261.328125,136204200
2017-05-02,49260.12109375,49646.609375,49220.76953125,49588.83984375,49588.83984375,182421900
2017-05-03,49540.30078125,49757.9609375,49070.30859375,49099.98046875,49099.98046875,146088900
2017-05-04,49098.05859375,49312.0703125,48867.37109375,48998.109375,48998.109375,157693300
2017-05-05,48994.6796875,49485.73828125,48963.87890625,49485.671875,49485.671875,150140300
2017-05-08,49491.421875,49582.48828125,49346.08984375,49505.859375,49505.859375,108643700
2017-05-09,49503.0390625,50026.55859375,49503.0390625,49939.46875,49939.46875,163963400
2017-05-10,49941.48828125,50154.328125,49850.1015625,49930.5390625,49930.5390625,177816000
2017-05-11,49930.73046875,49937.0703125,49458.05859375,49530.53125,49530.53125,183473200
2017-05-12,49531.87109375,49566.94921875,49228.5390625,49426.078125,49426.078125,156644800
2017-05-15,49433.94921875,49733.5,49338.73046875,49678.9609375,49678.9609375,161443500
2017-05-16,49680.1015625,49817.30859375,49404.62890625,49459.62109375,49459.62109375,224573600
2017-05-17,49457.8984375,49460.96875,48731.5390625,48747.94921875,48747.94921875,210945200
2017-05-18,48759.26171875,48759.26171875,48146,48322.23828125,48322.23828125,182504900
2017-05-19,48322.23828125,49172.6484375,48274.62109375,49067.46875,49067.46875,201004300
2017-05-22,49056.73046875,49415.890625,48793.23828125,48943.4609375,48943.4609375,160767200
2017-05-23,48945.98046875,49119.8984375,48771.76953125,49042.51953125,49042.51953125,141986200
2017-05-24,49045.140625,49581.98828125,49045.140625,49494.3984375,49494.3984375,153607000
2017-05-25,49502.26171875,49696.98828125,49319.91015625,49410.921875,49410.921875,132232600
2017-05-26,49411.73046875,49741.80859375,49195.26953125,49688.26953125,49688.26953125,136585500
2017-05-29,49676.03125,49701.28125,49332.55078125,49450.48046875,49450.48046875,29819000
2017-05-30,49452.19921875,49634.109375,49089.08984375,49277.94921875,49277.94921875,100187200
2017-05-31,49275.62890625,49423.41015625,48749.9609375,48788.44140625,48788.44140625,326841000
2017-06-01,48795.890625,49224.4609375,48774.91015625,49101.640625,49101.640625,153846600
2017-06-02,49100.8203125,49323.71875,48979.58984375,49317.37890625,49317.37890625,124812800
2017-06-05,49244.26953125,49627.76171875,49120.671875,49592.48828125,49592.48828125,127704500
2017-06-06,49566.328125,49566.328125,49177.5390625,49218.62109375,49218.62109375,136711500
2017-06-07,49194.21875,49352.78125,49030.23828125,49274.96875,49274.96875,164520000
2017-06-08,49302.66015625,49327.41015625,49018.9609375,49087.4609375,49087.4609375,144318700
2017-06-09,49046.859375,49277.3203125,48993.26171875,49081.73046875,49081.73046875,151815100
2017-06-12,49073.66015625,49241.30078125,48952.75,49128.76171875,49128.76171875,133197100
2017-06-13,49183.46875,49203.359375,48978.171875,49026.828125,49026.828125,131764600
2017-06-14,49121.19921875,49378.69140625,49022.5390625,49291.03125,49291.03125,164855600
2017-06-15,49233.2109375,49233.8515625,48861.25,49139.69921875,49139.69921875,133082700
2017-06-16,49134.1015625,49348.76953125,48870.1015625,49221.03125,49221.03125,593987200
2017-06-19,49231.609375,49473.671875,48935.1484375,49169.5703125,49169.5703125,191879900
2017-06-20,49209.62109375,49226.76171875,48937.66015625,49033.05078125,49033.05078125,143138700
2017-06-21,48958.7109375,49203.640625,48895.359375,48983.44921875,48983.44921875,166623100
2017-06-22,48933.078125,49053,48827.55859375,49017.4296875,49017.4296875,103695200
2017-06-23,48938.37890625,49139.05859375,48873.8515625,48980.78125,48980.78125,143601700
2017-06-26,48806.0390625,49267.6796875,48770.98046875,49165.671875,49165.671875,131662800
2017-06-27,49179.01171875,49207.87109375,48944.08984375,49087.73828125,49087.73828125,145364500
2017-06-28,49129.55859375,49391.37890625,49067.78125,49340.109375,49340.109375,137700100
2017-06-29,49380.5,49428.55078125,49001.78125,49198.12109375,49198.12109375,120393200
2017-06-30,49255.078125,49901.51171875,49204.76171875,49857.48828125,49857.48828125,155618300
2017-07-03,49831.53125,50312.01953125,49790.53125,50109.16015625,50109.16015625,0
2017-07-04,49999.0703125,50236.44140625,49925.30859375,50041.578125,50041.578125,34976100
2017-07-05,50065.51953125,50339.62890625,50022.1484375,50300.80859375,50300.80859375,145164100
2017-07-06,50268.94921875,50274.91015625,49884.1796875,50015.671875,50015.671875,172669200
2017-07-07,50042.53125,50141.1796875,49696.96875,50059.01953125,50059.01953125,146952700
2017-07-10,50058.69921875,50661.75,49975.73046875,50616.80859375,50616.80859375,240466000
2017-07-11,50545.51171875,50869.1015625,50344.78125,50510.23046875,50510.23046875,235508600
2017-07-12,50847.94921875,51103.8515625,50440.69921875,50809.76953125,50809.76953125,305419100
2017-07-13,50820.8515625,51014.140625,50704.19921875,50968.76171875,50968.76171875,251189500
2017-07-14,50966.87109375,51298.1015625,50824.12890625,51162.23046875,51162.23046875,152130500
2017-07-17,51141.62890625,51364.19140625,50950.62109375,51332.2890625,51332.2890625,133054500
2017-07-18,51228.359375,51230.69921875,50990.671875,51099.7109375,51099.7109375,151362300
2017-07-19,51172.91015625,51363.98828125,50890.25,51086.9296875,51086.9296875,167862000
2017-07-20,51163.2109375,51264.51171875,51082.6796875,51144.140625,51144.140625,100472900
2017-07-21,51180.0390625,51641.37890625,51165.609375,51564.62109375,51564.62109375,149084000
2017-07-24,51526.390625,51743.62109375,51205.5390625,51665.6484375,51665.6484375,125005500
2017-07-25,51590.48046875,51772.37109375,51524.23046875,51713.37890625,51713.37890625,143946000
2017-07-26,51537.30078125,51765.94140625,51476.44921875,51600.26171875,51600.26171875,192256600
2017-07-27,51545.921875,51660.78125,51172.83984375,51257.359375,51257.359375,153929200
2017-07-28,51228.421875,51320.51171875,50895.5390625,51213.6015625,51213.6015625,165951000
2017-07-31,51219.578125,51335.98828125,50926.12890625,51011.87109375,51011.87109375,213736100
2017-08-01,51282.19140625,51432.76953125,51141.26953125,51195.01171875,51195.01171875,629598700
2017-08-02,51153.859375,51484.76953125,51105.46875,51200.12890625,51200.12890625,179747000
2017-08-03,51198.140625,51343.28125,51088.96875,51293.0703125,51293.0703125,175285500
2017-08-04,51240.671875,51415.609375,51181.7109375,51328.2890625,51328.2890625,155322100
2017-08-07,51300.21875,51572.55078125,51300.21875,51389.26953125,51389.26953125,133153500
2017-08-08,51331.7890625,51722.05859375,51305.76953125,51328.76171875,51328.76171875,146993500
2017-08-09,51263.01171875,51395.0390625,51081.05859375,51237.5,51237.5,125019700
2017-08-10,51235.26953125,51248.01171875,50618.23046875,50906.83984375,50906.83984375,179396000
2017-08-11,50895.921875,50912.76171875,50605.87890625,50645.1015625,50645.1015625,199106900
2017-08-14,50680.4296875,51231.328125,50680.4296875,51167.46875,51167.46875,139978700
2017-08-15,51225.5390625,51362.078125,51151.87109375,51339.2890625,51339.2890625,134147000
2017-08-16,51331.8984375,51431.91015625,50983.44140625,51156.671875,51156.671875,198658100
2017-08-17,51176.66015625,51203.359375,50889.5,50994.1796875,50994.1796875,136171100
2017-08-18,50930.5,51254.2890625,50836.421875,51075.4609375,51075.4609375,135822600
2017-08-21,51131.55078125,51277.6796875,50985.51171875,51241.109375,51241.109375,109529300
2017-08-22,51194.23828125,51448.640625,51194.23828125,51332.98046875,51332.98046875,152329200
2017-08-23,51276.140625,51332.44140625,51160.921875,51280.171875,51280.171875,138524100
2017-08-24,51205.23828125,51558.55859375,51205.23828125,51470.05859375,51470.05859375,180319600
2017-08-25,51521.1796875,51620.83984375,51331.44140625,51373.23046875,51373.23046875,128086300
2017-08-28,51429.62109375,51588.71875,51025.19921875,51266.71875,51266.71875,122653200
2017-08-29,51200.62109375,51345.8984375,51054.5703125,51313.66015625,51313.66015625,141063100
2017-08-30,51312.8984375,51350.078125,51003.9296875,51193.51953125,51193.51953125,199725700
2017-08-31,51155.58984375,51232.48828125,51034.26953125,51210.48046875,51210.48046875,224059000
2017-09-01,51271.3203125,51370.8203125,51001.30078125,51080.8515625,51080.8515625,118139900
2017-09-04,51015.91015625,51041.890625,50771.578125,50825.76953125,50825.76953125,16093200
2017-09-05,50947.671875,50969.73828125,50257.73828125,50301.390625,50301.390625,149343800
2017-09-06,50341.859375,50664.66015625,50232.91015625,50515.6015625,50515.6015625,177044400
2017-09-07,50533.5390625,50700.96875,50094.94921875,50249.12109375,50249.12109375,149093400
2017-09-08,50192.73046875,50308.5390625,49865.7890625,50083.80078125,50083.80078125,133848000
2017-09-11,50135.921875,50443.46875,50133.5390625,50359.3203125,50359.3203125,127838400
2017-09-12,50385.80078125,50699.5,50385.5,50480.9609375,50480.9609375,140528800
2017-09-13,50519.9296875,50542.44921875,50121.640625,50164.87890625,50164.87890625,194843900
2017-09-14,50094.8984375,50225.12109375,50017.37109375,50107.859375,50107.859375,150641300
2017-09-15,50058.62109375,50134.44140625,49779.08984375,49921.83984375,49921.83984375,499430300
2017-09-18,49953.140625,50326.55859375,49953.140625,50258.421875,50258.421875,144074900
2017-09-19,50327.3203125,50364.828125,50117.7109375,50265.4609375,50265.4609375,99938300
2017-09-20,50312.7890625,50430.37890625,50173.51953125,50363.94921875,50363.94921875,116644300
2017-09-21,50385.33984375,50636.328125,50156.76171875,50545.75,50545.75,134819900
2017-09-22,50487.9296875,50541.5,50282.19140625,50313.51171875,50313.51171875,93499900
2017-09-25,50302.12890625,50436.0703125,50161.2890625,50368.171875,50368.171875,120287900
2017-09-26,50462.578125,50472.37890625,50261.26953125,50359.46875,50359.46875,155382100
2017-09-27,50336.3203125,50549.7890625,49778.80078125,50169.12890625,50169.12890625,167806500
2017-09-28,50063.828125,50228.12890625,49920.2109375,50137,50137,155395900
2017-09-29,50064.8203125,50605.6015625,50064.8203125,50346.05859375,50346.05859375,149603900
2017-10-02,50499.171875,50629.16015625,50350.87109375,50501.16015625,50501.16015625,123720100
2017-10-03,50593.5390625,50741.48828125,50453.76171875,50615.2890625,50615.2890625,123088100
2017-10-04,50653.53125,50750.30078125,50511.0390625,50565.2890625,50565.2890625,114875900
2017-10-05,50631.359375,50909.48046875,50425.08984375,50480.921875,50480.921875,144114000
2017-10-06,50513.171875,50616.6484375,50257.55078125,50302.9609375,50302.9609375,129524300
2017-10-09,50584.26953125,50584.26953125,49980.51171875,50071.94140625,50071.94140625,132773400
2017-10-10,50141.12109375,50230.44140625,49888.3984375,49982.94140625,49982.94140625,175413500
2017-10-11,50011.5,50257.6484375,49904.87890625,50139.6796875,50139.6796875,207912300
2017-10-12,50148.62109375,50306.078125,49858.26171875,49962.7890625,49962.7890625,216997100
2017-10-13,50040.3984375,50224.98046875,49914.9609375,49981.94140625,49981.94140625,212377900
2017-10-16,50029.8203125,50230.0390625,49673.21875,49721.01171875,49721.01171875,198365500
2017-10-17,49760.7890625,50208.421875,49544.890625,50140.51953125,50140.51953125,301873400
2017-10-18,50112.5,50135.8203125,49887.1796875,49938.98046875,49938.98046875,194501600
2017-10-19,49914.1484375,50057.01171875,49760.76171875,50000.25,50000.25,157806100
2017-10-20,50207.87109375,50582.62109375,49896.62890625,49988.7109375,49988.7109375,233690000
2017-10-23,50033.55078125,50109.7109375,49509.55859375,49548.12890625,49548.12890625,144763200
2017-10-24,49612.8515625,50194.73828125,49612.8515625,50157.21875,50157.21875,186209300
2017-10-25,50166.46875,50166.46875,48804.03125,48876.4609375,48876.4609375,278608900
2017-10-26,49004.30078125,49388.76171875,48954.30078125,48986.83984375,48986.83984375,229442800
2017-10-27,49011.640625,49327.3203125,48829.73828125,49209.578125,49209.578125,208165100
2017-10-30,49250.7890625,49252.55078125,48779.0390625,48855.26953125,48855.26953125,119903600
2017-10-31,48929.26171875,48958.83984375,48579.6796875,48625.53125,48625.53125,164308100
2017-11-01,48700.16015625,48829.828125,48261.078125,48334.44921875,48334.44921875,193082500
2017-11-03,48334.87109375,48584.21875,47824.96875,48534.83984375,48534.83984375,222776400
2017-11-06,48623.41015625,49061.4296875,48281.12109375,48967.01171875,48967.01171875,218478100
2017-11-07,48946.12890625,49276.46875,48879.48828125,49004.51953125,49004.51953125,202635000
2017-11-08,49001.94140625,49058.83984375,48806.55859375,48835.69140625,48835.69140625,119182000
2017-11-09,48731.87890625,48927.44921875,48633.76953125,48713.51171875,48713.51171875,178080300
2017-11-10,48659.328125,48717.359375,47972.7890625,48028.30078125,48028.30078125,201937200
2017-11-13,48013.1015625,48103.078125,47662.37890625,48002.4296875,48002.4296875,236423700
2017-11-14,47999.609375,48044.6015625,47659.140625,47873.6484375,47873.6484375,157546600
2017-11-15,47853.828125,47958.12109375,47471.12890625,47690.80078125,47690.80078125,167190500
2017-11-16,47736.58984375,48025.859375,47711.51953125,47747.69140625,47747.69140625,140725300
2017-11-17,47780.359375,48107.71875,47597.76953125,47857.140625,47857.140625,145768900
2017-11-21,47831.62109375,48258.828125,47750.73046875,48185.7109375,48185.7109375,189565500
2017-11-22,48263.12890625,48453.19140625,47933.19140625,48196.890625,48196.890625,174291000
2017-11-23,48208.921875,48246.94140625,48036.390625,48136.23828125,48136.23828125,23136100
2017-11-24,48199.8203125,48210.9609375,47662.33984375,47941.87890625,47941.87890625,63562100
2017-11-27,47874.69921875,47887.12109375,47221.46875,47275.3203125,47275.3203125,166142700
2017-11-28,47312.30859375,47494.19921875,47108.76953125,47229.16015625,47229.16015625,191636500
2017-11-29,47298.30859375,47681.890625,46960.890625,47622.9296875,47622.9296875,208686500
2017-11-30,47618.328125,47639.87890625,47003.0703125,47092.44140625,47092.44140625,361497100
2017-12-01,47098.359375,47401.51171875,46936.6015625,47265.30859375,47265.30859375,181459100
2017-12-04,47289.46875,47514.91015625,46993.75,47161.3203125,47161.3203125,144122800
2017-12-05,47228.1015625,47525.640625,47014.109375,47462.7890625,47462.7890625,128582500
2017-12-06,47465.41015625,47465.41015625,46933.2890625,46973.30078125,46973.30078125,190466400
2017-12-07,47016.28125,47276.87109375,46949.80078125,46987.01171875,46987.01171875,194477400
2017-12-08,47012.03125,47632.9609375,47012.03125,47572.859375,47572.859375,174013700
2017-12-11,47407.73046875,47843.55078125,47407.73046875,47699.0390625,47699.0390625,136680600
2017-12-13,47831.578125,48316.96875,47826.1484375,48276.71875,48276.71875,324446200
2017-12-14,48297.30078125,48537.01953125,48091.3984375,48222.37890625,48222.37890625,291390000
2017-12-15,48244.5,48360.421875,47930.80859375,48081.55078125,48081.55078125,465940300
2017-12-18,48082.8203125,48733.578125,48071.01953125,48634.5390625,48634.5390625,251441800
2017-12-19,48636.51953125,48792.23828125,48368.8984375,48403.03125,48403.03125,227430800
2017-12-20,48449.23828125,48536.73046875,48191.28125,48390.390625,48390.390625,181091900
2017-12-21,48418.08984375,48767.23828125,48402.3203125,48503.30859375,48503.30859375,128519800
2017-12-22,48429.96875,48590.5703125,48232.83984375,48387.9296875,48387.9296875,100387900
2017-12-26,48473.30859375,48801.28125,48198.171875,48451.328125,48451.328125,67864400
2017-12-27,48470.87109375,48810.87109375,48425.7109375,48652.55859375,48652.55859375,66501800
2017-12-28,48659.4296875,48999.5,48640.109375,48861.94140625,48861.94140625,65258400
2017-12-29,48880.390625,49388.98046875,48874.16015625,49354.421875,49354.421875,85909000
2018-01-02,49376.26171875,50083.01953125,49328.6015625,50033.94921875,50033.94921875,103387800
2018-01-03,50093.30859375,50093.30859375,49735.91015625,49782.23046875,49782.23046875,140912700
2018-01-04,49800.359375,50128.46875,49704.25,49744.62109375,49744.62109375,177259000
2018-01-05,49929.51953125,50079.03125,49712.5390625,49887.73828125,49887.73828125,151467900
2018-01-08,49916.5703125,50233.62109375,49891.0703125,49995.5703125,49995.5703125,145968200
2018-01-09,50002.03125,50162.75,49543.2109375,49701.37109375,49701.37109375,203050800
2018-01-10,49666.23046875,49741.01953125,48722.26953125,48785.25,48785.25,173520200
2018-01-11,48840.16015625,49026.05078125,48408.75,48799.390625,48799.390625,197594600
2018-01-12,48764.91015625,49429.03125,48521.609375,49135.91015625,49135.91015625,170141300
2018-01-15,49183.58984375,49455.30859375,49121.8515625,49387.28125,49387.28125,26871200
2018-01-16,49292.37890625,49612.21875,49290.12109375,49491.71875,49491.71875,156009100
2018-01-17,49499.23046875,49804.9609375,49450.8515625,49732.30078125,49732.30078125,164355000
2018-01-18,49681.1796875,49958.328125,49620.16015625,49911.96875,49911.96875,128052800
2018-01-19,49883.640625,49987.73046875,49660.01171875,49695.55859375,49695.55859375,165177900
2018-01-22,49711.51171875,50034.5,49709.19921875,49974.48046875,49974.48046875,155881700
2018-01-23,50030.55859375,50306.87890625,49884.91015625,50260.25,50260.25,164040100
2018-01-24,50178.1796875,50879.609375,50145.41015625,50746.9296875,50746.9296875,203081600
2018-01-25,50821.828125,51100.03125,50625.55859375,50777.8984375,50777.8984375,211170500
2018-01-26,50772.37109375,51107.51171875,50340.12890625,51065.48828125,51065.48828125,201663100
2018-01-29,51081.46875,51121.23046875,50520.28125,50636.3203125,50636.3203125,153099700
2018-01-30,50461.5390625,50556.41015625,49928.62109375,50382.859375,50382.859375,131191800
2018-01-31,50385.94921875,50566.66015625,50127.01171875,50456.171875,50456.171875,193869800
2018-02-01,50425.83984375,50926.9609375,50420.76171875,50591.1484375,50591.1484375,173045000
2018-02-02,50388,50513.30859375,49900.46875,50395.828125,50395.828125,137153500
2018-02-06,49023.328125,49709.921875,48681.9609375,49304.94140625,49304.94140625,241970300
2018-02-07,49247.640625,49504.98046875,48853.69140625,48976.44921875,48976.44921875,185614500
2018-02-08,49054.75,49054.75,47726.12890625,47862.1015625,47862.1015625,253048900
2018-02-09,47998.80078125,48139.8515625,46985.80859375,47799.08984375,47799.08984375,181847500
2018-02-12,47950.62890625,48234.73828125,47504.6015625,47830.48828125,47830.48828125,136157700
2018-02-13,47892.46875,47995.859375,47675.48046875,47926.73046875,47926.73046875,132844000
2018-02-14,47871.58984375,48560.26171875,47758.9609375,48400.75,48400.75,151998500
2018-02-15,48547.8515625,48984.21875,48378.01953125,48808.390625,48808.390625,190985100
2018-02-16,48831.25,49378.25,48621.12109375,48882.78125,48882.78125,131791700
2018-02-19,48886.96875,49198.140625,48820.53125,48928.48046875,48928.48046875,16629600
2018-02-20,48913.12109375,48955.16015625,48492.19140625,48685.19140625,48685.19140625,140908500
2018-02-21,48749.05078125,48930.69921875,48431.96875,48535.58984375,48535.58984375,148051100
2018-02-22,48552.2890625,49086.62890625,48538.8984375,48969.640625,48969.640625,174797900
2018-02-23,49176.30859375,49176.30859375,48488.1796875,48643.4296875,48643.4296875,118771200
2018-02-26,48662.2890625,48713.98828125,48240.3203125,48463.44140625,48463.44140625,142142400
2018-02-27,48481.8984375,48532.55078125,47886.359375,47970.19140625,47970.19140625,162311300
2018-02-28,48055.390625,48062.12890625,47231.7890625,47437.9296875,47437.9296875,268429100
2018-03-01,47470.671875,47800.55859375,47157.109375,47599.421875,47599.421875,180647800
2018-03-02,47513.44140625,47683.48828125,47034.8203125,47548.1015625,47548.1015625,135948400
2018-03-05,47628.80859375,47827.3984375,47217.98046875,47720.91015625,47720.91015625,148487500
2018-03-06,47825.46875,48233.3515625,47617.75,47884.62890625,47884.62890625,170956000
2018-03-07,47815.69921875,47831.921875,47529.76953125,47662.12109375,47662.12109375,167836000
2018-03-08,47710.2109375,48285.76953125,47696.3203125,48240,48240,161788800
2018-03-09,48242.62109375,48809.3203125,48208.75,48556.44921875,48556.44921875,157745200
2018-03-12,48592.8515625,48983.9296875,48521.98046875,48671.2890625,48671.2890625,155969600
2018-03-13,48652.98828125,48896.671875,48471.26171875,48557.01171875,48557.01171875,181292600
2018-03-14,48572.48828125,48608.30078125,48096.80859375,48156.44140625,48156.44140625,130466800
2018-03-15,48107.859375,48508.26171875,47778.921875,47817.05078125,47817.05078125,144253200
2018-03-16,47833.390625,47920.37890625,47365.19921875,47477.578125,47477.578125,626242600
2018-03-20,47342.37890625,47360.51171875,46987.30859375,47076.51171875,47076.51171875,204182100
2018-03-21,47078.859375,47606.37890625,46896.78125,47521.83984375,47521.83984375,243628900
2018-03-22,47457.9296875,47566.48828125,47152.4609375,47361.0390625,47361.0390625,174611400
2018-03-23,47510.58984375,47638.5,46450.6796875,46515.9296875,46515.9296875,219398300
2018-03-26,46621.05078125,46938.9296875,45895.1015625,46858.4609375,46858.4609375,147884800
2018-03-27,46876.46875,47045.19140625,46727.21875,46793.578125,46793.578125,136838600
2018-03-28,46860.83984375,46876.609375,46041.390625,46124.8515625,46124.8515625,222370200
2018-04-02,46124.8515625,46589.62890625,45785.41015625,45826.640625,45826.640625,123635900
2018-04-03,45940.640625,46753.390625,45868.0390625,46684.05859375,46684.05859375,179119300
2018-04-04,46541.1015625,47521.73046875,46320.05078125,47457.4609375,47457.4609375,204725400
2018-04-05,47438.26171875,48172.94140625,47418.44921875,47951.75,47951.75,171675100
2018-04-06,47863.6015625,48091.19921875,47655.4296875,47926.109375,47926.109375,141523700
2018-04-09,48008.8984375,48307.359375,48000.921875,48058.9609375,48058.9609375,163936300
2018-04-10,48099.87890625,48490.7890625,48099.328125,48331.51171875,48331.51171875,197041800
2018-04-11,48253.83984375,48571.41015625,48186.51953125,48532.140625,48532.140625,158662900
2018-04-12,48550.01171875,48828.05078125,48335.53125,48782.55859375,48782.55859375,153658600
2018-04-13,48817.171875,48828.8984375,48560.26171875,48768.30078125,48768.30078125,135504800
2018-04-16,48750.48828125,48840.3515625,48378.3515625,48434.390625,48434.390625,135388400
2018-04-17,48420.51171875,48965.94140625,48340.0390625,48933.609375,48933.609375,191182900
2018-04-18,49032.921875,49187.55859375,48964.328125,49090.73828125,49090.73828125,185636800
2018-04-19,48881.6796875,49193.05078125,48574.25,48745.28125,48745.28125,186815800
2018-04-20,48815.328125,48958.390625,48209.5390625,48431.578125,48431.578125,145440100
2018-04-23,48366.078125,48995.80078125,48350.3984375,48442.21875,48442.21875,154739600
2018-04-24,48458.51953125,48597.30859375,47915.94140625,48046.80078125,48046.80078125,138630000
2018-04-25,48028.859375,48252.921875,47884.640625,48058.2109375,48058.2109375,148755800
2018-04-26,48012.6796875,48407.8203125,47907.55078125,48297.7109375,48297.7109375,199167500
2018-04-27,48222.0390625,48466.01171875,48140.55859375,48284.609375,48284.609375,181149200
2018-04-30,48275.640625,48504.44140625,48236.6484375,48358.16015625,48358.16015625,158828400
2018-05-02,48318.03125,48496.08984375,47781.0390625,47809.98046875,47809.98046875,224921700
2018-05-03,47833.23828125,47833.23828125,47030.859375,47094.12890625,47094.12890625,227437900
2018-05-04,47090.76171875,47164.87109375,46741.71875,46992.171875,46992.171875,143106300
2018-05-07,47013.55078125,47078.9296875,46424.26171875,46474.69921875,46474.69921875,130076500
2018-05-08,46458,46747.8203125,46311.48828125,46719.51171875,46719.51171875,151576700
2018-05-09,46747.828125,46815.26171875,46162.23046875,46294.4296875,46294.4296875,149268500
2018-05-10,46280.05078125,46931.48828125,46280.05078125,46551.55078125,46551.55078125,162391500
2018-05-11,46634.69921875,46876.9609375,46255.19140625,46728.921875,46728.921875,112927100
2018-05-14,46724.69140625,46842.51953125,46488.71875,46519.2890625,46519.2890625,147800800
2018-05-15,46463.859375,46537.51953125,45959.12109375,46258.9609375,46258.9609375,209492200
2018-05-16,46267.01953125,46507.2109375,46197.3203125,46419.76953125,46419.76953125,130694200
2018-05-17,46422.3515625,46433.140625,45746.8984375,45787.8984375,45787.8984375,141663500
2018-05-18,45731.62890625,45810.87890625,45364.91015625,45666.76953125,45666.76953125,261968200
2018-05-21,45707.30859375,45999.58984375,45289.41015625,45305.01953125,45305.01953125,139278500
2018-05-22,45384.83984375,45640.2890625,45104.80859375,45600.87109375,45600.87109375,145395600
2018-05-23,45530.26953125,45985.828125,45226.5703125,45776.69140625,45776.69140625,137643600
2018-05-24,45743.1484375,45799.05078125,45363.98046875,45433.08984375,45433.08984375,113011500
2018-05-25,45503.4609375,45775.078125,45055.921875,45091.98828125,45091.98828125,154111900
2018-05-28,45071.1484375,45322.48828125,44795.359375,44851.05078125,44851.05078125,33191800
2018-05-29,44866.19921875,45157.1484375,44582.94140625,44647.37109375,44647.37109375,169415800
2018-05-30,44635.28125,44956.37890625,44436.140625,44715.87890625,44715.87890625,195730500
2018-05-31,44666.91015625,44843.41015625,44429.359375,44662.55078125,44662.55078125,696609200
2018-06-01,44692.7890625,45155.62109375,44531.80078125,45013.12109375,45013.12109375,115933300
2018-06-04,45024.9609375,45344.16015625,45016.3203125,45243.98046875,45243.98046875,136759300
2018-06-05,45206.78125,45555.51953125,45073.7109375,45130.69921875,45130.69921875,174165900
2018-06-06,45192.48828125,45295.98046875,45115.5390625,45181.8203125,45181.8203125,132366900
2018-06-07,45095.44921875,45508.44140625,44977.828125,45476.5703125,45476.5703125,155293500
2018-06-08,45479.94921875,45990.1484375,45281.078125,45939.5390625,45939.5390625,110956600
2018-06-11,45903.890625,46402.41015625,45888.23828125,46301.140625,46301.140625,159921600
2018-06-12,46385.890625,46838.25,46274.19921875,46660.75,46660.75,157456500
2018-06-13,46579.73046875,47170.578125,46579.73046875,46760.578125,46760.578125,185514000
2018-06-14,46620.44921875,47282.8515625,46601.3515625,47197.23828125,47197.23828125,195121600
2018-06-15,47139.26953125,47202.359375,46584.44921875,46938.8203125,46938.8203125,611452000
2018-06-18,46917.48046875,46917.48046875,46267.75,46660.87109375,46660.87109375,123654900
2018-06-19,46389.41015625,46601.4609375,46238.76953125,46488.37890625,46488.37890625,149355700
2018-06-20,46518.2890625,46883.8515625,46515.87109375,46759.41015625,46759.41015625,164021300
2018-06-21,46627.76171875,46753.19140625,46419.390625,46456.91015625,46456.91015625,157877500
2018-06-22,46472.62890625,46777.66015625,46285.0390625,46737.640625,46737.640625,126571900
2018-06-25,46832.58984375,47059.921875,46501.23828125,46747.8515625,46747.8515625,143640500
2018-06-26,46818.8984375,46961.46875,46569.01171875,46908.94140625,46908.94140625,145397600
2018-06-27,46874.3515625,47026.359375,46690.390625,46874.4296875,46874.4296875,155250800
2018-06-28,46849.80078125,47250.55078125,46649.9296875,47031.26953125,47031.26953125,164828300
2018-06-29,47025.69921875,47705.5703125,47021.7109375,47663.19921875,47663.19921875,186005000
2018-07-02,47684.4296875,47695.640625,46566.2890625,46653.51953125,46653.51953125,130376900
2018-07-03,46732.80859375,47248.73046875,46652.8203125,47053.890625,47053.890625,123660200
2018-07-04,46904.83984375,47384.7109375,46877.328125,47318.51953125,47318.51953125,27786300
2018-07-05,47319.7109375,48617.25,47008,48562.6484375,48562.6484375,195996000
2018-07-06,48539.5703125,49277.7890625,48398.05859375,48981.41015625,48981.41015625,186006200
2018-07-09,49036.5703125,49477.30859375,48848.96875,49235.80859375,49235.80859375,110589400
2018-07-10,49277.01171875,49427.53125,48747.328125,48990.921875,48990.921875,199193400
2018-07-11,48890.48828125,49058.25,48689.109375,49025.1484375,49025.1484375,153113200
2018-07-12,49081.37890625,49081.37890625,48663.62890625,48696.30078125,48696.30078125,167303600
2018-07-13,48692.859375,48700.76953125,48327.3203125,48406.01171875,48406.01171875,157090100
2018-07-16,48187.578125,48555.26171875,48052.87890625,48454.2109375,48454.2109375,104742500
2018-07-17,48459.23828125,48744.671875,48264.8515625,48704.62890625,48704.62890625,136881700
2018-07-18,48710.8984375,49119.671875,48659.7890625,49002.76953125,49002.76953125,119118000
2018-07-19,48893.12109375,49028.48828125,48607.5390625,48747.7890625,48747.7890625,125988900
2018-07-20,48826.1015625,48945.98828125,48397.25,48908.23828125,48908.23828125,133637800
2018-07-23,48909.48828125,49023.7109375,48691.25,48850.9296875,48850.9296875,93642900
2018-07-24,48905.01171875,49576.87890625,48896.53125,49462.76953125,49462.76953125,160356400
2018-07-25,49621.80859375,49993.69140625,49305.25,49603.6484375,49603.6484375,152352300
2018-07-26,49637.30078125,50037.44140625,49322.87109375,49438.23828125,49438.23828125,209954900
2018-07-27,49475.5703125,49825.37109375,49281.828125,49643.94140625,49643.94140625,145631700
2018-07-30,49635.8515625,49954.859375,49542.91015625,49705.28125,49705.28125,141630900
2018-07-31,49732.23828125,50080.80078125,49582.4609375,49698.01171875,49698.01171875,162236700
2018-08-01,49742.05859375,49786.71875,49394.66015625,49449.44140625,49449.44140625,118712500
2018-08-02,49364.140625,49364.140625,48880.2109375,49056.0390625,49056.0390625,116198200
2018-08-03,49237.26953125,49439.7109375,49183.73828125,49302.5703125,49302.5703125,139429600
2018-08-06,49373.6484375,49403.58984375,49072.4296875,49320.2109375,49320.2109375,75684900
2018-08-07,49411.37890625,50071.98828125,49411.37890625,49963.87109375,49963.87109375,167824600
2018-08-08,49979.44921875,49987.171875,49670.48828125,49894.55859375,49894.55859375,107393100
2018-08-09,49931.51953125,49957,49218.8515625,49244.3984375,49244.3984375,126922900
2018-08-10,49193.3515625,49240.19140625,48109.0390625,48383.58984375,48383.58984375,178191700
2018-08-13,48383.73046875,48902.12890625,48365.05078125,48767.01953125,48767.01953125,96122300
2018-08-14,48815.7109375,49267.671875,48789.859375,49096.12890625,49096.12890625,131514600
2018-08-15,49033.171875,49054.23828125,48468.53125,48556.69140625,48556.69140625,112472600
2018-08-16,48666.80078125,48681.69140625,47970.0703125,48059.05859375,48059.05859375,142089600
2018-08-17,48065.21875,48308.98046875,47879.078125,48264.62890625,48264.62890625,128370700
2018-08-20,48277.94140625,48875.3984375,48245.83984375,48785.48046875,48785.48046875,77718200
2018-08-21,48791.83984375,49430.03125,48731.37890625,49344.05078125,49344.05078125,138129900
2018-08-22,49282.859375,49910.87109375,49142.5390625,49880.33984375,49880.33984375,146164100
2018-08-23,49895.30859375,50093.359375,49636.91015625,49749.55859375,49749.55859375,101141300
2018-08-24,49719.87890625,50088.671875,49519.96875,49633.76953125,49633.76953125,59196300
2018-08-27,49789.19140625,50485.51171875,49789.19140625,50416.26953125,50416.26953125,114161400
2018-08-28,50518.28125,50603.390625,49810,50023.98046875,50023.98046875,134515200
2018-08-29,50048.83984375,50238.08984375,49927.8984375,50187.48046875,50187.48046875,119419000
2018-08-30,50178.5703125,50199.30078125,49280.91015625,49653.140625,49653.140625,112498700
2018-08-31,49540.08984375,49900.1484375,49297.55859375,49547.6796875,49547.6796875,161152700
2018-09-03,49574.12109375,49727.2109375,49421.05859375,49488.48046875,49488.48046875,14746800
2018-09-04,49491.41015625,49541.30078125,48805.16015625,48884.171875,48884.171875,129616800
2018-09-05,48757.87109375,48944.6484375,48478.30078125,48595.37109375,48595.37109375,138797600
2018-09-06,48631.30078125,48904.7109375,48553.05859375,48711.8515625,48711.8515625,113931800
2018-09-07,48602.26953125,48999.96875,48198.73828125,48971.140625,48971.140625,112060300
2018-09-10,49027.3984375,49044.80859375,48571.69921875,48848.73828125,48848.73828125,79593200
2018-09-11,48739.76171875,48918.30859375,48483.671875,48895.80078125,48895.80078125,114311200
2018-09-12,48886.87890625,49347.359375,48687.80078125,49254.98046875,49254.98046875,165457100
2018-09-13,49219.44921875,49761.890625,49133.37109375,49693.2109375,49693.2109375,187567300
2018-09-14,49460.30859375,49841.5703125,49342.46875,49611.9296875,49611.9296875,136086200
2018-09-17,49553.87890625,49810.05078125,49373.5390625,49398.5703125,49398.5703125,75804000
2018-09-18,49412,49843.58984375,49395.51171875,49661.828125,49661.828125,104226700
2018-09-19,49623.98046875,49887.7890625,49536.3203125,49590.7890625,49590.7890625,129421200
2018-09-20,49590.98046875,49812.140625,49315.390625,49510.78125,49510.78125,94879400
2018-09-21,49483.0390625,49732.3515625,49296.5703125,49344.2890625,49344.2890625,543954900
2018-09-24,49304.87890625,49486.71875,49032.76953125,49417.21875,49417.21875,93047500
2018-09-25,49447.98046875,49721.19921875,49447.98046875,49651.55078125,49651.55078125,88477300
2018-09-26,49675.7109375,49944.2890625,49555.12890625,49606.0703125,49606.0703125,97265900
2018-09-27,49641.671875,49964.96875,49492.69140625,49646.91015625,49646.91015625,105511000
2018-09-28,49542.51171875,49644.23828125,49347.51953125,49504.16015625,49504.16015625,133890700
2018-10-01,49547.8515625,50041.6015625,49547.8515625,49841.46875,49841.46875,92809700
2018-10-02,49821.5703125,49924.62109375,49290.421875,49376.5,49376.5,95809500
2018-10-03,49442.98828125,49487.5390625,48926.41015625,49005.3515625,49005.3515625,172821200
2018-10-04,49001.3984375,49001.3984375,48461.21875,48683.26171875,48683.26171875,139178200
2018-10-05,48717.80078125,48735.109375,48004.921875,48052.8515625,48052.8515625,128342300
2018-10-08,48018.3515625,48183.28125,47869.23828125,48093.1015625,48093.1015625,145536700
2018-10-09,48040.87890625,48552.078125,47673.37890625,48505.21875,48505.21875,115835800
2018-10-10,48506.9609375,48525.109375,48025.26953125,48136.1796875,48136.1796875,147682600
2018-10-11,48123.58984375,48205.01171875,47478.58984375,47558.23046875,47558.23046875,183060400
2018-10-12,47656.859375,48078.44140625,47071.23828125,47444.05078125,47444.05078125,151846700
2018-10-15,47447.6015625,47963.48828125,47204.890625,47739.08984375,47739.08984375,107365800
2018-10-16,47830.80859375,48299.23046875,47794.30859375,48191.5703125,48191.5703125,120949800
2018-10-17,48221.01171875,48221.01171875,47778.828125,47887.94921875,47887.94921875,130687000
2018-10-18,47823.33984375,48026.19140625,46929.421875,47024.4609375,47024.4609375,158751900
2018-10-19,47151.30078125,47568.87890625,47103.4609375,47437.44921875,47437.44921875,174772800
2018-10-22,47485.73828125,47672.921875,46657.8203125,46962.73828125,46962.73828125,126751100
2018-10-23,46771.4609375,46843.828125,46279.390625,46449.03125,46449.03125,159801500
2018-10-24,46537.1796875,46640.171875,45898.37890625,45959.0390625,45959.0390625,177518200
2018-10-25,46102.1484375,46626.078125,46019.26171875,46275.7109375,46275.7109375,160539500
2018-10-26,46107.96875,46118.4609375,45677.26953125,45803.328125,45803.328125,210198000
2018-10-29,45763.08984375,45823.44921875,43779.5,43879.12890625,43879.12890625,283226200
2018-10-30,43849.51953125,43932.87890625,43407.48828125,43538.12109375,43538.12109375,265281800
2018-10-31,43626.6015625,44300.66015625,43604.78125,43942.55078125,43942.55078125,350723200
2018-11-01,43993.3515625,45585.01171875,43964.828125,45446.828125,45446.828125,251785000
2018-11-05,45449.05078125,46865.73828125,45432.98828125,46817.359375,46817.359375,263564600
2018-11-06,46797.87109375,46975.1796875,46120.48828125,46328.3515625,46328.3515625,198618300
2018-11-07,46423.80078125,46957.609375,46423.80078125,46917.3984375,46917.3984375,207466200
2018-11-08,46808.51953125,46815.62109375,44019.7890625,44190.25,44190.25,266730400
2018-11-09,44277.30078125,44539.87109375,42816.75,44263.73828125,44263.73828125,293645100
2018-11-12,44098.9296875,44253.109375,43172.16015625,43310.01171875,43310.01171875,175353100
2018-11-13,43212.69921875,43308.76953125,42396.62109375,42421.328125,42421.328125,210180300
2018-11-14,42474.8203125,43220.578125,42141.94140625,42343.9609375,42343.9609375,243201200
2018-11-15,42323.8203125,42457.6796875,41284.0390625,41450.6484375,41450.6484375,163402200
2018-11-16,41368.58984375,42460.859375,41368.58984375,42319.26953125,42319.26953125,220705500
2018-11-20,41885.62109375,42505.140625,41705.71875,41797.37109375,41797.37109375,196342700
2018-11-21,41893.44140625,42216.0390625,41456.66015625,41499.9296875,41499.9296875,199105900
2018-11-22,41520.25,41542.71875,41055.80859375,41271.12109375,41271.12109375,61405500
2018-11-23,41342.37109375,41557.2109375,41084.44140625,41144.328125,41144.328125,101392600
2018-11-26,41275.8203125,41463.3515625,39271.55859375,39427.28125,39427.28125,278486700
2018-11-27,39557.8984375,40150,39470,39807.28125,39807.28125,230570200
2018-11-28,39939.80078125,41040.58984375,39901.73046875,40989.48046875,40989.48046875,296334900
2018-11-29,41038.8515625,41973.80078125,40985.26171875,41913.44921875,41913.44921875,236661100
2018-11-30,41976.33984375,41984.578125,41416.1484375,41732.78125,41732.78125,407747600
2018-12-03,41976.609375,42947.19921875,41844.05859375,42081.78125,42081.78125,241424900
2018-12-04,42127.33984375,42267.66015625,41713.2890625,41865.0703125,41865.0703125,245386100
2018-12-05,41929.94140625,41992.359375,41748.421875,41895.26953125,41895.26953125,55449000
2018-12-06,41641.23828125,42035.98828125,41175.9609375,41987,41987,210015100
2018-12-07,42031.5390625,42315.83984375,41781.6015625,41870.12890625,41870.12890625,145493500
2018-12-10,41892.6796875,41934.5390625,41194.578125,41356.0390625,41356.0390625,161393200
2018-12-11,41512.109375,41665.1796875,40799.3203125,40897.8515625,40897.8515625,163015000
2018-12-13,41118.62890625,41841.6484375,41118.62890625,41512.51171875,41512.51171875,207793600
2018-12-14,41539.55078125,41744.73828125,41243.7890625,41312.171875,41312.171875,136776200
2018-12-17,41307.51953125,41596.05078125,40278.16015625,40340.51171875,40340.51171875,136795100
2018-12-18,40480.75,41148.3984375,40419.19921875,40917.5703125,40917.5703125,185471300
2018-12-19,40950.3203125,42032.26171875,40950.3203125,41388.28125,41388.28125,222583500
2018-12-20,41562.23828125,41751.8984375,41309.3984375,41683.26953125,41683.26953125,161386700
2018-12-21,41676.140625,41799.390625,41135.140625,41468.55859375,41468.55859375,432960100
2018-12-24,41421.55859375,41698.25,41182.609375,41380.109375,41380.109375,33657800
2018-12-26,41364.16015625,41702.859375,41177.80078125,41573.609375,41573.609375,79376300
2018-12-27,41444.23828125,41584.640625,40978.921875,41417.8515625,41417.8515625,91005300
2018-12-28,41422.48046875,41621.37890625,41216.03125,41459.1484375,41459.1484375,68151300
2018-12-31,41461.69140625,41723.69140625,41421.0703125,41640.26953125,41640.26953125,65622100
2019-01-02,41550.75,42328.55078125,41436.48828125,42271.140625,42271.140625,68115200
2019-01-03,42172.26171875,42292.390625,41699.78125,42044.3203125,42044.3203125,113098700
2019-01-04,42024.76953125,42661.83984375,42024.76953125,42455.12890625,42455.12890625,110987200
2019-01-07,42489.05078125,42896.109375,42313.05859375,42834.19921875,42834.19921875,142739600
2019-01-08,43264.19140625,43582.19140625,43024.51953125,43542.87109375,43542.87109375,174362500
2019-01-09,43563.71875,44046.76953125,43552.609375,43648.0703125,43648.0703125,222062800
2019-01-10,43669.03125,43792.1796875,43481.83984375,43668.94921875,43668.94921875,189110700
2019-01-11,43707.26953125,43761.19140625,43372.6015625,43556.109375,43556.109375,157125500
2019-01-14,43548.55859375,43681.328125,43171.01953125,43397.98046875,43397.98046875,118296200
2019-01-15,43387.75,43747.98828125,43387.75,43603.62109375,43603.62109375,180731700
2019-01-16,43640.609375,43984.6015625,43602.94140625,43819.53125,43819.53125,181390300
2019-01-17,43845.4609375,44070.83984375,43843.0703125,43932.078125,43932.078125,222954400
2019-01-18,44024.91015625,44507.3984375,43995.48046875,44241.5390625,44241.5390625,191426300
2019-01-21,44273.359375,44541.41015625,43797.1015625,44028.9609375,44028.9609375,51613300
2019-01-22,44066.30078125,44073.23828125,43602.828125,43768.078125,43768.078125,180533500
2019-01-23,43831.7890625,44104.5703125,43382.3515625,43679.671875,43679.671875,226028900
2019-01-24,43738.640625,43856.2890625,43420.37890625,43566.109375,43566.109375,167624100
2019-01-25,43603.12109375,44051.76171875,43436.94921875,43638.62109375,43638.62109375,165295800
2019-01-28,43590.30078125,43959.87109375,43468.171875,43626.1484375,43626.1484375,213910000
2019-01-29,43671.46875,43902.078125,43607.140625,43700.1015625,43700.1015625,216394800
2019-01-30,43734.328125,43915.1484375,43084.44921875,43631.359375,43631.359375,175070700
2019-01-31,43668.5390625,44190.28125,43600.01171875,43987.94140625,43987.94140625,184179100
2019-02-01,44095.44140625,44226.171875,43679.30078125,43738.26953125,43738.26953125,145312800
2019-02-05,43898.109375,44491.75,43830.46875,44337.1015625,44337.1015625,143140100
2019-02-06,44391.7109375,44495.01953125,43808.828125,43855.7890625,43855.7890625,184307300
2019-02-07,43808.78125,44090.48828125,43586.87109375,43624.55078125,43624.55078125,156102100
2019-02-08,43576.69921875,43620.2890625,43116.55859375,43180.44921875,43180.44921875,111612400
2019-02-11,43126.0390625,43471.87109375,43108.5,43285.171875,43285.171875,100496900
2019-02-12,43328.48046875,43616.03125,42970.12109375,43113.7890625,43113.7890625,169619700
2019-02-13,43138.51171875,43194.25,42202.9609375,42284.05859375,42284.05859375,195295700
2019-02-14,42364.98828125,42780.890625,42066.078125,42725.21875,42725.21875,184916300
2019-02-15,42810.12890625,43035.53125,42677.390625,42988.71875,42988.71875,132320000
2019-02-18,43022.66015625,43119.5703125,42856.23046875,42981.30859375,42981.30859375,24585100
2019-02-19,43003.41015625,43320.51953125,42803.87890625,42949.5,42949.5,129307600
2019-02-20,42997.0390625,43345.859375,42997.0390625,43178,43178,170892600
2019-02-21,43161.0390625,43633.48046875,43003.390625,43577.640625,43577.640625,152692500
2019-02-22,43583.28125,44001.21875,43571.76953125,43738.66015625,43738.66015625,137297100
2019-02-25,43805.26953125,44070.12890625,43634.640625,43664.328125,43664.328125,152162100
2019-02-26,43647.421875,43724.33984375,43445.91015625,43623.328125,43623.328125,175194100
2019-02-27,43662.12109375,43662.12109375,43184.859375,43311.1796875,43311.1796875,157917600
2019-02-28,43267.73828125,43355.390625,42550.08984375,42823.80859375,42823.80859375,294808900
2019-03-01,42947.7109375,43021.91015625,42291.94140625,42619.23046875,42619.23046875,125346700
2019-03-04,42598.19140625,42648.69921875,42197.87109375,42418.48828125,42418.48828125,110675000
2019-03-05,42367.921875,42425.08984375,42099.859375,42128.91015625,42128.91015625,126793500
2019-03-06,42134.4609375,42419.23046875,41859.21875,41908.1484375,41908.1484375,146751000
2019-03-07,41911.53125,42008.46875,41523.921875,41641.83984375,41641.83984375,143660500
2019-03-08,41583.9296875,41674.73046875,41140.3203125,41586.69921875,41586.69921875,140494000
2019-03-11,41631.19140625,41985.08984375,41490.62109375,41876.171875,41876.171875,101281000
2019-03-12,41878.37109375,42174.26171875,41558.16015625,41740.62109375,41740.62109375,128527300
2019-03-13,41836.30859375,42026.640625,41795.01171875,41932.55859375,41932.55859375,150059300
2019-03-14,41935.91015625,41982.01953125,41469.921875,41777.80859375,41777.80859375,133351200
2019-03-15,41810.08984375,42309.96875,41798.94921875,42210.4609375,42210.4609375,571444500
2019-03-19,42431.76171875,42745.48828125,42217.08984375,42378.609375,42378.609375,208786400
2019-03-20,42389.6015625,43250.609375,42231.19140625,43156.2109375,43156.2109375,214931900
2019-03-21,43121.8984375,43362.91015625,42851.91015625,43251.19140625,43251.19140625,150021700
2019-03-22,43052.28125,43076.12109375,42132.30078125,42259.12109375,42259.12109375,148439300
2019-03-25,42292.69140625,42757.7890625,42276.0390625,42703.37890625,42703.37890625,142967200
2019-03-26,42695.75,43013.8203125,42679.421875,42826.16015625,42826.16015625,147062600
2019-03-27,42893.37890625,43116.5,42809.76953125,42947.55078125,42947.55078125,166516700
2019-03-28,42982.98046875,43069.9296875,42539.44140625,42942.23046875,42942.23046875,155395000
2019-03-29,43046.921875,43316.671875,42960.1484375,43281.28125,43281.28125,201679200
2019-04-01,43302.44921875,43838.19140625,43302.44921875,43672.05859375,43672.05859375,130210300
2019-04-02,43672.05859375,43672.05859375,43168.05859375,43324.58984375,43324.58984375,115672300
2019-04-03,43391.9296875,43658.9609375,43298.19921875,43339.75,43339.75,139044600
2019-04-04,43341.19140625,43990.1796875,43252.28125,43937.390625,43937.390625,130329800
2019-04-05,44007.73046875,45023.5390625,44007.73046875,44989.859375,44989.859375,217740400
2019-04-08,44970.1796875,45513.8984375,44725.21875,45436.28125,45436.28125,162478900
2019-04-09,45346.828125,45346.828125,44854.53125,45151.62890625,45151.62890625,191575000
2019-04-10,45204.75,45219.41015625,44850.109375,44909.140625,44909.140625,145314900
2019-04-11,44872.53125,44966.5,44373.48828125,44580.05859375,44580.05859375,109090000
2019-04-12,44767.671875,44888.69921875,44534.37890625,44686.05859375,44686.05859375,143662400
2019-04-15,44649.73828125,44900.9296875,44347.53125,44625.78125,44625.78125,108627100
2019-04-16,44665.2890625,45061.7890625,44644.05859375,45009.359375,45009.359375,136771900
2019-04-17,45038.3515625,45599.5703125,44922.6015625,45525.2890625,45525.2890625,110086300
2019-04-22,45507.78125,45590.44140625,45321.21875,45381.21875,45381.21875,86717900
2019-04-23,45355.9296875,45424.421875,44948.69140625,45148.3203125,45148.3203125,132582400
2019-04-24,45112.12890625,45186.26953125,44666.25,45045.328125,45045.328125,131485100
2019-04-25,45005.0390625,45064.9296875,44712.30078125,45026.6796875,45026.6796875,125639200
2019-04-26,45074.69921875,45208.37109375,44769.3515625,44974.96875,44974.96875,109775400
2019-04-29,44987.05078125,45211.1484375,44686.53125,44956.73046875,44956.73046875,99063800
2019-04-30,44900.01953125,44904.05078125,44338.51953125,44597.3203125,44597.3203125,182198500
2019-05-02,44513.05078125,44577,44236.359375,44312.4296875,44312.4296875,152299700
2019-05-03,44207.359375,44517.609375,44187.46875,44277.23828125,44277.23828125,131697100
2019-05-06,44083.671875,44175.94140625,43733.51171875,44116.69921875,44116.69921875,112770300
2019-05-07,44041.78125,44047.7109375,43408.96875,43583.6015625,43583.6015625,124978400
2019-05-08,43550.73046875,43629.98046875,43265.58984375,43410.73828125,43410.73828125,137524600
2019-05-09,43249.80859375,43292.3203125,42634.8515625,43193.359375,43193.359375,213444900
2019-05-10,43082.87890625,43496.53125,42591.9296875,43382.3515625,43382.3515625,176698300
2019-05-13,43172.2890625,43210.140625,42524.2109375,43142.4609375,43142.4609375,158579700
2019-05-14,43115.828125,43555.609375,43065.05859375,43431.53125,43431.53125,178927100
2019-05-15,43235.359375,43389.5390625,42976.44921875,43338.8203125,43338.8203125,168554600
2019-05-16,43357.078125,43696.328125,43259.37109375,43442.48828125,43442.48828125,224795700
2019-05-17,43355.2890625,43612.890625,43289.2890625,43445.62109375,43445.62109375,145460800
2019-05-20,43513.640625,43802.25,43240.01171875,43519.21875,43519.21875,128816700
2019-05-21,43559.12890625,43657.8203125,42951.12109375,43190.1015625,43190.1015625,158536500
2019-05-22,43145.109375,43151.23828125,42716.51171875,42942.23046875,42942.23046875,112411600
2019-05-23,42834.26171875,42863.41015625,42505.328125,42812.5703125,42812.5703125,130074300
2019-05-24,42878.9296875,42957.6796875,42299.23046875,42617.6015625,42617.6015625,109779100
2019-05-27,42605.7890625,42613.87109375,42454.19140625,42491.4296875,42491.4296875,55464400
2019-05-28,42497.48046875,42601.98828125,42103.1015625,42207.7109375,42207.7109375,517663300
2019-05-29,42108.98046875,42889.55859375,42050.421875,42854.75,42854.75,160494600
2019-05-30,42861.3984375,43464.23828125,42818.1796875,43345.8203125,43345.8203125,147956400
2019-05-31,42693.109375,42867.1015625,42304.9296875,42749.16015625,42749.16015625,237096200
2019-06-03,42857.7890625,43319.16015625,42748.73828125,43108.421875,43108.421875,206974600
2019-06-04,43220.28125,43583.98828125,43058,43241.8203125,43241.8203125,148735300
2019-06-05,43171.73046875,43466.2890625,43011.46875,43420.37890625,43420.37890625,130411000
2019-06-06,43417.9609375,43485.109375,42850.109375,43147.828125,43147.828125,118390100
2019-06-07,43174.9296875,43496.69921875,43080.28125,43291.328125,43291.328125,78236900
2019-06-10,43431.890625,43892.48046875,43337.8203125,43609.171875,43609.171875,179083300
2019-06-11,43758.87109375,43884.03125,43569.83984375,43713.66015625,43713.66015625,146543700
2019-06-12,43770.8984375,43958.3984375,43593.25,43800.16015625,43800.16015625,150009000
2019-06-13,43772.05078125,43848.390625,43326.578125,43483.19921875,43483.19921875,149333100
2019-06-14,43496.78125,43503.16015625,42971.76171875,43130.6484375,43130.6484375,92577500
2019-06-17,43088.23046875,43529.87109375,42908.7890625,42964.7109375,42964.7109375,95463400
2019-06-18,42990.859375,43495.5390625,42987.46875,43161.05078125,43161.05078125,122872600
2019-06-19,43215.5390625,43479.26171875,43208.171875,43375.671875,43375.671875,100286700
2019-06-20,43552.48046875,43920.7890625,43470.19140625,43645.109375,43645.109375,127724600
2019-06-21,43623.2890625,43828.0703125,43347.66015625,43526.73046875,43526.73046875,476630200
2019-06-24,43568.21875,43790.28125,43546.6484375,43743.71875,43743.71875,98815300
2019-06-25,43637.44921875,43926.4296875,43623.01953125,43792.171875,43792.171875,142482300
2019-06-26,43813.37890625,43899.23046875,43682.21875,43792.078125,43792.078125,103345700
2019-06-27,43872.26953125,43872.26953125,43278.55859375,43316.55859375,43316.55859375,118861200
2019-06-28,43371,43416.6015625,43009.8515625,43161.171875,43161.171875,154407100
2019-07-01,43218.1015625,43557.28125,43019.73046875,43438.23828125,43438.23828125,104560400
2019-07-02,43503,43713.4296875,43361.9609375,43441.80078125,43441.80078125,102358600
2019-07-03,43501.2890625,43567.87109375,43305.23046875,43483.23046875,43483.23046875,74914400
2019-07-04,43487.3515625,43551.98046875,43412.48046875,43461.48046875,43461.48046875,19660500
2019-07-05,43453.62890625,43521.078125,43137.9609375,43405.3203125,43405.3203125,66632400
2019-07-08,43494.3984375,43763.98828125,43324.01171875,43589.078125,43589.078125,87785200
2019-07-09,43508.140625,43628.9296875,42730.83984375,42818.66015625,42818.66015625,134545100
2019-07-10,42977.4296875,43193.19921875,42668.9296875,42805.609375,42805.609375,168529100
2019-07-11,42816.51171875,43017.171875,42617.48828125,42882.01953125,42882.01953125,109282800
2019-07-12,42870.171875,42872.3515625,42452.94921875,42647.30859375,42647.30859375,103417900
2019-07-15,42698.08984375,43144.73046875,42526.921875,43063.94921875,43063.94921875,93360700
2019-07-16,43078.51953125,43167.078125,42700.96875,42984.96875,42984.96875,96273000
2019-07-17,43070.4296875,43093.58984375,42496.05859375,42551.5390625,42551.5390625,157485100
2019-07-18,42534.8515625,42541.5390625,41429.12109375,41618.109375,41618.109375,174501700
2019-07-19,41684.328125,41960.55078125,41558.421875,41606.5390625,41606.5390625,135676500
2019-07-22,41722.2109375,41768.5390625,41165,41209.3203125,41209.3203125,96897500
2019-07-23,41210.01171875,41325.69140625,40727,40935.33984375,40935.33984375,199768300
2019-07-24,40957.96875,41302.87109375,40917.94140625,41167.73828125,41167.73828125,143648100
2019-07-25,41126.828125,41163.73046875,40785.921875,40933.4296875,40933.4296875,157339600
2019-07-26,40932.41015625,41150.33984375,40625.55859375,40673.78125,40673.78125,140916800
2019-07-29,40644.98828125,41394.44140625,40644.98828125,41276.671875,41276.671875,121563600
2019-07-30,41238.1015625,41248.55859375,40862.9296875,41159.26953125,41159.26953125,103670700
2019-07-31,41085.859375,41098.25,40540.96875,40863.08984375,40863.08984375,224795200
2019-08-01,40816.98046875,40978.66015625,40302.91015625,40346.80078125,40346.80078125,175951000
2019-08-02,40199.33984375,40199.33984375,39630.66015625,39977.51953125,39977.51953125,175313900
2019-08-05,39807.01953125,39820.62109375,39279.51953125,39496.359375,39496.359375,211684500
2019-08-06,39538.46875,39974.921875,39525.44140625,39785.62890625,39785.62890625,194936300
2019-08-07,39578.03125,40471.73828125,39479.46875,40432.359375,40432.359375,208346600
2019-08-08,40496.0703125,40699.8515625,40390.0390625,40439.421875,40439.421875,168753700
2019-08-09,40463.75,40501.69921875,40110.921875,40421.28125,40421.28125,117642000
2019-08-12,40311.12109375,40347.37890625,39810.140625,39851.2109375,39851.2109375,138796900
2019-08-13,39786.26953125,40010.87109375,39430.80078125,39476.5,39476.5,162811500
2019-08-14,39345.5703125,39351.23828125,38562.12890625,38650.08984375,38650.08984375,295728800
2019-08-15,38622.44140625,38858.2890625,38265.51171875,38574.1796875,38574.1796875,172249400
2019-08-16,38636.21875,39374.7109375,38611.05859375,39339.55078125,39339.55078125,245976900
2019-08-19,39396.5,39830.30078125,39352.390625,39556.3203125,39556.3203125,203666400
2019-08-20,39551.5703125,39842.94921875,39435.671875,39700.05078125,39700.05078125,203216500
2019-08-21,39780.30078125,40122.44921875,39697.1015625,40076.0390625,40076.0390625,269006000
2019-08-22,40072.37109375,40378.73046875,40023.6796875,40144.23828125,40144.23828125,180439600
2019-08-23,40000.890625,40226.6484375,39782.73046875,39862.0703125,39862.0703125,146431200
2019-08-26,39915.5703125,40144.8203125,39887.62109375,40081.71875,40081.71875,134615300
2019-08-27,40105.19140625,40721.359375,40105.19140625,40648.96875,40648.96875,561318900
2019-08-28,40654.390625,41065.421875,40580.9609375,40941.9609375,40941.9609375,168519400
2019-08-29,41030.12890625,42005.33984375,41030.12890625,41831.30078125,41831.30078125,221653700
2019-08-30,42000.890625,42680.23046875,41898.671875,42622.5,42622.5,334492800
2019-09-02,42621.87109375,42621.87109375,41988.01171875,42108.23046875,42108.23046875,43877100
2019-09-03,42222.28125,42237.3984375,41724.23046875,41826.55078125,41826.55078125,227203800
2019-09-04,41934.4296875,42359.890625,41901.98046875,42324.46875,42324.46875,330571700
2019-09-05,42495.98046875,42768.62109375,42475.5,42731.48046875,42731.48046875,156447400
2019-09-06,42873.6015625,43037.26171875,42615.30859375,42707.66015625,42707.66015625,122346300
2019-09-09,42808.23046875,43231.51953125,42555.8203125,42662.46875,42662.46875,105424500
2019-09-10,42607.98828125,42860.2890625,42402.6484375,42588.1015625,42588.1015625,151218400
2019-09-11,42607.671875,42809.05078125,42483.1015625,42749.171875,42749.171875,134325300
2019-09-12,42798.12890625,43030.26953125,42589.12890625,42670.41015625,42670.41015625,138966200
2019-09-13,42716.87109375,42995.328125,42675.87890625,42841.4609375,42841.4609375,106896800
2019-09-17,42823.51171875,43486.62109375,42743.26171875,43448.94140625,43448.94140625,213641200
2019-09-18,43396.19140625,43456.859375,42902.37109375,43070.33984375,43070.33984375,148961100
2019-09-19,43102.80859375,43139.03125,42937.05859375,43017.4609375,43017.4609375,113237000
2019-09-20,43084.33984375,43665.94140625,43014.51953125,43559.44921875,43559.44921875,836150600
2019-09-23,43436.21875,43531.71875,43401.5703125,43507.94921875,43507.94921875,103045100
2019-09-24,43497.671875,43560.05078125,43051.21875,43099.328125,43099.328125,142811800
2019-09-25,43099.01171875,43099.01171875,42563.0703125,43014.078125,43014.078125,184974700
2019-09-26,43051.01171875,43220.83984375,42835.3203125,42984.75,42984.75,147086300
2019-09-27,43042.44921875,43042.44921875,42750.16015625,42857.578125,42857.578125,103303400
2019-09-30,42782.0703125,43230.6484375,42776.421875,43011.26953125,43011.26953125,185049400
2019-10-01,43006.12109375,43110.30078125,42863.48828125,42937.16015625,42937.16015625,117491300
2019-10-02,42787.5390625,42804.4609375,42128.96875,42222.8984375,42222.8984375,123038000
2019-10-03,42202.66015625,42504.08984375,42107.01171875,42443.30859375,42443.30859375,96559200
2019-10-04,42457.55078125,43448.640625,42426.828125,43416.8984375,43416.8984375,125587800
2019-10-07,43402.16015625,43403.94140625,42903.37890625,42952.2890625,42952.2890625,101995800
2019-10-08,42914.80078125,42940.6796875,42489.3984375,42535.140625,42535.140625,156602300
2019-10-09,42591.98046875,42807.2109375,42445.94140625,42501.921875,42501.921875,136161300
2019-10-10,42544.16015625,43010.21875,42480.1015625,42929.76171875,42929.76171875,222833900
2019-10-11,43073.8984375,43496.46875,43038.53125,43214.6015625,43214.6015625,141784500
2019-10-14,43110.55859375,43389.26953125,43110.55859375,43299.53125,43299.53125,95999200
2019-10-15,43335.01171875,43462.03125,43214.16015625,43244.62890625,43244.62890625,148645300
2019-10-16,43312.19140625,43563.9609375,43203.76171875,43538.48828125,43538.48828125,188703900
2019-10-17,43574.1484375,43687.44921875,43292.75,43479.98046875,43479.98046875,169230700
2019-10-18,43189.44921875,43559.609375,43094.03125,43178.62890625,43178.62890625,206626300
2019-10-21,43239.19140625,43456.48828125,43203.0390625,43405.4296875,43405.4296875,123775600
2019-10-22,43435.19140625,43624.23046875,43249.44921875,43363.5390625,43363.5390625,176146000
2019-10-23,43388.03125,43575.2890625,43279.69140625,43546.48046875,43546.48046875,139689000
2019-10-24,43552.58984375,43816.46875,43424.6796875,43776.6015625,43776.6015625,205826300
2019-10-25,43786.75,43833.390625,43359.53125,43389.16015625,43389.16015625,156139100
2019-10-28,43382.94140625,43804.01953125,43371.3984375,43765.48828125,43765.48828125,148316000
2019-10-29,43709.19921875,43979.2890625,43649.578125,43851.05859375,43851.05859375,159045400
2019-10-30,43907.26953125,43913.390625,43638.2890625,43741.62109375,43741.62109375,151170600
2019-10-31,43753.01953125,43768.75,43304.859375,43337.28125,43337.28125,197290500
2019-11-01,43337.12109375,43850.390625,43325.94921875,43814.55078125,43814.55078125,138787800
2019-11-04,43814.55078125,44233.03125,43786.859375,43815.76171875,43815.76171875,134995900
2019-11-05,43824.69140625,43844.58984375,43401.30078125,43611.83984375,43611.83984375,204832200
2019-11-06,43650.890625,43849.21875,43332.1796875,43818.51171875,43818.51171875,121802200
2019-11-07,43846.62109375,44261.33984375,43797.5,44119.8984375,44119.8984375,160371000
2019-11-08,44027.1015625,44128.12890625,43632.8203125,43702.23046875,43702.23046875,78350900
2019-11-11,43538.08984375,43699.98046875,43513.1484375,43595.6015625,43595.6015625,97112500
2019-11-12,43537.41015625,43564.2890625,43038.12109375,43100.76953125,43100.76953125,152670200
2019-11-13,43037.30859375,43182.73828125,43028.640625,43098.66015625,43098.66015625,110378400
2019-11-14,43128.76953125,43284.921875,43021.30078125,43188.69140625,43188.69140625,117855500
2019-11-15,43219.578125,43434.23828125,43195.828125,43392.359375,43392.359375,95431600
2019-11-19,43367.078125,43662.7890625,43367.078125,43602.25,43602.25,172645900
2019-11-20,43623.1015625,43814.5,43421.16015625,43604.69921875,43604.69921875,109208100
2019-11-21,43633.83984375,43633.83984375,43101.8984375,43255.4296875,43255.4296875,120388800
2019-11-22,43249.80078125,43557.640625,43249.80078125,43521.859375,43521.859375,105097300
2019-11-25,43483.328125,43727.96875,43467.421875,43535.109375,43535.109375,113976800
2019-11-26,43465.94921875,43466.3515625,42785.08984375,42852.359375,42852.359375,602710500
2019-11-27,42924.8515625,43065.62890625,42849.62890625,43036.16015625,43036.16015625,109035600
2019-11-28,43062.80859375,43171.890625,42921.328125,43100.12109375,43100.12109375,14564700
2019-11-29,43122.19140625,43122.66015625,42755.98828125,42820.1796875,42820.1796875,84595100
2019-12-02,42863.3515625,42903.78125,42508.1015625,42544.140625,42544.140625,140656700
2019-12-03,42417.5703125,42508.671875,42255.71875,42294.51953125,42294.51953125,107724200
2019-12-04,42354.8984375,42496.328125,42159.2890625,42191.921875,42191.921875,131988300
2019-12-05,42216.30078125,42513.25,42171.98828125,42216.03125,42216.03125,118806100
2019-12-06,42307.98828125,42343.80078125,41894.75,41938.69140625,41938.69140625,119341700
2019-12-09,41938.69140625,42370.1484375,41924.2109375,41951.58984375,41951.58984375,90508700
2019-12-10,42037.5390625,42649.62890625,41986.28125,42633.4296875,42633.4296875,124122600
2019-12-11,42639.58984375,43237.25,42592.01953125,43195.19140625,43195.19140625,160648600
2019-12-13,43415.21875,44401.01171875,43415.21875,44254.4296875,44254.4296875,163260800
2019-12-16,44343.1796875,44495.48828125,44136.640625,44356.21875,44356.21875,117209400
2019-12-17,44400.578125,44434.19140625,44118.05859375,44401.16015625,44401.16015625,194926900
2019-12-18,44384.05078125,45160.1015625,44366.359375,45106.2890625,45106.2890625,279772100
2019-12-19,45189.12109375,45189.828125,44615.4296875,44649.4296875,44649.4296875,130327800
2019-12-20,44694.44921875,44804.44140625,44424.4609375,44505.640625,44505.640625,473714200
2019-12-23,44571.26171875,44590.9296875,44189.23828125,44276.8515625,44276.8515625,92129000
2019-12-24,44275.7890625,44298.94140625,44108.44921875,44157.96875,44157.96875,13691800
2019-12-26,44149.96875,44360.62109375,44057.48828125,44300.171875,44300.171875,32194100
2019-12-27,44312.5703125,44510.78125,44156.859375,44261.51171875,44261.51171875,59475000
2019-12-30,44318.8984375,44347.73828125,43451.48828125,43657.48046875,43657.48046875,81802900
2019-12-31,43668.7109375,43705.359375,43439.6796875,43541.01953125,43541.01953125,46721800
2020-01-02,43739.51953125,44521.51953125,43716.48828125,44437.23046875,44437.23046875,95180400
2020-01-03,44355.2109375,44742.98046875,44177.91015625,44624.8515625,44624.8515625,103484500
2020-01-06,44489.96875,44571.73828125,44287.12890625,44495.30078125,44495.30078125,86928400
2020-01-07,44522.359375,44588.26953125,44018.05859375,44157.80859375,44157.80859375,137546300
2020-01-08,44160.55078125,44515.98828125,44078.41015625,44470.91015625,44470.91015625,144629400
2020-01-09,44452.73828125,44621.578125,44378.78125,44572.171875,44572.171875,173852300
2020-01-10,44593.890625,44909.44140625,44529.51171875,44660.328125,44660.328125,135840900
2020-01-13,44720.3515625,44944.25,44584.66015625,44847.46875,44847.46875,149580500
2020-01-14,44804.55078125,44818.9296875,44379.37890625,44773.23828125,44773.23828125,171978900
2020-01-15,44726.71875,44848.0703125,44412.609375,44453.328125,44453.328125,179445600
2020-01-16,44530.69140625,45354.53125,44513.46875,45303.078125,45303.078125,190177600
2020-01-17,45311.73046875,45885.44140625,45256.30859375,45817.76171875,45817.76171875,173859200
2020-01-20,45811.16015625,45955.41015625,45755.9296875,45902.6796875,45902.6796875,32099800
2020-01-21,45807.23046875,45831.2890625,45380.98828125,45637.3203125,45637.3203125,135382200
2020-01-22,45658.66015625,45902.26171875,45562.2890625,45604.44140625,45604.44140625,158784400
2020-01-23,45502.33984375,45516.78125,45145.98046875,45476.4296875,45476.4296875,198093000
2020-01-24,45493.96875,45528.6796875,45091.6484375,45141.62109375,45141.62109375,142721200
2020-01-27,44802.73046875,44807.828125,44039.109375,44134.390625,44134.390625,126493100
2020-01-28,44206.6796875,44811.51953125,44206.6796875,44717.94140625,44717.94140625,126852800
2020-01-29,44858.37890625,45198.7109375,44683.58984375,45132.6015625,45132.6015625,166379800
2020-01-30,45088.1015625,45088.1015625,44635.921875,44862.76171875,44862.76171875,160392700
2020-01-31,44759.8984375,44829.921875,44079.390625,44108.30859375,44108.30859375,312755900
2020-02-04,44330.96875,45136.8203125,44330.96875,45047.0703125,45047.0703125,230415400
2020-02-05,45252.609375,45489.25,44686.9609375,44782.859375,44782.859375,160083000
2020-02-06,44870.05859375,44966.37109375,44417.1015625,44493.1484375,44493.1484375,140863100
2020-02-07,44407.16015625,44466.30078125,44010.7109375,44399.328125,44399.328125,109892200
2020-02-10,44390.359375,44421.421875,43996.80078125,44290.53125,44290.53125,127396100
2020-02-11,44379.1796875,45222.8984375,44307.46875,45027.41015625,45027.41015625,151710800
2020-02-12,45193.578125,45645.9296875,45143.69140625,45338.37109375,45338.37109375,271163000
2020-02-13,45338.37109375,45338.37109375,44784.2109375,45005.12109375,45005.12109375,177633700
2020-02-14,45122.578125,45150.3515625,44850.51171875,44999.6796875,44999.6796875,131042300
2020-02-17,44996.421875,45059.671875,44873.48046875,45016.9609375,45016.9609375,32139500
2020-02-18,44991.01171875,45183.578125,44901.0390625,44974.109375,44974.109375,133300100
2020-02-19,45046.01953125,45166.03125,44716.30859375,44901.5,44901.5,174543900
2020-02-20,44956.4609375,45050.62109375,44580.69140625,44774.5390625,44774.5390625,182720500
2020-02-21,44810.62890625,45020.44140625,44600.98828125,44802.5390625,44802.5390625,146648800
2020-02-24,43988.76953125,44115.828125,43523.21875,43818.0703125,43818.0703125,163769200
2020-02-25,43939.80859375,43943.73046875,42981.83984375,43045.6796875,43045.6796875,177163100
2020-02-26,43148.37890625,43376.890625,42684.359375,42737.28125,42737.28125,236279700
2020-02-27,42512.3984375,42512.3984375,41522.9296875,41607.421875,41607.421875,221635400
2020-02-28,41183.75,41577.55078125,39838.0390625,41324.30859375,41324.30859375,380959200
2020-03-02,41391.08984375,42347.4609375,41373.87109375,42167.23828125,42167.23828125,267176100
2020-03-03,42209.2890625,43113.80859375,42110.16015625,42472.25,42472.25,241737100
2020-03-04,42711.7109375,43462.26953125,42711.7109375,43404.76171875,43404.76171875,157320300
2020-03-05,43263.75,43279.5703125,42136.078125,42344.859375,42344.859375,142960000
2020-03-06,42134.1484375,42134.1484375,41201.671875,41388.78125,41388.78125,167489000
2020-03-09,40101.87109375,40265.37109375,38646.37109375,38730.55859375,38730.55859375,206509000
2020-03-10,39502.23046875,39759.96875,38883.078125,39565.44140625,39565.44140625,260716900
2020-03-11,39248.48828125,39248.48828125,38409.55859375,38678.55078125,38678.55078125,246658100
2020-03-12,38371.1484375,38371.1484375,35003.48828125,36636.69921875,36636.69921875,338781100
2020-03-13,37487.6796875,38258.8984375,37248.01953125,38085.05078125,38085.05078125,281966000
2020-03-17,36660.12890625,37070.5703125,34775.23046875,36862.83984375,36862.83984375,495328300
2020-03-18,36096.76171875,37180.55859375,35439.94140625,35532.73828125,35532.73828125,293107400
2020-03-19,35566.421875,35576.91015625,34213.28125,35143.62890625,35143.62890625,232076100
2020-03-20,35284.69921875,35456.48046875,33894.96875,34269.51171875,34269.51171875,703945600
2020-03-23,34481.30078125,34721.6796875,32646.9609375,32964.21875,32964.21875,186601700
2020-03-24,33338.37890625,35148.08984375,33338.37890625,34371.53125,34371.53125,246843900
2020-03-25,34547.578125,36493.8984375,34369.48046875,35536.69921875,35536.69921875,211798800
2020-03-26,35517.91015625,36655.23046875,35493.94921875,35706.5703125,35706.5703125,223230700
2020-03-27,34951.30859375,35043.3984375,33720.1484375,33799.48828125,33799.48828125,270719300
2020-03-30,33978.73828125,34334.44140625,33978.73828125,34199.96875,34199.96875,164060600
2020-03-31,34239.109375,35208.01953125,34074.578125,34554.53125,34554.53125,377848300
2020-04-01,34098.859375,34118,33443.51953125,33691.87890625,33691.87890625,209106900
2020-04-02,33686.08984375,34330.37890625,33372.4296875,33590.62109375,33590.62109375,186445500
2020-04-03,33708.51953125,33896.28125,32503.25,33075.41015625,33075.41015625,170642000
2020-04-06,33641.0703125,34750.171875,33641.0703125,34381.55859375,34381.55859375,182677600
2020-04-07,34688.3203125,35162.46875,34361.30078125,34526.30859375,34526.30859375,209742300
2020-04-08,34625.0703125,34804.1484375,34284.51953125,34567.78125,34567.78125,173301800
2020-04-13,34694.03125,34833.55859375,34414.69140625,34613.671875,34613.671875,162653800
2020-04-14,34765.51171875,35227.6015625,34562.8984375,34746.390625,34746.390625,183031600
2020-04-15,34593.578125,34618.3984375,33805.19921875,33855.23828125,33855.23828125,216587900
2020-04-16,33935.44921875,34099.1015625,33303.44140625,33759.75,33759.75,251591100
2020-04-17,34190.01953125,34923.76171875,34190.01953125,34743.1015625,34743.1015625,162231800
2020-04-20,34567.1796875,34594.96875,34140.75,34477.05859375,34477.05859375,153774600
2020-04-21,34281.140625,34321.19921875,33826.921875,33892.28125,33892.28125,122731100
2020-04-22,34183.390625,34463.12890625,34105.48046875,34223.8515625,34223.8515625,200294400
2020-04-23,34308.41015625,34494.98046875,34165.3203125,34240.6015625,34240.6015625,197079500
2020-04-24,34361.01953125,34773.140625,34113.3203125,34586.8203125,34586.8203125,281220800
2020-04-27,34704.83984375,35058.41015625,34488.41015625,34968.08984375,34968.08984375,198687100
2020-04-28,35065.76171875,35888.46875,35065.76171875,35830.80859375,35830.80859375,344904800
2020-04-29,36095.71875,36976.6484375,36095.71875,36870.08984375,36870.08984375,196287600
2020-04-30,36923.5,36923.5,36096.859375,36470.109375,36470.109375,246830000
2020-05-04,36266.73046875,36440.8203125,35645.3984375,36370.4296875,36370.4296875,233337100
2020-05-05,36357.3984375,36852.58984375,36356.8515625,36616.05859375,36616.05859375,148214100
2020-05-06,36672.8203125,37029.16015625,36532.26171875,36986.19921875,36986.19921875,150916000
2020-05-07,37136.921875,37321.30078125,36662.8203125,36792.41015625,36792.41015625,142846100
2020-05-08,36867.26171875,37846.26953125,36865.5703125,37623.6796875,37623.6796875,152768500
2020-05-11,37614.80078125,37819.671875,37235.8515625,37631.890625,37631.890625,140379000
2020-05-12,37675.26953125,38015.94140625,37352.12890625,37462.890625,37462.890625,161125000
2020-05-13,37403.2109375,37403.2109375,36344.921875,36394.58984375,36394.58984375,271439000
2020-05-14,36266.69140625,36310.94140625,35690.69921875,36094.140625,36094.140625,157261400
2020-05-15,36036.21875,36158.91015625,35652.421875,35691.390625,35691.390625,131211300
2020-05-18,35845.578125,37175.96875,35836.4609375,37112.4609375,37112.4609375,179950200
2020-05-19,36935.1796875,36991.48046875,35749.671875,35862.0390625,35862.0390625,217403100
2020-05-20,36023.76953125,36115.078125,35553.9296875,36026.98046875,36026.98046875,203045100
2020-05-21,35854.828125,36060.9296875,35454.51953125,35560.76171875,35560.76171875,162494600
2020-05-22,35525.48828125,35825.2109375,35277.5390625,35784.421875,35784.421875,119075400
2020-05-25,35813.26953125,36003.37109375,35770.140625,35832.76953125,35832.76953125,37538300
2020-05-26,35953.94140625,36576.69921875,35897.5390625,36206.859375,36206.859375,197668600
2020-05-27,36317.5390625,36973.30078125,36241.01953125,36889.9609375,36889.9609375,176207000
2020-05-28,36979.078125,36994.16015625,36400.109375,36508.140625,36508.140625,173561300
2020-05-29,36471.8203125,36471.8203125,35555.75,36122.73046875,36122.73046875,743778600
2020-06-01,36115.12890625,37131.91015625,35979.21875,36980.8515625,36980.8515625,127693300
2020-06-02,37012.640625,37826.171875,36906.359375,37460.44140625,37460.44140625,229177200
2020-06-03,37540.62109375,38317.8984375,37540.62109375,38290.76953125,38290.76953125,286723500
2020-06-04,38247.44921875,38310.05078125,37665.640625,37872.890625,37872.890625,243657600
2020-06-05,38226.5703125,39164.28125,38220.6484375,38948.078125,38948.078125,211569100
2020-06-08,39105.390625,40030.94921875,38997.58984375,39954.01171875,39954.01171875,224210300
2020-06-09,39795.1484375,39804.16015625,38902.73046875,39185.66015625,39185.66015625,218346100
2020-06-10,39167.12109375,39174.01171875,38212.30078125,38266.19140625,38266.19140625,188244800
2020-06-11,37731.98828125,37803.26953125,36622.1015625,36827.359375,36827.359375,201982200
2020-06-12,37243.828125,37772.0390625,37084.33984375,37679.23828125,37679.23828125,180935200
2020-06-15,37453.53125,37691.05859375,37087.16015625,37416.73828125,37416.73828125,158208000
2020-06-16,37924.51953125,38193.421875,37512.91015625,37894.05078125,37894.05078125,183397800
2020-06-17,37980.5390625,38134.87890625,37820.19140625,37897.23828125,37897.23828125,146231900
2020-06-18,37909.37109375,37909.37109375,37536.62890625,37632.890625,37632.890625,145116400
2020-06-19,37839.5390625,38592.25,37782.98046875,38404.62890625,38404.62890625,926578300
2020-06-22,38372.171875,38372.171875,37851.19140625,38123.55859375,38123.55859375,139646300
2020-06-23,38451.01171875,38643.421875,38157.62109375,38217.6796875,38217.6796875,157345400
2020-06-24,38011.671875,38037.37109375,37738.6015625,37908.37890625,37908.37890625,149757900
2020-06-25,37857.73046875,37917.12109375,37651.8984375,37734.51953125,37734.51953125,100428600
2020-06-26,37794.671875,37794.671875,37273.51171875,37431.94921875,37431.94921875,111590600
2020-06-29,37629.80078125,37824.87890625,37446.51953125,37769.19140625,37769.19140625,102336800
2020-06-30,37707.71875,37874.46875,37425.83984375,37716.4296875,37716.4296875,187916800
2020-07-01,37636.23046875,37935.140625,37532.28125,37619.76953125,37619.76953125,168620900
2020-07-02,37883.96875,38416.9609375,37741.5,37894.078125,37894.078125,163134900
2020-07-03,37877.12890625,37995.5390625,37710.41015625,37950,37950,19679300
2020-07-06,38088.6484375,38190.87109375,37800.58984375,37884.76171875,37884.76171875,127711300
2020-07-07,37843.9609375,38042.7109375,37696.671875,37837.390625,37837.390625,139887800
2020-07-08,38111.1484375,38112.421875,37292.98046875,37483.87890625,37483.87890625,176346300
2020-07-09,37500.19140625,37500.19140625,36740.4296875,36795.94921875,36795.94921875,133280000
2020-07-10,36777.76953125,36777.76953125,36263.96875,36465.4609375,36465.4609375,105150800
2020-07-13,36602.76953125,36939.69140625,36321.58984375,36389.390625,36389.390625,150410600
2020-07-14,36365.76953125,36365.76953125,35883.46875,36190.91015625,36190.91015625,166784200
2020-07-15,36427.83984375,36717.53125,36427.83984375,36590.26171875,36590.26171875,194173400
2020-07-16,36517.26171875,36533.55859375,36193.71875,36465.671875,36465.671875,163886500
2020-07-17,36553.7109375,36589.05859375,36172.98828125,36327.83984375,36327.83984375,120832100
2020-07-20,36316.6015625,36398.26953125,36195.62890625,36323.69140625,36323.69140625,104592000
2020-07-21,36378.78125,37027.671875,36378.78125,36881.671875,36881.671875,159575200
2020-07-22,36872.23046875,37498.328125,36867.2890625,37447.1015625,37447.1015625,111884900
2020-07-23,37564.9609375,37625.46875,37244.48828125,37433.30078125,37433.30078125,111327700
2020-07-24,37454.01953125,37455.83984375,37045.328125,37357.4609375,37357.4609375,107838600
2020-07-27,37390.23046875,37801.41015625,37191.96875,37742.140625,37742.140625,160802900
2020-07-28,37685.51171875,37852.5390625,37573.578125,37771.2109375,37771.2109375,143410900
2020-07-29,37794.69921875,37807.33984375,37381.6484375,37720.83984375,37720.83984375,159535500
2020-07-30,37573.48046875,37636.7890625,36975.78125,37136.78125,37136.78125,101237700
2020-07-31,37255.80078125,37256.76953125,36667.5,37019.6796875,37019.6796875,274994400
2020-08-03,37359.03125,37735.87109375,37196.7890625,37546.71875,37546.71875,154914300
2020-08-04,37611.640625,37746.41015625,37374.359375,37466.94921875,37466.94921875,181950200
2020-08-05,37433.46875,38339.1796875,37433.46875,37901.9609375,37901.9609375,146010800
2020-08-06,37982.05859375,38197.6484375,37722.19140625,37998.33984375,37998.33984375,122767000
2020-08-07,38031,38104.03125,37770.8984375,38005,38005,87930700
2020-08-10,38098.12109375,38432,38043.91015625,38289.76171875,38289.76171875,92165000
2020-08-11,38442.4296875,38947.3203125,38400.921875,38703.58984375,38703.58984375,135385000
2020-08-12,38901.12890625,38955.33984375,38603.44921875,38634.1015625,38634.1015625,99486700
2020-08-13,38660.2890625,38758.73828125,38368.55859375,38615.62109375,38615.62109375,103940600
2020-08-14,38629.48828125,39047.12109375,38452.6796875,38949.87890625,38949.87890625,118697000
2020-08-17,38955.6796875,39317.23828125,38848.37890625,39285.8515625,39285.8515625,128684900
2020-08-18,39337.6484375,39349.37890625,38875.9609375,39087.3515625,39087.3515625,179124200
2020-08-19,39078.23046875,39212.3984375,38945.859375,39021.921875,39021.921875,123913300
2020-08-20,39019.2109375,39019.2109375,38534.828125,38707.23828125,38707.23828125,113789400
2020-08-21,38692.80078125,38692.80078125,38053.62890625,38095.87890625,38095.87890625,95386100
2020-08-24,38189.671875,38344.08984375,37971.66015625,38029.62109375,38029.62109375,111110400
2020-08-25,37883.30859375,38321.3203125,37803.4609375,38249.8984375,38249.8984375,153501200
2020-08-26,38229.44921875,38231.0703125,37706.19140625,37753.0390625,37753.0390625,152144900
2020-08-27,37844.0390625,37917.140625,37453.6015625,37647.19140625,37647.19140625,122956700
2020-08-28,37590.6796875,37905.4296875,37555.98046875,37794.25,37794.25,95345300
2020-08-31,37773.28125,37805.23828125,36788.671875,36840.73046875,36840.73046875,399817100
2020-09-01,36893.8203125,37532.9609375,36744.78125,37487.98828125,37487.98828125,187147300
2020-09-02,37656.0390625,37656.0390625,36973.76171875,37053.76953125,37053.76953125,147051300
2020-09-03,36984.44140625,37007.75,36384.69140625,36429.66015625,36429.66015625,157137000
2020-09-04,36366.55078125,36576.8203125,35853.578125,36448.5,36448.5,136693200
2020-09-07,36492.19921875,36725.30859375,36466.44921875,36637.44921875,36637.44921875,14432100
2020-09-08,36597.53125,36597.55078125,35748.0390625,36071.4296875,36071.4296875,124202100
2020-09-09,36115.23828125,36405.37890625,35915.421875,36157.9609375,36157.9609375,138264900
2020-09-10,36173.23828125,36372.96875,35908.98828125,36180.73828125,36180.73828125,174185900
2020-09-11,36258.0703125,36390.01953125,36110.6484375,36334.890625,36334.890625,280229300
2020-09-14,36780.44140625,37030.8203125,36595.12109375,36881.98828125,36881.98828125,150019800
2020-09-15,36983.19921875,37032.328125,36691.87109375,36729.1484375,36729.1484375,184597500
2020-09-17,36628.1796875,36628.1796875,36052.390625,36130.921875,36130.921875,232987200
2020-09-18,36255.87890625,36275.1484375,35972.03125,36017.3515625,36017.3515625,486905600
2020-09-21,35978.359375,35978.359375,35354.03125,35517.76953125,35517.76953125,110138500
2020-09-22,35537.4296875,35918.01953125,35428.859375,35853.578125,35853.578125,126610200
2020-09-23,35981.98828125,36119.3203125,35669.5,35829.578125,35829.578125,135746900
2020-09-24,35780.328125,36425.73828125,35772.01953125,36217.48828125,36217.48828125,190696500
2020-09-25,36280.01171875,36626.640625,35910.96875,36583.7109375,36583.7109375,184842700
2020-09-28,36904.890625,37329.578125,36825.3515625,37231.5,37231.5,204799200
2020-09-29,37268.01953125,37268.01953125,36973.19921875,37134.921875,37134.921875,134150700
2020-09-30,37145.91015625,37688.51171875,37098.33984375,37458.69140625,37458.69140625,198611000
2020-10-01,37435.73046875,37440.33984375,36582.109375,36626.109375,36626.109375,123598600
2020-10-02,36434.609375,36716.171875,36313.73828125,36642.37890625,36642.37890625,115541800
2020-10-05,36728.76953125,36952,36631.62109375,36740.328125,36740.328125,131829300
2020-10-06,36777.28125,37103.96875,36684.44921875,36947.87109375,36947.87109375,102728300
2020-10-07,37077.640625,37457.78125,36993.078125,37418.7890625,37418.7890625,122449600
2020-10-08,37440.66015625,38446.44140625,37380.1484375,38404.05078125,38404.05078125,175750800
2020-10-09,38369.28125,38718.4296875,38162.0703125,38478.578125,38478.578125,59366600
2020-10-12,38574.890625,38670,38287.44921875,38342.08984375,38342.08984375,165643500
2020-10-13,38298.83984375,38315.94140625,38087,38131.78125,38131.78125,119511500
2020-10-14,38139.98046875,38271.51953125,37915.328125,38025.71875,38025.71875,175342100
2020-10-15,37893.8515625,38111.94921875,37656.48046875,38059.23046875,38059.23046875,161152700
2020-10-16,38030.80859375,38292.1796875,37834,37876.48828125,37876.48828125,145696100
2020-10-19,37891.9296875,37993.828125,37557.5390625,37685.73828125,37685.73828125,123400600
2020-10-20,37726.4609375,38303.19140625,37694.19140625,38201.80859375,38201.80859375,169743200
2020-10-21,38366.05078125,38830.6015625,38281.80859375,38669.25,38669.25,226033900
2020-10-22,38693.1484375,38755.8203125,38392.48046875,38652.19140625,38652.19140625,218160200
2020-10-23,38728.76953125,38989.03125,38559.4296875,38707.71875,38707.71875,135919800
2020-10-26,38718.83984375,38718.83984375,38125.30078125,38245.859375,38245.859375,88901800
2020-10-27,38208.7890625,38244.30859375,37923.62890625,38001.30859375,38001.30859375,153207500
2020-10-28,37811.91015625,37871.5390625,36984.28125,37393.7109375,37393.7109375,166811700
2020-10-29,37404.69140625,37409.390625,36706.328125,36801.37109375,36801.37109375,124235400
2020-10-30,36691.01171875,37062.76953125,36662.12109375,36987.859375,36987.859375,266462300
2020-11-03,37123.171875,37632.03125,36885.80859375,37466.08984375,37466.08984375,168988500
2020-11-04,37582.1484375,37920.83984375,37408.5,37475.76171875,37475.76171875,116323000
2020-11-05,37621.78125,38426.328125,37503.48046875,38399.0703125,38399.0703125,175333100
2020-11-06,38401.6015625,38734.66015625,38356.12890625,38530.5,38530.5,160753700
2020-11-09,39085.671875,40228.73046875,39085.671875,39652.51953125,39652.51953125,261910500
2020-11-10,39731.87890625,40499.328125,39705.1796875,40404.578125,40404.578125,248709500
2020-11-11,40502.16015625,40980.2890625,40502.16015625,40858.94921875,40858.94921875,218303100
2020-11-12,40780.078125,40927.69140625,40241.44140625,40335.94921875,40335.94921875,133961100
2020-11-13,40464.640625,40848.76953125,40179.48046875,40791.80859375,40791.80859375,130010200
2020-11-17,40944.30078125,42027.37890625,40944.30078125,41948.7890625,41948.7890625,283566600
2020-11-18,42040.80859375,42661.5,41744.05859375,42252.609375,42252.609375,212897900
2020-11-19,42235.78125,42235.78125,41607.87109375,41868.8203125,41868.8203125,199706900
2020-11-20,41934.12890625,42153.140625,41775.98828125,41905.05859375,41905.05859375,119931900
2020-11-23,41978.62890625,42391.73046875,41871.66015625,42267.19921875,42267.19921875,124783600
2020-11-24,42386.6015625,42918.46875,42347.44921875,42736.48046875,42736.48046875,220161700
2020-11-25,42755.0703125,42755.0703125,42157.87890625,42200.58984375,42200.58984375,165257500
2020-11-26,42121.62109375,42493.4609375,41904.328125,42412.46875,42412.46875,102061300
2020-11-27,42527.33984375,42546.46875,41594.80859375,41674.30078125,41674.30078125,91401900
2020-11-30,41693.80859375,41846.828125,41439.359375,41778.87109375,41778.87109375,800216100
2020-12-01,41987.4296875,43204.1015625,41902.76953125,42895.62890625,42895.62890625,224469600
2020-12-02,43010.48046875,43730.9609375,42956.73046875,43674.828125,43674.828125,174294200
2020-12-03,43512.26953125,44013.109375,43477.66015625,43934.2109375,43934.2109375,175436600
2020-12-04,44060.30859375,44606.30859375,43586.421875,43646.03125,43646.03125,181383000
2020-12-07,43695.890625,43745.1796875,43058.44921875,43255.25,43255.25,138348100
2020-12-08,43221.6484375,43625.9609375,42890.94921875,43098.640625,43098.640625,195805600
2020-12-09,43134.94921875,43160.421875,42651.58984375,42736.9609375,42736.9609375,150237200
2020-12-10,42931.80859375,43686.73046875,42853.75,43518.7109375,43518.7109375,179638100
2020-12-11,43576.03125,43793.171875,43256.46875,43612.30859375,43612.30859375,184977700
2020-12-14,43735.640625,43806.828125,43243.51953125,43569.83984375,43569.83984375,233288900
2020-12-15,43619.98046875,44020.73828125,43496.05859375,43543.3515625,43543.3515625,214805000
2020-12-16,43618.3515625,43917.8515625,43583.828125,43790.421875,43790.421875,286997500
2020-12-17,43798.05859375,44581.23046875,43761.5703125,44326.05078125,44326.05078125,313831200
2020-12-18,44428.3515625,44741.23828125,43343.921875,43873.80859375,43873.80859375,666074900
2020-12-21,43587.58984375,43660.28125,43136.421875,43246.23828125,43246.23828125,126314800
2020-12-22,43317.30078125,43373.83984375,42576.421875,42601.7109375,42601.7109375,100170800
2020-12-23,42687.26171875,43697.37890625,42620.328125,43597.30078125,43597.30078125,119034900
2020-12-24,43628.83984375,43643.0703125,43304.26953125,43372.19921875,43372.19921875,45207600
2020-12-28,43509,43958.6015625,43509,43883.41015625,43883.41015625,55446300
2020-12-29,43917.19140625,44739.98828125,43870.359375,44693.98828125,44693.98828125,95876700
2020-12-30,44792.05078125,45364.5703125,44573.671875,44693.9609375,44693.9609375,82856500
2020-12-31,44642.2890625,44650.921875,44016.58984375,44066.87890625,44066.87890625,55365200
2021-01-04,44200.0390625,45299.01171875,44186.9609375,44703,44703,87067500
2021-01-05,44751.76953125,44947.5390625,44485.671875,44908.12109375,44908.12109375,164420500
2021-01-06,45204.55859375,46251.05078125,45158.98046875,45587.16015625,45587.16015625,240344800
2021-01-07,45877.44921875,46271.98828125,45797.30078125,46188.66015625,46188.66015625,221127900
2021-01-08,46236.5703125,46925.05859375,46179.25,46729.30078125,46729.30078125,346659500
2021-01-11,46661.828125,46664.66015625,46038.3984375,46395.3203125,46395.3203125,180062200
2021-01-12,46448.71875,46658.55078125,45854.859375,45951.76953125,45951.76953125,201068500
2021-01-13,46048.01171875,46085.53125,45491.76171875,45740.1484375,45740.1484375,180414700
2021-01-14,45821.23828125,46251.390625,45609.33984375,46070.91015625,46070.91015625,194114500
2021-01-15,46093.98828125,46093.98828125,45686.25,45892.28125,45892.28125,153123700
2021-01-18,45878.37890625,46532.16015625,45878.359375,46458.01953125,46458.01953125,49419000
2021-01-19,46581.9609375,46599.62109375,45415.328125,45495.41015625,45495.41015625,211311800
2021-01-20,45726.98828125,45726.98828125,44875.26171875,45125.7109375,45125.7109375,222455000
2021-01-21,45330.98828125,45428.7109375,44727.3203125,44810.2109375,44810.2109375,204102900
2021-01-22,44756.62890625,44811.69140625,44119.578125,44683.55078125,44683.55078125,153347700
2021-01-25,44850.12890625,45203.7890625,44028.8515625,45126.51171875,45126.51171875,168987800
2021-01-26,45066.3984375,45114.37890625,44483.8984375,45053.55859375,45053.55859375,224492100
2021-01-27,44733.8203125,44759.7109375,43922.98828125,44262.01171875,44262.01171875,247130000
2021-01-28,44365.2890625,44578.609375,43914.890625,44280.73046875,44280.73046875,192065600
2021-01-29,44122.6015625,44211.37109375,42900.9609375,42985.73046875,42985.73046875,401821000
2021-02-02,43152.30859375,44435.69140625,43152.30859375,43848.921875,43848.921875,378546500
2021-02-03,43954.7109375,44122.21875,43521.26953125,43957.0703125,43957.0703125,818164800
2021-02-04,44012.7890625,44334.94921875,43936.19140625,44167.578125,44167.578125,233341500
2021-02-05,44239.12890625,44636.8203125,44081.7109375,44145.69921875,44145.69921875,124370000
2021-02-08,44199.37890625,44440.73046875,44015.69921875,44197.51171875,44197.51171875,167093800
2021-02-09,44225.26171875,45103.30859375,44214.5390625,45020.9609375,45020.9609375,176810900
2021-02-10,45180.671875,45235.53125,44651.87890625,44718.23046875,44718.23046875,155706400
2021-02-11,44750.23046875,45074.46875,43968.87109375,44060.08984375,44060.08984375,182011300
2021-02-12,44088.5,44239.7890625,43923.87109375,44202.51953125,44202.51953125,119778500
2021-02-15,44228.109375,44303.96875,44073.48046875,44157.48828125,44157.48828125,18282500
2021-02-16,44325.3203125,44836.859375,44325.3203125,44698.58984375,44698.58984375,140771100
2021-02-17,44667.05078125,45175.3203125,44533.46875,45061.94921875,45061.94921875,217832900
2021-02-18,44968.1796875,44991.21875,44430.9609375,44507.94921875,44507.94921875,272232300
2021-02-19,44686.7890625,45116.109375,44633.390625,44900.078125,44900.078125,172848900
2021-02-22,44988.3984375,45233.3203125,44743.359375,44946.6015625,44946.6015625,243609100
2021-02-23,44794.80078125,45599.01171875,44397,45268.328125,45268.328125,196669900
2021-02-24,45278.05078125,45445.5703125,44972.19921875,45151.37890625,45151.37890625,200388200
2021-02-25,45306.390625,45738.1484375,44232.421875,44310.26953125,44310.26953125,270064300
2021-02-26,44305.19921875,44670.6796875,44089.3203125,44592.91015625,44592.91015625,396111700
2021-03-01,44787.66015625,45243.33984375,44614.6796875,44784.578125,44784.578125,150723600
2021-03-02,44766.78125,45818.94921875,44750.8515625,45682.19140625,45682.19140625,178031600
2021-03-03,45873.7109375,46480.73046875,45706.94140625,46377.46875,46377.46875,225885700
2021-03-04,46366.48828125,46689.4609375,45932.8203125,46004.19140625,46004.19140625,228834000
2021-03-05,46265.8515625,46708.78125,45994.44140625,46342.5390625,46342.5390625,207373600
2021-03-08,46365.94921875,47297.328125,46295.53125,47075.41015625,47075.41015625,211292600
2021-03-09,47169.80078125,47396.33984375,46904.8515625,47103.6015625,47103.6015625,216279500
2021-03-10,47169.7109375,47619.16015625,46943.19921875,47549.671875,47549.671875,168621800
2021-03-11,47567.1796875,47900.421875,47543.859375,47673.8203125,47673.8203125,166637900
2021-03-12,47574.5,47987.23046875,47478.4296875,47769.87109375,47769.87109375,168348900
2021-03-16,47778.7109375,48251.73046875,47427.7109375,48203.94921875,48203.94921875,2152200
2021-03-17,48204.03125,48314.23828125,47627.41015625,47679.48828125,47679.48828125,1431500
2021-03-18,47799.1484375,47928.69921875,47535.921875,47572.390625,47572.390625,131592500
2021-03-19,47422.25,47654.12890625,46932.671875,47028.0390625,47028.0390625,704660100
2021-03-22,47123.109375,47567.62109375,47009.6015625,47225.44140625,47225.44140625,122860600
2021-03-23,47309.23828125,47309.23828125,46603.51953125,46659.1796875,46659.1796875,151281300
2021-03-24,46755.87109375,46928.4609375,46559.37109375,46703.140625,46703.140625,148714600
2021-03-25,46524.55859375,47062.640625,46372.8984375,47012.37109375,47012.37109375,178236100
2021-03-26,47354.21875,47490.078125,46628.01953125,47379.19140625,47379.19140625,149907400
2021-03-29,47430.78125,47790.12109375,47141.5703125,47747.359375,47747.359375,161957000
2021-03-30,47736.98828125,47936.5703125,47327.23046875,47905,47905,141892600
2021-03-31,47838.2890625,47865.05078125,47030.76171875,47246.26171875,47246.26171875,258737600
2021-04-05,47575.609375,48335.51953125,47487.51953125,48245.8515625,48245.8515625,120250200
2021-04-06,48238.671875,48238.671875,47876.08984375,47985.4296875,47985.4296875,106725000
2021-04-07,47571.55078125,48053.16015625,47478.62109375,47897.83984375,47897.83984375,166002400
2021-04-08,47853.55859375,48315.3203125,47756.98046875,48188.1484375,48188.1484375,148442300
2021-04-09,48185.078125,48253.12109375,47588.9296875,47627.671875,47627.671875,138001200
2021-04-12,47576.3203125,47754.51953125,47253.4609375,47352.1796875,47352.1796875,116556700
2021-04-13,47356.83984375,47544.19140625,47138.33984375,47503.7109375,47503.7109375,171055700
2021-04-14,47949.1484375,48380.75,47848.66015625,48329.83984375,48329.83984375,148201400
2021-04-15,48322.98046875,48685.44140625,48195.30859375,48514.1015625,48514.1015625,160703400
2021-04-16,48513.33984375,48947.19140625,48412.44140625,48726.98046875,48726.98046875,129972900
2021-04-19,48712.01953125,48759.76171875,48029.7109375,48072.62109375,48072.62109375,114200400
2021-04-20,48073.44140625,48559.171875,47877.7109375,48528.96875,48528.96875,150164800
2021-04-21,48476.609375,49021.62890625,48476.609375,48867.62109375,48867.62109375,144621700
2021-04-22,48961.05078125,49161.19140625,48663.53125,49092.30859375,49092.30859375,187482600
2021-04-23,49087.0390625,49226.26171875,48760.2109375,49091.08984375,49091.08984375,155930600
2021-04-26,49188,49313.3203125,48862.421875,48923.9296875,48923.9296875,125390100
2021-04-27,49115.078125,49399.62109375,48744.87109375,48812.171875,48812.171875,157373800
2021-04-28,48840.921875,48988.1796875,48432.5703125,48487.94140625,48487.94140625,115918500
2021-04-29,48799.87109375,49364.37890625,48714.0703125,48897.7890625,48897.7890625,171030900
2021-04-30,48671.26953125,48911.8984375,47924.1015625,48009.71875,48009.71875,238308000
2021-05-03,48191.6796875,48585.48828125,48191.6796875,48498.640625,48498.640625,91968600
2021-05-04,48498.71875,48528.390625,48089.5703125,48328.19921875,48328.19921875,141953800
2021-05-05,48366.26953125,48723.80078125,48341.37109375,48399.80078125,48399.80078125,114072200
2021-05-06,48570.640625,49006.26953125,48456.37890625,48934.91015625,48934.91015625,241871300
2021-05-07,48988.671875,49440.87890625,48894.828125,49249.01953125,49249.01953125,123993500
2021-05-10,49295.9609375,50124.6015625,49295.9609375,49867.1484375,49867.1484375,118903200
2021-05-11,49542.78125,49704.62109375,49226.23046875,49655.2890625,49655.2890625,118784100
2021-05-12,49675.578125,49675.578125,48707.578125,48748.41015625,48748.41015625,122382500
2021-05-13,48906.1015625,49179.1015625,48704.23828125,48829.30859375,48829.30859375,123511700
2021-05-14,48829.58984375,49365.62109375,48829.58984375,49219.26171875,49219.26171875,91084600
2021-05-17,49223.359375,49401.5703125,49049.828125,49371.98046875,49371.98046875,107674600
2021-05-18,49500.19140625,49973.828125,49486.91015625,49789.30859375,49789.30859375,150170300
2021-05-19,49563.58984375,49563.58984375,48906.3203125,49382.25,49382.25,141399100
2021-05-20,49604.96875,49980.4609375,49160.05859375,49907.359375,49907.359375,281425100
2021-05-21,49975.9609375,49997.8203125,49376.53125,49778.80859375,49778.80859375,89459300
2021-05-24,49847.30078125,49853.76953125,49352.0703125,49457.9296875,49457.9296875,70692000
2021-05-25,49450.19921875,49515.171875,48781.828125,48826.94921875,48826.94921875,113002700
2021-05-26,48931.69140625,49254.609375,48907.6796875,49103.5,49103.5,142775700
2021-05-27,49188.01953125,49727.80078125,49148.05859375,49627.94921875,49627.94921875,487953200
2021-05-28,49784.98828125,50111.66015625,49411.0390625,50040.73828125,50040.73828125,125683000
2021-05-31,50023.390625,51066.859375,49952.80078125,50885.94921875,50885.94921875,56300100
2021-06-01,50943.23828125,51037.421875,50603.26171875,50722.3515625,50722.3515625,155835500
2021-06-02,50762.4609375,51077.2890625,50666.9609375,50749.640625,50749.640625,166555600
2021-06-03,50716.01953125,50768.30078125,50249.109375,50628.76953125,50628.76953125,150542500
2021-06-04,50629.3203125,50683.4609375,50222.91015625,50484.3515625,50484.3515625,115113400
2021-06-07,50500.9609375,51705.23046875,50493.73828125,51427.640625,51427.640625,155900000
2021-06-08,51391.51953125,51391.51953125,50703.9609375,50865.2109375,50865.2109375,144818900
2021-06-09,50853.19921875,50975.578125,50670.3203125,50823.30078125,50823.30078125,121780500
2021-06-10,50938.640625,51194.83984375,50782.62109375,50886.328125,50886.328125,97691100
2021-06-11,51052.8984375,51434.75,50948.890625,51286.4609375,51286.4609375,105546200
2021-06-14,51293.62109375,51322.62109375,50982.51953125,51029.5390625,51029.5390625,84788000
2021-06-15,51092.73828125,51097.19921875,50807.58984375,50908.1796875,50908.1796875,145221100
2021-06-16,50944.12890625,50951.76953125,50419.1015625,50579.1015625,50579.1015625,143164200
2021-06-17,50599.94140625,50952.3203125,49995.078125,50202.80078125,50202.80078125,178430900
2021-06-18,50121.08984375,50522.109375,49848.05078125,50319.5703125,50319.5703125,420633700
2021-06-21,50320.12890625,50447.3203125,50107.05859375,50315.69140625,50315.69140625,89256100
2021-06-22,50391.1796875,50437.75,49832.109375,50129.87890625,50129.87890625,99972900
2021-06-23,50164.078125,50531.76171875,50044.390625,50170.78125,50170.78125,141137000
2021-06-24,50316.671875,50682.12890625,50040.73828125,50558.3203125,50558.3203125,162838200
2021-06-25,50496.859375,50690.12109375,50434.5390625,50549.859375,50549.859375,116876100
2021-06-28,50568.33984375,50677.5703125,50103.75,50351.2109375,50351.2109375,86499200
2021-06-29,50326,50444.62109375,50156.12890625,50337.359375,50337.359375,154947000
2021-06-30,50350.6484375,50469.98828125,50020.23046875,50289.75,50289.75,147098800
2021-07-01,50244.01953125,50541.8515625,50118.80859375,50376.890625,50376.890625,108643200
2021-07-02,50351.26953125,50360.4609375,50162.71875,50223.01171875,50223.01171875,88286200
2021-07-05,50239.28125,50609.3984375,50239.28125,50552.80078125,50552.80078125,20040000
2021-07-06,50598.76171875,50598.76171875,49643.9609375,50048.890625,50048.890625,121858900
2021-07-07,50129.01171875,50219.4609375,49757.94140625,50052.91015625,50052.91015625,124804600
2021-07-08,49791.51171875,49791.51171875,49355.12890625,49570.87109375,49570.87109375,144305200
2021-07-09,49524.890625,49994.5,49524.890625,49768.3515625,49768.3515625,81984500
2021-07-12,49743.44921875,49878.44140625,49516.3984375,49789.12109375,49789.12109375,76648400
2021-07-13,49848.76171875,49892.26953125,49074.73046875,49274.96875,49274.96875,91260500
2021-07-14,49424.109375,49520.421875,49177.01171875,49435.87890625,49435.87890625,164546700
2021-07-15,49527.1796875,50429.8984375,49494.8984375,50274.8515625,50274.8515625,131898000
2021-07-16,50226.671875,50243.80078125,49780.3203125,50148.12890625,50148.12890625,102484000
2021-07-19,49960.78125,49960.78125,48598.08984375,49096.46875,49096.46875,132901500
2021-07-20,49208.44140625,49546.30078125,49136.6484375,49256.96875,49256.96875,96872600
2021-07-21,49249.5,50113.98828125,49249.5,50035.171875,50035.171875,93416700
2021-07-22,50081.4609375,50340.1484375,49861.69140625,50240.51171875,50240.51171875,108111900
2021-07-23,50324.5703125,50397.109375,50098.55859375,50268.44921875,50268.44921875,59065400
2021-07-26,50317.5703125,51140.3515625,50290.83984375,50897.7890625,50897.7890625,104723700
2021-07-27,50926.171875,51041.12109375,50606.12890625,50910.53125,50910.53125,144956000
2021-07-28,50949.96875,51366.96875,50890.44921875,51344.109375,51344.109375,118638300
2021-07-29,51393.26171875,51856.6796875,51282.66015625,51634.6015625,51634.6015625,176416800
2021-07-30,51516.66015625,51516.66015625,50783.44921875,50868.3203125,50868.3203125,195832800
2021-08-02,50983.80078125,51306.3515625,50795.8984375,50869.48046875,50869.48046875,121946900
2021-08-03,50872.26171875,51695.23046875,50669.76953125,51633.91015625,51633.91015625,175698100
2021-08-04,51611.28125,51612.53125,50982.2890625,51195.4296875,51195.4296875,128723600
2021-08-05,51224.171875,51441.55078125,50977.62890625,51134.9296875,51134.9296875,126826300
2021-08-06,51028.76171875,51392.7109375,51018.83984375,51113.8515625,51113.8515625,118829900
2021-08-09,51085.94921875,51131.19921875,50806.23828125,50900.4609375,50900.4609375,117862700
2021-08-10,50988.26953125,51263.48828125,50817.7890625,51114.16015625,51114.16015625,109661500
2021-08-11,51192.91015625,51399.80078125,51068.03125,51311.6015625,51311.6015625,122163000
2021-08-12,51292.83984375,51293.05078125,51000.12109375,51049.69140625,51049.69140625,126606700
2021-08-13,51103.5703125,51529.0703125,51022.76953125,51490.94140625,51490.94140625,100725100
2021-08-16,51380.05078125,51563.671875,51094.73046875,51384.91015625,51384.91015625,88687600
2021-08-17,51413.62890625,51634.48046875,51177.55859375,51576.578125,51576.578125,208406000
2021-08-18,51592.37890625,52082.5390625,51350.171875,51986.078125,51986.078125,194605400
2021-08-19,51809.98828125,51809.98828125,50776.98828125,51099.359375,51099.359375,155079600
2021-08-20,51256.25,51593.33984375,50985.80078125,51414.3203125,51414.3203125,127164900
2021-08-23,51429.8984375,52227.91015625,51429.8984375,52054.640625,52054.640625,112278800
2021-08-24,52022.73046875,52360.98828125,51895.28125,51985,51985,136483500
2021-08-25,52193.71875,52381.390625,51946.51171875,52345.390625,52345.390625,123767400
2021-08-26,52284.26171875,52420.05859375,51944.5,52290.69140625,52290.69140625,154050900
2021-08-27,52492.12890625,52492.12890625,52188.921875,52425.640625,52425.640625,124318800
2021-08-30,52431.05078125,52680.5,52127.3203125,52602.0703125,52602.0703125,107082500
2021-08-31,52631.328125,53375.890625,52618.46875,53304.73828125,53304.73828125,329112800
2021-09-01,53400.26953125,53400.26953125,52131.19921875,52215.5390625,52215.5390625,147255900
2021-09-02,52196.98046875,52261.41015625,51939.1484375,52087.46875,52087.46875,115079200
2021-09-03,52172.94140625,52205.94921875,51738.8515625,51835.08984375,51835.08984375,97441400
2021-09-06,51829.94921875,52367.51953125,51769.53125,52283.109375,52283.109375,20470300
2021-09-07,52289.73046875,52289.80859375,51791.640625,51950.44921875,51950.44921875,115536800
2021-09-08,51865.48046875,51865.48046875,51378.671875,51469.71875,51469.71875,131633000
2021-09-09,51461.26171875,51508.73046875,51193.671875,51395.05859375,51395.05859375,132670200
2021-09-10,51511.19921875,51786.71875,51441,51521.80078125,51521.80078125,100823300
2021-09-13,51556.828125,52047.3515625,51428.8203125,51496.7109375,51496.7109375,108932900
2021-09-14,51507.76171875,51951.76171875,51297.19921875,51815.171875,51815.171875,166224100
2021-09-15,51793.578125,52238.5,51782.8984375,52192.328125,52192.328125,174574100
2021-09-17,52195.2109375,52195.2109375,51266.33984375,51307.7109375,51307.7109375,598584300
2021-09-20,51264.30078125,51264.30078125,50402.921875,50557.6484375,50557.6484375,150617700
2021-09-21,50687.4609375,50950.37890625,50491.2890625,50828.12890625,50828.12890625,143968300
2021-09-22,50879.62890625,51577.55859375,50852.03125,51338.33984375,51338.33984375,134806300
2021-09-23,51342.12890625,51590.69921875,51306.94140625,51464.26953125,51464.26953125,180099100
2021-09-24,51378.921875,51426.33984375,51036.4609375,51105.7109375,51105.7109375,111610200
2021-09-27,51124.421875,51690.94921875,51047.94140625,51598.53125,51598.53125,132819900
2021-09-28,51609.5390625,51616.9296875,50877.21875,50925.51953125,50925.51953125,169423900
2021-09-29,50994.359375,51287.87890625,50782.30078125,51084.609375,51084.609375,199580000
2021-09-30,51189.91015625,51409.390625,50963.828125,51385.55078125,51385.55078125,196392600
2021-10-01,51376.69140625,51387.25,50850.6484375,51060.05078125,51060.05078125,128083100
2021-10-04,51066.23828125,51401.890625,50757.859375,50862.94140625,50862.94140625,95816200
2021-10-05,50904.9609375,51078.8515625,50810.828125,51056.94140625,51056.94140625,144501500
2021-10-06,50994.421875,51020.01171875,50558.16015625,50974.48828125,50974.48828125,152504600
2021-10-07,51085.859375,51453.5390625,50838.96875,50876.98046875,50876.98046875,217620300
2021-10-08,50899.33984375,51398.44921875,50852.6484375,51136.62109375,51136.62109375,124815100
2021-10-11,51134.6015625,51801.46875,51134.6015625,51646.75,51646.75,98687800
2021-10-12,51755.23046875,52068.859375,51690.48046875,51835.87890625,51835.87890625,124395700
2021-10-13,51917.7109375,51991.0703125,51518.2109375,51812.87109375,51812.87109375,179795700
2021-10-14,51929.75,52302.078125,51929.75,52140.23828125,52140.23828125,169512300
2021-10-15,52240.94140625,52849.87890625,52240.94140625,52798.37890625,52798.37890625,172591700
2021-10-18,52834.7109375,52942.26171875,52538.12109375,52686.03125,52686.03125,127994100
2021-10-19,52672.4609375,52733.609375,52242.73046875,52402.73046875,52402.73046875,127364900
2021-10-20,52336.62890625,52688.21875,52234.78125,52298.19921875,52298.19921875,130915600
2021-10-21,52236.1015625,52252.390625,51521.94140625,52020.05078125,52020.05078125,170061400
2021-10-22,51970.578125,52250.55078125,51737.390625,51889.66015625,51889.66015625,142807500
2021-10-25,51892.3203125,52144.96875,51655.9609375,51833.80078125,51833.80078125,123948700
2021-10-26,52051.62890625,52244.71875,51885.62890625,52206.58984375,52206.58984375,138935500
2021-10-27,52189.609375,52194.23046875,51648.859375,51714.6015625,51714.6015625,118290800
2021-10-28,51762,51767.421875,51200.3984375,51248.83984375,51248.83984375,151378500
2021-10-29,51193.83984375,51503.578125,50997.109375,51309.83984375,51309.83984375,145758900
2021-11-01,51353.609375,51880.01953125,51353.609375,51653.26171875,51653.26171875,91186600
2021-11-03,51648.83984375,51965.51953125,51503.12890625,51876.80859375,51876.80859375,203221300
2021-11-04,51838.62890625,51967.41015625,51338.69140625,51873.4609375,51873.4609375,182211500
2021-11-05,51907.26953125,52220.3984375,51779.23828125,51977.9609375,51977.9609375,197701000
2021-11-08,52000.2109375,52577.328125,51979.51171875,52251.48828125,52251.48828125,201344200
2021-11-09,52250.48828125,52340,51778.03125,52114.12109375,52114.12109375,183571400
2021-11-10,52153.94140625,52171.25,51590.51953125,51704.3984375,51704.3984375,127670700
2021-11-11,51767.80078125,51815.51171875,51514.87890625,51707.01171875,51707.01171875,134926600
2021-11-12,51739.87890625,51937.37109375,51350.359375,51432.5390625,51432.5390625,184078600
2021-11-16,51422.12890625,51585.640625,51000.91015625,51161.5,51161.5,211551200
2021-11-17,51197.98046875,51210.83984375,50678.33984375,51045.1015625,51045.1015625,134527900
2021-11-18,51134.91015625,51243.96875,50552.44921875,50831.94921875,50831.94921875,162724400
2021-11-19,50724.2890625,50891.390625,50535.109375,50811.30078125,50811.30078125,143936400
2021-11-22,50864.01171875,50945.890625,50407.28125,50497.078125,50497.078125,136095800
2021-11-23,50447.828125,51182.78125,50437.76953125,51116.3203125,51116.3203125,150734000
2021-11-24,51157.05859375,51236.578125,50639.4296875,50848.03125,50848.03125,181050100
2021-11-25,50838.2109375,50887.87890625,50580.48828125,50625,50625,52596300
2021-11-26,50480.5,50480.5,49064.671875,49492.51953125,49492.51953125,170088800
2021-11-29,49520.30078125,49875.69140625,49268.76953125,49796.30078125,49796.30078125,242967200
2021-11-30,49623.3984375,49873.859375,49116.94140625,49698.71875,49698.71875,840279400
2021-12-01,49879.76171875,50752.12109375,49869.01171875,50007.16015625,50007.16015625,223344700
2021-12-02,50032.21875,50956.1484375,49900.80078125,50927.37890625,50927.37890625,159026600
2021-12-03,50870.66015625,51413.05859375,50528.8984375,50597.2890625,50597.2890625,181641200
2021-12-06,50590.859375,50842.3515625,50445.25,50605.55859375,50605.55859375,125368500
2021-12-07,50690.1484375,51009.75,50501.19140625,50918.28125,50918.28125,181685300
2021-12-08,50929.26171875,51121,50722.390625,51056.26953125,51056.26953125,143869000
2021-12-09,51060.8203125,51305.44140625,50785.19921875,51238.01953125,51238.01953125,147693500
2021-12-10,51194.23046875,51240.19140625,50935.6484375,51213.48046875,51213.48046875,121603300
2021-12-13,51214.609375,51218.96875,50327.078125,50419.171875,50419.171875,246013200
2021-12-14,50401.21875,51481.69921875,50291.01953125,51241.46875,51241.46875,238023800
2021-12-15,51141.390625,51291.03125,50728.98828125,51163.66015625,51163.66015625,182077000
2021-12-16,51264.55859375,51899.87109375,51147.28125,51384.05859375,51384.05859375,142780800
2021-12-17,51296.05859375,52477.828125,51227.19921875,52379.37109375,52379.37109375,510546300
2021-12-20,52333.26171875,52333.26171875,51319.55078125,51623.859375,51623.859375,121895900
2021-12-21,51916.01953125,52188.41015625,51593.921875,52085.28125,52085.28125,144351900
2021-12-22,52146.01171875,52450.8515625,51956.98828125,52403.05078125,52403.05078125,113832100
2021-12-23,52413.55859375,52872.73828125,52355.3515625,52650.91015625,52650.91015625,96501500
2021-12-24,52615.28125,52901.71875,52548.58984375,52853.37890625,52853.37890625,5240400
2021-12-27,52853.66015625,53309.51171875,52558.8515625,53259.55859375,53259.55859375,60916800
2021-12-28,53201.69140625,53630.53125,53106.3984375,53238.48046875,53238.48046875,84095500
2021-12-29,53223.76171875,53500.3203125,52668.33984375,52748.9296875,52748.9296875,57322300
2021-12-30,52809.78125,53253.62109375,52752.73046875,53175.25,53175.25,83757300
2021-12-31,53099.76953125,53387.21875,53011.0703125,53272.44140625,53272.44140625,48616100
2022-01-03,53278.109375,53603.828125,52901.7109375,52941.01171875,52941.01171875,56603700
2022-01-04,53073.078125,53334,52888.73046875,53016.78125,53016.78125,105053500
2022-01-05,52927.53125,53253.0703125,52909.7890625,53024.1484375,53024.1484375,110514300
2022-01-06,52964.671875,53145.80859375,52768.80859375,53055.30859375,53055.30859375,145921900
2022-01-07,53020.12890625,53244.91015625,52896.25,53202.109375,53202.109375,104193500
2022-01-10,53202.83984375,53301.94140625,52809.109375,52835.76171875,52835.76171875,116966800
2022-01-11,52841.05078125,53121.46875,52740.3515625,53061.921875,53061.921875,167682100
2022-01-12,53068.12109375,53991.328125,53068.12109375,53951.140625,53951.140625,161608700
2022-01-13,53981.55078125,54102.48828125,53793.75,53930.44921875,53930.44921875,172794800
2022-01-14,53824.76953125,53861.7109375,53476.91015625,53744.921875,53744.921875,135837800
2022-01-17,53742.37109375,54219.140625,53742.37109375,53973.26953125,53973.26953125,34731100
2022-01-18,53985.4609375,53987.62890625,53187.4609375,53232.19921875,53232.19921875,141857000
2022-01-19,53239.98828125,53402.44140625,52679.1796875,52823.23046875,52823.23046875,159266300
2022-01-20,52826.23046875,53017.390625,52424.69921875,52508.3515625,52508.3515625,144882400
2022-01-21,52432.0703125,52432.0703125,51386.6796875,51599.37890625,51599.37890625,192929500
2022-01-24,51578.421875,51578.421875,49673.640625,50890.58984375,50890.58984375,212713200
2022-01-25,50792,51285.48046875,50006.6484375,51104.390625,51104.390625,220721800
2022-01-26,51314.26953125,51507.87890625,50871.6796875,51037.05078125,51037.05078125,199201500
2022-01-27,51208.23046875,51282.03125,50408.578125,50466.01953125,50466.01953125,203835100
2022-01-28,50522,50919.37890625,50101.9296875,50661.859375,50661.859375,214808200
2022-01-31,50670.28125,51569.26171875,50631.62109375,51330.8515625,51330.8515625,229565500
2022-02-01,51511.26953125,51856.28125,51290.7890625,51782.671875,51782.671875,138327000
2022-02-02,51849.76171875,52120.640625,51766.16015625,52023.26953125,52023.26953125,98044700
2022-02-03,51846.44921875,51885.37109375,51099.890625,51145.109375,51145.109375,147091600
2022-02-04,51101.23046875,51436.94140625,50850.3203125,51255.30859375,51255.30859375,122401900
2022-02-08,51281.26171875,52340.03125,51011.87109375,52294.578125,52294.578125,175285900
2022-02-09,52470.73828125,52816.7890625,52314.05078125,52761.91015625,52761.91015625,178162400
2022-02-10,52679.94140625,52903.1484375,52371.9296875,52599.578125,52599.578125,256316700
2022-02-11,52512.05859375,53630.05078125,52468.03125,53229.26171875,53229.26171875,188380600
2022-02-14,53232.26171875,53232.26171875,52161.671875,52334.73046875,52334.73046875,218800100
2022-02-15,52430.3515625,53520.23046875,52410.2890625,53210.94140625,53210.94140625,189081300
2022-02-16,53188.8984375,53901.91015625,53051.609375,53680.859375,53680.859375,171986900
2022-02-17,53613.5390625,53680.2890625,52606.9609375,52712.05859375,52712.05859375,147050500
2022-02-18,52723.48828125,52828.51953125,52218.30859375,52281.53125,52281.53125,126987300
2022-02-21,52281.53125,52302.421875,51762.05078125,52025.1796875,52025.1796875,39446100
2022-02-22,52075.828125,52664.37890625,51928.28125,52600.44921875,52600.44921875,186724800
2022-02-23,52610.62890625,52610.62890625,51252.6484375,51362.94921875,51362.94921875,259407900
2022-02-24,50727.9296875,51589.96875,50003.08984375,51454.05078125,51454.05078125,240722300
2022-02-25,51488.578125,52600.05078125,51439.6484375,52555.6015625,52555.6015625,201522500
2022-02-28,52528.7109375,53600.12109375,51990.91015625,53400.609375,53400.609375,951227400
2022-03-01,53403.890625,53855.4609375,52880.98046875,53168.8203125,53168.8203125,182506700
2022-03-02,53292.94921875,53610.0703125,53059.01171875,53300.66015625,53300.66015625,198225700
2022-03-03,53297.7890625,54095.6484375,53235.5703125,53528.01171875,53528.01171875,216851700
2022-03-04,53450.5,53450.5,52691.76171875,53322.05078125,53322.05078125,226441200
2022-03-07,53354.94140625,53354.94140625,51884.078125,52312.609375,52312.609375,239255300
2022-03-08,52393.4609375,53555.91015625,52096.01171875,53288.23046875,53288.23046875,266746200
2022-03-09,53202.30078125,54000.03125,53202.30078125,53911.76171875,53911.76171875,221895300
2022-03-10,53802.94921875,54019.4296875,53316.01953125,53387.62109375,53387.62109375,189252400
2022-03-11,53514.8203125,53806.2109375,53181.6796875,53300.69921875,53300.69921875,152584900
2022-03-14,53300.69921875,53300.69921875,52427.578125,52807.62109375,52807.62109375,242372000
2022-03-15,52735.69140625,53121.390625,52437.05078125,53010.01171875,53010.01171875,324397600
2022-03-16,52997.109375,53939.87890625,52997.109375,53411.87890625,53411.87890625,239444000
2022-03-17,53456.48046875,54447.0390625,53277.421875,54364.51171875,54364.51171875,186804900
2022-03-18,54413.91015625,55788.87109375,53815.4296875,55467.05859375,55467.05859375,770890800
2022-03-22,55468.109375,55902.28125,55205.640625,55722.48046875,55722.48046875,244986500
2022-03-23,55634.9609375,55712.8203125,55026.421875,55154.6796875,55154.6796875,155675600
2022-03-24,55198.5390625,55907.48828125,54990.0703125,55829.859375,55829.859375,163274100
2022-03-25,55833.1484375,55850.828125,55004.37890625,55436.05078125,55436.05078125,145206600
2022-03-28,55436.44921875,55779.73046875,55335.859375,55685.140625,55685.140625,122106400
2022-03-29,55590.46875,56276.390625,55517.3203125,56111.2109375,56111.2109375,244298600
2022-03-30,56129.46875,56174.55859375,55526.96875,55814.98828125,55814.98828125,214854100
2022-03-31,55811.3984375,56730.53125,55811.3984375,56536.6796875,56536.6796875,226310800
2022-04-01,56530.55859375,57064.16015625,56274.78125,56609.5390625,56609.5390625,184368800
2022-04-04,56610.03125,56783.6796875,56181.33984375,56313.2109375,56313.2109375,102837400
2022-04-05,56218.23046875,56296.12109375,55395.01171875,55547.2890625,55547.2890625,179414900
2022-04-06,55562.96875,55851.26171875,55323,55438.73046875,55438.73046875,188733200
2022-04-07,55494.69921875,55646.2890625,55195.51171875,55280.58984375,55280.58984375,241694700
2022-04-08,55338.640625,55350.05859375,54591.73046875,54687.25,54687.25,117204900
2022-04-11,54678.05078125,54678.05078125,54279.6484375,54463.828125,54463.828125,115515000
2022-04-12,54624.30078125,54809.109375,53750.828125,53907.25,53907.25,186074800
2022-04-13,53976.8203125,54414.12109375,53697.421875,54172.62109375,54172.62109375,102401200
2022-04-18,54172.62109375,54582.7890625,54063.78125,54139.69140625,54139.69140625,101327700
2022-04-19,54219.609375,54718.33984375,54175.48046875,54633.76171875,54633.76171875,154399600
2022-04-20,54676.05859375,54695.19140625,53771.48828125,53831.0390625,53831.0390625,185718700
2022-04-21,53997.671875,54329.3203125,53077.98828125,53267.30859375,53267.30859375,154712000
2022-04-22,53258.3203125,53641.01171875,53027.19921875,53191.78125,53191.78125,143319000
2022-04-25,53183.12109375,53183.12109375,52509.44921875,52640.828125,52640.828125,183382500
2022-04-26,52699.1796875,52894.05078125,52324.66015625,52512.7109375,52512.7109375,185412800
2022-04-27,52627.1796875,52807.08984375,52212.640625,52351.2109375,52351.2109375,160228000
2022-04-28,52792.51953125,52793.87109375,51658.109375,52614.171875,52614.171875,231710500
2022-04-29,52502.5,52809.37890625,51315.0390625,51417.96875,51417.96875,214867600
2022-05-02,51426.26953125,51922.7109375,51125.71875,51887.46875,51887.46875,128409600
2022-05-03,51896.171875,51896.8515625,50954.98828125,51066.55859375,51066.55859375,161134800
2022-05-04,51032.23828125,51565.6015625,50588.921875,51432.62890625,51432.62890625,149755900
2022-05-05,51264.609375,51264.609375,50357.55078125,50529.94921875,50529.94921875,202483000
2022-05-06,50435.609375,50435.609375,49451.28125,49541.80859375,49541.80859375,163382400
2022-05-09,49419.01953125,49419.01953125,48669.2109375,49057.4609375,49057.4609375,161518100
2022-05-10,49149.19140625,49435.5390625,49005.01171875,49115.859375,49115.859375,257006900
2022-05-11,49087.26171875,49618.3515625,49005.890625,49276.23046875,49276.23046875,234792100
2022-05-12,49061.12109375,49732.05078125,48701.25,49309.3203125,49309.3203125,249591800
2022-05-13,49486.109375,49726.51953125,49127.2890625,49579.8984375,49579.8984375,212868300
2022-05-16,49604.94921875,50823.0390625,49472.51171875,50563.98046875,50563.98046875,177674700
2022-05-17,50781.7890625,51634.19140625,50739.66015625,51464.03125,51464.03125,204554800
2022-05-18,51390.51953125,51390.51953125,49990.48828125,50394.03125,50394.03125,304797400
2022-05-19,50212.98046875,51590.328125,50050.4609375,51289.91015625,51289.91015625,238825200
2022-05-20,51512.44921875,51868.44140625,51326.9296875,51518.30078125,51518.30078125,202798600
2022-05-23,51621.71875,51989.01953125,51341.19140625,51376.890625,51376.890625,139723000
2022-05-24,51149.46875,51374.3984375,50866.1484375,51304.0390625,51304.0390625,241737800
2022-05-25,51243.94921875,52082.46875,51216.98828125,51717.0703125,51717.0703125,281231100
2022-05-26,52203.69140625,52295.3203125,52058.3203125,52143,52143,183854400
2022-05-27,52154.25,52617.30859375,51871.921875,52463.55078125,52463.55078125,172807100
2022-05-30,52438.7890625,52745.98046875,51922.46875,52162.078125,52162.078125,83107700
2022-05-31,52116.37109375,52290.1796875,51269.51953125,51752.53125,51752.53125,1347137000
2022-06-01,51739.87109375,51820.6796875,51309.58984375,51506.1484375,51506.1484375,173881500
2022-06-02,51522.1796875,51545.51953125,50641.78125,50971.37890625,50971.37890625,193382200
2022-06-03,50874.171875,50919.37890625,50482.8515625,50689.05078125,50689.05078125,154569900
2022-06-06,50723.91015625,51029.28125,50014.671875,50060.53125,50060.53125,116109400
2022-06-07,49840.71875,50183.8203125,49409.73046875,50139.19921875,50139.19921875,138432800
2022-06-08,50088.94140625,50192.359375,49629.03125,49819.30078125,49819.30078125,165133200
2022-06-09,49854.73046875,50012.62109375,49229.80859375,49290.21875,49290.21875,154551700
2022-06-10,49147.19921875,49147.19921875,48398.78125,48471.51953125,48471.51953125,137514100
2022-06-13,48408.19921875,48717.671875,47775.83984375,48445.30078125,48445.30078125,251393900
2022-06-14,48557.46875,48677.109375,48083.16015625,48164.46875,48164.46875,191851500
2022-06-15,48388.1484375,48610.30078125,48137.6484375,48344.96875,48344.96875,175223100
2022-06-16,48202.44921875,48202.44921875,47323.359375,47558.51171875,47558.51171875,212049600
2022-06-17,47682.91015625,48156.7109375,47488.30078125,48016.23046875,48016.23046875,732174800
2022-06-20,47996.71875,48007.21875,47680.1484375,47780.71875,47780.71875,40474000
2022-06-21,47761.48046875,48321.171875,47732.421875,48104.37890625,48104.37890625,131257800
2022-06-22,47878.140625,47878.140625,47076.26953125,47144.359375,47144.359375,146701200
2022-06-23,47175.6796875,47222.62109375,46547.2109375,46657.87890625,46657.87890625,157675800
2022-06-24,46642.41015625,47852.91015625,46344.94140625,47741.5,47741.5,175537000
2022-06-27,47781.3515625,48390.859375,47696.421875,48294.828125,48294.828125,124213200
2022-06-28,48363.7890625,48796.23046875,48049.8984375,48435.44921875,48435.44921875,181975500
2022-06-29,48446.2890625,48532.6796875,47916.8515625,48061.609375,48061.609375,170560000
2022-06-30,47918.62890625,47918.62890625,47188.28125,47524.44921875,47524.44921875,228806100
2022-07-01,47543.3515625,47910.6796875,47135.1796875,47743.1484375,47743.1484375,94921000
2022-07-04,47740.3203125,48584.140625,47705.26953125,48036.37890625,48036.37890625,39309500
2022-07-05,47987.58984375,47987.58984375,46940.921875,47503.21875,47503.21875,140760700
2022-07-06,47572.94140625,47778.94921875,47292.08984375,47722.2890625,47722.2890625,139454100
2022-07-07,47828.33984375,48056.9296875,47311.98046875,47374.37890625,47374.37890625,200398800
2022-07-08,47214.7109375,47624.08984375,46927.0703125,47582.109375,47582.109375,120673200
2022-07-11,47541.4609375,47572.58984375,47182.8984375,47369.890625,47369.890625,88214700
2022-07-12,47310.80078125,47800.359375,47310.80078125,47651.51953125,47651.51953125,159926100
2022-07-13,47448.30859375,47706.140625,46882.1484375,47461.3515625,47461.3515625,196275800
2022-07-14,47325.5390625,47357.109375,46581.3203125,46741.30859375,46741.30859375,149203900
2022-07-15,46819.37890625,47121.12109375,46691.76171875,47075.87109375,47075.87109375,83235300
2022-07-18,47198.01171875,47482.75,46855.2109375,46923.19921875,46923.19921875,84307500
2022-07-19,47090.23046875,47511.1484375,46805.890625,47259.23046875,47259.23046875,123132600
2022-07-20,47213.01953125,47348.421875,46964.390625,47132.48828125,47132.48828125,109174900
2022-07-21,47223.1015625,47488.28125,46767.73828125,47416.37109375,47416.37109375,118342500
2022-07-22,47477.69140625,47595.7890625,47165.37890625,47264.859375,47264.859375,110077800
2022-07-25,47254.55078125,47577.44140625,47154.21875,47202.640625,47202.640625,97196700
2022-07-26,47217.37890625,47265.859375,46485.578125,46674.30078125,46674.30078125,146328800
2022-07-27,46794.69140625,46919.55859375,46164.26953125,46842.921875,46842.921875,171553400
2022-07-28,46846.390625,48174.26953125,46846.390625,48112.26953125,48112.26953125,155700600
2022-07-29,48057.7890625,48338.8984375,48017.05859375,48144.328125,48144.328125,231038800
2022-08-01,48094.46875,48417.03125,47321.53125,47384.55859375,47384.55859375,140579600
2022-08-02,47378.3515625,47429.0390625,46639.109375,46902.69140625,46902.69140625,170767900
2022-08-03,46997.328125,47218.05078125,46742.94140625,46989.609375,46989.609375,177168600
2022-08-04,47063.01171875,47870.48046875,46528,46916.171875,46916.171875,183020000
2022-08-05,46688.19140625,47023.76171875,46283.75,46723.4296875,46723.4296875,137289900
2022-08-08,46787.91015625,47422.37109375,46787.91015625,47354.859375,47354.859375,162831900
2022-08-09,47148.12890625,47349.44140625,47050.1796875,47241.80859375,47241.80859375,141712900
2022-08-10,47349.5703125,48311.921875,47349.5703125,47808.2109375,47808.2109375,182307700
2022-08-11,47876.66015625,48536.66015625,47691.078125,48460.55078125,48460.55078125,203934500
2022-08-12,48546.98828125,48909.171875,48429.69140625,48853.37109375,48853.37109375,119225000
2022-08-15,48770.30859375,48896.1015625,48595.12890625,48638.359375,48638.359375,92224300
2022-08-16,48624.94921875,48944.48828125,48537.37890625,48801.6796875,48801.6796875,156297900
2022-08-17,48786.30078125,48828.890625,48406.44140625,48734.0390625,48734.0390625,128935100
2022-08-18,48796.890625,48796.890625,48270.23046875,48729.80078125,48729.80078125,104554100
2022-08-19,48677.98046875,48698.03125,48386.4296875,48463.26171875,48463.26171875,92410900
2022-08-22,48366.140625,48464.21875,47842.62109375,48016.609375,48016.609375,123130500
2022-08-23,48062.0703125,48180.98046875,47738.859375,47974.03125,47974.03125,135145100
2022-08-24,47936.37890625,48133.71875,47393.078125,47449.73046875,47449.73046875,109536100
2022-08-25,47449.6796875,47830.58984375,47320.51171875,47724.23828125,47724.23828125,109286200
2022-08-26,47711.01953125,47754.3203125,46992.75,47272.109375,47272.109375,87461400
2022-08-29,47105.8984375,47105.8984375,46247.28125,46322.1015625,46322.1015625,137708400
2022-08-30,46336.96875,46398.46875,45671.2109375,45922.05078125,45922.05078125,121982300
2022-08-31,45909.890625,46055.171875,44844.1796875,44919.21875,44919.21875,508029500
2022-09-01,44851.23046875,45701.46875,44518.73046875,45383.8515625,45383.8515625,176982700
2022-09-02,45811.16015625,46166.5390625,45543.7890625,45888.62890625,45888.62890625,135191700
2022-09-05,45905.859375,46087.30859375,45535.62890625,46026.078125,46026.078125,19206900
2022-09-06,46084.83984375,46196.98828125,45645.76171875,45902.890625,45902.890625,133687400
2022-09-07,45870.98046875,46169.4609375,45482.76953125,46056.96875,46056.96875,153894000
2022-09-08,46170.0703125,46381.12109375,45834.3515625,46283.33984375,46283.33984375,127710900
2022-09-09,46435.3984375,47072.98828125,46412.05078125,47042.94140625,47042.94140625,97818900
2022-09-12,47168.109375,47944.6015625,47124.62109375,47860.48046875,47860.48046875,117725700
2022-09-13,47671.98828125,47826.640625,46981.96875,47039.73828125,47039.73828125,180099200
2022-09-14,47063.0703125,47236.421875,46709.578125,46745.1484375,46745.1484375,167995700
2022-09-15,46742.109375,47027.5,46545.12890625,46769.78125,46769.78125,784062000
2022-09-19,46712.12890625,46863.53125,46098.859375,46793.58984375,46793.58984375,201318000
2022-09-20,46983.03125,47284.140625,46613.25,47068.53125,47068.53125,220064400
2022-09-21,47111.328125,47432.51953125,46906.30859375,46992.51171875,46992.51171875,198285100
2022-09-22,46957.62890625,46957.62890625,46154.87109375,46324.921875,46324.921875,139049400
2022-09-23,46149.08984375,46151.671875,45069.01953125,45395.94140625,45395.94140625,150708000
2022-09-26,45410.859375,45514.5,44740.05078125,44808.55859375,44808.55859375,123142600
2022-09-27,44886.44921875,45309.87109375,44811.6484375,45006.109375,45006.109375,130316900
2022-09-28,45045.0390625,45826.94921875,44841.51171875,45442.2109375,45442.2109375,197478500
2022-09-29,45293.8984375,45626.6015625,44764.26953125,45102.55078125,45102.55078125,154766900
2022-09-30,45094.6796875,45300.2890625,44558.80859375,44626.80078125,44626.80078125,200732700
2022-10-03,44779.19921875,45501,44686.640625,45429.75,45429.75,197701400
2022-10-04,45644.03125,46139.1796875,45553.2890625,46046.578125,46046.578125,178324500
2022-10-05,45957.37109375,45957.37109375,45553.55859375,45845.828125,45845.828125,163777800
2022-10-06,45853.6796875,46654.91015625,45787.3203125,46326.6796875,46326.6796875,185451400
2022-10-07,46176.51953125,46176.51953125,45630.0703125,45728.87109375,45728.87109375,152493900
2022-10-10,45688.1484375,46077.08984375,45388.6015625,45457.12109375,45457.12109375,98822100
2022-10-11,45418.55859375,46245.01953125,45026.4296875,45792.98828125,45792.98828125,177457300
2022-10-12,45759.2890625,46114.28125,45501.73046875,45679.83984375,45679.83984375,182445600
2022-10-13,45467.4296875,46074.3984375,45040.421875,45766.94140625,45766.94140625,211616800
2022-10-14,45859.01171875,46062.58984375,45380.1796875,45443.3515625,45443.3515625,161594500
2022-10-17,45633.30078125,46437.80078125,45616,46220.71875,46220.71875,182073800
2022-10-18,46395.19921875,46699.4609375,46116.390625,46309.23046875,46309.23046875,218525800
2022-10-19,46306.3203125,46439.01171875,46010.76171875,46217.44140625,46217.44140625,180149200
2022-10-20,46299.80859375,46517.33984375,45914.578125,46315.41015625,46315.41015625,300035500
2022-10-21,46351.0390625,47172.328125,46306.7109375,47120.078125,47120.078125,185022300
2022-10-24,47088.171875,47967.140625,47065.421875,47765.23828125,47765.23828125,187700900
2022-10-25,47707.6015625,48682.05859375,47558.73046875,48641.26953125,48641.26953125,257303800
2022-10-26,48596.48046875,49408.26953125,48501.55078125,49327.109375,49327.109375,309657400
2022-10-27,49293.76953125,49361.578125,48805.41015625,48892.55859375,48892.55859375,228084700
2022-10-28,48896.359375,49131.390625,48482.8984375,49086.30078125,49086.30078125,130269800
2022-10-31,49110.671875,49990.94140625,48873.171875,49922.30078125,49922.30078125,188740200
2022-11-01,50004.421875,50905.671875,50004.421875,50864.8515625,50864.8515625,184332800
2022-11-03,50653.87109375,50653.87109375,49431.48046875,50215.87109375,50215.87109375,256662200
2022-11-04,50565.16015625,51319.87890625,50530.19921875,51173.75,51173.75,145797800
2022-11-07,51166.859375,51547.48046875,50540.03125,50760.171875,50760.171875,174276800
2022-11-08,50773.9609375,51093.05078125,50510.83984375,50888.46875,50888.46875,198409900
2022-11-09,50822.640625,51232.91015625,50333.12109375,50545.76171875,50545.76171875,180419300
2022-11-10,50953.171875,51541.62890625,50839.37109375,51031.7109375,51031.7109375,173193500
2022-11-11,51086.48046875,52126.8984375,51086.48046875,51959.19921875,51959.19921875,194494200
2022-11-14,51915.62890625,52016.44140625,51565.3515625,51785.12890625,51785.12890625,187694100
2022-11-15,51985.33984375,52457.140625,51369.30859375,51655.6796875,51655.6796875,151830700
2022-11-16,51526.390625,51710.640625,51362.578125,51544.94140625,51544.94140625,174857500
2022-11-17,51377.05078125,51559.41015625,51057.37890625,51360.87109375,51360.87109375,145243200
2022-11-18,51468.578125,52040.03125,51326.890625,51569.71875,51569.71875,266751800
2022-11-22,51614.16015625,52371.01953125,51579.28125,51760.5390625,51760.5390625,221256400
2022-11-23,51710.01953125,52258.73046875,51710.01953125,51993.94921875,51993.94921875,161114500
2022-11-24,51990.609375,52245.078125,51714.1796875,51979.01171875,51979.01171875,28413500
2022-11-25,51968.3203125,51968.3203125,51289.91015625,51668.640625,51668.640625,74038400
2022-11-28,51619.80859375,52120.23046875,51030.8984375,51081.328125,51081.328125,132152000
2022-11-29,51044.4296875,51237.91015625,50111.48828125,50174.05859375,50174.05859375,164540000
2022-11-30,50200.9296875,51800.359375,50125.80859375,51684.859375,51684.859375,741512300
2022-12-01,51649.6015625,51811.171875,51027.578125,51457.55078125,51457.55078125,185457400
2022-12-02,51407.9609375,51647.8515625,51030.4296875,51234.37109375,51234.37109375,153348400
2022-12-05,51197.73046875,51298.01171875,50715.01171875,50799.4609375,50799.4609375,105068700
2022-12-06,50683.1015625,51481.80859375,50494.62890625,51020.6484375,51020.6484375,149912000
2022-12-07,51044.03125,51311.3984375,50645.19140625,50725.9609375,50725.9609375,141194800
2022-12-08,50721.5,51298.859375,50721.5,51078.69921875,51078.69921875,123034000
2022-12-09,51170.62109375,51170.890625,50423.73828125,50466.25,50466.25,121540600
2022-12-13,50638.8203125,51084.44140625,50240.44921875,50333.1015625,50333.1015625,284653100
2022-12-14,50430.94140625,50452.640625,49781.71875,50047.69921875,50047.69921875,170810200
2022-12-15,49972.94921875,49976.48828125,49281.23046875,49342.33984375,49342.33984375,278214000
2022-12-16,49361.51171875,49686.7890625,49113.7109375,49630.1484375,49630.1484375,377277200
2022-12-19,49694.69140625,50058.30078125,49534.6484375,49946.1015625,49946.1015625,96795700
2022-12-20,49978.44921875,50406.5703125,49978.44921875,50139.421875,50139.421875,101775700
2022-12-21,50182.328125,50791.37890625,50034.8515625,50426.26171875,50426.26171875,96007300
2022-12-22,50455.890625,50518,49648.109375,50097.21875,50097.21875,84251200
2022-12-23,50052.48046875,50759.66015625,49864.6484375,50578.08984375,50578.08984375,74942400
2022-12-26,50530.62890625,50712.390625,50211.37109375,50273.890625,50273.890625,11411000
2022-12-27,50305.69921875,50838.6484375,50277.12109375,50440.01953125,50440.01953125,54768700
2022-12-28,50432.78125,50491.08984375,49605.37890625,49648.2109375,49648.2109375,73263800
2022-12-29,49708.671875,50209.7890625,49461.51953125,49517.859375,49517.859375,63993800
2022-12-30,49524.328125,49619.33984375,48383.19921875,48463.859375,48463.859375,119821400
2023-01-02,48506.0390625,49136.94140625,48478.94140625,48993.23828125,48993.23828125,10617600
2023-01-03,48970.55078125,49180.19140625,48881.98828125,49050.4609375,49050.4609375,64955500
2023-01-04,49013.30859375,50388.609375,48966.12109375,50161.26953125,50161.26953125,113054700
2023-01-05,50150.76953125,50971.66015625,50077.71875,50805.2109375,50805.2109375,139834800
2023-01-06,50800.83984375,52004.828125,50618.30859375,51730.5,51730.5,109031000
2023-01-09,51770.1015625,52460.48046875,51744.83984375,52280.05078125,52280.05078125,126915200
2023-01-10,52297.7109375,52564.109375,52180.8515625,52344.01953125,52344.01953125,131270700
2023-01-11,52348.44921875,53508.75,52348.44921875,53209,53209,155651700
2023-01-12,53228.44921875,53859,53215.51171875,53593.859375,53593.859375,173800900
2023-01-13,53564.9296875,53903.8984375,53371.6484375,53576.71875,53576.71875,128172400
2023-01-16,53591.87890625,53720.859375,53336.33984375,53631.890625,53631.890625,46998100
2023-01-17,53580,53580,52936.91015625,53128.96875,53128.96875,132114900
2023-01-18,53256.25,53590.4296875,53150.78125,53218.828125,53218.828125,133000900
2023-01-19,53215.41015625,53783.609375,53070.78125,53382.6484375,53382.6484375,154775500
2023-01-20,53430.2109375,54112.359375,53201.6796875,53947.0390625,53947.0390625,121184400
2023-01-23,53965.28125,54810.94921875,53943,54341.25,54341.25,115614600
2023-01-24,54392.66015625,55071.578125,54392.66015625,54870.5,54870.5,142789100
2023-01-25,54878.5,54972.1796875,54474.62890625,54871.359375,54871.359375,148445100
2023-01-26,54885.71875,55309.62109375,54866.19921875,55164.01171875,55164.01171875,131941600
2023-01-27,55188.8515625,55309.96875,54650.609375,54774.91015625,54774.91015625,142811800
2023-01-30,54767.41015625,54795.91015625,54400.7890625,54521.4296875,54521.4296875,121761800
2023-01-31,54480.51953125,54683.828125,54244.71875,54564.26953125,54564.26953125,248463200
2023-02-01,54555.91015625,55072.23046875,54410.37109375,55018.91015625,55018.91015625,148364300
2023-02-02,55040.19140625,55173.578125,53733.69921875,53874.91015625,53874.91015625,160007000
2023-02-03,53833.73046875,54186.1015625,53737.609375,54049.05078125,54049.05078125,183416400
2023-02-07,54001.55859375,54079.48828125,53238.140625,53335.51171875,53335.51171875,195440800
2023-02-08,53276.7890625,53566.6484375,52578.03125,53125.01171875,53125.01171875,165032900
2023-02-09,53229.6015625,53460.8984375,52684.640625,52801.4296875,52801.4296875,134110600
2023-02-10,52850.48828125,52880.671875,52141.140625,52482.01953125,52482.01953125,156046900
2023-02-13,52476.2890625,53286.83984375,52473.6796875,53050.828125,53050.828125,145585400
2023-02-14,53225.19921875,53395.80078125,52466.078125,52663.12109375,52663.12109375,226066600
2023-02-15,52577.8984375,53486.51171875,52463.890625,53422.23828125,53422.23828125,202987100
2023-02-16,53536.62890625,54143.609375,53327.0390625,54015.8203125,54015.8203125,159906900
2023-02-17,53927.03125,53993.51171875,53483.73828125,53789.640625,53789.640625,151560000
2023-02-20,53832.19140625,54006.76953125,53823.33984375,53908.55078125,53908.55078125,22508100
2023-02-21,53882.390625,54087.19140625,52960.3203125,53239.94921875,53239.94921875,175824900
2023-02-22,53266.9296875,53448.44140625,52820.5,53180.98828125,53180.98828125,187947000
2023-02-23,53274.140625,53345.58984375,52789.078125,53085.7109375,53085.7109375,184956000
2023-02-24,53055.6796875,53055.6796875,52420.640625,52686.23828125,52686.23828125,141885800
2023-02-27,52739.421875,53195.55859375,52599.359375,53013.62109375,53013.62109375,129313000
2023-02-28,52964.671875,53048.08984375,52495.859375,52758.05859375,52758.05859375,557285900
2023-03-01,52720.3984375,53717.140625,52658.55859375,53473.4609375,53473.4609375,160010700
2023-03-02,53503.58984375,53583.4296875,53014.73828125,53329.53125,53329.53125,168720500
2023-03-03,53381.21875,54409.37109375,53347.6015625,54182.26953125,54182.26953125,179820700
2023-03-06,54146.1015625,54326.109375,53889.69140625,53924.19140625,53924.19140625,133175400
2023-03-07,53892.01953125,53902.62109375,53006.44140625,53068.73046875,53068.73046875,191127900
2023-03-08,53099.640625,53440.5,53067.3984375,53388.66015625,53388.66015625,128080500
2023-03-09,53390.05078125,53740.890625,53287.5,53426.76953125,53426.76953125,185544000
2023-03-10,53478.1796875,53507.140625,52716.9609375,52794.53125,52794.53125,159728500
2023-03-13,52788.2890625,53615.078125,52227.171875,53012.25,53012.25,185734500
2023-03-14,53065.6796875,53486.7109375,52644.23828125,52691.66015625,52691.66015625,176792200
2023-03-15,52547.3203125,52689.3984375,51860.328125,52085.6015625,52085.6015625,158520400
2023-03-16,52156.19140625,52876.44140625,52113.640625,52505.69921875,52505.69921875,152652700
2023-03-17,52505.609375,52656.41015625,51814.6796875,51925.609375,51925.609375,786817800
2023-03-21,52282.98046875,52786.6796875,52131.37890625,52652.6484375,52652.6484375,156817200
2023-03-22,52670.640625,53019.2109375,52485.37109375,52550.3984375,52550.3984375,174005300
2023-03-23,52589.98046875,53089.109375,52556.1796875,52827.9296875,52827.9296875,148945100
2023-03-24,52691.03125,52938.25,52415.19140625,52771.12109375,52771.12109375,144755400
2023-03-27,52792.75,53080.5390625,52740.78125,52851.421875,52851.421875,154251700
2023-03-28,52894.390625,53705.37890625,52807.48046875,53209.1015625,53209.1015625,168610900
2023-03-29,53259.37890625,53942.94921875,53202.53125,53882.94921875,53882.94921875,179199200
2023-03-30,53878.23828125,54468.5703125,53874.98046875,54198.94140625,54198.94140625,186356800
2023-03-31,54233.25,54604.0703125,53828.55859375,53904,53904,242075000
2023-04-03,54037.671875,54040.48046875,53611.26953125,53896.3515625,53896.3515625,84719200
2023-04-04,53913.1015625,54532.078125,53810.9296875,54176.01171875,54176.01171875,97863900
2023-04-05,54171.16015625,54230.66015625,53308.0703125,53498.390625,53498.390625,73152200
2023-04-10,53473.7109375,54310.078125,53446.671875,54246.53125,54246.53125,0
2023-04-11,53964.23828125,54775.80859375,53964.23828125,54604.62890625,54604.62890625,162207200
2023-04-12,54527.03125,54815.91015625,54072.69140625,54333.12109375,54333.12109375,152655400
2023-04-13,54359.30859375,54908.53125,54336.30859375,54695.78125,54695.78125,220218800
2023-04-14,54748.53125,54862.5390625,54200.3203125,54460.05859375,54460.05859375,170784200
2023-04-17,54444.6796875,54858.73046875,54406.08984375,54778.9296875,54778.9296875,199028600
2023-04-18,54747.58984375,54924.75,54293.76171875,54385.51953125,54385.51953125,153784700
2023-04-19,54300.9609375,54637.41015625,54155.4609375,54308.08984375,54308.08984375,191532900
2023-04-20,54311,54674.48046875,54227.30859375,54293.7109375,54293.7109375,138852000
2023-04-21,54451.7109375,54468.609375,53662.91015625,54175.28125,54175.28125,172005600
2023-04-24,54203.80078125,54745.578125,54089.328125,54713.69921875,54713.69921875,136716300
2023-04-25,54569.69140625,54734.12890625,54301.75,54371.08984375,54371.08984375,134099200
2023-04-26,54356.359375,54633.96875,53902.05078125,54023.3203125,54023.3203125,196553700
2023-04-27,54079.5390625,54501.26171875,54020.609375,54442.171875,54442.171875,159097300
2023-04-28,54453.5390625,55178.62109375,54436.51953125,55121.21875,55121.21875,241583200
2023-05-02,55059.26171875,55229.37890625,54689.359375,55179.4296875,55179.4296875,248185000
2023-05-03,55216.12890625,55323.6484375,54919.7890625,54947.01171875,54947.01171875,172724800
2023-05-04,54971.4296875,55264.6015625,54593.05859375,54667.2109375,54667.2109375,158878300
2023-05-05,54747.83984375,55047.8515625,54699.58984375,54937.390625,54937.390625,206689500
2023-05-08,54989.640625,55265.3984375,54843.21875,55033.12109375,55033.12109375,140876800
2023-05-09,54959.828125,55497.828125,54899.359375,55452.73046875,55452.73046875,170680700
2023-05-10,55378.41015625,55626.51171875,55303.83984375,55534.6796875,55534.6796875,187111800
2023-05-11,55472.2109375,55518.7890625,54852.2890625,55014.16015625,55014.16015625,195598400
2023-05-12,55009.359375,55290.41015625,54724.1796875,54948.33984375,54948.33984375,165219800
2023-05-15,54993.48046875,55375.921875,54890.62890625,55261.421875,55261.421875,174056800
2023-05-16,55246.171875,55589.71875,55136.1015625,55180.96875,55180.96875,183963200
2023-05-17,55309.01953125,55441.671875,55005.05859375,55067.37109375,55067.37109375,172672200
2023-05-18,55107.640625,55290.7109375,54961.921875,55263.109375,55263.109375,175582500
2023-05-19,55197.55078125,55534.3203125,54244.7890625,54296.05078125,54296.05078125,168179000
2023-05-22,54305.6796875,54746.26171875,53352.359375,53466.3203125,53466.3203125,182836400
2023-05-23,53463.421875,53722.75,52997.3203125,53123.21875,53123.21875,183641600
2023-05-24,53483.1484375,53609.37890625,53146.140625,53393.3984375,53393.3984375,212096500
2023-05-25,53356.76171875,53883.37890625,53159.359375,53744.6796875,53744.6796875,214652400
2023-05-26,53801.53125,54233.5703125,53288.1484375,54025.44921875,54025.44921875,202093800
2023-05-29,54002.6484375,54347.8515625,53911.5703125,54212.671875,54212.671875,156707500
2023-05-30,54232.2890625,54232.2890625,53105.30859375,53341.8515625,53341.8515625,530814200
2023-05-31,53268.58984375,53499.69921875,52575.140625,52736.26171875,52736.26171875,1385522200
2023-06-01,52803.578125,53134.859375,52687.4296875,52724.03125,52724.03125,236517300
2023-06-02,52791.890625,53401.26171875,52777.4296875,53232.7109375,53232.7109375,223672700
2023-06-05,53262.26953125,53649.578125,53238.62890625,53536.05078125,53536.05078125,137805700
2023-06-06,53596.44921875,54486.19140625,53578.23046875,54432.19140625,54432.19140625,247761200
2023-06-07,54487.19921875,54712.08984375,54248.5,54291.44140625,54291.44140625,261542000
2023-06-08,54064,54407.890625,53851.73828125,54338.1796875,54338.1796875,226338000
2023-06-09,54331.640625,54796.94140625,54295.53125,54512.140625,54512.140625,211648900
2023-06-12,54475.19140625,54547.87890625,54187.0703125,54278.12109375,54278.12109375,140883900
2023-06-13,54347.28125,54611.9609375,54149.8984375,54574.75,54574.75,194688500
2023-06-14,54629.328125,55182.30859375,54557.171875,55145.4296875,55145.4296875,316957900
2023-06-15,55130.41015625,55407.71875,54977.078125,55344.25,55344.25,213576400
2023-06-16,55172.6484375,55337.69140625,54783.25,54842.51171875,54842.51171875,642615800
2023-06-19,54953.8203125,55074.7890625,54887.328125,54931.05859375,54931.05859375,29019400
2023-06-20,54965.8984375,54975.87890625,54286.62890625,54365.6796875,54365.6796875,233328700
2023-06-21,54334.171875,54353,53810.8515625,54063.91015625,54063.91015625,174711000
2023-06-22,53998.80859375,54031.83984375,53438.8515625,53563.30859375,53563.30859375,143284400
2023-06-23,53690.05859375,53690.359375,53127.21875,53341.91015625,53341.91015625,136728100
2023-06-26,53354.2890625,53506.078125,53262.75,53335.73828125,53335.73828125,160594700
2023-06-27,53295.62109375,54008.03125,53212.73046875,53926.91015625,53926.91015625,206317300
2023-06-28,53914.171875,53991.3515625,53293.2109375,53460.05859375,53460.05859375,186447500
2023-06-29,53411.7109375,53733.8515625,53370.8984375,53585.21875,53585.21875,157071300
2023-06-30,53667.96875,53778.98828125,53344.76953125,53526.1015625,53526.1015625,222472200
2023-07-03,53536.94140625,54476.66015625,53483.69140625,54399.1015625,54399.1015625,88059600
2023-07-04,54408.078125,54501.578125,53863.859375,53930.859375,53930.859375,23253000
2023-07-05,53945.5,54099.859375,53710.390625,54039.66015625,54039.66015625,183541100
2023-07-06,54053.8203125,54053.8203125,53117.58984375,53407.69921875,53407.69921875,213520400
2023-07-07,53409.3203125,54128.640625,53266.69140625,53904.2890625,53904.2890625,168034000
2023-07-10,53991.75,53991.75,53562.23828125,53655.3515625,53655.3515625,133520600
2023-07-11,53636.9609375,54189.51171875,53339.37890625,54138.140625,54138.140625,173358400
2023-07-12,54168.171875,54222.80078125,53855.41015625,53956.7109375,53956.7109375,237858800
2023-07-13,54036.03125,54605.5,53972.94921875,54244.01171875,54244.01171875,190638300
2023-07-14,54264.91015625,54264.91015625,53704.55078125,53770.80078125,53770.80078125,152709100
2023-07-17,53652.12109375,53934.890625,53409.859375,53623.26953125,53623.26953125,98350000
2023-07-18,53641.75,54183.3515625,53479.44140625,54036.26953125,54036.26953125,166021400
2023-07-19,54060.44140625,54333.01953125,53681.91015625,53740.16015625,53740.16015625,206091900
2023-07-20,53654.671875,53793.30078125,53436.1015625,53561.37109375,53561.37109375,127340300
2023-07-21,53336.23828125,53782.71875,53336.23828125,53702.16015625,53702.16015625,138248100
2023-07-24,53701.4609375,53724.1015625,53329.96875,53518.91015625,53518.91015625,247229800
2023-07-25,53599.23046875,54097.23828125,53570.03125,54013.578125,54013.578125,296826400
2023-07-26,54077.37109375,54544.1484375,53750.01953125,54502.08984375,54502.08984375,217661200
2023-07-27,54576.890625,54895.25,54324.71875,54753.390625,54753.390625,269781500
2023-07-28,54707.078125,55169.48828125,54593.16015625,54945.26953125,54945.26953125,200942200
2023-07-31,54998.421875,55244.8203125,54717.55078125,54819.05078125,54819.05078125,202298400
2023-08-01,54791.48046875,54901.8984375,54154.7890625,54210.62109375,54210.62109375,185015800
2023-08-02,54185.828125,54185.828125,53206.26953125,53283.55859375,53283.55859375,223695000
2023-08-03,53245.8203125,53543.390625,53019.21875,53445.08984375,53445.08984375,231549400
2023-08-04,53492.30859375,54056.80859375,53397.171875,53991.421875,53991.421875,178687600
2023-08-07,54014.73828125,54151.28125,53761.7109375,54032.828125,54032.828125,202503600
2023-08-08,53914.19140625,54063.140625,53341.71875,53663.01953125,53663.01953125,219128700
2023-08-09,53685.5390625,54251.76171875,53633.73828125,54220.73828125,54220.73828125,271649000
2023-08-10,54212.7890625,54435.4296875,53709.078125,53889.03125,53889.03125,179073400
2023-08-11,53888.62109375,53938.08984375,53171.01953125,53242.16015625,53242.16015625,293772900
2023-08-14,53244.421875,53474.69921875,52818.87890625,53291.44140625,53291.44140625,231353200
2023-08-15,53222.1484375,53732.41015625,53116.6015625,53585.0703125,53585.0703125,236881000
2023-08-16,53520.421875,53953.3515625,53488.8515625,53827.7109375,53827.7109375,334271000
2023-08-17,53891.71875,53968.9609375,53173.109375,53201.44140625,53201.44140625,290456200
2023-08-18,53134.69140625,53291.80859375,52610.140625,53194.390625,53194.390625,160170800
2023-08-21,53286.2109375,53302.69140625,52681.109375,53109.76171875,53109.76171875,186731100
2023-08-22,53163.62109375,53205.41015625,52935.421875,53127.9296875,53127.9296875,208217800
2023-08-23,53136.6015625,53784.2890625,53099.3515625,53635.33984375,53635.33984375,217799800
2023-08-24,53617.671875,53700.37890625,52881.71875,53109.828125,53109.828125,218952200
2023-08-25,52995.6484375,53472.76953125,52881.6796875,53191.53125,53191.53125,185115900
2023-08-28,53193.8515625,53773.5,53193.8515625,53442.640625,53442.640625,169203400
2023-08-29,53472.62890625,54324.80078125,53342.19921875,54261.328125,54261.328125,217468200
2023-08-30,54262.8203125,54604.19140625,54158.9296875,54390.73828125,54390.73828125,310295900
2023-08-31,54375.83984375,54375.83984375,52875.80078125,53020.98046875,53020.98046875,2341620200
2023-09-01,53233.1484375,53661.62109375,53011.171875,53145.359375,53145.359375,129619300
2023-09-04,53161.609375,53317.3984375,52984.1796875,53030.51953125,53030.51953125,48500000
2023-09-05,53057.609375,53227.80859375,52816.9296875,52932.5,52932.5,212425500
2023-09-06,52930.2109375,53112.3515625,52710.3203125,52971.19140625,52971.19140625,220562100
2023-09-07,53100.46875,53100.46875,52454.44921875,52482.96875,52482.96875,169522600
2023-09-08,52442.41015625,52604.76171875,52211.01953125,52505.109375,52505.109375,204695700
2023-09-11,52549.578125,52748.51171875,52236.25,52267.48828125,52267.48828125,166610600
2023-09-12,52227.05859375,52310.12890625,51814.23828125,51860.44921875,51860.44921875,220832600
2023-09-13,51832.62890625,51867.30078125,51349.55859375,51522.1796875,51522.1796875,267093600
2023-09-14,51519.91015625,51873.23828125,51519.37890625,51755.6796875,51755.6796875,205584200
2023-09-15,51737.62109375,51737.62109375,51108.08984375,51351.6015625,51351.6015625,998189100
2023-09-18,51452.58984375,51729.7109375,50961.140625,51685.30859375,51685.30859375,150526800
2023-09-19,51692.23828125,52327.87890625,51507.8515625,52219.76171875,52219.76171875,210624500
2023-09-20,52226.76953125,52904.0703125,52123.48828125,52507.23046875,52507.23046875,233178000
2023-09-21,52429.37890625,52429.37890625,51886.19140625,51954.01171875,51954.01171875,194911500
2023-09-22,51946.171875,52036.28125,51637.44921875,51677.48046875,51677.48046875,172807800
2023-09-25,51684.609375,51852.12109375,51329.6484375,51367.4609375,51367.4609375,240424600
2023-09-26,51410.421875,51422.44921875,51068.8984375,51107.80078125,51107.80078125,213724500
2023-09-27,51180.98046875,51577.19921875,51180.75,51427.26953125,51427.26953125,237887300
2023-09-28,51386.23046875,51743.87109375,51360.23828125,51554.94921875,51554.94921875,204512600
2023-09-29,51575.23828125,51658.01171875,50783.0703125,50874.98046875,50874.98046875,226957200
2023-10-02,51001.7890625,51281.33984375,50488.3515625,51260.37109375,51260.37109375,152597800
2023-10-03,51210.62890625,51305.9296875,50256.859375,50366.390625,50366.390625,242148700
2023-10-04,50407.9296875,50776.96875,50158.37890625,50732.69140625,50732.69140625,234531400
2023-10-05,50444.75,50444.75,48484.91015625,49454.58984375,49454.58984375,273435300
2023-10-06,49472.94921875,49821.55078125,48775.94921875,49666.5,49666.5,182618600
2023-10-09,49658.390625,49658.390625,49020.25,49297.1484375,49297.1484375,158324400
2023-10-10,49301.6484375,50427.12109375,49301.6484375,50289.859375,50289.859375,200850400
2023-10-11,50293.37109375,50416.71875,50109.01953125,50344.73828125,50344.73828125,229695000
2023-10-12,50156.921875,50161.78125,49503.62890625,49745.16015625,49745.16015625,231171900
2023-10-13,49769.890625,49819.96875,49185.76953125,49379.578125,49379.578125,211550100
2023-10-16,49402.328125,50004.828125,49377.828125,49823.078125,49823.078125,131151500
2023-10-17,49733.5390625,49874.23828125,49507.609375,49666.01171875,49666.01171875,192510900
2023-10-18,49543.8984375,49670.6484375,49011.37890625,49274.78125,49274.78125,339281500
2023-10-19,49257.05078125,49314.9609375,48756.96875,48804.609375,48804.609375,254330700
2023-10-20,48809.12109375,48886.98828125,48226.48046875,48275.91015625,48275.91015625,214755400
2023-10-23,48290.328125,48367.76171875,47765.05859375,48197.87890625,48197.87890625,160983200
2023-10-24,48304.3984375,48563.0703125,48204.80859375,48278.80078125,48278.80078125,158358600
2023-10-25,48252.46875,48816.55078125,48228.9609375,48766.328125,48766.328125,181752700
2023-10-26,48735.8203125,49323.5390625,48626.76953125,49182.37109375,49182.37109375,195448300
2023-10-27,49156.5,49609.328125,48887.62109375,48973.8515625,48973.8515625,231123500
2023-10-30,48963.46875,49465.890625,48963.46875,49277.359375,49277.359375,190856700
2023-10-31,49259,49262.1796875,48807.3515625,49061.87890625,49061.87890625,302061900
2023-11-01,49051.921875,49899.421875,48976.859375,49787.83984375,49787.83984375,164928200
2023-11-03,50654.109375,51926.51171875,50249.03125,51266.73046875,51266.73046875,235378400
2023-11-06,51127.3203125,52181.6484375,51127.3203125,51633.62890625,51633.62890625,233795300
2023-11-07,51487.69140625,51710.26171875,50941.05078125,51209.8515625,51209.8515625,244230200
2023-11-08,51279.78125,51531.828125,50874.2109375,51016.30078125,51016.30078125,144881600
2023-11-09,50977.921875,51241.3515625,50812.140625,51071.03125,51071.03125,200702400
2023-11-10,51013.69140625,51329.46875,50977.23046875,51258.23828125,51258.23828125,163797100
2023-11-13,51216.26953125,51336.5,51046.69921875,51090.91015625,51090.91015625,169830400
2023-11-14,51149.16015625,52571.859375,51149.16015625,52511.37109375,52511.37109375,216405300
2023-11-15,52454.44140625,52916.828125,52454.44140625,52796.46875,52796.46875,243861900
2023-11-16,52686.94140625,52720.8515625,52310.05859375,52469.359375,52469.359375,184817600
2023-11-17,52471.73828125,52832.01953125,52452.4609375,52685.1015625,52685.1015625,141131300
2023-11-21,52467,52701.12890625,51986.83984375,52504.2890625,52504.2890625,184119600
2023-11-22,52560.12890625,52862.5703125,52526.48046875,52670.01171875,52670.01171875,147618900
2023-11-23,52803.2890625,53108.76171875,52738.19140625,53059.5390625,53059.5390625,37636200
2023-11-24,52967.48046875,53180.4609375,52568.5390625,52938.421875,52938.421875,96360900
2023-11-27,52919.8203125,52919.8203125,52132.41015625,52220.48828125,52220.48828125,199742200
2023-11-28,52184.12109375,52623.421875,52172.55859375,52359,52359,197156600
2023-11-29,52284.328125,52879.4296875,52253.58984375,52792.80859375,52792.80859375,198421400
2023-11-30,52830.94140625,54165.80859375,52683.37890625,54060.01171875,54060.01171875,793435900
2023-12-01,53955.7890625,54088.83984375,53652.55859375,53901.4296875,53901.4296875,183696900
2023-12-04,53924.37890625,54223.01953125,53764.28125,54053.62890625,54053.62890625,227438800
2023-12-05,54094.3203125,54163.828125,53400.76171875,54120.91015625,54120.91015625,250335400
2023-12-06,54106.4296875,54446.87890625,54017.05859375,54100.37109375,54100.37109375,227010400
2023-12-07,54012.80859375,54509.3984375,53970.44921875,54456.78125,54456.78125,208628600
2023-12-08,54340.08984375,54574.109375,54042.48046875,54393.01171875,54393.01171875,192868500
2023-12-11,54438.21875,54604.078125,54143.75,54439.12109375,54439.12109375,191407600
2023-12-13,54266.62890625,55250.078125,53933.30078125,55167.859375,55167.859375,258658100
2023-12-14,55346.46875,57077.51953125,55346.46875,57036.421875,57036.421875,313194800
2023-12-15,57065.25,57502.12109375,56723.23828125,57130.078125,57130.078125,601094400
2023-12-18,57074.2109375,57910.55078125,56772.140625,57732.80859375,57732.80859375,183221200
2023-12-19,57737.41015625,58338.3203125,57374.390625,57694.33984375,57694.33984375,218941700
2023-12-20,57689.3515625,57826.890625,56811.44140625,56909.37109375,56909.37109375,206219900
2023-12-21,56998.76953125,57599.91015625,56998.76953125,57487.69921875,57487.69921875,109613500
2023-12-22,57603.171875,57694.8515625,57225.171875,57313.46875,57313.46875,93654100
2023-12-26,57356.30859375,57974.921875,57335.69921875,57745.7890625,57745.7890625,51390900
2023-12-27,57647.5,57914.05078125,57480.7890625,57554.46875,57554.46875,76005000
2023-12-28,57577.83984375,57806.421875,57218.578125,57464.421875,57464.421875,56304100
2023-12-29,57475.390625,57522.94921875,57178.46875,57386.25,57386.25,66550500
