"Fecha","Open","High","Low","Close","Adj.Close","Volume"
2007-01-03,8889.5,8922,8869.2998046875,8920.2001953125,8920.2001953125,67381600
2007-01-04,8880.7998046875,8925.2001953125,8865.900390625,8925.2001953125,8925.2001953125,69011800
2007-01-05,8917.7001953125,8949,8899.400390625,8900.2001953125,8900.2001953125,66975800
2007-01-08,8917.400390625,8932.400390625,8837,8850.2998046875,8850.2998046875,61637200
2007-01-09,8893.599609375,8920.400390625,8874,8874,8874,55593000
2007-01-10,8846.599609375,8874.400390625,8814.599609375,8861.599609375,8861.599609375,63554400
2007-01-11,8906.5,8987.900390625,8885,8987.900390625,8987.900390625,74392400
2007-01-12,8979.099609375,9032.7998046875,8967.599609375,9032.7998046875,9032.7998046875,67872400
2007-01-15,9063.400390625,9112.900390625,9048.2998046875,9101.7001953125,9101.7001953125,52641800
2007-01-16,9104,9115.099609375,9067.2998046875,9073,9073,49699200
2007-01-17,9080.400390625,9119,9064,9104.599609375,9104.599609375,56226400
2007-01-18,9116.7998046875,9151.2001953125,9074.7001953125,9099.2998046875,9099.2998046875,62533400
2007-01-19,9077.2001953125,9155.099609375,9054.2998046875,9155.099609375,9155.099609375,81031200
2007-01-22,9154.5,9182.099609375,9085.2001953125,9102.2001953125,9102.2001953125,64020400
2007-01-23,9104.5,9147.599609375,9070.900390625,9105.5,9105.5,80638200
2007-01-24,9135.2998046875,9155.7998046875,9116.400390625,9153.099609375,9153.099609375,60854200
2007-01-25,9183.7001953125,9200.7998046875,9114.900390625,9134.099609375,9134.099609375,66832200
2007-01-26,9109.2001953125,9114.2998046875,9041.099609375,9041.099609375,9041.099609375,71285800
2007-01-29,9045.2998046875,9128.2001953125,9022.900390625,9110.7998046875,9110.7998046875,55232000
2007-01-30,9106.099609375,9148.7001953125,9091.900390625,9147,9147,51995400
2007-01-31,9132,9159.2998046875,9092.5,9135.099609375,9135.099609375,64505200
2007-02-01,9205.599609375,9252.5,9200.7001953125,9217.900390625,9217.900390625,74199200
2007-02-02,9230.7001953125,9264.400390625,9226.2001953125,9260.5,9260.5,62193400
2007-02-05,9249.599609375,9261.2998046875,9225.2998046875,9257.900390625,9257.900390625,49954000
2007-02-06,9259.2998046875,9303.2001953125,9259.2998046875,9266.2001953125,9266.2001953125,51029000
2007-02-07,9271.900390625,9288.2001953125,9235.099609375,9288.2001953125,9288.2001953125,62206800
2007-02-08,9292,9301.2001953125,9201.7001953125,9229.2998046875,9229.2998046875,90126200
2007-02-09,9268.5,9309.400390625,9260.400390625,9292.099609375,9292.099609375,55549000
2007-02-12,9247.900390625,9272.599609375,9227.2998046875,9261.599609375,9261.599609375,56875800
2007-02-13,9273.7001953125,9287.599609375,9231.099609375,9240,9240,78439000
2007-02-14,9275.7998046875,9299.2001953125,9231.7998046875,9299.2001953125,9299.2001953125,75720200
2007-02-15,9332,9335.7001953125,9262.2998046875,9305.400390625,9305.400390625,111212300
2007-02-16,9279.5,9337,9272,9336.2998046875,9336.2998046875,85844200
2007-02-19,9338.400390625,9376.7001953125,9335.7998046875,9345.599609375,9345.599609375,46258000
2007-02-20,9358.599609375,9359.2998046875,9273.599609375,9315.2998046875,9315.2998046875,61841800
2007-02-21,9334.099609375,9357.900390625,9197.7001953125,9207.099609375,9207.099609375,76673000
2007-02-22,9239.2001953125,9286.2998046875,9233.400390625,9251.7998046875,9251.7998046875,86077200
2007-02-23,9258.7001953125,9272.400390625,9205.7998046875,9258,9258,75431000
2007-02-26,9243.2001953125,9267,9223,9223,9223,88625200
2007-02-27,9129.7001953125,9135.7998046875,8891.7001953125,8909.7998046875,8909.7998046875,155950000
2007-02-28,8741.7001953125,8862.900390625,8703.7998046875,8789.7001953125,8789.7001953125,168811900
2007-03-01,8785.2998046875,8905.7001953125,8622.099609375,8781.900390625,8781.900390625,247398600
2007-03-02,8843.7001953125,8878.2998046875,8738.400390625,8798.7001953125,8798.7001953125,117170600
2007-03-05,8640.7998046875,8708.099609375,8609.400390625,8676.900390625,8676.900390625,109098700
2007-03-06,8781,8792.2001953125,8691.7998046875,8775.599609375,8775.599609375,166839000
2007-03-07,8798.7998046875,8878.7998046875,8770.900390625,8878.400390625,8878.400390625,95236000
2007-03-08,8904,8966.2001953125,8898.7998046875,8955.7001953125,8955.7001953125,80410600
2007-03-09,8937.7001953125,8964.7001953125,8869.2001953125,8933.900390625,8933.900390625,76883000
2007-03-12,8968.599609375,9000.900390625,8875.400390625,8899.400390625,8899.400390625,59879600
2007-03-13,8900.2998046875,8905.7001953125,8822.7001953125,8829.099609375,8829.099609375,64869800
2007-03-14,8649.2998046875,8690.7001953125,8573.5,8577.7001953125,8577.7001953125,125766300
2007-03-15,8685.400390625,8722,8646.099609375,8706.7998046875,8706.7998046875,93444600
2007-03-16,8697.400390625,8760.900390625,8671.900390625,8717.599609375,8717.599609375,131977400
2007-03-19,8803.2001953125,8845.400390625,8775.2001953125,8841.7001953125,8841.7001953125,61836200
2007-03-20,8845.7998046875,8886,8787.7998046875,8882.400390625,8882.400390625,62198000
2007-03-21,8880.7998046875,8960.900390625,8871.400390625,8942.2001953125,8942.2001953125,55620400
2007-03-22,9053.5,9100.7998046875,9030.599609375,9074.2998046875,9074.2998046875,111317400
2007-03-23,9068.7998046875,9107.099609375,9038.5,9089.7998046875,9089.7998046875,49151200
2007-03-26,9092.2998046875,9092.2998046875,8974,9006,9006,50881600
2007-03-27,9053,9058,8965.400390625,8966.2998046875,8966.2998046875,60405400
2007-03-28,8925.900390625,8931.7001953125,8836.5,8870.599609375,8870.599609375,57719400
2007-03-29,8907.2001953125,8978.900390625,8895.2001953125,8977.5,8977.5,45364600
2007-03-30,8987.2998046875,9030.7998046875,8950,8977,8977,67828600
2007-04-02,8932.2001953125,8975.7001953125,8887.2998046875,8956.2998046875,8956.2998046875,71884200
2007-04-03,9010.7001953125,9077.5,8995.2001953125,9054,9054,73666000
2007-04-04,9079.2001953125,9081.400390625,9034.099609375,9057.599609375,9057.599609375,107111300
2007-04-05,9052.599609375,9100.7001953125,9033,9099.099609375,9099.099609375,68414000
2007-04-10,9103,9160.5,9083.599609375,9150.7001953125,9150.7001953125,94010600
2007-04-11,9145.2998046875,9180.7998046875,9114.599609375,9136.099609375,9136.099609375,85857200
2007-04-12,9122.2998046875,9139.099609375,9059.400390625,9110.099609375,9110.099609375,111808000
2007-04-13,9126.099609375,9191.2001953125,9122.900390625,9177.5,9177.5,60349600
2007-04-16,9223.7001953125,9280.2998046875,9216.7998046875,9269.900390625,9269.900390625,77481400
2007-04-17,9256,9260.5,9211.2001953125,9228,9228,85741000
2007-04-18,9234,9288.7998046875,9202.900390625,9278.5,9278.5,122686800
2007-04-19,9183.2001953125,9262,9158,9256.7998046875,9256.7998046875,81882200
2007-04-20,9317.5,9417.099609375,9303.7001953125,9399.7998046875,9399.7998046875,116175700
2007-04-23,9441.2001953125,9468.2998046875,9407.7998046875,9438.099609375,9438.099609375,76121200
2007-04-24,9443.7998046875,9447.5,9344.5,9392.400390625,9392.400390625,80425400
2007-04-25,9380.599609375,9429.2998046875,9374.599609375,9429.2998046875,9429.2998046875,76769800
2007-04-26,9497.599609375,9515.2998046875,9431.7998046875,9481.2998046875,9481.2998046875,127788400
2007-04-27,9469.7001953125,9486.2998046875,9398.099609375,9419.900390625,9419.900390625,73784200
2007-04-30,9397.5,9474.099609375,9394.7001953125,9428.2998046875,9428.2998046875,54283800
2007-05-02,9440,9462,9386.099609375,9445,9445,120229900
2007-05-03,9434.599609375,9458.2998046875,9312.5,9393,9393,155019500
2007-05-04,9412.7998046875,9470,9411.099609375,9455.5,9455.5,85803800
2007-05-07,9475.599609375,9478.7001953125,9418.099609375,9455.5,9455.5,56227600
2007-05-08,9448.7998046875,9470.7998046875,9345.5,9377.099609375,9377.099609375,84317000
2007-05-09,9433.900390625,9471.5,9377.7998046875,9427.7001953125,9427.7001953125,120105900
2007-05-10,9440.5,9440.7001953125,9367.2998046875,9367.2998046875,9367.2998046875,78661000
2007-05-11,9288.7998046875,9412.2998046875,9248.900390625,9408.2998046875,9408.2998046875,89699000
2007-05-14,9464,9465.599609375,9363.5,9387.2998046875,9387.2998046875,82158200
2007-05-15,9365.900390625,9402.7001953125,9341.7001953125,9391,9391,79040800
2007-05-16,9377.599609375,9394.400390625,9348.7998046875,9357.5,9357.5,90378800
2007-05-18,9389.599609375,9429.7998046875,9380.2001953125,9424.7001953125,9424.7001953125,132117800
2007-05-21,9447.2998046875,9474.099609375,9398.900390625,9405.2998046875,9405.2998046875,57492200
2007-05-22,9391.400390625,9404.2001953125,9346.2998046875,9361.099609375,9361.099609375,96485200
2007-05-23,9391.099609375,9458.5,9378.2001953125,9438.7998046875,9438.7998046875,71101600
2007-05-24,9396.7998046875,9433.599609375,9353.2001953125,9357,9357,71205000
2007-05-25,9323.2001953125,9385.099609375,9313.2998046875,9381.2998046875,9381.2998046875,62490000
2007-05-29,9407.7998046875,9416.7001953125,9377.599609375,9396,9396,48113200
2007-05-30,9343,9382.7998046875,9303,9382.7998046875,9382.7998046875,61979800
2007-05-31,9457.7001953125,9479,9438.2001953125,9450.7998046875,9450.7998046875,84946000
2007-06-01,9473.900390625,9536.7001953125,9473.900390625,9531.5,9531.5,121822700
2007-06-04,9515.7998046875,9548.099609375,9451.7998046875,9487.5,9487.5,61706400
2007-06-05,9498.5,9504,9407.599609375,9408.2001953125,9408.2001953125,114858300
2007-06-06,9395.900390625,9424.7998046875,9245.7998046875,9277.5,9277.5,125503700
2007-06-07,9307,9319.7998046875,9138.900390625,9152.099609375,9152.099609375,88712800
2007-06-08,9092.599609375,9168.7001953125,9057.2001953125,9150.7001953125,9150.7001953125,112046200
2007-06-11,9201.599609375,9223,9170.2998046875,9223,9223,67864600
2007-06-12,9196,9254.5,9155.900390625,9181,9181,86756600
2007-06-13,9156.2998046875,9178.7998046875,9110.2998046875,9146.099609375,9146.099609375,98589600
2007-06-14,9222.7001953125,9292.2998046875,9211.7998046875,9292.2998046875,9292.2998046875,98913600
2007-06-15,9297.400390625,9429.900390625,9297.400390625,9395.7998046875,9395.7998046875,174629200
2007-06-18,9415.7998046875,9441,9340.099609375,9365.7001953125,9365.7001953125,63291000
2007-06-19,9387,9404.599609375,9308.7001953125,9333.400390625,9333.400390625,66444600
2007-06-20,9363.900390625,9398.2998046875,9333.099609375,9347.2998046875,9347.2998046875,73947200
2007-06-21,9290.900390625,9319.2998046875,9188.5,9230.2998046875,9230.2998046875,85275000
2007-06-22,9249.2001953125,9261,9157.7998046875,9166.5,9166.5,108723400
2007-06-25,9115.7001953125,9155.2998046875,9079.7001953125,9141.2001953125,9141.2001953125,61001600
2007-06-26,9083.5,9115.7001953125,9047.7001953125,9073.2998046875,9073.2998046875,80411200
2007-06-27,9043.2998046875,9053.7998046875,8993.400390625,9025.7998046875,9025.7998046875,102752900
2007-06-28,9107.099609375,9146.2001953125,9094.2001953125,9138.900390625,9138.900390625,74779600
2007-06-29,9165.2998046875,9209.400390625,9104.7001953125,9209.400390625,9209.400390625,66526000
2007-07-02,9196,9231.7001953125,9176,9192.599609375,9192.599609375,55510800
2007-07-03,9238,9261.400390625,9219.2998046875,9240.2998046875,9240.2998046875,56270400
2007-07-04,9245.7998046875,9300,9233.099609375,9294.5,9294.5,42430200
2007-07-05,9324.400390625,9336,9203.900390625,9219.400390625,9219.400390625,64314200
2007-07-06,9215.7998046875,9264,9204.5,9264,9264,76167600
2007-07-09,9308.7998046875,9323.5,9269.099609375,9296.400390625,9296.400390625,55818400
2007-07-10,9282.2998046875,9327.599609375,9191.2998046875,9248.400390625,9248.400390625,74265000
2007-07-11,9160.2998046875,9225.7001953125,9140.099609375,9214.400390625,9214.400390625,78005200
2007-07-12,9230.599609375,9253.099609375,9153,9248.5,9248.5,81638600
2007-07-13,9334.7998046875,9354.7001953125,9250.7001953125,9261.7001953125,9261.7001953125,79858200
2007-07-16,9286.099609375,9336.7998046875,9272.7998046875,9299.7998046875,9299.7998046875,50359800
2007-07-17,9263.7998046875,9271.7998046875,9215.7001953125,9219.2998046875,9219.2998046875,67405000
2007-07-18,9128,9162.2998046875,9072.5,9074.099609375,9074.099609375,85131400
2007-07-19,9122.7001953125,9278.599609375,9121.599609375,9189.2998046875,9189.2998046875,93295600
2007-07-20,9219,9239.7001953125,9102.2001953125,9105.5,9105.5,136678500
2007-07-23,9105.7001953125,9117.5,9037.5,9117.5,9117.5,75330400
2007-07-24,9087.099609375,9145.2001953125,9020.5,9047.7001953125,9047.7001953125,89440800
2007-07-25,8984.400390625,9027.5,8893,8922.7001953125,8922.7001953125,108198600
2007-07-26,8966.7001953125,8980.099609375,8705.599609375,8706.400390625,8706.400390625,145920100
2007-07-27,8615.900390625,8782.2001953125,8613.099609375,8705.599609375,8705.599609375,128627300
2007-07-30,8724.599609375,8756.2001953125,8645.5,8705.099609375,8705.099609375,98012200
2007-07-31,8767.7001953125,8889.900390625,8757.2998046875,8885,8885,110434800
2007-08-02,8897.2998046875,8910.5,8763.599609375,8775.7001953125,8775.7001953125,124069100
2007-08-03,8800.2001953125,8816.900390625,8642.900390625,8671.400390625,8671.400390625,75007800
2007-08-06,8583.2001953125,8664.7001953125,8571.400390625,8639.900390625,8639.900390625,97325800
2007-08-07,8708.7001953125,8750.599609375,8692.099609375,8747,8747,93260800
2007-08-08,8805.099609375,8992.2001953125,8797,8964.2001953125,8964.2001953125,98208000
2007-08-09,8920.599609375,8926.599609375,8759.099609375,8805.2998046875,8805.2998046875,120738700
2007-08-10,8677.5,8687.7998046875,8515.099609375,8565.5,8565.5,136223100
2007-08-13,8667.2001953125,8707.7001953125,8616.7001953125,8687.5,8687.5,76061000
2007-08-14,8608.2001953125,8668,8540.2001953125,8549.2998046875,8549.2998046875,96575600
2007-08-15,8494.2001953125,8678.400390625,8483.7001953125,8661.599609375,8661.599609375,95860400
2007-08-16,8474,8535.2998046875,8386.7001953125,8422.2998046875,8422.2998046875,137323600
2007-08-17,8364.099609375,8654.900390625,8329.599609375,8543,8543,180382600
2007-08-20,8598.099609375,8651,8575.900390625,8594.2998046875,8594.2998046875,78814800
2007-08-21,8603.400390625,8644.900390625,8528.099609375,8603.2001953125,8603.2001953125,80150800
2007-08-22,8638.7998046875,8740.7001953125,8638.599609375,8714.599609375,8714.599609375,80506400
2007-08-23,8795.599609375,8824.2001953125,8710.599609375,8738.5,8738.5,83281600
2007-08-24,8689.2001953125,8775.900390625,8682,8775.900390625,8775.900390625,58536000
2007-08-27,8818.2998046875,8853,8794.599609375,8846.2001953125,8846.2001953125,38070600
2007-08-28,8826.2001953125,8840.099609375,8709.7998046875,8714.7001953125,8714.7001953125,68706200
2007-08-29,8655.2998046875,8736.2001953125,8630.7001953125,8727.7998046875,8727.7998046875,68577200
2007-08-30,8792.5,8797.900390625,8674.400390625,8776.7001953125,8776.7001953125,60213800
2007-08-31,8814,8908,8790.2998046875,8881.5,8881.5,69383600
2007-09-03,8934.599609375,8937.5,8863.099609375,8877.7998046875,8877.7998046875,40953400
2007-09-04,8854.2998046875,8974.7998046875,8813.2001953125,8966.2998046875,8966.2998046875,79542600
2007-09-05,8953.599609375,8962.7998046875,8823.7998046875,8843.099609375,8843.099609375,86982200
2007-09-06,8896.7001953125,8897.2001953125,8758.2998046875,8830.099609375,8830.099609375,71846200
2007-09-07,8801.5,8852.7998046875,8667.099609375,8676.099609375,8676.099609375,88324400
2007-09-10,8688,8713.900390625,8603.7998046875,8612.5,8612.5,80134800
2007-09-11,8674.2998046875,8731.2001953125,8657.599609375,8717.2001953125,8717.2001953125,66848600
2007-09-12,8733.900390625,8795.7001953125,8696.2001953125,8784,8784,70677400
2007-09-13,8765.2001953125,8891.599609375,8734.599609375,8878,8878,67005000
2007-09-14,8827.099609375,8839.900390625,8727.400390625,8772.599609375,8772.599609375,65435000
2007-09-17,8740.599609375,8745.5,8658.2001953125,8685.7998046875,8685.7998046875,54840000
2007-09-18,8668.900390625,8797.599609375,8666.2001953125,8775.900390625,8775.900390625,85255800
2007-09-19,8966.2998046875,9057.900390625,8923.5,9006.7998046875,9006.7998046875,128352200
2007-09-20,8948.400390625,8977.099609375,8896.7001953125,8896.7001953125,8896.7001953125,80604400
2007-09-21,8902.2001953125,8958.2998046875,8874.2001953125,8897.2998046875,8897.2998046875,148191200
2007-09-24,8874.2001953125,8940.2998046875,8866.2998046875,8906.099609375,8906.099609375,80303600
2007-09-25,8867.2001953125,8886.900390625,8777.400390625,8829.2001953125,8829.2001953125,77853600
2007-09-26,8862.900390625,8894.2001953125,8831.900390625,8859.7001953125,8859.7001953125,71362400
2007-09-27,8909,8930.7998046875,8881,8886,8886,69560400
2007-09-28,8903.599609375,8941,8863.5,8933.5,8933.5,67090200
2007-10-01,8856.099609375,9030.5,8856.099609375,9022.5,9022.5,107671600
2007-10-02,9069.7998046875,9111.7998046875,9041.2001953125,9074,9074,108557500
2007-10-03,9079.900390625,9096.7998046875,9035.2998046875,9088.7001953125,9088.7001953125,76582400
2007-10-04,9051,9099.900390625,9037.900390625,9053.400390625,9053.400390625,69417000
2007-10-05,9059.7998046875,9100.7998046875,9025.2998046875,9075.2998046875,9075.2998046875,57836800
2007-10-08,9079.5,9119.7998046875,9067.5,9097,9097,41085800
2007-10-09,9107.2998046875,9146.099609375,9082.7998046875,9137.7998046875,9137.7998046875,55860200
2007-10-10,9159.2998046875,9185.2998046875,9135.7998046875,9182.2998046875,9182.2998046875,58592000
2007-10-11,9179.2001953125,9243.7998046875,9170.400390625,9218.2998046875,9218.2998046875,74306600
2007-10-12,9165.7001953125,9197.5,9120.099609375,9197.5,9197.5,68912400
2007-10-15,9185.400390625,9227.5,9149.2998046875,9179.5,9179.5,55571800
2007-10-16,9132.599609375,9133.900390625,9040.099609375,9062.7001953125,9062.7001953125,84518400
2007-10-17,9042.7001953125,9122.599609375,9032,9071.7998046875,9071.7998046875,65509800
2007-10-18,9087.5,9113.599609375,9013.2998046875,9027.5,9027.5,83155400
2007-10-19,9008.2998046875,9028.7001953125,8915.900390625,8937.2001953125,8937.2001953125,73535000
2007-10-22,8827.599609375,8883.2998046875,8801.099609375,8845.400390625,8845.400390625,84596600
2007-10-23,8891.099609375,8949.2998046875,8889.400390625,8903.2001953125,8903.2001953125,55208400
2007-10-24,8899.7001953125,8928.400390625,8838.2001953125,8851,8851,91219400
2007-10-25,8901.7998046875,8932.599609375,8886.2998046875,8917.5,8917.5,102346900
2007-10-26,8920.2001953125,8996.400390625,8861.2001953125,8962.900390625,8962.900390625,92119400
2007-10-29,9018.900390625,9023.099609375,8958.7998046875,9007.2998046875,9007.2998046875,71573800
2007-10-30,8969.599609375,8977.7998046875,8920.599609375,8939.2001953125,8939.2001953125,84959200
2007-10-31,8942.2001953125,9033.7998046875,8910.7998046875,9019.599609375,9019.599609375,97694000
2007-11-01,9029.5,9041.7001953125,8846.2001953125,8891.5,8891.5,143519300
2007-11-02,8822.7001953125,8891.5,8734.400390625,8770.400390625,8770.400390625,127767900
2007-11-05,8709.400390625,8766,8696.599609375,8707.7998046875,8707.7998046875,102999500
2007-11-06,8740.5,8792.7001953125,8728.400390625,8770.2998046875,8770.2998046875,82244400
2007-11-07,8799.5,8825.5,8685.2001953125,8703.2001953125,8703.2001953125,104950800
2007-11-08,8605.900390625,8671,8577.5,8605.2001953125,8605.2001953125,112502200
2007-11-09,8661.2998046875,8668.2001953125,8367.7998046875,8417.2001953125,8417.2001953125,137479200
2007-11-12,8361.5,8479.7001953125,8357.400390625,8442,8442,104910600
2007-11-13,8396.099609375,8530.7001953125,8372.5,8500.599609375,8500.599609375,108396900
2007-11-14,8591.599609375,8679.5,8576.2998046875,8631,8631,110916700
2007-11-15,8654.5,8680.099609375,8539.7001953125,8593.7001953125,8593.7001953125,82842200
2007-11-16,8529.5,8551.900390625,8445.2998046875,8478.7998046875,8478.7998046875,85409800
2007-11-19,8463.599609375,8511.400390625,8250.5,8270.900390625,8270.900390625,116769300
2007-11-20,8336.7001953125,8367.400390625,8171.7001953125,8339,8339,130045800
2007-11-21,8229.7001953125,8260.7001953125,8080.89990234375,8125.39990234375,8125.39990234375,128641500
2007-11-22,8147.10009765625,8289.5,8087.5,8227.099609375,8227.099609375,92466400
2007-11-23,8243.400390625,8402.400390625,8234.599609375,8371.7998046875,8371.7998046875,93415200
2007-11-26,8439.099609375,8474.7998046875,8343.400390625,8361.2001953125,8361.2001953125,92021000
2007-11-27,8334.2001953125,8462.400390625,8301.2001953125,8431.099609375,8431.099609375,104328600
2007-11-28,8467.7001953125,8664.2998046875,8432.5,8650.7998046875,8650.7998046875,118562700
2007-11-29,8674,8757.7001953125,8658.900390625,8734.5,8734.5,98828200
2007-11-30,8757.7001953125,8849.400390625,8743.599609375,8828.400390625,8828.400390625,114319200
2007-12-03,8799.7998046875,8855.2001953125,8678.7998046875,8706.2001953125,8706.2001953125,77454800
2007-12-04,8699.599609375,8702.400390625,8592.099609375,8645,8645,76429400
2007-12-05,8686.7998046875,8789.2998046875,8633.5,8758.2001953125,8758.2001953125,72239800
2007-12-06,8733.400390625,8813.2001953125,8670.400390625,8741.7001953125,8741.7001953125,88113400
2007-12-07,8795.2001953125,8829.099609375,8760.2001953125,8799.7001953125,8799.7001953125,71561600
2007-12-10,8789.7998046875,8904.7001953125,8749.2998046875,8885.2998046875,8885.2998046875,102083100
2007-12-11,8903,8910.2001953125,8819.599609375,8855.900390625,8855.900390625,91676800
2007-12-12,8745.7001953125,8918.7998046875,8722.5,8852.2998046875,8852.2998046875,102151100
2007-12-13,8763.7998046875,8810.400390625,8652.5,8658.400390625,8658.400390625,99025600
2007-12-14,8701.7001953125,8707.900390625,8602.7998046875,8675.900390625,8675.900390625,61544600
2007-12-17,8617.2998046875,8617.2998046875,8515.5,8544.599609375,8544.599609375,72120400
2007-12-18,8485.900390625,8565.2001953125,8458.400390625,8467.099609375,8467.099609375,72019600
2007-12-19,8463.7998046875,8465.2001953125,8387.099609375,8395,8395,65080200
2007-12-20,8402.2998046875,8483.7998046875,8369.2001953125,8402.7998046875,8402.7998046875,55018000
2007-12-21,8463.900390625,8506,8446.400390625,8468.400390625,8468.400390625,115625800
2007-12-24,NA,NA,NA,NA,NA,NA
2007-12-27,8497.900390625,8561.7001953125,8447.7001953125,8518.2001953125,8518.2001953125,37416200
2007-12-28,8467.599609375,8571.7998046875,8453.2001953125,8484.5,8484.5,32228600
2007-12-31,NA,NA,NA,NA,NA,NA
2008-01-03,8410.099609375,8421,8273.2998046875,8318.7998046875,8318.7998046875,70784600
2008-01-04,8306.7001953125,8344.2998046875,8109.89990234375,8130,8130,82516600
2008-01-07,8090.5,8213.099609375,8070.2998046875,8110.60009765625,8110.60009765625,102996500
2008-01-08,8128.89990234375,8385.400390625,8127.60009765625,8316.400390625,8316.400390625,132311200
2008-01-09,8263.5,8345.5,8216.2998046875,8339.7998046875,8339.7998046875,107972400
2008-01-10,8365.7001953125,8379.2998046875,8227.599609375,8290.7998046875,8290.7998046875,94847600
2008-01-11,8296.900390625,8303.7998046875,8156.39990234375,8159.7001953125,8159.7001953125,95764000
2008-01-14,8148.5,8249.7998046875,8125.39990234375,8193.400390625,8193.400390625,74924400
2008-01-15,8162.7001953125,8165.60009765625,7949.2001953125,7973.89990234375,7973.89990234375,89881800
2008-01-16,7928.89990234375,7959.10009765625,7778.7001953125,7847.5,7847.5,123731400
2008-01-17,7907.39990234375,7951.39990234375,7767.2001953125,7788.10009765625,7788.10009765625,120486400
2008-01-18,7805.7001953125,7938.7998046875,7690.10009765625,7692,7692,150715700
2008-01-21,7571,7586.7998046875,7263.5,7287.10009765625,7287.10009765625,166608000
2008-01-22,7030.89990234375,7534.5,6950.89990234375,7487.89990234375,7487.89990234375,212511200
2008-01-23,7625.89990234375,7625.89990234375,7180,7356.10009765625,7356.10009765625,165486700
2008-01-24,7563.89990234375,7718.2001953125,7531.2998046875,7691,7691,155902600
2008-01-25,7812.10009765625,7839.2001953125,7685,7686.89990234375,7686.89990234375,113346500
2008-01-28,7594.7001953125,7647.5,7477.89990234375,7581.7001953125,7581.7001953125,89112800
2008-01-29,7626.2998046875,7730.7998046875,7612.60009765625,7704.39990234375,7704.39990234375,81957400
2008-01-30,7655.7998046875,7746.2998046875,7610.5,7671.7998046875,7671.7998046875,75897200
2008-01-31,7659.89990234375,7696.89990234375,7436.89990234375,7670.39990234375,7670.39990234375,133002000
2008-02-01,7729.7001953125,7881.7001953125,7695.5,7816,7816,105370900
2008-02-04,7879.7998046875,7888.5,7725,7751.7001953125,7751.7001953125,73700200
2008-02-05,7740,7742,7504.7001953125,7517.39990234375,7517.39990234375,107092700
2008-02-06,7431.89990234375,7565.5,7424.60009765625,7565.5,7565.5,96289600
2008-02-07,7543.7001953125,7546.10009765625,7361.89990234375,7420,7420,87502000
2008-02-08,7503.60009765625,7532.2998046875,7405.7998046875,7447,7447,65831000
2008-02-11,7382.2001953125,7456.10009765625,7332.2998046875,7347.5,7347.5,73755200
2008-02-12,7380.2998046875,7554.10009765625,7278.10009765625,7546.89990234375,7546.89990234375,122731900
2008-02-13,7485.10009765625,7578.60009765625,7445.2001953125,7536.5,7536.5,165075900
2008-02-14,7611.5,7650.10009765625,7482.7998046875,7502,7502,165438000
2008-02-15,7494.5,7517.39990234375,7346.2998046875,7353,7353,184779300
2008-02-18,7422.2998046875,7528.5,7392.5,7486.7001953125,7486.7001953125,70289600
2008-02-19,7420.2998046875,7541.7998046875,7367,7462.7001953125,7462.7001953125,118232500
2008-02-20,7385.2001953125,7454.10009765625,7337.60009765625,7381.60009765625,7381.60009765625,90558200
2008-02-21,7402,7577.7998046875,7402,7486.10009765625,7486.10009765625,88644600
2008-02-22,7436.39990234375,7569.10009765625,7425.2998046875,7454.7998046875,7454.7998046875,83321800
2008-02-25,7585.2998046875,7634.5,7546.5,7615.7998046875,7615.7998046875,79883800
2008-02-26,7640.60009765625,7766.5,7622.60009765625,7743.2001953125,7743.2001953125,87729600
2008-02-27,7778.2001953125,7782.5,7658.39990234375,7782.5,7782.5,85803200
2008-02-28,7751.7001953125,7802.60009765625,7658,7663,7663,95294400
2008-02-29,7580.89990234375,7645.2001953125,7489.60009765625,7533.89990234375,7533.89990234375,112318500
2008-03-03,7402.89990234375,7460.39990234375,7361.10009765625,7403.89990234375,7403.89990234375,91853600
2008-03-04,7394,7452.39990234375,7229.10009765625,7276,7276,93295200
2008-03-05,7335,7387.7998046875,7293.5,7338.7998046875,7338.7998046875,82559400
2008-03-06,7346,7352.7998046875,7238.2998046875,7269.89990234375,7269.89990234375,86385800
2008-03-07,7147.39990234375,7223,7097.89990234375,7174.10009765625,7174.10009765625,97546400
2008-03-10,7117.5,7149.2998046875,7021.2998046875,7055,7055,90864400
2008-03-11,7067.10009765625,7257.7001953125,7042.39990234375,7143,7143,107957000
2008-03-12,7248.2998046875,7303.2998046875,7204.89990234375,7245,7245,106504400
2008-03-13,7159.7998046875,7255.2001953125,7114.5,7251.7001953125,7251.7001953125,110069200
2008-03-14,7241.7998046875,7338.5,7052.5,7132,7132,122508400
2008-03-17,6910.89990234375,6972.7001953125,6769.7998046875,6774.2998046875,6774.2998046875,160568200
2008-03-18,6875.60009765625,7034.39990234375,6847.89990234375,7013.89990234375,7013.89990234375,116515100
2008-03-19,7097.89990234375,7118.10009765625,6973.5,7073,7073,122892100
2008-03-20,6965.89990234375,7025.2998046875,6945.5,7009.89990234375,7009.89990234375,176662800
2008-03-25,7232.7998046875,7271.2001953125,7150.7001953125,7234.39990234375,7234.39990234375,103893500
2008-03-26,7219.39990234375,7236.5,7122.60009765625,7184.5,7184.5,84565600
2008-03-27,7164.7001953125,7316.60009765625,7163.89990234375,7265,7265,82305600
2008-03-28,7273.5,7289.2001953125,7221.10009765625,7239.39990234375,7239.39990234375,57845800
2008-03-31,7162,7224.2998046875,7069.10009765625,7224.2998046875,7224.2998046875,63495600
2008-04-01,7221.2001953125,7511,7219.10009765625,7494.2998046875,7494.2998046875,125380100
2008-04-02,7536.2998046875,7625.10009765625,7514.2001953125,7596.60009765625,7596.60009765625,106984700
2008-04-03,7598.89990234375,7610.89990234375,7480.60009765625,7516.2001953125,7516.2001953125,68678600
2008-04-04,7547.60009765625,7594,7500.5,7573.5,7573.5,66573600
2008-04-07,7679.7001953125,7707.39990234375,7622.89990234375,7639.2998046875,7639.2998046875,89604200
2008-04-08,7576.5,7603.2998046875,7530.7001953125,7568.10009765625,7568.10009765625,66733200
2008-04-09,7529.10009765625,7538.5,7403,7403.10009765625,7403.10009765625,65564600
2008-04-10,7404.7998046875,7413.60009765625,7246.39990234375,7312.60009765625,7312.60009765625,91157800
2008-04-11,7352.60009765625,7395.5,7221.89990234375,7259,7259,70387600
2008-04-14,7177.2998046875,7209.5,7123.60009765625,7139.5,7139.5,64575200
2008-04-15,7173.5,7241.2998046875,7107,7187.39990234375,7187.39990234375,74150200
2008-04-16,7221.7998046875,7256.7001953125,7132.89990234375,7250.7001953125,7250.7001953125,66550400
2008-04-17,7260.60009765625,7262.5,7133.39990234375,7173.60009765625,7173.60009765625,65986000
2008-04-18,7215.5,7421.89990234375,7207,7418,7418,95194200
2008-04-21,7452.39990234375,7484.7001953125,7349,7394.89990234375,7394.89990234375,76659400
2008-04-22,7359.60009765625,7388.39990234375,7304.60009765625,7328.89990234375,7328.89990234375,60534600
2008-04-23,7345.2998046875,7366.89990234375,7227.2001953125,7324.5,7324.5,79400200
2008-04-24,7353.2998046875,7460.5,7314.39990234375,7460.5,7460.5,115243400
2008-04-25,7510.89990234375,7597.5,7493.5,7509.5,7509.5,84484000
2008-04-28,7518.39990234375,7587.7001953125,7499.39990234375,7550.10009765625,7550.10009765625,72508200
2008-04-29,7502.10009765625,7537.7998046875,7431,7462,7462,66286600
2008-04-30,7470.10009765625,7543.5,7411.7998046875,7529,7529,91026000
2008-05-02,7583,7690.39990234375,7579.39990234375,7665.7998046875,7665.7998046875,89924800
2008-05-05,7653.89990234375,7692.7001953125,7639.60009765625,7658.2998046875,7658.2998046875,42430600
2008-05-06,7636.89990234375,7665.7001953125,7496.7998046875,7543.7001953125,7543.7001953125,89614600
2008-05-07,7554.39990234375,7642.60009765625,7518.60009765625,7639.2001953125,7639.2001953125,76802800
2008-05-08,7560.7998046875,7611.5,7551,7586.10009765625,7586.10009765625,78702200
2008-05-09,7555.2998046875,7579.7998046875,7423.89990234375,7484,7484,67864200
2008-05-13,7558.2998046875,7608.2001953125,7513.89990234375,7578.2998046875,7578.2998046875,82506800
2008-05-14,7628.39990234375,7646.5,7575.10009765625,7594.60009765625,7594.60009765625,63178000
2008-05-15,7574.7998046875,7698.2998046875,7566.2998046875,7683.39990234375,7683.39990234375,66098200
2008-05-16,7721.5,7734.5,7652.39990234375,7653.7001953125,7653.7001953125,61625200
2008-05-19,7687.89990234375,7785.2001953125,7664.2998046875,7778.89990234375,7778.89990234375,61824600
2008-05-20,7727.5,7744.7001953125,7614,7626.60009765625,7626.60009765625,63846400
2008-05-21,7644.7998046875,7659.39990234375,7535.39990234375,7574.2998046875,7574.2998046875,72315800
2008-05-22,7521,7613.7998046875,7461.7998046875,7578,7578,72678000
2008-05-23,7573,7579.10009765625,7444.7998046875,7459.89990234375,7459.89990234375,68429800
2008-05-26,7420.39990234375,7436.5,7363.89990234375,7363.89990234375,7363.89990234375,66621600
2008-05-27,7383.7998046875,7473.39990234375,7374.7998046875,7418,7418,107198000
2008-05-28,7425.2998046875,7505.7998046875,7408.39990234375,7474.5,7474.5,83767200
2008-05-29,7502.2998046875,7562,7484.89990234375,7541.7998046875,7541.7998046875,80234200
2008-05-30,7568.5,7598.10009765625,7492,7511.2998046875,7511.2998046875,99814600
2008-06-02,7549.5,7572,7492.39990234375,7555.7001953125,7555.7001953125,92830400
2008-06-03,7498.7001953125,7594.5,7498.2001953125,7590.39990234375,7590.39990234375,111110000
2008-06-04,7548.72998046875,7555.85009765625,7448.41015625,7514.47998046875,7514.47998046875,106173100
2008-06-05,7524.5,7587.83984375,7501.47998046875,7567.22998046875,7567.22998046875,132997400
2008-06-06,7610.89990234375,7612.06982421875,7355.259765625,7386.419921875,7386.419921875,115359800
2008-06-09,7323.18017578125,7385.7900390625,7268.009765625,7325.89990234375,7325.89990234375,121133100
2008-06-10,7267.27001953125,7302.77001953125,7227.83984375,7284.2099609375,7284.2099609375,100890800
2008-06-11,7326.77001953125,7335.9599609375,7120.85009765625,7167.2998046875,7167.2998046875,89966200
2008-06-12,7162.509765625,7265.27978515625,7121.9599609375,7222.7900390625,7222.7900390625,95178200
2008-06-13,7220.97021484375,7312.9501953125,7152.009765625,7261.3701171875,7261.3701171875,85517800
2008-06-16,7276.27978515625,7313.830078125,7163.18994140625,7238.27001953125,7238.27001953125,62224000
2008-06-17,7273.93994140625,7327.7099609375,7251.3798828125,7251.419921875,7251.419921875,76637900
2008-06-18,7235.16015625,7238.64990234375,7148.14013671875,7182.56005859375,7182.56005859375,99054200
2008-06-19,7133.4501953125,7186.08984375,7093.759765625,7158.93994140625,7158.93994140625,80791000
2008-06-20,7160.27001953125,7196.75,7012.18994140625,7069.43994140625,7069.43994140625,182574700
2008-06-23,7055.43017578125,7097.509765625,7009.22021484375,7026.919921875,7026.919921875,76868000
2008-06-24,7020.31982421875,7082.25,6955.64990234375,7026.080078125,7026.080078125,120763500
2008-06-25,7054.1298828125,7081.68994140625,7012.009765625,7081.3701171875,7081.3701171875,94188600
2008-06-26,7043.68994140625,7060.16015625,6934.33984375,6949.72998046875,6949.72998046875,108309500
2008-06-27,6898.06005859375,6932.16015625,6803.7001953125,6861.5400390625,6861.5400390625,101264800
2008-06-30,6850.740234375,6963.83984375,6799.02978515625,6958.509765625,6958.509765625,112894200
2008-07-01,6935.85986328125,6949.22998046875,6800.7998046875,6849.669921875,6849.669921875,135253900
2008-07-02,6889.18994140625,6944.91015625,6831.31982421875,6843.75,6843.75,126300100
2008-07-03,6763,6895.93017578125,6738.7900390625,6844.06005859375,6844.06005859375,125294800
2008-07-04,6904.990234375,6908.740234375,6751.60009765625,6772.740234375,6772.740234375,71704300
2008-07-07,6834.06005859375,6835.5498046875,6738.93017578125,6815.72998046875,6815.72998046875,81470500
2008-07-08,6684.8701171875,6818.5498046875,6661.1298828125,6788.1298828125,6788.1298828125,114028800
2008-07-09,6849.81982421875,6949.35009765625,6830.41015625,6921.43994140625,6921.43994140625,103180100
2008-07-10,6823.2998046875,6871.490234375,6763.8701171875,6803.06982421875,6803.06982421875,113798500
2008-07-11,6840.56982421875,6856.3798828125,6638.89013671875,6638.89013671875,6638.89013671875,107961200
2008-07-14,6702.27001953125,6757.990234375,6675.259765625,6675.259765625,6675.259765625,73272200
2008-07-15,6605.9501953125,6613.22021484375,6478.41015625,6561.97998046875,6561.97998046875,122439400
2008-07-16,6584.5,6619.97998046875,6422.85009765625,6583.490234375,6583.490234375,122453600
2008-07-17,6720.27001953125,6821.7998046875,6679.6201171875,6739.16015625,6739.16015625,142847900
2008-07-18,6700.7099609375,6837.16015625,6648.490234375,6827.31005859375,6827.31005859375,135272800
2008-07-21,6816.14013671875,6925.27001953125,6758.66015625,6858.22021484375,6858.22021484375,85213100
2008-07-22,6787.240234375,6951.509765625,6759.7099609375,6922.25,6922.25,98274900
2008-07-23,7019.9501953125,7082.10009765625,6996.3798828125,7058.240234375,7058.240234375,119581100
2008-07-24,7144.56005859375,7150.0498046875,7040.0400390625,7056.93017578125,7056.93017578125,139407100
2008-07-25,7010.75,7039.43994140625,6940.22021484375,7015.02978515625,7015.02978515625,106995600
2008-07-28,6994.18994140625,7024.77978515625,6939.81982421875,6968.93017578125,6968.93017578125,80412400
2008-07-29,6880.43017578125,7048.68994140625,6861.31982421875,6993.2998046875,6993.2998046875,119370500
2008-07-30,7091.10986328125,7150.6201171875,7019.7998046875,7108.91015625,7108.91015625,94157200
2008-07-31,7117.5400390625,7188.6201171875,7088.97021484375,7141.2099609375,7141.2099609375,82791900
2008-08-04,7069.7001953125,7133.10986328125,7069.7001953125,7078.22021484375,7078.22021484375,83432300
2008-08-05,7104,7194.7900390625,7070.18994140625,7190.77978515625,7190.77978515625,105232200
2008-08-06,7244.85009765625,7258.31982421875,7161.7998046875,7209.33984375,7209.33984375,102135100
2008-08-07,7179.990234375,7265.14990234375,7149.75,7182.06982421875,7182.06982421875,106242000
2008-08-08,7146.06982421875,7293.91015625,7143.009765625,7262.10009765625,7262.10009765625,92188500
2008-08-11,7284.68017578125,7348.39990234375,7265.89013671875,7337.72998046875,7337.72998046875,77811200
2008-08-12,7312.669921875,7358.5400390625,7280.06982421875,7301.83984375,7301.83984375,113765400
2008-08-13,7258.0400390625,7280.43994140625,7170.77978515625,7193.5,7193.5,90994900
2008-08-14,7220.89013671875,7259.25,7155.91015625,7206.4599609375,7206.4599609375,85905800
2008-08-15,7226.97021484375,7273.77978515625,7214.0498046875,7235.93017578125,7235.93017578125,72774700
2008-08-18,7172.52978515625,7278.56982421875,7143.31982421875,7231.39990234375,7231.39990234375,56136800
2008-08-19,7162.259765625,7179.4501953125,7102.669921875,7115.18017578125,7115.18017578125,74435100
2008-08-20,7134.64990234375,7148.97998046875,7053.85009765625,7100.009765625,7100.009765625,72557800
2008-08-21,7044.10009765625,7055.18017578125,6996.7998046875,7000.52978515625,7000.52978515625,76841500
2008-08-22,7012.72021484375,7115.64013671875,6995,7094.1201171875,7094.1201171875,77284400
2008-08-25,7070.31005859375,7141.64013671875,7059.77978515625,7062.580078125,7062.580078125,33849900
2008-08-26,7025.43017578125,7113.27978515625,6980.08984375,7093.72021484375,7093.72021484375,65126400
2008-08-27,7072.77978515625,7094.240234375,7012.9501953125,7086.64013671875,7086.64013671875,72562700
2008-08-28,7086.81005859375,7230.52001953125,7056.509765625,7190.39990234375,7190.39990234375,90222300
2008-08-29,7221.66015625,7273.06005859375,7194.830078125,7238.740234375,7238.740234375,77351100
2008-09-01,7182.2099609375,7256.009765625,7170.0498046875,7227.75,7227.75,40695300
2008-09-02,7215.56982421875,7343.06982421875,7199.47998046875,7298.58984375,7298.58984375,90490000
2008-09-03,7243.47998046875,7299.2900390625,7240.89990234375,7256.6298828125,7256.6298828125,78890100
2008-09-04,7270.6201171875,7289.740234375,7084.64990234375,7084.64990234375,7084.64990234375,89232300
2008-09-05,7045.2998046875,7067.080078125,6954.8798828125,6976.58984375,6976.58984375,109977100
2008-09-08,7239.66015625,7241.47021484375,7159.35009765625,7177.419921875,7177.419921875,134190400
2008-09-09,7156.14990234375,7302.5498046875,7149.60009765625,7189.4501953125,7189.4501953125,116368000
2008-09-10,7170.25,7229.490234375,7104.6201171875,7121.43017578125,7121.43017578125,120451400
2008-09-11,7117.35986328125,7133.41015625,6986.5498046875,7071.25,7071.25,103629000
2008-09-12,7119.93017578125,7217.75,7091.56005859375,7215.5,7215.5,93008900
2008-09-15,7040.93994140625,7057.89990234375,6827.52001953125,6939.10986328125,6939.10986328125,218201400
2008-09-16,6857.77978515625,6891.2900390625,6659.330078125,6732.93017578125,6732.93017578125,267900400
2008-09-17,6856.9501953125,6858.85986328125,6654.330078125,6654.330078125,6654.330078125,195637000
2008-09-18,6628.91015625,6736.080078125,6587.009765625,6623.25,6623.25,180975300
2008-09-19,6870.330078125,7081.93017578125,6867.9501953125,7025.169921875,7025.169921875,313287600
2008-09-22,7032.22998046875,7079.7998046875,6879.2001953125,6887.39013671875,6887.39013671875,106472600
2008-09-23,6861.2900390625,6888.0498046875,6769.06005859375,6805.52978515625,6805.52978515625,124092700
2008-09-24,6856.64013671875,6864.83984375,6766.52978515625,6780.33984375,6780.33984375,83197700
2008-09-25,6793.5498046875,6956.43994140625,6785.60009765625,6945.490234375,6945.490234375,97424500
2008-09-26,6850.4501953125,6865.259765625,6763.14990234375,6815.52001953125,6815.52001953125,94224700
2008-09-29,6747.22021484375,6786.39013671875,6500.1298828125,6500.1298828125,6500.1298828125,115959300
2008-09-30,6343.7001953125,6676.6201171875,6343.43017578125,6654.89013671875,6654.89013671875,129884300
2008-10-01,6743.259765625,6763.60986328125,6653.990234375,6727.6298828125,6727.6298828125,94353800
2008-10-02,6750.66015625,6825.14013671875,6715.25,6730.93994140625,6730.93994140625,123634400
2008-10-03,6754.81005859375,6911.9599609375,6629.8701171875,6879.81982421875,6879.81982421875,117004300
2008-10-06,6623.56005859375,6671.31005859375,6375.7099609375,6458.72021484375,6458.72021484375,131110400
2008-10-07,6584.10986328125,6605.89990234375,6390,6427.759765625,6427.759765625,136718600
2008-10-08,6197.2998046875,6371.16015625,6004.6201171875,6073.4501953125,6073.4501953125,194095500
2008-10-09,6179.39990234375,6191.330078125,5764.35986328125,5798.83984375,5798.83984375,136537900
2008-10-10,5406.72021484375,5555.60986328125,5265.85986328125,5347.22021484375,5347.22021484375,218528500
2008-10-13,5712.740234375,5956.31982421875,5565.990234375,5956.31982421875,5956.31982421875,178771100
2008-10-14,6155.89013671875,6408.7998046875,6130.39990234375,6260.22021484375,6260.22021484375,164640900
2008-10-15,6245.02978515625,6254.3701171875,5893.75,5911.169921875,5911.169921875,126036400
2008-10-16,5656.06982421875,5959.240234375,5613.10009765625,5718.52978515625,5718.52978515625,179478100
2008-10-17,5928.5400390625,6099.6201171875,5805.919921875,6099.6201171875,6099.6201171875,158442400
2008-10-20,6186.56982421875,6216.4599609375,6087.35986328125,6216.4599609375,6216.4599609375,101910900
2008-10-21,6337.580078125,6352.6201171875,6139.0400390625,6185.47998046875,6185.47998046875,105883000
2008-10-22,6040.89990234375,6102.1298828125,5901.35986328125,5925.4599609375,5925.4599609375,101086300
2008-10-23,5965.14013671875,6027.08984375,5763.5498046875,5893.72998046875,5893.72998046875,163074500
2008-10-24,5666.91015625,5733.22998046875,5410.93994140625,5675.08984375,5675.08984375,160589900
2008-10-27,5407.89990234375,5614.4599609375,5367.43994140625,5500.93994140625,5500.93994140625,106563500
2008-10-28,5595.02001953125,5680.41015625,5475.35009765625,5538.5400390625,5538.5400390625,105999200
2008-10-29,5782.02978515625,5895.18017578125,5660.16015625,5880.56982421875,5880.56982421875,128545300
2008-10-30,6011.8701171875,6037.89013671875,5720.2001953125,5842.33984375,5842.33984375,110536900
2008-10-31,5835.75,6153.2099609375,5792.10009765625,6153.2099609375,6153.2099609375,100393500
2008-11-03,6227.169921875,6233.8798828125,6103.759765625,6233.8798828125,6233.8798828125,72380900
2008-11-04,6258.7900390625,6419.0400390625,6229.85986328125,6399.97998046875,6399.97998046875,96475700
2008-11-05,6339.1201171875,6343.10009765625,6167.490234375,6177.14990234375,6177.14990234375,84817500
2008-11-06,6027.5400390625,6154.27978515625,5882.4599609375,5924.89990234375,5924.89990234375,106554800
2008-11-07,5967.68017578125,6071.58984375,5928.25,6008.16015625,6008.16015625,82846300
2008-11-10,6163.97021484375,6232.97021484375,6083.60009765625,6090.6201171875,6090.6201171875,68351100
2008-11-11,5979.3701171875,6038.330078125,5830.9599609375,5880.7900390625,5880.7900390625,91403200
2008-11-12,5960.06005859375,5970.93017578125,5668.1298828125,5702.85986328125,5702.85986328125,95483200
2008-11-13,5646.2099609375,5761.47998046875,5645.75,5740.0400390625,5740.0400390625,84067000
2008-11-14,5897.77001953125,5901.080078125,5786.89990234375,5834.75,5834.75,77579400
2008-11-17,5807.39013671875,5845.5498046875,5615.39013671875,5646.43017578125,5646.43017578125,67689800
2008-11-18,5661.009765625,5730.27978515625,5547.009765625,5675.580078125,5675.580078125,83101400
2008-11-19,5704.4599609375,5714.22998046875,5476.2001953125,5524.06005859375,5524.06005859375,85279700
2008-11-20,5429.8701171875,5443.14013671875,5172.83984375,5306.10009765625,5306.10009765625,130585300
2008-11-21,5361.5400390625,5374.8701171875,5034.41015625,5144.02001953125,5144.02001953125,117776800
2008-11-24,5236.330078125,5470.18017578125,5192.64990234375,5466.39990234375,5466.39990234375,100646900
2008-11-25,5393.1298828125,5609.9501953125,5389.91015625,5478.39013671875,5478.39013671875,131373200
2008-11-26,5433.6298828125,5515.509765625,5326.3798828125,5498.56005859375,5498.56005859375,88040000
2008-11-27,5521,5640.7998046875,5513.60009765625,5640.7998046875,5640.7998046875,58980400
2008-11-28,5655.85009765625,5816.60009765625,5613.47021484375,5816.60009765625,5816.60009765625,73361600
2008-12-01,5788.06005859375,5790.10009765625,5514.81005859375,5527.580078125,5527.580078125,69060200
2008-12-02,5472.4501953125,5575.47998046875,5403.7099609375,5537.58984375,5537.58984375,75873600
2008-12-03,5509.47021484375,5617.169921875,5414.8798828125,5604.22998046875,5604.22998046875,79299700
2008-12-04,5562.18994140625,5724.89990234375,5526.08984375,5649.14013671875,5649.14013671875,98853700
2008-12-05,5573.5400390625,5604.81982421875,5455.89013671875,5530.83984375,5530.83984375,76838700
2008-12-08,5787.02978515625,5818.81982421875,5701.41015625,5818.81982421875,5818.81982421875,90347700
2008-12-09,5770.830078125,5910.0400390625,5733.14013671875,5845.56005859375,5845.56005859375,91100700
2008-12-10,5813.669921875,5856.35009765625,5711.14990234375,5751.91015625,5751.91015625,69625900
2008-12-11,5713.58984375,5744.7900390625,5629.06982421875,5729.85009765625,5729.85009765625,65774100
2008-12-12,5534.85986328125,5654.7998046875,5492.64013671875,5636.169921875,5636.169921875,80528700
2008-12-15,5676.33984375,5702.18994140625,5493.2998046875,5526.5400390625,5526.5400390625,65813300
2008-12-16,5524.2900390625,5580.490234375,5479.33984375,5567.14013671875,5567.14013671875,67081700
2008-12-17,5638.10009765625,5651.7099609375,5489.919921875,5548.2001953125,5548.2001953125,82138400
2008-12-18,5595.27001953125,5628.43994140625,5484.02001953125,5515.0498046875,5515.0498046875,67017100
2008-12-19,5448.85986328125,5530.77001953125,5389.75,5459.85986328125,5459.85986328125,147137700
2008-12-22,5424.06005859375,5493.68994140625,5402.3798828125,5419.52001953125,5419.52001953125,50586500
2008-12-23,5449.89990234375,5485.97021484375,5399.0498046875,5399.580078125,5399.580078125,36670000
2008-12-24,5399.580078125,5399.580078125,5399.580078125,5399.580078125,5399.580078125,0
2008-12-29,5416.58984375,5517.89013671875,5393.97998046875,5464.9599609375,5464.9599609375,31583500
2008-12-30,5528.68994140625,5582.1201171875,5513.85009765625,5534.52978515625,5534.52978515625,35259100
2008-12-31,5534.52978515625,5534.52978515625,5534.52978515625,5534.52978515625,5534.52978515625,0
2009-01-05,5734.1298828125,5772.72998046875,5696.35986328125,5756.08984375,5756.08984375,65574600
2009-01-06,5778.759765625,5881.47021484375,5731.31982421875,5799.31005859375,5799.31005859375,66998500
2009-01-07,5778.02001953125,5806,5731.7001953125,5761.68994140625,5761.68994140625,58311300
2009-01-08,5697.52978515625,5764.419921875,5679.1201171875,5751.06982421875,5751.06982421875,55762500
2009-01-09,5753.5498046875,5753.66015625,5648.009765625,5697.240234375,5697.240234375,66495100
2009-01-12,5657.10009765625,5666.81982421875,5588.18017578125,5591.7900390625,5591.7900390625,68473600
2009-01-13,5568.35986328125,5568.35986328125,5452.02001953125,5534.330078125,5534.330078125,74759500
2009-01-14,5584.02001953125,5586.240234375,5329.3701171875,5378.81005859375,5378.81005859375,82618600
2009-01-15,5416.10009765625,5448.009765625,5330.10009765625,5382.43994140625,5382.43994140625,84057300
2009-01-16,5497.419921875,5511.16015625,5429.27978515625,5435.5400390625,5435.5400390625,82118200
2009-01-19,5496.68017578125,5517.35009765625,5318.72998046875,5381.3701171875,5381.3701171875,74106700
2009-01-20,5413.27978515625,5430.39013671875,5313.990234375,5321,5321,82597700
2009-01-21,5291.66015625,5376.52001953125,5248.8701171875,5304.169921875,5304.169921875,103839500
2009-01-22,5402.72998046875,5459.58984375,5307.5,5329.43994140625,5329.43994140625,95614100
2009-01-23,5326.56005859375,5351.89990234375,5194.60986328125,5306.91015625,5306.91015625,114935300
2009-01-26,5299.64013671875,5457,5299.1201171875,5417.06982421875,5417.06982421875,82754000
2009-01-27,5440.830078125,5442.3798828125,5291.14990234375,5348.91015625,5348.91015625,64608000
2009-01-28,5352.27001953125,5454.25,5338.58984375,5417.93017578125,5417.93017578125,116725400
2009-01-29,5364.6201171875,5369.43994140625,5241.81982421875,5272.89990234375,5272.89990234375,102816600
2009-01-30,5283.64990234375,5326.2998046875,5205.91015625,5290.0498046875,5290.0498046875,95821900
2009-02-02,5251.009765625,5259.14990234375,5140.3798828125,5166.9599609375,5166.9599609375,72107200
2009-02-03,5201.259765625,5246.3798828125,5142.259765625,5217.60986328125,5217.60986328125,81746500
2009-02-04,5191.080078125,5227.68994140625,5142.14990234375,5225.4599609375,5225.4599609375,96771800
2009-02-05,5126.43017578125,5141.14013671875,5005.240234375,5106.85009765625,5106.85009765625,114627300
2009-02-06,5147.3701171875,5152.85009765625,5052.64990234375,5123.08984375,5123.08984375,116688100
2009-02-09,5101.2900390625,5177.330078125,5076.31005859375,5158.5,5158.5,79192300
2009-02-10,5146.330078125,5235.18017578125,5107.4599609375,5144.68994140625,5144.68994140625,111035000
2009-02-11,5083.89013671875,5167.7998046875,5054.83984375,5123.77001953125,5123.77001953125,102077400
2009-02-12,5097.9599609375,5137.740234375,5062.31982421875,5106.669921875,5106.669921875,91661100
2009-02-13,5153.16015625,5202.52978515625,5090.7099609375,5126.83984375,5126.83984375,87191700
2009-02-16,5097.5,5114.5400390625,5076.740234375,5077.6201171875,5077.6201171875,36491700
2009-02-17,5003.18017578125,5029,4936.97998046875,4941.31005859375,4941.31005859375,78400200
2009-02-18,4959.2099609375,4997.18994140625,4911.0400390625,4955.47021484375,4955.47021484375,73684000
2009-02-19,5001.83984375,5048.68017578125,4965.27001953125,4990.52001953125,4990.52001953125,99438400
2009-02-20,4920.740234375,4946.6298828125,4808.43994140625,4851.2099609375,4851.2099609375,158034300
2009-02-23,4898.60009765625,4939.35009765625,4788.43994140625,4797.1201171875,4797.1201171875,88768700
2009-02-24,4750.919921875,4776.740234375,4668.830078125,4723.02001953125,4723.02001953125,117943500
2009-02-25,4774.509765625,4791.89990234375,4660.8701171875,4702.5,4702.5,96527400
2009-02-26,4784.02001953125,4802.18017578125,4721.81005859375,4770.77978515625,4770.77978515625,105439800
2009-02-27,4674.97998046875,4690.669921875,4608.81982421875,4690.669921875,4690.669921875,99743500
2009-03-02,4576.77001953125,4576.77001953125,4438.27001953125,4438.27001953125,4438.27001953125,93242800
2009-03-03,4472.25,4519.759765625,4357,4358,4358,93625300
2009-03-04,4402.14990234375,4470.39013671875,4349.6201171875,4463.669921875,4463.669921875,96657700
2009-03-05,4434.89013671875,4503.6298828125,4390.18017578125,4390.18017578125,4390.18017578125,93102300
2009-03-06,4380.22998046875,4419.14013671875,4311.60986328125,4311.60986328125,4311.60986328125,99306000
2009-03-09,4319.669921875,4345.0498046875,4234.9599609375,4307.669921875,4307.669921875,97877900
2009-03-10,4296.56982421875,4531.75,4296.47021484375,4512.5498046875,4512.5498046875,103649800
2009-03-11,4507.60009765625,4626.60986328125,4486.990234375,4576.97021484375,4576.97021484375,99717200
2009-03-12,4556.85986328125,4694.08984375,4482.259765625,4645.77978515625,4645.77978515625,96989100
2009-03-13,4713.06005859375,4774.72021484375,4683.72998046875,4726.740234375,4726.740234375,84568500
2009-03-16,4788.43994140625,4823.3701171875,4750.27978515625,4816.43017578125,4816.43017578125,83253600
2009-03-17,4766.89013671875,4826.35986328125,4741.60009765625,4813.77978515625,4813.77978515625,90250400
2009-03-18,4839.8798828125,4871.39013671875,4729.759765625,4783.31982421875,4783.31982421875,103665800
2009-03-19,4826.66015625,4901.66015625,4765.39990234375,4794.6298828125,4794.6298828125,154096600
2009-03-20,4727.22998046875,4842.240234375,4721.080078125,4787.169921875,4787.169921875,207423200
2009-03-23,4863.27978515625,4931.06982421875,4829.58984375,4931.06982421875,4931.06982421875,88654100
2009-03-24,4986.43017578125,4995.4599609375,4886.740234375,4923.66015625,4923.66015625,84775000
2009-03-25,4918.56005859375,5006.919921875,4901.81005859375,4970.3798828125,4970.3798828125,72022800
2009-03-26,4977.89013671875,5001.830078125,4897.64990234375,4966.740234375,4966.740234375,69103000
2009-03-27,4965.47021484375,4982.06982421875,4866.66015625,4872.330078125,4872.330078125,72124800
2009-03-30,4798.14013671875,4838.39990234375,4713.9599609375,4745.759765625,4745.759765625,63504500
2009-03-31,4811.7900390625,4928.75,4810.66015625,4927.43017578125,4927.43017578125,68965000
2009-04-01,4933.75,5014.89990234375,4837.02001953125,5014.89990234375,5014.89990234375,77240400
2009-04-02,5107.009765625,5180.52978515625,5098.08984375,5178.52978515625,5178.52978515625,103864700
2009-04-03,5147.91015625,5151.259765625,4996.0498046875,5042.990234375,5042.990234375,88982400
2009-04-06,5045.22021484375,5112.35009765625,4944.52978515625,5002.080078125,5002.080078125,78031300
2009-04-07,5041.64013671875,5050.27001953125,4960.68994140625,4974.2001953125,4974.2001953125,68654200
2009-04-08,4894.39990234375,5000.68994140625,4884.56982421875,4999.7998046875,4999.7998046875,58475000
2009-04-09,5041.33984375,5076.93994140625,4953.93994140625,5070.60009765625,5070.60009765625,79114100
2009-04-14,5092.5498046875,5130.52001953125,5048.6201171875,5099.31982421875,5099.31982421875,101397800
2009-04-15,5046.85986328125,5124.16015625,5032.72021484375,5065.43017578125,5065.43017578125,80481400
2009-04-16,5117.81982421875,5163.9501953125,5077.7998046875,5163.9501953125,5163.9501953125,81620500
2009-04-17,5172.27001953125,5237.47998046875,5154.93994140625,5192.6298828125,5192.6298828125,122787200
2009-04-20,5186.4501953125,5216.4501953125,5055.06982421875,5065.18017578125,5065.18017578125,81837600
2009-04-21,5060.0498046875,5101.14990234375,4953.18017578125,5076.72021484375,5076.72021484375,86690600
2009-04-22,4986.2998046875,5086.60009765625,4967.97998046875,5063.7001953125,5063.7001953125,106479800
2009-04-23,5077.22998046875,5097.08984375,4990.93017578125,5023.89990234375,5023.89990234375,101067500
2009-04-24,5026.169921875,5119.10986328125,5023.759765625,5113.0498046875,5113.0498046875,76723600
2009-04-27,5077.06005859375,5176.35009765625,5048.58984375,5175.97021484375,5175.97021484375,67932000
2009-04-28,5080.60009765625,5140.93994140625,5050.080078125,5109.08984375,5109.08984375,76336800
2009-04-29,5093.330078125,5152.81005859375,5076.89990234375,5152.72021484375,5152.72021484375,82787500
2009-04-30,5211.509765625,5285.77001953125,5208.39013671875,5225.919921875,5225.919921875,103661600
2009-05-04,5274.08984375,5327.4599609375,5229.52978515625,5318.33984375,5318.33984375,69517100
2009-05-05,5319.85009765625,5335.89990234375,5265.16015625,5280.93017578125,5280.93017578125,86174200
2009-05-06,5273.240234375,5355.35986328125,5253.35009765625,5319.259765625,5319.259765625,88064500
2009-05-07,5345.4501953125,5411.97998046875,5294.02978515625,5325.6298828125,5325.6298828125,99516400
2009-05-08,5368.509765625,5401.2998046875,5336.89990234375,5391.009765625,5391.009765625,87044600
2009-05-11,5378.35986328125,5381.669921875,5314.259765625,5358.93994140625,5358.93994140625,81972400
2009-05-12,5319.77978515625,5401.68017578125,5317.7001953125,5346.02978515625,5346.02978515625,94165200
2009-05-13,5371.81005859375,5406.85986328125,5260.18994140625,5277.3701171875,5277.3701171875,129031800
2009-05-14,5269.2099609375,5366.2001953125,5219.06005859375,5360,5360,96042900
2009-05-15,5408.5,5409.919921875,5306.490234375,5350.669921875,5350.669921875,119639800
2009-05-18,5306.77001953125,5435.1201171875,5268.830078125,5435.1201171875,5435.1201171875,58802800
2009-05-19,5467.06005859375,5524.43994140625,5467.06005859375,5498.7998046875,5498.7998046875,78173400
2009-05-20,5493.81982421875,5546.240234375,5472.7001953125,5509.27001953125,5509.27001953125,74827500
2009-05-22,5436.93017578125,5462.8798828125,5385.93994140625,5409.259765625,5409.259765625,56954100
2009-05-25,5430.08984375,5453.08984375,5371.85986328125,5446.240234375,5446.240234375,26639700
2009-05-26,5399.6298828125,5441.669921875,5345.72021484375,5431.27001953125,5431.27001953125,65931500
2009-05-27,5451.56982421875,5463.10986328125,5393.14990234375,5419.419921875,5419.419921875,62784100
2009-05-28,5377.56982421875,5386.2099609375,5311.77001953125,5350.58984375,5350.58984375,56698200
2009-05-29,5387.85009765625,5401.4501953125,5339.97021484375,5349.740234375,5349.740234375,88908200
2009-06-02,5440.6298828125,5447.47998046875,5364.169921875,5432.22021484375,5432.22021484375,83908400
2009-06-03,5438.97021484375,5454.72998046875,5366.22021484375,5384.7099609375,5384.7099609375,59740100
2009-06-04,5390.759765625,5442.91015625,5390.5498046875,5422.2099609375,5422.2099609375,53795900
2009-06-05,5452.52978515625,5486.3701171875,5398.89990234375,5398.89990234375,5398.89990234375,77022500
2009-06-08,5407.43994140625,5421.169921875,5347.18017578125,5391.72021484375,5391.72021484375,62500900
2009-06-09,5425.0400390625,5438.5,5373.5498046875,5388.669921875,5388.669921875,52009500
2009-06-10,5435.7001953125,5475.83984375,5423.56982421875,5436.39013671875,5436.39013671875,69656800
2009-06-11,5442.06005859375,5502.02978515625,5442.06005859375,5483.85009765625,5483.85009765625,48153200
2009-06-12,5488.89990234375,5532.509765625,5483.60986328125,5521.83984375,5521.83984375,66607200
2009-06-15,5488.35009765625,5492.77001953125,5400.14990234375,5400.14990234375,5400.14990234375,63462400
2009-06-16,5394.66015625,5426.7998046875,5356.85986328125,5377.10009765625,5377.10009765625,61674200
2009-06-17,5358.85009765625,5379.490234375,5269.4599609375,5302.2900390625,5302.2900390625,74744400
2009-06-18,5321.330078125,5385.5498046875,5282.56005859375,5376.83984375,5376.83984375,66338300
2009-06-19,5422.89013671875,5449.169921875,5402.60009765625,5421.58984375,5421.58984375,100820200
2009-06-22,5406,5420.39013671875,5307.6298828125,5310.3701171875,5310.3701171875,57617500
2009-06-23,5287.7998046875,5364.56005859375,5286.10009765625,5321.31005859375,5321.31005859375,72314600
2009-06-24,5338.7900390625,5453.2900390625,5299.35986328125,5443.419921875,5443.419921875,56786200
2009-06-25,5417.58984375,5437.39990234375,5314.06982421875,5361.2998046875,5361.2998046875,73917200
2009-06-26,5407.77001953125,5428.93017578125,5343.97021484375,5375.990234375,5375.990234375,130552900
2009-06-29,5365.830078125,5456.7099609375,5364.18017578125,5443.4501953125,5443.4501953125,86302900
2009-06-30,5472.75,5481.97021484375,5387.64990234375,5403.97021484375,5403.97021484375,88922300
2009-07-01,5431.14013671875,5480.81982421875,5428.490234375,5472.93994140625,5472.93994140625,56560100
2009-07-02,5450.759765625,5461.16015625,5353.52001953125,5355.22998046875,5355.22998046875,55100400
2009-07-03,5370.14013671875,5372.85986328125,5323.490234375,5338.509765625,5338.509765625,39599100
2009-07-06,5308.10986328125,5358.509765625,5280.8701171875,5354.14990234375,5354.14990234375,51297600
2009-07-07,5366.0498046875,5396.91015625,5329.2001953125,5329.2001953125,5329.2001953125,53146200
2009-07-08,5305.10009765625,5352.89990234375,5289.39013671875,5289.39013671875,5289.39013671875,59482800
2009-07-09,5318,5346.7900390625,5300.169921875,5305.39013671875,5305.39013671875,64030300
2009-07-10,5283.35986328125,5286,5230.02001953125,5237.81005859375,5237.81005859375,55289200
2009-07-13,5222.5400390625,5315.77978515625,5204.77978515625,5315.2900390625,5315.2900390625,52452900
2009-07-14,5355.7900390625,5396.89013671875,5330.16015625,5365.0498046875,5365.0498046875,66895600
2009-07-15,5389,5473.7900390625,5387.68994140625,5473.330078125,5473.330078125,65452800
2009-07-16,5484.22998046875,5560.89013671875,5473.66015625,5538.56982421875,5538.56982421875,60522800
2009-07-17,5578.39990234375,5601.66015625,5551.0498046875,5594.14013671875,5594.14013671875,56099600
2009-07-20,5615.8701171875,5660.509765625,5604.3701171875,5627.93017578125,5627.93017578125,52093200
2009-07-21,5632.56982421875,5677.31005859375,5622.47998046875,5636.18994140625,5636.18994140625,55187600
2009-07-22,5640.33984375,5649.33984375,5604.22998046875,5637.02001953125,5637.02001953125,58600800
2009-07-23,5666.5498046875,5765.509765625,5637.2001953125,5765.509765625,5765.509765625,84632500
2009-07-24,5734.39013671875,5788.10009765625,5723.14013671875,5760.89990234375,5760.89990234375,72840800
2009-07-27,5803.02001953125,5807.83984375,5749.6298828125,5774.89013671875,5774.89013671875,53574700
2009-07-28,5802.6201171875,5826.009765625,5749.72021484375,5762.7998046875,5762.7998046875,56695000
2009-07-29,5756.7001953125,5811.72021484375,5754.830078125,5787.18994140625,5787.18994140625,55648100
2009-07-30,5817.47021484375,5936.64013671875,5814.81005859375,5932.6201171875,5932.6201171875,67094800
2009-07-31,5912.759765625,5978.0400390625,5910.5,5950.68994140625,5950.68994140625,83963900
2009-08-03,5954.66015625,6002.240234375,5952.52001953125,5967.43017578125,5967.43017578125,77767900
2009-08-04,5964.43017578125,5978.10009765625,5896.85986328125,5939.77978515625,5939.77978515625,78727700
2009-08-05,5927.68994140625,5959.259765625,5893.18994140625,5911.91015625,5911.91015625,58931900
2009-08-06,5959.2900390625,6000.14990234375,5940.2900390625,5968.080078125,5968.080078125,58919200
2009-08-07,5933.7001953125,6026.75,5902.919921875,6026.39990234375,6026.39990234375,66809000
2009-08-10,5998.64990234375,6015.72021484375,5984.93017578125,6007.5498046875,6007.5498046875,37271300
2009-08-11,6003.4501953125,6016.81982421875,5939.10986328125,5949.97998046875,5949.97998046875,55195300
2009-08-12,5919.169921875,5966.490234375,5873.509765625,5962.490234375,5962.490234375,89929600
2009-08-13,5968.85009765625,6014.10986328125,5965.0400390625,5986.72021484375,5986.72021484375,100773100
2009-08-14,6002.89990234375,6040.1298828125,5955.8798828125,5985.2998046875,5985.2998046875,67628500
2009-08-17,5938.419921875,5945.35009765625,5860.77001953125,5883.7001953125,5883.7001953125,60338300
2009-08-18,5905.58984375,5953.75,5883.83984375,5953.75,5953.75,53405200
2009-08-19,5920.5498046875,5988.97998046875,5897.72998046875,5980.7900390625,5980.7900390625,70757800
2009-08-20,6019.509765625,6067.64013671875,6016.91015625,6032.0498046875,6032.0498046875,109981400
2009-08-21,6036.06982421875,6149.56982421875,6034.81005859375,6139.7998046875,6139.7998046875,113925300
2009-08-24,6175.52978515625,6205.080078125,6152.85009765625,6194.39013671875,6194.39013671875,75032000
2009-08-25,6153.35009765625,6222.27001953125,6145.68994140625,6200.85009765625,6200.85009765625,57909400
2009-08-26,6187.759765625,6216.91015625,6162.47998046875,6176.97021484375,6176.97021484375,55481500
2009-08-27,6165.669921875,6189.009765625,6131.3701171875,6169.18994140625,6169.18994140625,66638900
2009-08-28,6203.490234375,6262.2900390625,6188.16015625,6211.580078125,6211.580078125,60878100
2009-08-31,6173.2900390625,6223.25,6165.10986328125,6217.1201171875,6217.1201171875,70363600
2009-09-01,6249.759765625,6251.83984375,6123.35986328125,6128.169921875,6128.169921875,72396800
2009-09-02,6106.3798828125,6121.14990234375,6036.10009765625,6089.240234375,6089.240234375,74995300
2009-09-03,6095.6201171875,6100.64013671875,6048.60986328125,6073.72021484375,6073.72021484375,65952000
2009-09-04,6099.52978515625,6131.31982421875,6086.8701171875,6119.06982421875,6119.06982421875,53174800
2009-09-07,6170.81982421875,6193.5,6155.75,6181.97021484375,6181.97021484375,37248600
2009-09-08,6202.60009765625,6214.10986328125,6164.35009765625,6194.72021484375,6194.72021484375,48120300
2009-09-09,6170.9599609375,6202.0400390625,6152.60009765625,6202.0400390625,6202.0400390625,61714400
2009-09-10,6233.52978515625,6236.22021484375,6174.85009765625,6208.43017578125,6208.43017578125,65291100
2009-09-11,6227.68994140625,6241.14013671875,6203.43017578125,6232.990234375,6232.990234375,57374200
2009-09-14,6186.75,6230.85009765625,6159.35009765625,6225.64013671875,6225.64013671875,43664600
2009-09-15,6226.3701171875,6236.93017578125,6192.93017578125,6213.18994140625,6213.18994140625,49771800
2009-09-16,6224.18994140625,6319.43994140625,6224.18994140625,6299.91015625,6299.91015625,57611300
2009-09-17,6345.58984375,6347.2998046875,6299.52001953125,6317.72021484375,6317.72021484375,77311600
2009-09-18,6310.56982421875,6355.6298828125,6304.56982421875,6325.14990234375,6325.14990234375,139886300
2009-09-21,6320.33984375,6329.77001953125,6273.3701171875,6306.22998046875,6306.22998046875,46547900
2009-09-22,6322.6201171875,6394.64990234375,6322.0498046875,6340.72021484375,6340.72021484375,54710600
2009-09-23,6340.419921875,6385.080078125,6337.080078125,6349.830078125,6349.830078125,48776200
2009-09-24,6313.60009765625,6352,6258.85986328125,6275.43994140625,6275.43994140625,59217100
2009-09-25,6271.830078125,6274.47021484375,6211.97998046875,6236.91015625,6236.91015625,55468100
2009-09-28,6208.1298828125,6292.64990234375,6161.9599609375,6289.27001953125,6289.27001953125,50534700
2009-09-29,6306.47021484375,6330.990234375,6266.72998046875,6316.72021484375,6316.72021484375,46563200
2009-09-30,6319.83984375,6356.68994140625,6275.22021484375,6323.18017578125,6323.18017578125,61423600
2009-10-01,6332.81982421875,6367.169921875,6240.3798828125,6255.169921875,6255.169921875,89792800
2009-10-02,6210.41015625,6217.2001953125,6108.31005859375,6150.169921875,6150.169921875,91852900
2009-10-05,6139.2900390625,6189.97998046875,6126.740234375,6162.89990234375,6162.89990234375,45794100
2009-10-06,6201.16015625,6293.33984375,6174.47021484375,6277.16015625,6277.16015625,61527300
2009-10-07,6254.259765625,6296.740234375,6244.39990234375,6260.14990234375,6260.14990234375,55096200
2009-10-08,6317.7001953125,6330.3701171875,6271.6201171875,6305.7998046875,6305.7998046875,55858400
2009-10-09,6294.27001953125,6329.77978515625,6271.43017578125,6291.64013671875,6291.64013671875,45943800
2009-10-12,6313.77978515625,6404.169921875,6309.9599609375,6377.77978515625,6377.77978515625,47679700
2009-10-13,6374.91015625,6389.2900390625,6309.60986328125,6321.259765625,6321.259765625,50659000
2009-10-14,6372.1201171875,6424.85009765625,6359.330078125,6405.919921875,6405.919921875,69306800
2009-10-15,6400.33984375,6413.759765625,6361.830078125,6383.18994140625,6383.18994140625,62275100
2009-10-16,6415.18017578125,6434.27978515625,6310.72998046875,6345.259765625,6345.259765625,60106300
2009-10-19,6382.52978515625,6444.47998046875,6380.169921875,6436.3701171875,6436.3701171875,52867900
2009-10-20,6448.02001953125,6467.259765625,6407.990234375,6427.2900390625,6427.2900390625,58796700
2009-10-21,6427.419921875,6458.669921875,6346.31982421875,6434.66015625,6434.66015625,71638100
2009-10-22,6370.56005859375,6440.43994140625,6332.5400390625,6405.91015625,6405.91015625,78138000
2009-10-23,6454.75,6473.64990234375,6371.81982421875,6378.06005859375,6378.06005859375,62923900
2009-10-26,6405.35986328125,6409.580078125,6291.64990234375,6303.35009765625,6303.35009765625,58783600
2009-10-27,6318.2900390625,6393.8701171875,6296.3798828125,6367.97021484375,6367.97021484375,76380800
2009-10-28,6353.43017578125,6357.64990234375,6268.740234375,6279.93994140625,6279.93994140625,85109800
2009-10-29,6234.10009765625,6357.3798828125,6222.47021484375,6351.27001953125,6351.27001953125,88869900
2009-10-30,6365.60986328125,6395.169921875,6275.6201171875,6285.759765625,6285.759765625,78596200
2009-11-02,6256.43994140625,6312.509765625,6231.81005859375,6291.22021484375,6291.22021484375,59482100
2009-11-03,6229.0400390625,6236,6146.08984375,6213.35009765625,6213.35009765625,112589700
2009-11-04,6238.39013671875,6280.75,6220.009765625,6267.10986328125,6267.10986328125,64872100
2009-11-05,6204.2998046875,6306.64013671875,6195.72998046875,6285.2001953125,6285.2001953125,60130900
2009-11-06,6286.60986328125,6317.10009765625,6229.0400390625,6293.60986328125,6293.60986328125,56715200
2009-11-09,6352,6391.43017578125,6341.85009765625,6385.14013671875,6385.14013671875,50549500
2009-11-10,6392.7001953125,6399.419921875,6360.77001953125,6369.10009765625,6369.10009765625,44435300
2009-11-11,6415.56005859375,6423.169921875,6356.60009765625,6374.7001953125,6374.7001953125,53204600
2009-11-12,6348.91015625,6378.080078125,6332.0498046875,6355.759765625,6355.759765625,25029500
2009-11-13,6330.85986328125,6356.5400390625,6296.77978515625,6351.080078125,6351.080078125,62410200
2009-11-16,6385.66015625,6434.91015625,6384.0498046875,6422.81005859375,6422.81005859375,60801600
2009-11-17,6409.9501953125,6423.240234375,6367.77978515625,6376.39990234375,6376.39990234375,66642700
2009-11-18,6399.4599609375,6432.64990234375,6368.97021484375,6368.97021484375,6368.97021484375,54250900
2009-11-19,6347.4501953125,6353.06005859375,6274.240234375,6286.81005859375,6286.81005859375,60789200
2009-11-20,6298.10009765625,6318.8798828125,6233.43994140625,6277.4599609375,6277.4599609375,74183500
2009-11-23,6321.25,6429.27978515625,6319.68017578125,6410.240234375,6410.240234375,55694600
2009-11-24,6371.56982421875,6437.93994140625,6366.330078125,6397.52978515625,6397.52978515625,59392600
2009-11-25,6440.58984375,6445.169921875,6397.3798828125,6422.2001953125,6422.2001953125,57785000
2009-11-26,6391.58984375,6394.39990234375,6262.72998046875,6283.3798828125,6283.3798828125,74016800
2009-11-27,6182.93994140625,6365.2900390625,6179.33984375,6336.66015625,6336.66015625,73863900
2009-11-30,6359.85986328125,6364.25,6260.9501953125,6260.9501953125,6260.9501953125,73700800
2009-12-01,6308.169921875,6380.89990234375,6308.169921875,6372.080078125,6372.080078125,47845300
2009-12-02,6370.8701171875,6422.72998046875,6364.64990234375,6386.5400390625,6386.5400390625,57731900
2009-12-03,6423.7099609375,6482.080078125,6417.14990234375,6444.080078125,6444.080078125,59760700
2009-12-04,6412.60986328125,6521.1201171875,6397.06005859375,6501.16015625,6501.16015625,73728700
2009-12-07,6481.72998046875,6496.60986328125,6446.02978515625,6470.60986328125,6470.60986328125,51279200
2009-12-08,6457.06005859375,6506.77978515625,6372.81005859375,6399.740234375,6399.740234375,66538900
2009-12-09,6372.68017578125,6411.68017578125,6331.830078125,6351.7099609375,6351.7099609375,64534400
2009-12-10,6360.509765625,6435.009765625,6350.919921875,6410.64013671875,6410.64013671875,65125500
2009-12-11,6440.52001953125,6457.41015625,6411.580078125,6411.580078125,6411.580078125,54695400
2009-12-14,6462.10986328125,6465.31005859375,6411.759765625,6433.08984375,6433.08984375,50043700
2009-12-15,6452.35009765625,6460.169921875,6422.06982421875,6439.39990234375,6439.39990234375,48116200
2009-12-16,6436.990234375,6532.31982421875,6435.60986328125,6532.31982421875,6532.31982421875,60178300
2009-12-17,6500.77001953125,6539.509765625,6476.0498046875,6489.22998046875,6489.22998046875,64412100
2009-12-18,6516.97021484375,6532.47998046875,6463.9599609375,6464.31982421875,6464.31982421875,100135400
2009-12-21,6492.990234375,6526.10009765625,6472.81005859375,6504.43994140625,6504.43994140625,44225700
2009-12-22,6526.72998046875,6592.009765625,6526.68017578125,6582.89990234375,6582.89990234375,39884300
2009-12-23,6608.60009765625,6608.60009765625,6556.3701171875,6579.97998046875,6579.97998046875,31540600
2009-12-24,6579.97998046875,6579.97998046875,6579.97998046875,6579.97998046875,6579.97998046875,0
2009-12-28,6603.41015625,6606.0498046875,6582.60009765625,6591.009765625,6591.009765625,22928100
2009-12-29,6601.240234375,6615.5498046875,6586.81005859375,6608.52001953125,6608.52001953125,22134700
2009-12-30,6606.14013671875,6609.72998046875,6530.89990234375,6545.91015625,6545.91015625,22491900
2009-12-31,6545.91015625,6545.91015625,6545.91015625,6545.91015625,6545.91015625,0
2010-01-04,6578.4501953125,6631.43994140625,6575.9599609375,6631.43994140625,6631.43994140625,59578000
2010-01-05,6620.66015625,6622.35986328125,6547.43017578125,6579.259765625,6579.259765625,67868600
2010-01-06,6598.18017578125,6607.7900390625,6550.10009765625,6559.41015625,6559.41015625,54027100
2010-01-07,6536.5,6574.16015625,6494.89990234375,6555.35986328125,6555.35986328125,67842700
2010-01-08,6574.669921875,6635.77978515625,6573.9501953125,6617.8798828125,6617.8798828125,76094500
2010-01-11,6652.77978515625,6666.4501953125,6592.259765625,6592.259765625,6592.259765625,59535200
2010-01-12,6596.669921875,6608.81005859375,6517.330078125,6541.89990234375,6541.89990234375,63201700
2010-01-13,6508.2099609375,6573.06982421875,6507.85986328125,6554.5498046875,6554.5498046875,60682800
2010-01-14,6588.75,6646.52001953125,6573.64013671875,6627.419921875,6627.419921875,62677300
2010-01-15,6637.43994140625,6664.4599609375,6562.14990234375,6576.02001953125,6576.02001953125,82925900
2010-01-18,6618.16015625,6624.3701171875,6589.8798828125,6603.77978515625,6603.77978515625,49263200
2010-01-19,6594.97998046875,6639.0498046875,6518.77978515625,6633.85986328125,6633.85986328125,70931300
2010-01-20,6614.9599609375,6657.52978515625,6575.6201171875,6586.52978515625,6586.52978515625,79419400
2010-01-21,6625.240234375,6666.18017578125,6576.259765625,6578.9501953125,6578.9501953125,86545500
2010-01-22,6541.7998046875,6556.22998046875,6449.22021484375,6493.9599609375,6493.9599609375,122905700
2010-01-25,6456.35009765625,6508.93994140625,6441.580078125,6451.2998046875,6451.2998046875,82658800
2010-01-26,6404.1298828125,6484.22998046875,6386.0400390625,6484.22998046875,6484.22998046875,82960500
2010-01-27,6428.2001953125,6501.2001953125,6423.93017578125,6473.02978515625,6473.02978515625,89724700
2010-01-28,6543.56982421875,6551.06982421875,6442.41015625,6442.41015625,6442.41015625,85397500
2010-01-29,6456.1201171875,6473.60009765625,6404.18017578125,6440.72021484375,6440.72021484375,77899400
2010-02-01,6408.68017578125,6496.330078125,6403.580078125,6496.330078125,6496.330078125,69302400
2010-02-02,6514.97021484375,6572.81982421875,6491.669921875,6550.1201171875,6550.1201171875,70217800
2010-02-03,6552.7001953125,6564.2099609375,6523.259765625,6553.7998046875,6553.7998046875,73290800
2010-02-04,6557.3798828125,6569.47998046875,6389.68017578125,6396.509765625,6396.509765625,91647800
2010-02-05,6357.6298828125,6383.10009765625,6245.6298828125,6264.330078125,6264.330078125,115565100
2010-02-08,6278.18994140625,6362.14013671875,6240.240234375,6347.14013671875,6347.14013671875,77903000
2010-02-09,6341.8798828125,6371.81982421875,6298.72021484375,6314.75,6314.75,95079500
2010-02-10,6364.16015625,6386.8701171875,6313.43994140625,6333.990234375,6333.990234375,79671900
2010-02-11,6378.5400390625,6426.16015625,6353.22021484375,6403.419921875,6403.419921875,88253500
2010-02-12,6439.22021484375,6465.8798828125,6378.68017578125,6416.2001953125,6416.2001953125,67712600
2010-02-15,6450.0498046875,6464.43017578125,6431.52978515625,6440.759765625,6440.759765625,37702000
2010-02-16,6485.22998046875,6516.77978515625,6436.83984375,6497.66015625,6497.66015625,62320300
2010-02-17,6548.3798828125,6578.56982421875,6534.2001953125,6567.60009765625,6567.60009765625,71703400
2010-02-18,6583.5498046875,6638.22021484375,6572.669921875,6637.2900390625,6637.2900390625,82933700
2010-02-19,6591.0498046875,6720.8701171875,6588.77978515625,6709.68017578125,6709.68017578125,225287200
2010-02-22,6733.8798828125,6735.43994140625,6679.7998046875,6687.41015625,6687.41015625,56950500
2010-02-23,6698.08984375,6715.6298828125,6642.240234375,6649.08984375,6649.08984375,65642900
2010-02-24,6664.7099609375,6695.91015625,6638.64990234375,6687.9501953125,6687.9501953125,55420900
2010-02-25,6674.66015625,6701.06005859375,6614.64013671875,6643.9599609375,6643.9599609375,58060900
2010-02-26,6688.27001953125,6711.16015625,6654.14990234375,6710.990234375,6710.990234375,61886000
2010-03-01,6756.33984375,6791.47998046875,6744.97021484375,6791.47998046875,6791.47998046875,69157000
2010-03-02,6780.490234375,6833.60986328125,6751.60009765625,6820.0400390625,6820.0400390625,69953400
2010-03-03,6806.7998046875,6824.0498046875,6781.2998046875,6813.16015625,6813.16015625,64261400
2010-03-04,6775.7900390625,6813.009765625,6760.009765625,6804.8701171875,6804.8701171875,63425800
2010-03-05,6809.3701171875,6855.06982421875,6787.490234375,6847.77978515625,6847.77978515625,71385200
2010-03-08,6865.2998046875,6873.18994140625,6823.39013671875,6851.2001953125,6851.2001953125,54069800
2010-03-09,6864.419921875,6874.1201171875,6830.97998046875,6868.31982421875,6868.31982421875,63240000
2010-03-10,6876.22998046875,6891.81982421875,6845.93994140625,6873.58984375,6873.58984375,51849400
2010-03-11,6860.02978515625,6881.77001953125,6827.9501953125,6851.72998046875,6851.72998046875,56441000
2010-03-12,6867.0400390625,6872.990234375,6825.33984375,6836.60009765625,6836.60009765625,53204400
2010-03-15,6832.2001953125,6856.31005859375,6821.58984375,6825.10009765625,6825.10009765625,60436000
2010-03-16,6860.919921875,6886.169921875,6854.490234375,6874.43017578125,6874.43017578125,53434100
2010-03-17,6900.93994140625,6913.18017578125,6879.35986328125,6892.009765625,6892.009765625,56049300
2010-03-18,6876.91015625,6900.52001953125,6874.0400390625,6897.740234375,6897.740234375,44951000
2010-03-19,6938.5,6943.52978515625,6866.3701171875,6880.759765625,6880.759765625,156156800
2010-03-22,6846.64990234375,6867.5,6797.669921875,6866.43017578125,6866.43017578125,54797600
2010-03-23,6869.5,6917.4501953125,6860.85009765625,6877.16015625,6877.16015625,47478900
2010-03-24,6898.52978515625,6904.68017578125,6841.5,6879.9501953125,6879.9501953125,43725000
2010-03-25,6884.47998046875,6904.5400390625,6871.3701171875,6894.169921875,6894.169921875,45634200
2010-03-26,6886,6892.509765625,6822.669921875,6838.9501953125,6838.9501953125,45237800
2010-03-29,6847.10009765625,6860.41015625,6821.990234375,6850.580078125,6850.580078125,38726900
2010-03-30,6882.6298828125,6904.60009765625,6867.7900390625,6871.419921875,6871.419921875,71480200
2010-03-31,6870.2099609375,6906.60986328125,6847.39013671875,6873.3701171875,6873.3701171875,56612200
2010-04-01,6876.93994140625,6900.68017578125,6857.6298828125,6888.919921875,6888.919921875,53124500
2010-04-06,6928.31982421875,6934.419921875,6860.14990234375,6886.2099609375,6886.2099609375,57649400
2010-04-07,6882.85009765625,6885.919921875,6841.9599609375,6843.490234375,6843.490234375,51730100
2010-04-08,6808.419921875,6814.830078125,6753.830078125,6791.009765625,6791.009765625,64052100
2010-04-09,6824.47998046875,6894.2099609375,6818.580078125,6888.97021484375,6888.97021484375,46359900
2010-04-12,6905.990234375,6943.06982421875,6901.72021484375,6910.9599609375,6910.9599609375,58911500
2010-04-13,6893.68017578125,6912.06005859375,6865.56982421875,6885.85986328125,6885.85986328125,42688900
2010-04-14,6921.58984375,6933.169921875,6886.740234375,6916.58984375,6916.58984375,53778000
2010-04-15,6951.330078125,6990.7001953125,6921.1298828125,6967.56005859375,6967.56005859375,64957200
2010-04-16,6966.68994140625,6981.27978515625,6869.14013671875,6893.68994140625,6893.68994140625,103634000
2010-04-19,6816.43017578125,6842.759765625,6775.16015625,6803.68017578125,6803.68017578125,70625700
2010-04-20,6838.7998046875,6891.490234375,6828.7001953125,6841.91015625,6841.91015625,65671000
2010-04-21,6876.419921875,6876.419921875,6802.43017578125,6814.7099609375,6814.7099609375,57622000
2010-04-22,6800.10986328125,6829.97998046875,6697.990234375,6720.08984375,6720.08984375,108569300
2010-04-23,6734.72998046875,6780.64013671875,6703.27001953125,6767.97021484375,6767.97021484375,68278600
2010-04-26,6821.60009765625,6828.77978515625,6796.5400390625,6803.740234375,6803.740234375,56506300
2010-04-27,6792.77978515625,6800.08984375,6667.47021484375,6667.47021484375,6667.47021484375,67285400
2010-04-28,6608.52978515625,6653.16015625,6555.85986328125,6576.39013671875,6576.39013671875,88453000
2010-04-29,6618.52978515625,6681.64990234375,6589.60986328125,6665.83984375,6665.83984375,73268500
2010-04-30,6647.43994140625,6683.66015625,6591.08984375,6616.81982421875,6616.81982421875,63410700
2010-05-03,6604.14990234375,6612.4501953125,6574.33984375,6607.7099609375,6607.7099609375,38365600
2010-05-04,6626.14990234375,6641.240234375,6477.27001953125,6488.419921875,6488.419921875,92813000
2010-05-05,6499.580078125,6510.56982421875,6409.31005859375,6448.490234375,6448.490234375,99869000
2010-05-06,6404.97998046875,6489.7998046875,6368.3701171875,6387.52001953125,6387.52001953125,91745600
2010-05-07,6249.18017578125,6379.7998046875,6148.2001953125,6205.6298828125,6205.6298828125,141873400
2010-05-10,6386.68017578125,6492.990234375,6337.259765625,6481.9501953125,6481.9501953125,125419100
2010-05-11,6420.18017578125,6509.56982421875,6415.85986328125,6509,6509,66823300
2010-05-12,6504.93994140625,6612.22021484375,6481,6575.0498046875,6575.0498046875,74118300
2010-05-14,6572.14990234375,6578.419921875,6424.52978515625,6428.68017578125,6428.68017578125,78154000
2010-05-17,6387.08984375,6495.25,6385.919921875,6428.85986328125,6428.85986328125,71893300
2010-05-18,6485.990234375,6503.18017578125,6432.93017578125,6470.83984375,6470.83984375,61048800
2010-05-19,6415.490234375,6445.2001953125,6345.240234375,6374.43017578125,6374.43017578125,78409900
2010-05-20,6419.8701171875,6437.7099609375,6198.81982421875,6262.419921875,6262.419921875,91271600
2010-05-21,6231.25,6251.25,6116.66015625,6206.58984375,6206.58984375,132525300
2010-05-25,6069.5498046875,6112.27001953125,6029.16015625,6091.5498046875,6091.5498046875,98803200
2010-05-26,6170.4599609375,6230.35009765625,6129.259765625,6167.52978515625,6167.52978515625,74784200
2010-05-27,6206.77001953125,6312.509765625,6170.97021484375,6305.18017578125,6305.18017578125,65885400
2010-05-28,6345.259765625,6369.52001953125,6313.14013671875,6321.919921875,6321.919921875,54228600
2010-05-31,6323.2001953125,6352.02978515625,6312.60009765625,6312.60009765625,6312.60009765625,20768200
2010-06-01,6295.14990234375,6362.7099609375,6224.330078125,6316.60009765625,6316.60009765625,52983600
2010-06-02,6285.3798828125,6368.81005859375,6274.22021484375,6368.81005859375,6368.81005859375,49757100
2010-06-03,6442.5498046875,6476.240234375,6414.02978515625,6418.81982421875,6418.81982421875,53157700
2010-06-04,6454.06982421875,6464.009765625,6298.919921875,6298.97021484375,6298.97021484375,66526700
2010-06-07,6249.1298828125,6338.91015625,6234.5400390625,6291.0400390625,6291.0400390625,53537400
2010-06-08,6311.6201171875,6318.08984375,6207.830078125,6246.22021484375,6246.22021484375,70135800
2010-06-09,6282.77978515625,6319.18017578125,6224.85009765625,6319.18017578125,6319.18017578125,56769900
2010-06-10,6306.2998046875,6397.0498046875,6290.72021484375,6376.66015625,6376.66015625,60091400
2010-06-11,6419.009765625,6452.419921875,6385.52001953125,6426.740234375,6426.740234375,70870600
2010-06-14,6479.85009765625,6482.39013671875,6440.72021484375,6472.1201171875,6472.1201171875,46991800
2010-06-15,6451.75,6512.27001953125,6446.41015625,6484.72998046875,6484.72998046875,61162100
2010-06-16,6508.31982421875,6511.56982421875,6453.14990234375,6490.06982421875,6490.06982421875,48332100
2010-06-17,6484.35009765625,6506.56005859375,6458.3701171875,6475.25,6475.25,55801600
2010-06-18,6498.81982421875,6498.81982421875,6434.72998046875,6447.06005859375,6447.06005859375,125858100
2010-06-21,6521.10009765625,6534.85009765625,6503.47021484375,6519.56982421875,6519.56982421875,50502800
2010-06-22,6491.490234375,6512.68994140625,6444.5400390625,6463.4599609375,6463.4599609375,48833400
2010-06-23,6407.509765625,6445.0400390625,6365.89990234375,6381.85009765625,6381.85009765625,46920800
2010-06-24,6401.4501953125,6402.81982421875,6317.259765625,6320.6201171875,6320.6201171875,50687800
2010-06-25,6325.52978515625,6356.35009765625,6260.89990234375,6275.35009765625,6275.35009765625,45164200
2010-06-28,6306.2998046875,6321.64990234375,6267.10986328125,6311.14990234375,6311.14990234375,42547400
2010-06-29,6255.89013671875,6270.47998046875,6120.2998046875,6144.4501953125,6144.4501953125,65045800
2010-06-30,6150.89990234375,6170.9599609375,6107.9599609375,6128.06005859375,6128.06005859375,65943100
2010-07-01,6042.14990234375,6080.9599609375,5952.93994140625,5981.66015625,5981.66015625,75643800
2010-07-02,6002.31005859375,6017.2001953125,5957.72021484375,5974.2998046875,5974.2998046875,56237400
2010-07-05,5981.02978515625,5994.22998046875,5934.9501953125,5942.25,5942.25,35439800
2010-07-06,5950.7900390625,6084.85009765625,5937.7099609375,6063.1201171875,6063.1201171875,53841600
2010-07-07,6019.58984375,6099.2001953125,5995.52001953125,6099.2001953125,6099.2001953125,54139600
2010-07-08,6156.9501953125,6186.83984375,6131.43017578125,6155.72021484375,6155.72021484375,57961700
2010-07-09,6189.919921875,6220.10986328125,6155.43017578125,6210.490234375,6210.490234375,38701100
2010-07-12,6218.77001953125,6252.1201171875,6190.56005859375,6228.31005859375,6228.31005859375,32432900
2010-07-13,6241.43017578125,6307.490234375,6220.669921875,6298.58984375,6298.58984375,42008000
2010-07-14,6327.22021484375,6332.27978515625,6259.259765625,6332.27978515625,6332.27978515625,41958600
2010-07-15,6328.2099609375,6364.72021484375,6259.68017578125,6291.06982421875,6291.06982421875,57639700
2010-07-16,6300.830078125,6314.39990234375,6158.6201171875,6184.3701171875,6184.3701171875,72970400
2010-07-19,6152.52001953125,6207.080078125,6141.97998046875,6156.64013671875,6156.64013671875,36889100
2010-07-20,6179.16015625,6181.81982421875,6068.93994140625,6123.419921875,6123.419921875,43539600
2010-07-21,6151.14013671875,6174.580078125,6132.66015625,6132.66015625,6132.66015625,61073100
2010-07-22,6109.14990234375,6218.669921875,6101.5498046875,6194.18017578125,6194.18017578125,65157100
2010-07-23,6169.97021484375,6203.240234375,6146.43017578125,6201.25,6201.25,47160000
2010-07-26,6219.43994140625,6223.2998046875,6142.72021484375,6199.4599609375,6199.4599609375,50355500
2010-07-27,6239.93994140625,6289.9599609375,6216.18994140625,6275.18994140625,6275.18994140625,115155700
2010-07-28,6305.27001953125,6325.56982421875,6262.7099609375,6277.490234375,6277.490234375,66575900
2010-07-29,6294.2001953125,6307.259765625,6218.3798828125,6220.64990234375,6220.64990234375,47964900
2010-07-30,6205.240234375,6234.759765625,6162.1298828125,6200.77978515625,6200.77978515625,57644700
2010-08-02,6243.669921875,6338.52001953125,6230.8798828125,6321.64013671875,6321.64013671875,48802400
2010-08-03,6333.72021484375,6348.85986328125,6294.8798828125,6337.72021484375,6337.72021484375,45070900
2010-08-04,6328.4599609375,6386.60986328125,6299.06982421875,6380.2998046875,6380.2998046875,43770000
2010-08-05,6381.27978515625,6408.8701171875,6361.56982421875,6374.89013671875,6374.89013671875,52104600
2010-08-06,6387.56982421875,6409.75,6283.77001953125,6321.35986328125,6321.35986328125,53823600
2010-08-09,6375.10986328125,6396.330078125,6362.7998046875,6391.740234375,6391.740234375,32927200
2010-08-10,6387.41015625,6403.2099609375,6354.77978515625,6395.02001953125,6395.02001953125,46816500
2010-08-11,6366.6201171875,6384.56005859375,6254.72021484375,6265.83984375,6265.83984375,61579000
2010-08-12,6264.0498046875,6317.10986328125,6237.669921875,6279.35009765625,6279.35009765625,52595500
2010-08-13,6319.18994140625,6321.56982421875,6238.1298828125,6294.33984375,6294.33984375,39634900
2010-08-16,6300.6298828125,6332.2998046875,6241.66015625,6285.66015625,6285.66015625,37115000
2010-08-17,6302.60009765625,6360.990234375,6292.93994140625,6359.740234375,6359.740234375,44088100
2010-08-18,6349.22998046875,6377.33984375,6330.31982421875,6362.8798828125,6362.8798828125,37320200
2010-08-19,6394.77978515625,6400.56005859375,6265.33984375,6281.35009765625,6281.35009765625,54392700
2010-08-20,6281.259765625,6286.47021484375,6172.669921875,6185.81982421875,6185.81982421875,53728900
2010-08-23,6195.02001953125,6243.02978515625,6178.240234375,6209.4501953125,6209.4501953125,34938800
2010-08-24,6173.3701171875,6181.31982421875,6096.35986328125,6144.14013671875,6144.14013671875,57364400
2010-08-25,6117.06005859375,6152.1201171875,6047.16015625,6098.58984375,6098.58984375,62888200
2010-08-26,6139.97998046875,6153.9599609375,6110.3701171875,6131.759765625,6131.759765625,41273000
2010-08-27,6120.33984375,6189.02001953125,6105.2998046875,6183.14013671875,6183.14013671875,42822800
2010-08-30,6215.7998046875,6232.22021484375,6187.56005859375,6205.240234375,6205.240234375,25326200
2010-08-31,6126.3798828125,6186.35986328125,6124.89990234375,6180.89013671875,6180.89013671875,49028700
2010-09-01,6206.27978515625,6333.93017578125,6196.64013671875,6332.43017578125,6332.43017578125,59987800
2010-09-02,6322.1298828125,6341.97998046875,6308.1201171875,6333.64990234375,6333.64990234375,44995500
2010-09-03,6356.35986328125,6427.52001953125,6334.91015625,6400.7099609375,6400.7099609375,56002300
2010-09-06,6429.47998046875,6430.9599609375,6409.919921875,6418.25,6418.25,30052800
2010-09-07,6403.47021484375,6406.60009765625,6328.18017578125,6360.2001953125,6360.2001953125,39323200
2010-09-08,6340.39990234375,6393.77978515625,6300.64990234375,6386.9501953125,6386.9501953125,52661900
2010-09-09,6362.27978515625,6426.68017578125,6352.77001953125,6425.259765625,6425.259765625,44488100
2010-09-10,6413.009765625,6468.56982421875,6404.7099609375,6467.68994140625,6467.68994140625,46065500
2010-09-13,6493.66015625,6503.1201171875,6467.1201171875,6471.77001953125,6471.77001953125,49632200
2010-09-14,6467.080078125,6484.60986328125,6431.66015625,6466.31982421875,6466.31982421875,49365500
2010-09-15,6467.58984375,6473.91015625,6417.77001953125,6434.009765625,6434.009765625,49072300
2010-09-16,6427.25,6449.47998046875,6418.39990234375,6424.16015625,6424.16015625,44947700
2010-09-17,6459.43994140625,6485.64013671875,6382.89990234375,6389.02001953125,6389.02001953125,102197500
2010-09-20,6415.009765625,6477.47998046875,6412.18994140625,6461.97998046875,6461.97998046875,43611300
2010-09-21,6439.10009765625,6481.1298828125,6420.39990234375,6420.39990234375,6420.39990234375,47932200
2010-09-22,6440.16015625,6443.22021484375,6344.43017578125,6344.8798828125,6344.8798828125,54698600
2010-09-23,6370.81982421875,6379.5,6271.77001953125,6303.2001953125,6303.2001953125,60575000
2010-09-24,6294.08984375,6367.1298828125,6271.740234375,6360.77001953125,6360.77001953125,69093900
2010-09-27,6370.419921875,6393.27978515625,6338.89013671875,6338.89013671875,6338.89013671875,45807900
2010-09-28,6302.740234375,6374.259765625,6259.009765625,6334.3798828125,6334.3798828125,57110300
2010-09-29,6354.08984375,6378.60009765625,6304.240234375,6311.56982421875,6311.56982421875,64252200
2010-09-30,6284.97998046875,6368.4599609375,6276.3798828125,6296.330078125,6296.330078125,75952900
2010-10-01,6295.77001953125,6323.669921875,6263.89990234375,6284.169921875,6284.169921875,61705900
2010-10-04,6283.75,6289.9599609375,6242.35009765625,6248.7998046875,6248.7998046875,45530300
2010-10-05,6238.18017578125,6336.47021484375,6228.330078125,6313.89990234375,6313.89990234375,55268100
2010-10-06,6340.14013671875,6375.83984375,6332.16015625,6351.009765625,6351.009765625,50319000
2010-10-07,6359.2001953125,6404.7900390625,6323.7998046875,6375.580078125,6375.580078125,49877600
2010-10-08,6361.5400390625,6372.72021484375,6321.6298828125,6363.16015625,6363.16015625,47473700
2010-10-11,6387.10009765625,6390.8798828125,6362.08984375,6386.18017578125,6386.18017578125,33668500
2010-10-12,6341.06005859375,6384.10009765625,6312.56005859375,6375.259765625,6375.259765625,47252400
2010-10-13,6404.0498046875,6486.02978515625,6396.41015625,6455.1298828125,6455.1298828125,58128900
2010-10-14,6459.52978515625,6480.81982421875,6426.10986328125,6440.97021484375,6440.97021484375,51222700
2010-10-15,6453.9599609375,6468.85986328125,6413.31005859375,6443.009765625,6443.009765625,53190000
2010-10-18,6420.64990234375,6482.759765625,6418.330078125,6470.259765625,6470.259765625,39452400
2010-10-19,6464.89990234375,6508.77978515625,6449.169921875,6471.9599609375,6471.9599609375,52315700
2010-10-20,6455.35986328125,6490.72998046875,6449.2099609375,6477.2001953125,6477.2001953125,41109300
2010-10-21,6450.759765625,6530.2900390625,6445.93994140625,6512.18994140625,6512.18994140625,66130000
2010-10-22,6497.0400390625,6508.35009765625,6477.1298828125,6477.1298828125,6477.1298828125,43492700
2010-10-25,6509.169921875,6530.27001953125,6490.10986328125,6513.6298828125,6513.6298828125,41147500
2010-10-26,6485.60009765625,6505.75,6444.14990234375,6476.60986328125,6476.60986328125,76767100
2010-10-27,6460.06982421875,6518.75,6445.93017578125,6479.2099609375,6479.2099609375,55740500
2010-10-28,6513.72021484375,6537.35009765625,6480.6201171875,6484.7099609375,6484.7099609375,60871900
2010-10-29,6492.669921875,6504.1298828125,6450.47998046875,6472.22998046875,6472.22998046875,51515200
2010-11-01,6500.43017578125,6517.14013671875,6463.419921875,6504.72021484375,6504.72021484375,45510400
2010-11-02,6502.4599609375,6555.169921875,6501.93994140625,6541.5,6541.5,39338200
2010-11-03,6559.9501953125,6571.58984375,6512.64990234375,6512.990234375,6512.990234375,43001700
2010-11-04,6567.60009765625,6614.259765625,6563.08984375,6595.64013671875,6595.64013671875,60093600
2010-11-05,6603.41015625,6612.830078125,6570.2998046875,6587.72021484375,6587.72021484375,56932800
2010-11-08,6589.31982421875,6608.169921875,6585.240234375,6600.35986328125,6600.35986328125,40352500
2010-11-09,6596.27001953125,6615.43017578125,6577.39013671875,6581.8798828125,6581.8798828125,43586400
2010-11-10,6559.919921875,6585.60009765625,6515.93994140625,6539.81982421875,6539.81982421875,54160200
2010-11-11,6554.39990234375,6554.39990234375,6506.009765625,6516.990234375,6516.990234375,45303400
2010-11-12,6453.2099609375,6534.31982421875,6431.77001953125,6505.2900390625,6505.2900390625,59843500
2010-11-15,6479.89013671875,6532.08984375,6476.16015625,6526.22998046875,6526.22998046875,45178700
2010-11-16,6528.990234375,6578.52001953125,6474.16015625,6476.52978515625,6476.52978515625,56153800
2010-11-17,6472.10009765625,6524.39013671875,6466.509765625,6494.990234375,6494.990234375,49535600
2010-11-18,6532.64990234375,6621.509765625,6527.39013671875,6613.3701171875,6613.3701171875,49709600
2010-11-19,6633.39990234375,6639,6559.740234375,6590.83984375,6590.83984375,51814100
2010-11-22,6616.39013671875,6622,6524.68017578125,6532.64013671875,6532.64013671875,49355700
2010-11-23,6491.18994140625,6501.68017578125,6393.7900390625,6393.7900390625,6393.7900390625,68927700
2010-11-24,6423.7001953125,6461.31005859375,6382.10009765625,6449.7998046875,6449.7998046875,55980600
2010-11-25,6450.10986328125,6507.330078125,6442.22021484375,6502.14013671875,6502.14013671875,40814200
2010-11-26,6471.419921875,6501.7998046875,6418.830078125,6483.56005859375,6483.56005859375,52211400
2010-11-29,6512.72998046875,6553.77001953125,6397.5,6397.5,6397.5,57088700
2010-11-30,6404.16015625,6408.10009765625,6308.009765625,6312.43017578125,6312.43017578125,102679800
2010-12-01,6334.72021484375,6419.43017578125,6334.72021484375,6409.7001953125,6409.7001953125,65686300
2010-12-02,6437.669921875,6487.9501953125,6401.68017578125,6483.43994140625,6483.43994140625,66290200
2010-12-03,6476.18017578125,6488.02978515625,6416.6201171875,6440.89990234375,6440.89990234375,51356400
2010-12-06,6439.169921875,6442.669921875,6395.85009765625,6412.22021484375,6412.22021484375,42494100
2010-12-07,6431.35009765625,6510.16015625,6431.35009765625,6462.52978515625,6462.52978515625,51488800
2010-12-08,6479.93017578125,6526.8798828125,6476.77001953125,6508.1298828125,6508.1298828125,49572900
2010-12-09,6530.35009765625,6565.22021484375,6528.68994140625,6537.6298828125,6537.6298828125,53963000
2010-12-10,6540.93017578125,6541.41015625,6504.64990234375,6519.14013671875,6519.14013671875,37411400
2010-12-13,6538.14013671875,6550.8701171875,6519.06005859375,6519.080078125,6519.080078125,36027400
2010-12-14,6525.10986328125,6547.41015625,6518.27001953125,6545.83984375,6545.83984375,39856800
2010-12-15,6547.2099609375,6618.43994140625,6547.080078125,6560.43017578125,6560.43017578125,70381200
2010-12-16,6566.52001953125,6571.4501953125,6535.3701171875,6566.169921875,6566.169921875,51939700
2010-12-17,6565.990234375,6569.22998046875,6520.25,6538.16015625,6538.16015625,109951000
2010-12-20,6531.0400390625,6568.6201171875,6521.25,6521.25,6521.25,34553300
2010-12-21,6542.89013671875,6565.4599609375,6537.8701171875,6558.169921875,6558.169921875,36469200
2010-12-22,6558.35986328125,6579.759765625,6542.2998046875,6553.7001953125,6553.7001953125,36917100
2010-12-23,6570.97998046875,6599.5498046875,6558.06005859375,6599.43017578125,6599.43017578125,29986800
2010-12-27,6606.77001953125,6606.81982421875,6548.41015625,6568.2099609375,6568.2099609375,16042300
2010-12-28,6585,6590.6201171875,6568.16015625,6569.06005859375,6569.06005859375,11191000
2010-12-29,6582.72998046875,6588.2998046875,6549.68017578125,6566.64990234375,6566.64990234375,16084200
2010-12-30,6566.919921875,6570.72021484375,6436.0400390625,6436.0400390625,6436.0400390625,29107900
2011-01-03,6473.68017578125,6508.419921875,6472.93017578125,6493.8798828125,6493.8798828125,25794300
2011-01-04,6502.27001953125,6530.830078125,6481.60009765625,6494.31005859375,6494.31005859375,46651000
2011-01-05,6485.91015625,6519.25,6424.8701171875,6519.25,6519.25,54788700
2011-01-06,6550.58984375,6588.22998046875,6521.2099609375,6532.83984375,6532.83984375,58110700
2011-01-07,6543.52978515625,6559.60009765625,6489.18994140625,6497.64013671875,6497.64013671875,48897200
2011-01-10,6485.740234375,6498.0498046875,6426.7900390625,6446.31982421875,6446.31982421875,41368800
2011-01-11,6454.39013671875,6542.64013671875,6451.10986328125,6534.83984375,6534.83984375,49082600
2011-01-12,6555.93994140625,6617.919921875,6554.35986328125,6613.75,6613.75,69347600
2011-01-13,6608.35986328125,6613.2001953125,6559.8798828125,6562.47021484375,6562.47021484375,70824700
2011-01-14,6552.0498046875,6561.2998046875,6501.1298828125,6556.08984375,6556.08984375,55752300
2011-01-17,6570.14013671875,6588.14013671875,6553.08984375,6578.169921875,6578.169921875,48880900
2011-01-18,6593.2998046875,6656.27978515625,6593.2001953125,6634.93017578125,6634.93017578125,56323800
2011-01-19,6659.240234375,6659.8701171875,6556.77978515625,6559.66015625,6559.66015625,64264000
2011-01-20,6534.97998046875,6543.81005859375,6471.8701171875,6513.5,6513.5,75131700
2011-01-21,6529.6201171875,6595.7099609375,6517.0400390625,6567.31005859375,6567.31005859375,78528500
2011-01-24,6586.419921875,6612.509765625,6547.7099609375,6603.7998046875,6603.7998046875,48200300
2011-01-25,6618.10986328125,6623.35986328125,6578.2900390625,6580.330078125,6580.330078125,52436700
2011-01-26,6602.31005859375,6615.93017578125,6579.68994140625,6592.990234375,6592.990234375,49981800
2011-01-27,6563.08984375,6585.77978515625,6541.25,6562.35986328125,6562.35986328125,64291300
2011-01-28,6547.97021484375,6593.22998046875,6528.1298828125,6528.1298828125,6528.1298828125,53892600
2011-01-31,6511.18017578125,6514.169921875,6467.25,6479.14990234375,6479.14990234375,50472700
2011-02-01,6517.7900390625,6571.58984375,6492.77978515625,6555.259765625,6555.259765625,60044600
2011-02-02,6546.60009765625,6587.16015625,6512.18994140625,6553.669921875,6553.669921875,54346800
2011-02-03,6547.7001953125,6564.27978515625,6519.7001953125,6544.91015625,6544.91015625,49225600
2011-02-04,6571.6201171875,6589.14013671875,6552.91015625,6584.39990234375,6584.39990234375,54010600
2011-02-07,6608.7099609375,6653.4599609375,6598.33984375,6611.14013671875,6611.14013671875,48317900
2011-02-08,6608.39990234375,6638.8798828125,6603.77001953125,6638.66015625,6638.66015625,67968400
2011-02-09,6645.02978515625,6658.18994140625,6621.60986328125,6631.64013671875,6631.64013671875,65371400
2011-02-10,6609.669921875,6618.02978515625,6565.990234375,6612.06005859375,6612.06005859375,73462700
2011-02-11,6600.89013671875,6669.97998046875,6580.759765625,6665.22021484375,6665.22021484375,57203800
2011-02-14,6693.68994140625,6700.27978515625,6662.58984375,6666.06005859375,6666.06005859375,67392300
2011-02-15,6667.919921875,6696.9501953125,6664.97021484375,6690.89990234375,6690.89990234375,52300700
2011-02-16,6698.64990234375,6721.77001953125,6684.41015625,6711.64990234375,6711.64990234375,54650500
2011-02-17,6723.740234375,6736.4501953125,6674.8701171875,6706.47021484375,6706.47021484375,70264300
2011-02-18,6721.56005859375,6727.27978515625,6687.66015625,6717.25,6717.25,150732100
2011-02-21,6716,6739.1298828125,6678.27978515625,6683.8701171875,6683.8701171875,44707200
2011-02-22,6648.6201171875,6650.3798828125,6607.85009765625,6622.490234375,6622.490234375,56527600
2011-02-23,6594.83984375,6649.9501953125,6589.85986328125,6622.77001953125,6622.77001953125,58231300
2011-02-24,6557.669921875,6562.06005859375,6498.27978515625,6515.97021484375,6515.97021484375,59363700
2011-02-25,6532.9501953125,6564.9599609375,6515.259765625,6537.2001953125,6537.2001953125,37050000
2011-02-28,6530.10009765625,6633.31982421875,6523.259765625,6610.43994140625,6610.43994140625,51468000
2011-03-01,6638.2998046875,6667.1298828125,6606.52978515625,6619.35986328125,6619.35986328125,52124200
2011-03-02,6570.7099609375,6607.3701171875,6540.85009765625,6592.06982421875,6592.06982421875,56423700
2011-03-03,6604.81005859375,6626.25,6576.39990234375,6599.2099609375,6599.2099609375,57836700
2011-03-04,6619.18994140625,6620.919921875,6524.259765625,6530.5400390625,6530.5400390625,60325900
2011-03-07,6509.3798828125,6558.5498046875,6482.830078125,6495.52001953125,6495.52001953125,46914800
2011-03-08,6522.43994140625,6551.8798828125,6480.330078125,6511.2099609375,6511.2099609375,49134700
2011-03-09,6515.72021484375,6521.68994140625,6444.64013671875,6446.60009765625,6446.60009765625,58781000
2011-03-10,6412.5400390625,6440.93994140625,6392.1298828125,6404.6201171875,6404.6201171875,71521800
2011-03-11,6345.9501953125,6384.2001953125,6339.97021484375,6353.759765625,6353.759765625,61660200
2011-03-14,6307.3701171875,6341.4599609375,6274.47021484375,6274.47021484375,6274.47021484375,71065500
2011-03-15,6153.47021484375,6174.669921875,6007.2900390625,6101.009765625,6101.009765625,140879600
2011-03-16,6121.93994140625,6144.10986328125,6000.1201171875,6021.5498046875,6021.5498046875,89969300
2011-03-17,6029.08984375,6097.3798828125,6000.1201171875,6073.419921875,6073.419921875,81018800
2011-03-18,6106.169921875,6141.27978515625,6082.89990234375,6098.0498046875,6098.0498046875,137915200
2011-03-21,6164.81982421875,6227.97021484375,6154.35986328125,6223.91015625,6223.91015625,53163800
2011-03-22,6232.89990234375,6251.85986328125,6207.93017578125,6227.02978515625,6227.02978515625,51734600
2011-03-23,6200.64013671875,6263.669921875,6199.81982421875,6256.06005859375,6256.06005859375,41375300
2011-03-24,6243.02001953125,6322.080078125,6235.7998046875,6319.22998046875,6319.22998046875,50295400
2011-03-25,6346.1201171875,6373.66015625,6324.0400390625,6352.27978515625,6352.27978515625,43508200
2011-03-28,6361.81982421875,6382.7998046875,6347.25,6359.02001953125,6359.02001953125,38431800
2011-03-29,6371.89990234375,6380.93994140625,6329.64990234375,6355.06005859375,6355.06005859375,47040000
2011-03-30,6390.56005859375,6413.75,6387.22021484375,6398.419921875,6398.419921875,43266200
2011-03-31,6401.06005859375,6402.6201171875,6357.5498046875,6357.5498046875,6357.5498046875,49885000
2011-04-01,6391.759765625,6447.08984375,6383.7900390625,6439.91015625,6439.91015625,52624500
2011-04-04,6423.8798828125,6432.2001953125,6402.31982421875,6414.60009765625,6414.60009765625,40317800
2011-04-05,6421.81005859375,6437.85009765625,6397.75,6430.2998046875,6430.2998046875,44431100
2011-04-06,6449.7998046875,6459.91015625,6423.18994140625,6443.06005859375,6443.06005859375,46231300
2011-04-07,6457.4501953125,6507.7998046875,6456.02001953125,6465.56982421875,6465.56982421875,55141700
2011-04-08,6488.75,6495.7001953125,6453.4501953125,6457.93017578125,6457.93017578125,39673300
2011-04-11,6446.06005859375,6461.6298828125,6431.81005859375,6440.10986328125,6440.10986328125,35641400
2011-04-12,6393.41015625,6407.85009765625,6341.06005859375,6351.60009765625,6351.60009765625,48500800
2011-04-13,6371.06005859375,6407.43994140625,6355.27978515625,6364.2998046875,6364.2998046875,46032200
2011-04-14,6337.85986328125,6391.43994140625,6337.85986328125,6357.02978515625,6357.02978515625,51452600
2011-04-15,6385.419921875,6402.1298828125,6363.2900390625,6400.259765625,6400.259765625,114183500
2011-04-18,6363.75,6366.68017578125,6220.5,6244.9501953125,6244.9501953125,72084200
2011-04-19,6267.259765625,6365.93994140625,6266.240234375,6326.64990234375,6326.64990234375,61769000
2011-04-20,6388.7998046875,6453.8798828125,6387.56982421875,6444.81005859375,6444.81005859375,52455800
2011-04-21,6475.52978515625,6478.9599609375,6444.18994140625,6457.16015625,6457.16015625,49619200
2011-04-26,6468.35986328125,6498.52978515625,6464.419921875,6476.58984375,6476.58984375,59171000
2011-04-27,6491.6298828125,6510.27001953125,6456.33984375,6472.419921875,6472.419921875,53774800
2011-04-28,6502.97998046875,6516.7900390625,6482.06005859375,6516.2099609375,6516.2099609375,58503700
2011-04-29,6534.97998046875,6555.68994140625,6528.10009765625,6539.7001953125,6539.7001953125,31416700
2011-05-02,6568.4599609375,6569.490234375,6539.10986328125,6544.669921875,6544.669921875,39993700
2011-05-03,6519.22998046875,6533.64990234375,6489.669921875,6510.60986328125,6510.60986328125,48774200
2011-05-04,6503.52978515625,6547.43017578125,6461.3701171875,6470.35009765625,6470.35009765625,59219500
2011-05-05,6481.18017578125,6485.06005859375,6396.83984375,6450.02978515625,6450.02978515625,56763300
2011-05-06,6465.52978515625,6545.2900390625,6449.1298828125,6526.509765625,6526.509765625,51985200
2011-05-09,6506.43994140625,6526.91015625,6464.4599609375,6476.89013671875,6476.89013671875,42830900
2011-05-10,6495.10986328125,6549.41015625,6481.919921875,6526.16015625,6526.16015625,50022200
2011-05-11,6549.27001953125,6575.64013671875,6537.830078125,6562.81982421875,6562.81982421875,45785500
2011-05-12,6516.830078125,6562.58984375,6510.39013671875,6562.58984375,6562.58984375,57120600
2011-05-13,6592.60009765625,6602.10009765625,6562.91015625,6563.259765625,6563.259765625,53066800
2011-05-16,6546.7001953125,6578.60986328125,6510.64990234375,6564.14990234375,6564.14990234375,47042000
2011-05-17,6555.7900390625,6560.5498046875,6486.56982421875,6496.56005859375,6496.56005859375,54349000
2011-05-18,6535.7900390625,6541.89013671875,6514.6201171875,6535.240234375,6535.240234375,38308800
2011-05-19,6562.75,6577.330078125,6506.419921875,6557.9501953125,6557.9501953125,53383400
2011-05-20,6591.330078125,6604.5498046875,6517.27978515625,6530.60986328125,6530.60986328125,76950000
2011-05-23,6472.2998046875,6482.56005859375,6430.72021484375,6437.81982421875,6437.81982421875,49516600
2011-05-24,6438.81982421875,6466.509765625,6437.60009765625,6454.2900390625,6454.2900390625,45780900
2011-05-25,6426.2001953125,6478.52978515625,6417.02001953125,6464.5498046875,6464.5498046875,47197400
2011-05-26,6487.68017578125,6492.06005859375,6449.759765625,6469.16015625,6469.16015625,53115200
2011-05-27,6511.2099609375,6521.72998046875,6479.35009765625,6489.31982421875,6489.31982421875,47120400
2011-05-30,6484.72998046875,6500.91015625,6469.14013671875,6470.7998046875,6470.7998046875,17960300
2011-05-31,6532.25,6575.7998046875,6521.31982421875,6554.7099609375,6554.7099609375,66705700
2011-06-01,6566.240234375,6567.31982421875,6480.52001953125,6496.47021484375,6496.47021484375,51146100
2011-06-03,6416.85009765625,6449.02978515625,6386.97998046875,6407.39013671875,6407.39013671875,51862800
2011-06-06,6386.7099609375,6409.6201171875,6353.259765625,6370.06005859375,6370.06005859375,36398800
2011-06-07,6352.89013671875,6377.85986328125,6324.43994140625,6330.64990234375,6330.64990234375,43699800
2011-06-08,6308.64990234375,6314.7900390625,6256.77001953125,6256.85986328125,6256.85986328125,55319200
2011-06-09,6248.64013671875,6295.72021484375,6239.64013671875,6271.009765625,6271.009765625,54948000
2011-06-10,6253.85009765625,6272.47021484375,6179.10986328125,6197.25,6197.25,52205400
2011-06-14,6222.759765625,6269.77978515625,6213.77978515625,6255.68017578125,6255.68017578125,49558000
2011-06-15,6249.41015625,6260.81005859375,6198.169921875,6198.169921875,6198.169921875,52280500
2011-06-16,6152.22998046875,6164.169921875,6113.43017578125,6157.669921875,6157.669921875,66997500
2011-06-17,6123.830078125,6181.9599609375,6100.6298828125,6145.16015625,6145.16015625,90298200
2011-06-20,6073.06005859375,6126.8701171875,6070.3701171875,6113.7001953125,6113.7001953125,44841400
2011-06-21,6128,6172.10009765625,6121.6298828125,6171.009765625,6171.009765625,46778000
2011-06-22,6171.56005859375,6171.7001953125,6112.66015625,6113.43994140625,6113.43994140625,42185100
2011-06-23,6087.14013671875,6107.81005859375,5961.97021484375,5991.08984375,5991.08984375,70124100
2011-06-24,6043.580078125,6060.81982421875,5975.669921875,5998.02001953125,5998.02001953125,50415500
2011-06-27,5972.89013671875,6013.580078125,5969.66015625,5990.81982421875,5990.81982421875,35954900
2011-06-28,6002.06982421875,6044.97998046875,5983.64013671875,6002.39990234375,6002.39990234375,56482800
2011-06-29,6042.490234375,6106.4501953125,6030.4599609375,6101.5498046875,6101.5498046875,52843700
2011-06-30,6113.18017578125,6199.83984375,6089.0400390625,6187.06982421875,6187.06982421875,57005700
2011-07-01,6194.16015625,6253.81005859375,6189.10009765625,6237.81005859375,6237.81005859375,47039700
2011-07-04,6238.2099609375,6249.7998046875,6222.580078125,6245.77978515625,6245.77978515625,26433300
2011-07-05,6248.64013671875,6262.0498046875,6225.35009765625,6243.009765625,6243.009765625,31936000
2011-07-06,6230.0498046875,6240.47021484375,6168.5498046875,6179.35009765625,6179.35009765625,46867400
2011-07-07,6204.85009765625,6250,6168.77978515625,6211.10986328125,6211.10986328125,42429900
2011-07-08,6227.39013671875,6248.490234375,6147.85009765625,6152.68994140625,6152.68994140625,56564100
2011-07-11,6135.6298828125,6138.83984375,6024.10986328125,6053,6053,57320800
2011-07-12,5964.5,6036.39990234375,5898.68017578125,6014.83984375,6014.83984375,80678900
2011-07-13,5996.89013671875,6048.3701171875,5992.7900390625,6025.22998046875,6025.22998046875,54855600
2011-07-14,5966.240234375,6014.02978515625,5960.77978515625,5980.97021484375,5980.97021484375,43280800
2011-07-15,5939.5400390625,5968.9501953125,5908.47021484375,5938.06005859375,5938.06005859375,65365700
2011-07-18,5891.52978515625,5915,5813.0498046875,5826.259765625,5826.259765625,63399500
2011-07-19,5857.18017578125,5923.58984375,5856.56005859375,5896.5498046875,5896.5498046875,67042100
2011-07-20,5941.1298828125,5967.490234375,5912.7001953125,5966.5400390625,5966.5400390625,52088800
2011-07-21,6002.81982421875,6066.9599609375,5929.6201171875,6042.06005859375,6042.06005859375,77046800
2011-07-22,6081.77978515625,6098.080078125,6010.02001953125,6031.93017578125,6031.93017578125,56302800
2011-07-25,6000.66015625,6035.81005859375,5987.83984375,6017.490234375,6017.490234375,47120400
2011-07-26,6027.8798828125,6050.5400390625,5962.83984375,5990.18017578125,5990.18017578125,53172500
2011-07-27,5956.06005859375,5984.9501953125,5887.43017578125,5904.47021484375,5904.47021484375,60719200
2011-07-28,5838.02001953125,5892.6201171875,5825.990234375,5871.41015625,5871.41015625,64574800
2011-07-29,5792.1298828125,5820.06982421875,5723.169921875,5783.35009765625,5783.35009765625,80223900
2011-08-02,5658.22998046875,5691.2900390625,5535.64990234375,5546.93994140625,5546.93994140625,105923000
2011-08-03,5482.10009765625,5616.75,5444.0498046875,5483.14990234375,5483.14990234375,107583100
2011-08-04,5559.72021484375,5578.25,5285.25,5285.25,5285.25,113787300
2011-08-05,5082.330078125,5309.419921875,5075.10009765625,5172.06005859375,5172.06005859375,139739400
2011-08-08,5118.75,5263.2001953125,4967.990234375,4967.990234375,4967.990234375,112225000
2011-08-09,4957.68994140625,5080.60009765625,4695.31005859375,4997.919921875,4997.919921875,152269800
2011-08-10,5104.83984375,5112.35986328125,4788.22021484375,4791.9599609375,4791.9599609375,143730700
2011-08-11,4926.0498046875,5048.080078125,4709.7099609375,5032.75,5032.75,140792600
2011-08-12,5036.419921875,5304.47021484375,4944.419921875,5252.81005859375,5252.81005859375,108046400
2011-08-15,5361.16015625,5385.0498046875,5285.85009765625,5324.72998046875,5324.72998046875,60350800
2011-08-16,5291.2998046875,5373.2998046875,5243.1201171875,5373.2998046875,5373.2998046875,58304900
2011-08-17,5347.10009765625,5471.14013671875,5284.97998046875,5421.2099609375,5421.2099609375,62760400
2011-08-18,5359.4501953125,5396.97021484375,5128.7900390625,5196,5196,84753700
2011-08-19,5162.5,5174.91015625,4955.740234375,5093.75,5093.75,104666000
2011-08-22,5058.4599609375,5255.93017578125,5056.52978515625,5144.02001953125,5144.02001953125,61100600
2011-08-23,5220.27978515625,5266.52001953125,5166.2998046875,5230.580078125,5230.580078125,59056400
2011-08-24,5258.66015625,5369.22998046875,5210.10009765625,5328.490234375,5328.490234375,57505300
2011-08-25,5376.3798828125,5401.6201171875,5260.7099609375,5298.18017578125,5298.18017578125,60344900
2011-08-26,5287.72998046875,5353.31982421875,5168.31982421875,5323.1201171875,5323.1201171875,58855600
2011-08-29,5410.4599609375,5475.4501953125,5391.10009765625,5446.47021484375,5446.47021484375,39089300
2011-08-30,5469.14990234375,5485.419921875,5418.240234375,5449.16015625,5449.16015625,57276000
2011-08-31,5479,5541.18017578125,5449.22998046875,5528.52001953125,5528.52001953125,66708300
2011-09-01,5532.93994140625,5572.60986328125,5460.06982421875,5531.5400390625,5531.5400390625,57981600
2011-09-02,5447.77978515625,5460.669921875,5316.60009765625,5359.669921875,5359.669921875,59721400
2011-09-05,5244.77001953125,5249.5,5128.77978515625,5142.990234375,5142.990234375,67485200
2011-09-06,5151.7001953125,5414.97021484375,5151.60986328125,5367.240234375,5367.240234375,99403200
2011-09-07,5480.8701171875,5501.259765625,5420.97998046875,5501.259765625,5501.259765625,64998400
2011-09-08,5495.10986328125,5562.93994140625,5455.8798828125,5528.91015625,5528.91015625,56384300
2011-09-09,5520.10986328125,5536.60986328125,5430.77001953125,5430.77001953125,5430.77001953125,58010000
2011-09-12,5333.7099609375,5348.5,5246.02978515625,5303.14013671875,5303.14013671875,68966200
2011-09-13,5367.009765625,5388.4599609375,5280.240234375,5359.14013671875,5359.14013671875,79031400
2011-09-14,5322.66015625,5429.3701171875,5321.3798828125,5417.89013671875,5417.89013671875,77199700
2011-09-15,5425.91015625,5493.259765625,5403.830078125,5433.47998046875,5433.47998046875,144984000
2011-09-16,5462.0400390625,5500.93994140625,5449.2001953125,5452.8798828125,5452.8798828125,218377600
2011-09-19,5400.47998046875,5425.419921875,5347.47998046875,5360.56005859375,5360.56005859375,65865300
2011-09-20,5336.330078125,5473.7001953125,5330.31005859375,5471.39990234375,5471.39990234375,53842100
2011-09-21,5470.93994140625,5516.58984375,5447.47021484375,5475.33984375,5475.33984375,52439200
2011-09-22,5372.990234375,5404.56005859375,5269.509765625,5288.47998046875,5288.47998046875,78783300
2011-09-23,5337.81982421875,5338.43017578125,5135.4501953125,5298.830078125,5298.830078125,79872100
2011-09-26,5246.7099609375,5455.33984375,5246.18994140625,5401.009765625,5401.009765625,80841600
2011-09-27,5496.14013671875,5575.06982421875,5487.27001953125,5564.6201171875,5564.6201171875,71669500
2011-09-28,5521.31982421875,5619.75,5515.77978515625,5551.64990234375,5551.64990234375,59433500
2011-09-29,5526.02978515625,5637.009765625,5521.68994140625,5608.60009765625,5608.60009765625,66127800
2011-09-30,5580.0400390625,5580.77001953125,5488.16015625,5531.740234375,5531.740234375,66429700
2011-10-03,5460.6298828125,5526.2001953125,5426.81982421875,5495.68994140625,5495.68994140625,57432700
2011-10-04,5443.830078125,5458.830078125,5361.89990234375,5444.5498046875,5444.5498046875,78979400
2011-10-05,5522.02978515625,5532.0498046875,5462.25,5504.990234375,5504.990234375,61065000
2011-10-06,5550.2900390625,5640.06982421875,5545.2900390625,5640.06982421875,5640.06982421875,62562600
2011-10-07,5631.93017578125,5685.259765625,5590.72998046875,5652.22998046875,5652.22998046875,60641100
2011-10-10,5689.27978515625,5729.58984375,5655.919921875,5718.56005859375,5718.56005859375,40661200
2011-10-11,5707.64013671875,5743.9501953125,5674.41015625,5732.18994140625,5732.18994140625,41027000
2011-10-12,5723.1201171875,5789.85986328125,5705.240234375,5781.1298828125,5781.1298828125,60202000
2011-10-13,5756.6201171875,5775.75,5694.8701171875,5713.169921875,5713.169921875,62676500
2011-10-14,5734.1298828125,5804.93994140625,5708.990234375,5761.1201171875,5761.1201171875,45157500
2011-10-17,5790.330078125,5816.27001953125,5704.93994140625,5723.41015625,5723.41015625,44154900
2011-10-18,5685.5498046875,5700.93017578125,5648.6201171875,5682.509765625,5682.509765625,49855000
2011-10-19,5716.14013671875,5734.2001953125,5686.64013671875,5699.97998046875,5699.97998046875,42489800
2011-10-20,5665.2900390625,5722.169921875,5650.0400390625,5657.66015625,5657.66015625,57532100
2011-10-21,5687.47998046875,5759.93017578125,5644.7998046875,5753.52001953125,5753.52001953125,65362700
2011-10-24,5771.64013671875,5804.240234375,5746.72998046875,5788.6298828125,5788.6298828125,41159300
2011-10-25,5769.72021484375,5798.169921875,5687.81005859375,5708.7900390625,5708.7900390625,60197800
2011-10-26,5686.259765625,5735.419921875,5662.43017578125,5700.5,5700.5,45653100
2011-10-27,5815.31005859375,5857.1201171875,5781.080078125,5823,5823,94887300
2011-10-28,5830.4599609375,5862.0400390625,5822.14013671875,5852.66015625,5852.66015625,54913600
2011-10-31,5814.990234375,5832.06005859375,5731.27001953125,5731.27001953125,5731.27001953125,57678800
2011-11-01,5618.580078125,5646.85009765625,5522.18017578125,5588.56982421875,5588.56982421875,84617100
2011-11-02,5618.8798828125,5643.85986328125,5566.06005859375,5611.0498046875,5611.0498046875,50561500
2011-11-03,5547.06982421875,5678.10986328125,5546.31005859375,5668.0498046875,5668.0498046875,66648400
2011-11-04,5688.52001953125,5711.2900390625,5626.6201171875,5659.830078125,5659.830078125,50010800
2011-11-07,5630.31982421875,5674.4599609375,5603.66015625,5645.9599609375,5645.9599609375,43916700
2011-11-08,5661.8798828125,5725.10986328125,5658.22998046875,5682.64990234375,5682.64990234375,45007800
2011-11-09,5726.56982421875,5730.25,5584.27978515625,5607.85009765625,5607.85009765625,59922500
2011-11-10,5544.97021484375,5628.60009765625,5537.16015625,5565.77978515625,5565.77978515625,51761800
2011-11-11,5588.77978515625,5662.10009765625,5568.9599609375,5649.02978515625,5649.02978515625,38784100
2011-11-14,5675.52001953125,5682.60986328125,5618.52001953125,5661.7099609375,5661.7099609375,36525300
2011-11-15,5638.27978515625,5699.06005859375,5593.830078125,5664.91015625,5664.91015625,54348700
2011-11-16,5643.64013671875,5717.75,5637.33984375,5685.7998046875,5685.7998046875,43559700
2011-11-17,5661.91015625,5677.06005859375,5615.27001953125,5644.6201171875,5644.6201171875,50956800
2011-11-18,5620.25,5660.1201171875,5611.60986328125,5614.60986328125,5614.60986328125,56867000
2011-11-21,5577.5400390625,5589.52978515625,5466.08984375,5477.259765625,5477.259765625,55593500
2011-11-22,5500.08984375,5519.7900390625,5443.169921875,5447.66015625,5447.66015625,52787300
2011-11-23,5407.77978515625,5455.06005859375,5386.14013671875,5386.14013671875,5386.14013671875,49742600
2011-11-24,5398.10009765625,5414.0498046875,5322.72021484375,5356.9599609375,5356.9599609375,41759200
2011-11-25,5341.91015625,5436.43017578125,5307.759765625,5395.60986328125,5395.60986328125,39901000
2011-11-28,5434.990234375,5530.740234375,5428.75,5522.66015625,5522.66015625,48070300
2011-11-29,5511.97998046875,5552.4501953125,5485.39990234375,5531.240234375,5531.240234375,44708700
2011-11-30,5485.81982421875,5652.7001953125,5485.27978515625,5652.31005859375,5652.31005859375,95389600
2011-12-01,5665.41015625,5734.85009765625,5640.2900390625,5681.56982421875,5681.56982421875,51235700
2011-12-02,5745.4599609375,5766.4501953125,5697.27978515625,5718.85009765625,5718.85009765625,59384800
2011-12-05,5738.56982421875,5756.0498046875,5713.18994140625,5739.85986328125,5739.85986328125,40559400
2011-12-06,5704.080078125,5790,5703.93994140625,5767.93017578125,5767.93017578125,45821000
2011-12-07,5795.2001953125,5799.990234375,5726.68017578125,5766.240234375,5766.240234375,46759800
2011-12-08,5809.6201171875,5812.16015625,5725.4599609375,5737.81982421875,5737.81982421875,61258900
2011-12-09,5694.2900390625,5795.06982421875,5691.669921875,5793.56982421875,5793.56982421875,47118900
2011-12-12,5785.47998046875,5805.919921875,5745.740234375,5747.08984375,5747.08984375,43307600
2011-12-13,5757.72998046875,5779.06982421875,5724.85986328125,5759.72021484375,5759.72021484375,46577200
2011-12-14,5731.06005859375,5761.35009765625,5707.419921875,5719.08984375,5719.08984375,42759800
2011-12-15,5730.7900390625,5796.35009765625,5723.5400390625,5784.14013671875,5784.14013671875,53170800
2011-12-16,5818,5820.58984375,5715.7001953125,5733.5,5733.5,100214800
2011-12-19,5704.1298828125,5789.18994140625,5696.18017578125,5767.97998046875,5767.97998046875,39245900
2011-12-20,5754.3701171875,5805.5,5736.66015625,5804.31005859375,5804.31005859375,41911300
2011-12-21,5827.259765625,5844.25,5787.64990234375,5804.77001953125,5804.77001953125,38965300
2011-12-22,5827.72021484375,5848.169921875,5814.5498046875,5837.06005859375,5837.06005859375,36326700
2011-12-23,5865.330078125,5894.56005859375,5853.14013671875,5893.89013671875,5893.89013671875,20740700
2011-12-27,5917.009765625,5917.009765625,5867.669921875,5886.91015625,5886.91015625,11169700
2011-12-28,5900.5400390625,5922.64990234375,5881.2099609375,5895.25,5895.25,22457300
2011-12-29,5899.8701171875,5906.509765625,5875.16015625,5896.60009765625,5896.60009765625,17618600
2011-12-30,5920.89013671875,5938.6298828125,5914.56005859375,5936.22998046875,5936.22998046875,20176000
2012-01-03,6020.6298828125,6053.169921875,5998.10986328125,6050.93017578125,6050.93017578125,48743800
2012-01-04,6055.27978515625,6071.169921875,6027.5400390625,6058.080078125,6058.080078125,41436200
2012-01-05,6066.330078125,6072.8798828125,6004.93017578125,6026.56982421875,6026.56982421875,46879500
2012-01-06,6035.7099609375,6053.97998046875,5999.16015625,6013.830078125,6013.830078125,38832100
2012-01-09,6020.33984375,6026.81982421875,5986.2998046875,5987.5400390625,5987.5400390625,46111100
2012-01-10,6029.43994140625,6054.669921875,6005.66015625,6050.77978515625,6050.77978515625,43573100
2012-01-11,6048.419921875,6058.64013671875,5991.080078125,6008.0400390625,6008.0400390625,39978500
2012-01-12,6030.18017578125,6058.06982421875,6004.85986328125,6018.06982421875,6018.06982421875,40066800
2012-01-13,6022.5,6042.009765625,5962.22998046875,5996.33984375,5996.33984375,37236200
2012-01-16,5976.08984375,6031.240234375,5973.1298828125,6031.240234375,6031.240234375,30272500
2012-01-17,6060.4501953125,6072.7998046875,6040.2099609375,6056.169921875,6056.169921875,45478000
2012-01-18,6052.35009765625,6119.7099609375,6022.7001953125,6116.22998046875,6116.22998046875,45488800
2012-01-19,6135.2900390625,6194.58984375,6128.35986328125,6194.4501953125,6194.4501953125,77201800
2012-01-20,6204.89013671875,6213.31982421875,6121.669921875,6122.669921875,6122.669921875,66764100
2012-01-23,6112.759765625,6149.39990234375,6106.02978515625,6127.669921875,6127.669921875,49718900
2012-01-24,6101.919921875,6135.10009765625,6075.85986328125,6135.10009765625,6135.10009765625,51115300
2012-01-25,6114.56982421875,6117.64990234375,6032.7900390625,6073.35986328125,6073.35986328125,49714300
2012-01-26,6096.5,6102.81982421875,6061.2900390625,6100.43017578125,6100.43017578125,50477000
2012-01-27,6083.18994140625,6104.39990234375,6029,6033.52001953125,6033.52001953125,41319900
2012-01-30,5985.740234375,6015.93017578125,5965.2001953125,5970.740234375,5970.740234375,37688200
2012-01-31,5996.14013671875,6011.39990234375,5964.77001953125,5970.490234375,5970.490234375,41243400
2012-02-01,5984.10986328125,6077.39990234375,5979.22021484375,6069.91015625,6069.91015625,55101000
2012-02-02,6083.35986328125,6085.10986328125,6038.52978515625,6064.41015625,6064.41015625,51604100
2012-02-03,6062.43994140625,6158.10986328125,6046.990234375,6153.31005859375,6153.31005859375,55582000
2012-02-06,6126.5400390625,6150.7998046875,6103.77001953125,6147.02978515625,6147.02978515625,40326000
2012-02-07,6143.39990234375,6158.5,6114.68017578125,6157.58984375,6157.58984375,51759900
2012-02-08,6176.60009765625,6190.64013671875,6155.41015625,6155.85986328125,6155.85986328125,40068800
2012-02-09,6148.52001953125,6189.830078125,6138.14013671875,6169.6298828125,6169.6298828125,51690100
2012-02-10,6152.58984375,6159.52001953125,6101.419921875,6130.66015625,6130.66015625,47279800
2012-02-13,6159.68994140625,6181.7998046875,6146.83984375,6177.43994140625,6177.43994140625,31448200
2012-02-14,6156.16015625,6186.35986328125,6144.77978515625,6163.81982421875,6163.81982421875,42610700
2012-02-15,6186.22998046875,6205.490234375,6182.14013671875,6198.33984375,6198.33984375,41303000
2012-02-16,6156.2998046875,6219.31005859375,6150.759765625,6217.27978515625,6217.27978515625,63235700
2012-02-17,6257.77001953125,6260.64990234375,6218.6201171875,6237.68994140625,6237.68994140625,151493700
2012-02-20,6256.75,6268.56005859375,6226.5400390625,6242.990234375,6242.990234375,36807000
2012-02-21,6245.7001953125,6247.3701171875,6208.2998046875,6237.81982421875,6237.81982421875,44401000
2012-02-22,6228.68994140625,6232.39013671875,6171.259765625,6192.419921875,6192.419921875,45630900
2012-02-23,6185.93017578125,6218.4599609375,6166.91015625,6200.97021484375,6200.97021484375,40993600
2012-02-24,6206.8701171875,6217.31005859375,6162.7099609375,6184.1298828125,6184.1298828125,40475000
2012-02-27,6133.22998046875,6144.06005859375,6090.0400390625,6143.919921875,6143.919921875,40032400
2012-02-28,6151.080078125,6169.7099609375,6101.419921875,6125.08984375,6125.08984375,40348900
2012-02-29,6134.39990234375,6157.25,6108.47021484375,6109.93017578125,6109.93017578125,44818300
2012-03-01,6101.2001953125,6138.58984375,6098.1298828125,6128.27978515625,6128.27978515625,51866000
2012-03-02,6130.81982421875,6159.490234375,6114.419921875,6149.3701171875,6149.3701171875,44256400
2012-03-05,6143.0400390625,6169.02978515625,6120.259765625,6153.91015625,6153.91015625,36025100
2012-03-06,6128.75,6136.60986328125,6047.10009765625,6047.52978515625,6047.52978515625,52646000
2012-03-07,6043.75,6104.830078125,6041.22021484375,6102.5400390625,6102.5400390625,43780400
2012-03-08,6095.02001953125,6155.759765625,6088.89013671875,6153.93017578125,6153.93017578125,48867800
2012-03-09,6158.240234375,6205.89990234375,6151.39990234375,6188.509765625,6188.509765625,43036900
2012-03-12,6164.4501953125,6210.5400390625,6161.64990234375,6189.85986328125,6189.85986328125,40219100
2012-03-13,6213.66015625,6266.7001953125,6203.93994140625,6260.02001953125,6260.02001953125,46316100
2012-03-14,6286.47021484375,6323.2998046875,6281.14013671875,6300.43017578125,6300.43017578125,60420200
2012-03-15,6303.22021484375,6332.22021484375,6297.18994140625,6332.22021484375,6332.22021484375,40218600
2012-03-16,6340.81005859375,6357.4501953125,6326.6201171875,6341.330078125,6341.330078125,140618500
2012-03-19,6333.7900390625,6346.7900390625,6313.58984375,6326.56005859375,6326.56005859375,39624100
2012-03-20,6320.66015625,6323.75,6283.85986328125,6296.16015625,6296.16015625,33528700
2012-03-21,6311.18994140625,6327.85009765625,6280.259765625,6290,6290,35672500
2012-03-22,6274.39013671875,6284.4599609375,6234.22021484375,6249.56005859375,6249.56005859375,42978100
2012-03-23,6255.02001953125,6264.9501953125,6207.4501953125,6240.330078125,6240.330078125,33006700
2012-03-26,6253.2001953125,6289.740234375,6244.1298828125,6283.259765625,6283.259765625,34720000
2012-03-27,6298.919921875,6312.85986328125,6253.669921875,6269.3798828125,6269.3798828125,44988500
2012-03-28,6253.56982421875,6278.759765625,6242.52001953125,6250.43017578125,6250.43017578125,34681200
2012-03-29,6236.02001953125,6247.240234375,6165.18994140625,6176.259765625,6176.259765625,42999500
2012-03-30,6202.7099609375,6235.509765625,6173.52978515625,6235.509765625,6235.509765625,42038400
2012-04-02,6233.56005859375,6299.3798828125,6208.93994140625,6299.3798828125,6299.3798828125,42239600
2012-04-03,6286.68017578125,6298.56005859375,6258.27001953125,6258.66015625,6258.66015625,35567500
2012-04-04,6246.91015625,6259.259765625,6154.7099609375,6166.7900390625,6166.7900390625,50307700
2012-04-05,6183.6298828125,6196.1201171875,6126.0498046875,6163.490234375,6163.490234375,39334600
2012-04-10,6109.740234375,6125.990234375,6061.43017578125,6061.43017578125,6061.43017578125,56979000
2012-04-11,6052.08984375,6077.31005859375,6039.22998046875,6059.81982421875,6059.81982421875,49959100
2012-04-12,6071.080078125,6130.18994140625,6054.2001953125,6125.39013671875,6125.39013671875,48091400
2012-04-13,6112.27001953125,6121.509765625,6052.97998046875,6072.1201171875,6072.1201171875,46255100
2012-04-16,6063.93994140625,6136.009765625,6057.259765625,6124.91015625,6124.91015625,43165100
2012-04-17,6110.25,6200.5,6109.52978515625,6200.27001953125,6200.27001953125,47172400
2012-04-18,6198.18017578125,6202.97998046875,6150.81005859375,6173.35009765625,6173.35009765625,40179800
2012-04-19,6200.990234375,6225.08984375,6188.31005859375,6203.77978515625,6203.77978515625,51409900
2012-04-20,6206.9599609375,6237.7900390625,6190.7900390625,6237.7900390625,6237.7900390625,73355600
2012-04-23,6177.6201171875,6180.43994140625,6092.75,6114.830078125,6114.830078125,59200300
2012-04-24,6131.759765625,6141.18994140625,6086.60986328125,6124.83984375,6124.83984375,47409900
2012-04-25,6123.22021484375,6150.85009765625,6118.22998046875,6150.56982421875,6150.56982421875,70925900
2012-04-26,6140.52001953125,6158.3798828125,6092.41015625,6122.41015625,6122.41015625,60981000
2012-04-27,6097.2998046875,6131.6298828125,6090.4501953125,6116.35986328125,6116.35986328125,54428600
2012-04-30,6132.830078125,6133.77978515625,6096.33984375,6096.33984375,6096.33984375,49406000
2012-05-02,6161.990234375,6171.97021484375,6102.7900390625,6108.77001953125,6108.77001953125,67874100
2012-05-03,6124.6298828125,6149.35986328125,6086.81982421875,6097.68017578125,6097.68017578125,55150100
2012-05-04,6090.68017578125,6117.58984375,6044.85986328125,6056.7900390625,6056.7900390625,52704000
2012-05-07,5984.77978515625,6040.3701171875,5984.75,6040.18017578125,6040.18017578125,40776000
2012-05-08,6026.77001953125,6032.14990234375,5967.58984375,5977.7998046875,5977.7998046875,51044300
2012-05-09,5977.7001953125,5979.259765625,5893.10986328125,5936.1298828125,5936.1298828125,62604800
2012-05-10,5950.1298828125,5950.1298828125,5889.509765625,5926.60009765625,5926.60009765625,58387200
2012-05-11,5889.6201171875,5955.85986328125,5882.02978515625,5954.8798828125,5954.8798828125,53092000
2012-05-14,5908.27001953125,5911.97998046875,5858.22021484375,5875.66015625,5875.66015625,49058900
2012-05-15,5885.10986328125,5901.18017578125,5848.18017578125,5865.16015625,5865.16015625,45202100
2012-05-16,5850.43994140625,5900.64990234375,5845.06005859375,5872.72998046875,5872.72998046875,60660900
2012-05-18,5769.22021484375,5839.35986328125,5766.419921875,5797.759765625,5797.759765625,86172700
2012-05-21,5785.97021484375,5836.81982421875,5767.0498046875,5814.58984375,5814.58984375,42266100
2012-05-22,5844.4501953125,5911.85986328125,5835.39990234375,5910.2001953125,5910.2001953125,51902800
2012-05-23,5871.60986328125,5906.22021484375,5817.02001953125,5817.91015625,5817.91015625,47655500
2012-05-24,5849.39990234375,5877.2900390625,5808.830078125,5852.43994140625,5852.43994140625,45261000
2012-05-25,5863.2998046875,5899.740234375,5841.25,5865.18994140625,5865.18994140625,41192100
2012-05-29,5905.490234375,5929.72021484375,5879.830078125,5914.72998046875,5914.72998046875,37227300
2012-05-30,5898.2900390625,5944.43994140625,5887.39013671875,5902.81982421875,5902.81982421875,48818200
2012-05-31,5912.27978515625,5921.85009765625,5832.3701171875,5849.89990234375,5849.89990234375,60043000
2012-06-01,5866.2001953125,5866.2001953125,5752.3701171875,5777.47021484375,5777.47021484375,57711900
2012-06-04,5749.580078125,5755.06982421875,5713.33984375,5713.33984375,5713.33984375,29977400
2012-06-05,5734.22021484375,5745.740234375,5712.1298828125,5714.56982421875,5714.56982421875,27250900
2012-06-06,5742.1201171875,5822.6298828125,5733.490234375,5822.6298828125,5822.6298828125,45155200
2012-06-07,5830.56982421875,5887.52001953125,5814.89013671875,5869.2099609375,5869.2099609375,51532500
2012-06-08,5844.580078125,5878.02001953125,5830.33984375,5869.31982421875,5869.31982421875,34525000
2012-06-11,5948.93994140625,5956.169921875,5869.89013671875,5871.35009765625,5871.35009765625,44134400
2012-06-12,5877.0498046875,5929.43017578125,5872.02001953125,5919.8798828125,5919.8798828125,47748600
2012-06-13,5926.7099609375,5945.10009765625,5901.419921875,5944.68994140625,5944.68994140625,68660500
2012-06-14,5947.759765625,5952.490234375,5882.77978515625,5908.509765625,5908.509765625,78575400
2012-06-15,5903.68017578125,5927.2001953125,5903.60986328125,5911.81982421875,5911.81982421875,141199600
2012-06-18,5951.81982421875,5961.2900390625,5918.66015625,5938.759765625,5938.759765625,40557500
2012-06-19,5928.25,6039.14013671875,5924.43017578125,6034.1298828125,6034.1298828125,43838300
2012-06-20,6030.22998046875,6041.7099609375,5994.43994140625,6017.91015625,6017.91015625,34839900
2012-06-21,6011.33984375,6039.509765625,6004.75,6012.18994140625,6012.18994140625,35223600
2012-06-22,5977.77001953125,6011.759765625,5970.81982421875,5989.330078125,5989.330078125,29300600
2012-06-25,5974.5400390625,5976.41015625,5913.35986328125,5944.47998046875,5944.47998046875,39802700
2012-06-26,5938.66015625,5964.89013671875,5918.22998046875,5957.72021484375,5957.72021484375,38679800
2012-06-27,5975.97021484375,6005.35986328125,5960.39013671875,5996.52978515625,5996.52978515625,42277300
2012-06-28,6005.02001953125,6009.89013671875,5954.66015625,5986.85009765625,5986.85009765625,43291300
2012-06-29,6062.580078125,6074.3701171875,6028.6201171875,6066.85986328125,6066.85986328125,48749900
2012-07-02,6082.81005859375,6114.009765625,6078.72998046875,6109.41015625,6109.41015625,34322700
2012-07-03,6135.8798828125,6194.080078125,6133.81005859375,6194.080078125,6194.080078125,38285100
2012-07-04,6190.740234375,6203.60009765625,6171.35009765625,6201.31005859375,6201.31005859375,24203000
2012-07-05,6207.3701171875,6236.72021484375,6182.2998046875,6202.31982421875,6202.31982421875,38343600
2012-07-06,6199.330078125,6222.740234375,6179.1298828125,6183.669921875,6183.669921875,33366100
2012-07-09,6184.5400390625,6190.47998046875,6155.419921875,6160.77978515625,6160.77978515625,33609000
2012-07-10,6172.5400390625,6207.25,6154.35009765625,6191.2001953125,6191.2001953125,33505900
2012-07-11,6168.919921875,6194.2001953125,6158.6298828125,6174.75,6174.75,28715400
2012-07-12,6153.81005859375,6170.8701171875,6117.7900390625,6147.56982421875,6147.56982421875,31075700
2012-07-13,6162.72998046875,6186.6298828125,6151.06005859375,6181.81005859375,6181.81005859375,26952800
2012-07-16,6182.4599609375,6203.02978515625,6175.22021484375,6195.60986328125,6195.60986328125,24405400
2012-07-17,6208.35009765625,6227.35986328125,6190.919921875,6202.33984375,6202.33984375,31161100
2012-07-18,6227.31005859375,6265.91015625,6216.740234375,6265.5,6265.5,65242100
2012-07-19,6288.47021484375,6334.7099609375,6287.2001953125,6323.64013671875,6323.64013671875,61349000
2012-07-20,6329.77978515625,6336.2998046875,6274.16015625,6284.81005859375,6284.81005859375,67815500
2012-07-23,6247.3798828125,6260.740234375,6171.990234375,6180.43994140625,6180.43994140625,61863600
2012-07-24,6205.39013671875,6211.7001953125,6165.89013671875,6174.89013671875,6174.89013671875,42551800
2012-07-25,6168.64990234375,6199.41015625,6166.4501953125,6180.77001953125,6180.77001953125,50835700
2012-07-26,6197.27978515625,6295.56005859375,6189.6201171875,6277.740234375,6277.740234375,90567000
2012-07-27,6291.72998046875,6365.8701171875,6270.89990234375,6362.81982421875,6362.81982421875,63410900
2012-07-30,6375.7900390625,6417.91015625,6372.6298828125,6402.3798828125,6402.3798828125,44530500
2012-07-31,6399.3701171875,6417.2001953125,6382.35009765625,6399.27001953125,6399.27001953125,55168800
2012-08-02,6429.52001953125,6486.52001953125,6400.85009765625,6407.2998046875,6407.2998046875,69117900
2012-08-03,6420.080078125,6469.18994140625,6415.58984375,6461.5400390625,6461.5400390625,42519800
2012-08-06,6457.39013671875,6486.22021484375,6427.6201171875,6463.009765625,6463.009765625,38634800
2012-08-07,6447.33984375,6477.52001953125,6428.0400390625,6457.85009765625,6457.85009765625,34094400
2012-08-08,6460.41015625,6469.27001953125,6426.64013671875,6458,6458,32935700
2012-08-09,6478.02001953125,6524.5498046875,6475.990234375,6505.2900390625,6505.2900390625,37204900
2012-08-10,6484.259765625,6496.66015625,6467.89013671875,6483.43994140625,6483.43994140625,31792800
2012-08-13,6471.330078125,6493.669921875,6455.77978515625,6466.18017578125,6466.18017578125,22983200
2012-08-14,6487.97998046875,6509.7099609375,6479.41015625,6505.97998046875,6505.97998046875,26591600
2012-08-15,6499.6298828125,6539.81982421875,6496.39013671875,6511.8701171875,6511.8701171875,24246700
2012-08-16,6520.0400390625,6528.7099609375,6469.1201171875,6518.43017578125,6518.43017578125,34077000
2012-08-17,6553.81982421875,6554.1201171875,6519.68994140625,6529.33984375,6529.33984375,45997700
2012-08-20,6527,6532.5498046875,6498.2099609375,6506.25,6506.25,27416200
2012-08-21,6512.2998046875,6534,6496.4501953125,6518.31982421875,6518.31982421875,39953600
2012-08-22,6487.669921875,6497.259765625,6467.56005859375,6475.47021484375,6475.47021484375,43972500
2012-08-23,6502.39013671875,6513.39013671875,6435.56982421875,6453.91015625,6453.91015625,39757500
2012-08-24,6451.85986328125,6483.68017578125,6443.10986328125,6475.93994140625,6475.93994140625,28266300
2012-08-27,6481.259765625,6493.3798828125,6452.43994140625,6491.27978515625,6491.27978515625,20166200
2012-08-28,6473.2001953125,6473.2001953125,6420.91015625,6421.419921875,6421.419921875,29954400
2012-08-29,6424.9501953125,6437.080078125,6414.81005859375,6421.9599609375,6421.9599609375,24810900
2012-08-30,6406.669921875,6413.419921875,6368.72021484375,6378.2900390625,6378.2900390625,31892200
2012-08-31,6370.52001953125,6432.93017578125,6355.9599609375,6388.009765625,6388.009765625,44436500
2012-09-03,6376.5498046875,6438.93017578125,6375.68994140625,6437.66015625,6437.66015625,20370700
2012-09-04,6438.75,6439.169921875,6355.830078125,6362.81982421875,6362.81982421875,29280100
2012-09-05,6370.18017578125,6435.6298828125,6362.35986328125,6425.2001953125,6425.2001953125,40317200
2012-09-06,6442.9501953125,6532.58984375,6442.9501953125,6527.8701171875,6527.8701171875,54642200
2012-09-07,6540.4501953125,6561.56005859375,6523.60986328125,6537.31982421875,6537.31982421875,70312200
2012-09-10,6533.22021484375,6547.77001953125,6505.89990234375,6507.8701171875,6507.8701171875,39607300
2012-09-11,6476.89013671875,6505.6201171875,6470.43017578125,6503.2998046875,6503.2998046875,39149200
2012-09-12,6497.330078125,6531.93994140625,6478.169921875,6489.7998046875,6489.7998046875,60191200
2012-09-13,6488.3701171875,6520.2099609375,6478.009765625,6513.22021484375,6513.22021484375,39994100
2012-09-14,6574.14990234375,6581.0400390625,6543.740234375,6559.16015625,6559.16015625,69929300
2012-09-17,6537.6298828125,6576.240234375,6537.60009765625,6552.31982421875,6552.31982421875,40875500
2012-09-18,6531.06005859375,6549.47021484375,6521.1298828125,6537.10009765625,6537.10009765625,44315400
2012-09-19,6551.240234375,6570.72021484375,6536.93994140625,6570.72021484375,6570.72021484375,37500100
2012-09-20,6539.02978515625,6567.06005859375,6530.75,6556.490234375,6556.490234375,39968300
2012-09-21,6596.990234375,6607.06982421875,6567.33984375,6605.81982421875,6605.81982421875,88779500
2012-09-24,6600.240234375,6610.669921875,6573.08984375,6597.22021484375,6597.22021484375,33400400
2012-09-25,6598.8701171875,6620.10009765625,6582,6613.4501953125,6613.4501953125,30964100
2012-09-26,6584.1298828125,6585.080078125,6529.259765625,6540.41015625,6540.41015625,43829800
2012-09-27,6561.2900390625,6571.97998046875,6541.9501953125,6545.91015625,6545.91015625,35119100
2012-09-28,6570.2900390625,6570.2900390625,6495.8798828125,6495.8798828125,6495.8798828125,45100400
2012-10-01,6501.39990234375,6610.990234375,6501.39990234375,6610.91015625,6610.91015625,34480700
2012-10-02,6583.0498046875,6638.1201171875,6576.5,6613.5400390625,6613.5400390625,35755100
2012-10-03,6598.35986328125,6615.02978515625,6589.60986328125,6604.43994140625,6604.43994140625,31391600
2012-10-04,6625.2001953125,6636.259765625,6599.5498046875,6631.35009765625,6631.35009765625,34082400
2012-10-05,6652.2099609375,6680.47998046875,6629.31005859375,6674.81982421875,6674.81982421875,32825700
2012-10-08,6640.81005859375,6665.85986328125,6631.990234375,6655.77001953125,6655.77001953125,25959500
2012-10-09,6684.33984375,6688.5498046875,6649.10009765625,6649.10009765625,6649.10009765625,29854300
2012-10-10,6647.52001953125,6650.5498046875,6624.58984375,6629.0400390625,6629.0400390625,26445900
2012-10-11,6610.919921875,6671.43017578125,6608.93017578125,6654.02001953125,6654.02001953125,40247800
2012-10-12,6643.52978515625,6673.3701171875,6632.10986328125,6655.2001953125,6655.2001953125,35277800
2012-10-15,6668.31982421875,6709.1298828125,6667.1201171875,6704.2099609375,6704.2099609375,28917700
2012-10-16,6730.33984375,6777.77001953125,6723.33984375,6774.02001953125,6774.02001953125,44157600
2012-10-17,6758.5498046875,6789.75,6754.43994140625,6786.39990234375,6786.39990234375,39642300
2012-10-18,6748.22998046875,6789.759765625,6742.2099609375,6781.72021484375,6781.72021484375,50329800
2012-10-19,6779.080078125,6797.740234375,6754.990234375,6756.14013671875,6756.14013671875,43002500
2012-10-22,6755.5498046875,6775.64990234375,6738.02001953125,6746.7099609375,6746.7099609375,27237400
2012-10-23,6745.22021484375,6745.22021484375,6615.259765625,6626.7900390625,6626.7900390625,48656800
2012-10-24,6628.3701171875,6640.66015625,6598.52001953125,6627.41015625,6627.41015625,41858000
2012-10-25,6611.81005859375,6644.64013671875,6604.2099609375,6606.56982421875,6606.56982421875,41631400
2012-10-26,6596.33984375,6613.6201171875,6566.6298828125,6600.83984375,6600.83984375,41676600
2012-10-29,6589.77978515625,6606.7900390625,6581.669921875,6601.419921875,6601.419921875,65548600
2012-10-30,6601.68017578125,6649.10986328125,6600.93994140625,6633.10009765625,6633.10009765625,80939700
2012-10-31,6624.580078125,6644.990234375,6595.1298828125,6595.1298828125,6595.1298828125,53554000
2012-11-01,6572.81982421875,6660.25,6572.81982421875,6660.25,6660.25,49550600
2012-11-02,6656.8798828125,6704.1201171875,6654.31982421875,6701.3701171875,6701.3701171875,60644900
2012-11-05,6686.43017578125,6710.1201171875,6679.7900390625,6706.27001953125,6706.27001953125,36575500
2012-11-06,6709.08984375,6749.5,6701.89990234375,6745.740234375,6745.740234375,43558700
2012-11-07,6779.1201171875,6803.02978515625,6697.6298828125,6697.6298828125,6697.6298828125,52975400
2012-11-08,6721.1201171875,6742.35986328125,6702.39990234375,6713.6201171875,6713.6201171875,48928000
2012-11-09,6709.919921875,6724.14990234375,6663.9501953125,6715.2001953125,6715.2001953125,40696400
2012-11-12,6712.2998046875,6725.6201171875,6690.41015625,6696.669921875,6696.669921875,27924200
2012-11-13,6682.27978515625,6733.43994140625,6659.5498046875,6722.759765625,6722.759765625,34963800
2012-11-14,6709.10009765625,6713.35986328125,6670.3798828125,6676.9599609375,6676.9599609375,30528500
2012-11-15,6637.60986328125,6643.169921875,6571.5498046875,6574.56005859375,6574.56005859375,39489800
2012-11-16,6540.77001953125,6574.43994140625,6508.52001953125,6508.66015625,6508.66015625,48755800
2012-11-19,6541.72998046875,6638.89013671875,6537.14013671875,6638.89013671875,6638.89013671875,39437500
2012-11-20,6614.81005859375,6628.93017578125,6585.25,6618.990234375,6618.990234375,38475700
2012-11-21,6606.509765625,6645.240234375,6601.490234375,6643.7001953125,6643.7001953125,33952800
2012-11-22,6657.64990234375,6687.5400390625,6646.68994140625,6679.10986328125,6679.10986328125,27600200
2012-11-23,6679.1298828125,6724.47998046875,6673.97021484375,6715.08984375,6715.08984375,25559300
2012-11-26,6701.68017578125,6714.35986328125,6676.8798828125,6681.8798828125,6681.8798828125,26949700
2012-11-27,6704.77001953125,6724.740234375,6696.8798828125,6711.7099609375,6711.7099609375,35830400
2012-11-28,6702,6756.740234375,6699.52978515625,6756.47998046875,6756.47998046875,32929300
2012-11-29,6786.83984375,6829.490234375,6782.2001953125,6828.52001953125,6828.52001953125,40619100
2012-11-30,6819.7998046875,6848.2001953125,6815.31005859375,6820.60009765625,6820.60009765625,45101200
2012-12-03,6831.93017578125,6874.0400390625,6827.16015625,6838.7001953125,6838.7001953125,30961700
2012-12-04,6841.419921875,6872.919921875,6839.509765625,6853.14990234375,6853.14990234375,34696100
2012-12-05,6870.3701171875,6876.52001953125,6834.22021484375,6852.0400390625,6852.0400390625,34185700
2012-12-06,6861.2900390625,6912.16015625,6861.2900390625,6912.02001953125,6912.02001953125,34531100
2012-12-07,6908.68017578125,6940.77001953125,6898.0498046875,6925.25,6925.25,29984600
2012-12-10,6921.830078125,6948.60009765625,6897.7099609375,6943.89990234375,6943.89990234375,23175100
2012-12-11,6947.5498046875,6986.93017578125,6940.22998046875,6973.68994140625,6973.68994140625,30757500
2012-12-12,6972.5,7000.60009765625,6957.06005859375,6959.39013671875,6959.39013671875,34924000
2012-12-13,6967.56005859375,6969.509765625,6913.68017578125,6919.5400390625,6919.5400390625,35047600
2012-12-14,6925.39990234375,6926.72021484375,6894.0498046875,6902.509765625,6902.509765625,37543200
2012-12-17,6897.759765625,6900.14013671875,6879.60986328125,6897.10009765625,6897.10009765625,35869800
2012-12-18,6918.93994140625,6931.10986328125,6904.240234375,6912.08984375,6912.08984375,43524400
2012-12-19,6931.7900390625,6972.08984375,6925.31005859375,6946.06982421875,6946.06982421875,46616600
2012-12-20,6921.990234375,6930.33984375,6908.31982421875,6912.7900390625,6912.7900390625,40802600
2012-12-21,6916.259765625,6926.72998046875,6868.240234375,6889.5400390625,6889.5400390625,84659300
2012-12-27,6877.27978515625,6892.8701171875,6858.83984375,6862.5498046875,6862.5498046875,31306200
2012-12-28,6871.56982421875,6879.22998046875,6822.43994140625,6822.43994140625,6822.43994140625,27251200
2013-01-03,6975.16015625,7020.4599609375,6970.7998046875,7020.4599609375,7020.4599609375,51036700
2013-01-04,7015.47998046875,7059.1201171875,7004.580078125,7058.919921875,7058.919921875,29547400
2013-01-07,7062.39990234375,7073.1298828125,7049.2001953125,7049.2998046875,7049.2998046875,40929500
2013-01-08,7051.3701171875,7088.52978515625,7046.25,7074.52001953125,7074.52001953125,38609200
2013-01-09,7097.81005859375,7152.64013671875,7094.9501953125,7151.60009765625,7151.60009765625,50988900
2013-01-10,7163.1201171875,7175.08984375,7139.240234375,7143.72998046875,7143.72998046875,40426100
2013-01-11,7175.330078125,7194.330078125,7155.27978515625,7188.22021484375,7188.22021484375,41661700
2013-01-14,7212.56982421875,7230.77001953125,7187.52978515625,7202.52001953125,7202.52001953125,44956700
2013-01-15,7203.72021484375,7272.509765625,7201.14990234375,7272.31005859375,7272.31005859375,45428700
2013-01-16,7272.1201171875,7319.35009765625,7259.6201171875,7304.85009765625,7304.85009765625,45547500
2013-01-17,7324.669921875,7430.5400390625,7321.89013671875,7429.89013671875,7429.89013671875,54810700
2013-01-18,7449.18017578125,7457.64990234375,7363.0400390625,7368.7998046875,7368.7998046875,79830400
2013-01-21,7362.93017578125,7375.97021484375,7310.6201171875,7336.0498046875,7336.0498046875,33469400
2013-01-22,7339.6298828125,7340.7099609375,7280.43994140625,7291.85009765625,7291.85009765625,42079000
2013-01-23,7329.4501953125,7406.4599609375,7325.75,7391.9501953125,7391.9501953125,53754800
2013-01-24,7391.6298828125,7465.759765625,7380.39013671875,7457.740234375,7457.740234375,51435500
2013-01-25,7443.18994140625,7468.3798828125,7435.830078125,7458.66015625,7458.66015625,40081300
2013-01-28,7470.91015625,7495.830078125,7462.97998046875,7483.9501953125,7483.9501953125,35187400
2013-01-29,7460.2099609375,7465.97998046875,7414.06982421875,7458.02978515625,7458.02978515625,36414200
2013-01-30,7453.39013671875,7456.47021484375,7380.9599609375,7387.89990234375,7387.89990234375,40828600
2013-01-31,7385.8701171875,7417.9501953125,7343.81005859375,7390.85986328125,7390.85986328125,44836000
2013-02-01,7383.669921875,7440.8701171875,7382.240234375,7420.35009765625,7420.35009765625,43072200
2013-02-04,7427.56005859375,7445.89990234375,7362.31005859375,7362.72021484375,7362.72021484375,44759200
2013-02-05,7344.66015625,7423.06005859375,7344.66015625,7404.6298828125,7404.6298828125,45639800
2013-02-06,7398.419921875,7465.509765625,7387.6298828125,7433.47021484375,7433.47021484375,47583900
2013-02-07,7408,7427.41015625,7336.759765625,7337.0498046875,7337.0498046875,44262500
2013-02-08,7357.60986328125,7406.27001953125,7354.56005859375,7395.97021484375,7395.97021484375,36027400
2013-02-11,7406.6298828125,7429.43017578125,7392.2900390625,7407.60009765625,7407.60009765625,31542000
2013-02-12,7425.7099609375,7433.97998046875,7394.83984375,7427.06005859375,7427.06005859375,34981400
2013-02-13,7442.68994140625,7497.669921875,7439.91015625,7482.22021484375,7482.22021484375,38449200
2013-02-14,7465.259765625,7488.419921875,7439.31982421875,7482.2001953125,7482.2001953125,58537100
2013-02-15,7504.60009765625,7524.8798828125,7487.7998046875,7500.56982421875,7500.56982421875,82687600
2013-02-18,7493.25,7504.39013671875,7476.56982421875,7497.22998046875,7497.22998046875,22085900
2013-02-19,7493.02001953125,7579.5,7491.080078125,7579.5,7579.5,31856100
2013-02-20,7571.2099609375,7635.1201171875,7567.10009765625,7626.009765625,7626.009765625,39613500
2013-02-21,7609.02978515625,7616.259765625,7505.7099609375,7505.7099609375,7505.7099609375,56397800
2013-02-22,7512.0400390625,7563.68994140625,7510.56982421875,7554.3798828125,7554.3798828125,35819900
2013-02-25,7577.33984375,7611.16015625,7568.7099609375,7594.35009765625,7594.35009765625,50835400
2013-02-26,7445.7998046875,7499.56005859375,7439.81982421875,7449.97998046875,7449.97998046875,70222500
2013-02-27,7482.080078125,7491.89990234375,7423.6201171875,7484.990234375,7484.990234375,42680300
2013-02-28,7510.0498046875,7598.47021484375,7505.009765625,7593.669921875,7593.669921875,50992500
2013-03-01,7577.990234375,7619.06982421875,7548.72998046875,7601.990234375,7601.990234375,59140600
2013-03-04,7584.4599609375,7596.990234375,7571,7590.52001953125,7590.52001953125,40582700
2013-03-05,7629.7001953125,7729.43017578125,7629.1298828125,7718.4599609375,7718.4599609375,58325300
2013-03-06,7719.7900390625,7748.68994140625,7689.2099609375,7698.72021484375,7698.72021484375,42659600
2013-03-07,7700.39990234375,7720.509765625,7682.2998046875,7708.9599609375,7708.9599609375,39239600
2013-03-08,7730.27978515625,7776,7722.3798828125,7744.83984375,7744.83984375,48963800
2013-03-11,7732.580078125,7760.22021484375,7720.419921875,7758.64990234375,7758.64990234375,32285700
2013-03-12,7749.22998046875,7806.60986328125,7746.509765625,7802.93017578125,7802.93017578125,33533700
2013-03-13,7799.3798828125,7801.60009765625,7758.1201171875,7780.8798828125,7780.8798828125,45629100
2013-03-14,7806.81005859375,7845.33984375,7802.14013671875,7842.85009765625,7842.85009765625,54475900
2013-03-15,7859.509765625,7874.2099609375,7829.56982421875,7864.39013671875,7864.39013671875,100919400
2013-03-18,7774.419921875,7842.41015625,7770.35009765625,7830.3701171875,7830.3701171875,43299100
2013-03-19,7814.259765625,7842.58984375,7777.830078125,7789.60009765625,7789.60009765625,45685000
2013-03-20,7820.31005859375,7862.64013671875,7813.9599609375,7847.7001953125,7847.7001953125,40122500
2013-03-21,7855.35009765625,7858.43994140625,7757.08984375,7762.2998046875,7762.2998046875,37483100
2013-03-22,7752.02978515625,7777.91015625,7720.81982421875,7744.330078125,7744.330078125,36291600
2013-03-25,7787.81982421875,7812.39990234375,7750.10009765625,7758.22021484375,7758.22021484375,39815200
2013-03-26,7766.2001953125,7807.35009765625,7741.2099609375,7800.0498046875,7800.0498046875,34771900
2013-03-27,7817.52978515625,7821.66015625,7724.10986328125,7780.169921875,7780.169921875,38777800
2013-03-28,7790.9599609375,7840.97998046875,7781.08984375,7813.669921875,7813.669921875,34972300
2013-04-02,7801.169921875,7913.72998046875,7800.3798828125,7899.2998046875,7899.2998046875,42877800
2013-04-03,7900.2900390625,7946.85986328125,7869.509765625,7875.10009765625,7875.10009765625,38925600
2013-04-04,7890.1298828125,7892.9501953125,7753,7762.64990234375,7762.64990234375,42227700
2013-04-05,7767.2900390625,7769.06005859375,7596.93017578125,7641.10986328125,7641.10986328125,51858900
2013-04-08,7648.35009765625,7710.6201171875,7640.22021484375,7691.83984375,7691.83984375,38307500
2013-04-09,7725.08984375,7731.27001953125,7638.669921875,7653.9501953125,7653.9501953125,46334200
2013-04-10,7671.52978515625,7783.18994140625,7670.18994140625,7771.3701171875,7771.3701171875,44073500
2013-04-11,7770.97021484375,7825.3701171875,7767.41015625,7815.27978515625,7815.27978515625,40505100
2013-04-12,7800.43994140625,7813.9599609375,7734.6298828125,7760.60009765625,7760.60009765625,47098400
2013-04-15,7744.18017578125,7764.8798828125,7682.31982421875,7754.72998046875,7754.72998046875,43868900
2013-04-16,7724.14990234375,7758.08984375,7652.39990234375,7717.60009765625,7717.60009765625,47997600
2013-04-17,7747.33984375,7754.06982421875,7516.5498046875,7533.81005859375,7533.81005859375,60314400
2013-04-18,7511.27978515625,7614.31982421875,7482.919921875,7578.97021484375,7578.97021484375,60200600
2013-04-19,7610.22021484375,7645.52978515625,7573.14013671875,7618.759765625,7618.759765625,53885600
2013-04-22,7666.06005859375,7680.58984375,7602.10009765625,7609.10009765625,7609.10009765625,55932800
2013-04-23,7646.77001953125,7806.18994140625,7645.89990234375,7802.47998046875,7802.47998046875,63115600
2013-04-24,7823.8798828125,7865.330078125,7810.68994140625,7859.6298828125,7859.6298828125,51625400
2013-04-25,7859.669921875,7916.06005859375,7807.669921875,7901.240234375,7901.240234375,46492400
2013-04-26,7875.33984375,7882.25,7841.35986328125,7856.31982421875,7856.31982421875,32570900
2013-04-29,7870.60986328125,7922.89990234375,7868.56982421875,7901.72998046875,7901.72998046875,31218700
2013-04-30,7943.81005859375,7955.39013671875,7874.14990234375,7906.2099609375,7906.2099609375,79207200
2013-05-02,7867.72998046875,7902.9501953125,7850.85986328125,7902.2099609375,7902.2099609375,47247500
2013-05-03,7904.33984375,7967.77978515625,7871.83984375,7937.60986328125,7937.60986328125,39842100
2013-05-06,7926.009765625,7943.27001953125,7907.18994140625,7927.33984375,7927.33984375,20069700
2013-05-07,7941.10009765625,8002.169921875,7933.22998046875,7977.5400390625,7977.5400390625,39257900
2013-05-08,7986.27978515625,8102.83984375,7983.919921875,8093.02001953125,8093.02001953125,48867800
2013-05-10,8109.52001953125,8181.52001953125,8105.080078125,8177.85009765625,8177.85009765625,51707900
2013-05-13,8175.2998046875,8181.259765625,8108.22998046875,8147.68017578125,8147.68017578125,42940400
2013-05-14,8171.7001953125,8193.1298828125,8125.7900390625,8187.75,8187.75,38798800
2013-05-15,8216.3798828125,8325.900390625,8210.76953125,8313.080078125,8313.080078125,45985800
2013-05-16,8314.0400390625,8344.9501953125,8248.1396484375,8256.150390625,8256.150390625,42150700
2013-05-17,8252.33984375,8281.8603515625,8200.91015625,8280.25,8280.25,51070300
2013-05-21,8279.900390625,8318.419921875,8222.419921875,8318.419921875,8318.419921875,51867100
2013-05-22,8341.669921875,8411.2998046875,8297.830078125,8407.6103515625,8407.6103515625,54863300
2013-05-23,8245.6201171875,8263.2197265625,8137.68994140625,8168.52001953125,8168.52001953125,63924300
2013-05-24,8205.1904296875,8236.75,8137.330078125,8168.77978515625,8168.77978515625,44723700
2013-05-27,8177.990234375,8190.43017578125,8137.4501953125,8163.0498046875,8163.0498046875,21546600
2013-05-28,8213,8240.2001953125,8207.41015625,8221.2197265625,8221.2197265625,44228600
2013-05-29,8206.4404296875,8208.5400390625,8024.31005859375,8028.64013671875,8028.64013671875,51110000
2013-05-30,7996.22998046875,8065.89013671875,7986.60009765625,8021.56982421875,8021.56982421875,39736500
2013-05-31,8027.5498046875,8031.33984375,7913.02001953125,7947.009765625,7947.009765625,67018900
2013-06-03,7816.4599609375,7895.58984375,7780.97998046875,7780.97998046875,7780.97998046875,52924900
2013-06-04,7802.68994140625,7914.2001953125,7798.64990234375,7875.68017578125,7875.68017578125,42103900
2013-06-05,7824.60009765625,7879.39990234375,7731.16015625,7747.83984375,7747.83984375,46182700
2013-06-06,7725.3701171875,7760,7622.740234375,7622.740234375,7622.740234375,48648300
2013-06-07,7624.31005859375,7790.0498046875,7599.52978515625,7784.83984375,7784.83984375,55573300
2013-06-10,7758.7998046875,7835.0498046875,7754.06982421875,7790.5498046875,7790.5498046875,29220200
2013-06-11,7751.18994140625,7755.14013671875,7618.41015625,7673.009765625,7673.009765625,47786000
2013-06-12,7658.27978515625,7735.14013671875,7652.0498046875,7656.830078125,7656.830078125,39689100
2013-06-13,7546.10009765625,7636.06982421875,7525.509765625,7627.52978515625,7627.52978515625,48575300
2013-06-14,7655.009765625,7678.06982421875,7617.72998046875,7635.9599609375,7635.9599609375,35198700
2013-06-17,7685.4599609375,7759.85986328125,7677.22998046875,7729.7099609375,7729.7099609375,37308100
2013-06-18,7719.419921875,7737.5400390625,7695.080078125,7699.740234375,7699.740234375,33518900
2013-06-19,7714.669921875,7751.56982421875,7661.2900390625,7731.81982421875,7731.81982421875,35311500
2013-06-20,7653.259765625,7682.0400390625,7488.830078125,7496.0498046875,7496.0498046875,62382900
2013-06-21,7475.0498046875,7607.64013671875,7421.06005859375,7421.06005859375,7421.06005859375,102259500
2013-06-24,7361.240234375,7395.10986328125,7247.25,7249.47021484375,7249.47021484375,58831100
2013-06-25,7296.9599609375,7404.91015625,7275.93017578125,7397.39013671875,7397.39013671875,48318900
2013-06-26,7399.580078125,7573.419921875,7391.759765625,7553.89013671875,7553.89013671875,43451200
2013-06-27,7597.5400390625,7718.4501953125,7561.490234375,7671.7001953125,7671.7001953125,40057500
2013-06-28,7685.330078125,7713.7099609375,7620.39990234375,7683.0400390625,7683.0400390625,42427200
2013-07-01,7716.8798828125,7760.580078125,7677.56982421875,7741.06982421875,7741.06982421875,32285300
2013-07-02,7731.97021484375,7746.830078125,7651.509765625,7732.6201171875,7732.6201171875,32513600
2013-07-03,7686.419921875,7692.72021484375,7609.97998046875,7675.2900390625,7675.2900390625,39342400
2013-07-04,7707.7998046875,7846.5400390625,7707.7998046875,7831.58984375,7831.58984375,35915600
2013-07-05,7843.8798828125,7879.81982421875,7774.39013671875,7781.97998046875,7781.97998046875,31795000
2013-07-08,7857.93994140625,7893.81982421875,7843.330078125,7863.47998046875,7863.47998046875,25540500
2013-07-09,7916.89990234375,7956.3701171875,7905.91015625,7944.18994140625,7944.18994140625,32607800
2013-07-10,7942.56005859375,7982.6298828125,7920.89013671875,7971.6201171875,7971.6201171875,26105200
2013-07-11,8013.31982421875,8039.41015625,7979.669921875,7986.39990234375,7986.39990234375,33218700
2013-07-12,8020.7099609375,8041.25,7982.27978515625,7983.18017578125,7983.18017578125,26411400
2013-07-15,7999.52001953125,8031.5,7992.91015625,7999.14990234375,7999.14990234375,21943500
2013-07-16,8015.5498046875,8019.25,7924.22998046875,7932.7900390625,7932.7900390625,25280200
2013-07-17,7953.89990234375,7959.06982421875,7853.509765625,7928.14990234375,7928.14990234375,35640100
2013-07-18,7911.669921875,7956.7099609375,7909.490234375,7929.009765625,7929.009765625,33760900
2013-07-19,7919.8798828125,7928.1201171875,7880.77001953125,7928.1201171875,7928.1201171875,37218300
2013-07-22,7950,7967.89013671875,7916.85986328125,7927.4501953125,7927.4501953125,46284300
2013-07-23,7942.7099609375,7947.27978515625,7874.35009765625,7896.259765625,7896.259765625,30144100
2013-07-24,7903.35986328125,7979.490234375,7898.60009765625,7923.06982421875,7923.06982421875,33120700
2013-07-25,7932.35986328125,7932.35986328125,7836.22998046875,7865.3798828125,7865.3798828125,41566400
2013-07-26,7877.22021484375,7881.740234375,7776.990234375,7796.83984375,7796.83984375,30689500
2013-07-29,7803.7001953125,7843.990234375,7793.6201171875,7814.10986328125,7814.10986328125,25249700
2013-07-30,7805.7900390625,7834.2998046875,7775.39013671875,7810.169921875,7810.169921875,32318000
2013-07-31,7778.93994140625,7840.7998046875,7760.509765625,7820.43017578125,7820.43017578125,34489400
2013-08-02,7945.41015625,7974.35986328125,7914.419921875,7963.93017578125,7963.93017578125,47201900
2013-08-05,7973.5,7999.02001953125,7963.06005859375,7979.39990234375,7979.39990234375,24076700
2013-08-06,7982.3701171875,8080.31005859375,7981.52978515625,7996.7900390625,7996.7900390625,43802600
2013-08-07,7977.10986328125,8023.60009765625,7964.7001953125,7976.27978515625,7976.27978515625,29167200
2013-08-08,7962.240234375,7974.89013671875,7926.14013671875,7955.2900390625,7955.2900390625,35689100
2013-08-09,7979.06005859375,7994.2001953125,7954.4501953125,7977.33984375,7977.33984375,34686500
2013-08-12,7991.1298828125,8013.77001953125,7968.39990234375,8000.60009765625,8000.60009765625,23003600
2013-08-13,8010.58984375,8045.02978515625,8004.25,8036.43994140625,8036.43994140625,31036300
2013-08-14,8055.60986328125,8093.330078125,8045.7099609375,8078.259765625,8078.259765625,30811800
2013-08-15,8062.85009765625,8065.2998046875,7954.02001953125,7982.43017578125,7982.43017578125,28712100
2013-08-16,7972.39990234375,7987.64990234375,7919.31982421875,7961.31005859375,7961.31005859375,35710100
2013-08-19,7951.39990234375,7977.81982421875,7920.39013671875,7939.419921875,7939.419921875,27283000
2013-08-20,7879.4599609375,7949.8701171875,7874.85986328125,7935.89013671875,7935.89013671875,38637400
2013-08-21,7944.43017578125,7949.56982421875,7887.14013671875,7887.14013671875,7887.14013671875,28041800
2013-08-22,7884.72998046875,8006.2900390625,7882.75,7988.60009765625,7988.60009765625,30512700
2013-08-23,7983.330078125,8014.58984375,7949.14990234375,8006.89990234375,8006.89990234375,24829800
2013-08-26,7998.43017578125,8036.509765625,7996.0400390625,8022.2001953125,8022.2001953125,15541300
2013-08-27,7978.18994140625,8004.08984375,7874.669921875,7886.06982421875,7886.06982421875,38882400
2013-08-28,7839.68017578125,7885.02001953125,7740.60009765625,7776.009765625,7776.009765625,41895100
2013-08-29,7791.60986328125,7797.169921875,7724.25,7763.5498046875,7763.5498046875,36022600
2013-08-30,7792.330078125,7799.58984375,7710.83984375,7745.97021484375,7745.97021484375,38560700
2013-09-02,7820,7900.0498046875,7818.31982421875,7891.6201171875,7891.6201171875,29821300
2013-09-03,7923.4501953125,7924.43994140625,7855.39990234375,7866.22998046875,7866.22998046875,30652400
2013-09-04,7901.2099609375,7904.91015625,7821.10009765625,7880.64990234375,7880.64990234375,32757500
2013-09-05,7903.77001953125,7941.02001953125,7853.47021484375,7932.2900390625,7932.2900390625,34643300
2013-09-06,7935.89990234375,7964.240234375,7875.9501953125,7950.77978515625,7950.77978515625,35714500
2013-09-09,7967.52978515625,7969.97998046875,7898.35009765625,7935.759765625,7935.759765625,28002500
2013-09-10,7973.43994140625,8045.56982421875,7972.0498046875,8039.18017578125,8039.18017578125,42580900
2013-09-11,8047.41015625,8066.10009765625,8026.85986328125,8051.31005859375,8051.31005859375,28643600
2013-09-12,8059.75,8066.7099609375,8010.759765625,8033.4501953125,8033.4501953125,31701000
2013-09-13,8014.64990234375,8038.31005859375,7999.81982421875,8038.31005859375,8038.31005859375,44213500
2013-09-16,8083.22021484375,8091.9501953125,8019.18994140625,8029.3798828125,8029.3798828125,34468600
2013-09-17,8022.35009765625,8028.14990234375,7984.580078125,8014.47021484375,8014.47021484375,31343700
2013-09-18,8024.27978515625,8056.25,8011.64990234375,8052.56982421875,8052.56982421875,29808600
2013-09-19,8129.22998046875,8144.52978515625,8079.31005859375,8092.2900390625,8092.2900390625,51676700
2013-09-20,8118.64013671875,8133.68017578125,8099.419921875,8105.39013671875,8105.39013671875,62260900
2013-09-23,8113.330078125,8128.5,8044.72021484375,8057.0400390625,8057.0400390625,27243300
2013-09-24,8070.259765625,8090.97998046875,8019.990234375,8047.02001953125,8047.02001953125,28505900
2013-09-25,8050.8798828125,8080.81005859375,8022.1298828125,8055.22998046875,8055.22998046875,27397600
2013-09-26,8056.35986328125,8081.91015625,8015.02001953125,8061.35986328125,8061.35986328125,22807400
2013-09-27,8061.1201171875,8078.3798828125,8022.85009765625,8055,8055,25589400
2013-09-30,8000.8798828125,8025.580078125,7988.52001953125,8022.60009765625,8022.60009765625,34776700
2013-10-01,8020.89990234375,8060.31982421875,8017.93994140625,8059.009765625,8059.009765625,38159400
2013-10-02,8032.31005859375,8037.77978515625,7924.85986328125,7964.43994140625,7964.43994140625,31464200
2013-10-03,8002.240234375,8005.259765625,7930.83984375,7942.5,7942.5,23575600
2013-10-04,7934.4599609375,7953.7099609375,7883.6298828125,7943.7099609375,7943.7099609375,25545000
2013-10-07,7898.75,7909.830078125,7856.4501953125,7887.85986328125,7887.85986328125,30618500
2013-10-08,7871.419921875,7894.080078125,7823.47998046875,7828.240234375,7828.240234375,32289700
2013-10-09,7793.10986328125,7808.9501953125,7747.419921875,7755.259765625,7755.259765625,38826200
2013-10-10,7776.830078125,7870.6201171875,7766.490234375,7851.080078125,7851.080078125,35852000
2013-10-11,7897.27001953125,7937.25,7864.89990234375,7936.080078125,7936.080078125,31288600
2013-10-14,7917.56005859375,7942.330078125,7895.14990234375,7928.490234375,7928.490234375,23200300
2013-10-15,7974.72998046875,8023.52001953125,7970.1201171875,7984.35009765625,7984.35009765625,35387400
2013-10-16,7946.5,7995.22021484375,7902.18017578125,7981.8701171875,7981.8701171875,32537500
2013-10-17,8004.2099609375,8056.47021484375,7995.06005859375,8032.39990234375,8032.39990234375,34538500
2013-10-18,8080.22998046875,8086.16015625,8032.1298828125,8084.64990234375,8084.64990234375,48530800
2013-10-21,8111.419921875,8128.4599609375,8077.2099609375,8124.080078125,8124.080078125,32150000
2013-10-22,8128.7001953125,8245.830078125,8115.56005859375,8214.759765625,8214.759765625,42782500
2013-10-23,8205.580078125,8222,8175.77001953125,8214.5595703125,8214.5595703125,30020700
2013-10-24,8230.8896484375,8242.7001953125,8192.830078125,8233.150390625,8233.150390625,47675100
2013-10-25,8215.4599609375,8274.7001953125,8200.0302734375,8249.3095703125,8249.3095703125,39902900
2013-10-28,8268.01953125,8294.1103515625,8258.7197265625,8291.099609375,8291.099609375,32049900
2013-10-29,8261.1103515625,8289.5595703125,8224,8237.0302734375,8237.0302734375,74032800
2013-10-30,8255.6103515625,8278.58984375,8206.33984375,8228.3701171875,8228.3701171875,53907400
2013-10-31,8217.2802734375,8251.509765625,8212.41015625,8234.2900390625,8234.2900390625,48818500
2013-11-01,8235.259765625,8246.6298828125,8177.4599609375,8221.7998046875,8221.7998046875,36686000
2013-11-04,8253.240234375,8258.5302734375,8185.68994140625,8185.68994140625,8185.68994140625,79128500
2013-11-05,8210.8701171875,8221.740234375,8125.919921875,8149.31005859375,8149.31005859375,57857100
2013-11-06,8180.919921875,8253.9296875,8178.1201171875,8224.580078125,8224.580078125,51183700
2013-11-07,8225.0595703125,8295.9501953125,8214.740234375,8229.66015625,8229.66015625,52641300
2013-11-08,8204.0498046875,8250.3798828125,8172,8240.919921875,8240.919921875,38763400
2013-11-11,8289.259765625,8301.490234375,8260.26953125,8280.2001953125,8280.2001953125,34287000
2013-11-12,8255.259765625,8299.3603515625,8248.3798828125,8261.3095703125,8261.3095703125,33537800
2013-11-13,8250.4404296875,8262.830078125,8195.1396484375,8234.7197265625,8234.7197265625,36590300
2013-11-14,8311.669921875,8312.099609375,8268.7998046875,8304.9697265625,8304.9697265625,35778600
2013-11-15,8325.1103515625,8328.6201171875,8295.3095703125,8327.3095703125,8327.3095703125,33331800
2013-11-18,8322.33984375,8365.650390625,8306.3603515625,8351.3798828125,8351.3798828125,33527100
2013-11-19,8316.5302734375,8329.83984375,8285.1904296875,8300.1201171875,8300.1201171875,28532000
2013-11-20,8277.58984375,8315.3603515625,8249.919921875,8281.2099609375,8281.2099609375,34793300
2013-11-21,8234.7900390625,8304.58984375,8230.0400390625,8268.6904296875,8268.6904296875,35983700
2013-11-22,8315.5400390625,8342.5302734375,8246.5595703125,8250.4296875,8250.4296875,37144000
2013-11-25,8278.349609375,8323.66015625,8272.009765625,8304.0498046875,8304.0498046875,29464700
2013-11-26,8281.3203125,8297.7099609375,8238.919921875,8238.919921875,8238.919921875,31634300
2013-11-27,8251.7197265625,8271.6103515625,8224.58984375,8245.6796875,8245.6796875,30495400
2013-11-28,8244.2802734375,8266.7900390625,8233.83984375,8257.6103515625,8257.6103515625,38725700
2013-11-29,8247.5400390625,8284.919921875,8245.580078125,8264.2001953125,8264.2001953125,28807800
2013-12-02,8263.599609375,8287.3896484375,8230.1796875,8257.3203125,8257.3203125,29312600
2013-12-03,8246.169921875,8252.259765625,8104.7001953125,8109.89013671875,8109.89013671875,41999900
2013-12-04,8075.740234375,8115.75,8024.6298828125,8045.5400390625,8045.5400390625,43034400
2013-12-05,8012.64990234375,8080.669921875,8008.83984375,8025.58984375,8025.58984375,37171900
2013-12-06,8047.91015625,8079.080078125,8010.009765625,8066.06982421875,8066.06982421875,39969100
2013-12-09,8075.6298828125,8078.509765625,8033.9599609375,8056.330078125,8056.330078125,35910600
2013-12-10,8028.02978515625,8048.47998046875,7966.47021484375,7971.83984375,7971.83984375,37944900
2013-12-11,7935.77978515625,8016.31982421875,7935.77978515625,7956.31982421875,7956.31982421875,33400400
2013-12-12,7931.6298828125,7942.93994140625,7849.47998046875,7849.6201171875,7849.6201171875,44434600
2013-12-13,7848.18017578125,7870.64990234375,7815.39990234375,7828.91015625,7828.91015625,33672100
2013-12-16,7809.10986328125,7902.830078125,7766.740234375,7856.27001953125,7856.27001953125,41297000
2013-12-17,7857.490234375,7889.89990234375,7830.97998046875,7830.97998046875,7830.97998046875,41601300
2013-12-18,7887.10986328125,7912.169921875,7868.8798828125,7881.259765625,7881.259765625,52538800
2013-12-19,7970.89990234375,8013.6201171875,7960.14013671875,8001.18994140625,8001.18994140625,54827400
2013-12-20,8086.41015625,8089.1298828125,8052,8081.35009765625,8081.35009765625,90332600
2013-12-23,8084.58984375,8107.89990234375,8060.39013671875,8107.10009765625,8107.10009765625,20293000
2013-12-27,8174.2099609375,8221.900390625,8170.75,8221.900390625,8221.900390625,24421500
2013-12-30,8215.2099609375,8215.73046875,8169.3701171875,8202.98046875,8202.98046875,24526500
2014-01-03,8178.919921875,8274.66015625,8168.14013671875,8270.4599609375,8270.4599609375,36809300
2014-01-06,8262.650390625,8285.1201171875,8232.490234375,8272.23046875,8272.23046875,41719700
2014-01-07,8290.9599609375,8346.25,8267.7998046875,8319.400390625,8319.400390625,44805100
2014-01-08,8340.08984375,8352.8203125,8310.240234375,8352.8203125,8352.8203125,53335900
2014-01-09,8341.2001953125,8362.7998046875,8283.48046875,8295.900390625,8295.900390625,46594300
2014-01-10,8363.83984375,8401.1298828125,8349.8095703125,8365.1201171875,8365.1201171875,47850900
2014-01-13,8397.080078125,8420.7802734375,8371.150390625,8412.8896484375,8412.8896484375,49283900
2014-01-14,8333.0595703125,8388.5,8324.9296875,8384.650390625,8384.650390625,40357300
2014-01-15,8409.2998046875,8433.9296875,8385.7001953125,8423.419921875,8423.419921875,46225200
2014-01-16,8422.58984375,8464.98046875,8416.73046875,8450.669921875,8450.669921875,50906300
2014-01-17,8473.8701171875,8485.9599609375,8457.1396484375,8478.8896484375,8478.8896484375,77620300
2014-01-20,8472.400390625,8500.9404296875,8464.8603515625,8480.9501953125,8480.9501953125,36496800
2014-01-21,8478.8701171875,8544.1201171875,8472.9296875,8486.3701171875,8486.3701171875,53125500
2014-01-22,8488.5400390625,8505.2802734375,8429.1796875,8466.7001953125,8466.7001953125,53960200
2014-01-23,8447.5400390625,8501.8798828125,8383.3896484375,8404.98046875,8404.98046875,50613200
2014-01-24,8375.4697265625,8380.6796875,8198.099609375,8201.5,8201.5,63513200
2014-01-27,8179.25,8182.14013671875,8105.56005859375,8132.16015625,8132.16015625,56592700
2014-01-28,8131.8701171875,8222.740234375,8130.68994140625,8186.6201171875,8186.6201171875,54656100
2014-01-29,8230.33984375,8249.0400390625,8080.47021484375,8135.81005859375,8135.81005859375,58437300
2014-01-30,8070.740234375,8209.099609375,8067.27978515625,8204.9599609375,8204.9599609375,41545100
2014-01-31,8184.64013671875,8198.669921875,8084.830078125,8191.330078125,8191.330078125,54821000
2014-02-03,8201.9404296875,8244.5400390625,8096.02978515625,8107.02001953125,8107.02001953125,52324400
2014-02-04,8076.169921875,8121.89013671875,8053.740234375,8092.52978515625,8092.52978515625,76066100
2014-02-05,8096.81982421875,8137.41015625,8078.81005859375,8112.9599609375,8112.9599609375,51500600
2014-02-06,8133.41015625,8236.2900390625,8110.97021484375,8218.4404296875,8218.4404296875,59826700
2014-02-07,8250.8798828125,8318.599609375,8229.4296875,8318.599609375,8318.599609375,49448100
2014-02-10,8356.51953125,8359.7802734375,8306.2001953125,8324.849609375,8324.849609375,37364200
2014-02-11,8338.0400390625,8361.51953125,8316.0595703125,8361.51953125,8361.51953125,44785600
2014-02-12,8401.6201171875,8436.4697265625,8382.51953125,8402.41015625,8402.41015625,46712400
2014-02-13,8356.080078125,8391.1796875,8325.349609375,8383.900390625,8383.900390625,49105900
2014-02-14,8379.5400390625,8422.1904296875,8359.4296875,8417.580078125,8417.580078125,36759000
2014-02-17,8426.6298828125,8453.099609375,8408.7802734375,8415.669921875,8415.669921875,25975200
2014-02-18,8421.990234375,8427.919921875,8375.2197265625,8419.919921875,8419.919921875,38279500
2014-02-19,8385.25,8412.9599609375,8368.240234375,8410.6298828125,8410.6298828125,31332100
2014-02-20,8337.83984375,8384.2998046875,8332.26953125,8383.25,8383.25,34444200
2014-02-21,8418.51953125,8431.7802734375,8392.2998046875,8431.7802734375,8431.7802734375,67523800
2014-02-24,8414.5400390625,8485.48046875,8402.759765625,8485.48046875,8485.48046875,30425200
2014-02-25,8461.5595703125,8506.2900390625,8450.9697265625,8506.2900390625,8506.2900390625,32218800
2014-02-26,8506.580078125,8533.2001953125,8453.6201171875,8532.990234375,8532.990234375,47390600
2014-02-27,8486.509765625,8488.51953125,8430.76953125,8470.900390625,8470.900390625,46189500
2014-02-28,8489.740234375,8519.3896484375,8450.759765625,8475.330078125,8475.330078125,44376600
2014-03-03,8372.3095703125,8383.5400390625,8278.83984375,8281.009765625,8281.009765625,53432200
2014-03-04,8353.0498046875,8446.4404296875,8349.4296875,8445.2197265625,8445.2197265625,45507800
2014-03-05,8434.7802734375,8474.2900390625,8421.48046875,8459.6103515625,8459.6103515625,39211900
2014-03-06,8463.08984375,8499.5703125,8461.599609375,8484.2099609375,8484.2099609375,37301500
2014-03-07,8489.4296875,8494.5498046875,8378.150390625,8378.580078125,8378.580078125,41722700
2014-03-10,8363.169921875,8404.330078125,8329.009765625,8367.5498046875,8367.5498046875,33211600
2014-03-11,8391.580078125,8411.0595703125,8352.240234375,8359.509765625,8359.509765625,29044500
2014-03-12,8352.9501953125,8368.650390625,8275.580078125,8310.3603515625,8310.3603515625,43767100
2014-03-13,8306.490234375,8324.73046875,8205.900390625,8205.900390625,8205.900390625,49787600
2014-03-14,8163.10986328125,8186.009765625,8092.72021484375,8114.02001953125,8114.02001953125,69544300
2014-03-17,8093.7900390625,8187.14990234375,8090.740234375,8161.77978515625,8161.77978515625,41514700
2014-03-18,8167.81005859375,8286.3701171875,8143.4501953125,8240.0703125,8240.0703125,47187100
2014-03-19,8247.330078125,8264.8095703125,8226.5498046875,8226.5498046875,8226.5498046875,43479100
2014-03-20,8204.98046875,8261.6904296875,8174.68994140625,8261.6904296875,8261.6904296875,43907200
2014-03-21,8283.5302734375,8329.58984375,8277.0400390625,8289.759765625,8289.759765625,109515700
2014-03-24,8300.6201171875,8302.33984375,8173.27978515625,8198.01953125,8198.01953125,39712700
2014-03-25,8212.349609375,8314.75,8207.26953125,8299.1904296875,8299.1904296875,38008500
2014-03-26,8310.7099609375,8392.23046875,8309.669921875,8334.33984375,8334.33984375,41837000
2014-03-27,8326.150390625,8358.259765625,8302.0703125,8327.9296875,8327.9296875,35314600
2014-03-28,8339.580078125,8384.650390625,8337.76953125,8373.23046875,8373.23046875,32766100
2014-03-31,8441.6904296875,8489.6298828125,8431.5498046875,8453.8203125,8453.8203125,45478800
2014-04-01,8480.8896484375,8509.2001953125,8450.1796875,8457.26953125,8457.26953125,46533800
2014-04-02,8498.990234375,8525.75,8459.0400390625,8508.259765625,8508.259765625,43388500
2014-04-03,8517.599609375,8546.0595703125,8494.98046875,8521.6298828125,8521.6298828125,33997000
2014-04-04,8522.669921875,8533.5595703125,8468.75,8503,8503,40114600
2014-04-07,8409.099609375,8448.509765625,8390.76953125,8405.099609375,8405.099609375,48264100
2014-04-08,8431.8203125,8442.8701171875,8388.1201171875,8423.3603515625,8423.3603515625,45669100
2014-04-09,8420.080078125,8435.580078125,8383.7099609375,8411.4296875,8411.4296875,117740000
2014-04-10,8435.6796875,8476.4697265625,8391.5,8420.580078125,8420.580078125,37192600
2014-04-11,8352.6396484375,8358.1904296875,8236.7197265625,8298.8203125,8298.8203125,51636100
2014-04-14,8252.4697265625,8317.349609375,8235.009765625,8312.900390625,8312.900390625,49750200
2014-04-15,8348.4404296875,8355.1904296875,8263.83984375,8280.5302734375,8280.5302734375,51500000
2014-04-16,8335.9501953125,8348.5703125,8295.4296875,8322.7001953125,8322.7001953125,40087500
2014-04-17,8326.2998046875,8375.080078125,8296.01953125,8375.080078125,8375.080078125,41270100
2014-04-22,8450.150390625,8491.4599609375,8431.6298828125,8461.2998046875,8461.2998046875,41216800
2014-04-23,8474.33984375,8495.9599609375,8442.400390625,8443.259765625,8443.259765625,29534900
2014-04-24,8454.919921875,8471.6796875,8347.990234375,8409.1298828125,8409.1298828125,37333400
2014-04-25,8379.3603515625,8407.3203125,8352.26953125,8374.4697265625,8374.4697265625,36761300
2014-04-28,8402.0595703125,8426.76953125,8384.650390625,8384.8603515625,8384.8603515625,32348800
2014-04-29,8392.8203125,8457.5,8390.5703125,8434.66015625,8434.66015625,61829400
2014-04-30,8460.5703125,8487.08984375,8447.01953125,8476.66015625,8476.66015625,49605000
2014-05-02,8460.8603515625,8500.240234375,8429.259765625,8442.7099609375,8442.7099609375,47071200
2014-05-05,8424.849609375,8432.490234375,8341.740234375,8409.0703125,8409.0703125,35504800
2014-05-06,8430.330078125,8440.58984375,8370.8203125,8395.76953125,8395.76953125,44817600
2014-05-07,8379.5,8440.66015625,8377.6298828125,8421.650390625,8421.650390625,50229900
2014-05-08,8446.080078125,8474.8603515625,8424.48046875,8465.66015625,8465.66015625,51961800
2014-05-09,8444.76953125,8510.3896484375,8439.51953125,8510.3896484375,8510.3896484375,43224600
2014-05-12,8517.9501953125,8548.9599609375,8490.349609375,8545.1201171875,8545.1201171875,47020500
2014-05-13,8550.9697265625,8564.1796875,8510.900390625,8543.580078125,8543.580078125,36856000
2014-05-14,8562.5,8611.7001953125,8557.5400390625,8611.7001953125,8611.7001953125,34627200
2014-05-15,8620.509765625,8672.009765625,8616.080078125,8644.740234375,8644.740234375,57054200
2014-05-16,8648.1103515625,8683.6201171875,8625.1103515625,8683.6201171875,8683.6201171875,59670300
2014-05-19,8651.849609375,8664.330078125,8598.5595703125,8646.01953125,8646.01953125,38758400
2014-05-20,8651.4697265625,8688.7998046875,8628.9501953125,8635.6103515625,8635.6103515625,40748700
2014-05-21,8625.5302734375,8670.66015625,8606.51953125,8655.900390625,8655.900390625,33606400
2014-05-22,8667.0703125,8696.58984375,8637.3798828125,8693.98046875,8693.98046875,29728200
2014-05-23,8705.08984375,8722.080078125,8677.2998046875,8703.83984375,8703.83984375,30697600
2014-05-26,8705.58984375,8715.349609375,8696.6103515625,8712.349609375,8712.349609375,18520700
2014-05-27,8712.349609375,8719.8203125,8674.0595703125,8710.3798828125,8710.3798828125,30928900
2014-05-28,8705.330078125,8718.9296875,8694.0302734375,8706.5,8706.5,31384600
2014-05-30,8702.98046875,8705.759765625,8662.5498046875,8674.51953125,8674.51953125,48566000
2014-06-02,8715.0595703125,8718.240234375,8674.9697265625,8688.9599609375,8688.9599609375,29752600
2014-06-03,8679.66015625,8683.8701171875,8647.7099609375,8661.2001953125,8661.2001953125,29001200
2014-06-04,8662.9404296875,8694.6796875,8642.900390625,8661.080078125,8661.080078125,34753100
2014-06-05,8654.5703125,8705.8603515625,8643.2099609375,8643.2802734375,8643.2802734375,41426000
2014-06-06,8647.080078125,8662.8701171875,8606.08984375,8659.6904296875,8659.6904296875,36142300
2014-06-10,8674.8896484375,8759.41015625,8673.6904296875,8752.8603515625,8752.8603515625,40872400
2014-06-11,8753.9501953125,8763.98046875,8692.3603515625,8712.08984375,8712.08984375,42144100
2014-06-12,8713.9296875,8716.01953125,8661.26953125,8670.98046875,8670.98046875,33377000
2014-06-13,8652.1298828125,8658.5498046875,8588.2900390625,8653.759765625,8653.759765625,41426300
2014-06-16,8638.509765625,8665.7001953125,8626.2197265625,8663.58984375,8663.58984375,42595900
2014-06-17,8670.01953125,8683.75,8647.3701171875,8667.7900390625,8667.7900390625,45410700
2014-06-18,8662.919921875,8700,8649.7998046875,8657.26953125,8657.26953125,32940400
2014-06-19,8691.7802734375,8697.9296875,8666.650390625,8674.3701171875,8674.3701171875,42996300
2014-06-20,8694.4501953125,8724.849609375,8683.6796875,8701.6103515625,8701.6103515625,74565400
2014-06-23,8687.009765625,8695.6103515625,8630.259765625,8644.5703125,8644.5703125,33008100
2014-06-24,8673.8203125,8691.419921875,8636.3603515625,8673.26953125,8673.26953125,45859300
2014-06-25,8634.0595703125,8641.1298828125,8558.1796875,8581.9599609375,8581.9599609375,44917900
2014-06-26,8585.349609375,8592.41015625,8520.2001953125,8541.2802734375,8541.2802734375,57673800
2014-06-27,8544.849609375,8562.1103515625,8528.5703125,8562.1103515625,8562.1103515625,41701800
2014-06-30,8557.51953125,8593.33984375,8531.740234375,8554.51953125,8554.51953125,38590500
2014-07-01,8571.8095703125,8622.330078125,8569.009765625,8607.9697265625,8607.9697265625,42752200
2014-07-02,8615.2001953125,8642.1396484375,8596.2001953125,8607.2001953125,8607.2001953125,33728800
2014-07-03,8612.6796875,8695.7998046875,8604.8701171875,8694.3203125,8694.3203125,40854000
2014-07-04,8687.6298828125,8707.7802734375,8677.33984375,8678.2197265625,8678.2197265625,21512200
2014-07-07,8666.990234375,8675.26953125,8602.66015625,8612.76953125,8612.76953125,36714900
2014-07-08,8611.490234375,8617.9404296875,8554.509765625,8554.509765625,8554.509765625,40546800
2014-07-09,8561.4697265625,8562.7197265625,8506.26953125,8539.7099609375,8539.7099609375,34570000
2014-07-10,8536.76953125,8545.01953125,8431.0703125,8474.23046875,8474.23046875,55609700
2014-07-11,8487.5400390625,8504.599609375,8427.5703125,8468.51953125,8468.51953125,36397500
2014-07-14,8494.8095703125,8593.240234375,8489.76953125,8565.669921875,8565.669921875,36119800
2014-07-15,8555.330078125,8616.0400390625,8555.2900390625,8574.3203125,8574.3203125,38850200
2014-07-16,8604.9697265625,8651.2802734375,8597.259765625,8617.0703125,8617.0703125,32833000
2014-07-17,8568.599609375,8613.7099609375,8537.509765625,8548.080078125,8548.080078125,32260000
2014-07-18,8522.25,8530.0302734375,8489.1201171875,8511.4296875,8511.4296875,38636100
2014-07-21,8513.23046875,8525.6796875,8477.900390625,8513.9599609375,8513.9599609375,33566400
2014-07-22,8543.0400390625,8598.0498046875,8526.240234375,8594.2099609375,8594.2099609375,45928400
2014-07-23,8564.2001953125,8612.2001953125,8562.5,8605.099609375,8605.099609375,46981100
2014-07-24,8636.6298828125,8661.259765625,8592.7900390625,8637.009765625,8637.009765625,44364500
2014-07-25,8602.1396484375,8620.3603515625,8551.9501953125,8571.48046875,8571.48046875,36622900
2014-07-28,8567.9599609375,8568,8491.7197265625,8530.08984375,8530.08984375,34669800
2014-07-29,8538.650390625,8563.0595703125,8502.0703125,8532.1103515625,8532.1103515625,47108700
2014-07-30,8512.75,8536.3798828125,8473.76953125,8497.3798828125,8497.3798828125,52930900
2014-07-31,8479.6103515625,8506.5400390625,8395.8701171875,8410.26953125,8410.26953125,52491900
2014-08-04,8382.25,8409.7802734375,8286.3798828125,8304.0400390625,8304.0400390625,58677900
2014-08-05,8322.1298828125,8388.009765625,8309.009765625,8342.0400390625,8342.0400390625,46474400
2014-08-06,8302.2802734375,8304.33984375,8218.83984375,8290.16015625,8290.16015625,54015000
2014-08-07,8298.830078125,8345.08984375,8280.4404296875,8306.75,8306.75,61420800
2014-08-08,8263.2802734375,8282.1298828125,8183.5498046875,8274.650390625,8274.650390625,62155600
2014-08-11,8312.150390625,8359.25,8308.4404296875,8329.8603515625,8329.8603515625,39215200
2014-08-12,8335.759765625,8362.330078125,8315.9404296875,8329.7998046875,8329.7998046875,38533600
2014-08-13,8351.7802734375,8388.7099609375,8343.08984375,8388.7099609375,8388.7099609375,28415800
2014-08-14,8365.8203125,8435.51953125,8365.5595703125,8430.099609375,8430.099609375,38368900
2014-08-15,8460.4296875,8483.509765625,8366.73046875,8366.73046875,8366.73046875,47221200
2014-08-18,8436.33984375,8465.330078125,8423.7900390625,8453.58984375,8453.58984375,30241000
2014-08-19,8473.330078125,8527.8701171875,8473.330078125,8525.3798828125,8525.3798828125,29182400
2014-08-20,8535.76953125,8538.9599609375,8506.7998046875,8527.91015625,8527.91015625,33567200
2014-08-21,8539.7099609375,8591.9404296875,8535.9697265625,8570,8570,36488200
2014-08-22,8575.91015625,8579.7197265625,8534.41015625,8554.16015625,8554.16015625,30278200
2014-08-25,8601.740234375,8616.8798828125,8575.990234375,8611.580078125,8611.580078125,24850000
2014-08-26,8611.5703125,8676.400390625,8604.080078125,8673.2900390625,8673.2900390625,32026800
2014-08-27,8660.580078125,8689.650390625,8644.8095703125,8669.7998046875,8669.7998046875,32273300
2014-08-28,8654.6298828125,8657.6103515625,8597.9599609375,8622.23046875,8622.23046875,34125900
2014-08-29,8652.16015625,8668.830078125,8610.51953125,8658.9697265625,8658.9697265625,32948700
2014-09-01,8706.0400390625,8755.2099609375,8699.3896484375,8746.9697265625,8746.9697265625,36393100
2014-09-02,8755.5703125,8776.5498046875,8740.4501953125,8757.3203125,8757.3203125,37751800
2014-09-03,8794.73046875,8854.0703125,8794.48046875,8803.5703125,8803.5703125,53313000
2014-09-04,8793.5595703125,8855.66015625,8785.6201171875,8834.75,8834.75,53966400
2014-09-05,8823.0498046875,8831.73046875,8765.849609375,8788.76953125,8788.76953125,40467200
2014-09-08,8803.1201171875,8818.6904296875,8776.9501953125,8817.1904296875,8817.1904296875,29267200
2014-09-09,8824.23046875,8847.2197265625,8821.0400390625,8825.599609375,8825.599609375,40308500
2014-09-10,8806.3203125,8817.7099609375,8774.3603515625,8816.0703125,8816.0703125,38012100
2014-09-11,8829.7900390625,8832.4404296875,8793.2900390625,8829.009765625,8829.009765625,31978300
2014-09-12,8832.7900390625,8832.7900390625,8779.4296875,8795.9296875,8795.9296875,30241000
2014-09-15,8767.7001953125,8801.419921875,8751.7099609375,8796.41015625,8796.41015625,27850000
2014-09-16,8790.1201171875,8808.919921875,8778.3896484375,8804.4404296875,8804.4404296875,34195300
2014-09-17,8808.9296875,8829.900390625,8801.490234375,8825.6103515625,8825.6103515625,41623100
2014-09-18,8819.099609375,8833.259765625,8788.3603515625,8830.490234375,8830.490234375,45184800
2014-09-19,8869.3203125,8874.48046875,8822.7197265625,8840.169921875,8840.169921875,71793100
2014-09-22,8816.66015625,8840.419921875,8801.4296875,8817.51953125,8817.51953125,36882600
2014-09-23,8803.8896484375,8813.73046875,8729.6298828125,8763.7998046875,8763.7998046875,40921300
2014-09-24,8771.509765625,8801.1298828125,8753.7900390625,8797.169921875,8797.169921875,43417000
2014-09-25,8813.2197265625,8844.669921875,8744.73046875,8772.759765625,8772.759765625,46226900
2014-09-26,8756.23046875,8805.91015625,8726.7197265625,8774.3603515625,8774.3603515625,43838800
2014-09-29,8797.25,8800.75,8744.419921875,8776.73046875,8776.73046875,41792300
2014-09-30,8787.75,8840.740234375,8772.41015625,8835.1396484375,8835.1396484375,45893500
2014-10-01,8819.2099609375,8843.0400390625,8775.1103515625,8789.5302734375,8789.5302734375,44517300
2014-10-02,8760.25,8767.5400390625,8654.7099609375,8654.7099609375,8654.7099609375,54757600
2014-10-03,8678.1103515625,8705.58984375,8628.919921875,8683.5302734375,8683.5302734375,46057000
2014-10-06,8733.9697265625,8750.8896484375,8712,8723.0400390625,8723.0400390625,45447200
2014-10-07,8691.169921875,8697.4501953125,8549.150390625,8561.990234375,8561.990234375,51595200
2014-10-08,8520.0302734375,8531.2900390625,8465.8701171875,8517.2900390625,8517.2900390625,50015500
2014-10-09,8584.7900390625,8601.3603515625,8476.6201171875,8482.900390625,8482.900390625,51821800
2014-10-10,8436.5,8436.6298828125,8335.1298828125,8374.58984375,8374.58984375,65300700
2014-10-13,8281.1103515625,8386.9599609375,8278.2802734375,8342.0703125,8342.0703125,54284600
2014-10-14,8300.4404296875,8352.4697265625,8225.5302734375,8338.009765625,8338.009765625,62885100
2014-10-15,8320.2099609375,8329.169921875,8084.5400390625,8144.8798828125,8144.8798828125,81724800
2014-10-16,8175.0498046875,8197.98046875,7870.89013671875,8057.5400390625,8057.5400390625,118621200
2014-10-17,8095.18994140625,8279.150390625,8049.10986328125,8250.099609375,8250.099609375,90287300
2014-10-20,8232.5498046875,8291.919921875,8183.419921875,8283.3095703125,8283.3095703125,58565500
2014-10-21,8283.009765625,8404.8095703125,8233.75,8404.8095703125,8404.8095703125,60398600
2014-10-22,8430.3203125,8510.349609375,8402.01953125,8506.1396484375,8506.1396484375,57320500
2014-10-23,8477.73046875,8548.8203125,8432.6796875,8546.080078125,8546.080078125,58507900
2014-10-24,8530.5,8537.490234375,8491.759765625,8532.08984375,8532.08984375,40332800
2014-10-27,8591.16015625,8591.669921875,8490.740234375,8520.48046875,8520.48046875,43018900
2014-10-28,8585.1103515625,8646.490234375,8584.58984375,8630.41015625,8630.41015625,68897500
2014-10-29,8664.1298828125,8681.76953125,8645.2001953125,8654.4697265625,8654.4697265625,47222500
2014-10-30,8684.76953125,8728.01953125,8599.58984375,8719.0302734375,8719.0302734375,52176600
2014-10-31,8812.900390625,8843.150390625,8770.8095703125,8837.7802734375,8837.7802734375,71404600
2014-11-03,8829.9697265625,8840.0400390625,8735.2001953125,8751.669921875,8751.669921875,44259400
2014-11-04,8747.6201171875,8801.41015625,8705.8701171875,8718.01953125,8718.01953125,49507800
2014-11-05,8761.580078125,8851.1904296875,8760.7197265625,8843.169921875,8843.169921875,47014000
2014-11-06,8816.5595703125,8878.5302734375,8799.990234375,8863.8798828125,8863.8798828125,54442600
2014-11-07,8877.1298828125,8882.080078125,8786.6796875,8816.919921875,8816.919921875,55084700
2014-11-10,8807.91015625,8867.5302734375,8800.66015625,8867.5302734375,8867.5302734375,38431700
2014-11-11,8880.169921875,8905.76953125,8862.009765625,8896.150390625,8896.150390625,34804400
2014-11-12,8880.7998046875,8897.1298828125,8840.0400390625,8867.7802734375,8867.7802734375,36785400
2014-11-13,8897.5,8954.400390625,8880.8603515625,8954.400390625,8954.400390625,39892600
2014-11-14,8958.6201171875,8970.83984375,8891.3603515625,8915.3095703125,8915.3095703125,37681500
2014-11-17,8852.7802734375,8936.75,8852.330078125,8927.0498046875,8927.0498046875,31741600
2014-11-18,8932.83984375,8988.080078125,8929.01953125,8972.5400390625,8972.5400390625,31709700
2014-11-19,8950.26953125,9001.83984375,8949.3603515625,8983.51953125,8983.51953125,32505900
2014-11-20,8979.83984375,8994.849609375,8943.5302734375,8989.9404296875,8989.9404296875,30344200
2014-11-21,9003.1298828125,9081.400390625,8999.4697265625,9080.5498046875,9080.5498046875,47736000
2014-11-24,9072.48046875,9097.099609375,9052.6103515625,9058.509765625,9058.509765625,33277900
2014-11-25,9041.66015625,9087.6396484375,9037.5498046875,9042.740234375,9042.740234375,36994300
2014-11-26,9064.5400390625,9086.3203125,9046.33984375,9058.9404296875,9058.9404296875,32017100
2014-11-27,9066.330078125,9129.3701171875,9059.240234375,9129.150390625,9129.150390625,24052400
2014-11-28,9137.0703125,9155.2197265625,9084.1904296875,9150.4599609375,9150.4599609375,32010300
2014-12-01,9107.669921875,9167.099609375,9098.8798828125,9146.1796875,9146.1796875,44716900
2014-12-02,9161.259765625,9194.5498046875,9129.580078125,9138.5595703125,9138.5595703125,44770400
2014-12-03,9160.3203125,9209.0302734375,9148.830078125,9168.3701171875,9168.3701171875,42700800
2014-12-04,9177.4404296875,9218.6796875,9099.9697265625,9118.169921875,9118.169921875,45701500
2014-12-05,9142.48046875,9213.4501953125,9141.9501953125,9212.849609375,9212.849609375,39046300
2014-12-08,9176.1396484375,9208.009765625,9176,9181.240234375,9181.240234375,25855800
2014-12-09,9133.509765625,9152.1201171875,9025.5,9051.3896484375,9051.3896484375,47548200
2014-12-10,9065.9697265625,9080.0595703125,9000.349609375,9020.830078125,9020.830078125,36217200
2014-12-11,9010.7197265625,9059.8701171875,8971.259765625,9058.8203125,9058.8203125,40715000
2014-12-12,8996.6904296875,9023.66015625,8895.349609375,8895.349609375,8895.349609375,45505000
2014-12-15,8878.7001953125,8904.91015625,8710.419921875,8712.8203125,8712.8203125,49096600
2014-12-16,8733.08984375,8795.1298828125,8578.7099609375,8795.1298828125,8795.1298828125,78837500
2014-12-17,8723.1201171875,8781.5400390625,8719.4599609375,8775.8798828125,8775.8798828125,52610500
2014-12-18,8897.0400390625,9019.919921875,8883.01953125,9013.1103515625,9013.1103515625,65730200
2014-12-19,9068.330078125,9068.330078125,8917.7197265625,8976.240234375,8976.240234375,123427900
2014-12-22,9011.240234375,9060.9501953125,9003.1904296875,9033.4501953125,9033.4501953125,33876600
2014-12-23,9060.1904296875,9093.1396484375,9003.2099609375,9021.669921875,9021.669921875,28644400
2014-12-29,9044.5595703125,9044.6396484375,8998.0703125,9034.5498046875,9034.5498046875,27679000
2014-12-30,9015.7998046875,9037.5302734375,8973.0703125,8983.3701171875,8983.3701171875,24406000
2015-01-05,9002.8203125,9070.849609375,8938.849609375,8938.849609375,8938.849609375,58042000
2015-01-06,8948.8896484375,8991.259765625,8867.7900390625,8874.4697265625,8874.4697265625,48701500
2015-01-07,8881.0302734375,8945.580078125,8862.1298828125,8900.830078125,8900.830078125,50918500
2015-01-08,8981.58984375,9152.0595703125,8981.58984375,9139.6904296875,9139.6904296875,56700000
2015-01-09,9116.490234375,9182.23046875,9075.9501953125,9105.7001953125,9105.7001953125,56908700
2015-01-12,9148.990234375,9200.6298828125,9103.3095703125,9152.9697265625,9152.9697265625,52246400
2015-01-13,9130.580078125,9292.4404296875,9120.8203125,9285.6298828125,9285.6298828125,61176700
2015-01-14,9200.8798828125,9281.8203125,9174.7998046875,9198.2001953125,9198.2001953125,69223100
2015-01-15,9259.1904296875,9277.240234375,7932.22998046875,8400.6103515625,8400.6103515625,346767700
2015-01-16,8188.830078125,8189.509765625,7852.830078125,7899.58984375,7899.58984375,194354500
2015-01-19,8008.25,8244.0302734375,7984.22998046875,8152.77978515625,8152.77978515625,99961700
2015-01-20,8235.0400390625,8271.740234375,8162.2001953125,8178.89990234375,8178.89990234375,85964100
2015-01-21,8175.43017578125,8185.33984375,7917.77978515625,8008.5498046875,8008.5498046875,87654300
2015-01-22,8005.14013671875,8013.60009765625,7860.490234375,7999.47998046875,7999.47998046875,87533800
2015-01-23,8024.9501953125,8166.3701171875,7996.27978515625,8161.16015625,8161.16015625,83855900
2015-01-26,8152.759765625,8311.3095703125,8144.60986328125,8296.4501953125,8296.4501953125,65050100
2015-01-27,8315.8203125,8443.7001953125,8307.830078125,8402.8203125,8402.8203125,74604900
2015-01-28,8415.6396484375,8440.240234375,8300.3701171875,8311.5498046875,8311.5498046875,63979200
2015-01-29,8305.7197265625,8435.33984375,8305.7197265625,8435.33984375,8435.33984375,56716600
2015-01-30,8490.419921875,8493.0498046875,8385.1298828125,8385.1298828125,8385.1298828125,64278100
2015-02-02,8439.9296875,8474.919921875,8398.1796875,8429.2001953125,8429.2001953125,58077400
2015-02-03,8425.6103515625,8516.4296875,8419.6796875,8452.1298828125,8452.1298828125,65674200
2015-02-04,8490.9404296875,8612.099609375,8477.3701171875,8608.240234375,8608.240234375,66700900
2015-02-05,8546.1396484375,8562.75,8503.259765625,8544.3203125,8544.3203125,62290200
2015-02-06,8527.259765625,8619.5498046875,8487.9296875,8587.990234375,8587.990234375,46917900
2015-02-09,8535.6201171875,8638.3798828125,8521.1201171875,8632.1396484375,8632.1396484375,58406700
2015-02-10,8605.51953125,8626.1904296875,8563.6796875,8620.419921875,8620.419921875,81282600
2015-02-11,8628.4697265625,8642.7099609375,8537.2099609375,8577.759765625,8577.759765625,50895300
2015-02-12,8580.759765625,8611.73046875,8555.1796875,8611.0302734375,8611.0302734375,77553900
2015-02-13,8634.1796875,8665.900390625,8606.4296875,8651.98046875,8651.98046875,55525000
2015-02-16,8649.5302734375,8732.6298828125,8631.0302734375,8712.6904296875,8712.6904296875,38419200
2015-02-17,8698.1904296875,8747.8701171875,8663.16015625,8747.830078125,8747.830078125,49208100
2015-02-18,8759.8203125,8820.490234375,8749.5302734375,8800.7099609375,8800.7099609375,50003700
2015-02-19,8807.169921875,8910.8203125,8782.2998046875,8900.1796875,8900.1796875,50067700
2015-02-20,8910.73046875,8925.75,8832.8701171875,8892.169921875,8892.169921875,68549300
2015-02-23,8925.849609375,8988.169921875,8913.9697265625,8977.6904296875,8977.6904296875,41723600
2015-02-24,8975.7099609375,8984.6103515625,8936.8798828125,8984.6103515625,8984.6103515625,49344300
2015-02-25,8961.76953125,8982.1103515625,8924.7998046875,8977.6201171875,8977.6201171875,48488200
2015-02-26,8976.7197265625,9049.490234375,8955.669921875,9049.490234375,9049.490234375,62170400
2015-02-27,9048.7998046875,9067.23046875,8992.1298828125,9014.5302734375,9014.5302734375,53806300
2015-03-02,9011.599609375,9055.6904296875,8990.5595703125,9055.6904296875,9055.6904296875,75781200
2015-03-03,9032.3203125,9055.490234375,8941.8203125,8954.6796875,8954.6796875,58124100
2015-03-04,8961.9599609375,9011.2998046875,8925.9599609375,8992.5,8992.5,70982300
2015-03-05,8997.509765625,9051.5703125,8987.580078125,9034.599609375,9034.599609375,44021700
2015-03-06,9035.990234375,9110.51953125,9034.650390625,9080.0302734375,9080.0302734375,48117900
2015-03-09,9068.4697265625,9070.0302734375,9001.1904296875,9046.8798828125,9046.8798828125,41155900
2015-03-10,9063.83984375,9092.6396484375,9003.900390625,9023.7099609375,9023.7099609375,74284800
2015-03-11,9044.3798828125,9119.76953125,9041.8896484375,9106.23046875,9106.23046875,60013000
2015-03-12,9101.5498046875,9134.33984375,9083.7001953125,9119.8095703125,9119.8095703125,46286000
2015-03-13,9134.8095703125,9158.0703125,9121.6201171875,9156.01953125,9156.01953125,43021700
2015-03-16,9163.4296875,9272.91015625,9155.8603515625,9237.080078125,9237.080078125,57192000
2015-03-17,9254.51953125,9263.259765625,9170.330078125,9198.509765625,9198.509765625,56041400
2015-03-18,9230.5400390625,9282.7001953125,9185.8203125,9256.240234375,9256.240234375,54863800
2015-03-19,9269.7197265625,9339.25,9269.4296875,9328.48046875,9328.48046875,56549500
2015-03-20,9347.76953125,9397.150390625,9336.009765625,9396.2900390625,9396.2900390625,106155300
2015-03-23,9374.6201171875,9385.8095703125,9339.3603515625,9366.2001953125,9366.2001953125,45933200
2015-03-24,9339.4404296875,9389.1396484375,9271.3701171875,9292.6796875,9292.6796875,48065800
2015-03-25,9277.169921875,9307.830078125,9170.3203125,9188.25,9188.25,50593800
2015-03-26,9139.1904296875,9140.0400390625,8995.3798828125,9082.509765625,9082.509765625,57654500
2015-03-27,9096.5595703125,9159.9296875,9072.6396484375,9083.51953125,9083.51953125,45760600
2015-03-30,9123.5302734375,9220.66015625,9122.150390625,9202.1796875,9202.1796875,44521700
2015-03-31,9213.259765625,9254.740234375,9126.3203125,9128.98046875,9128.98046875,52720200
2015-04-01,9098.4697265625,9191.830078125,9085.919921875,9137.259765625,9137.259765625,49048500
2015-04-02,9124.740234375,9157.669921875,9117.0302734375,9130.599609375,9130.599609375,35133400
2015-04-07,9169.48046875,9283.2802734375,9164.83984375,9260.75,9260.75,44573300
2015-04-08,9258.669921875,9294.4501953125,9243.330078125,9247.8203125,9247.8203125,36472100
2015-04-09,9300.1796875,9404.1103515625,9299.080078125,9393.3798828125,9393.3798828125,46170500
2015-04-10,9411.51953125,9472.4599609375,9406.849609375,9471.4599609375,9471.4599609375,46139000
2015-04-13,9470.26953125,9474.9501953125,9413.8701171875,9430.25,9430.25,43670400
2015-04-14,9426.1298828125,9439.2197265625,9382.990234375,9415.6201171875,9415.6201171875,38036000
2015-04-15,9454.1103515625,9470.0498046875,9427.0595703125,9428.5498046875,9428.5498046875,48999900
2015-04-16,9419.9599609375,9443.4501953125,9390.4697265625,9398.599609375,9398.599609375,43240000
2015-04-17,9408.5,9424.1796875,9239.8095703125,9245.919921875,9245.919921875,80256600
2015-04-20,9253.58984375,9275.330078125,9231.1103515625,9243.7099609375,9243.7099609375,42522100
2015-04-21,9317.0595703125,9357.419921875,9299.4296875,9299.4296875,9299.4296875,57290400
2015-04-22,9335.4599609375,9365.259765625,9260.599609375,9358.08984375,9358.08984375,50980500
2015-04-23,9416.73046875,9426.33984375,9309.6796875,9338.25,9338.25,59455200
2015-04-24,9370.330078125,9390.0498046875,9274.1103515625,9302.1201171875,9302.1201171875,53232500
2015-04-27,9340.240234375,9349.1796875,9228.66015625,9349.1796875,9349.1796875,51010000
2015-04-28,9301.8701171875,9316.1904296875,9190.98046875,9259.8095703125,9259.8095703125,54451100
2015-04-29,9295.25,9308.7802734375,9105.0498046875,9105.0498046875,9105.0498046875,59671200
2015-04-30,9069.400390625,9107.2998046875,9027.599609375,9077.1201171875,9077.1201171875,65764400
2015-05-04,9112.0400390625,9144.8701171875,9076.5,9095.8203125,9095.8203125,42217500
2015-05-05,9098.66015625,9203.58984375,9024.3798828125,9024.3798828125,9024.3798828125,86723100
2015-05-06,8993.830078125,8998.6103515625,8859.33984375,8888.919921875,8888.919921875,74589300
2015-05-07,8839.3701171875,8901.259765625,8729,8873.5498046875,8873.5498046875,75808900
2015-05-08,8994.9697265625,9110.6904296875,8941.3896484375,9093.330078125,9093.330078125,61228300
2015-05-11,9114.2900390625,9139.0498046875,9056.2001953125,9117.330078125,9117.330078125,49237900
2015-05-12,9065.8203125,9070.5595703125,8989.48046875,9044.98046875,9044.98046875,50675500
2015-05-13,9077.2197265625,9092.1796875,9034.41015625,9050.66015625,9050.66015625,45068800
2015-05-15,9138,9189.900390625,9099.1796875,9109.919921875,9109.919921875,60259500
2015-05-18,9141.5498046875,9202.919921875,9111.419921875,9196.5498046875,9196.5498046875,40010200
2015-05-19,9220.4404296875,9306.8896484375,9220.4404296875,9295.6201171875,9295.6201171875,43047100
2015-05-20,9296.9599609375,9335.650390625,9277.3798828125,9319.900390625,9319.900390625,59319100
2015-05-21,9319.0703125,9372.2998046875,9290.7802734375,9365.349609375,9365.349609375,40228800
2015-05-22,9348.58984375,9383.9296875,9323.23046875,9353.2998046875,9353.2998046875,36535100
2015-05-26,9354.7900390625,9377.259765625,9248.5400390625,9272.6796875,9272.6796875,41488600
2015-05-27,9298,9405.0703125,9292.5400390625,9396.240234375,9396.240234375,49655600
2015-05-28,9399.7099609375,9426.4501953125,9375.8203125,9394.25,9394.25,36767900
2015-05-29,9402.5302734375,9403.5,9237.7900390625,9237.7900390625,9237.7900390625,57367100
2015-06-01,9303.2197265625,9323.5703125,9266.7197265625,9267.4404296875,9267.4404296875,40182600
2015-06-02,9263.099609375,9290.9404296875,9187.2900390625,9204.08984375,9204.08984375,48408900
2015-06-03,9222.76953125,9298.98046875,9206.2001953125,9253.2998046875,9253.2998046875,55501600
2015-06-04,9221.66015625,9283.2802734375,9121.01953125,9233.650390625,9233.650390625,73712400
2015-06-05,9169.3798828125,9181.099609375,9079.75,9105.01953125,9105.01953125,56182300
2015-06-08,9089.3095703125,9119.2900390625,9058.919921875,9060.490234375,9060.490234375,42069400
2015-06-09,9012.9501953125,9040.23046875,8948.9404296875,8980.2197265625,8980.2197265625,50678700
2015-06-10,8970.3095703125,9134.0595703125,8964.3701171875,9102.7001953125,9102.7001953125,49648100
2015-06-11,9117.25,9187.76953125,9114.490234375,9146.2998046875,9146.2998046875,51692700
2015-06-12,9122.2998046875,9143.740234375,9010.26953125,9026.4296875,9026.4296875,45415900
2015-06-15,8973,9005.8203125,8921.0595703125,8924.669921875,8924.669921875,37942600
2015-06-16,8899.259765625,9002.25,8893.419921875,8965.400390625,8965.400390625,43593200
2015-06-17,8964.8203125,8987.2099609375,8885.490234375,8906.6904296875,8906.6904296875,45901300
2015-06-18,8878.8203125,8880.2900390625,8740.330078125,8880.2900390625,8880.2900390625,66291100
2015-06-19,8907.33984375,8974.7001953125,8867.0302734375,8867.3203125,8867.3203125,106518900
2015-06-22,8956.919921875,9035.4296875,8945.6904296875,9021.3701171875,9021.3701171875,49556100
2015-06-23,9074.259765625,9170.1103515625,9062.5703125,9137.330078125,9137.330078125,50254200
2015-06-24,9150.1396484375,9169.2099609375,9056.6103515625,9081.8095703125,9081.8095703125,49950300
2015-06-25,9032.2197265625,9117.990234375,9012.4404296875,9045.3203125,9045.3203125,41296800
2015-06-26,9005.01953125,9047.8603515625,8932.740234375,9007.5,9007.5,39549200
2015-06-29,8729.759765625,8945.26953125,8727.9501953125,8868.3896484375,8868.3896484375,55451500
2015-06-30,8833.1796875,8896.259765625,8769.41015625,8780.91015625,8780.91015625,63151300
2015-07-01,8809.169921875,8955.1904296875,8793.0302734375,8908.990234375,8908.990234375,60213700
2015-07-02,8941.2001953125,9004.830078125,8938.76953125,8961.48046875,8961.48046875,38673600
2015-07-03,8960.349609375,8961.0302734375,8863.669921875,8912.83984375,8912.83984375,33021200
2015-07-06,8798.5302734375,8893.6103515625,8796.169921875,8862.7802734375,8862.7802734375,40236900
2015-07-07,8891.1298828125,8892.330078125,8764.1103515625,8764.1103515625,8764.1103515625,49801600
2015-07-08,8841.3603515625,8872.41015625,8807.1103515625,8852.4296875,8852.4296875,51191200
2015-07-09,8847.9697265625,9010.4697265625,8841.349609375,8985.080078125,8985.080078125,40917500
2015-07-10,9105.490234375,9142.2197265625,9042.0302734375,9134.1796875,9134.1796875,42480400
2015-07-13,9188.8203125,9265.849609375,9186.3203125,9250.099609375,9250.099609375,46950900
2015-07-14,9268.8798828125,9322.1298828125,9229.16015625,9311.0703125,9311.0703125,35475800
2015-07-15,9299.2998046875,9349.4501953125,9277.2802734375,9319.25,9319.25,62951900
2015-07-16,9331.6904296875,9458.9599609375,9324.1904296875,9458.9599609375,9458.9599609375,52941300
2015-07-17,9421.9501953125,9453.400390625,9415.73046875,9446.169921875,9446.169921875,45634000
2015-07-20,9470.4697265625,9525.7900390625,9451.7998046875,9482.6201171875,9482.6201171875,35537300
2015-07-21,9477.009765625,9479.3095703125,9363.8701171875,9385.4501953125,9385.4501953125,35505300
2015-07-22,9350.2001953125,9357.080078125,9269.240234375,9289.259765625,9289.259765625,46919200
2015-07-23,9362.83984375,9407.650390625,9334.990234375,9381.5703125,9381.5703125,60430300
2015-07-24,9396.7099609375,9422.2802734375,9312.9599609375,9322.9697265625,9322.9697265625,42493400
2015-07-27,9325.419921875,9331.580078125,9171.1396484375,9194.48046875,9194.48046875,52741900
2015-07-28,9221.1103515625,9275.7197265625,9187.7998046875,9275.7197265625,9275.7197265625,45096800
2015-07-29,9309.259765625,9388.259765625,9299.7001953125,9387.9697265625,9387.9697265625,48386000
2015-07-30,9404.2998046875,9442.83984375,9351.080078125,9397.6904296875,9397.6904296875,43809100
2015-07-31,9405.8095703125,9428.169921875,9367.4697265625,9428.169921875,9428.169921875,43602600
2015-08-03,9441.3095703125,9501.01953125,9438.3203125,9468.9697265625,9468.9697265625,34145200
2015-08-04,9458.5400390625,9496.2001953125,9435.26953125,9480.2001953125,9480.2001953125,34508400
2015-08-05,9506,9537.900390625,9473.580078125,9526.7900390625,9526.7900390625,43370600
2015-08-06,9502.0703125,9517.990234375,9454.740234375,9457.990234375,9457.990234375,34876400
2015-08-07,9441.5498046875,9452.6396484375,9400.759765625,9408.26953125,9408.26953125,31086800
2015-08-10,9431.759765625,9517.5498046875,9372.669921875,9510.7802734375,9510.7802734375,31796900
2015-08-11,9474.849609375,9501.990234375,9411.849609375,9424.41015625,9424.41015625,42239900
2015-08-12,9350.58984375,9352.169921875,9143.73046875,9183.8798828125,9183.8798828125,64243700
2015-08-13,9315.25,9385.66015625,9308.3095703125,9325.2099609375,9325.2099609375,49490800
2015-08-14,9330.490234375,9386.8203125,9319.9697265625,9346.5595703125,9346.5595703125,37088200
2015-08-17,9397.73046875,9418.4404296875,9326.6201171875,9390.4599609375,9390.4599609375,31008700
2015-08-18,9392.0302734375,9415.5400390625,9364.4404296875,9383.599609375,9383.599609375,28579100
2015-08-19,9339.8203125,9358.759765625,9247.2998046875,9251.599609375,9251.599609375,38130900
2015-08-20,9227.6298828125,9236.7099609375,9090.5498046875,9104.7099609375,9104.7099609375,53051400
2015-08-21,8952.9599609375,9037.2900390625,8798.5703125,8798.5703125,8798.5703125,69406100
2015-08-24,8499.26953125,8633.150390625,8155.10009765625,8468.8896484375,8468.8896484375,128680800
2015-08-25,8569,8816.0498046875,8532.8095703125,8758.7900390625,8758.7900390625,84192900
2015-08-26,8621.58984375,8729.9404296875,8529.6298828125,8548.75,8548.75,82573500
2015-08-27,8758.099609375,8830.08984375,8724.26953125,8812.580078125,8812.580078125,60262600
2015-08-28,8848.5302734375,8856.0498046875,8681.1201171875,8785.099609375,8785.099609375,52927900
2015-08-31,8745.1298828125,8830.7099609375,8728.2900390625,8824.5595703125,8824.5595703125,36781800
2015-09-01,8747.3095703125,8749.650390625,8565.8701171875,8621.26953125,8621.26953125,59942500
2015-09-02,8668.8896484375,8714.7197265625,8591,8626.33984375,8626.33984375,46299100
2015-09-03,8726.33984375,8815.400390625,8700.259765625,8775.6396484375,8775.6396484375,48115800
2015-09-04,8700.3203125,8721.650390625,8611.5703125,8652.349609375,8652.349609375,50388200
2015-09-07,8713.1201171875,8745.2900390625,8666.0400390625,8705.5302734375,8705.5302734375,27621900
2015-09-08,8746.6796875,8845.2802734375,8746.490234375,8760.9501953125,8760.9501953125,43024000
2015-09-09,8902.3203125,8963.8603515625,8853.6796875,8871.919921875,8871.919921875,50186500
2015-09-10,8824.5302734375,8902.5595703125,8766.0302734375,8778.759765625,8778.759765625,45611600
2015-09-11,8785.240234375,8799.599609375,8696.9404296875,8772.4404296875,8772.4404296875,37668900
2015-09-14,8781.5498046875,8851.7197265625,8683.2197265625,8686.169921875,8686.169921875,38911400
2015-09-15,8706.259765625,8808.2001953125,8682.599609375,8790.4404296875,8790.4404296875,47700000
2015-09-16,8854.7197265625,8881.73046875,8814.98046875,8871.169921875,8871.169921875,50023000
2015-09-17,8889.98046875,8891.6298828125,8809.5302734375,8849.4296875,8849.4296875,46639800
2015-09-18,8777.900390625,8811.75,8677.3603515625,8739.2197265625,8739.2197265625,127878300
2015-09-21,8697.9697265625,8854.25,8690.7802734375,8782.26953125,8782.26953125,42200200
2015-09-22,8693.48046875,8705,8471.91015625,8475.4697265625,8475.4697265625,61922900
2015-09-23,8492.900390625,8546.3203125,8447.6796875,8447.6796875,8447.6796875,48651000
2015-09-24,8442.25,8449.2900390625,8260.41015625,8278.0703125,8278.0703125,61856700
2015-09-25,8406.580078125,8550.6396484375,8396.0400390625,8505.9404296875,8505.9404296875,53035200
2015-09-28,8516.0595703125,8537.240234375,8381.2197265625,8381.2197265625,8381.2197265625,48823300
2015-09-29,8289.23046875,8365.4599609375,8244.599609375,8323.48046875,8323.48046875,56618700
2015-09-30,8449.3203125,8537.6796875,8428.0703125,8513.41015625,8513.41015625,55779300
2015-10-01,8620.4599609375,8646.1796875,8492.490234375,8510.5595703125,8510.5595703125,50836100
2015-10-02,8569.1796875,8624.4404296875,8420.1796875,8515.51953125,8515.51953125,47178000
2015-10-05,8643.830078125,8762.8798828125,8631.990234375,8740.830078125,8740.830078125,50731900
2015-10-06,8754.9501953125,8805.330078125,8702.099609375,8761.6796875,8761.6796875,45214100
2015-10-07,8768.51953125,8772.3896484375,8630.990234375,8639.0302734375,8639.0302734375,59585400
2015-10-08,8676.7900390625,8718.08984375,8636.3798828125,8674.169921875,8674.169921875,53861800
2015-10-09,8729.3203125,8758.9697265625,8666.0703125,8680.2099609375,8680.2099609375,46676500
2015-10-12,8691.3701171875,8722.9296875,8641.8701171875,8706.1103515625,8706.1103515625,38626900
2015-10-13,8686.3896484375,8692.240234375,8593.330078125,8654.6396484375,8654.6396484375,46498200
2015-10-14,8600.7197265625,8644.1298828125,8559.259765625,8573.3095703125,8573.3095703125,42524600
2015-10-15,8610.9501953125,8662.740234375,8581.169921875,8653.349609375,8653.349609375,41131000
2015-10-16,8651.669921875,8743.0595703125,8645.0595703125,8715.73046875,8715.73046875,60446600
2015-10-19,8716.7197265625,8788.6904296875,8697.7099609375,8705.66015625,8705.66015625,37642600
2015-10-20,8702.1396484375,8724.5498046875,8638.759765625,8650.01953125,8650.01953125,41789000
2015-10-21,8666.009765625,8666.009765625,8579.6103515625,8602.1201171875,8602.1201171875,49037500
2015-10-22,8628.5595703125,8798.7998046875,8622.080078125,8788.919921875,8788.919921875,54273900
2015-10-23,8834.3701171875,8942.419921875,8816.75,8910.51953125,8910.51953125,58545500
2015-10-26,8913.8896484375,8952.490234375,8889.0595703125,8907.8603515625,8907.8603515625,35881900
2015-10-27,8842.83984375,8894.3798828125,8806.349609375,8849.919921875,8849.919921875,40030200
2015-10-28,8860.150390625,8942.2998046875,8840.7099609375,8932.6396484375,8932.6396484375,41551900
2015-10-29,8966.849609375,8969.0595703125,8903.849609375,8957.26953125,8957.26953125,45351700
2015-10-30,8984.5400390625,8984.5400390625,8911.5400390625,8938.650390625,8938.650390625,40455700
2015-11-02,8892.6796875,8955.7998046875,8890.75,8936.080078125,8936.080078125,34944800
2015-11-03,8920.240234375,8937.009765625,8886.919921875,8935.5,8935.5,51673700
2015-11-04,8977.099609375,9037.5498046875,8940.98046875,8951.759765625,8951.759765625,46366800
2015-11-05,8983.7802734375,9032.75,8946.759765625,8990.16015625,8990.16015625,43507500
2015-11-06,8970.259765625,9014.25,8917.240234375,8970.26953125,8970.26953125,51570100
2015-11-09,8968.0595703125,8970.0400390625,8876.669921875,8876.669921875,8876.669921875,40546600
2015-11-10,8899.98046875,8900.08984375,8806.3798828125,8849.76953125,8849.76953125,38343000
2015-11-11,8856.73046875,8950.349609375,8851.599609375,8884.5498046875,8884.5498046875,36420100
2015-11-12,8890.419921875,8928.98046875,8755.1201171875,8816.9404296875,8816.9404296875,46124800
2015-11-13,8818.150390625,8821.3701171875,8699.76953125,8749.83984375,8749.83984375,47690300
2015-11-16,8697.3095703125,8768.73046875,8694.9599609375,8727.08984375,8727.08984375,41343800
2015-11-17,8787.5595703125,8956.330078125,8781.669921875,8952.580078125,8952.580078125,47789100
2015-11-18,8920.9697265625,8999.509765625,8904.0302734375,8990.9599609375,8990.9599609375,40707900
2015-11-19,9016.240234375,9080.5595703125,8987.23046875,9008.650390625,9008.650390625,42535100
2015-11-20,9043.2998046875,9046.9501953125,8973.7001953125,9015.830078125,9015.830078125,48138800
2015-11-23,8957.76953125,8957.8095703125,8901.1103515625,8924.41015625,8924.41015625,49447200
2015-11-24,8891.8798828125,8895.48046875,8761.51953125,8808.5302734375,8808.5302734375,63770400
2015-11-25,8830.8798828125,8982.76953125,8804.75,8934.48046875,8934.48046875,63612500
2015-11-26,8939.009765625,8982.849609375,8935.0498046875,8968.25,8968.25,34559000
2015-11-27,8942.3095703125,9030.01953125,8903.740234375,9002.9599609375,9002.9599609375,41412900
2015-11-30,8987.6298828125,9047.9697265625,8957.919921875,8993.099609375,8993.099609375,64328200
2015-12-01,9010.9501953125,9029.41015625,8936.7001953125,8993.240234375,8993.240234375,58962600
2015-12-02,9023.3798828125,9053.4599609375,8999.0703125,9016.5595703125,9016.5595703125,45428800
2015-12-03,8982.3798828125,9042.599609375,8828.740234375,8852.1396484375,8852.1396484375,67551700
2015-12-04,8799.51953125,8817.1904296875,8743.5703125,8802.8896484375,8802.8896484375,60538300
2015-12-07,8831.2998046875,8933.099609375,8812.5302734375,8825.2802734375,8825.2802734375,39076200
2015-12-08,8814.48046875,8821.01953125,8658.1298828125,8701.2001953125,8701.2001953125,51192100
2015-12-09,8724.2197265625,8737.66015625,8596.5595703125,8624.9501953125,8624.9501953125,55925100
2015-12-10,8585.669921875,8669.3203125,8546.5400390625,8632.6298828125,8632.6298828125,50156700
2015-12-11,8605.9697265625,8641.4501953125,8477.83984375,8502.0595703125,8502.0595703125,59181400
2015-12-14,8538.66015625,8562.759765625,8375.3095703125,8375.3095703125,8375.3095703125,56577600
2015-12-15,8424.6904296875,8591.150390625,8424.6904296875,8581.5595703125,8581.5595703125,59290800
2015-12-16,8591.76953125,8657.66015625,8565.669921875,8604.080078125,8604.080078125,55546000
2015-12-17,8757.1396484375,8794.6298828125,8632.080078125,8656.2998046875,8656.2998046875,57614400
2015-12-18,8607.7099609375,8662.9599609375,8598.0498046875,8608.91015625,8608.91015625,110274600
2015-12-21,8624.3798828125,8681.8095703125,8544.349609375,8544.349609375,8544.349609375,39594100
2015-12-22,8579.0302734375,8610.33984375,8513.8095703125,8515.8203125,8515.8203125,34346400
2015-12-23,8628.8896484375,8730.4296875,8607.1396484375,8705.740234375,8705.740234375,37106400
2015-12-28,8724.91015625,8779.16015625,8686.919921875,8739.3603515625,8739.3603515625,23190600
2015-12-29,8791.0302734375,8886.3798828125,8781.3203125,8883.009765625,8883.009765625,29859200
2015-12-30,8906.2197265625,8908.5,8818.08984375,8818.08984375,8818.08984375,28503700
2016-01-04,8705.6396484375,8714.26953125,8593.8896484375,8656.3095703125,8656.3095703125,49832700
2016-01-05,8705.9404296875,8730.0498046875,8601.0595703125,8701.4599609375,8701.4599609375,40912600
2016-01-06,8720.4296875,8720.4296875,8560.3701171875,8613.419921875,8613.419921875,45328700
2016-01-07,8443.509765625,8480.2802734375,8326.7900390625,8449.8603515625,8449.8603515625,64521200
2016-01-08,8446.919921875,8475.8896484375,8257.2802734375,8257.2802734375,8257.2802734375,67007000
2016-01-11,8221.01953125,8317.240234375,8202.7001953125,8213.51953125,8213.51953125,59372800
2016-01-12,8199.1904296875,8398.01953125,8192.5703125,8332.0400390625,8332.0400390625,56709200
2016-01-13,8411.58984375,8487.6103515625,8386.91015625,8414.830078125,8414.830078125,49966900
2016-01-14,8339.759765625,8349.919921875,8175.0400390625,8305.4697265625,8305.4697265625,70259400
2016-01-15,8270.73046875,8303.669921875,8056.5400390625,8107.1298828125,8107.1298828125,78207400
2016-01-18,8128.5,8216.7900390625,8076.14013671875,8099.080078125,8099.080078125,47833200
2016-01-19,8214.6904296875,8277.76953125,8187.759765625,8223.759765625,8223.759765625,50158700
2016-01-20,8072.9599609375,8077.7099609375,7935.47021484375,7966.33984375,7966.33984375,72650900
2016-01-21,8008.490234375,8135.919921875,7977.8701171875,8035.06005859375,8035.06005859375,74946300
2016-01-22,8179.009765625,8308.259765625,8163.22998046875,8271.1103515625,8271.1103515625,58529600
2016-01-25,8296.3896484375,8300.990234375,8190.60009765625,8253.33984375,8253.33984375,45790000
2016-01-26,8155.39990234375,8328.0703125,8120.5498046875,8314.4697265625,8314.4697265625,54393900
2016-01-27,8241.8701171875,8322.6796875,8215.9697265625,8322.6796875,8322.6796875,64711200
2016-01-28,8258.509765625,8307.6904296875,8107.6298828125,8153.27001953125,8153.27001953125,69047400
2016-01-29,8219.9697265625,8319.8095703125,8214.7802734375,8319.8095703125,8319.8095703125,73361600
2016-02-01,8374.990234375,8381.1298828125,8245.6201171875,8310.990234375,8310.990234375,54912200
2016-02-02,8268.099609375,8279.8095703125,8142.419921875,8196.990234375,8196.990234375,94590700
2016-02-03,8219.91015625,8249.1103515625,8051.27978515625,8123.740234375,8123.740234375,86408100
2016-02-04,8160.18017578125,8162.52978515625,7935.7998046875,8003.39990234375,8003.39990234375,117511100
2016-02-05,8003.5400390625,8074.14013671875,7959.7001953125,7960.1298828125,7960.1298828125,77058800
2016-02-08,7989.22998046875,7989.52001953125,7736.509765625,7759.2099609375,7759.2099609375,81486600
2016-02-09,7771.25,7791.97021484375,7540.990234375,7583.27001953125,7583.27001953125,111796200
2016-02-10,7624.39990234375,7800.10986328125,7581.64013671875,7731.93017578125,7731.93017578125,99247900
2016-02-11,7614.06005859375,7623.9599609375,7425.0498046875,7496.6201171875,7496.6201171875,110819800
2016-02-12,7552.52001953125,7656.60009765625,7542.06982421875,7656.60009765625,7656.60009765625,80781600
2016-02-15,7803.18017578125,7881.419921875,7782.47998046875,7848.330078125,7848.330078125,60923600
2016-02-16,7886.740234375,7904.43017578125,7762.1201171875,7813.7900390625,7813.7900390625,61399800
2016-02-17,7880.91015625,7968.25,7850.1201171875,7946.18994140625,7946.18994140625,61788600
2016-02-18,7897.990234375,7984.33984375,7863.39990234375,7916.60986328125,7916.60986328125,78654500
2016-02-19,7871.7998046875,7920.93017578125,7817.81005859375,7863.35986328125,7863.35986328125,95981300
2016-02-22,7926.35986328125,7996.0498046875,7923.60009765625,7961.490234375,7961.490234375,51677900
2016-02-23,7923.02978515625,7926.080078125,7793.25,7807.009765625,7807.009765625,59230600
2016-02-24,7795.2998046875,7808.080078125,7641.02001953125,7689.56005859375,7689.56005859375,68636700
2016-02-25,7803.02978515625,7815.9599609375,7717.89990234375,7794.0498046875,7794.0498046875,63118400
2016-02-26,7858.77001953125,7921.97998046875,7841.4599609375,7877.02978515625,7877.02978515625,59908200
2016-02-29,7789.56982421875,7862.2001953125,7762.52001953125,7843.6298828125,7843.6298828125,57682300
2016-03-01,7823.72998046875,7963.259765625,7810.4599609375,7962.22021484375,7962.22021484375,58180900
2016-03-02,7994.43994140625,8039.89013671875,7955.64990234375,8039.89013671875,8039.89013671875,73883000
2016-03-03,8000.240234375,8007,7944.52978515625,7950.83984375,7950.83984375,65197800
2016-03-04,7970.33984375,8015.5,7921.41015625,7982.56982421875,7982.56982421875,66315200
2016-03-07,7964.58984375,8022.93994140625,7934.97998046875,8019.1298828125,8019.1298828125,52612400
2016-03-08,7954.169921875,8013.14013671875,7931.68994140625,7971.14990234375,7971.14990234375,61638400
2016-03-09,7946.81982421875,8031.18017578125,7937.60986328125,7975.81005859375,7975.81005859375,61175600
2016-03-10,7968.16015625,8095.43017578125,7893.66015625,7893.66015625,7893.66015625,80155600
2016-03-11,7987.85986328125,8005.43994140625,7953.64013671875,7998.43017578125,7998.43017578125,60699500
2016-03-14,8019.43994140625,8053.330078125,7997.83984375,8018.35986328125,8018.35986328125,49748400
2016-03-15,7978.06982421875,8000.5400390625,7941.52001953125,7953.93017578125,7953.93017578125,66691900
2016-03-16,7962.08984375,7970.60009765625,7892.06982421875,7916.43017578125,7916.43017578125,72924400
2016-03-17,7940.16015625,7952.6298828125,7785.259765625,7861.7900390625,7861.7900390625,69419300
2016-03-18,7870.64990234375,7878.990234375,7786.02001953125,7813.68017578125,7813.68017578125,183950400
2016-03-21,7800.35986328125,7884.5,7788.7998046875,7849.56982421875,7849.56982421875,53119800
2016-03-22,7795.2900390625,7853.06982421875,7719.41015625,7853.06982421875,7853.06982421875,51209900
2016-03-23,7899.56982421875,7928.2900390625,7855.169921875,7894.35986328125,7894.35986328125,59827900
2016-03-24,7833.52978515625,7839.31005859375,7765.33984375,7775.580078125,7775.580078125,47378400
2016-03-29,7812.2001953125,7828.06982421875,7738.0400390625,7797.64990234375,7797.64990234375,51570100
2016-03-30,7840.60009765625,7867.39990234375,7826.56982421875,7845.080078125,7845.080078125,52924300
2016-03-31,7816.740234375,7835.7001953125,7786.56005859375,7807.89013671875,7807.89013671875,57508100
2016-04-01,7688.580078125,7700.08984375,7607.740234375,7688.33984375,7688.33984375,63657200
2016-04-04,7679.43017578125,7757.47998046875,7646.72998046875,7731.81005859375,7731.81005859375,54777700
2016-04-05,7660.4501953125,7681.02001953125,7611.58984375,7673.669921875,7673.669921875,74867500
2016-04-06,7649.9599609375,7769.0498046875,7629.7099609375,7768.22998046875,7768.22998046875,59473000
2016-04-07,7792.9501953125,7830.02978515625,7745.52001953125,7761.35009765625,7761.35009765625,55557300
2016-04-08,7792.830078125,7817.5498046875,7765.9599609375,7817.5498046875,7817.5498046875,56836600
2016-04-11,7752.3701171875,7810.16015625,7705.9599609375,7751.580078125,7751.580078125,51524100
2016-04-12,7718.16015625,7795.93994140625,7676.669921875,7788.77978515625,7788.77978515625,50333500
2016-04-13,7842.7900390625,7934.4599609375,7833.68994140625,7934.4599609375,7934.4599609375,72203800
2016-04-14,7949.169921875,8031.0400390625,7939.7099609375,8021,8021,55582500
2016-04-15,8000.1298828125,8033.27001953125,7956.93017578125,8014.60009765625,8014.60009765625,58334300
2016-04-18,7950.33984375,8048.509765625,7923.97998046875,8044.60009765625,8044.60009765625,37731200
2016-04-19,8074.06982421875,8157.990234375,8065.4501953125,8152.759765625,8152.759765625,50354500
2016-04-20,8138,8187.97021484375,8108.419921875,8186.97021484375,8186.97021484375,60032400
2016-04-21,8208.5498046875,8210.9296875,8080.89990234375,8159.669921875,8159.669921875,67686300
2016-04-22,8135.52978515625,8135.7001953125,8096.18017578125,8109.43994140625,8109.43994140625,61086100
2016-04-25,8122.509765625,8140.39990234375,8046.27001953125,8079.89013671875,8079.89013671875,48121700
2016-04-26,8119.8798828125,8132.60986328125,8062.240234375,8077.18017578125,8077.18017578125,53119500
2016-04-27,8087.91015625,8108.41015625,8056.81982421875,8096.759765625,8096.759765625,44389000
2016-04-28,8052.9599609375,8102.31005859375,7981.0400390625,8099.419921875,8099.419921875,45963300
2016-04-29,8025.83984375,8025.83984375,7938.8701171875,7960.85009765625,7960.85009765625,64206000
2016-05-02,7985.259765625,7993.6298828125,7958.1201171875,7977.77001953125,7977.77001953125,28313900
2016-05-03,7938.5,7940.7001953125,7817.43994140625,7850.68017578125,7850.68017578125,66422400
2016-05-04,7853.0498046875,7882.27978515625,7752.3798828125,7752.97021484375,7752.97021484375,49923300
2016-05-06,7743.009765625,7758.52978515625,7689.509765625,7735.60009765625,7735.60009765625,52914000
2016-05-09,7784.330078125,7845.080078125,7756.56982421875,7824.9501953125,7824.9501953125,48148100
2016-05-10,7896.6201171875,7959.68994140625,7883.43994140625,7934.93017578125,7934.93017578125,51081100
2016-05-11,7938.509765625,7938.509765625,7889.33984375,7937.8798828125,7937.8798828125,47223200
2016-05-12,7891.72021484375,7971.58984375,7846.72021484375,7885.85009765625,7885.85009765625,59838000
2016-05-13,7844.60009765625,7947.89013671875,7829.009765625,7925.759765625,7925.759765625,52696900
2016-05-17,7931.02001953125,7977.68994140625,7878.47998046875,7906.759765625,7906.759765625,63751900
2016-05-18,7887.27978515625,7973.93017578125,7886.509765625,7973.93017578125,7973.93017578125,56699900
2016-05-19,7943.509765625,7961.5,7904.10986328125,7908.7900390625,7908.7900390625,62783400
2016-05-20,7947.4599609375,8011.330078125,7944.58984375,7997.2998046875,7997.2998046875,63940800
2016-05-23,8012.02978515625,8074.06005859375,7968.64013671875,8038.4599609375,8038.4599609375,49143000
2016-05-24,7982.22021484375,8138.080078125,7979.509765625,8125.240234375,8125.240234375,52936800
2016-05-25,8151.1201171875,8187.7099609375,8140.89990234375,8167.60986328125,8167.60986328125,54870700
2016-05-26,8180.31005859375,8234.2802734375,8159.669921875,8229.5498046875,8229.5498046875,51762300
2016-05-27,8278.4501953125,8307.5703125,8257.9697265625,8292.4501953125,8292.4501953125,48752400
2016-05-30,8305.9599609375,8310.8798828125,8270.4697265625,8277.830078125,8277.830078125,25913700
2016-05-31,8281.7197265625,8290.51953125,8182.419921875,8216.419921875,8216.419921875,83052100
2016-06-01,8191.14990234375,8239.3701171875,8167.740234375,8185.52978515625,8185.52978515625,53812200
2016-06-02,8187.5,8223.2197265625,8173.35009765625,8205.8203125,8205.8203125,52046700
2016-06-03,8230.48046875,8231.5400390625,8096.419921875,8148.39990234375,8148.39990234375,57448400
2016-06-06,8156.6201171875,8184.740234375,8144.27978515625,8165.97998046875,8165.97998046875,38054600
2016-06-07,8179.68017578125,8220.8603515625,8174.72021484375,8215.7802734375,8215.7802734375,44969900
2016-06-08,8164.58984375,8178.3798828125,8116.7998046875,8143.759765625,8143.759765625,44644200
2016-06-09,8114.89990234375,8129.72998046875,8057.35009765625,8076.35009765625,8076.35009765625,48812600
2016-06-10,8041.4599609375,8047.509765625,7909.64990234375,7922.7099609375,7922.7099609375,62505000
2016-06-13,7874.68994140625,7875.64013671875,7777.4599609375,7782.35009765625,7782.35009765625,63240300
2016-06-14,7717.580078125,7727.8798828125,7638.77001953125,7638.77001953125,7638.77001953125,86526200
2016-06-15,7686.080078125,7759.93994140625,7679.490234375,7679.490234375,7679.490234375,63102700
2016-06-16,7612.22021484375,7656.18994140625,7577.60986328125,7634.66015625,7634.66015625,75271700
2016-06-17,7718.919921875,7768.1201171875,7710.35986328125,7713.60986328125,7713.60986328125,150189100
2016-06-20,7850.83984375,7931.85986328125,7837.72021484375,7900.22021484375,7900.22021484375,63351900
2016-06-21,7871.7001953125,7952.1298828125,7866.08984375,7935.75,7935.75,57820400
2016-06-22,7954.5498046875,7992.66015625,7901.10009765625,7972.14013671875,7972.14013671875,51016000
2016-06-23,7963.35009765625,8079.47998046875,7943.6298828125,8023.0498046875,8023.0498046875,52561700
2016-06-24,7506.1298828125,7879.2099609375,7475.5400390625,7747.18017578125,7747.18017578125,159868500
2016-06-27,7696.27001953125,7764.97021484375,7573.2099609375,7594.490234375,7594.490234375,124794700
2016-06-28,7738.8798828125,7815.7001953125,7724.27978515625,7773.7998046875,7773.7998046875,113256300
2016-06-29,7850.60986328125,7978.9599609375,7832.14013671875,7978.9599609375,7978.9599609375,83190500
2016-06-30,7944.89013671875,8030.14990234375,7923.7001953125,8020.14990234375,8020.14990234375,83897000
2016-07-01,8048.14990234375,8098.2900390625,8013.77978515625,8085.2099609375,8085.2099609375,61973100
2016-07-04,8093.68994140625,8111.7001953125,8036.2001953125,8056.7099609375,8056.7099609375,37141500
2016-07-05,8022.3701171875,8028.18017578125,7918.3798828125,7941.669921875,7941.669921875,55443800
2016-07-06,7914.43994140625,7960.64990234375,7845.89013671875,7898.2099609375,7898.2099609375,77404200
2016-07-07,7950.9599609375,8000.35009765625,7928.18017578125,7964.22998046875,7964.22998046875,59208500
2016-07-08,7953.240234375,8037.93994140625,7929.91015625,8037.93994140625,8037.93994140625,63927000
2016-07-11,8043.02978515625,8121.669921875,8041.18017578125,8117.10986328125,8117.10986328125,54497600
2016-07-12,8101.22021484375,8144.8798828125,8085.91015625,8143.1298828125,8143.1298828125,79047400
2016-07-13,8140.7900390625,8161.169921875,8120.4501953125,8142.330078125,8142.330078125,71164200
2016-07-14,8162.2900390625,8188.60986328125,8129.64990234375,8174.02001953125,8174.02001953125,71151800
2016-07-15,8154.0400390625,8159.56005859375,8124.0400390625,8156.259765625,8156.259765625,70523100
2016-07-18,8143.91015625,8181.56005859375,8120.1201171875,8161.60009765625,8161.60009765625,44199300
2016-07-19,8144.52978515625,8155.740234375,8070.990234375,8111.47998046875,8111.47998046875,51225600
2016-07-20,8150.0400390625,8197.4296875,8120.080078125,8197.4296875,8197.4296875,44562600
2016-07-21,8216.669921875,8235.51953125,8171.43994140625,8182.4501953125,8182.4501953125,52357000
2016-07-22,8170.66015625,8199.5498046875,8135.77978515625,8194.73046875,8194.73046875,45688600
2016-07-25,8204.8203125,8235.7197265625,8163.6201171875,8194.41015625,8194.41015625,45227500
2016-07-26,8206.169921875,8240.4599609375,8158.77001953125,8227.2001953125,8227.2001953125,45670400
2016-07-27,8246.48046875,8262.7001953125,8221.0400390625,8221.330078125,8221.330078125,49170000
2016-07-28,8212.8095703125,8254.0302734375,8095.06982421875,8095.06982421875,8095.06982421875,73396800
2016-07-29,8085.4501953125,8146.5498046875,8084.16015625,8127.2001953125,8127.2001953125,57617500
2016-08-02,8122.0400390625,8122.0400390625,8009.22998046875,8011.240234375,8011.240234375,74132100
2016-08-03,8029.06982421875,8032.35009765625,7973.47998046875,8010.10009765625,8010.10009765625,48660700
2016-08-04,8034.58984375,8087.08984375,8013.60009765625,8081.14013671875,8081.14013671875,44289100
2016-08-05,8104.830078125,8203.419921875,8095.31005859375,8194.33984375,8194.33984375,47262400
2016-08-08,8214.26953125,8229.73046875,8159.22998046875,8168.83984375,8168.83984375,40006800
2016-08-09,8169.31005859375,8236.4599609375,8158.490234375,8229.419921875,8229.419921875,35904700
2016-08-10,8201.8095703125,8253.9599609375,8198.830078125,8208.900390625,8208.900390625,41427000
2016-08-11,8243.9404296875,8296.1396484375,8214.98046875,8296.1396484375,8296.1396484375,42231100
2016-08-12,8288.73046875,8305.1103515625,8274.4599609375,8295.0400390625,8295.0400390625,34063300
2016-08-15,8288.25,8317.83984375,8283.1103515625,8305.2802734375,8305.2802734375,26987600
2016-08-16,8266.099609375,8275.330078125,8215.4501953125,8215.4501953125,8215.4501953125,42679500
2016-08-17,8228.16015625,8233.669921875,8141.02001953125,8153.7998046875,8153.7998046875,35354700
2016-08-18,8158.25,8194.0302734375,8155.22998046875,8189.72998046875,8189.72998046875,41415300
2016-08-19,8193.8095703125,8194.5703125,8099.56982421875,8127.27978515625,8127.27978515625,44628100
2016-08-22,8166.2900390625,8204.400390625,8121.7099609375,8157.85009765625,8157.85009765625,40124600
2016-08-23,8172.31982421875,8222.6796875,8171.3701171875,8201.6103515625,8201.6103515625,36607700
2016-08-24,8171.9599609375,8222.849609375,8161.240234375,8199.830078125,8199.830078125,45598700
2016-08-25,8148.740234375,8152.58984375,8098.89990234375,8141.27978515625,8141.27978515625,41964700
2016-08-26,8118.06982421875,8173.18994140625,8105.81005859375,8168.31982421875,8168.31982421875,36857200
2016-08-29,8154.41015625,8186.02978515625,8125.41015625,8184.08984375,8184.08984375,27223900
2016-08-30,8194.7802734375,8248,8188.52001953125,8236.009765625,8236.009765625,42421500
2016-08-31,8228.33984375,8253.1103515625,8180.93994140625,8202.1298828125,8202.1298828125,57855200
2016-09-01,8219.919921875,8241.0595703125,8124.02001953125,8142.64013671875,8142.64013671875,58126800
2016-09-02,8178.419921875,8294.2998046875,8165.89013671875,8294.2998046875,8294.2998046875,54874200
2016-09-05,8283.3701171875,8324.0703125,8283.3701171875,8310.3701171875,8310.3701171875,33877100
2016-09-06,8323.240234375,8333.7099609375,8293.4599609375,8304.33984375,8304.33984375,42640900
2016-09-07,8299.009765625,8326.9501953125,8256.58984375,8320.990234375,8320.990234375,52701500
2016-09-08,8319.919921875,8351.33984375,8274.7099609375,8315.2001953125,8315.2001953125,53094100
2016-09-09,8306.0400390625,8322.3896484375,8250.0498046875,8264.1298828125,8264.1298828125,59636500
2016-09-12,8168.919921875,8210.75,8138.47021484375,8206.2001953125,8206.2001953125,51177300
2016-09-13,8244.4501953125,8249.6796875,8174.72998046875,8174.72998046875,8174.72998046875,50206700
2016-09-14,8207.7001953125,8211.3203125,8152.85986328125,8162.64990234375,8162.64990234375,59127400
2016-09-15,8144.31982421875,8184.83984375,8135.22021484375,8184.83984375,8184.83984375,49522400
2016-09-16,8174.85009765625,8189.2001953125,8114.759765625,8130.43994140625,8130.43994140625,136679700
2016-09-19,8185.06005859375,8207.080078125,8172.10009765625,8195.7099609375,8195.7099609375,40887500
2016-09-20,8172.60986328125,8274.7099609375,8168.10986328125,8237.5400390625,8237.5400390625,49406100
2016-09-21,8277.349609375,8288.6103515625,8217.830078125,8226.4697265625,8226.4697265625,46244700
2016-09-22,8253.990234375,8326.4404296875,8250.1904296875,8307.6298828125,8307.6298828125,49280200
2016-09-23,8290.669921875,8297.419921875,8236.9697265625,8272.8896484375,8272.8896484375,43715400
2016-09-26,8224.7900390625,8226.58984375,8158.72998046875,8165.0498046875,8165.0498046875,53582800
2016-09-27,8203.3603515625,8207.41015625,8120.43994140625,8175.419921875,8175.419921875,63752500
2016-09-28,8220.1796875,8269.9599609375,8205.7001953125,8220.0703125,8220.0703125,44918200
2016-09-29,8279.8798828125,8281.830078125,8148.06982421875,8164.2001953125,8164.2001953125,46534300
2016-09-30,8073.22998046875,8142.31982421875,8020.35986328125,8139.009765625,8139.009765625,85582400
2016-10-03,8158.740234375,8185.8798828125,8145.93994140625,8166.31982421875,8166.31982421875,36661100
2016-10-04,8164.64990234375,8230.73046875,8163.60986328125,8230.73046875,8230.73046875,55781400
2016-10-05,8193.4697265625,8220.8095703125,8160.8798828125,8195.23046875,8195.23046875,50491400
2016-10-06,8207.919921875,8221.080078125,8148.52978515625,8170.43994140625,8170.43994140625,43007800
2016-10-07,8157.43994140625,8181.2001953125,8108.8798828125,8124.58984375,8124.58984375,49150400
2016-10-10,8120.81982421875,8182.080078125,8058.6298828125,8172.22021484375,8172.22021484375,45158200
2016-10-11,8152.330078125,8187.330078125,8135.14990234375,8135.14990234375,8135.14990234375,45318100
2016-10-12,8122.75,8127.77978515625,8068.56005859375,8068.56005859375,8068.56005859375,38908600
2016-10-13,8022.91015625,8027.08984375,7950,7999.93017578125,7999.93017578125,55136400
2016-10-14,8029.27001953125,8130.22021484375,8028.2099609375,8089.91015625,8089.91015625,50466600
2016-10-17,8065.60986328125,8078.56982421875,8000.9599609375,8000.9599609375,8000.9599609375,42391800
2016-10-18,8037.93994140625,8079.66015625,8026.330078125,8074.68994140625,8074.68994140625,46208800
2016-10-19,8088.7900390625,8109.1298828125,8056.31005859375,8093.77978515625,8093.77978515625,54672400
2016-10-20,8063.85009765625,8103.77001953125,8016.93994140625,8069.27001953125,8069.27001953125,54966600
2016-10-21,8078.91015625,8082.22021484375,8018.259765625,8034.85986328125,8034.85986328125,46850900
2016-10-24,8064.490234375,8079.9599609375,7987.2099609375,7991.8798828125,7991.8798828125,49977900
2016-10-25,7996.58984375,8010.31005859375,7929.8701171875,7929.8701171875,7929.8701171875,51003700
2016-10-26,7918.89013671875,7925.58984375,7862.419921875,7892.77001953125,7892.77001953125,49676900
2016-10-27,7850.89013671875,7929.56005859375,7833.4599609375,7924.39013671875,7924.39013671875,69383600
2016-10-28,7870.990234375,7931.25,7844.85009765625,7908.56982421875,7908.56982421875,63133200
2016-10-31,7864.85986328125,7874.669921875,7827.740234375,7827.740234375,7827.740234375,54591500
2016-11-01,7864.669921875,7870.06005859375,7761.33984375,7761.33984375,7761.33984375,56577500
2016-11-02,7728.7900390625,7763.75,7699.89990234375,7700.41015625,7700.41015625,63837200
2016-11-03,7671.85009765625,7699.08984375,7640.93994140625,7640.93994140625,7640.93994140625,81947000
2016-11-04,7618.169921875,7626.72998046875,7585.56005859375,7593.2001953125,7593.2001953125,81530300
2016-11-07,7688.16015625,7739.66015625,7682.43994140625,7735.22021484375,7735.22021484375,64136000
2016-11-08,7731.02001953125,7764.7099609375,7709.39990234375,7744.02978515625,7744.02978515625,49115500
2016-11-09,7701.39013671875,7907.75,7699.14013671875,7897.83984375,7897.83984375,111995500
2016-11-10,7958.7001953125,8004.169921875,7864.58984375,7928.77001953125,7928.77001953125,163593300
2016-11-11,7967.77978515625,7976.39013671875,7853.509765625,7880.2900390625,7880.2900390625,91526800
2016-11-14,7949.5,7976.169921875,7849.35986328125,7900.56982421875,7900.56982421875,105103700
2016-11-15,7920.080078125,7930.97021484375,7853.27978515625,7909.2001953125,7909.2001953125,72404800
2016-11-16,7933.3798828125,7940.56005859375,7887.14990234375,7914.02001953125,7914.02001953125,61760700
2016-11-17,7916.419921875,7965.27001953125,7897.39990234375,7964.68017578125,7964.68017578125,56279400
2016-11-18,7974.56005859375,7981.009765625,7904.5498046875,7904.5498046875,7904.5498046875,63946500
2016-11-21,7897.47998046875,7898.35009765625,7843.81982421875,7849.85986328125,7849.85986328125,46320700
2016-11-22,7873.990234375,7881.240234375,7741.81982421875,7741.81982421875,7741.81982421875,50413900
2016-11-23,7761.27978515625,7784.919921875,7702.39013671875,7752.240234375,7752.240234375,51850900
2016-11-24,7785.080078125,7809.27001953125,7752.1298828125,7798.5,7798.5,35611400
2016-11-25,7834.6201171875,7897.4501953125,7824.68994140625,7881.52978515625,7881.52978515625,48836600
2016-11-28,7883.81982421875,7883.81982421875,7815.68017578125,7823.22998046875,7823.22998046875,42728600
2016-11-29,7786.6201171875,7853.240234375,7777.91015625,7845.009765625,7845.009765625,48032700
2016-11-30,7832.7998046875,7900.6201171875,7824.759765625,7875.18994140625,7875.18994140625,81118800
2016-12-01,7849.85009765625,7851.7900390625,7758.58984375,7779.10986328125,7779.10986328125,69971200
2016-12-02,7732.2099609375,7792.22021484375,7695.6298828125,7784.009765625,7784.009765625,51826300
2016-12-05,7788.14990234375,7895.97021484375,7786.0498046875,7845.68017578125,7845.68017578125,58322100
2016-12-06,7836.43017578125,7912.39013671875,7834.5498046875,7912.39013671875,7912.39013671875,63565500
2016-12-07,7952.64013671875,7973.97021484375,7906.759765625,7930.25,7930.25,97144800
2016-12-08,7944.81982421875,7956.1201171875,7905.6298828125,7953.68017578125,7953.68017578125,81822700
2016-12-09,7984.2099609375,8123.75,7967.91015625,8099.6298828125,8099.6298828125,66989100
2016-12-12,8096.60009765625,8104.7900390625,8034.02001953125,8040.08984375,8040.08984375,56641400
2016-12-13,8016.6298828125,8170.7900390625,8015.97021484375,8162.52978515625,8162.52978515625,63357300
2016-12-14,8152.60009765625,8154.91015625,8108.47998046875,8140.41015625,8140.41015625,66584700
2016-12-15,8131.2900390625,8215.8095703125,8127.5,8214.2998046875,8214.2998046875,83041100
2016-12-16,8245.7998046875,8245.7998046875,8198.3798828125,8227.7197265625,8227.7197265625,105681300
2016-12-19,8211.1103515625,8242.6298828125,8194.41015625,8234.490234375,8234.490234375,42493100
2016-12-20,8230.16015625,8279.990234375,8221.4501953125,8243,8243,48475900
2016-12-21,8225.51953125,8262.48046875,8206.3095703125,8233.4501953125,8233.4501953125,41822300
2016-12-22,8231.1904296875,8256.51953125,8208.9599609375,8237.98046875,8237.98046875,36190200
2016-12-23,8235.5,8260.83984375,8209.7001953125,8232.6396484375,8232.6396484375,29565600
2016-12-27,8253.26953125,8279.76953125,8246.4501953125,8259.4501953125,8259.4501953125,15776900
2016-12-28,8260.0302734375,8276.1904296875,8239.740234375,8256.6103515625,8256.6103515625,25410700
2016-12-29,8222.349609375,8272.3095703125,8222.349609375,8251.1298828125,8251.1298828125,27290500
2016-12-30,8240.259765625,8256.919921875,8199.73046875,8219.8701171875,8219.8701171875,29977200
2017-01-03,8302.8603515625,8335.8603515625,8283.599609375,8316.1796875,8316.1796875,62461200
2017-01-04,8347.8701171875,8358.2998046875,8309.0703125,8354.8095703125,8354.8095703125,67007100
2017-01-05,8330.9697265625,8392.490234375,8328.91015625,8392.490234375,8392.490234375,52553700
2017-01-06,8389.0703125,8417.4599609375,8373,8417.4599609375,8417.4599609375,40413100
2017-01-09,8430.740234375,8434.6298828125,8390.0302734375,8424.8603515625,8424.8603515625,37763500
2017-01-10,8437,8449.5703125,8388.580078125,8449.1904296875,8449.1904296875,50516100
2017-01-11,8448.5302734375,8473.8603515625,8425.23046875,8427.150390625,8427.150390625,58900100
2017-01-12,8407.7802734375,8410.900390625,8353.66015625,8375.01953125,8375.01953125,63594000
2017-01-13,8425.1904296875,8452.7802734375,8400.259765625,8452.1904296875,8452.1904296875,59483900
2017-01-16,8415.73046875,8436.650390625,8362.2998046875,8362.599609375,8362.599609375,45955600
2017-01-17,8345.26953125,8350.1796875,8295.2802734375,8304.099609375,8304.099609375,54031600
2017-01-18,8327.23046875,8333.16015625,8277.5,8312.419921875,8312.419921875,67054400
2017-01-19,8321.76953125,8326.6103515625,8256.740234375,8273.080078125,8273.080078125,54619200
2017-01-20,8268.23046875,8289.3095703125,8246.900390625,8275.1298828125,8275.1298828125,78557200
2017-01-23,8229.91015625,8243.5,8192.580078125,8229.009765625,8229.009765625,48534800
2017-01-24,8250.1796875,8274.4404296875,8232.509765625,8246.66015625,8246.66015625,48307800
2017-01-25,8263.25,8387.5498046875,8261.400390625,8387.5498046875,8387.5498046875,71801400
2017-01-26,8429.599609375,8475.150390625,8405.48046875,8405.48046875,8405.48046875,74672900
2017-01-27,8412.3203125,8422.25,8345.900390625,8379.5703125,8379.5703125,73974500
2017-01-30,8383.1201171875,8383.3203125,8305.1904296875,8320.830078125,8320.830078125,56580600
2017-01-31,8310.6904296875,8350.9404296875,8279.2197265625,8291.6904296875,8291.6904296875,69670900
2017-02-01,8345.5400390625,8384.2998046875,8319.4697265625,8329.169921875,8329.169921875,67536100
2017-02-02,8297.080078125,8316.3095703125,8264.8095703125,8276.7001953125,8276.7001953125,63145200
2017-02-03,8298.8896484375,8368.7197265625,8297.7900390625,8350.83984375,8350.83984375,53925000
2017-02-06,8354.33984375,8382.16015625,8318.759765625,8330.9296875,8330.9296875,47839000
2017-02-07,8333.400390625,8402.919921875,8330.7998046875,8370.1396484375,8370.1396484375,59190000
2017-02-08,8383.1904296875,8401.5400390625,8331.48046875,8378.73046875,8378.73046875,78877900
2017-02-09,8400.150390625,8438.8798828125,8395.330078125,8437.5400390625,8437.5400390625,54819000
2017-02-10,8442.4296875,8456.2197265625,8409.2001953125,8456.2197265625,8456.2197265625,53220500
2017-02-13,8448.75,8490.1396484375,8442.8203125,8462.8798828125,8462.8798828125,41313100
2017-02-14,8459.099609375,8461.509765625,8420.25,8426.150390625,8426.150390625,52930200
2017-02-15,8458.0400390625,8488.9697265625,8449.2099609375,8486.26953125,8486.26953125,53412300
2017-02-16,8460.759765625,8481.98046875,8437.740234375,8467.51953125,8467.51953125,58371700
2017-02-17,8461.599609375,8506.490234375,8433.3701171875,8506.490234375,8506.490234375,88201100
2017-02-20,8530.6103515625,8536.150390625,8502.1201171875,8514.51953125,8514.51953125,37041600
2017-02-21,8498.5595703125,8585.259765625,8498.3701171875,8567.1796875,8567.1796875,46592700
2017-02-22,8567.3603515625,8598.650390625,8545.490234375,8585.849609375,8585.849609375,56959300
2017-02-23,8567.08984375,8587.3203125,8561.4697265625,8569.3603515625,8569.3603515625,48285200
2017-02-24,8557.25,8562.8603515625,8470.169921875,8525.6201171875,8525.6201171875,62338900
2017-02-27,8542.3798828125,8548.9501953125,8498.5498046875,8520.5595703125,8520.5595703125,43870000
2017-02-28,8533.1103515625,8545.8095703125,8508.759765625,8545.8095703125,8545.8095703125,50395000
2017-03-01,8572.0703125,8636.3095703125,8571.5302734375,8634.7001953125,8634.7001953125,73730200
2017-03-02,8661.5,8675.9697265625,8631.75,8661.6298828125,8661.6298828125,65901800
2017-03-03,8637.7802734375,8670.0595703125,8620.3896484375,8670.0595703125,8670.0595703125,62873000
2017-03-06,8634.4404296875,8664.9404296875,8626.73046875,8664.7998046875,8664.7998046875,53607700
2017-03-07,8655.669921875,8665.7900390625,8617.7802734375,8623.9697265625,8623.9697265625,58327100
2017-03-08,8617.2900390625,8643.73046875,8595.7001953125,8626.650390625,8626.650390625,58529800
2017-03-09,8608.009765625,8641.009765625,8585.400390625,8639.7001953125,8639.7001953125,61691400
2017-03-10,8648.0302734375,8672.009765625,8638.01953125,8669.9697265625,8669.9697265625,54230900
2017-03-13,8676.080078125,8702.6201171875,8656.3701171875,8683.0498046875,8683.0498046875,45736200
2017-03-14,8682.1796875,8687.669921875,8654.240234375,8663.5400390625,8663.5400390625,48965600
2017-03-15,8676.6103515625,8689.58984375,8661.4501953125,8688.8603515625,8688.8603515625,59527500
2017-03-16,8667.51953125,8671.98046875,8641.9697265625,8667.48046875,8667.48046875,66633300
2017-03-17,8670.9599609375,8698.8203125,8659.1396484375,8698.5302734375,8698.5302734375,137172700
2017-03-20,8679.259765625,8698.8603515625,8677.2802734375,8695.0400390625,8695.0400390625,44545500
2017-03-21,8697.599609375,8704.1103515625,8613.01953125,8614.8603515625,8614.8603515625,59907000
2017-03-22,8559.5703125,8579.349609375,8522.7900390625,8567.8798828125,8567.8798828125,80179100
2017-03-23,8573.73046875,8628.6396484375,8556.2099609375,8628.6396484375,8628.6396484375,66745900
2017-03-24,8618.2001953125,8636.419921875,8593.7197265625,8613.6396484375,8613.6396484375,52212400
2017-03-27,8546.33984375,8594.5400390625,8519.259765625,8594.5400390625,8594.5400390625,53427100
2017-03-28,8610.1904296875,8629.240234375,8568.1796875,8597.01953125,8597.01953125,51996900
2017-03-29,8635.7998046875,8673.080078125,8601.5400390625,8661.5302734375,8661.5302734375,50190000
2017-03-30,8676.1796875,8710.259765625,8661.599609375,8704.3896484375,8704.3896484375,44961600
2017-03-31,8647.23046875,8673.83984375,8642.349609375,8658.8896484375,8658.8896484375,53251200
2017-04-03,8669.5,8698.0498046875,8632.9697265625,8633.8603515625,8633.8603515625,49752600
2017-04-04,8631.8896484375,8657.7900390625,8610.0595703125,8646.990234375,8646.990234375,50554900
2017-04-05,8636.3095703125,8670.16015625,8625.419921875,8640.509765625,8640.509765625,59290700
2017-04-06,8601.8896484375,8651.4697265625,8579,8638.3701171875,8638.3701171875,49720700
2017-04-07,8607.8701171875,8646.4697265625,8590.580078125,8640.91015625,8640.91015625,47801100
2017-04-10,8627.98046875,8631.0595703125,8581.51953125,8616.6796875,8616.6796875,47438500
2017-04-11,8580.8203125,8648.83984375,8578.7998046875,8641.5498046875,8641.5498046875,48682200
2017-04-12,8654.9599609375,8691.58984375,8640.3095703125,8663.76953125,8663.76953125,47620800
2017-04-13,8639.58984375,8646.2802734375,8615.6201171875,8629.01953125,8629.01953125,49887300
2017-04-18,8635.4697265625,8643.150390625,8524.1904296875,8529.2802734375,8529.2802734375,61386000
2017-04-19,8522.26953125,8533.419921875,8491.6103515625,8532.26953125,8532.26953125,50769800
2017-04-20,8518.580078125,8574.599609375,8515.8798828125,8557.8701171875,8557.8701171875,51438900
2017-04-21,8559.5498046875,8573.490234375,8537.8701171875,8553.990234375,8553.990234375,59065200
2017-04-24,8659.08984375,8713.16015625,8652.58984375,8711.3203125,8711.3203125,80746900
2017-04-25,8718.23046875,8787.3701171875,8716.3701171875,8775.240234375,8775.240234375,64652300
2017-04-26,8773.1396484375,8837.33984375,8769.0400390625,8830.2900390625,8830.2900390625,66140700
2017-04-27,8789.490234375,8853.9599609375,8789.490234375,8844.7802734375,8844.7802734375,59337600
2017-04-28,8835.9697265625,8837.169921875,8793.1201171875,8812.669921875,8812.669921875,68593600
2017-05-02,8834.2802734375,8868.5595703125,8830.7900390625,8868.5595703125,8868.5595703125,68910000
2017-05-03,8863.150390625,8899.4501953125,8853.7900390625,8891.8896484375,8891.8896484375,53564300
2017-05-04,8912.900390625,8980.01953125,8911.7197265625,8980.01953125,8980.01953125,55202500
2017-05-05,8941.8203125,9016.9599609375,8936.0595703125,9016.66015625,9016.66015625,62053400
2017-05-08,9002.259765625,9043.8203125,8988.6103515625,9039.6103515625,9039.6103515625,63041200
2017-05-09,9037.849609375,9121.099609375,9037.849609375,9113.830078125,9113.830078125,59481200
2017-05-10,9062.3798828125,9090.6904296875,9041.349609375,9089.7998046875,9089.7998046875,44940600
2017-05-11,9090.919921875,9117.8203125,9061.16015625,9064.8798828125,9064.8798828125,54411500
2017-05-12,9061.1904296875,9123.41015625,9058.099609375,9123.41015625,9123.41015625,75687000
2017-05-15,9122.25,9134.3603515625,9079.009765625,9108.25,9108.25,49696400
2017-05-16,9085.4599609375,9136.9501953125,9081.58984375,9127.6103515625,9127.6103515625,74912800
2017-05-17,9066.6396484375,9108.6396484375,8978.7099609375,9001.599609375,9001.599609375,79943600
2017-05-18,8955.1298828125,8968.3798828125,8897.400390625,8938.3701171875,8938.3701171875,86534400
2017-05-19,8964.6201171875,9025.8095703125,8964,9022.509765625,9022.509765625,68848900
2017-05-22,9043.599609375,9094.6796875,9019.3603515625,9084.7802734375,9084.7802734375,60794000
2017-05-23,9065.0498046875,9082.599609375,9038.2099609375,9061.759765625,9061.759765625,62496500
2017-05-24,9041.9501953125,9069.1796875,9027.83984375,9035.08984375,9035.08984375,55139400
2017-05-26,9017.73046875,9059.0498046875,9011.9296875,9042.0302734375,9042.0302734375,66846600
2017-05-29,9017.759765625,9047.6201171875,9001.7900390625,9031.9599609375,9031.9599609375,34733600
2017-05-30,8999.6201171875,9026.400390625,8973.1201171875,9007.5400390625,9007.5400390625,57229100
2017-05-31,9010.580078125,9076.4697265625,9006.8701171875,9016.6396484375,9016.6396484375,87914100
2017-06-01,9008.91015625,9074.6298828125,9008.91015625,9024.919921875,9024.919921875,58253000
2017-06-02,9071.1298828125,9088.91015625,9011.669921875,9043.9599609375,9043.9599609375,67506800
2017-06-06,8956.6396484375,8985.76953125,8902.900390625,8908.26953125,8908.26953125,60585200
2017-06-07,8902.4599609375,8943.2998046875,8876.73046875,8876.73046875,8876.73046875,47229200
2017-06-08,8884.669921875,8890.8701171875,8811.3095703125,8811.6201171875,8811.6201171875,49465800
2017-06-09,8826.8203125,8875.8798828125,8806.91015625,8845.849609375,8845.849609375,45473800
2017-06-12,8812.9296875,8833.3603515625,8791.2099609375,8807.849609375,8807.849609375,60178900
2017-06-13,8835.33984375,8879.25,8824.4697265625,8867.0703125,8867.0703125,53688800
2017-06-14,8877.0595703125,8917.5,8849.400390625,8849.400390625,8849.400390625,61792300
2017-06-15,8854.51953125,8856.8203125,8778.4501953125,8853.009765625,8853.009765625,65405800
2017-06-16,8903.1396484375,8963.2900390625,8902.76953125,8963.2900390625,8963.2900390625,134284800
2017-06-19,9014.33984375,9036.1796875,8972.26953125,9030.2998046875,9030.2998046875,58298700
2017-06-20,9057.9697265625,9066.6201171875,9018.26953125,9023.5498046875,9023.5498046875,52238200
2017-06-21,8993.41015625,8996.5703125,8932.41015625,8985.6103515625,8985.6103515625,53347100
2017-06-22,9025.91015625,9051.26953125,8982.8798828125,9051.26953125,9051.26953125,64731000
2017-06-23,9041.509765625,9047.6396484375,8989.83984375,9032.8896484375,9032.8896484375,40769300
2017-06-26,9125.509765625,9148.6103515625,9099.91015625,9121.2197265625,9121.2197265625,49914300
2017-06-27,9100.4697265625,9112.4296875,9044.150390625,9072.919921875,9072.919921875,53316100
2017-06-28,9069.6201171875,9085.3603515625,9040.330078125,9076.73046875,9076.73046875,73732600
2017-06-29,9101.26953125,9111.7802734375,8943.3603515625,8944.0400390625,8944.0400390625,71511500
2017-06-30,8930.2998046875,8998.48046875,8902.5703125,8906.8896484375,8906.8896484375,56700200
2017-07-03,8944.900390625,9027.419921875,8943.580078125,9009.8095703125,9009.8095703125,50909100
2017-07-04,8979.83984375,9010.5703125,8966.7099609375,8971.400390625,8971.400390625,36471300
2017-07-05,8926.0595703125,8959.3603515625,8908.849609375,8954.099609375,8954.099609375,51137400
2017-07-06,8945.3896484375,8949.1396484375,8835.1201171875,8886.9501953125,8886.9501953125,58620000
2017-07-07,8873.2099609375,8891.4599609375,8850.4404296875,8883.26953125,8883.26953125,50168300
2017-07-10,8928.759765625,8958,8906.4296875,8943.83984375,8943.83984375,44067600
2017-07-11,8943.98046875,8952.150390625,8874.0703125,8874.0703125,8874.0703125,41741000
2017-07-12,8885.580078125,9024.0498046875,8884.7001953125,9015.599609375,9015.599609375,43522000
2017-07-13,9027.4599609375,9050.48046875,8997.3603515625,9003.5703125,9003.5703125,40682000
2017-07-14,9020.3603515625,9046.58984375,8998.900390625,9034.5703125,9034.5703125,38495000
2017-07-17,9041.4296875,9052.6396484375,8998.490234375,9038.650390625,9038.650390625,33687200
2017-07-18,9044.490234375,9086.0595703125,8966.9501953125,8977.98046875,8977.98046875,48078700
2017-07-19,9019.0400390625,9046.41015625,8990.4296875,9024.3203125,9024.3203125,41843800
2017-07-20,9061.0703125,9077.4404296875,8992.1201171875,9027.3701171875,9027.3701171875,54397600
2017-07-21,9031.4599609375,9049.8798828125,8935.5,8938.6796875,8938.6796875,63086200
2017-07-24,8949.9697265625,8950.580078125,8887.0703125,8898.23046875,8898.23046875,55281000
2017-07-25,8920.58984375,8987.150390625,8912.2001953125,8937.900390625,8937.900390625,53810700
2017-07-26,8965.7900390625,9023.150390625,8961.5703125,8990.33984375,8990.33984375,46773400
2017-07-27,8983.0400390625,9061.830078125,8968.8095703125,9017.7900390625,9017.7900390625,49011400
2017-07-28,8990.83984375,9042.349609375,8955.2802734375,9019.3095703125,9019.3095703125,77729000
2017-07-31,9026.8095703125,9101.8095703125,9023.1201171875,9055,9055,55318600
2017-08-02,9088.1396484375,9142.6201171875,9073.2900390625,9122.6796875,9122.6796875,58566600
2017-08-03,9118.759765625,9159.23046875,9092.1904296875,9136.6103515625,9136.6103515625,40062400
2017-08-04,9122.7802734375,9187.0400390625,9110.8603515625,9176.990234375,9176.990234375,47863500
2017-08-07,9187.9404296875,9198.4501953125,9140.91015625,9155.1298828125,9155.1298828125,37327100
2017-08-08,9147.150390625,9189.51953125,9140.23046875,9162.330078125,9162.330078125,35287100
2017-08-09,9084.580078125,9089.599609375,9005.8603515625,9027.150390625,9027.150390625,53935800
2017-08-10,9033.33984375,9045.0595703125,8947.83984375,8949.8603515625,8949.8603515625,44532100
2017-08-11,8905.3798828125,8920.5302734375,8863.3603515625,8884.0400390625,8884.0400390625,46982100
2017-08-14,8941.33984375,9039.8203125,8934.2802734375,9031.26953125,9031.26953125,39531100
2017-08-15,9051.5,9067.1796875,8991.5400390625,9012.51953125,9012.51953125,36048000
2017-08-16,9038.4599609375,9070.2998046875,9035.7802734375,9037.919921875,9037.919921875,32004600
2017-08-17,8958.6904296875,9003.1904296875,8942.7802734375,8945.400390625,8945.400390625,45276500
2017-08-18,8876.6201171875,8885.26953125,8850.1904296875,8874.349609375,8874.349609375,45686300
2017-08-21,8866.2001953125,8934.73046875,8856.6103515625,8883.7802734375,8883.7802734375,37805900
2017-08-22,8944.4296875,8972.91015625,8918.8603515625,8963.830078125,8963.830078125,36537400
2017-08-23,8954.8798828125,8964.25,8916.8896484375,8958.490234375,8958.490234375,38234600
2017-08-24,8968.76953125,8980.76953125,8933.33984375,8943.0400390625,8943.0400390625,37786200
2017-08-25,8935.2197265625,8961.98046875,8904.8798828125,8906.1796875,8906.1796875,35528100
2017-08-28,8875.490234375,8894.3203125,8856.66015625,8864.23046875,8864.23046875,26372500
2017-08-29,8802.83984375,8832.73046875,8752.2099609375,8814.5400390625,8814.5400390625,55877100
2017-08-30,8872.9501953125,8876.7197265625,8827.4296875,8851.259765625,8851.259765625,43623700
2017-08-31,8890.9296875,8940.5595703125,8867.4697265625,8925.4501953125,8925.4501953125,57876500
2017-09-01,8944.650390625,8949.2802734375,8917.240234375,8941.6201171875,8941.6201171875,0
2017-09-04,8874.8603515625,8901.0595703125,8856.759765625,8864.4599609375,8864.4599609375,32499800
2017-09-05,8861.150390625,8929.5703125,8858.4296875,8869.5595703125,8869.5595703125,45096600
2017-09-06,8809.650390625,8874.25,8797.080078125,8859.4697265625,8859.4697265625,52207700
2017-09-07,8875.650390625,8921.26953125,8834.3603515625,8906.66015625,8906.66015625,51215900
2017-09-08,8886.650390625,8923.1796875,8877.7001953125,8912.0498046875,8912.0498046875,39714700
2017-09-11,8925.5302734375,8984.3798828125,8925.490234375,8982.23046875,8982.23046875,52436600
2017-09-12,9021.3095703125,9053.9501953125,9007.4404296875,9053.6201171875,9053.6201171875,58120800
2017-09-13,9044.2099609375,9075.66015625,9023.5498046875,9053.830078125,9053.830078125,50895700
2017-09-14,9039.0302734375,9071.4296875,9033.41015625,9071.4296875,9071.4296875,50365000
2017-09-15,9049.48046875,9057.599609375,9001.8798828125,9028.0498046875,9028.0498046875,121655800
2017-09-18,9062.7001953125,9071.33984375,9037.349609375,9048.1103515625,9048.1103515625,35279300
2017-09-19,9043.16015625,9096.8603515625,9031.98046875,9093.2001953125,9093.2001953125,43540600
2017-09-20,9072.4697265625,9116.919921875,9072.4697265625,9095.650390625,9095.650390625,39616500
2017-09-21,9111.5498046875,9144.1201171875,9110.26953125,9134.1298828125,9134.1298828125,54968200
2017-09-22,9142.58984375,9156.41015625,9125.8095703125,9136.7197265625,9136.7197265625,38395100
2017-09-25,9124.150390625,9167.349609375,9114.0302734375,9140.4697265625,9140.4697265625,42318200
2017-09-26,9122.509765625,9156.01953125,9096.83984375,9113.650390625,9113.650390625,42035000
2017-09-27,9118.849609375,9144.7802734375,9096.919921875,9098.580078125,9098.580078125,49954000
2017-09-28,9089.3203125,9123.48046875,9075.8896484375,9112.16015625,9112.16015625,44377600
2017-09-29,9107.169921875,9157.4599609375,9097.33984375,9157.4599609375,9157.4599609375,42584800
2017-10-02,9177.0302734375,9242.150390625,9174.650390625,9242.150390625,9242.150390625,49355200
2017-10-03,9256.3095703125,9284.08984375,9244.51953125,9283.740234375,9283.740234375,40094700
2017-10-04,9275.3603515625,9284.7900390625,9251.490234375,9283.9697265625,9283.9697265625,46817200
2017-10-05,9270.7998046875,9277.8203125,9248.7001953125,9262.66015625,9262.66015625,42638900
2017-10-06,9273.33984375,9289.1298828125,9239.3701171875,9252.1201171875,9252.1201171875,50523100
2017-10-09,9251.8095703125,9272.26953125,9241.3203125,9259.33984375,9259.33984375,34237200
2017-10-10,9259.1904296875,9282.400390625,9247.8095703125,9267.169921875,9267.169921875,35953000
2017-10-11,9275.2099609375,9287.7998046875,9258.3203125,9265.33984375,9265.33984375,32612800
2017-10-12,9282.4501953125,9301.900390625,9257.01953125,9297.33984375,9297.33984375,41532500
2017-10-13,9304.2900390625,9312.9599609375,9280.0302734375,9311.6904296875,9311.6904296875,41437400
2017-10-16,9299.73046875,9310.0498046875,9271.1396484375,9274.58984375,9274.58984375,34235500
2017-10-17,9291.0595703125,9307.6904296875,9249.8203125,9269.8603515625,9269.8603515625,46498300
2017-10-18,9258.650390625,9318.0400390625,9256.51953125,9309.6103515625,9309.6103515625,40386800
2017-10-19,9285.3095703125,9300.2900390625,9222.5400390625,9233.51953125,9233.51953125,45467500
2017-10-20,9272.41015625,9279.080078125,9213.759765625,9237.1298828125,9237.1298828125,56045800
2017-10-23,9239.23046875,9277,9229.4599609375,9248.490234375,9248.490234375,38277400
2017-10-24,9243.0703125,9244.7099609375,9185.7197265625,9194.83984375,9194.83984375,50031800
2017-10-25,9191.73046875,9202.580078125,9062.6396484375,9084.0400390625,9084.0400390625,51599900
2017-10-26,9071.8798828125,9200.080078125,9071.8798828125,9200.080078125,9200.080078125,59999900
2017-10-27,9200.1103515625,9254.3603515625,9168.240234375,9183.419921875,9183.419921875,64477900
2017-10-30,9147.1298828125,9203.9404296875,9130.330078125,9175.5,9175.5,40619100
2017-10-31,9178.0703125,9253.2998046875,9165.1201171875,9242.1796875,9242.1796875,54514400
2017-11-01,9268.900390625,9299.240234375,9256.330078125,9267.8203125,9267.8203125,55705500
2017-11-02,9265.400390625,9285.9404296875,9226.23046875,9279.650390625,9279.650390625,58352100
2017-11-03,9276.8701171875,9322.0498046875,9267.9697265625,9322.0498046875,9322.0498046875,41565800
2017-11-06,9305.48046875,9327.740234375,9288.7802734375,9288.7802734375,9288.7802734375,35971300
2017-11-07,9298.48046875,9302.400390625,9212.5498046875,9220.16015625,9220.16015625,40247400
2017-11-08,9233.599609375,9265.830078125,9201.5595703125,9265.830078125,9265.830078125,43150300
2017-11-09,9261.259765625,9283.419921875,9155.650390625,9177.8203125,9177.8203125,50293900
2017-11-10,9176.509765625,9190.3896484375,9123.599609375,9134.16015625,9134.16015625,45878700
2017-11-13,9174.7001953125,9192.5595703125,9105.9296875,9162.740234375,9162.740234375,46525600
2017-11-14,9160.349609375,9194.4501953125,9101.33984375,9130.48046875,9130.48046875,41534200
2017-11-15,9095.6396484375,9107.349609375,9045.7998046875,9089.5498046875,9089.5498046875,50921400
2017-11-16,9092.3203125,9165.3203125,9090.51953125,9146.8203125,9146.8203125,41523000
2017-11-17,9137.76953125,9183.6103515625,9119.8203125,9183.6103515625,9183.6103515625,52391300
2017-11-20,9253.580078125,9317.2802734375,9232.4501953125,9299.6103515625,9299.6103515625,49489800
2017-11-21,9280.830078125,9350.7197265625,9261.0498046875,9324.5302734375,9324.5302734375,54384600
2017-11-22,9323.23046875,9361.3603515625,9291.83984375,9291.83984375,9291.83984375,42192000
2017-11-23,9264.3701171875,9328.8896484375,9249.8701171875,9315.5595703125,9315.5595703125,28983000
2017-11-24,9324.01953125,9350.41015625,9299.5703125,9325.599609375,9325.599609375,34099400
2017-11-27,9305.330078125,9341.0400390625,9264.3896484375,9264.3896484375,9264.3896484375,43897800
2017-11-28,9279.5400390625,9327.75,9277.3603515625,9320.4404296875,9320.4404296875,43765700
2017-11-29,9347.5400390625,9363.51953125,9302.3798828125,9304.419921875,9304.419921875,56382700
2017-11-30,9304.0498046875,9370.009765625,9287.919921875,9318.76953125,9318.76953125,92012600
2017-12-01,9314.900390625,9365.5498046875,9272.1201171875,9274.5498046875,9274.5498046875,63988700
2017-12-04,9330.150390625,9384.009765625,9313.98046875,9328.6298828125,9328.6298828125,54935500
2017-12-05,9316.0595703125,9350.2802734375,9282.740234375,9288.919921875,9288.919921875,52101300
2017-12-06,9228.0400390625,9320.76953125,9214.3701171875,9309.990234375,9309.990234375,43926600
2017-12-07,9325.1201171875,9342.669921875,9261.3798828125,9270.5703125,9270.5703125,44935800
2017-12-08,9303.490234375,9330.5703125,9284.51953125,9319.16015625,9319.16015625,67089600
2017-12-11,9336.7998046875,9343.240234375,9306.6103515625,9314.759765625,9314.759765625,48161000
2017-12-12,9319.6796875,9361.41015625,9286.58984375,9361.41015625,9361.41015625,41186900
2017-12-13,9331.330078125,9406.2802734375,9323.580078125,9394.5498046875,9394.5498046875,50745100
2017-12-14,9366.2998046875,9416.16015625,9350.6201171875,9383.01953125,9383.01953125,52327000
2017-12-15,9392.240234375,9416.3701171875,9364.1904296875,9394.7099609375,9394.7099609375,140252800
2017-12-18,9432.7802734375,9460.150390625,9418.6201171875,9452.3203125,9452.3203125,48007900
2017-12-19,9452.7197265625,9468.83984375,9399.169921875,9399.169921875,9399.169921875,42227500
2017-12-20,9392.419921875,9407.5595703125,9314.830078125,9314.830078125,9314.830078125,44460000
2017-12-21,9304.25,9433.4599609375,9288.0703125,9424.669921875,9424.669921875,48531400
2017-12-22,9409.6103515625,9439.1103515625,9388.0400390625,9394.490234375,9394.490234375,26418000
2017-12-27,9386.2001953125,9446.400390625,9386.2001953125,9430.4404296875,9430.4404296875,27273400
2017-12-28,9431.6904296875,9436.5498046875,9401.3798828125,9405.7998046875,9405.7998046875,20615100
2017-12-29,9377.0595703125,9398.26953125,9358.1298828125,9381.8701171875,9381.8701171875,24364600
2018-01-03,9436.9599609375,9487.7802734375,9394.4697265625,9478.919921875,9478.919921875,57991300
2018-01-04,9497.240234375,9523.9599609375,9467.8603515625,9509.2802734375,9509.2802734375,50323100
2018-01-05,9543.1298828125,9558.400390625,9527.0498046875,9556.98046875,9556.98046875,53403900
2018-01-08,9576.7998046875,9584.51953125,9538.3701171875,9541.73046875,9541.73046875,43300900
2018-01-09,9557.3701171875,9611.6103515625,9554.48046875,9611.6103515625,9611.6103515625,46766700
2018-01-10,9588.48046875,9595.7802734375,9506.26953125,9524.9599609375,9524.9599609375,50878700
2018-01-11,9535.8095703125,9554.919921875,9475.169921875,9503.849609375,9503.849609375,53573800
2018-01-12,9521.7197265625,9561.58984375,9508.990234375,9546.6103515625,9546.6103515625,48371700
2018-01-15,9534.66015625,9551.0703125,9511.7099609375,9537.2802734375,9537.2802734375,30978100
2018-01-16,9533.669921875,9567.240234375,9464.0498046875,9464.0498046875,9464.0498046875,48392300
2018-01-17,9427.599609375,9470.5302734375,9422.0498046875,9440.009765625,9440.009765625,53731200
2018-01-18,9486.8203125,9494.5400390625,9432.490234375,9452.349609375,9452.349609375,49958100
2018-01-19,9452.8203125,9511.4404296875,9447.509765625,9509.76953125,9509.76953125,67481200
2018-01-22,9500.349609375,9529.1298828125,9475.0595703125,9529.1298828125,9529.1298828125,53184600
2018-01-23,9543.990234375,9594.3603515625,9529.1103515625,9551.580078125,9551.580078125,56023000
2018-01-24,9569.73046875,9616.3798828125,9547.5703125,9547.5703125,9547.5703125,49543500
2018-01-25,9517.919921875,9567.6904296875,9474.240234375,9482.9599609375,9482.9599609375,61610300
2018-01-26,9500.0498046875,9553.8896484375,9496.66015625,9515.5595703125,9515.5595703125,43978800
2018-01-29,9517.23046875,9528.3203125,9451.91015625,9457.26953125,9457.26953125,41153500
2018-01-30,9443.8095703125,9499.599609375,9390.16015625,9433.33984375,9433.33984375,47505900
2018-01-31,9415.0400390625,9450.2802734375,9335.400390625,9335.400390625,9335.400390625,64813900
2018-02-01,9386.009765625,9424.5498046875,9288.0498046875,9290.919921875,9290.919921875,51810600
2018-02-02,9269.4697265625,9272.5,9220.6904296875,9220.6904296875,9220.6904296875,47288600
2018-02-05,9122.330078125,9147.8798828125,9085.3896484375,9100.3896484375,9100.3896484375,63209600
2018-02-06,8771.900390625,8982.400390625,8732.580078125,8836.7099609375,8836.7099609375,111261200
2018-02-07,8892.3896484375,9006.8798828125,8867.3203125,8975.009765625,8975.009765625,75426200
2018-02-08,8961.83984375,8993.01953125,8763.1103515625,8763.1103515625,8763.1103515625,76033100
2018-02-09,8794.4404296875,8811,8664.0302734375,8682,8682,86205900
2018-02-12,8796.5302734375,8856.8798828125,8780.740234375,8822.1796875,8822.1796875,59102400
2018-02-13,8818.2802734375,8845.330078125,8752.6396484375,8752.6396484375,8752.6396484375,51802500
2018-02-14,8814.580078125,8901.1201171875,8748.3603515625,8899.099609375,8899.099609375,76543500
2018-02-15,8898.9599609375,8939.849609375,8887.41015625,8917.7998046875,8917.7998046875,64089700
2018-02-16,8961.3701171875,8989.51953125,8940.849609375,8986.7197265625,8986.7197265625,57522200
2018-02-19,8979.419921875,8982.6103515625,8897.830078125,8908.650390625,8908.650390625,32304800
2018-02-20,8932.16015625,8981.3896484375,8898.48046875,8981.3896484375,8981.3896484375,42036100
2018-02-21,8955.490234375,8994.7197265625,8901.3896484375,8988.990234375,8988.990234375,49208100
2018-02-22,8931.5498046875,8967.4296875,8899.23046875,8967.4296875,8967.4296875,40694700
2018-02-23,8948.740234375,8955.0703125,8897.5595703125,8948.1904296875,8948.1904296875,33403900
2018-02-26,8977.91015625,9026.1103515625,8962.98046875,9026.1103515625,9026.1103515625,34404700
2018-02-27,9055.8798828125,9057.2998046875,8967.7197265625,8992.51953125,8992.51953125,45743200
2018-02-28,8959.98046875,8977,8906.3798828125,8906.3798828125,8906.3798828125,44847800
2018-03-01,8879.1298828125,8890.3798828125,8774.9599609375,8792.3798828125,8792.3798828125,52173400
2018-03-02,8721.8701171875,8730.8603515625,8612.98046875,8628.509765625,8628.509765625,70155800
2018-03-05,8625.8896484375,8808.3798828125,8624.0400390625,8808.3798828125,8808.3798828125,56928200
2018-03-06,8844.2998046875,8860.1796875,8765.8798828125,8765.8798828125,8765.8798828125,55933300
2018-03-07,8739.3095703125,8800.2099609375,8709.7998046875,8784.83984375,8784.83984375,44101200
2018-03-08,8789.4296875,8898.2001953125,8789.01953125,8896.419921875,8896.419921875,46700700
2018-03-09,8885.9404296875,8943.830078125,8880.400390625,8931.849609375,8931.849609375,42858500
2018-03-12,8963.16015625,8982.900390625,8932.5400390625,8970.740234375,8970.740234375,35395400
2018-03-13,8961.6904296875,8993.8798828125,8865.9599609375,8880.919921875,8880.919921875,49744500
2018-03-14,8877.1796875,8939.0498046875,8856.0703125,8869.330078125,8869.330078125,46595500
2018-03-15,8854.33984375,8897.009765625,8809.91015625,8878.98046875,8878.98046875,51170800
2018-03-16,8869.6103515625,8905.66015625,8860.599609375,8882.5302734375,8882.5302734375,121669000
2018-03-19,8863.849609375,8882.650390625,8797.9697265625,8811.330078125,8811.330078125,44994300
2018-03-20,8840.0498046875,8847.48046875,8772.7001953125,8847.2900390625,8847.2900390625,37480900
2018-03-21,8850.7802734375,8862.580078125,8762.3095703125,8783.7001953125,8783.7001953125,61452400
2018-03-22,8731.6298828125,8747.9599609375,8625.9404296875,8637.8701171875,8637.8701171875,68613000
2018-03-23,8597.990234375,8639.33984375,8549.150390625,8569.080078125,8569.080078125,64993200
2018-03-26,8603.650390625,8668.009765625,8501.169921875,8509.2900390625,8509.2900390625,58399100
2018-03-27,8621.2197265625,8660.7099609375,8593.3798828125,8638.419921875,8638.419921875,62755400
2018-03-28,8566.33984375,8756.1201171875,8522.330078125,8756.1201171875,8756.1201171875,73168000
2018-03-29,8766.7099609375,8780.01953125,8714.76953125,8740.9697265625,8740.9697265625,56165900
2018-04-03,8682.8701171875,8691.1201171875,8612.599609375,8630.9296875,8630.9296875,56930300
2018-04-04,8627.2998046875,8629.01953125,8521.419921875,8553.6904296875,8553.6904296875,71229600
2018-04-05,8678.5,8742.599609375,8641.919921875,8742.599609375,8742.599609375,69074900
2018-04-06,8683.51953125,8726.580078125,8665.66015625,8671.0400390625,8671.0400390625,51952800
2018-04-09,8694.759765625,8746.26953125,8659.990234375,8687.080078125,8687.080078125,39309200
2018-04-10,8731.4599609375,8756.849609375,8703.33984375,8755.5703125,8755.5703125,54386400
2018-04-11,8744.48046875,8749.2998046875,8695.990234375,8708.4404296875,8708.4404296875,40970200
2018-04-12,8724.4296875,8786.5595703125,8687.2099609375,8774.759765625,8774.759765625,41367100
2018-04-13,8774.7197265625,8797.830078125,8742.98046875,8776.169921875,8776.169921875,46842500
2018-04-16,8762.3203125,8771.0400390625,8689.6103515625,8726.5400390625,8726.5400390625,44603700
2018-04-17,8727.8798828125,8832.0595703125,8727.3603515625,8820.0400390625,8820.0400390625,47108800
2018-04-18,8833.6796875,8901.1201171875,8807.5400390625,8831.8798828125,8831.8798828125,57584500
2018-04-19,8872.9404296875,8872.9404296875,8800.1396484375,8833.1796875,8833.1796875,62885700
2018-04-20,8825.8095703125,8842.1201171875,8785.4599609375,8807.7998046875,8807.7998046875,75266400
2018-04-23,8781.9697265625,8807.3701171875,8735.9296875,8806.6298828125,8806.6298828125,75758300
2018-04-24,8804.849609375,8837.3203125,8768.1103515625,8796.91015625,8796.91015625,56622200
2018-04-25,8782.8798828125,8795.8701171875,8690.66015625,8740.9599609375,8740.9599609375,82858500
2018-04-26,8733.98046875,8836.83984375,8725.169921875,8835.0302734375,8835.0302734375,48853300
2018-04-27,8838.1796875,8849.509765625,8807.330078125,8843.01953125,8843.01953125,37050200
2018-04-30,8839.6103515625,8900.599609375,8836.849609375,8886.259765625,8886.259765625,44126500
2018-05-02,8880.76953125,8900.5400390625,8858.48046875,8896.2802734375,8896.2802734375,63944000
2018-05-03,8873.01953125,8924.330078125,8840.2802734375,8842.2900390625,8842.2900390625,45931200
2018-05-04,8862.7099609375,8905.8603515625,8844.1396484375,8903.830078125,8903.830078125,41526200
2018-05-07,8895.5302734375,8979.5595703125,8895.099609375,8978.650390625,8978.650390625,43527500
2018-05-08,8939.400390625,8970.669921875,8913.73046875,8944.900390625,8944.900390625,48286000
2018-05-09,8964.5595703125,8984.099609375,8926.1904296875,8984.099609375,8984.099609375,45494500
2018-05-11,8982.4501953125,9002.150390625,8964.91015625,8993.509765625,8993.509765625,52176700
2018-05-14,9010.5302734375,9025.8798828125,8979.900390625,9000.8896484375,9000.8896484375,38149100
2018-05-15,8986.8203125,9016.2900390625,8963.91015625,8994.2197265625,8994.2197265625,43555100
2018-05-16,8988.259765625,9002.7998046875,8951.2802734375,8973.8798828125,8973.8798828125,49078600
2018-05-17,8960.8203125,8988.330078125,8937.51953125,8988.330078125,8988.330078125,33929300
2018-05-18,8941.26953125,8982.8701171875,8917.759765625,8940.4599609375,8940.4599609375,53761600
2018-05-22,8977.4599609375,8978.4296875,8924.3203125,8936.0703125,8936.0703125,47580700
2018-05-23,8902.3603515625,8903.2197265625,8766.51953125,8794.9404296875,8794.9404296875,68475700
2018-05-24,8795.7802734375,8841.01953125,8733.919921875,8770.9404296875,8770.9404296875,50662000
2018-05-25,8789.4501953125,8834.9599609375,8759.080078125,8759.080078125,8759.080078125,47319700
2018-05-28,8783.0498046875,8817.73046875,8761.9296875,8775.4501953125,8775.4501953125,29328600
2018-05-29,8723.51953125,8735.41015625,8613.240234375,8637.2001953125,8637.2001953125,77712700
2018-05-30,8629.7900390625,8654.5703125,8578.6796875,8578.6796875,8578.6796875,57341600
2018-05-31,8630.6298828125,8641.6201171875,8454.2802734375,8456.9501953125,8456.9501953125,106598200
2018-06-01,8558.33984375,8645.33984375,8529.7998046875,8618.5400390625,8618.5400390625,66728800
2018-06-04,8664.150390625,8667.830078125,8605.7197265625,8634.419921875,8634.419921875,39222500
2018-06-05,8608.1396484375,8631.8701171875,8538.3095703125,8538.3095703125,8538.3095703125,47789300
2018-06-06,8532.01953125,8567.580078125,8470.150390625,8544.990234375,8544.990234375,49885700
2018-06-07,8575.5498046875,8612.8798828125,8514.0302734375,8548.330078125,8548.330078125,43584500
2018-06-08,8486.169921875,8549.0498046875,8456.509765625,8512.0595703125,8512.0595703125,48618100
2018-06-11,8567.8203125,8624.6201171875,8567.51953125,8623.5400390625,8623.5400390625,48863200
2018-06-12,8646.8798828125,8659.1904296875,8604.91015625,8640.7998046875,8640.7998046875,40416400
2018-06-13,8654.259765625,8657.9404296875,8618.3603515625,8634.6103515625,8634.6103515625,45607700
2018-06-14,8594.7197265625,8694.6298828125,8564.330078125,8690.830078125,8690.830078125,57620700
2018-06-15,8684.849609375,8697.0703125,8632.169921875,8642.599609375,8642.599609375,123756600
2018-06-18,8609.6796875,8621.8203125,8488.3603515625,8519.5703125,8519.5703125,44400400
2018-06-19,8456.8896484375,8471.8701171875,8424.0400390625,8463.41015625,8463.41015625,65393100
2018-06-20,8503.759765625,8588.3798828125,8500.7998046875,8557.509765625,8557.509765625,62991600
2018-06-21,8571.759765625,8598.8603515625,8454.669921875,8459.9296875,8459.9296875,50499200
2018-06-22,8471.9697265625,8616.5595703125,8468.5703125,8616.5595703125,8616.5595703125,43970700
2018-06-25,8550.330078125,8573.7001953125,8453.400390625,8458.75,8458.75,52212600
2018-06-26,8487.5703125,8492.740234375,8438.8896484375,8477.98046875,8477.98046875,45968000
2018-06-27,8465.330078125,8551.1396484375,8372.900390625,8504.5,8504.5,56624100
2018-06-28,8467.4404296875,8513.66015625,8410.919921875,8461.7099609375,8461.7099609375,50359800
2018-06-29,8561.7802734375,8616.150390625,8542.98046875,8609.2998046875,8609.2998046875,69901400
2018-07-02,8529.509765625,8561.6396484375,8507.599609375,8529.58984375,8529.58984375,47231600
2018-07-03,8561.5400390625,8645.669921875,8542.509765625,8625.490234375,8625.490234375,46625500
2018-07-04,8606.5498046875,8667.1103515625,8603.169921875,8663.5302734375,8663.5302734375,38814200
2018-07-05,8664.6904296875,8723.9697265625,8653.4404296875,8674.0400390625,8674.0400390625,38685900
2018-07-06,8696.9404296875,8703.8701171875,8650,8697.419921875,8697.419921875,37642700
2018-07-09,8725.2998046875,8766.580078125,8714.3203125,8759.919921875,8759.919921875,40119500
2018-07-10,8768.5,8795.259765625,8749.01953125,8768.91015625,8768.91015625,35912200
2018-07-11,8699.1103515625,8712.759765625,8648.7197265625,8682.9296875,8682.9296875,43546700
2018-07-12,8712.8798828125,8820.8095703125,8687.349609375,8818.1904296875,8818.1904296875,50520500
2018-07-13,8831.33984375,8867.150390625,8824.6103515625,8861.0498046875,8861.0498046875,40400500
2018-07-16,8848.2197265625,8872.1796875,8816.5498046875,8847.9599609375,8847.9599609375,41568900
2018-07-17,8828.5595703125,8839.990234375,8782.2197265625,8824.669921875,8824.669921875,36589000
2018-07-18,8876.6201171875,8943.240234375,8873.0302734375,8938.1201171875,8938.1201171875,43339000
2018-07-19,8918.150390625,8978.91015625,8914.669921875,8933.9697265625,8933.9697265625,51964800
2018-07-20,8949.0595703125,8991.6904296875,8918.2900390625,8991.33984375,8991.33984375,58639300
2018-07-23,8947.3203125,8974.0400390625,8920.73046875,8959.7900390625,8959.7900390625,42716200
2018-07-24,8950.349609375,9026.1796875,8947.3603515625,9005.580078125,9005.580078125,57436500
2018-07-25,8998.66015625,9023.1201171875,8987.2197265625,9019.4599609375,9019.4599609375,45156600
2018-07-26,9116.1298828125,9155.1904296875,9098.16015625,9139.4697265625,9139.4697265625,53501400
2018-07-27,9157.419921875,9184.8203125,9142.1904296875,9173.2001953125,9173.2001953125,42413800
2018-07-30,9150.4697265625,9195.7900390625,9143.7900390625,9163.3798828125,9163.3798828125,32477300
2018-07-31,9164.2998046875,9199.919921875,9150.740234375,9174.330078125,9174.330078125,55136700
2018-08-02,9128.1396484375,9165.25,9116.1396484375,9155.5703125,9155.5703125,61696900
2018-08-03,9163.8896484375,9174.259765625,9127.16015625,9158,9158,39492000
2018-08-06,9166.25,9197.830078125,9125.740234375,9149.3603515625,9149.3603515625,40761800
2018-08-07,9161.9697265625,9213.2099609375,9151.8603515625,9201.2197265625,9201.2197265625,35342200
2018-08-08,9176.41015625,9192.0703125,9139.7099609375,9176.150390625,9176.150390625,30309700
2018-08-09,9155.6201171875,9165.9296875,9128.0302734375,9145.6796875,9145.6796875,29503300
2018-08-10,9096.2802734375,9115.6298828125,9017.1103515625,9031.330078125,9031.330078125,44375400
2018-08-13,8993.9501953125,9027.91015625,8960.76953125,9005.349609375,9005.349609375,37876900
2018-08-14,9063.099609375,9070.41015625,8966.6103515625,9010.1904296875,9010.1904296875,33615500
2018-08-15,9006.3896484375,9036.099609375,8901.9296875,8926.23046875,8926.23046875,42762500
2018-08-16,8973.5498046875,9002.1396484375,8950.1396484375,8997.7197265625,8997.7197265625,40919700
2018-08-17,9021.2001953125,9029.1396484375,8961.169921875,9003.91015625,9003.91015625,38901700
2018-08-20,9031.2802734375,9072.4296875,9010.9296875,9059.5302734375,9059.5302734375,30331400
2018-08-21,9032.919921875,9101.41015625,9025.4501953125,9082.8603515625,9082.8603515625,34598700
2018-08-22,9054.4404296875,9077.0400390625,9029.740234375,9048.2001953125,9048.2001953125,35619600
2018-08-23,9049.759765625,9074.3603515625,9034.3095703125,9049.7197265625,9049.7197265625,34890200
2018-08-24,9051.25,9075.8798828125,9019.3701171875,9052.900390625,9052.900390625,28483000
2018-08-27,9101.66015625,9108.2001953125,9045.080078125,9098.7001953125,9098.7001953125,27322200
2018-08-28,9114.75,9115.25,9057.6103515625,9084.259765625,9084.259765625,33609200
2018-08-29,9087.41015625,9088.3896484375,9043.400390625,9083.83984375,9083.83984375,28523700
2018-08-30,9054.3798828125,9065.5302734375,9005.759765625,9042.0595703125,9042.0595703125,34604000
2018-08-31,9012.080078125,9012.080078125,8964.7099609375,8973.5595703125,8973.5595703125,48994700
2018-09-03,8971.2001953125,9003.4697265625,8962.41015625,9003.4697265625,9003.4697265625,28721700
2018-09-04,9034.5,9047.66015625,8905.8603515625,8951.8896484375,8951.8896484375,42617900
2018-09-05,8919.580078125,8933.2998046875,8868.8603515625,8868.8603515625,8868.8603515625,56351300
2018-09-06,8837.5703125,8893.349609375,8816.16015625,8818.7197265625,8818.7197265625,38440400
2018-09-07,8806.4599609375,8849.33984375,8796.349609375,8843.1103515625,8843.1103515625,48146400
2018-09-10,8873.7197265625,8950.9697265625,8859.2802734375,8930.240234375,8930.240234375,40770900
2018-09-11,8942.25,8962.650390625,8888.8701171875,8914.9404296875,8914.9404296875,42453500
2018-09-12,8930.8798828125,8983.51953125,8930.8798828125,8960.1298828125,8960.1298828125,37687200
2018-09-13,8955.6904296875,8997.4599609375,8948.6904296875,8960.080078125,8960.080078125,38764100
2018-09-14,8982.8095703125,8987.1904296875,8942.5595703125,8970,8970,33021800
2018-09-17,8937.51953125,8960.0703125,8899.83984375,8936.7099609375,8936.7099609375,34094400
2018-09-18,8922.9697265625,8956.6396484375,8874.4501953125,8915.8701171875,8915.8701171875,38980100
2018-09-19,8927.7001953125,8961.0302734375,8905.349609375,8939.849609375,8939.849609375,53138200
2018-09-20,8951.66015625,9006.740234375,8946.599609375,9000.8095703125,9000.8095703125,70552700
2018-09-21,9049.599609375,9059.2900390625,8994.2998046875,8995.3798828125,8995.3798828125,126817400
2018-09-24,8986.91015625,8993.7802734375,8933.2001953125,8946.2197265625,8946.2197265625,37862800
2018-09-25,8959.2197265625,9031.259765625,8954.9599609375,9021.6103515625,9021.6103515625,42536300
2018-09-26,9005.7900390625,9083.080078125,8990.9501953125,9080.1396484375,9080.1396484375,60826500
2018-09-27,9040.8095703125,9123.3798828125,8998.0595703125,9112.2197265625,9112.2197265625,46985600
2018-09-28,9083.3896484375,9112.5703125,9030.3203125,9087.990234375,9087.990234375,59146700
2018-10-01,9094.2802734375,9155.650390625,9084.2197265625,9127.0498046875,9127.0498046875,38402500
2018-10-02,9076.5703125,9090.4599609375,9050.5,9087.3203125,9087.3203125,50969000
2018-10-03,9126.3095703125,9194.990234375,9123.48046875,9175.2099609375,9175.2099609375,42604700
2018-10-04,9150.98046875,9154.58984375,9076.990234375,9097.51953125,9097.51953125,49177500
2018-10-05,9086.1796875,9100.08984375,9035.240234375,9042.080078125,9042.080078125,47506600
2018-10-08,9012.669921875,9014.650390625,8938.48046875,8964.1396484375,8964.1396484375,47900900
2018-10-09,8956.7998046875,8970.349609375,8888.9697265625,8964.1103515625,8964.1103515625,41508300
2018-10-10,8956.7900390625,8992.0703125,8888.4599609375,8892.8798828125,8892.8798828125,53356100
2018-10-11,8760.51953125,8796.8701171875,8628.650390625,8639.1904296875,8639.1904296875,94718300
2018-10-12,8702.1298828125,8738.7802734375,8660.25,8660.3798828125,8660.3798828125,54626500
2018-10-15,8635.009765625,8658.419921875,8586.8203125,8653.16015625,8653.16015625,42779500
2018-10-16,8654.2998046875,8803.8095703125,8648.8798828125,8794.9697265625,8794.9697265625,47503500
2018-10-17,8853.7099609375,8880.849609375,8729.8896484375,8750.349609375,8750.349609375,46572300
2018-10-18,8777.259765625,8832.6103515625,8768.419921875,8779.1796875,8779.1796875,59318900
2018-10-19,8777.25,8892.990234375,8770.3095703125,8872.08984375,8872.08984375,73669800
2018-10-22,8931.2197265625,8940.259765625,8854.150390625,8865.5595703125,8865.5595703125,47868700
2018-10-23,8760.150390625,8800.3203125,8729.080078125,8767.150390625,8767.150390625,70455000
2018-10-24,8794.900390625,8858.669921875,8724.6103515625,8724.6103515625,8724.6103515625,63249000
2018-10-25,8619.01953125,8709.759765625,8595.8603515625,8706.400390625,8706.400390625,78373800
2018-10-26,8645.990234375,8720.580078125,8591.1103515625,8665.7998046875,8665.7998046875,86989000
2018-10-29,8721.1396484375,8828.1103515625,8720.169921875,8759.6201171875,8759.6201171875,72730400
2018-10-30,8797.5,8859.6201171875,8760.3603515625,8854.2802734375,8854.2802734375,72938900
2018-10-31,8915.51953125,9022.16015625,8913.400390625,9022.16015625,9022.16015625,81021500
2018-11-01,9005.3095703125,9070.169921875,8980.830078125,9017.25,9017.25,72763300
2018-11-02,9065.1396484375,9075.7197265625,8970.5498046875,8992.2998046875,8992.2998046875,71941600
2018-11-05,8993.0498046875,9043.2900390625,8960.83984375,9008.580078125,9008.580078125,42133200
2018-11-06,9030.98046875,9045.400390625,8958.0400390625,8992.0703125,8992.0703125,41178000
2018-11-07,9014.5595703125,9068.3896484375,9007.650390625,9050.5302734375,9050.5302734375,44216000
2018-11-08,9073.830078125,9130.98046875,9061.33984375,9094.900390625,9094.900390625,50442100
2018-11-09,9056.3798828125,9080.75,9025.76953125,9074.0302734375,9074.0302734375,62477700
2018-11-12,9097.2001953125,9110.3603515625,8982.259765625,8984.0498046875,8984.0498046875,53344000
2018-11-13,9015.2001953125,9052.169921875,8961.8095703125,9015.4296875,9015.4296875,52501500
2018-11-14,8965.3896484375,9012.1796875,8928.58984375,8931.2001953125,8931.2001953125,54734200
2018-11-15,8930.150390625,8959.349609375,8807.4599609375,8870.0302734375,8870.0302734375,52715200
2018-11-16,8951.169921875,8984.669921875,8850.7998046875,8907.3896484375,8907.3896484375,61624800
2018-11-19,8957.6103515625,8977,8812.3603515625,8812.6103515625,8812.6103515625,51656800
2018-11-20,8771.3095703125,8821.1904296875,8716.9501953125,8769.4501953125,8769.4501953125,77155500
2018-11-21,8777.9501953125,8841.48046875,8749.26953125,8841.48046875,8841.48046875,67619200
2018-11-22,8817.8603515625,8824.8701171875,8762.3203125,8781.2900390625,8781.2900390625,45531200
2018-11-23,8769.0302734375,8846.9501953125,8750.83984375,8845.900390625,8845.900390625,33550700
2018-11-26,8897.490234375,8967.0703125,8896.3203125,8931.3701171875,8931.3701171875,53973000
2018-11-27,8933.919921875,8941.0302734375,8851.01953125,8898.009765625,8898.009765625,50659500
2018-11-28,8935.669921875,8947.849609375,8880.9296875,8894.580078125,8894.580078125,51248700
2018-11-29,8965.0703125,9015.58984375,8924.8701171875,9015.58984375,9015.58984375,47638300
2018-11-30,9009.830078125,9064.33984375,8968.83984375,9037.759765625,9037.759765625,69262200
2018-12-03,9159.33984375,9175.3896484375,9091.83984375,9106.5595703125,9106.5595703125,55953600
2018-12-04,9105.990234375,9118.5498046875,9076.2802734375,9085,9085,50468900
2018-12-05,8999.58984375,9014.9697265625,8936.5302734375,8939.9599609375,8939.9599609375,45469300
2018-12-06,8873.2802734375,8879.599609375,8660.0302734375,8660.0302734375,8660.0302734375,86397100
2018-12-07,8733.490234375,8828.0498046875,8726.3701171875,8741.0302734375,8741.0302734375,59041500
2018-12-10,8697.009765625,8718.83984375,8550.900390625,8551.01953125,8551.01953125,67413500
2018-12-11,8634.4501953125,8758.26953125,8621.73046875,8715.080078125,8715.080078125,69538300
2018-12-12,8725.7197265625,8878.5400390625,8713.900390625,8861.1396484375,8861.1396484375,77858500
2018-12-13,8876.099609375,8883.7998046875,8814.7001953125,8814.7001953125,8814.7001953125,51435500
2018-12-14,8755.4501953125,8755.759765625,8672.0302734375,8713.6796875,8713.6796875,48061700
2018-12-17,8697.23046875,8703.76953125,8591.650390625,8602.6103515625,8602.6103515625,60997300
2018-12-18,8578.669921875,8608.740234375,8528.26953125,8528.26953125,8528.26953125,60530200
2018-12-19,8535.7998046875,8568.1904296875,8506.1103515625,8540.16015625,8540.16015625,62948200
2018-12-20,8403.9501953125,8470.4697265625,8383.259765625,8414.48046875,8414.48046875,82643000
2018-12-21,8406.0400390625,8454.099609375,8336.08984375,8417.2900390625,8417.2900390625,152995800
2018-12-27,8470.2001953125,8472.6396484375,8138.56005859375,8195.6396484375,8195.6396484375,68931400
2018-12-28,8282.009765625,8448.2197265625,8280.349609375,8429.2998046875,8429.2998046875,50981500
2019-01-03,8391.900390625,8503.0703125,8388.9697265625,8466.009765625,8466.009765625,67638200
2019-01-04,8493.83984375,8627.3603515625,8441.33984375,8608.5595703125,8608.5595703125,58578200
2019-01-07,8616.1796875,8617.009765625,8491.5,8535.9501953125,8535.9501953125,46142100
2019-01-08,8560.330078125,8670.669921875,8560.16015625,8629.48046875,8629.48046875,53742100
2019-01-09,8661.4296875,8700.1796875,8625.400390625,8687.7099609375,8687.7099609375,52999900
2019-01-10,8640.240234375,8812.8896484375,8617.9296875,8801.48046875,8801.48046875,52626400
2019-01-11,8841.2001953125,8862,8806.2001953125,8828.2197265625,8828.2197265625,51687800
2019-01-14,8772.51953125,8776.9296875,8726.8095703125,8760.3203125,8760.3203125,40815300
2019-01-15,8831,8845.009765625,8777.6904296875,8824.73046875,8824.73046875,45707800
2019-01-16,8854.0498046875,8883.9501953125,8824.83984375,8873.76953125,8873.76953125,56919600
2019-01-17,8835.7802734375,8926.91015625,8835.400390625,8914.1396484375,8914.1396484375,48982700
2019-01-18,8985.9296875,9024.3896484375,8964.849609375,9023.9599609375,9023.9599609375,67641900
2019-01-21,9004.8896484375,9027.4599609375,8984.08984375,9011.41015625,9011.41015625,37041300
2019-01-22,8979.599609375,9017.2802734375,8941.2197265625,8966.33984375,8966.33984375,70011800
2019-01-23,8936.08984375,9014.7099609375,8913.7998046875,8957.1904296875,8957.1904296875,48829100
2019-01-24,8962.08984375,8975.1396484375,8891.7197265625,8937.3896484375,8937.3896484375,60768200
2019-01-25,8978.0703125,8980.76953125,8904.7900390625,8922.490234375,8922.490234375,49491400
2019-01-28,8876.3798828125,8907.419921875,8854.5595703125,8857.849609375,8857.849609375,55313300
2019-01-29,8863.5595703125,8987.5400390625,8853.41015625,8940.51953125,8940.51953125,52883600
2019-01-30,8909.4404296875,8965.9501953125,8898.4599609375,8965.7099609375,8965.7099609375,40006600
2019-01-31,8983.3701171875,9012.75,8923.669921875,8969.26953125,8969.26953125,77558500
2019-02-01,9011.8701171875,9012.7197265625,8927.1904296875,8996.3603515625,8996.3603515625,49448300
2019-02-04,8973.5400390625,9015.6396484375,8950.740234375,9011.48046875,9011.48046875,42949400
2019-02-05,9012.16015625,9155.080078125,9010.25,9150.5595703125,9150.5595703125,55285800
2019-02-06,9129.7802734375,9169.4599609375,9118.8095703125,9143,9143,45463100
2019-02-07,9115.6396484375,9153.990234375,9035.900390625,9035.900390625,9035.900390625,50548100
2019-02-08,9023.4296875,9044.400390625,8980.8798828125,9003.41015625,9003.41015625,46633700
2019-02-11,9050.919921875,9098.4404296875,9047.2900390625,9068.6201171875,9068.6201171875,39000600
2019-02-12,9104.919921875,9143.75,9091.2900390625,9127.400390625,9127.400390625,42823000
2019-02-13,9143.400390625,9179.4599609375,9125.0498046875,9164.0595703125,9164.0595703125,48768400
2019-02-14,9210.4296875,9237.3095703125,9142.240234375,9142.7099609375,9142.7099609375,60904200
2019-02-15,9139.5498046875,9245.169921875,9123.669921875,9242.1201171875,9242.1201171875,84543200
2019-02-18,9248.5,9295.0302734375,9229.1298828125,9267.4599609375,9267.4599609375,43377400
2019-02-19,9247.490234375,9278.419921875,9222.919921875,9256.169921875,9256.169921875,45092700
2019-02-20,9275.8095703125,9331.4501953125,9274.6298828125,9315.6298828125,9315.6298828125,73838200
2019-02-21,9324.9296875,9371.7802734375,9310.83984375,9333.5703125,9333.5703125,64959800
2019-02-22,9329.3095703125,9380.8095703125,9316.8701171875,9348.9296875,9348.9296875,49009400
2019-02-25,9370.3603515625,9415.990234375,9337.83984375,9398.3701171875,9398.3701171875,51065900
2019-02-26,9377.6396484375,9481.4501953125,9372.3701171875,9461.2099609375,9461.2099609375,46931400
2019-02-27,9427.0400390625,9438.5,9390.7802734375,9412.1904296875,9412.1904296875,50791900
2019-02-28,9402.1396484375,9407.4599609375,9345.58984375,9388.9404296875,9388.9404296875,65499700
2019-03-01,9431.830078125,9456.0400390625,9401.5595703125,9412.01953125,9412.01953125,55549500
2019-03-04,9431.7001953125,9440.099609375,9393.4501953125,9394.0498046875,9394.0498046875,62910900
2019-03-05,9358.9501953125,9417.6201171875,9336.9296875,9399.150390625,9399.150390625,75760900
2019-03-06,9396.0703125,9421.0400390625,9363.26953125,9403.16015625,9403.16015625,54850900
2019-03-07,9350.580078125,9403.48046875,9284.3603515625,9324.580078125,9324.580078125,72802100
2019-03-08,9287.1201171875,9306.0595703125,9228.8603515625,9268.3603515625,9268.3603515625,57431900
2019-03-11,9308.75,9350.4599609375,9260.8603515625,9341.349609375,9341.349609375,48133400
2019-03-12,9366.1904296875,9366.5498046875,9302.8896484375,9331.6201171875,9331.6201171875,49389600
2019-03-13,9321.08984375,9387.7001953125,9310.2802734375,9387.4296875,9387.4296875,39474600
2019-03-14,9404.9404296875,9498.48046875,9404.9404296875,9481.900390625,9481.900390625,51882600
2019-03-15,9494.7197265625,9509.8603515625,9452.4404296875,9483.099609375,9483.099609375,153108800
2019-03-18,9475.580078125,9499.41015625,9460.9404296875,9496.9296875,9496.9296875,50908700
2019-03-19,9516.25,9582.91015625,9511.1103515625,9525.919921875,9525.919921875,50837800
2019-03-20,9494.080078125,9500.6904296875,9429.1298828125,9463.3203125,9463.3203125,65289000
2019-03-21,9416.7001953125,9458.650390625,9394.7099609375,9454.0498046875,9454.0498046875,54811600
2019-03-22,9462,9482.580078125,9313.5595703125,9319.419921875,9319.419921875,75516300
2019-03-25,9272.419921875,9333.1298828125,9263.0400390625,9305.5,9305.5,54248300
2019-03-26,9322.83984375,9404.1796875,9308.73046875,9389.2998046875,9389.2998046875,51340400
2019-03-27,9404.66015625,9441.0400390625,9321.5595703125,9390.58984375,9390.58984375,62909100
2019-03-28,9396.2001953125,9454.650390625,9395.76953125,9405.9296875,9405.9296875,43314100
2019-03-29,9443.3603515625,9482.5498046875,9426.099609375,9477.83984375,9477.83984375,62036000
2019-04-01,9513.1201171875,9554.73046875,9495.6396484375,9538.1103515625,9538.1103515625,53848500
2019-04-02,9528.099609375,9550.6904296875,9509.3896484375,9536.5703125,9536.5703125,42939800
2019-04-03,9556.66015625,9570.08984375,9495.650390625,9570.08984375,9570.08984375,62720200
2019-04-04,9545.0703125,9568,9536.83984375,9563.7099609375,9563.7099609375,46863500
2019-04-05,9557.0703125,9571.6904296875,9518.1396484375,9541.150390625,9541.150390625,45170500
2019-04-08,9532.23046875,9573.6201171875,9513.099609375,9547.330078125,9547.330078125,39827700
2019-04-09,9530.009765625,9628.7998046875,9524.9501953125,9582.2197265625,9582.2197265625,84118800
2019-04-10,9558.1904296875,9581.6904296875,9524.2900390625,9556.3095703125,9556.3095703125,57050800
2019-04-11,9543.259765625,9597.3798828125,9522.01953125,9549.259765625,9549.259765625,59997500
2019-04-12,9535.3798828125,9548.9404296875,9442.6103515625,9484.91015625,9484.91015625,83929500
2019-04-15,9462.0498046875,9539.9501953125,9461.1904296875,9513.7099609375,9513.7099609375,60089700
2019-04-16,9533.75,9595.9697265625,9530.4501953125,9579.849609375,9579.849609375,62801800
2019-04-17,9601.23046875,9628.41015625,9571.08984375,9596.599609375,9596.599609375,91309900
2019-04-18,9616.98046875,9623.1298828125,9543.1396484375,9571.2197265625,9571.2197265625,71898700
2019-04-23,9563.8095703125,9653.8798828125,9542.9501953125,9635.0703125,9635.0703125,66495200
2019-04-24,9672.3603515625,9704.5302734375,9646.759765625,9655.669921875,9655.669921875,67916300
2019-04-25,9695.16015625,9695.4501953125,9644.7197265625,9694.0595703125,9694.0595703125,65882400
2019-04-26,9710.2001953125,9724.26953125,9675.919921875,9724.26953125,9724.26953125,49815000
2019-04-29,9719.0498046875,9752.919921875,9701.83984375,9740.48046875,9740.48046875,51493600
2019-04-30,9744.259765625,9785.5703125,9741.66015625,9769.740234375,9769.740234375,60735100
2019-05-02,9777.900390625,9784.26953125,9745.4404296875,9746.0595703125,9746.0595703125,61245900
2019-05-03,9737.8896484375,9786.509765625,9731.48046875,9741.990234375,9741.990234375,59121300
2019-05-06,9619.2197265625,9657.240234375,9560.849609375,9657.240234375,9657.240234375,56403600
2019-05-07,9658.1396484375,9685.58984375,9562.9501953125,9577.3798828125,9577.3798828125,55908000
2019-05-08,9567.0400390625,9628.66015625,9536.240234375,9621.9599609375,9621.9599609375,49270900
2019-05-09,9592.3798828125,9592.3798828125,9422.3701171875,9430.2998046875,9430.2998046875,72926100
2019-05-10,9515.3798828125,9545.0595703125,9451.1796875,9472.830078125,9472.830078125,54576200
2019-05-13,9475.5302734375,9475.5703125,9319.990234375,9363.1796875,9363.1796875,65223900
2019-05-14,9413.6904296875,9429.41015625,9363.759765625,9404.080078125,9404.080078125,48248400
2019-05-15,9428.8095703125,9480.759765625,9361.3896484375,9480.759765625,9480.759765625,58888300
2019-05-16,9492.2099609375,9660.58984375,9467.8798828125,9660.58984375,9660.58984375,61698600
2019-05-17,9631.1103515625,9671.16015625,9600.9599609375,9659.080078125,9659.080078125,57235600
2019-05-20,9641.16015625,9666.3896484375,9536.0400390625,9582.080078125,9582.080078125,50797700
2019-05-21,9621.01953125,9636.2099609375,9594.5,9624.16015625,9624.16015625,40549800
2019-05-22,9610.0498046875,9649.76953125,9563.5400390625,9645.0400390625,9645.0400390625,42937800
2019-05-23,9609.51953125,9623.599609375,9563.7197265625,9594.3095703125,9594.3095703125,59957200
2019-05-24,9620.900390625,9688.8603515625,9619.599609375,9666.8896484375,9666.8896484375,40656100
2019-05-27,9723.1298828125,9754.5302734375,9710.3701171875,9712.9599609375,9712.9599609375,25284500
2019-05-28,9714.91015625,9721.009765625,9643.4697265625,9680.8701171875,9680.8701171875,60624800
2019-05-29,9602.2197265625,9606.900390625,9530.330078125,9541.9697265625,9541.9697265625,55799200
2019-05-31,9510.9599609375,9544.099609375,9463.6298828125,9523.98046875,9523.98046875,58232700
2019-06-03,9466.0400390625,9602.73046875,9439.0595703125,9602.73046875,9602.73046875,56935900
2019-06-04,9558.759765625,9646.33984375,9553.66015625,9597.7099609375,9597.7099609375,63097700
2019-06-05,9582.330078125,9672.8203125,9579.4296875,9658.6201171875,9658.6201171875,49675300
2019-06-06,9666.9599609375,9757.8095703125,9665.91015625,9682.2900390625,9682.2900390625,47576600
2019-06-07,9716.98046875,9781.3896484375,9686.2197265625,9749.1298828125,9749.1298828125,46683400
2019-06-11,9764.1201171875,9871.4404296875,9763.9599609375,9835.8701171875,9835.8701171875,57566600
2019-06-12,9785.4697265625,9882.400390625,9778.3896484375,9859.73046875,9859.73046875,49192100
2019-06-13,9845.6904296875,9906.76953125,9841.2998046875,9861.830078125,9861.830078125,41441900
2019-06-14,9825.2197265625,9861.759765625,9808.5302734375,9847.6103515625,9847.6103515625,47055100
2019-06-17,9867.099609375,9874.6298828125,9819.4697265625,9851.5703125,9851.5703125,38300700
2019-06-18,9839.4404296875,10011.3896484375,9815.75,9988.5498046875,9988.5498046875,62435200
2019-06-19,9969.2900390625,9979.6201171875,9935.169921875,9961.650390625,9961.650390625,46132100
2019-06-20,10015.6904296875,10062.650390625,9978.33984375,9978.51953125,9978.51953125,58971000
2019-06-21,9970.5,9990.240234375,9915.6201171875,9922.830078125,9922.830078125,109659100
2019-06-24,9951.4404296875,9973.5498046875,9884.669921875,9898.849609375,9898.849609375,51788200
2019-06-25,9871.7802734375,9939.4296875,9869.01953125,9898.900390625,9898.900390625,43607800
2019-06-26,9861.7802734375,9916.580078125,9835.6103515625,9838.1298828125,9838.1298828125,48162900
2019-06-27,9846.8701171875,9889.9697265625,9822.740234375,9859.759765625,9859.759765625,51520400
2019-06-28,9840.2001953125,9901.5703125,9817.7197265625,9898.240234375,9898.240234375,46793000
2019-07-01,9990.9404296875,10022.8896484375,9955.5,9970,9970,58318700
2019-07-02,9982.51953125,10055.0400390625,9978.9404296875,10020.9296875,10020.9296875,55489100
2019-07-03,10030.7900390625,10091.48046875,10027.509765625,10066.5302734375,10066.5302734375,51988800
2019-07-04,10080.4501953125,10087.83984375,10047.7900390625,10066.48046875,10066.48046875,35178900
2019-07-05,10071.7001953125,10071.7001953125,9968.2099609375,9980.2197265625,9980.2197265625,65809600
2019-07-08,9948.759765625,9996.8798828125,9944.990234375,9994.099609375,9994.099609375,52184500
2019-07-09,9974.0498046875,9983.240234375,9908.9697265625,9961.33984375,9961.33984375,60658600
2019-07-10,9927.490234375,10003.6396484375,9905.509765625,9937.5595703125,9937.5595703125,89053800
2019-07-11,9942.830078125,9956.8798828125,9866.5498046875,9879.5302734375,9879.5302734375,59856600
2019-07-12,9870.509765625,9886.3798828125,9762.1103515625,9762.98046875,9762.98046875,94546800
2019-07-15,9769.23046875,9828.2802734375,9733.490234375,9808.580078125,9808.580078125,51699600
2019-07-16,9805.830078125,9869.240234375,9804.08984375,9850.51953125,9850.51953125,62131000
2019-07-17,9862.0302734375,9995.3603515625,9862.01953125,9942.009765625,9942.009765625,61604400
2019-07-18,9912.1103515625,10041.8603515625,9898,10010.150390625,10010.150390625,66181300
2019-07-19,10042.0498046875,10048.3896484375,9920.0595703125,9937.0302734375,9937.0302734375,55910400
2019-07-22,9926.1796875,9952.16015625,9899.3798828125,9922.3701171875,9922.3701171875,45152600
2019-07-23,9965.8203125,9998.8203125,9930.4501953125,9965.150390625,9965.150390625,67588500
2019-07-24,9973.8701171875,9976.1103515625,9875.3603515625,9907.6796875,9907.6796875,85622400
2019-07-25,9944.8095703125,10015.3203125,9847.3203125,9877.0302734375,9877.0302734375,89753600
2019-07-26,9886.669921875,10001.66015625,9881.009765625,9968.080078125,9968.080078125,69659300
2019-07-29,9936.0302734375,10000.5498046875,9916.3603515625,9970.8701171875,9970.8701171875,50418000
2019-07-30,9963.1103515625,9972.1201171875,9842.58984375,9890.900390625,9890.900390625,74812200
2019-07-31,9885.75,9958.009765625,9863.9599609375,9919.26953125,9919.26953125,81022300
2019-08-02,9767.7900390625,9873.400390625,9743.830078125,9803.6904296875,9803.6904296875,115259400
2019-08-05,9714.7900390625,9739.4697265625,9563.48046875,9599.4296875,9599.4296875,78247900
2019-08-06,9565.6103515625,9650.66015625,9549.080078125,9553.8798828125,9553.8798828125,74908800
2019-08-07,9549.9296875,9651.6904296875,9464.41015625,9533.98046875,9533.98046875,91392700
2019-08-08,9656.0302734375,9757.419921875,9626.98046875,9751.5498046875,9751.5498046875,67014600
2019-08-09,9745.0302734375,9804.7001953125,9728.7900390625,9749.919921875,9749.919921875,63210100
2019-08-12,9801.7001953125,9862.9697265625,9747.7900390625,9760.01953125,9760.01953125,75375200
2019-08-13,9729.509765625,9827.73046875,9641.25,9786.240234375,9786.240234375,92342000
2019-08-14,9801.9697265625,9806.5,9599.6201171875,9628.48046875,9628.48046875,99175200
2019-08-15,9654.23046875,9667.3896484375,9515.400390625,9606.259765625,9606.259765625,84930700
2019-08-16,9637.25,9744.4599609375,9630.9697265625,9728.3896484375,9728.3896484375,68603400
2019-08-19,9783.330078125,9856.330078125,9771.6396484375,9825.58984375,9825.58984375,58721900
2019-08-20,9817.349609375,9861.8701171875,9768.349609375,9770.3896484375,9770.3896484375,54904100
2019-08-21,9782.419921875,9883.080078125,9782.330078125,9848.1103515625,9848.1103515625,47887800
2019-08-22,9827.6103515625,9869.7900390625,9774.330078125,9805.5,9805.5,49056400
2019-08-23,9842.48046875,9882.25,9735.2900390625,9744.98046875,9744.98046875,51072000
2019-08-26,9724,9768.349609375,9658,9715.830078125,9715.830078125,43437800
2019-08-27,9707.099609375,9798.1796875,9685.6904296875,9786.080078125,9786.080078125,53515900
2019-08-28,9761.2099609375,9772.7099609375,9670.26953125,9758.1904296875,9758.1904296875,46500600
2019-08-29,9736.2197265625,9848.7099609375,9728.7900390625,9838.48046875,9838.48046875,51929000
2019-08-30,9868.76953125,9941.330078125,9861.3798828125,9895.650390625,9895.650390625,67185200
2019-09-02,9903.9404296875,9957.150390625,9894.9404296875,9924.5400390625,9924.5400390625,37356900
2019-09-03,9886.2197265625,9900.8798828125,9829.2802734375,9852.7001953125,9852.7001953125,49669200
2019-09-04,9934.8701171875,9980.1396484375,9893.98046875,9894.599609375,9894.599609375,52317100
2019-09-05,9942.91015625,10016.26953125,9897.9599609375,9983.0703125,9983.0703125,72389200
2019-09-06,9993.98046875,10076.4697265625,9983.4599609375,10073.8203125,10073.8203125,59429100
2019-09-09,10093.6396484375,10109.2900390625,10050.6796875,10059.3701171875,10059.3701171875,64357000
2019-09-10,10024.849609375,10031.5,9956.1103515625,10020.48046875,10020.48046875,125275600
2019-09-11,10064.33984375,10098.9296875,10041.990234375,10098.58984375,10098.58984375,79403300
2019-09-12,10105.169921875,10140.9296875,10057.1201171875,10094.08984375,10094.08984375,81372000
2019-09-13,10130.4501953125,10131.1298828125,10033.330078125,10047.33984375,10047.33984375,72238900
2019-09-16,9965.1396484375,10012.66015625,9964.1103515625,9969.1904296875,9969.1904296875,61278000
2019-09-17,9960.900390625,10025.01953125,9944.599609375,10013.8203125,10013.8203125,61007400
2019-09-18,9982.4697265625,10037.9697265625,9982.240234375,10018.83984375,10018.83984375,51719600
2019-09-19,10022.330078125,10070.6396484375,9993.9296875,10064.4599609375,10064.4599609375,65290500
2019-09-20,10114.1796875,10114.1796875,10056.099609375,10056.830078125,10056.830078125,132781100
2019-09-23,10046.400390625,10046.83984375,9957.8203125,9997.3896484375,9997.3896484375,59763700
2019-09-24,10019.01953125,10044.8603515625,9977.7802734375,9991.3095703125,9991.3095703125,59510500
2019-09-25,9926.2001953125,9934.98046875,9837.2001953125,9914.8203125,9914.8203125,80012100
2019-09-26,9907.2099609375,10032.6904296875,9906.33984375,10010.7099609375,10010.7099609375,60579300
2019-09-27,10055.5498046875,10071.4599609375,10020.4404296875,10037.8095703125,10037.8095703125,51008400
2019-09-30,10028.4501953125,10087.849609375,10012.900390625,10078.3203125,10078.3203125,54900100
2019-10-01,10101.5302734375,10124.2197265625,9928.66015625,9952.5,9952.5,70981300
2019-10-02,9930.2998046875,9931.599609375,9753.08984375,9757.2802734375,9757.2802734375,90683600
2019-10-03,9762.490234375,9796.5,9682.3603515625,9760.4404296875,9760.4404296875,74670000
2019-10-04,9793.3798828125,9842.2001953125,9749.48046875,9827.7197265625,9827.7197265625,57993300
2019-10-07,9849.080078125,9931.1298828125,9829.2001953125,9914.0595703125,9914.0595703125,49919700
2019-10-08,9904.1298828125,9922.3701171875,9779.4501953125,9800.240234375,9800.240234375,65556200
2019-10-09,9792.7001953125,9880.6796875,9777.919921875,9830.0498046875,9830.0498046875,52556600
2019-10-10,9832.0595703125,9914.5595703125,9796.6904296875,9903.01953125,9903.01953125,59297000
2019-10-11,9913.3701171875,10027.8701171875,9906.830078125,10017.3896484375,10017.3896484375,67320800
2019-10-14,9947.2998046875,9976.5595703125,9893.6298828125,9964.240234375,9964.240234375,46697200
2019-10-15,10014.8603515625,10076.349609375,9970.099609375,10048.75,10048.75,52684400
2019-10-16,10071.490234375,10082.16015625,10000.9296875,10032.490234375,10032.490234375,55178900
2019-10-17,10023.990234375,10096.48046875,10002.650390625,10008.9404296875,10008.9404296875,57861900
2019-10-18,9991.330078125,10015.509765625,9958.3203125,9965.490234375,9965.490234375,55178600
2019-10-21,9969.3701171875,10026.009765625,9955.099609375,9991.419921875,9991.419921875,65933000
2019-10-22,9982.8095703125,10027.1904296875,9934.5400390625,10017.349609375,10017.349609375,67335700
2019-10-23,9989.9599609375,10053.7802734375,9988.2802734375,10023.51953125,10023.51953125,73891900
2019-10-24,10051.2802734375,10115.51953125,10050.0400390625,10106.5302734375,10106.5302734375,69041600
2019-10-25,10117.580078125,10197.08984375,10107.6298828125,10197.08984375,10197.08984375,57995200
2019-10-28,10190.169921875,10254.6396484375,10185.0703125,10231.7998046875,10231.7998046875,62734200
2019-10-29,10209.75,10260.6904296875,10199.6796875,10257.6904296875,10257.6904296875,60351700
2019-10-30,10253.6201171875,10269.9501953125,10215.419921875,10254.9501953125,10254.9501953125,67396500
2019-10-31,10263.4599609375,10287.830078125,10206.26953125,10219.8203125,10219.8203125,71388200
2019-11-01,10235.5595703125,10279.5302734375,10223.7998046875,10252.240234375,10252.240234375,53745800
2019-11-04,10272.9404296875,10353.5302734375,10259.8603515625,10337.0703125,10337.0703125,70201100
2019-11-05,10323.2099609375,10327.6298828125,10266.7900390625,10272.98046875,10272.98046875,68415700
2019-11-06,10259.2802734375,10327.759765625,10252.8203125,10318.099609375,10318.099609375,67010700
2019-11-07,10347.0400390625,10356.0400390625,10290.849609375,10326.7802734375,10326.7802734375,61925200
2019-11-08,10308,10329.1103515625,10276.7197265625,10309.23046875,10309.23046875,56252500
2019-11-11,10310.9697265625,10335.7802734375,10275.9599609375,10305.26953125,10305.26953125,42384300
2019-11-12,10306.099609375,10326.3798828125,10282.4404296875,10314.16015625,10314.16015625,52831300
2019-11-13,10278.4404296875,10314.1103515625,10231.7802734375,10299.2197265625,10299.2197265625,52778300
2019-11-14,10299.0400390625,10311.919921875,10229.25,10233.23046875,10233.23046875,48452900
2019-11-15,10314.669921875,10335.9599609375,10269.6298828125,10310.1201171875,10310.1201171875,53446900
2019-11-18,10316.9296875,10381.0302734375,10311.6298828125,10347.1796875,10347.1796875,48636400
2019-11-19,10370.66015625,10428.5703125,10348,10366.01953125,10366.01953125,55250300
2019-11-20,10347.990234375,10385.9501953125,10319.169921875,10385.740234375,10385.740234375,54011300
2019-11-21,10322.3896484375,10360.2099609375,10285.9404296875,10338.349609375,10338.349609375,53783200
2019-11-22,10367.490234375,10419.759765625,10351.0498046875,10369.4404296875,10369.4404296875,65832300
2019-11-25,10424.9501953125,10472.9404296875,10416.7001953125,10468.6201171875,10468.6201171875,53872100
2019-11-26,10479.740234375,10537.759765625,10471.080078125,10506.9296875,10506.9296875,74432400
2019-11-27,10531.6796875,10544.0400390625,10501.169921875,10529.259765625,10529.259765625,47103800
2019-11-28,10512.099609375,10538.990234375,10503.73046875,10529.1396484375,10529.1396484375,27274900
2019-11-29,10491.6396484375,10527.8095703125,10481.58984375,10493.240234375,10493.240234375,40064300
2019-12-02,10498.599609375,10551.509765625,10336.3203125,10348.4404296875,10348.4404296875,60822800
2019-12-03,10371.9404296875,10380.6796875,10221.509765625,10232.9296875,10232.9296875,75714300
2019-12-04,10245.4697265625,10344.26953125,10237.6201171875,10334.5595703125,10334.5595703125,54670800
2019-12-05,10362.7802734375,10438.6904296875,10353.9697265625,10363.5,10363.5,43477300
2019-12-06,10378.8603515625,10472.0595703125,10376.2099609375,10463.8798828125,10463.8798828125,42986400
2019-12-09,10449.83984375,10488.6396484375,10433.6298828125,10434.8896484375,10434.8896484375,38599700
2019-12-10,10416.5703125,10418.599609375,10295.580078125,10390.5302734375,10390.5302734375,55278400
2019-12-11,10374.599609375,10416.41015625,10341.1904296875,10405.3095703125,10405.3095703125,46306000
2019-12-12,10403.349609375,10492.349609375,10375.5595703125,10451.3603515625,10451.3603515625,68554200
2019-12-13,10465.009765625,10507.9501953125,10424.580078125,10429.26953125,10429.26953125,84748400
2019-12-16,10478.4296875,10562.8095703125,10458.5703125,10541.669921875,10541.669921875,58957400
2019-12-17,10515.25,10544.4501953125,10498.9697265625,10538.8896484375,10538.8896484375,74978200
2019-12-18,10541.259765625,10638.2001953125,10539,10556.740234375,10556.740234375,62183900
2019-12-19,10556.7998046875,10577.41015625,10522.400390625,10575.150390625,10575.150390625,53841500
2019-12-20,10628.830078125,10679.3701171875,10610.8203125,10679.3701171875,10679.3701171875,106983500
2019-12-23,10679.91015625,10734.08984375,10678.26953125,10724.33984375,10724.33984375,36605900
2019-12-27,10738.650390625,10755.6796875,10708.400390625,10730.150390625,10730.150390625,29985300
2019-12-30,10734.4697265625,10736.349609375,10613.1201171875,10616.9404296875,10616.9404296875,32983300
2020-01-03,10585.2900390625,10700.8603515625,10580.919921875,10699.8203125,10699.8203125,55983600
2020-01-06,10652.7802734375,10675.6201171875,10548.48046875,10665.41015625,10665.41015625,51779100
2020-01-07,10714.23046875,10747.1904296875,10655.2900390625,10686.7998046875,10686.7998046875,65947700
2020-01-08,10628.08984375,10681.400390625,10616.6298828125,10652.16015625,10652.16015625,59629500
2020-01-09,10721.8701171875,10744.919921875,10645.8203125,10650.9697265625,10650.9697265625,53942900
2020-01-10,10678.41015625,10688.7001953125,10638.9404296875,10639.490234375,10639.490234375,50655200
2020-01-13,10645.2998046875,10680.4697265625,10592.400390625,10622.41015625,10622.41015625,48635900
2020-01-14,10616.6201171875,10655.8203125,10536.2802734375,10655.8203125,10655.8203125,64275700
2020-01-15,10656.3095703125,10691.3701171875,10620.349609375,10670.740234375,10670.740234375,59856300
2020-01-16,10687.2099609375,10693.51953125,10639.6298828125,10693.51953125,10693.51953125,48681500
2020-01-17,10723.7001953125,10849.2900390625,10715.919921875,10841.8203125,10841.8203125,71403400
2020-01-20,10844.1103515625,10867.16015625,10835.3095703125,10846.2900390625,10846.2900390625,44762500
2020-01-21,10825.919921875,10884.509765625,10767.5400390625,10884.509765625,10884.509765625,87421800
2020-01-22,10907.16015625,10960.75,10893.2802734375,10895.0703125,10895.0703125,67115300
2020-01-23,10889.0595703125,10905.4296875,10798.6201171875,10813.9404296875,10813.9404296875,62666500
2020-01-24,10865.9599609375,10913.2001953125,10845.6904296875,10849.75,10849.75,56103300
2020-01-27,10762.6201171875,10780.919921875,10639.75,10675.9599609375,10675.9599609375,70880100
2020-01-28,10729.66015625,10789.169921875,10662.0703125,10781.98046875,10781.98046875,61402100
2020-01-29,10795.4599609375,10880.4404296875,10772.6298828125,10859.8798828125,10859.8798828125,54346500
2020-01-30,10805.490234375,10812.6396484375,10716.490234375,10748.919921875,10748.919921875,65632500
2020-01-31,10814.2802734375,10815.6201171875,10616.8095703125,10627.8798828125,10627.8798828125,70815000
2020-02-03,10650.01953125,10694.759765625,10598.1201171875,10664.9501953125,10664.9501953125,51976700
2020-02-04,10707.4404296875,10800.6396484375,10693.3203125,10800.6396484375,10800.6396484375,59234000
2020-02-05,10789.7197265625,11006.7197265625,10781.5703125,10994.150390625,10994.150390625,84395500
2020-02-06,11040.169921875,11061.1796875,10979.8203125,11012.3603515625,11012.3603515625,62980000
2020-02-07,10995.650390625,11015.6103515625,10958.4501953125,11001.5302734375,11001.5302734375,83740300
2020-02-10,10968.1396484375,11039.7802734375,10963.51953125,11039.7802734375,11039.7802734375,51327200
2020-02-11,11079.7802734375,11114.3896484375,11071.5703125,11101.169921875,11101.169921875,57263500
2020-02-12,11094.009765625,11119.8896484375,11074.5595703125,11089.240234375,11089.240234375,59034500
2020-02-13,11071.3896484375,11092.349609375,11008.509765625,11092.349609375,11092.349609375,79169100
2020-02-14,11105.6103515625,11152.5703125,11078.9501953125,11128.8095703125,11128.8095703125,54159800
2020-02-17,11156.240234375,11180.98046875,11136.3603515625,11168.4501953125,11168.4501953125,37288000
2020-02-18,11094.8701171875,11178.650390625,11094.08984375,11146.2802734375,11146.2802734375,51959000
2020-02-19,11189.8095703125,11264.330078125,11173.66015625,11263.009765625,11263.009765625,58003500
2020-02-20,11255.66015625,11270,11154.5302734375,11154.5302734375,11154.5302734375,93014600
2020-02-21,11108.26953125,11172.4404296875,11057.5302734375,11110.7802734375,11110.7802734375,106251300
2020-02-24,11086,11086.849609375,10650.0703125,10712.83984375,10712.83984375,126829400
2020-02-25,10749.58984375,10779.150390625,10467.2099609375,10478.509765625,10478.509765625,102515000
2020-02-26,10405.2998046875,10546.669921875,10216.5498046875,10512.150390625,10512.150390625,114156000
2020-02-27,10456.8203125,10461.169921875,10094.919921875,10205.4599609375,10205.4599609375,144743200
2020-02-28,10205.4599609375,10205.4599609375,9725.3203125,9831.0302734375,9831.0302734375,183600400
2020-03-02,9844.26953125,10136.6201171875,9790.419921875,9950.830078125,9950.830078125,155090700
2020-03-03,9999.51953125,10286.2900390625,9990.6103515625,10087.400390625,10087.400390625,139053100
2020-03-04,10128.759765625,10296.0302734375,10072.23046875,10251.3896484375,10251.3896484375,103471100
2020-03-05,10303.759765625,10321.419921875,10045.099609375,10143.5703125,10143.5703125,106754000
2020-03-06,10139.7802734375,10142.3095703125,9652.509765625,9736.8203125,9736.8203125,142806600
2020-03-09,9736.8203125,9736.8203125,9059.1103515625,9196.599609375,9196.599609375,223193300
2020-03-10,9247.6396484375,9576.0400390625,9150.5400390625,9195.9296875,9195.9296875,194117000
2020-03-11,9256.4501953125,9373.919921875,9130.1904296875,9152.5,9152.5,146253700
2020-03-12,9152.5,9152.5,8168.85986328125,8270.4404296875,8270.4404296875,265735200
2020-03-13,8282.509765625,9042.5400390625,8266.48046875,8367.5595703125,8367.5595703125,231693100
2020-03-16,8360.08984375,8391.2099609375,7650.22998046875,8227.080078125,8227.080078125,203959400
2020-03-17,8227.080078125,8627.48046875,7953.52978515625,8493.0400390625,8493.0400390625,154196900
2020-03-18,8493.0400390625,8493.0400390625,8094.89990234375,8338.740234375,8338.740234375,211120400
2020-03-19,8361.08984375,8782.240234375,8327.8603515625,8782.240234375,8782.240234375,187655200
2020-03-20,8782.150390625,9174.580078125,8623.8603515625,8623.8603515625,8623.8603515625,255263700
2020-03-23,8623.8603515625,8642.419921875,8160.7900390625,8160.7900390625,8160.7900390625,150088900
2020-03-24,8187.509765625,8733.3203125,8187.02001953125,8733.3203125,8733.3203125,140992000
2020-03-25,8772.01953125,9136.830078125,8664.4404296875,8989.16015625,8989.16015625,148182700
2020-03-26,8895.1796875,9203.98046875,8824.16015625,9203.98046875,9203.98046875,125626100
2020-03-27,9174.9501953125,9192.9697265625,8868.0498046875,8996.3701171875,8996.3701171875,110296800
2020-03-30,9047.7099609375,9174.3896484375,8866.349609375,9174.3896484375,9174.3896484375,94710900
2020-03-31,9184.7802734375,9370.849609375,9155.1103515625,9311.919921875,9311.919921875,107286200
2020-04-01,9311.919921875,9311.919921875,9036.73046875,9168.98046875,9168.98046875,88874800
2020-04-02,9212.08984375,9318.6103515625,9075.150390625,9270.9599609375,9270.9599609375,83439000
2020-04-03,9281.330078125,9309.8701171875,9219.099609375,9242.4404296875,9242.4404296875,70420600
2020-04-06,9259.73046875,9522.1103515625,9259.08984375,9462.33984375,9462.33984375,81874800
2020-04-07,9470.48046875,9695.83984375,9450.75,9514.599609375,9514.599609375,98119700
2020-04-08,9427.41015625,9452.9404296875,9350.2197265625,9432.3896484375,9432.3896484375,70188800
2020-04-09,9465.8603515625,9550.3701171875,9321.9296875,9452.830078125,9452.830078125,96880600
2020-04-14,9507.4599609375,9613.76953125,9499.23046875,9538.6103515625,9538.6103515625,78263800
2020-04-15,9529.6796875,9568.099609375,9309.9404296875,9320.2001953125,9320.2001953125,82825400
2020-04-16,9416.2001953125,9474.7998046875,9381.2001953125,9439.91015625,9439.91015625,89572200
2020-04-17,9455.16015625,9663.0302734375,9453.66015625,9612.830078125,9612.830078125,116140800
2020-04-20,9669.3203125,9785.26953125,9583.669921875,9785.26953125,9785.26953125,67183500
2020-04-21,9734.9599609375,9762.740234375,9544.4697265625,9547.849609375,9547.849609375,73139400
2020-04-22,9620.8896484375,9650.580078125,9566.5400390625,9630.5595703125,9630.5595703125,62898100
2020-04-23,9625.75,9701.599609375,9529.990234375,9625.48046875,9625.48046875,75278400
2020-04-24,9560,9679.6904296875,9552.349609375,9625.650390625,9625.650390625,69740700
2020-04-27,9610.400390625,9784.58984375,9610.400390625,9758.8203125,9758.8203125,77380000
2020-04-28,9787.3896484375,9948.83984375,9780.9501953125,9889.4599609375,9889.4599609375,117984300
2020-04-29,9847.41015625,9895.009765625,9799.080078125,9865.3203125,9865.3203125,106556400
2020-04-30,9850.8701171875,9877.2998046875,9629.400390625,9629.400390625,9629.400390625,113042100
2020-05-04,9618.9296875,9619.3798828125,9389.66015625,9390.26953125,9390.26953125,104022600
2020-05-05,9444.580078125,9512.169921875,9416.1396484375,9512.169921875,9512.169921875,79360900
2020-05-06,9506.2802734375,9597.330078125,9480.099609375,9571.7001953125,9571.7001953125,68767700
2020-05-07,9609.1298828125,9635.9599609375,9555.6103515625,9617.98046875,9617.98046875,65780900
2020-05-08,9666.66015625,9688.6298828125,9628.759765625,9665.349609375,9665.349609375,43191400
2020-05-11,9679.5302734375,9726.240234375,9590.740234375,9689.7099609375,9689.7099609375,55080300
2020-05-12,9693.0595703125,9760.5400390625,9674.0703125,9733.5302734375,9733.5302734375,54570300
2020-05-13,9679.8798828125,9694.3603515625,9621.490234375,9631.6201171875,9631.6201171875,78830600
2020-05-14,9581.599609375,9592.5,9393.4697265625,9448.1396484375,9448.1396484375,94220400
2020-05-15,9526.4404296875,9576.5703125,9474.1396484375,9483.099609375,9483.099609375,71676100
2020-05-18,9536.7197265625,9740.76953125,9533.7998046875,9740.76953125,9740.76953125,74284300
2020-05-19,9741.2099609375,9785.1796875,9703.6103515625,9764.23046875,9764.23046875,80453000
2020-05-20,9731.900390625,9790.849609375,9716.75,9790.849609375,9790.849609375,60840300
2020-05-22,9713.75,9729.2900390625,9604.3701171875,9688.990234375,9688.990234375,72600200
2020-05-25,9743.1298828125,9832.349609375,9711.75,9824.5400390625,9824.5400390625,42222900
2020-05-26,9879.0595703125,9884.330078125,9790.25,9830.830078125,9830.830078125,81597300
2020-05-27,9853.900390625,9856.91015625,9673.150390625,9716.51953125,9716.51953125,115382400
2020-05-28,9776.9296875,9966.0498046875,9769.4501953125,9926.0302734375,9926.0302734375,101197200
2020-05-29,9918.5,9944.5302734375,9823.73046875,9831.490234375,9831.490234375,135187200
2020-06-02,9874.83984375,9979.1796875,9872.9599609375,9951.4501953125,9951.4501953125,93010000
2020-06-03,9962.2197265625,10183.849609375,9954.08984375,10183.76953125,10183.76953125,112950100
2020-06-04,10152.58984375,10203.91015625,10024.01953125,10075.6796875,10075.6796875,97600400
2020-06-05,10082.5595703125,10190.3701171875,10061.830078125,10190.3701171875,10190.3701171875,100087300
2020-06-08,10114.01953125,10188.2998046875,10082.0498046875,10152.76953125,10152.76953125,85224500
2020-06-09,10153.3896484375,10206.6396484375,10112.4296875,10184.8203125,10184.8203125,98868000
2020-06-10,10190.0703125,10218.259765625,10122.3798828125,10147.1796875,10147.1796875,83175100
2020-06-11,10108.1796875,10116.7099609375,9828.580078125,9828.580078125,9828.580078125,101233600
2020-06-12,9800.009765625,9913.900390625,9723.8896484375,9796.3701171875,9796.3701171875,74554900
2020-06-15,9762.9501953125,9874.6103515625,9633.2001953125,9842.5595703125,9842.5595703125,74227700
2020-06-16,9873.4501953125,10098.5,9869.25,10034.2900390625,10034.2900390625,87519800
2020-06-17,10084.099609375,10218.0498046875,10074.9501953125,10202.1904296875,10202.1904296875,66131700
2020-06-18,10191.8798828125,10218.58984375,10131.6796875,10186.5,10186.5,72280400
2020-06-19,10226.5302734375,10291.4599609375,10200.4599609375,10266.2900390625,10266.2900390625,157011600
2020-06-22,10196.01953125,10272.9404296875,10144.8603515625,10151.1298828125,10151.1298828125,56464800
2020-06-23,10205.7197265625,10265.8203125,10180.8095703125,10246.5595703125,10246.5595703125,67986900
2020-06-24,10187.7802734375,10216.51953125,10021.990234375,10021.990234375,10021.990234375,75172800
2020-06-25,9976,10089.830078125,9925.9599609375,10089.830078125,10089.830078125,68197000
2020-06-26,10163.91015625,10172.150390625,10018.2001953125,10041.91015625,10041.91015625,68579300
2020-06-29,10021.8896484375,10080.849609375,10004.259765625,10060.4599609375,10060.4599609375,54857000
2020-06-30,10070.9599609375,10077.23046875,10000.8203125,10045.2998046875,10045.2998046875,53420200
2020-07-01,10027.4501953125,10142.2197265625,9991.490234375,10089.669921875,10089.669921875,62466500
2020-07-02,10157.830078125,10187.5595703125,10113.0302734375,10187.5595703125,10187.5595703125,66545900
2020-07-03,10204.490234375,10210.150390625,10110.25,10125.83984375,10125.83984375,33570300
2020-07-06,10248.8798828125,10268.1904296875,10197.3798828125,10253.3798828125,10253.3798828125,50513400
2020-07-07,10213.5400390625,10228.8603515625,10157.51953125,10207.9599609375,10207.9599609375,46365500
2020-07-08,10150.6201171875,10224.0703125,10145.3896484375,10178.41015625,10178.41015625,50649200
2020-07-09,10219.150390625,10265.830078125,10117.650390625,10143.3798828125,10143.3798828125,50169700
2020-07-10,10114.919921875,10242.3798828125,10113.490234375,10229.9697265625,10229.9697265625,47714100
2020-07-13,10298.8203125,10304.0400390625,10220.330078125,10300.9599609375,10300.9599609375,50905300
2020-07-14,10204.8798828125,10259.5,10117.6396484375,10259.5,10259.5,64966000
2020-07-15,10358.830078125,10501.33984375,10330.419921875,10460.009765625,10460.009765625,62956800
2020-07-16,10402.240234375,10433.4296875,10356.7001953125,10433.4296875,10433.4296875,50418800
2020-07-17,10428.900390625,10430.8896484375,10370.7197265625,10410.51953125,10410.51953125,45170400
2020-07-20,10388.16015625,10491.08984375,10341.51953125,10470.919921875,10470.919921875,45227100
2020-07-21,10495.2001953125,10535.330078125,10421.830078125,10444.0498046875,10444.0498046875,68407500
2020-07-22,10406.2099609375,10447.990234375,10375.98046875,10439.0400390625,10439.0400390625,60036500
2020-07-23,10456.66015625,10477.48046875,10367.6396484375,10383.3798828125,10383.3798828125,58846800
2020-07-24,10271.3798828125,10273.2802734375,10181.2998046875,10214.2099609375,10214.2099609375,50387400
2020-07-27,10174.7197265625,10297.23046875,10174.2802734375,10272.33984375,10272.33984375,46193800
2020-07-28,10292.2197265625,10320.2001953125,10222.8896484375,10277.2001953125,10277.2001953125,55779300
2020-07-29,10276.9404296875,10295.51953125,10242.400390625,10272.8095703125,10272.8095703125,54817100
2020-07-30,10267.6103515625,10274.0400390625,10007.849609375,10095.33984375,10095.33984375,73533200
2020-07-31,10127.0302734375,10199.6201171875,9984.990234375,10005.900390625,10005.900390625,70667400
2020-08-03,10013.3603515625,10279.7998046875,9999.5498046875,10229.669921875,10229.669921875,57347300
2020-08-04,10244.98046875,10256.919921875,10107.2900390625,10162.0400390625,10162.0400390625,52029900
2020-08-05,10199.3095703125,10220.8603515625,10097.8701171875,10097.9697265625,10097.9697265625,37789700
2020-08-06,10084.9599609375,10149.900390625,10015.4599609375,10067.1298828125,10067.1298828125,47558100
2020-08-07,10061.7001953125,10126.9296875,10039.0595703125,10068.0302734375,10068.0302734375,37232200
2020-08-10,10080.48046875,10144.1103515625,10061.1904296875,10090.91015625,10090.91015625,40074900
2020-08-11,10133.2900390625,10213.4697265625,10109.099609375,10153.240234375,10153.240234375,51399800
2020-08-12,10142.6201171875,10290.8701171875,10134.73046875,10278.66015625,10278.66015625,49916100
2020-08-13,10280.6298828125,10303.01953125,10243.26953125,10260.1103515625,10260.1103515625,41958000
2020-08-14,10225.9296875,10235.4501953125,10095.2197265625,10163.599609375,10163.599609375,37951200
2020-08-17,10174.919921875,10228.080078125,10120.41015625,10228.0595703125,10228.0595703125,32356400
2020-08-18,10189.6396484375,10257.9404296875,10142.4599609375,10168.400390625,10168.400390625,43962300
2020-08-19,10153.2998046875,10310.009765625,10139.3095703125,10310.009765625,10310.009765625,41386300
2020-08-20,10233.5595703125,10276.58984375,10209.2001953125,10229.919921875,10229.919921875,40438100
2020-08-21,10266.3701171875,10286.2197265625,10169.66015625,10218.2001953125,10218.2001953125,41312900
2020-08-24,10313.66015625,10356.75,10280.9404296875,10308.3896484375,10308.3896484375,42550700
2020-08-25,10330.099609375,10346.73046875,10231.25,10231.25,10231.25,43448300
2020-08-26,10205.1796875,10321.3203125,10202.1298828125,10309.650390625,10309.650390625,33630900
2020-08-27,10312.9296875,10331.4296875,10240.4599609375,10240.4599609375,10240.4599609375,39229000
2020-08-28,10233.48046875,10254.400390625,10147.150390625,10164.490234375,10164.490234375,41039300
2020-08-31,10196.2099609375,10245.01953125,10132.8095703125,10135.5595703125,10135.5595703125,50992800
2020-09-01,10228.9697265625,10283.1103515625,10154.3798828125,10188.849609375,10188.849609375,53980700
2020-09-02,10262.259765625,10415.6201171875,10254.599609375,10384.83984375,10384.83984375,61804500
2020-09-03,10452.099609375,10511.1298828125,10195.83984375,10220.6396484375,10220.6396484375,73835100
2020-09-04,10146.490234375,10309.5498046875,10091.98046875,10153.08984375,10153.08984375,62403800
2020-09-07,10211.9501953125,10341.8701171875,10204.419921875,10297.7998046875,10297.7998046875,39089800
2020-09-08,10320.83984375,10342.4599609375,10150.4404296875,10250.4404296875,10250.4404296875,57638000
2020-09-09,10290.0498046875,10430.6396484375,10274.349609375,10406.5703125,10406.5703125,54823400
2020-09-10,10394.8095703125,10425.7998046875,10333.5302734375,10387.4404296875,10387.4404296875,50728700
2020-09-11,10358.6103515625,10474.330078125,10356.2802734375,10439.51953125,10439.51953125,48064900
2020-09-14,10482.3896484375,10494.8603515625,10405.9599609375,10457.4296875,10457.4296875,67073800
2020-09-15,10476.919921875,10562.01953125,10452.91015625,10520,10520,56924900
2020-09-16,10519.740234375,10580.3798828125,10519.0302734375,10552.0400390625,10552.0400390625,60283500
2020-09-17,10441.9404296875,10544.349609375,10438.6103515625,10519.330078125,10519.330078125,57363200
2020-09-18,10532.259765625,10591.66015625,10508.3095703125,10539.169921875,10539.169921875,143369900
2020-09-21,10470.2998046875,10495.490234375,10276.5,10325.4404296875,10325.4404296875,80012800
2020-09-22,10364.150390625,10403.5498046875,10318.3203125,10355.5703125,10355.5703125,57844100
2020-09-23,10368.650390625,10439.740234375,10327.5400390625,10330.0595703125,10330.0595703125,52697100
2020-09-24,10237.4599609375,10269.1298828125,10156.0498046875,10211.5302734375,10211.5302734375,61950200
2020-09-25,10226.8095703125,10249.0703125,10118.080078125,10216.2802734375,10216.2802734375,64002500
2020-09-28,10336.5,10359.6396484375,10261.4296875,10308.669921875,10308.669921875,56841800
2020-09-29,10266.48046875,10284.9296875,10216.419921875,10229.2998046875,10229.2998046875,42698300
2020-09-30,10183.26953125,10266.9697265625,10169.7802734375,10187,10187,56143300
2020-10-01,10256.9501953125,10312.3701171875,10209.990234375,10238.1201171875,10238.1201171875,45560200
2020-10-02,10143.6396484375,10252.400390625,10130.7900390625,10252.400390625,10252.400390625,41456300
2020-10-05,10329.66015625,10345.330078125,10273.3603515625,10303.0595703125,10303.0595703125,44896300
2020-10-06,10292.669921875,10295.0595703125,10197.4697265625,10233.16015625,10233.16015625,49718300
2020-10-07,10227.259765625,10268.25,10158.1904296875,10187.8798828125,10187.8798828125,44272300
2020-10-08,10229.919921875,10307.8896484375,10195.6201171875,10270.240234375,10270.240234375,53936700
2020-10-09,10288.5302734375,10331.2001953125,10276.91015625,10320.0302734375,10320.0302734375,42461700
2020-10-12,10323.759765625,10390.400390625,10312.3798828125,10364.099609375,10364.099609375,42308100
2020-10-13,10371.2099609375,10407.009765625,10316.6201171875,10336.3603515625,10336.3603515625,49894500
2020-10-14,10360.76953125,10386.0302734375,10275.1396484375,10292.66015625,10292.66015625,43403900
2020-10-15,10173.7802734375,10173.7802734375,10032.4697265625,10067.9599609375,10067.9599609375,59476300
2020-10-16,10116.8603515625,10251.580078125,10111.25,10207.1298828125,10207.1298828125,56280300
2020-10-19,10263.169921875,10291.2802734375,10183.419921875,10184.3603515625,10184.3603515625,54076200
2020-10-20,10169.8798828125,10204.98046875,10122.51953125,10146.23046875,10146.23046875,75468300
2020-10-21,10147.419921875,10159.7001953125,9989.75,9989.75,9989.75,68040700
2020-10-22,9943.73046875,9999.0498046875,9890.1103515625,9999.0498046875,9999.0498046875,56533300
2020-10-23,9978.5,10061.4501953125,9971.3701171875,10023.900390625,10023.900390625,63848800
2020-10-26,9956.349609375,10029.9697265625,9946.9296875,9985.6201171875,9985.6201171875,55498900
2020-10-27,9978.509765625,10000.5595703125,9861.83984375,9887.490234375,9887.490234375,62059800
2020-10-28,9803.240234375,9803.41015625,9563.080078125,9618.650390625,9618.650390625,84886400
2020-10-29,9660.419921875,9670.650390625,9496.2197265625,9556.1396484375,9556.1396484375,82863100
2020-10-30,9504.0595703125,9587.150390625,9494.51953125,9587.150390625,9587.150390625,76409800
2020-11-02,9595.66015625,9802.5703125,9556.9296875,9791.6796875,9791.6796875,63103500
2020-11-03,9821.1298828125,10003.8203125,9817.23046875,10003.8203125,10003.8203125,77857500
2020-11-04,9996.5498046875,10301.26953125,9982.259765625,10286.7900390625,10286.7900390625,80496900
2020-11-05,10333.6103515625,10381.01953125,10268.91015625,10306.349609375,10306.349609375,66638300
2020-11-06,10263.3095703125,10350.3798828125,10221.650390625,10322.5703125,10322.5703125,58135700
2020-11-09,10405.9697265625,10644.2197265625,10350.0498046875,10417.990234375,10417.990234375,117789800
2020-11-10,10389.83984375,10422.669921875,10310.419921875,10360.6904296875,10360.6904296875,119435300
2020-11-11,10369.4296875,10558.6298828125,10367.2197265625,10532.26953125,10532.26953125,67520600
2020-11-12,10473.4404296875,10561.349609375,10459.41015625,10496.2001953125,10496.2001953125,59545100
2020-11-13,10494.4501953125,10513.900390625,10464.099609375,10492.6103515625,10492.6103515625,53386000
2020-11-16,10482.5595703125,10590.73046875,10460.6904296875,10586.740234375,10586.740234375,85383100
2020-11-17,10582.2001953125,10628.41015625,10540.7197265625,10565.1201171875,10565.1201171875,72691100
2020-11-18,10532.580078125,10619.259765625,10501.41015625,10563.8896484375,10563.8896484375,58946700
2020-11-19,10475.4296875,10517.080078125,10468.41015625,10490.76953125,10490.76953125,64913500
2020-11-20,10484.83984375,10528.330078125,10450.6103515625,10495.650390625,10495.650390625,68354200
2020-11-23,10529.8896484375,10553.3203125,10453.91015625,10464.400390625,10464.400390625,64019800
2020-11-24,10509.759765625,10514.9599609375,10435.01953125,10491.58984375,10491.58984375,77387500
2020-11-25,10500.1103515625,10543.259765625,10481.98046875,10488.26953125,10488.26953125,80364600
2020-11-26,10511.51953125,10524.8203125,10494.6904296875,10497.7900390625,10497.7900390625,41709200
2020-11-27,10496.2998046875,10505.7900390625,10452.1396484375,10501.1796875,10501.1796875,49216200
2020-11-30,10471.4296875,10551.16015625,10452.509765625,10476.4296875,10476.4296875,89565800
2020-12-01,10473.330078125,10495.1796875,10421.099609375,10449.2099609375,10449.2099609375,65052200
2020-12-02,10423.41015625,10476.349609375,10403.5400390625,10435.3603515625,10435.3603515625,67861900
2020-12-03,10429.8798828125,10452.830078125,10325.5302734375,10342.6298828125,10342.6298828125,63801500
2020-12-04,10369.08984375,10392.1796875,10338.91015625,10364.5,10364.5,108992400
2020-12-07,10375.01953125,10422.9599609375,10337.419921875,10375.3798828125,10375.3798828125,49305400
2020-12-08,10387.4404296875,10407.6201171875,10265.3095703125,10394.099609375,10394.099609375,48951200
2020-12-09,10412.83984375,10469.150390625,10378.51953125,10430.01953125,10430.01953125,43138700
2020-12-10,10462.509765625,10485.4501953125,10375.9501953125,10395.9599609375,10395.9599609375,66197100
2020-12-11,10379.8896484375,10423.669921875,10291.98046875,10391.759765625,10391.759765625,51078000
2020-12-14,10425.099609375,10459.76953125,10351.759765625,10373.0302734375,10373.0302734375,49927600
2020-12-15,10359.8095703125,10391.240234375,10319.419921875,10341.1796875,10341.1796875,61571900
2020-12-16,10381.51953125,10456.7802734375,10355.1396484375,10456.7802734375,10456.7802734375,78707400
2020-12-17,10486.0302734375,10569.7001953125,10478.5,10540.3603515625,10540.3603515625,62311700
2020-12-18,10543.5498046875,10594.650390625,10518.7001953125,10523.8603515625,10523.8603515625,105808900
2020-12-21,10433.98046875,10449.3203125,10237.9404296875,10305.51953125,10305.51953125,63535700
2020-12-22,10331.98046875,10413.9599609375,10329.990234375,10403.3701171875,10403.3701171875,37689600
2020-12-23,10402.8896484375,10439.9404296875,10376.7802734375,10411.919921875,10411.919921875,37571400
2020-12-28,10495.1298828125,10611.33984375,10495.1298828125,10603.490234375,10603.490234375,30110000
2020-12-29,10618.7099609375,10683.83984375,10599.8095703125,10682.0400390625,10682.0400390625,34004000
2020-12-30,10701.23046875,10749.6796875,10685.9404296875,10703.509765625,10703.509765625,35196000
2021-01-04,NA,NA,NA,NA,NA,NA
2021-01-05,10718.650390625,10793.599609375,10671.2802734375,10694.08984375,10694.08984375,55150900
2021-01-06,10674.8701171875,10759.2001953125,10620.740234375,10747.080078125,10747.080078125,79431400
2021-01-07,10743.5,10826.8701171875,10686.740234375,10778.669921875,10778.669921875,77904600
2021-01-08,10828.5302734375,10838.8603515625,10777.41015625,10797.990234375,10797.990234375,66305000
2021-01-11,10807.08984375,10883.23046875,10750.5400390625,10870.419921875,10870.419921875,50282000
2021-01-12,10883.1904296875,10896.3603515625,10829.099609375,10875.25,10875.25,56736900
2021-01-13,10874.2900390625,10907.08984375,10846.8798828125,10846.8798828125,10846.8798828125,47459000
2021-01-14,10847.23046875,10891.8701171875,10809.080078125,10850.8095703125,10850.8095703125,45420600
2021-01-15,10830.150390625,10901.2001953125,10825.23046875,10877.0595703125,10877.0595703125,78560900
2021-01-18,10864.990234375,10900.9404296875,10850.5703125,10888.5400390625,10888.5400390625,33619400
2021-01-19,10927.1796875,10944.8798828125,10869.4296875,10876.98046875,10876.98046875,48243600
2021-01-20,10888.7900390625,10993.5400390625,10872.7998046875,10945.4599609375,10945.4599609375,43803000
2021-01-21,10997.849609375,11004.4404296875,10908.7099609375,10913.1103515625,10913.1103515625,41193000
2021-01-22,NA,NA,NA,NA,NA,NA
2021-01-25,10980.33984375,11014.2802734375,10918.5595703125,10925.7001953125,10925.7001953125,55639400
2021-01-26,10933.8798828125,11013.8095703125,10919.91015625,10964.0498046875,10964.0498046875,70503700
2021-01-27,10921.599609375,11000.0498046875,10832.08984375,10904.240234375,10904.240234375,77861500
2021-01-28,10821.740234375,10918.3603515625,10712.7802734375,10849.8203125,10849.8203125,63703300
2021-01-29,10721.16015625,10742.8603515625,10591.0595703125,10591.0595703125,10591.0595703125,70159400
2021-02-01,10666.16015625,10751.66015625,10650.6396484375,10740.2197265625,10740.2197265625,46901200
2021-02-02,10755.91015625,10857.0498046875,10748.900390625,10803.5703125,10803.5703125,51701500
2021-02-03,10866.509765625,10887.509765625,10762.830078125,10775.6796875,10775.6796875,46200500
2021-02-04,10739.2001953125,10866.6298828125,10731.6796875,10860.9501953125,10860.9501953125,53655400
2021-02-05,10855.599609375,10857,10745.0302734375,10755.4697265625,10755.4697265625,43441300
2021-02-08,10803.9697265625,10844.1103515625,10778.830078125,10778.830078125,10778.830078125,44225100
2021-02-09,10757.1396484375,10817.7099609375,10735.16015625,10803.669921875,10803.669921875,40861800
2021-02-10,10818.1396484375,10900.1103515625,10774.9404296875,10825.75,10825.75,42872800
2021-02-11,10821.7802734375,10881.169921875,10813,10852.91015625,10852.91015625,33699400
2021-02-12,10836.599609375,10890.8203125,10816.7099609375,10880.3701171875,10880.3701171875,31203400
2021-02-15,NA,NA,NA,NA,NA,NA
2021-02-16,10924.599609375,10953.419921875,10900.1796875,10907.599609375,10907.599609375,40831000
2021-02-17,NA,NA,NA,NA,NA,NA
2021-02-18,10809.830078125,10834.259765625,10714.5595703125,10717.7099609375,10717.7099609375,51069500
2021-02-19,10744.3701171875,10773.76953125,10704.75,10704.75,10704.75,60375700
2021-02-22,10632.1103515625,10716.26953125,10610.650390625,10697.3798828125,10697.3798828125,46867500
2021-02-23,10702.0595703125,10729.740234375,10529.0302734375,10609.0302734375,10609.0302734375,51072400
2021-02-24,10630.58984375,10771.25,10626.76953125,10727.7001953125,10727.7001953125,59226200
2021-02-25,10745.2001953125,10746.08984375,10656.650390625,10658.8701171875,10658.8701171875,46972600
2021-02-26,10532.3095703125,10686.01953125,10513.4296875,10522.2197265625,10522.2197265625,64961800
2021-03-01,10659.259765625,10713.41015625,10606.080078125,10706.58984375,10706.58984375,47871700
2021-03-02,10713.1201171875,10855.990234375,10704.3798828125,10817.150390625,10817.150390625,55409100
2021-03-03,NA,NA,NA,NA,NA,NA
2021-03-04,10720.23046875,10769.3798828125,10688.3095703125,10750.08984375,10750.08984375,54422700
2021-03-05,10657.8798828125,10691.5302734375,10607.7900390625,10607.7900390625,10607.7900390625,55107700
2021-03-08,10687.66015625,10838.2900390625,10659.0703125,10830.3798828125,10830.3798828125,55306400
2021-03-09,10775.0703125,10857.9697265625,10746.7099609375,10857.9697265625,10857.9697265625,53954400
2021-03-10,10801.23046875,10933.8896484375,10788.33984375,10909.76953125,10909.76953125,46792000
2021-03-11,10894.83984375,10917.740234375,10859.5,10883.23046875,10883.23046875,51944900
2021-03-12,10850.3896484375,10872.2099609375,10830.2802734375,10839.9296875,10839.9296875,49626500
2021-03-15,10858.5,10905.1904296875,10842.830078125,10867.330078125,10867.330078125,45830100
2021-03-16,10925.0498046875,10968.5400390625,10916,10944.48046875,10944.48046875,485900
2021-03-17,10934.4697265625,10947.3896484375,10881.5,10922.490234375,10922.490234375,508800
2021-03-18,10912.75,10983.23046875,10896.41015625,10973.759765625,10973.759765625,68762600
2021-03-19,10915.4697265625,10975.900390625,10891.669921875,10967.3701171875,10967.3701171875,143857700
2021-03-22,10931.5595703125,11048.580078125,10928.33984375,11048.580078125,11048.580078125,51626500
2021-03-23,11030.8896484375,11118.330078125,11016.2099609375,11098.66015625,11098.66015625,48422000
2021-03-24,11048.58984375,11106.9404296875,11033.3701171875,11063.8701171875,11063.8701171875,43812200
2021-03-25,11026.650390625,11102.7802734375,11017.3203125,11098.8095703125,11098.8095703125,52085500
2021-03-26,11113.900390625,11143.8603515625,11091.6298828125,11116.8095703125,11116.8095703125,46264000
2021-03-29,11127.740234375,11132,11058.6904296875,11089.599609375,11089.599609375,117373800
2021-03-30,11110.6396484375,11138.1103515625,11079.8798828125,11121.419921875,11121.419921875,79382900
2021-03-31,11114.8896484375,11123.259765625,11047.01953125,11047.3701171875,11047.3701171875,76397500
2021-04-01,11102.2900390625,11141.2001953125,11080.5595703125,11118.0302734375,11118.0302734375,53530400
2021-04-06,11170.599609375,11213.7900390625,11142.669921875,11182.9501953125,11182.9501953125,80579800
2021-04-07,11147.3701171875,11163.33984375,11108.330078125,11128.1796875,11128.1796875,53400300
2021-04-08,11129.1396484375,11206.8798828125,11128.669921875,11206.8798828125,11206.8798828125,45600000
2021-04-09,11206.849609375,11247.009765625,11190.7001953125,11238.51953125,11238.51953125,59491200
2021-04-12,11220.76953125,11238.3798828125,11166.3203125,11181.349609375,11181.349609375,43543800
2021-04-13,11174.080078125,11180.9599609375,11094.83984375,11122.3701171875,11122.3701171875,49992700
2021-04-14,11135.6904296875,11182.330078125,11121.8701171875,11156.2099609375,11156.2099609375,54605000
2021-04-15,11160.900390625,11226.25,11156.5595703125,11198.7001953125,11198.7001953125,51925500
2021-04-16,11198.580078125,11262.9697265625,11169.009765625,11262.9697265625,11262.9697265625,60213200
2021-04-19,11245.009765625,11266.7802734375,11183.5595703125,11209.83984375,11209.83984375,47832700
2021-04-20,11203.080078125,11216.349609375,11065.8701171875,11078.98046875,11078.98046875,53953700
2021-04-21,11119.4404296875,11229.150390625,11117.6201171875,11209.08984375,11209.08984375,57623700
2021-04-22,11214.23046875,11254.91015625,11197.5400390625,11224.900390625,11224.900390625,99097900
2021-04-23,11211.91015625,11217.8896484375,11130.3095703125,11200.5400390625,11200.5400390625,60883900
2021-04-26,11194.400390625,11201.7998046875,11131.1904296875,11162.08984375,11162.08984375,54299300
2021-04-27,11147.580078125,11178.419921875,11068.23046875,11092.080078125,11092.080078125,61400400
2021-04-28,11106.8203125,11126.6904296875,11070.7197265625,11103.4599609375,11103.4599609375,50802200
2021-04-29,11137.1796875,11162.2001953125,11064.2802734375,11079.509765625,11079.509765625,49377400
2021-04-30,11103.990234375,11123.349609375,11022.33984375,11022.33984375,11022.33984375,48384300
2021-05-03,11072.5400390625,11148.0595703125,11056.7099609375,11119,11119,34465500
2021-05-04,11123.4404296875,11144.830078125,10959.7802734375,10970.9296875,10970.9296875,49994300
2021-05-05,NA,NA,NA,NA,NA,NA
2021-05-06,11129.849609375,11139.6298828125,11062.6904296875,11111.099609375,11111.099609375,49963800
2021-05-07,11140.830078125,11173.5703125,11106.419921875,11173.5703125,11173.5703125,47442300
2021-05-10,11157.759765625,11159.080078125,11086.98046875,11123.669921875,11123.669921875,40932200
2021-05-11,NA,NA,NA,NA,NA,NA
2021-05-12,11014.330078125,11069.240234375,10981.7998046875,11033.900390625,11033.900390625,47616100
2021-05-14,11101.48046875,11129.8701171875,11066.599609375,11120.76953125,11120.76953125,41027200
2021-05-17,11133.2998046875,11163.990234375,11084.51953125,11135.3701171875,11135.3701171875,39926000
2021-05-18,11178.4697265625,11205.6904296875,11116.2998046875,11141.75,11141.75,36718300
2021-05-19,11060.740234375,11099.5400390625,10993.7197265625,11045.2001953125,11045.2001953125,46757000
2021-05-20,11091.3203125,11152.080078125,11054.419921875,11152.080078125,11152.080078125,42271500
2021-05-21,11205.8095703125,11239.2001953125,11138.900390625,11225.580078125,11225.580078125,43988800
2021-05-25,NA,NA,NA,NA,NA,NA
2021-05-26,11325.419921875,11382.3203125,11310.419921875,11348.740234375,11348.740234375,40702000
2021-05-27,11341.1904296875,11408.6103515625,11321.1103515625,11340.26953125,11340.26953125,77076000
2021-05-28,11345.400390625,11443.9697265625,11326.75,11426.150390625,11426.150390625,40919400
2021-05-31,NA,NA,NA,NA,NA,NA
2021-06-01,11415.2001953125,11501.349609375,11389.8798828125,11434.8798828125,11434.8798828125,38214700
2021-06-02,11455.7900390625,11495.3095703125,11455.5400390625,11470.349609375,11470.349609375,32650400
2021-06-03,11445.7998046875,11510.599609375,11424.8095703125,11510.599609375,11510.599609375,31906400
2021-06-04,11514.9501953125,11570.6796875,11505.2099609375,11570.6796875,11570.6796875,29857200
2021-06-07,11535.8798828125,11641.3095703125,11530.6396484375,11630.66015625,11630.66015625,29567100
2021-06-08,11664.23046875,11702.919921875,11647.0498046875,11656.8896484375,11656.8896484375,42707900
2021-06-09,11639.599609375,11788.099609375,11630.509765625,11788.099609375,11788.099609375,36219900
2021-06-10,NA,NA,NA,NA,NA,NA
2021-06-11,11798.98046875,11873.6298828125,11783.41015625,11841.2998046875,11841.2998046875,35631000
2021-06-14,11871.1298828125,11895.5400390625,11837.8896484375,11866.41015625,11866.41015625,30023700
2021-06-15,11902.5400390625,11963.599609375,11892.4697265625,11921.9697265625,11921.9697265625,34317900
2021-06-16,11935.259765625,11995.8203125,11923.3095703125,11982.0302734375,11982.0302734375,43487400
2021-06-17,11943.7099609375,12017.759765625,11914.51953125,12011.1103515625,12011.1103515625,53742700
2021-06-18,12023.2802734375,12072.1103515625,11930.98046875,11941.25,11941.25,148055100
2021-06-21,11882.5400390625,11995.6298828125,11874.1103515625,11995.6298828125,11995.6298828125,39384200
2021-06-22,11983.259765625,11991.3095703125,11913.4404296875,11982.48046875,11982.48046875,34162400
2021-06-23,11965.08984375,11988,11898.6201171875,11898.6201171875,11898.6201171875,37293700
2021-06-24,11929.91015625,12010.58984375,11925.91015625,11993.6396484375,11993.6396484375,39141800
2021-06-25,11974.5302734375,12003.6904296875,11970.4404296875,11999.7001953125,11999.7001953125,32556100
2021-06-28,11997.6396484375,12035.9501953125,11986.8798828125,12009.169921875,12009.169921875,30879200
2021-06-29,12015.580078125,12071.2900390625,12012.41015625,12028.4501953125,12028.4501953125,32486000
2021-06-30,12022.5703125,12034.919921875,11931.48046875,11942.7197265625,11942.7197265625,37611300
2021-07-01,11993.98046875,12015.66015625,11901.8603515625,11977.0302734375,11977.0302734375,29583100
2021-07-02,12023.4599609375,12061.580078125,11939.8203125,11964.83984375,11964.83984375,30848200
2021-07-05,NA,NA,NA,NA,NA,NA
2021-07-06,11959.6904296875,12025.4404296875,11933.4697265625,11965.2197265625,11965.2197265625,30616700
2021-07-07,11990.4697265625,12085.509765625,11990.4697265625,12085.509765625,12085.509765625,34846200
2021-07-08,12034.51953125,12035.509765625,11863.8095703125,11924.66015625,11924.66015625,46662900
2021-07-09,11949.9697265625,12005.4501953125,11935.490234375,11989.8095703125,11989.8095703125,38359200
2021-07-12,11979.8603515625,12081.6201171875,11959.9296875,12081.6201171875,12081.6201171875,30658300
2021-07-13,12061.080078125,12078.919921875,12019.8603515625,12071.0498046875,12071.0498046875,30458200
2021-07-14,12038.8095703125,12060.4599609375,11985.7900390625,12043.349609375,12043.349609375,28712900
2021-07-15,12025.48046875,12059.6298828125,11960.6298828125,11976.7900390625,11976.7900390625,32426200
2021-07-16,12022.5498046875,12057.0302734375,11969.6298828125,12026.5,12026.5,34846300
2021-07-19,11957.3701171875,11979.3203125,11799.23046875,11862.080078125,11862.080078125,49569500
2021-07-20,11929.3203125,11985.8896484375,11900.2001953125,11945.6796875,11945.6796875,44864000
2021-07-21,12020.2900390625,12048.5498046875,11983.23046875,12021.580078125,12021.580078125,43445000
2021-07-22,12056.3896484375,12060.16015625,11927.6201171875,11977,11977,35470900
2021-07-23,12033.0400390625,12142.599609375,12016.169921875,12130.830078125,12130.830078125,30945700
2021-07-26,12099.1796875,12099.1796875,12027.4697265625,12049.6298828125,12049.6298828125,32066900
2021-07-27,12002.830078125,12043.3798828125,11940.7998046875,12021.08984375,12021.08984375,29190200
2021-07-28,12055.9697265625,12080.150390625,12032.9697265625,12073.23046875,12073.23046875,26441600
2021-07-29,12033.5400390625,12115.5595703125,12024.3701171875,12086.740234375,12086.740234375,45240200
2021-07-30,12005.91015625,12146.6796875,11998.580078125,12116.8203125,12116.8203125,40744000
2021-08-02,12165.2099609375,12194.3701171875,12124.3603515625,12171.01953125,12171.01953125,34491000
2021-08-03,12170.1396484375,12215.6201171875,12139.8095703125,12163.2197265625,12163.2197265625,31881900
2021-08-04,12201.9697265625,12214.1904296875,12169.8896484375,12178.740234375,12178.740234375,29660400
2021-08-05,12185.8701171875,12211.6298828125,12167.240234375,12199.8203125,12199.8203125,29806400
2021-08-06,12198.400390625,12215.580078125,12149.6796875,12176.2998046875,12176.2998046875,32601400
2021-08-09,12211.7099609375,12321.3701171875,12211.51953125,12310.75,12310.75,24012500
2021-08-10,12305.4599609375,12382.7099609375,12305.2998046875,12361.6904296875,12361.6904296875,26956900
2021-08-11,12385.4404296875,12426.150390625,12361.490234375,12387.900390625,12387.900390625,28623600
2021-08-12,12412.41015625,12443.58984375,12405.8095703125,12429.169921875,12429.169921875,27423800
2021-08-13,12452,12478.66015625,12442.0703125,12464.4404296875,12464.4404296875,21459200
2021-08-16,12431.5302734375,12442.7802734375,12376.0595703125,12419.1396484375,12419.1396484375,31025600
2021-08-17,12412.009765625,12496.9501953125,12392.66015625,12477.4404296875,12477.4404296875,28522200
2021-08-18,12458.3701171875,12573.4296875,12456.919921875,12545.349609375,12545.349609375,30905500
2021-08-19,12453.1103515625,12453.6103515625,12296.9501953125,12403.580078125,12403.580078125,41872700
2021-08-20,12409.919921875,12427.2998046875,12327.2900390625,12415.66015625,12415.66015625,34594300
2021-08-23,12483.91015625,12490.509765625,12423.73046875,12476.8701171875,12476.8701171875,24797300
2021-08-24,12505.9697265625,12524.099609375,12409.1298828125,12436.66015625,12436.66015625,28337000
2021-08-25,12436.5400390625,12447.419921875,12325.8095703125,12364.5703125,12364.5703125,32918900
2021-08-26,12344.490234375,12424.25,12329.76953125,12409.0302734375,12409.0302734375,25313600
2021-08-27,12390.419921875,12453.1201171875,12381.7900390625,12439,12439,23217600
2021-08-30,12419.8701171875,12444.58984375,12404.349609375,12436.580078125,12436.580078125,21042600
2021-08-31,12457.4404296875,12494.650390625,12398.33984375,12411.1103515625,12411.1103515625,55904300
2021-09-01,12472.0400390625,12491.1796875,12415.7998046875,12432.7900390625,12432.7900390625,36177600
2021-09-02,12440.51953125,12469.26953125,12424.75,12432.4599609375,12432.4599609375,27198900
2021-09-03,12432.0400390625,12436.2099609375,12296.1201171875,12351.83984375,12351.83984375,30421300
2021-09-06,12383.259765625,12448.4501953125,12378.919921875,12430.23046875,12430.23046875,26128800
2021-09-07,12420.330078125,12420.330078125,12322.6796875,12344.3798828125,12344.3798828125,32887900
2021-09-08,12251.0400390625,12255.8896484375,12155.6298828125,12215.1396484375,12215.1396484375,38254100
2021-09-09,12157.669921875,12189.6796875,12108.1904296875,12116.4296875,12116.4296875,38788900
2021-09-10,12128.26953125,12158.9296875,12049.9404296875,12060.6396484375,12060.6396484375,31418500
2021-09-13,12088.6298828125,12168.51953125,12074.8095703125,12074.8095703125,12074.8095703125,30952600
2021-09-14,12077.400390625,12129.73046875,12053.2001953125,12097.2802734375,12097.2802734375,33220900
2021-09-15,12091.599609375,12091.599609375,11977.990234375,11984.830078125,11984.830078125,44452500
2021-09-16,12031.16015625,12099.259765625,12024.669921875,12028.4404296875,12028.4404296875,36687600
2021-09-17,12116.6396484375,12128.7099609375,11929.6103515625,11935.5302734375,11935.5302734375,93998000
2021-09-20,11787.1796875,11818.419921875,11643.419921875,11766.419921875,11766.419921875,74303700
2021-09-21,11793.8095703125,11845.8798828125,11765.4404296875,11789.169921875,11789.169921875,45103700
2021-09-22,11855.5703125,11876.8896484375,11797.990234375,11837.5703125,11837.5703125,43330100
2021-09-23,11930.6796875,11978.419921875,11905,11938.6201171875,11938.6201171875,32377900
2021-09-24,11907.8203125,11928.509765625,11805.509765625,11817.2001953125,11817.2001953125,29207200
2021-09-27,11880.509765625,11881.6103515625,11691.1796875,11691.1796875,11691.1796875,37626400
2021-09-28,11652.240234375,11663.4599609375,11465.58984375,11485.580078125,11485.580078125,42850400
2021-09-29,11592.990234375,11656.3603515625,11571,11628.330078125,11628.330078125,35365100
2021-09-30,11726.419921875,11734.6103515625,11586.2998046875,11642.4501953125,11642.4501953125,41747000
2021-10-01,11491.080078125,11581.9296875,11450.66015625,11575.3701171875,11575.3701171875,39389900
2021-10-04,11537.419921875,11641.599609375,11536.490234375,11582.349609375,11582.349609375,33456200
2021-10-05,11553.5302734375,11617.3203125,11550.01953125,11587,11587,31282300
2021-10-06,11530.349609375,11577.8095703125,11381.740234375,11569.3896484375,11569.3896484375,36402800
2021-10-07,11688.4501953125,11771.7099609375,11677.9404296875,11763.6396484375,11763.6396484375,43403500
2021-10-08,11751.169921875,11770.150390625,11690.5498046875,11764.990234375,11764.990234375,34056300
2021-10-11,11743.8203125,11779.73046875,11699.169921875,11771.5703125,11771.5703125,25855900
2021-10-12,11665.0400390625,11803.8203125,11645.4296875,11756.759765625,11756.759765625,27957400
2021-10-13,11711.009765625,11827.9404296875,11677.8701171875,11814.58984375,11814.58984375,35664600
2021-10-14,11849.7197265625,11892.51953125,11786.25,11892.51953125,11892.51953125,35804600
2021-10-15,11910.4501953125,11970.6298828125,11876.900390625,11961.33984375,11961.33984375,37327000
2021-10-18,11949.8203125,11980.169921875,11916.4296875,11968.080078125,11968.080078125,26580300
2021-10-19,11972.5,11975.0498046875,11862.990234375,11942.740234375,11942.740234375,29007700
2021-10-20,12002.01953125,12062.2001953125,11995.2001953125,12013.150390625,12013.150390625,34986100
2021-10-21,11959.4501953125,12053,11959.4501953125,12039.1396484375,12039.1396484375,34876200
2021-10-22,12036.490234375,12073.4697265625,12020.990234375,12056.2099609375,12056.2099609375,27404400
2021-10-25,12051.3203125,12063.169921875,11992.849609375,12063.169921875,12063.169921875,31718800
2021-10-26,12124.759765625,12146.51953125,12084.7998046875,12146.51953125,12146.51953125,37680600
2021-10-27,12135.099609375,12141.01953125,12075.8701171875,12087.4501953125,12087.4501953125,34644000
2021-10-28,12075.669921875,12153.099609375,12064.2099609375,12153.099609375,12153.099609375,37475500
2021-10-29,12097.9599609375,12109.3896484375,12041.83984375,12108.169921875,12108.169921875,39522300
2021-11-01,12174.919921875,12216.330078125,12133.759765625,12216.330078125,12216.330078125,48052200
2021-11-02,12208.33984375,12321,12191.75,12321,12321,32714300
2021-11-03,12312.1904296875,12383.26953125,12277.3203125,12383.26953125,12383.26953125,42025200
2021-11-04,12496.76953125,12512.1201171875,12400.08984375,12403.0498046875,12403.0498046875,48899900
2021-11-05,12386.2099609375,12470.1298828125,12321.26953125,12321.849609375,12321.849609375,39793500
2021-11-08,12349.759765625,12392.4404296875,12327.6201171875,12353.349609375,12353.349609375,31395800
2021-11-09,12324.919921875,12410.5498046875,12315.08984375,12367.51953125,12367.51953125,32268300
2021-11-10,12371.490234375,12427.6396484375,12361.1298828125,12401.400390625,12401.400390625,34502000
2021-11-11,12354.3896484375,12462.6201171875,12348.1796875,12421.080078125,12421.080078125,31407600
2021-11-12,12418.66015625,12516.0498046875,12418.66015625,12516.0498046875,12516.0498046875,32992300
2021-11-15,12492.73046875,12544.3701171875,12485.849609375,12517.1201171875,12517.1201171875,25646200
2021-11-16,12505.240234375,12574.48046875,12482.349609375,12557.33984375,12557.33984375,35364800
2021-11-17,12555.83984375,12605.6904296875,12533.9404296875,12600.150390625,12600.150390625,37959300
2021-11-18,12622.83984375,12625.8095703125,12537.599609375,12553.1904296875,12553.1904296875,35809000
2021-11-19,12577.0703125,12622.91015625,12543.1103515625,12545.009765625,12545.009765625,52953700
2021-11-22,12535.099609375,12571.75,12491.25,12510.8095703125,12510.8095703125,39452500
2021-11-23,12458.6904296875,12458.6904296875,12336.8603515625,12366.73046875,12366.73046875,40782300
2021-11-24,12396.650390625,12424.75,12336.7998046875,12395.7197265625,12395.7197265625,32061100
2021-11-25,12428.33984375,12468.16015625,12410.8896484375,12449.6796875,12449.6796875,20899800
2021-11-26,12161,12304.5703125,12157.5,12199.2099609375,12199.2099609375,60308000
2021-11-29,12223.259765625,12285.7998046875,12193.759765625,12220.740234375,12220.740234375,42208700
2021-11-30,12145.1201171875,12234.830078125,12071.669921875,12159.6904296875,12159.6904296875,100668400
2021-12-01,12207.759765625,12292.8603515625,12139.240234375,12266.4599609375,12266.4599609375,37654500
2021-12-02,12207.5595703125,12211.1201171875,12093.3701171875,12177.51953125,12177.51953125,41804300
2021-12-03,12234.5400390625,12296.08984375,12146.099609375,12175.76953125,12175.76953125,38486500
2021-12-06,12276.1904296875,12407.990234375,12230.7001953125,12375.349609375,12375.349609375,41649900
2021-12-07,12457.9599609375,12531.7099609375,12436.16015625,12513.6201171875,12513.6201171875,42630100
2021-12-08,12579.9599609375,12687.849609375,12573.6201171875,12597.4296875,12597.4296875,36864500
2021-12-09,12620.2197265625,12639.41015625,12572.0498046875,12607.6298828125,12607.6298828125,30061800
2021-12-10,12572.0595703125,12637.240234375,12520.7900390625,12607.73046875,12607.73046875,27548100
2021-12-13,12607.830078125,12637.2099609375,12551.2802734375,12551.2802734375,12551.2802734375,38956500
2021-12-14,12607.8095703125,12619.9599609375,12411.580078125,12411.580078125,12411.580078125,32956900
2021-12-15,12435.9404296875,12533.7197265625,12432.1396484375,12530.9501953125,12530.9501953125,35515900
2021-12-16,12704.91015625,12823.2998046875,12692.25,12790.8896484375,12790.8896484375,49866400
2021-12-17,12787.7197265625,12787.7197265625,12652.2802734375,12715.48046875,12715.48046875,88796700
2021-12-20,12548.2099609375,12622.9296875,12467.7197265625,12589.8896484375,12589.8896484375,44341500
2021-12-21,12675.58984375,12706.8603515625,12624.1396484375,12682.5302734375,12682.5302734375,35391800
2021-12-22,12681.400390625,12713.900390625,12601.509765625,12713.900390625,12713.900390625,23737300
2021-12-23,12717.330078125,12787.9599609375,12695.58984375,12785.3203125,12785.3203125,25194700
2021-12-27,12742.73046875,12893.3896484375,12742.1298828125,12866.900390625,12866.900390625,17421800
2021-12-28,12888.5302734375,12977.2099609375,12885.509765625,12970.5302734375,12970.5302734375,16142900
2021-12-29,12953.3203125,12966.2998046875,12877.990234375,12926.5595703125,12926.5595703125,17872600
2021-12-30,12925.6904296875,12980.1396484375,12875.66015625,12875.66015625,12875.66015625,20457100
2022-01-03,12934.419921875,12997.150390625,12905.5302734375,12939.169921875,12939.169921875,30070400
2022-01-04,12977.58984375,12979.759765625,12884.48046875,12900.9697265625,12900.9697265625,38722000
2022-01-05,12868,12906.3701171875,12825.900390625,12906.3701171875,12906.3701171875,33319300
2022-01-06,12754.509765625,12816.1201171875,12728.4404296875,12792.2802734375,12792.2802734375,40330300
2022-01-07,12754.41015625,12821.4404296875,12715.490234375,12797.9404296875,12797.9404296875,42708300
2022-01-10,12802.759765625,12811.169921875,12560.7001953125,12597.349609375,12597.349609375,50021100
2022-01-11,12740.599609375,12772.6298828125,12691.2998046875,12709.7099609375,12709.7099609375,45521100
2022-01-12,12737.8896484375,12740.6103515625,12629.3798828125,12670.4697265625,12670.4697265625,38966100
2022-01-13,12626.509765625,12662.4501953125,12589.4599609375,12620.4404296875,12620.4404296875,35179000
2022-01-14,12512.2998046875,12596.4296875,12506.580078125,12525.6298828125,12525.6298828125,35254800
2022-01-17,12560.919921875,12657.5703125,12547.009765625,12633.2099609375,12633.2099609375,33568500
2022-01-18,12556.1396484375,12562,12484.4404296875,12529.5595703125,12529.5595703125,38853100
2022-01-19,12465.2802734375,12570.0595703125,12448.4404296875,12525.6904296875,12525.6904296875,41889400
2022-01-20,12510.0302734375,12575.3896484375,12449.1904296875,12560.7001953125,12560.7001953125,33591900
2022-01-21,12433.2900390625,12467.01953125,12304.01953125,12355.5400390625,12355.5400390625,56612000
2022-01-24,12292.6298828125,12304.2099609375,11878.26953125,11881.2998046875,11881.2998046875,78440500
2022-01-25,11914.330078125,11996.169921875,11867.7802734375,11945.6904296875,11945.6904296875,59880000
2022-01-26,12053.1796875,12161.2099609375,12042.4501953125,12098.259765625,12098.259765625,46058100
2022-01-27,11924.66015625,12205.25,11917.7099609375,12176.900390625,12176.900390625,47700000
2022-01-28,12154.759765625,12166.8701171875,11958.6904296875,12104.4404296875,12104.4404296875,44822800
2022-01-31,12201.8896484375,12291.900390625,12175.7802734375,12226.7001953125,12226.7001953125,46861100
2022-02-01,12338.5400390625,12408.7998046875,12304.830078125,12359.7998046875,12359.7998046875,57512100
2022-02-02,12337.51953125,12414.419921875,12324.919921875,12360.3701171875,12360.3701171875,56340600
2022-02-03,12269.919921875,12349.3095703125,12205.0498046875,12234.150390625,12234.150390625,49183800
2022-02-04,12289.8896484375,12305.7900390625,12121.6201171875,12140.25,12140.25,41373300
2022-02-07,12193.3798828125,12214.33984375,12110.400390625,12193.8095703125,12193.8095703125,38826300
2022-02-08,12218.41015625,12256.5595703125,12131.51953125,12155.66015625,12155.66015625,41798400
2022-02-09,12260.349609375,12422.9501953125,12259.83984375,12367.8203125,12367.8203125,46249900
2022-02-10,12377.51953125,12391.41015625,12279.599609375,12313.16015625,12313.16015625,81135300
2022-02-11,12220.8701171875,12291.650390625,12186.25,12231.9697265625,12231.9697265625,47523000
2022-02-14,12050.2099609375,12088.2197265625,11924.5498046875,12026.3701171875,12026.3701171875,56321900
2022-02-15,12016.0703125,12210.599609375,12016.0703125,12181.8603515625,12181.8603515625,44583400
2022-02-16,12212.6796875,12268.669921875,12166.099609375,12191.5703125,12191.5703125,34605200
2022-02-17,12184.83984375,12197.8603515625,12032.73046875,12075.26953125,12075.26953125,41357900
2022-02-18,12100.169921875,12157.6201171875,11981.0595703125,12010.08984375,12010.08984375,45659000
2022-02-21,12055.7197265625,12095.2197265625,11852.990234375,11891.8798828125,11891.8798828125,46645300
2022-02-22,11695.1796875,11979.4599609375,11687.5595703125,11959.3896484375,11959.3896484375,53590300
2022-02-23,11988.7998046875,12125.16015625,11941.8896484375,11941.8896484375,11941.8896484375,38248400
2022-02-24,11641.66015625,11736.23046875,11480.759765625,11636.759765625,11636.759765625,87801500
2022-02-25,11672.01953125,11995.9599609375,11665.2900390625,11987.3095703125,11987.3095703125,72140000
2022-02-28,11857.8603515625,11989.9501953125,11842.759765625,11986.7802734375,11986.7802734375,75288800
2022-03-01,11987.4404296875,12021.7197265625,11789.75,11862.2802734375,11862.2802734375,72009200
2022-03-02,11784.8603515625,11906.75,11668.9599609375,11871.58984375,11871.58984375,76002100
2022-03-03,11838.9296875,11878.1298828125,11658.830078125,11675.7001953125,11675.7001953125,57692100
2022-03-04,11592.759765625,11609.5302734375,11291.83984375,11300.1298828125,11300.1298828125,90559500
2022-03-07,11154.330078125,11299.9296875,10871.240234375,11204.669921875,11204.669921875,97185400
2022-03-08,11116.9599609375,11370.8798828125,10958.5302734375,11057.0595703125,11057.0595703125,96813300
2022-03-09,11175.8896484375,11493.3603515625,11164.6298828125,11493.3603515625,11493.3603515625,90776000
2022-03-10,11517.1796875,11546.3203125,11388.73046875,11391.099609375,11391.099609375,63392600
2022-03-11,11444.0400390625,11674.0498046875,11381.6796875,11495.6904296875,11495.6904296875,66683200
2022-03-14,11514.3095703125,11697.419921875,11494.990234375,11678.9404296875,11678.9404296875,54495700
2022-03-15,11599.48046875,11702.599609375,11510.490234375,11682.2197265625,11682.2197265625,52958700
2022-03-16,11832.5703125,11980.3203125,11821.9697265625,11900.9599609375,11900.9599609375,65912900
2022-03-17,11926.6103515625,12061.8701171875,11889.2802734375,12061.8701171875,12061.8701171875,57508900
2022-03-18,12075.83984375,12184.990234375,11997.599609375,12184.990234375,12184.990234375,116916000
2022-03-21,12164.4404296875,12202.2900390625,12110.58984375,12171.2802734375,12171.2802734375,40956500
2022-03-22,12161.1103515625,12232.169921875,12101.349609375,12202.6201171875,12202.6201171875,39177100
2022-03-23,12212.599609375,12243.599609375,12096.4501953125,12099.5,12099.5,34592600
2022-03-24,12108.849609375,12147.9599609375,12069.099609375,12131.4501953125,12131.4501953125,40176600
2022-03-25,12136.2197265625,12169.1396484375,12072.0595703125,12121.669921875,12121.669921875,29417400
2022-03-28,12159.0703125,12264.9296875,12151.240234375,12155.9501953125,12155.9501953125,44342800
2022-03-29,12234.1103515625,12388.7900390625,12198.0400390625,12325.580078125,12325.580078125,55819700
2022-03-30,12268.66015625,12327.9501953125,12225.2099609375,12243.73046875,12243.73046875,44515100
2022-03-31,12293.0595703125,12300.669921875,12161.5302734375,12161.5302734375,12161.5302734375,51011200
2022-04-01,12157.169921875,12212.6201171875,12136.0498046875,12179.080078125,12179.080078125,34751300
2022-04-04,12263.1396484375,12340.8701171875,12211.8095703125,12340.8701171875,12340.8701171875,37401400
2022-04-05,12353.51953125,12380.5703125,12300.169921875,12376.9697265625,12376.9697265625,43808100
2022-04-06,12375.83984375,12395.8896484375,12247.4599609375,12320.099609375,12320.099609375,50006800
2022-04-07,12392.8896484375,12472.080078125,12353.2802734375,12372.4599609375,12372.4599609375,47636000
2022-04-08,12488.919921875,12507.6904296875,12422.509765625,12507.6904296875,12507.6904296875,45452800
2022-04-11,12514.76953125,12569.9697265625,12463.2197265625,12528.6103515625,12528.6103515625,53096400
2022-04-12,12402.650390625,12433.9697265625,12337.0498046875,12378.8701171875,12378.8701171875,47609900
2022-04-13,12364.48046875,12394.8896484375,12315.76953125,12378.6796875,12378.6796875,35962300
2022-04-14,12384.4697265625,12496.9697265625,12375.7099609375,12475.080078125,12475.080078125,42243100
2022-04-19,12363.5400390625,12383.669921875,12212.1298828125,12281.419921875,12281.419921875,43813400
2022-04-20,12287.5703125,12341.08984375,12284.6904296875,12310.169921875,12310.169921875,46405800
2022-04-21,12366.91015625,12424.16015625,12301.330078125,12301.330078125,12301.330078125,45639500
2022-04-22,12214.3203125,12316.740234375,12203.6103515625,12258.330078125,12258.330078125,42216600
2022-04-25,12046.009765625,12169.6396484375,12029.5498046875,12084.98046875,12084.98046875,49123300
2022-04-26,12159.7001953125,12173.900390625,11933.2802734375,11933.2802734375,11933.2802734375,55359700
2022-04-27,11924.9599609375,12082.8896484375,11814.83984375,12051.48046875,12051.48046875,54134000
2022-04-28,12097.76953125,12171.58984375,12033.8603515625,12068.41015625,12068.41015625,42639900
2022-04-29,12134.1396484375,12219.509765625,12117.5595703125,12128.759765625,12128.759765625,37559500
2022-05-02,12081.23046875,12097.98046875,11863.6298828125,11971.73046875,11971.73046875,37041200
2022-05-03,12003.58984375,12067.740234375,11937.150390625,12001.8798828125,12001.8798828125,43381800
2022-05-04,11971.41015625,11994.330078125,11880.240234375,11880.240234375,11880.240234375,35595700
2022-05-05,12009,12048.1396484375,11857.6298828125,11877.26953125,11877.26953125,45767700
2022-05-06,11843.990234375,11866.6298828125,11671.48046875,11730.419921875,11730.419921875,42179800
2022-05-09,11669.3701171875,11701.8701171875,11444.1796875,11444.1796875,11444.1796875,44842600
2022-05-10,11526.7099609375,11655.6201171875,11478.759765625,11541.7197265625,11541.7197265625,44943100
2022-05-11,11536,11568.599609375,11408.9599609375,11553.66015625,11553.66015625,49964900
2022-05-12,11380.4296875,11548.9296875,11288.01953125,11506.1298828125,11506.1298828125,52084300
2022-05-13,11544.509765625,11650.419921875,11529.7998046875,11650.419921875,11650.419921875,40331700
2022-05-16,11622.490234375,11721.5703125,11584.5595703125,11672.23046875,11672.23046875,38599900
2022-05-17,11740.0595703125,11808.009765625,11687.3701171875,11730.4404296875,11730.4404296875,34919500
2022-05-18,11736.0400390625,11783.1298828125,11579.1396484375,11579.1396484375,11579.1396484375,39120300
2022-05-19,11464.2001953125,11465.83984375,11233.7197265625,11309.490234375,11309.490234375,47444000
2022-05-20,11410.4296875,11419.6201171875,11286.51953125,11308.98046875,11308.98046875,46453600
2022-05-23,11438.990234375,11466.2802734375,11348.75,11466.2802734375,11466.2802734375,40402800
2022-05-24,11391.650390625,11532.0302734375,11383.2802734375,11483.5595703125,11483.5595703125,38508500
2022-05-25,11548.3896484375,11576.5595703125,11468.9404296875,11491.7998046875,11491.7998046875,33783500
2022-05-27,11566,11657.240234375,11501.0302734375,11647.169921875,11647.169921875,41899300
2022-05-30,11707.76953125,11751.16015625,11673.1904296875,11736.259765625,11736.259765625,30798600
2022-05-31,11686.26953125,11718.91015625,11597.3896484375,11611.3798828125,11611.3798828125,74161800
2022-06-01,11682.240234375,11692.66015625,11494.1201171875,11494.1201171875,11494.1201171875,33017700
2022-06-02,11502.580078125,11571.419921875,11501.3203125,11550.2001953125,11550.2001953125,24761200
2022-06-03,11605.7197265625,11615.400390625,11524.0498046875,11529.16015625,11529.16015625,24162500
2022-06-07,11563.6796875,11575.76953125,11493.48046875,11534.1796875,11534.1796875,33798300
2022-06-08,11546.740234375,11549.669921875,11411.4296875,11467.3896484375,11467.3896484375,84824800
2022-06-09,11434.099609375,11478.3798828125,11322.4296875,11322.4296875,11322.4296875,61760300
2022-06-10,11248.8203125,11248.8203125,11018.5595703125,11084.6201171875,11084.6201171875,54669200
2022-06-13,10963.7197265625,11020.23046875,10855.25,10896.25,10896.25,51352500
2022-06-14,10920.669921875,10940.3203125,10699.0703125,10699.0703125,10699.0703125,51205900
2022-06-15,10778.8095703125,10850.169921875,10682.7001953125,10783.58984375,10783.58984375,48496200
2022-06-16,10722.75,10735.0498046875,10441.6201171875,10475.3701171875,10475.3701171875,65599400
2022-06-17,10482.7001953125,10592.1201171875,10424.8095703125,10451.3095703125,10451.3095703125,116514100
2022-06-20,10450.5,10485.91015625,10392.099609375,10485.91015625,10485.91015625,27532800
2022-06-21,10519.400390625,10578.0302734375,10479.83984375,10479.83984375,10479.83984375,32839500
2022-06-22,10372.8896484375,10543.009765625,10349.650390625,10528.33984375,10528.33984375,42127400
2022-06-23,10468.75,10521.7099609375,10404.76953125,10453.3095703125,10453.3095703125,39932300
2022-06-24,10507.830078125,10823.1201171875,10503.2998046875,10823.1201171875,10823.1201171875,50568400
2022-06-27,10873.4296875,10921.0302734375,10826.919921875,10906.8203125,10906.8203125,42376200
2022-06-28,10921.0595703125,10933.740234375,10802.7998046875,10809.5703125,10809.5703125,34670700
2022-06-29,10708.0703125,10811.75,10662.58984375,10811.75,10811.75,35765800
2022-06-30,10708.900390625,10741.2099609375,10606.509765625,10741.2099609375,10741.2099609375,53672200
2022-07-01,10647.01953125,10815.3896484375,10631.5498046875,10770.400390625,10770.400390625,30960200
2022-07-04,10835.669921875,10918.8798828125,10833.8203125,10881.9697265625,10881.9697265625,25026400
2022-07-05,10907.2802734375,10916.2001953125,10702.5,10702.5,10702.5,43847400
2022-07-06,10823.8603515625,10896.6796875,10780.1201171875,10840.599609375,10840.599609375,38335200
2022-07-07,10911.01953125,10988.419921875,10859.58984375,10940.98046875,10940.98046875,36863100
2022-07-08,10935.2900390625,11030,10882.8603515625,11015.0302734375,11015.0302734375,35620300
2022-07-11,10891.169921875,11027.5,10879.25,11027.16015625,11027.16015625,25559000
2022-07-12,10969.5302734375,11069.830078125,10925.900390625,11069.830078125,11069.830078125,29160800
2022-07-13,10991.8798828125,10991.8798828125,10805.3896484375,10904.849609375,10904.849609375,39553700
2022-07-14,10877.1904296875,10883.2197265625,10755.4599609375,10799.51953125,10799.51953125,36827400
2022-07-15,10842.33984375,10982.08984375,10797.900390625,10982.08984375,10982.08984375,48085100
2022-07-18,11001.9296875,11114.7802734375,10993.3095703125,11010.1796875,11010.1796875,32809200
2022-07-19,10959.9501953125,11143.0595703125,10939.509765625,11122.080078125,11122.080078125,36103200
2022-07-20,11151.900390625,11188.3095703125,11052.9501953125,11059.490234375,11059.490234375,28162500
2022-07-21,11019.4296875,11134.740234375,11002.169921875,11134.740234375,11134.740234375,37652900
2022-07-22,11095.259765625,11178.0302734375,11075.9697265625,11096.1201171875,11096.1201171875,28076000
2022-07-25,11034.330078125,11156.3203125,11029.6904296875,11129.349609375,11129.349609375,32424200
2022-07-26,11142,11144.3203125,11074.150390625,11102.3095703125,11102.3095703125,49817400
2022-07-27,11134.4697265625,11138.0302734375,11056.740234375,11056.740234375,11056.740234375,51490300
2022-07-28,11084.6796875,11129.330078125,11041.169921875,11129.330078125,11129.330078125,44580100
2022-07-29,11174.4501953125,11216.759765625,11145.91015625,11145.91015625,11145.91015625,45617200
2022-08-02,11118.1103515625,11135.9599609375,11019.6298828125,11118.099609375,11118.099609375,41975300
2022-08-03,11076.0703125,11200.3603515625,11054.01953125,11178.990234375,11178.990234375,29075000
2022-08-04,11153.8896484375,11230.080078125,11151.080078125,11202.66015625,11202.66015625,34656500
2022-08-05,11176.009765625,11220.4697265625,11112.169921875,11123.0703125,11123.0703125,27582800
2022-08-08,11178.9404296875,11210.1396484375,11144.76953125,11166.3203125,11166.3203125,28171200
2022-08-09,11135.330078125,11177.3701171875,11100.66015625,11132.48046875,11132.48046875,37402400
2022-08-10,11089.51953125,11170.4599609375,11065.1103515625,11155.099609375,11155.099609375,33515900
2022-08-11,11192.5703125,11205.009765625,11114.7197265625,11154.580078125,11154.580078125,37483400
2022-08-12,11130.91015625,11178.0400390625,11110.7998046875,11128.240234375,11128.240234375,29584800
2022-08-15,11157.2197265625,11188.98046875,11104,11171.5400390625,11171.5400390625,20944500
2022-08-16,11182.58984375,11185.919921875,11085.1298828125,11130.4404296875,11130.4404296875,22806500
2022-08-17,11137.83984375,11192.6796875,11114.599609375,11128.1904296875,11128.1904296875,58811200
2022-08-18,11107.7001953125,11186.5,11090.080078125,11167.58984375,11167.58984375,20217600
2022-08-19,11125.7998046875,11241.1796875,11125.7998046875,11156.7197265625,11156.7197265625,33741200
2022-08-22,11105.650390625,11144.599609375,11052.3896484375,11085.83984375,11085.83984375,31922300
2022-08-23,11021.23046875,11046.4599609375,10921.849609375,10933.0595703125,10933.0595703125,28730300
2022-08-24,10925.6396484375,11020.4404296875,10895.26953125,11012.8701171875,11012.8701171875,28571200
2022-08-25,11056.9501953125,11122.1796875,10975.509765625,11063.8798828125,11063.8798828125,24985900
2022-08-26,11095.6904296875,11102.5,10930.3701171875,10942.16015625,10942.16015625,26911200
2022-08-29,10882.900390625,10938.169921875,10840.6103515625,10896.740234375,10896.740234375,24437200
2022-08-30,10914.1796875,11007.8603515625,10865.8203125,10884.9501953125,10884.9501953125,24859000
2022-08-31,10898.1298828125,10949.599609375,10816.5400390625,10855.0302734375,10855.0302734375,39441000
2022-09-01,10768.6103515625,10778.9296875,10652.2802734375,10663.4404296875,10663.4404296875,36870600
2022-09-02,10720.4599609375,10897.0595703125,10713.25,10891.7099609375,10891.7099609375,37118900
2022-09-05,10742.150390625,10837.23046875,10686.58984375,10819.5400390625,10819.5400390625,26024100
2022-09-06,10819.7802734375,10930.48046875,10780.1201171875,10834.1796875,10834.1796875,26479800
2022-09-07,10799.6298828125,10841.6201171875,10727.1201171875,10805.16015625,10805.16015625,28106900
2022-09-08,10849.330078125,10867.830078125,10667.4296875,10790.3203125,10790.3203125,32637200
2022-09-09,10814.3896484375,10940.51953125,10793.240234375,10900.240234375,10900.240234375,31983300
2022-09-12,10928.599609375,11013.98046875,10901.1201171875,10990.75,10990.75,34481000
2022-09-13,11034.080078125,11083.490234375,10891.5400390625,10891.5400390625,10891.5400390625,41209100
2022-09-14,10840.3603515625,10872.759765625,10727.4296875,10754.400390625,10754.400390625,39102000
2022-09-15,10762.9501953125,10837.099609375,10714.58984375,10746.7001953125,10746.7001953125,32701900
2022-09-16,10692.7998046875,10750.9501953125,10610.650390625,10610.650390625,10610.650390625,105561000
2022-09-19,10588.1796875,10645.3896484375,10520.900390625,10617.009765625,10617.009765625,29772400
2022-09-20,10648.169921875,10690.83984375,10476.5400390625,10476.5400390625,10476.5400390625,32526800
2022-09-21,10415.669921875,10450.6201171875,10380.48046875,10429.400390625,10429.400390625,31948000
2022-09-22,10268.669921875,10458.099609375,10266.7001953125,10297.650390625,10297.650390625,49474200
2022-09-23,10276.650390625,10322.1904296875,10091.8701171875,10137.7802734375,10137.7802734375,68985400
2022-09-26,10131.5400390625,10160.8896484375,10015.3701171875,10072.6201171875,10072.6201171875,49658700
2022-09-27,10120.5595703125,10201.23046875,10108.849609375,10126.4296875,10126.4296875,47256700
2022-09-28,10065.2099609375,10220.759765625,10059.7900390625,10220.759765625,10220.759765625,66470600
2022-09-29,10159.400390625,10166.0703125,10041.51953125,10126.990234375,10126.990234375,49269600
2022-09-30,10174.2197265625,10275.8603515625,10155.650390625,10267.5498046875,10267.5498046875,45452400
2022-10-03,10182.26953125,10290.7099609375,10097.83984375,10290.7099609375,10290.7099609375,69774600
2022-10-04,10367.4697265625,10590.919921875,10355.75,10590.919921875,10590.919921875,57987000
2022-10-05,10532.169921875,10593.5595703125,10449.5302734375,10477.6904296875,10477.6904296875,46787500
2022-10-06,10506.1103515625,10525.3798828125,10358.7802734375,10391.1298828125,10391.1298828125,49478000
2022-10-07,10343.4501953125,10439.8798828125,10297.1904296875,10308.5703125,10308.5703125,47889300
2022-10-10,10238.8798828125,10290.7099609375,10200.240234375,10262.51953125,10262.51953125,46915800
2022-10-11,10199.76953125,10230.4501953125,10122.509765625,10207.830078125,10207.830078125,39794400
2022-10-12,10198.8896484375,10249.91015625,10139.66015625,10199.3203125,10199.3203125,39305300
2022-10-13,10129.0302734375,10227.900390625,10010.7802734375,10227.900390625,10227.900390625,48067900
2022-10-14,10322.400390625,10460.1103515625,10305.740234375,10329.33984375,10329.33984375,51183900
2022-10-17,10326.919921875,10538.3203125,10296.169921875,10498.7099609375,10498.7099609375,38216400
2022-10-18,10513.990234375,10645.7099609375,10513.9697265625,10578.759765625,10578.759765625,41706000
2022-10-19,10582.740234375,10591.900390625,10484.1396484375,10484.1396484375,10484.1396484375,35399700
2022-10-20,10461.9501953125,10502.1396484375,10426.2001953125,10473.4501953125,10473.4501953125,34664200
2022-10-21,10387.1298828125,10461.5400390625,10319.8603515625,10418.599609375,10418.599609375,44977700
2022-10-24,10489.7998046875,10628.7900390625,10472.3798828125,10595.5302734375,10595.5302734375,40971100
2022-10-25,10639.9599609375,10773.759765625,10629.5498046875,10773.33984375,10773.33984375,46787100
2022-10-26,10760.3603515625,10821.2900390625,10689.8095703125,10817.2099609375,10817.2099609375,40669200
2022-10-27,10787.26953125,10789.9501953125,10702.490234375,10706.6201171875,10706.6201171875,89643700
2022-10-28,10649.150390625,10783.5400390625,10635.0498046875,10772.3701171875,10772.3701171875,50161400
2022-10-31,10794.9599609375,10850.3095703125,10746.1904296875,10827.9296875,10827.9296875,52600400
2022-11-01,10870.08984375,10926.5400390625,10755.330078125,10783.650390625,10783.650390625,33818100
2022-11-02,10821.7197265625,10864.6201171875,10766.76953125,10806.23046875,10806.23046875,32975200
2022-11-03,10724.7802734375,10741.51953125,10633.3798828125,10710.58984375,10710.58984375,32624400
2022-11-04,10727.830078125,10852.48046875,10707.6201171875,10787.76953125,10787.76953125,40552200
2022-11-07,10751.990234375,10806.6201171875,10712.8798828125,10750.3896484375,10750.3896484375,34498100
2022-11-08,10725.8798828125,10845.26953125,10718.3203125,10827.0400390625,10827.0400390625,39262400
2022-11-09,10813.6796875,10911.4501953125,10803.0400390625,10904.330078125,10904.330078125,35709400
2022-11-10,10882.08984375,11147.6796875,10846.41015625,11120.490234375,11120.490234375,50118100
2022-11-11,11091.16015625,11252.16015625,11087.91015625,11127.150390625,11127.150390625,68834500
2022-11-14,11116.3095703125,11129.5,10993.099609375,10999.58984375,10999.58984375,41997000
2022-11-15,11008.8896484375,11087.419921875,10991.740234375,11026.2197265625,11026.2197265625,40182400
2022-11-16,11022.349609375,11022.349609375,10922.4501953125,10936.6201171875,10936.6201171875,36685200
2022-11-17,10962.2802734375,10993.1103515625,10838.7998046875,10917.8798828125,10917.8798828125,32549600
2022-11-18,10991.6298828125,11063.8798828125,10949.419921875,11045.490234375,11045.490234375,44285900
2022-11-21,11022.75,11101.919921875,11019.98046875,11085.0400390625,11085.0400390625,34491400
2022-11-22,11074.9296875,11104.83984375,11046.8203125,11074.2998046875,11074.2998046875,29670300
2022-11-23,11077.5400390625,11104.1298828125,11066.0400390625,11094.4599609375,11094.4599609375,48210600
2022-11-24,11088.6201171875,11175.26953125,11085.3798828125,11157.5595703125,11157.5595703125,37168400
2022-11-25,11166.330078125,11188.2900390625,11140.3798828125,11168.0302734375,11168.0302734375,67759200
2022-11-28,11147.669921875,11199.1904296875,11115.3701171875,11162.16015625,11162.16015625,78928100
2022-11-29,11160.08984375,11176.9697265625,11071.5595703125,11077.8095703125,11077.8095703125,90091000
2022-11-30,11143.0703125,11204.8798828125,11127.76953125,11127.76953125,11127.76953125,122259800
2022-12-01,11215.5,11283.8701171875,11207.5595703125,11238.2001953125,11238.2001953125,95237300
2022-12-02,11206.5302734375,11234.25,11122.6796875,11198.1298828125,11198.1298828125,113722400
2022-12-05,11196.4697265625,11239.759765625,11170.9296875,11194.669921875,11194.669921875,107446800
2022-12-06,11185.6796875,11208.1103515625,11085.2802734375,11109.330078125,11109.330078125,106876000
2022-12-07,11062.08984375,11077.76953125,11000.6396484375,11009.9501953125,11009.9501953125,45713800
2022-12-08,11022.16015625,11035.9599609375,10940.26953125,11004.5302734375,11004.5302734375,44413700
2022-12-09,11010.7001953125,11101.330078125,10980.7998046875,11068.2998046875,11068.2998046875,68181300
2022-12-12,11037.3603515625,11050.2998046875,10989.76953125,11033.6396484375,11033.6396484375,46639700
2022-12-13,11070.6201171875,11223.4697265625,11014.16015625,11136.6201171875,11136.6201171875,53410800
2022-12-14,11110.08984375,11175.4501953125,11079.51953125,11160.6904296875,11160.6904296875,55328400
2022-12-15,11093.1396484375,11093.1396484375,10880.1396484375,10880.1396484375,10880.1396484375,63403900
2022-12-16,10895.400390625,10913.650390625,10746.3701171875,10770.3798828125,10770.3798828125,118069500
2022-12-19,10790.240234375,10837.9404296875,10760.26953125,10773.23046875,10773.23046875,43017000
2022-12-20,10696.580078125,10728.76953125,10659.1904296875,10659.1904296875,10659.1904296875,50578100
2022-12-21,10699.0703125,10845.58984375,10690.9697265625,10845.58984375,10845.58984375,37099700
2022-12-22,10850.66015625,10890.4296875,10760.4404296875,10774.6396484375,10774.6396484375,34749600
2022-12-23,10804.2998046875,10843.73046875,10761.2900390625,10804.6796875,10804.6796875,29382200
2022-12-27,10834.1396484375,10876.3798828125,10817.48046875,10839.2197265625,10839.2197265625,21239100
2022-12-28,10825.66015625,10854.900390625,10803.099609375,10812.669921875,10812.669921875,27529400
2022-12-29,10744.01953125,10869.900390625,10737.900390625,10857.349609375,10857.349609375,25220400
2022-12-30,10809.16015625,10830.3603515625,10729.400390625,10729.400390625,10729.400390625,32554800
2023-01-03,10853.91015625,11004.4599609375,10822.759765625,10978.6396484375,10978.6396484375,53477000
2023-01-04,11020.740234375,11140.26953125,11015.91015625,11140.26953125,11140.26953125,51905200
2023-01-05,11093.6103515625,11112.5,11048.08984375,11057.3896484375,11057.3896484375,44809600
2023-01-06,11068.6201171875,11147.8701171875,11048.1396484375,11144.5400390625,11144.5400390625,34820400
2023-01-09,11171.419921875,11234.1298828125,11152.0400390625,11212.5703125,11212.5703125,50371400
2023-01-10,11123.580078125,11180.509765625,11108.1796875,11162.150390625,11162.150390625,38955600
2023-01-11,11174.080078125,11306.3095703125,11124.919921875,11246.009765625,11246.009765625,60814400
2023-01-12,11304.080078125,11328.7998046875,11247.9599609375,11287.8203125,11287.8203125,56215100
2023-01-13,11307.41015625,11342.599609375,11251.259765625,11290.7900390625,11290.7900390625,49351000
2023-01-16,11318.51953125,11435.990234375,11307.9697265625,11435.990234375,11435.990234375,39913400
2023-01-17,11417.5302734375,11453.6396484375,11376.3095703125,11401.990234375,11401.990234375,44164600
2023-01-18,11381.2001953125,11423.0703125,11352.8798828125,11366.6201171875,11366.6201171875,53384300
2023-01-19,11314.2099609375,11372.580078125,11258.9697265625,11258.9697265625,11258.9697265625,65186500
2023-01-20,11294.7197265625,11320.3798828125,11274.4296875,11295.01953125,11295.01953125,45428800
2023-01-23,11319.580078125,11406.900390625,11290.900390625,11406.26953125,11406.26953125,43970700
2023-01-24,11413.75,11436.7900390625,11368.8095703125,11406.2900390625,11406.2900390625,53570100
2023-01-25,11386.5703125,11404.76953125,11327.9296875,11404.76953125,11404.76953125,39768900
2023-01-26,11425.41015625,11441.099609375,11317.5595703125,11317.5595703125,11317.5595703125,55353900
2023-01-27,11339.599609375,11359.4599609375,11296.150390625,11332.2998046875,11332.2998046875,50188000
2023-01-30,11296.5302734375,11397.5302734375,11287.9296875,11379.6396484375,11379.6396484375,46419800
2023-01-31,11358.75,11358.75,11238.8095703125,11285.7802734375,11285.7802734375,58609100
2023-02-01,11299.5302734375,11301.3095703125,11180.259765625,11200.9296875,11200.9296875,54008700
2023-02-02,11224.080078125,11279.8095703125,11146.4501953125,11188.419921875,11188.419921875,76600100
2023-02-03,11192.7099609375,11355.4501953125,11181.9599609375,11349.3896484375,11349.3896484375,54123700
2023-02-06,11305.509765625,11307.48046875,11229.48046875,11283.25,11283.25,48616300
2023-02-07,11290.259765625,11304.7001953125,11217.1796875,11233.8701171875,11233.8701171875,40579800
2023-02-08,11358.6396484375,11361.73046875,11271.4501953125,11276.2802734375,11276.2802734375,51978000
2023-02-09,11313.6103515625,11336.2197265625,11215.7197265625,11217.73046875,11217.73046875,152370300
2023-02-10,11146.509765625,11172.1796875,11034.48046875,11130.4599609375,11130.4599609375,76230900
2023-02-13,11144.9501953125,11214.51953125,11141.3896484375,11209.33984375,11209.33984375,49707100
2023-02-14,11233.169921875,11308.91015625,11216.6396484375,11231.91015625,11231.91015625,47972400
2023-02-15,11206.1103515625,11285.3701171875,11195.099609375,11272.669921875,11272.669921875,40602300
2023-02-16,11309.83984375,11320.5400390625,11154.1103515625,11194.91015625,11194.91015625,56282900
2023-02-17,11153.2802734375,11277.3798828125,11116.7099609375,11256.2900390625,11256.2900390625,47402000
2023-02-20,11286.2802734375,11291.7001953125,11247.400390625,11266.6796875,11266.6796875,36165500
2023-02-21,11251.5498046875,11292.7197265625,11164.099609375,11282.16015625,11282.16015625,76330800
2023-02-22,11266.650390625,11333.849609375,11197.76953125,11300.2900390625,11300.2900390625,43328700
2023-02-23,11317.1201171875,11320.099609375,11246.6796875,11247.75,11247.75,43815800
2023-02-24,11297.5,11315.1796875,11141.6796875,11181.76953125,11181.76953125,37136700
2023-02-27,11215.6201171875,11272.6904296875,11215.6201171875,11219.9296875,11219.9296875,44258900
2023-02-28,11183.25,11220.150390625,11098.349609375,11098.349609375,11098.349609375,63103000
2023-03-01,11091.900390625,11141.1201171875,11040.23046875,11056.080078125,11056.080078125,47473100
2023-03-02,11005.2197265625,11168.830078125,10994.16015625,11165.580078125,11165.580078125,83241100
2023-03-03,11192.669921875,11194.41015625,11134.8095703125,11190.08984375,11190.08984375,59691300
2023-03-06,11173.400390625,11203.669921875,11137.9404296875,11147.25,11147.25,43899800
2023-03-07,11122.0498046875,11181.6796875,11064.080078125,11064.080078125,11064.080078125,39636500
2023-03-08,11016.849609375,11044.8203125,10995.919921875,11025.259765625,11025.259765625,44628100
2023-03-09,10963.8701171875,10975.3896484375,10908.33984375,10948.849609375,10948.849609375,58798000
2023-03-10,10860.73046875,10880.76953125,10720.080078125,10765.259765625,10765.259765625,102111500
2023-03-13,10735.7802734375,10739.6201171875,10538.349609375,10632.0498046875,10632.0498046875,170957400
2023-03-14,10643.3798828125,10728.66015625,10593.5498046875,10716.7197265625,10716.7197265625,119290900
2023-03-15,10716.7802734375,10720.7802734375,10460.33984375,10516.400390625,10516.400390625,360982800
2023-03-16,10609.7001953125,10719.099609375,10524.3701171875,10719.099609375,10719.099609375,279318100
2023-03-17,10783.759765625,10794.330078125,10566.900390625,10613.5498046875,10613.5498046875,251684700
2023-03-20,10571.08984375,10689.759765625,10395.330078125,10643.6396484375,10643.6396484375,416073200
2023-03-21,10740.3603515625,10814.48046875,10731.900390625,10792.580078125,10792.580078125,162338900
2023-03-22,10788.6103515625,10846.7001953125,10763.41015625,10782.2802734375,10782.2802734375,106037900
2023-03-23,10723.73046875,10729.2099609375,10653.9599609375,10718.5400390625,10718.5400390625,80655900
2023-03-24,10655.1796875,10669.0400390625,10561.6298828125,10634.0400390625,10634.0400390625,100791100
2023-03-27,10785.2802734375,10817.7197265625,10722.9697265625,10786.2197265625,10786.2197265625,63069300
2023-03-28,10835.830078125,10857.6103515625,10804.759765625,10839.1103515625,10839.1103515625,60420300
2023-03-29,10890.5302734375,10984.919921875,10882.7802734375,10963.3095703125,10963.3095703125,91271300
2023-03-30,11013.490234375,11049.2099609375,10985.23046875,11032.2099609375,11032.2099609375,67578500
2023-03-31,11047.2900390625,11116.0302734375,11041.5703125,11106.240234375,11106.240234375,56883100
2023-04-03,11112.3095703125,11119.599609375,11049.5703125,11093.08984375,11093.08984375,53557500
2023-04-04,11114.490234375,11124.1396484375,11064.4404296875,11073.48046875,11073.48046875,42653800
2023-04-05,11059.51953125,11134.16015625,11042.759765625,11115.400390625,11115.400390625,41602500
2023-04-06,11146.6298828125,11239.58984375,11146.6298828125,11230.0703125,11230.0703125,48211100
2023-04-11,11288.51953125,11306.25,11223.98046875,11265.2998046875,11265.2998046875,47172000
2023-04-12,11238.5498046875,11309.5498046875,11216.73046875,11231.990234375,11231.990234375,61566300
2023-04-13,11234.8701171875,11288.2900390625,11222.0498046875,11258.9501953125,11258.9501953125,46023500
2023-04-14,11276.4296875,11368.3798828125,11268.3095703125,11342.8603515625,11342.8603515625,50492900
2023-04-17,11337.1796875,11342.4599609375,11296.9599609375,11311.759765625,11311.759765625,47056300
2023-04-18,11332.580078125,11392.73046875,11320.8203125,11358.98046875,11358.98046875,36762100
2023-04-19,11332.349609375,11377.849609375,11330.76953125,11366.2197265625,11366.2197265625,43415100
2023-04-20,11330.7998046875,11393.0400390625,11325.5,11390.6396484375,11390.6396484375,40803500
2023-04-21,11402.5498046875,11460.580078125,11371.419921875,11460.580078125,11460.580078125,53575600
2023-04-24,11435.6298828125,11483.16015625,11434.51953125,11467.2001953125,11467.2001953125,40606600
2023-04-25,11468.5400390625,11549.0302734375,11458.6298828125,11513.1201171875,11513.1201171875,59631200
2023-04-26,11433.4697265625,11445.4697265625,11337.4404296875,11364.91015625,11364.91015625,52022400
2023-04-27,11366.1103515625,11414.0703125,11336.080078125,11361.8896484375,11361.8896484375,33476700
2023-04-28,11401.0400390625,11444,11378.8203125,11437.1396484375,11437.1396484375,38556000
2023-05-02,11460.0498046875,11514.169921875,11411.419921875,11423.330078125,11423.330078125,38261100
2023-05-03,11463.4296875,11508.7802734375,11435.5400390625,11506.1904296875,11506.1904296875,37305700
2023-05-04,11450.150390625,11487.91015625,11418.25,11456.3701171875,11456.3701171875,46155000
2023-05-05,11494.849609375,11554.240234375,11448.5,11554.240234375,11554.240234375,33458400
2023-05-08,11546.25,11606.8798828125,11537.2099609375,11595.25,11595.25,21833500
2023-05-09,11566.5302734375,11568.9697265625,11486.1396484375,11546.0400390625,11546.0400390625,34919900
2023-05-10,11522.75,11543.2998046875,11421.3798828125,11447.23046875,11447.23046875,32890000
2023-05-11,11494.23046875,11540.16015625,11452.0498046875,11522.9697265625,11522.9697265625,43066500
2023-05-12,11578.6396484375,11606.099609375,11539.7900390625,11564.73046875,11564.73046875,26036300
2023-05-15,11601.5400390625,11616.3701171875,11564.240234375,11578.25,11578.25,23431300
2023-05-16,11548.080078125,11568.330078125,11497.759765625,11519.8701171875,11519.8701171875,32038300
2023-05-17,11478.23046875,11497.3095703125,11432.25,11437.7802734375,11437.7802734375,31217900
2023-05-19,11496.8095703125,11607.8896484375,11482.5400390625,11571.16015625,11571.16015625,57307800
2023-05-22,11558.8798828125,11591,11533.4697265625,11553.23046875,11553.23046875,29535900
2023-05-23,11494.9697265625,11561.3896484375,11484.900390625,11484.900390625,11484.900390625,31292200
2023-05-24,11432.8603515625,11447.7802734375,11349.1298828125,11383.1396484375,11383.1396484375,32550100
2023-05-25,11365.6201171875,11374.01953125,11307.580078125,11325.259765625,11325.259765625,30221100
2023-05-26,11353.33984375,11464.33984375,11313.8798828125,11434.240234375,11434.240234375,39008800
2023-05-30,11404.41015625,11428.01953125,11282.4501953125,11282.4501953125,11282.4501953125,50202200
2023-05-31,11241.7998046875,11348.23046875,11194.9404296875,11217.8896484375,11217.8896484375,298287000
2023-06-01,11266.3095703125,11324.5400390625,11246.1904296875,11296.2802734375,11296.2802734375,82837800
2023-06-02,11325.8095703125,11446.4599609375,11321.0498046875,11443.349609375,11443.349609375,37052800
2023-06-05,11467.76953125,11487.8203125,11412.6103515625,11415,11415,36805400
2023-06-06,11425.9697265625,11490.7802734375,11397.2099609375,11468.26953125,11468.26953125,42104000
2023-06-07,11424.330078125,11440.83984375,11343.3095703125,11348.1103515625,11348.1103515625,40736000
2023-06-08,11348.4501953125,11368.51953125,11294.849609375,11308.900390625,11308.900390625,42944600
2023-06-09,11317.7900390625,11321.23046875,11238.6298828125,11254.419921875,11254.419921875,42201300
2023-06-12,11343.150390625,11343.1796875,11296.4296875,11301.25,11301.25,67609900
2023-06-13,11340.01953125,11348.150390625,11275.509765625,11327.26953125,11327.26953125,23060100
2023-06-14,11317.9296875,11356.349609375,11259.23046875,11278.2998046875,11278.2998046875,28798200
2023-06-15,11273.080078125,11305.9296875,11249.849609375,11302.830078125,11302.830078125,22630700
2023-06-16,11317.4404296875,11448.6904296875,11309.3603515625,11386.259765625,11386.259765625,59905200
2023-06-19,11360.2099609375,11361.669921875,11291.1298828125,11306.6396484375,11306.6396484375,16160900
2023-06-20,11271.5703125,11315.73046875,11215.91015625,11215.91015625,11215.91015625,25088200
2023-06-21,11196.6201171875,11243.9599609375,11164.2802734375,11173.650390625,11173.650390625,20000700
2023-06-22,11102.1103515625,11183.419921875,11070.6103515625,11183.419921875,11183.419921875,19069200
2023-06-23,11177.08984375,11263.740234375,11175.0498046875,11221.2197265625,11221.2197265625,17111600
2023-06-26,11205.2001953125,11205.2001953125,11136.3896484375,11141.900390625,11141.900390625,19535300
2023-06-27,11167.8798828125,11184.9599609375,11113,11142.650390625,11142.650390625,17882900
2023-06-28,11233.66015625,11242.5302734375,11167.6396484375,11183.5498046875,11183.5498046875,20770300
2023-06-29,11194.48046875,11203.419921875,11156.849609375,11170.509765625,11170.509765625,16673800
2023-06-30,11204.9296875,11309.0400390625,11203.259765625,11280.2900390625,11280.2900390625,27781500
2023-07-03,11288.150390625,11332.259765625,11217.0302734375,11219.150390625,11219.150390625,18721300
2023-07-04,11236.0595703125,11261.3095703125,11208.2802734375,11217.33984375,11217.33984375,13465500
2023-07-05,11189.099609375,11214.91015625,11159.5,11193.919921875,11193.919921875,21350100
2023-07-06,11112.2099609375,11121.919921875,10967.5703125,10986.7802734375,10986.7802734375,22737300
2023-07-07,10959.8896484375,10996.259765625,10851.83984375,10874.900390625,10874.900390625,20551400
2023-07-10,10865.25,10952.150390625,10859.4296875,10922.009765625,10922.009765625,19546000
2023-07-11,10928.41015625,10975.58984375,10904.1103515625,10962.58984375,10962.58984375,18532700
2023-07-12,10972.1201171875,11039.919921875,10953,11019.0302734375,11019.0302734375,19089500
2023-07-13,11016.4404296875,11076.169921875,11013.0400390625,11021.66015625,11021.66015625,14363200
2023-07-14,11030.4296875,11114.3701171875,11030.4296875,11110.1904296875,11110.1904296875,18579200
2023-07-17,11119.419921875,11122.419921875,10975.509765625,10976.2001953125,10976.2001953125,18458200
2023-07-18,10998.08984375,11120.8798828125,10993.009765625,11103.5498046875,11103.5498046875,18592400
2023-07-19,11123.58984375,11161.83984375,11119.01953125,11120.150390625,11120.150390625,18951300
2023-07-20,11096.58984375,11216.8095703125,11087.669921875,11201.5498046875,11201.5498046875,21368000
2023-07-21,11232.08984375,11246.2998046875,11167.330078125,11207.3798828125,11207.3798828125,19199700
2023-07-24,11203.23046875,11238.6201171875,11164.2998046875,11177.6796875,11177.6796875,17205900
2023-07-25,11194.7998046875,11245.8603515625,11159.150390625,11231.41015625,11231.41015625,18495700
2023-07-26,11223.9599609375,11242.6904296875,11116.5400390625,11183.5498046875,11183.5498046875,19730800
2023-07-27,11222.599609375,11399.490234375,11220.7998046875,11373.2099609375,11373.2099609375,25748200
2023-07-28,11326.25,11364.990234375,11301.1201171875,11317.740234375,11317.740234375,17921100
2023-07-31,11314.2900390625,11349.3701171875,11308.01953125,11309.25,11309.25,19540600
2023-08-02,11154.5302734375,11244.6396484375,11130.7099609375,11212.7001953125,11212.7001953125,25310500
2023-08-03,11158.240234375,11158.5302734375,11060.740234375,11087.1796875,11087.1796875,20575200
2023-08-04,11077.8701171875,11101.41015625,11009.01953125,11098.48046875,11098.48046875,17584500
2023-08-07,11084.5302734375,11118.900390625,11058.51953125,11107.4697265625,11107.4697265625,15499500
2023-08-08,11074.8095703125,11130.8701171875,11044.7197265625,11057.3203125,11057.3203125,18623600
2023-08-09,11115.0595703125,11146.2197265625,11081.5400390625,11081.5400390625,11081.5400390625,17394600
2023-08-10,11122.6298828125,11189.099609375,11106.900390625,11149.7900390625,11149.7900390625,19522700
2023-08-11,11133.0302734375,11162.4501953125,11050.6201171875,11081.6298828125,11081.6298828125,28789800
2023-08-14,11084.2197265625,11125.75,11064.8701171875,11110.1103515625,11110.1103515625,17565800
2023-08-15,11086.8798828125,11097.5400390625,10956.3798828125,10985.2197265625,10985.2197265625,20325100
2023-08-16,10971.1396484375,11028.5400390625,10971.1396484375,10992.3095703125,10992.3095703125,20669200
2023-08-17,10943.3701171875,10951.8701171875,10876.4599609375,10884.8896484375,10884.8896484375,22964000
2023-08-18,10863.5302734375,10870.26953125,10749.3798828125,10839.0595703125,10839.0595703125,23608100
2023-08-21,10842.6298828125,10926.009765625,10842.6298828125,10848.33984375,10848.33984375,17811600
2023-08-22,10883.5498046875,10942.6904296875,10872.98046875,10875.6796875,10875.6796875,20193800
2023-08-23,10929.41015625,11021.5595703125,10925.1298828125,10973.6396484375,10973.6396484375,19656100
2023-08-24,11025.4404296875,11054.8896484375,10966.7099609375,10976.830078125,10976.830078125,24410000
2023-08-25,10960.0498046875,11008.849609375,10928,10956.900390625,10956.900390625,18229100
2023-08-28,11029.169921875,11060.3798828125,11022.98046875,11032.759765625,11032.759765625,16444200
2023-08-29,11064.4697265625,11107.4404296875,11033.3798828125,11106.240234375,11106.240234375,20434600
2023-08-30,11112,11130.25,11068,11090.2197265625,11090.2197265625,21238000
2023-08-31,11123.9296875,11172.6904296875,11106.240234375,11125.9501953125,11125.9501953125,61189900
2023-09-01,11100.5498046875,11133.6298828125,11069.4501953125,11075.150390625,11075.150390625,22816400
2023-09-04,11094.9404296875,11141.3095703125,11045.330078125,11053.58984375,11053.58984375,15675700
2023-09-05,11005.48046875,11024.5703125,10953.5703125,10958.900390625,10958.900390625,18975300
2023-09-06,10906.7099609375,10948.6201171875,10859.01953125,10924.419921875,10924.419921875,22224800
2023-09-07,10890.8701171875,10993.4296875,10890.8701171875,10993.4296875,10993.4296875,22237500
2023-09-08,10977.9404296875,10998.5400390625,10911.4296875,10948.58984375,10948.58984375,19707100
2023-09-11,10987.1298828125,11024.259765625,10931.1103515625,10972.2099609375,10972.2099609375,17854200
2023-09-12,11002.7802734375,11055.3798828125,10987.1298828125,10987.1298828125,10987.1298828125,17918600
2023-09-13,10955.7099609375,11000.51953125,10901.849609375,10976.3798828125,10976.3798828125,20263000
2023-09-14,10975.599609375,11103.2099609375,10975.0703125,11098.3203125,11098.3203125,20751800
2023-09-15,11182.5498046875,11244.1201171875,11182.5498046875,11197.7197265625,11197.7197265625,77181000
2023-09-18,11183.1796875,11192.7998046875,11070.5595703125,11090.6103515625,11090.6103515625,22878600
2023-09-19,11041.9404296875,11121.669921875,11036.4501953125,11068.7001953125,11068.7001953125,20053100
2023-09-20,11115.3896484375,11169.01953125,11091.08984375,11154.1103515625,11154.1103515625,21351300
2023-09-21,11106.2900390625,11219.5595703125,11074.4697265625,11084.740234375,11084.740234375,23067100
2023-09-22,11027.08984375,11055.3095703125,10987.23046875,11014.759765625,11014.759765625,19242800
2023-09-25,10990.8896484375,11068.5302734375,10963.3701171875,11014.259765625,11014.259765625,20233700
2023-09-26,10969.509765625,11004.73046875,10918.169921875,10953.7001953125,10953.7001953125,26051400
2023-09-27,10976.7998046875,11022.490234375,10866.58984375,10882.3095703125,10882.3095703125,28693600
2023-09-28,10893.5,10917.7900390625,10814.9404296875,10917.7900390625,10917.7900390625,20224000
2023-09-29,10951.5498046875,11044.8203125,10948.2001953125,10963.5,10963.5,25769000
2023-10-02,10975.1796875,10987.6103515625,10818.7998046875,10863.650390625,10863.650390625,22149500
2023-10-03,10849.990234375,10883.7998046875,10743.599609375,10763.3701171875,10763.3701171875,20944400
2023-10-04,10760.919921875,10832.1904296875,10730.8701171875,10756.1904296875,10756.1904296875,24729400
2023-10-05,10788.099609375,10834.5498046875,10744.83984375,10783.150390625,10783.150390625,20281100
2023-10-06,10815.3896484375,10854.0498046875,10731.5595703125,10837.58984375,10837.58984375,26578900
2023-10-09,10803.8798828125,10880.26953125,10764.4599609375,10822.240234375,10822.240234375,20532900
2023-10-10,10907.0703125,11009.7001953125,10895.8203125,11001.6904296875,11001.6904296875,23326000
2023-10-11,10973.5,11064.8798828125,10962.240234375,11038.2998046875,11038.2998046875,23318300
2023-10-12,11064.1201171875,11069.26953125,10979.76953125,10979.76953125,10979.76953125,19121000
2023-10-13,10960.259765625,10987.599609375,10890.7001953125,10900.2998046875,10900.2998046875,22846900
2023-10-16,10918.1904296875,10925.6796875,10841.919921875,10889.0302734375,10889.0302734375,22029800
2023-10-17,10870.8603515625,10884.5498046875,10766.8701171875,10814.01953125,10814.01953125,22495000
2023-10-18,10774.33984375,10785.900390625,10660.9697265625,10675.4404296875,10675.4404296875,29736100
2023-10-19,10598.7099609375,10603.41015625,10426.0498046875,10448.23046875,10448.23046875,28233900
2023-10-20,10385.2197265625,10415.51953125,10341.75,10348.599609375,10348.599609375,30088000
2023-10-23,10357.509765625,10369.419921875,10251.330078125,10331.919921875,10331.919921875,21863000
2023-10-24,10336.1904296875,10385.66015625,10275.6396484375,10376.8095703125,10376.8095703125,18582500
2023-10-25,10354.6201171875,10410.8095703125,10289.7001953125,10400.9296875,10400.9296875,20695100
2023-10-26,10325.75,10397.740234375,10291.9697265625,10367.6904296875,10367.6904296875,20705200
2023-10-27,10324.740234375,10411.0703125,10300.8203125,10323.7099609375,10323.7099609375,18678100
2023-10-30,10377.8603515625,10411.1904296875,10351.1298828125,10382.1904296875,10382.1904296875,18613600
2023-10-31,10369.75,10415.599609375,10352.1201171875,10391.16015625,10391.16015625,25989900
2023-11-01,10453.51953125,10542.6103515625,10424.4697265625,10503.8896484375,10503.8896484375,23485700
2023-11-02,10534.6103515625,10611.6103515625,10531.26953125,10591.98046875,10591.98046875,26724200
2023-11-03,10601.5302734375,10642.51953125,10573.240234375,10579.669921875,10579.669921875,20698900
2023-11-06,10596.150390625,10596.150390625,10539.91015625,10576.75,10576.75,20601000
2023-11-07,10574.259765625,10617.4404296875,10567.4501953125,10571.0302734375,10571.0302734375,21871900
2023-11-08,10542.5302734375,10645.2197265625,10530.509765625,10595.0595703125,10595.0595703125,27276900
2023-11-09,10608.73046875,10691.0498046875,10585.080078125,10644.990234375,10644.990234375,21508600
2023-11-10,10639.41015625,10645.1904296875,10519.26953125,10555.349609375,10555.349609375,22296200
2023-11-13,10574.0302734375,10603.0703125,10540.330078125,10590.3896484375,10590.3896484375,23444700
2023-11-14,10606.2900390625,10717.240234375,10573.5703125,10715.73046875,10715.73046875,29614000
2023-11-15,10732.490234375,10764.830078125,10697.1396484375,10708.1904296875,10708.1904296875,27159300
2023-11-16,10706.3896484375,10722.0595703125,10643.0703125,10643.0703125,10643.0703125,23384400
2023-11-17,10687.9404296875,10763.9599609375,10680.83984375,10737.3701171875,10737.3701171875,30009800
2023-11-20,10722.849609375,10747.7197265625,10699.6201171875,10740.26953125,10740.26953125,25098900
2023-11-21,10748.73046875,10794.3203125,10737.650390625,10782.23046875,10782.23046875,19516300
2023-11-22,10810.6904296875,10860.41015625,10794,10832.3896484375,10832.3896484375,19126700
2023-11-23,10817.58984375,10853.51953125,10806.1796875,10851.6201171875,10851.6201171875,12300700
2023-11-24,10845.0595703125,10879.51953125,10840.900390625,10879.51953125,10879.51953125,15135700
2023-11-27,10860.8798828125,10874.8896484375,10821.0595703125,10821.0595703125,10821.0595703125,20472300
2023-11-28,10777.509765625,10791.240234375,10720.8896484375,10760.3798828125,10760.3798828125,22843900
2023-11-29,10763.7197265625,10835.48046875,10761.6396484375,10802.8798828125,10802.8798828125,24815800
2023-11-30,10795.2197265625,10871.0302734375,10770.8701171875,10854.3203125,10854.3203125,146599900
2023-12-01,10888.5703125,10935.490234375,10851.919921875,10887.3603515625,10887.3603515625,30756900
2023-12-04,10911.669921875,10956.3798828125,10907.7900390625,10952.4404296875,10952.4404296875,22670200
2023-12-05,10931.2099609375,10979.1396484375,10915.759765625,10964.8095703125,10964.8095703125,23713800
2023-12-06,10983.5703125,11028.1396484375,10940.1396484375,11001.6201171875,11001.6201171875,24721700
2023-12-07,10996.919921875,10998.3203125,10960.4296875,10968.099609375,10968.099609375,18613400
2023-12-08,10974.7900390625,11089.73046875,10961.51953125,11071.76953125,11071.76953125,22913500
2023-12-11,11062.849609375,11138.16015625,11048.009765625,11130.3603515625,11130.3603515625,21666300
2023-12-12,11129.5302734375,11168.1796875,11119.6904296875,11151.2197265625,11151.2197265625,27462600
2023-12-13,11153.76953125,11255.5,11153.76953125,11188.91015625,11188.91015625,27697300
2023-12-14,11277.98046875,11333.91015625,11162.5703125,11209.9501953125,11209.9501953125,36296200
2023-12-15,11218.990234375,11229.5595703125,11154.6396484375,11191.8896484375,11191.8896484375,65344200
2023-12-18,11142.5400390625,11205.5498046875,11137.1796875,11155.7998046875,11155.7998046875,21645900
2023-12-19,11165.9599609375,11189.0595703125,11136.9501953125,11146.4296875,11146.4296875,28806700
2023-12-20,11160.3701171875,11191.2998046875,11121.0498046875,11144.8798828125,11144.8798828125,21358300
2023-12-21,11125.6103515625,11141.580078125,11064.2900390625,11132.599609375,11132.599609375,17434000
2023-12-22,11100.3203125,11160.23046875,11093.3701171875,11153.08984375,11153.08984375,13728900
2023-12-27,11138.5595703125,11162.509765625,11093.4296875,11113.98046875,11113.98046875,13701800
2023-12-28,11126.7998046875,11129.240234375,11057.5498046875,11057.5498046875,11057.5498046875,13993500
2023-12-29,11099.41015625,11143.58984375,11085.7001953125,11137.7900390625,11137.7900390625,14048400
