"Fecha","Open","High","Low","Close","Adj.Close","Volume"
2007-01-03,89.2200012207031,89.4599990844727,88.6600036621094,89.0599975585938,48.4267997741699,1870400
2007-01-04,89.2200012207031,89.6500015258789,89.2200012207031,89.5999984741211,48.7204208374023,1697000
2007-01-05,88.8000030517578,89.4000015258789,88.75,89.2099990844727,48.5083427429199,1298400
2007-01-08,89.120002746582,89.370002746582,89.0500030517578,89.370002746582,48.5953674316406,414200
2007-01-09,89.4800033569336,89.4800033569336,89.2200012207031,89.370002746582,48.5953674316406,481500
2007-01-10,89.0699996948242,89.129997253418,88.879997253418,88.9700012207031,48.3778419494629,519600
2007-01-11,88.7900009155273,88.8000030517578,88.2600021362305,88.4499969482422,48.095085144043,1293500
2007-01-12,88.1500015258789,88.8399963378906,87.9000015258789,88.0400009155273,47.8721656799316,846300
2007-01-16,88.2300033569336,88.2399978637695,88.0299987792969,88.2300033569336,47.9754867553711,702800
2007-01-17,88.2099990844727,88.2699966430664,87.8199996948242,87.9599990844727,47.8286552429199,724200
2007-01-18,87.9400024414062,88.2799987792969,87.7799987792969,88.2300033569336,47.9754867553711,918300
2007-01-19,88.1500015258789,88.1500015258789,87.870002746582,87.9899978637695,47.8449440002441,882500
2007-01-22,88.1500015258789,88.3300018310547,88.120002746582,88.1999969482422,47.9591789245605,432000
2007-01-23,88.0199966430664,88.0500030517578,87.5699996948242,87.620002746582,47.6437835693359,1096800
2007-01-24,87.6600036621094,87.6999969482422,87.5,87.6100006103516,47.6383438110352,463700
2007-01-25,87.4499969482422,87.4700012207031,86.879997253418,86.9800033569336,47.2957649230957,1397000
2007-01-26,86.7799987792969,87.0800018310547,86.6500015258789,86.9100036621094,47.257682800293,1576800
2007-01-29,87.0599975585938,87.0999984741211,86.5999984741211,86.7200012207031,47.1544075012207,1015300
2007-01-30,86.8899993896484,86.9100036621094,86.7600021362305,86.8199996948242,47.2087821960449,1295100
2007-01-31,86.6999969482422,87.6100006103516,86.6999969482422,87.5500030517578,47.6057205200195,2078000
2007-02-01,87.6500015258789,87.7600021362305,87,87.0899963378906,47.548397064209,986200
2007-02-02,87.0800018310547,87.3899993896484,87.0800018310547,87.1999969482422,47.6084327697754,814700
2007-02-05,87.4000015258789,87.4599990844727,87.1600036621094,87.3199996948242,47.6739959716797,395500
2007-02-06,87.1999969482422,87.8300018310547,87.1600036621094,87.8000030517578,47.9360237121582,770500
2007-02-07,87.9000015258789,88.120002746582,87.8399963378906,88.0599975585938,48.0779876708984,836200
2007-02-08,87.9899978637695,88.3099975585938,87.9100036621094,88.129997253418,48.1161804199219,980200
2007-02-09,87.8899993896484,87.9199981689453,87.5500030517578,87.629997253418,47.8431701660156,878300
2007-02-12,87.4899978637695,87.6500015258789,87.3300018310547,87.4300003051758,47.7340545654297,467600
2007-02-13,87.4899978637695,87.4899978637695,87.1999969482422,87.2399978637695,47.6302604675293,1310600
2007-02-14,87.5199966430664,88.1900024414062,87.5199966430664,88.0699996948242,48.0834503173828,2262500
2007-02-15,88.5299987792969,88.5800018310547,88.3300018310547,88.3300018310547,48.2254028320312,893800
2007-02-16,88.5899963378906,88.7200012207031,88.4800033569336,88.6399993896484,48.3946304321289,1476700
2007-02-20,88.5,88.8499984741211,88.5,88.8399963378906,48.503791809082,847400
2007-02-21,88.5299987792969,88.6999969482422,88.4800033569336,88.6900024414062,48.4219551086426,379800
2007-02-22,88.4100036621094,88.4499969482422,88.0899963378906,88.2099990844727,48.1598739624023,485200
2007-02-23,88.5299987792969,88.9400024414062,88.4899978637695,88.8399963378906,48.503791809082,735700
2007-02-26,89.1500015258789,89.4400024414062,89.1100006103516,89.4300003051758,48.8259506225586,763400
2007-02-27,89.7399978637695,91.2600021362305,89.5999984741211,90.5599975585938,49.4429130554199,3243200
2007-02-28,90.1600036621094,90.4700012207031,89.8899993896484,90.1500015258789,49.2190399169922,1701900
2007-03-01,90.2799987792969,90.4300003051758,89.6500015258789,89.75,49.187816619873,2423900
2007-03-02,89.9599990844727,90.4800033569336,89.6699981689453,90.1999969482422,49.4344215393066,1619800
2007-03-05,90.4800033569336,90.5,90.0599975585938,90.3499984741211,49.5166664123535,1505200
2007-03-06,90.0599975585938,90.3600006103516,89.9899978637695,90.0800018310547,49.3686485290527,837400
2007-03-07,90.0800018310547,90.5,89.9800033569336,90.4300003051758,49.5605087280273,915400
2007-03-08,90.2900009155273,90.4199981689453,90.1100006103516,90.3499984741211,49.5166664123535,574700
2007-03-09,89.379997253418,89.9000015258789,89.1900024414062,89.4000015258789,48.9959716796875,1534700
2007-03-12,89.7300033569336,89.9800033569336,89.6800003051758,89.75,49.187816619873,594400
2007-03-13,90.2300033569336,90.3399963378906,89.9800033569336,90.2900009155273,49.4837608337402,553800
2007-03-14,90.1500015258789,90.5400009155273,89.8399963378906,89.879997253418,49.259033203125,1698100
2007-03-15,89.7600021362305,89.9599990844727,89.6699981689453,89.870002746582,49.2535591125488,394900
2007-03-16,89.6699981689453,89.9199981689453,89.6500015258789,89.8499984741211,49.2426261901855,623800
2007-03-19,89.5800018310547,89.6999969482422,89.5199966430664,89.6600036621094,49.1385078430176,693900
2007-03-20,89.9100036621094,89.9499969482422,89.6900024414062,89.7099990844727,49.1658821105957,768400
2007-03-21,89.379997253418,90.0899963378906,88.6900024414062,89.75,49.187816619873,1513400
2007-03-22,89.4800033569336,89.4800033569336,88.8300018310547,89.0400009155273,48.7987022399902,1484300
2007-03-23,89.1900024414062,89.1999969482422,88.7799987792969,88.7900009155273,48.6617012023926,1679700
2007-03-26,88.620002746582,89.2699966430664,88.5,88.9000015258789,48.7219657897949,763600
2007-03-27,88.6399993896484,88.8099975585938,88.5599975585938,88.75,48.6397323608398,619800
2007-03-28,88.9100036621094,89.1100006103516,88.4100036621094,88.5699996948242,48.5411338806152,816900
2007-03-29,88.5400009155273,88.6699981689453,88.3199996948242,88.4499969482422,48.4753684997559,823000
2007-03-30,88.6500015258789,88.9199981689453,88.2200012207031,88.2799987792969,48.3821983337402,2015100
2007-04-02,88.1100006103516,88.2200012207031,88.0100021362305,88.0999984741211,48.4624862670898,579600
2007-04-03,88.0199966430664,88.1699981689453,87.9800033569336,87.9899978637695,48.4019508361816,617000
2007-04-04,88.1699981689453,88.3399963378906,87.9000015258789,88.0800018310547,48.4514579772949,576900
2007-04-05,88.0999984741211,88.120002746582,87.7099990844727,87.75,48.2699546813965,436400
2007-04-09,87.2799987792969,87.3099975585938,87.129997253418,87.1699981689453,47.9508857727051,1283900
2007-04-10,87.3899993896484,87.5500030517578,87.3099975585938,87.4300003051758,48.0939407348633,674400
2007-04-11,87.4700012207031,87.5800018310547,87.2799987792969,87.370002746582,48.0609130859375,476200
2007-04-12,87.5,87.5699996948242,87.2799987792969,87.3899993896484,48.0719299316406,495100
2007-04-13,87.4100036621094,87.4700012207031,87.0100021362305,87.120002746582,47.9233741760254,557800
2007-04-16,87.4000015258789,87.6800003051758,87.4000015258789,87.5999984741211,48.1874237060547,833600
2007-04-17,87.8899993896484,88.1600036621094,87.8399963378906,88.0899963378906,48.4570159912109,1254200
2007-04-18,88.370002746582,88.5599975585938,88.3600006103516,88.5299987792969,48.6990432739258,450800
2007-04-19,88.6600036621094,88.7099990844727,88.1999969482422,88.379997253418,48.6164817810059,1305900
2007-04-20,88.4499969482422,88.4499969482422,88.0599975585938,88.1500015258789,48.4899864196777,664500
2007-04-23,88.1399993896484,88.5899963378906,88.0400009155273,88.4700012207031,48.6660118103027,419000
2007-04-24,88.4499969482422,88.8199996948242,88.4499969482422,88.8000030517578,48.8475608825684,881300
2007-04-25,88.5699996948242,88.7900009155273,88.1100006103516,88.4899978637695,48.6770210266113,569000
2007-04-26,88.4300003051758,88.4300003051758,87.8499984741211,87.8499984741211,48.3249588012695,2048400
2007-04-27,88.0100021362305,88.0500030517578,87.7799987792969,87.8300018310547,48.3139762878418,428700
2007-04-30,88.3300018310547,88.75,88.25,88.75,48.8200073242188,485700
2007-05-01,88.5800018310547,88.6399993896484,88.1100006103516,88.4899978637695,48.8553886413574,487200
2007-05-02,88.4400024414062,88.4800033569336,88.2900009155273,88.4400024414062,48.8277702331543,443900
2007-05-03,88.370002746582,88.370002746582,88.0100021362305,88.2399978637695,48.7173461914062,427000
2007-05-04,88.5199966430664,88.6399993896484,88.5,88.5999984741211,48.916072845459,262000
2007-05-07,88.6999969482422,88.8499984741211,88.6699981689453,88.8399963378906,49.0486221313477,210200
2007-05-08,89.0100021362305,89.0100021362305,88.6399993896484,88.6399993896484,48.938159942627,488400
2007-05-09,88.6500015258789,88.6600036621094,88.2600021362305,88.2900009155273,48.7449645996094,634900
2007-05-10,88.4000015258789,88.5899963378906,88.3099975585938,88.5,48.8609046936035,519500
2007-05-11,88.6399993896484,88.6999969482422,88.129997253418,88.1900024414062,48.6897468566895,1238400
2007-05-14,88.2300033569336,88.2799987792969,87.9599990844727,87.9599990844727,48.5627899169922,315200
2007-05-15,88.1900024414062,88.2099990844727,87.6600036621094,87.9300003051758,48.5462074279785,382400
2007-05-16,87.8600006103516,88,87.8300018310547,87.870002746582,48.513053894043,599500
2007-05-17,87.5999984741211,87.7200012207031,87.4100036621094,87.5100021362305,48.314338684082,397000
2007-05-18,87.3499984741211,87.5,86.879997253418,86.9300003051758,47.9940986633301,856500
2007-05-21,86.9300003051758,87.2399978637695,86.8300018310547,87.1900024414062,48.1376533508301,821100
2007-05-22,87.1800003051758,87.1999969482422,86.6800003051758,86.7399978637695,47.8892021179199,920200
2007-05-23,86.8399963378906,86.8399963378906,86.3099975585938,86.4899978637695,47.7511749267578,914500
2007-05-24,86.4599990844727,86.5899963378906,85.9599990844727,86.5699996948242,47.7953605651855,1598200
2007-05-25,86.4000015258789,86.6100006103516,86.3300018310547,86.370002746582,47.6849403381348,754900
2007-05-29,86.5100021362305,86.5699996948242,85.8300018310547,86.3600006103516,47.6794204711914,1055700
2007-05-30,86.7900009155273,86.7900009155273,86.3899993896484,86.5400009155273,47.7788009643555,612000
2007-05-31,86.5599975585938,86.5800018310547,86.0400009155273,86.379997253418,47.6904373168945,1725900
2007-06-01,85.9000015258789,86.8399963378906,85.5400009155273,85.5899963378906,47.4399261474609,1694300
2007-06-04,85.8300018310547,86.0199966430664,85.6699981689453,85.9800033569336,47.6561126708984,877700
2007-06-05,85.8899993896484,85.9400024414062,85.379997253418,85.4400024414062,47.3567924499512,1145400
2007-06-06,85.3600006103516,85.5400009155273,85.2600021362305,85.4000015258789,47.3346252441406,1129200
2007-06-07,84.629997253418,84.7099990844727,83.7300033569336,83.870002746582,46.486572265625,5010400
2007-06-08,83.6100006103516,84.120002746582,83.3600006103516,83.8000030517578,46.4477996826172,5307600
2007-06-11,83.4899978637695,83.8899993896484,83.2600021362305,83.5599975585938,46.3147468566895,2043800
2007-06-12,82.9100036621094,83.4199981689453,82.1999969482422,82.3499984741211,45.6440734863281,9043900
2007-06-13,82.6999969482422,83.7600021362305,82.6500015258789,83.3300018310547,46.1872673034668,8751200
2007-06-14,83.1399993896484,83.7099990844727,83.0500030517578,83.120002746582,46.0708541870117,3384700
2007-06-15,83.4199981689453,83.7300033569336,83.1999969482422,83.6900024414062,46.3868064880371,5827200
2007-06-18,83.629997253418,83.6500015258789,82.2399978637695,83.5199966430664,46.2926025390625,17704600
2007-06-19,83.8199996948242,84.4499969482422,83.7200012207031,84.3000030517578,46.7248992919922,4620100
2007-06-20,84.0199966430664,84.0800018310547,83.5899963378906,83.620002746582,46.3480224609375,3031700
2007-06-21,83.5400009155273,83.6999969482422,83.2099990844727,83.2200012207031,46.1263275146484,850400
2007-06-22,83.0500030517578,83.7699966430664,82.9499969482422,83.7600021362305,46.4256172180176,2118900
2007-06-25,84.1500015258789,84.3499984741211,83.9599990844727,84.2200012207031,46.6805610656738,1323500
2007-06-26,84.2900009155273,84.3199996948242,83.9700012207031,84.2399978637695,46.6916618347168,2187800
2007-06-27,84.6100006103516,84.7399978637695,84.1999969482422,84.3199996948242,46.7359886169434,6109300
2007-06-28,84.3199996948242,84.5800018310547,84.1800003051758,84.3000030517578,46.7248992919922,3612500
2007-06-29,84.8499984741211,85.3000030517578,84.6399993896484,85.1699981689453,47.2071228027344,1962200
2007-07-02,84.8099975585938,85.370002746582,84.8099975585938,85.2900009155273,47.4552688598633,2811700
2007-07-03,85.25,85.3399963378906,84.7099990844727,84.7699966430664,47.1659317016602,1387500
2007-07-05,84.3099975585938,84.4199981689453,83.7200012207031,83.8199996948242,46.6373977661133,4586800
2007-07-06,83.5400009155273,83.5500030517578,83.2799987792969,83.4800033569336,46.4482078552246,1437800
2007-07-09,83.870002746582,83.9300003051758,83.6800003051758,83.7799987792969,46.6151351928711,795400
2007-07-10,84.4800033569336,85.1999969482422,84.4300003051758,85.1999969482422,47.4051780700684,2258000
2007-07-11,84.9499969482422,85.0899963378906,84.3199996948242,84.3199996948242,46.9155578613281,1191300
2007-07-12,84.5500030517578,84.5800018310547,83.870002746582,84.0299987792969,46.7541961669922,1941200
2007-07-13,84.4499969482422,84.5500030517578,83.9400024414062,84.2600021362305,46.8822326660156,725900
2007-07-16,84.5199966430664,85.1100006103516,84.5199966430664,85.0699996948242,47.3328590393066,952000
2007-07-17,84.8600006103516,85.0899963378906,84.5,84.8899993896484,47.2327156066895,734200
2007-07-18,84.9300003051758,85.5400009155273,84.8099975585938,85.2099990844727,47.4107322692871,1836800
2007-07-19,84.9000015258789,85.2600021362305,84.8000030517578,85.1900024414062,47.3996353149414,1021000
2007-07-20,85.379997253418,86.0800018310547,85.3199996948242,85.9599990844727,47.8280563354492,1459900
2007-07-23,85.6900024414062,85.9700012207031,85.6900024414062,85.8199996948242,47.7501754760742,777900
2007-07-24,86.0100021362305,86.1600036621094,85.7200012207031,86.1399993896484,47.9281997680664,1351600
2007-07-25,86.0699996948242,86.3899993896484,86,86.3099975585938,48.0227928161621,881100
2007-07-26,86.7399978637695,87.4599990844727,86.6500015258789,87.0299987792969,48.4234390258789,2866400
2007-07-27,87.0500030517578,87.5599975585938,86.8499984741211,87.2799987792969,48.5625228881836,5367800
2007-07-30,87.1900024414062,87.3600006103516,86.9100036621094,87.0299987792969,48.4234390258789,1803900
2007-07-31,87.129997253418,87.75,86.9499969482422,87.6600036621094,48.7739067077637,2467600
2007-08-01,87.2600021362305,87.5400009155273,87.0899963378906,87.129997253418,48.6683578491211,2154700
2007-08-02,87.2099990844727,87.4499969482422,86.9899978637695,87.3499984741211,48.7912445068359,2079400
2007-08-03,87.2799987792969,87.9300003051758,87.2799987792969,87.9300003051758,49.1152305603027,1577600
2007-08-06,87.6999969482422,87.7200012207031,87.1699981689453,87.2900009155273,48.757740020752,1298400
2007-08-07,87.4300003051758,87.7099990844727,86.9199981689453,87.2200012207031,48.7186508178711,1890800
2007-08-08,86.8899993896484,86.8899993896484,85.8600006103516,86.1600036621094,48.1265487670898,6453000
2007-08-09,86.75,86.8600006103516,85.7200012207031,86.2799987792969,48.1936187744141,2637500
2007-08-10,86.4899978637695,86.6999969482422,85.9800033569336,86.0800018310547,48.0818519592285,1496400
2007-08-13,85.9199981689453,86.4000015258789,85.9000015258789,86.3300018310547,48.2215118408203,1312600
2007-08-14,86.0199966430664,86.7799987792969,86.0100021362305,86.5599975585938,48.3499794006348,1314700
2007-08-15,86.6500015258789,86.75,86.25,86.25,48.1768455505371,1101700
2007-08-16,86.870002746582,87.5999984741211,86.7600021362305,87.1399993896484,48.6739501953125,2410200
2007-08-17,86.4000015258789,86.9100036621094,86.0500030517578,86.7900009155273,48.478458404541,2114400
2007-08-20,86.9599990844727,87.2699966430664,86.8300018310547,86.8399963378906,48.5063743591309,1048700
2007-08-21,87.0999984741211,87.4100036621094,87.0500030517578,87.2600021362305,48.7410087585449,1517200
2007-08-22,87.0500030517578,87.3099975585938,86.8099975585938,87.120002746582,48.662784576416,1137800
2007-08-23,87.0899963378906,87.6800003051758,87.0299987792969,87.4199981689453,48.8303604125977,1618800
2007-08-24,87.7699966430664,88.0800018310547,87.5599975585938,87.8499984741211,49.0705337524414,1614600
2007-08-27,88.2799987792969,88.4800033569336,88.1500015258789,88.3099975585938,49.3274879455566,1585400
2007-08-28,88.4300003051758,88.7399978637695,88.2799987792969,88.4599990844727,49.4112739562988,1298900
2007-08-29,88.4899978637695,88.7699966430664,88.1600036621094,88.2200012207031,49.2771987915039,2686700
2007-08-30,88.6100006103516,88.9599990844727,88.4700012207031,88.8099975585938,49.6067810058594,1806800
2007-08-31,88.5899963378906,89.1999969482422,88.5400009155273,88.879997253418,49.6458930969238,2763200
2007-09-04,88.8300018310547,89.129997253418,88.1999969482422,88.5599975585938,49.6694412231445,931000
2007-09-05,88.7600021362305,89.3499984741211,88.7200012207031,89.2699966430664,50.0676689147949,1271500
2007-09-06,89.3099975585938,89.4899978637695,88.9499969482422,89.0400009155273,49.9386444091797,1768400
2007-09-07,89.75,90.5,89.6900024414062,90.3000030517578,50.6452941894531,2852200
2007-09-10,90.5,91.2699966430664,90.5,91,51.0379257202148,2495200
2007-09-11,90.879997253418,91.2699966430664,90.6999969482422,90.9300003051758,50.9986763000488,3925400
2007-09-12,90.9000015258789,90.9400024414062,90.4199981689453,90.5899963378906,50.8079528808594,4458300
2007-09-13,90.3000030517578,90.3300018310547,89.5800018310547,89.7799987792969,50.3536415100098,2020600
2007-09-14,90.5800018310547,90.5899963378906,89.620002746582,89.9100036621094,50.4266052246094,1357200
2007-09-17,89.8199996948242,90.3899993896484,89.7600021362305,90.3399963378906,50.6677360534668,1285400
2007-09-18,89.8000030517578,90.2399978637695,89,89.6600036621094,50.2863922119141,3132800
2007-09-19,88.7099990844727,89.0100021362305,88.370002746582,88.8300018310547,49.8208770751953,3854700
2007-09-20,88.1800003051758,88.2900009155273,87.0999984741211,87.1500015258789,48.8786239624023,5903200
2007-09-21,87.5800018310547,88.129997253418,87.5800018310547,87.8899993896484,49.2936935424805,2217600
2007-09-24,88.0299987792969,88.2799987792969,87.9100036621094,88.1399993896484,49.4338645935059,1943600
2007-09-25,88.5,88.620002746582,87.8300018310547,87.8300018310547,49.2600288391113,2513500
2007-09-26,87.620002746582,88.129997253418,87.4300003051758,87.9100036621094,49.3048553466797,2646400
2007-09-27,88.2399978637695,88.7799987792969,88.1500015258789,88.5199966430664,49.6470222473145,1802900
2007-09-28,89.1600036621094,89.3300018310547,88.2200012207031,88.7200012207031,49.7591667175293,1254700
2007-10-01,88.6900024414062,88.9800033569336,88.4300003051758,88.879997253418,50.0434951782227,1399400
2007-10-02,88.75,89.370002746582,88.6800003051758,89.1600036621094,50.2011375427246,887800
2007-10-03,89.3300018310547,89.4300003051758,88.7300033569336,88.9000015258789,50.0547676086426,1164600
2007-10-04,89.0100021362305,89.3199996948242,88.9100036621094,89.2399978637695,50.2461891174316,1128700
2007-10-05,88.3099975585938,88.4400024414062,87.7099990844727,88.2799987792969,49.7057189941406,2184700
2007-10-08,87.7699966430664,88.5,87.7699966430664,88.2099990844727,49.6662292480469,280100
2007-10-09,88.1600036621094,88.3600006103516,87.7799987792969,88.0999984741211,49.6043357849121,901000
2007-10-10,87.9800033569336,88.4300003051758,87.7900009155273,88.1500015258789,49.6324577331543,855500
2007-10-11,87.5199966430664,88.0899963378906,87.4499969482422,88.0599975585938,49.5817985534668,1533400
2007-10-12,87.5199966430664,88.1800003051758,87.4800033569336,87.629997253418,49.3396644592285,1133900
2007-10-15,87.4800033569336,87.7200012207031,87.4000015258789,87.6500015258789,49.350944519043,553300
2007-10-16,87.6500015258789,87.9800033569336,87.5400009155273,87.6800003051758,49.3678512573242,855500
2007-10-17,87.7699966430664,88.9499969482422,87.7699966430664,88.6399993896484,49.9083442687988,2377000
2007-10-18,89.1100006103516,89.3399963378906,89.0199966430664,89.129997253418,50.1842842102051,1374100
2007-10-19,89.629997253418,90.5999984741211,89.6100006103516,90.4599990844727,50.9331398010254,2561800
2007-10-22,90.5800018310547,90.6500015258789,90.0699996948242,90.4700012207031,50.9387283325195,1866500
2007-10-23,90.2600021362305,90.5199966430664,90.0999984741211,90.3499984741211,50.8712043762207,1046600
2007-10-24,90.7099990844727,91.3899993896484,90.5599975585938,91.0199966430664,51.2484588623047,2829300
2007-10-25,91.0599975585938,91.1800003051758,90.6999969482422,90.7099990844727,51.073902130127,3062200
2007-10-26,90.370002746582,91,90.3399963378906,90.5,50.9556617736816,1366500
2007-10-29,90.5,90.9899978637695,90.4800033569336,90.8499984741211,51.1526718139648,881000
2007-10-30,90.7300033569336,91.0100021362305,90.4199981689453,90.8000030517578,51.1245422363281,1439600
2007-10-31,90.5,90.6999969482422,89.75,89.9800033569336,50.6628456115723,2498500
2007-11-01,89.9599990844727,91.0100021362305,89.9599990844727,90.75,51.3211479187012,2563400
2007-11-02,90.4499969482422,91.5400009155273,90.2099990844727,91.0400009155273,51.4851150512695,1927700
2007-11-05,91.1600036621094,91.3899993896484,90.8000030517578,91,51.462516784668,1021500
2007-11-06,90.5999984741211,91.1500015258789,90.4800033569336,90.5599975585938,51.2136726379395,575800
2007-11-07,90.5400009155273,90.7600021362305,90.3199996948242,90.7200012207031,51.3041534423828,1456100
2007-11-08,90.6500015258789,90.9400024414062,90.4300003051758,90.5599975585938,51.2136726379395,2179600
2007-11-09,91.0400009155273,91.5899963378906,90.9300003051758,91.3300018310547,51.649112701416,887200
2007-11-12,91.9899978637695,91.9899978637695,91.3499984741211,91.6600036621094,51.8357543945312,460600
2007-11-13,91.4199981689453,91.4899978637695,91.1699981689453,91.3199996948242,51.6434516906738,1116600
2007-11-14,90.9499969482422,91.5100021362305,90.9199981689453,91.4199981689453,51.700023651123,684400
2007-11-15,91.6100006103516,92.5599975585938,91.4899978637695,92.2799987792969,52.186351776123,1312900
2007-11-16,92.2699966430664,92.6999969482422,92.2099990844727,92.4100036621094,52.2598686218262,1333800
2007-11-19,92.5400009155273,93.4199981689453,92.4100036621094,93.0100021362305,52.5991897583008,1343900
2007-11-20,93.0899963378906,93.2900009155273,92.8000030517578,92.9100036621094,52.542667388916,1367800
2007-11-21,93.4000015258789,93.5800018310547,93.2399978637695,93.4499969482422,52.8480377197266,1297800
2007-11-23,93.4400024414062,93.8000030517578,93.3099975585938,93.7300033569336,53.0063705444336,437400
2007-11-26,94.2200012207031,96.3600006103516,94.120002746582,95.5800018310547,54.0526313781738,4427000
2007-11-27,94.9599990844727,95.25,93.9899978637695,94.6699981689453,53.5379943847656,3100300
2007-11-28,94.5599975585938,94.6900024414062,93.8399963378906,94.0299987792969,53.176025390625,2088100
2007-11-29,94.8199996948242,95.4199981689453,94.6600036621094,94.8399963378906,53.6340789794922,1594500
2007-11-30,93.879997253418,94.3899993896484,93.7399978637695,94.379997253418,53.3739814758301,1952100
2007-12-03,94.7600021362305,95.0999984741211,94.2799987792969,94.75,53.7975463867188,1272700
2007-12-04,94.9000015258789,95.0599975585938,94.1500015258789,94.7399978637695,53.791862487793,1721200
2007-12-05,94.2200012207031,94.4700012207031,93.5599975585938,93.6100006103516,53.1502647399902,1866000
2007-12-06,93.3199996948242,93.3399963378906,92.5400009155273,92.7900009155273,52.6846351623535,2270200
2007-12-07,92.1800003051758,92.3499984741211,91.379997253418,91.75,52.0941619873047,2171000
2007-12-10,91.6399993896484,91.6900024414062,90.75,91.1999969482422,51.7819137573242,2242500
2007-12-11,91.7300033569336,93.2300033569336,91.5800018310547,92.9899978637695,52.7982368469238,2892400
2007-12-12,91.4499969482422,92.6500015258789,91.2699966430664,92.0299987792969,52.2531547546387,2225400
2007-12-13,91.6100006103516,91.8199996948242,90.9000015258789,91.0299987792969,51.6853675842285,1222100
2007-12-14,90.7900009155273,90.9199981689453,90.5,90.6100006103516,51.446891784668,1354900
2007-12-17,91.0699996948242,91.5400009155273,90.9300003051758,91.4199981689453,51.9068031311035,2046200
2007-12-18,91.5899963378906,92.3000030517578,91.5500030517578,92.0100021362305,52.2418327331543,1417100
2007-12-19,92.4000015258789,93.5599975585938,91.879997253418,93.2300033569336,52.9345283508301,2252400
2007-12-20,93.2600021362305,93.870002746582,93.0199966430664,93.0299987792969,52.8209381103516,1659400
2007-12-21,92.9000015258789,92.9199981689453,91.6600036621094,91.6699981689453,52.0487670898438,1767600
2007-12-24,91.2200012207031,91.4700012207031,91.0800018310547,91.2399978637695,51.8046264648438,550300
2007-12-26,91.0199966430664,91.629997253418,90.2799987792969,90.4400024414062,51.3503799438477,674700
2007-12-27,90.879997253418,91.1600036621094,90.5100021362305,91.0599975585938,51.9101448059082,468600
2007-12-28,91.6500015258789,92.5800018310547,91.5,92.4800033569336,52.7196502685547,1967800
2007-12-31,92.7799987792969,93.2799987792969,92.5999984741211,93.0400009155273,53.0389099121094,1647600
2008-01-02,93.25,94.7300033569336,93.1999969482422,94.379997253418,53.8028221130371,2959600
2008-01-03,94,94.379997253418,93.6699981689453,94.25,53.7287254333496,1256700
2008-01-04,94.5,94.7900009155273,94.1999969482422,94.2699966430664,53.7400894165039,2420200
2008-01-07,94.1800003051758,94.7799987792969,94.0299987792969,94.6800003051758,53.9738273620605,1315500
2008-01-08,94.4400024414062,94.7099990844727,93.9300003051758,94.5699996948242,53.9111404418945,1604800
2008-01-09,94.7900009155273,95.3000030517578,94.620002746582,94.75,54.0137214660645,2203500
2008-01-10,94.870002746582,94.9499969482422,93.3099975585938,93.4700012207031,53.284065246582,2681800
2008-01-11,93.5199966430664,94.2799987792969,93.4000015258789,94.1999969482422,53.7001838684082,1872900
2008-01-14,94.1999969482422,94.5500030517578,94,94.5500030517578,53.8997116088867,906100
2008-01-15,95.1600036621094,95.629997253418,95.0699996948242,95.6100006103516,54.5040130615234,1435300
2008-01-16,95.6800003051758,95.8899993896484,94.7300033569336,94.9199981689453,54.1106185913086,3505100
2008-01-17,94.9599990844727,96.2900009155273,94.9300003051758,96.1500015258789,54.8118515014648,2940500
2008-01-18,95.5500030517578,95.7699966430664,95.2200012207031,95.4899978637695,54.4355583190918,2676800
2008-01-22,96.4100036621094,96.620002746582,95.3000030517578,96.5100021362305,55.0170097351074,5423500
2008-01-23,97.9800033569336,98.1600036621094,95.879997253418,96.2900009155273,54.8916664123535,7636600
2008-01-24,95.5500030517578,95.75,94.3399963378906,94.3600006103516,53.7914161682129,5676700
2008-01-25,94.1900024414062,96,94.129997253418,95.9499969482422,54.6978187561035,4371100
2008-01-28,95.6800003051758,96,95.3600006103516,95.5899963378906,54.4925956726074,1633500
2008-01-29,95.2799987792969,95.3199996948242,94.5800018310547,94.9400024414062,54.1220550537109,3100200
2008-01-30,94.6900024414062,94.7699966430664,93.5899963378906,94.3199996948242,53.7685928344727,3468000
2008-01-31,95.3000030517578,95.4300003051758,94.629997253418,94.9899978637695,54.1505279541016,11441000
2008-02-01,95,95.4000015258789,94.5599975585938,95.2300033569336,54.4760475158691,4163700
2008-02-04,94.3899993896484,94.6600036621094,94.129997253418,94.25,53.9154624938965,1729600
2008-02-05,95.4100036621094,95.6100006103516,94.7699966430664,94.9700012207031,54.3273162841797,2594600
2008-02-06,94.629997253418,94.8499984741211,94.3600006103516,94.6800003051758,54.1614074707031,1339800
2008-02-07,94.5299987792969,94.5299987792969,92.0500030517578,92.6399993896484,52.9944839477539,5419700
2008-02-08,93.25,93.7300033569336,93.0899963378906,93.6999969482422,53.6007843017578,2832800
2008-02-11,94.2799987792969,94.6999969482422,93.7300033569336,94.0899963378906,53.8238906860352,2960200
2008-02-12,93.3199996948242,93.6500015258789,92.9599990844727,93.5299987792969,53.5035362243652,2897700
2008-02-13,92.9300003051758,93.4199981689453,92.4000015258789,92.5400009155273,52.9372406005859,3697500
2008-02-14,91.8000030517578,92.0999984741211,90.6600036621094,91.1800003051758,52.1592216491699,7505000
2008-02-15,91.6100006103516,92.0699996948242,91.4599990844727,91.879997253418,52.559700012207,3687800
2008-02-19,91.1399993896484,91.6999969482422,90.6399993896484,90.9499969482422,52.0276641845703,2911600
2008-02-20,90.620002746582,91.5800018310547,90.5599975585938,91.5800018310547,52.3880958557129,2550100
2008-02-21,92.0800018310547,92.8499984741211,92.0500030517578,92.5500030517578,52.9429588317871,4197200
2008-02-22,92.4899978637695,92.8499984741211,91.870002746582,92.0199966430664,52.639778137207,1959700
2008-02-25,91.9499969482422,92.1399993896484,90.6500015258789,91.0800018310547,52.1020278930664,3460900
2008-02-26,90.9599990844727,91.3399963378906,90.7300033569336,91.1100006103516,52.1192512512207,2618900
2008-02-27,91.4300003051758,91.5699996948242,90.6100006103516,91.1900024414062,52.1649627685547,2494400
2008-02-28,92.3399963378906,92.8399963378906,92.1900024414062,92.8099975585938,53.0916748046875,3410900
2008-02-29,93.6500015258789,94.4599990844727,93.5199966430664,94.2300033569336,53.9039764404297,3822000
2008-03-03,93.6699981689453,94.1999969482422,93.25,93.6399993896484,53.7650375366211,2036900
2008-03-04,93.9400024414062,94.120002746582,92.5299987792969,92.7300033569336,53.2425575256348,3401100
2008-03-05,93.0599975585938,93.0599975585938,91.5,91.620002746582,52.6052436828613,3871200
2008-03-06,91.8199996948242,92.4400024414062,91.6699981689453,92.1100006103516,52.8865776062012,1342600
2008-03-07,93.2900009155273,93.3499984741211,91.7399978637695,92.2300033569336,52.955493927002,3601300
2008-03-10,92.7099990844727,94.129997253418,92.6100006103516,93.5899963378906,53.7362785339355,3579000
2008-03-11,93,93.0299987792969,92.2099990844727,92.7900009155273,53.2770385742188,3309200
2008-03-12,93.129997253418,94.6800003051758,92.9700012207031,94.5800018310547,54.3047676086426,4752900
2008-03-13,95.0299987792969,95.1900024414062,93.2600021362305,93.8399963378906,53.8798561096191,5763500
2008-03-14,94.620002746582,95.8099975585938,94.620002746582,95,54.5459518432617,6174800
2008-03-17,95.5899963378906,96.3099975585938,95.3099975585938,95.7300033569336,54.9650535583496,3329300
2008-03-18,95.3000030517578,96.1600036621094,94.9499969482422,95.3600006103516,54.7526206970215,4022300
2008-03-19,95.120002746582,97.4700012207031,95.120002746582,96.9400024414062,55.6598205566406,5206400
2008-03-20,97,97.75,96.870002746582,97.1800003051758,55.7975921630859,3905900
2008-03-24,96.4800033569336,96.4800033569336,95.1999969482422,95.3000030517578,54.7181510925293,5596200
2008-03-25,95.379997253418,95.8199996948242,95.2799987792969,95.6999969482422,54.9478378295898,2038200
2008-03-26,95.7799987792969,96.1999969482422,95.2300033569336,95.3000030517578,54.7181510925293,1652000
2008-03-27,94.6399993896484,95.3600006103516,94.5400009155273,94.629997253418,54.3334541320801,2405700
2008-03-28,95.0899963378906,95.5599975585938,94.75,95.5500030517578,54.8617210388184,1745500
2008-03-31,96.1100006103516,96.3199996948242,95.6699981689453,95.8899993896484,55.0569152832031,2546300
2008-04-01,94.8099975585938,94.8499984741211,93.7799987792969,93.9300003051758,54.1608619689941,3821800
2008-04-02,93.9899978637695,94.8600006103516,93.9899978637695,94.129997253418,54.2761688232422,3794200
2008-04-03,94.5,94.6699981689453,94.120002746582,94.3399963378906,54.3972511291504,2839100
2008-04-04,95.1699981689453,95.5599975585938,94.9899978637695,95.1999969482422,54.8931770324707,1745200
2008-04-07,94.620002746582,94.7799987792969,93.9000015258789,94.6999969482422,54.6048469543457,2231800
2008-04-08,95.1800003051758,95.2399978637695,94.2600021362305,94.370002746582,54.4145736694336,1305200
2008-04-09,94.5599975585938,95.6399993896484,94.5500030517578,95.3499984741211,54.9796829223633,2883600
2008-04-10,95.3099975585938,95.5,94.5699996948242,95.0299987792969,54.7951393127441,1846500
2008-04-11,95.5999984741211,95.9199981689453,95.4700012207031,95.6699981689453,55.1641807556152,1987700
2008-04-14,95.3399963378906,95.6999969482422,94.9899978637695,95.1100006103516,54.8412933349609,3195300
2008-04-15,94.4199981689453,94.5800018310547,93.9000015258789,93.9300003051758,54.1608619689941,2821600
2008-04-16,93.8000030517578,94.0599975585938,92.4300003051758,93.0100021362305,53.6303939819336,4691100
2008-04-17,92.9800033569336,93.1800003051758,92.2399978637695,92.8499984741211,53.5381278991699,2020000
2008-04-18,92,92.879997253418,91.8199996948242,92.7699966430664,53.4920349121094,2199700
2008-04-21,92.4100036621094,93.2799987792969,92.3000030517578,93.1399993896484,53.7053451538086,2805800
2008-04-22,92.9100036621094,93.6699981689453,92.9100036621094,93.4599990844727,53.8898849487305,1799700
2008-04-23,93.0899963378906,93.629997253418,92.5299987792969,93.1500015258789,53.7111206054688,1221100
2008-04-24,92.2600021362305,92.4599990844727,91.8099975585938,92.3600006103516,53.2556381225586,3213600
2008-04-25,92.1399993896484,92.25,91.5,91.8199996948242,52.9441795349121,1742000
2008-04-28,91.5299987792969,92.3499984741211,91.4100036621094,92.0999984741211,53.1057167053223,1883900
2008-04-29,92.379997253418,92.8600006103516,92.1500015258789,92.4499969482422,53.3075180053711,1269100
2008-04-30,92.4199981689453,93.1999969482422,91.8499984741211,93.1100006103516,53.6880722045898,2827500
2008-05-01,93.4400024414062,93.6500015258789,92.379997253418,92.7799987792969,53.6915245056152,3226500
2008-05-02,91.7799987792969,92.4100036621094,91.5400009155273,91.6100006103516,53.0144462585449,2730800
2008-05-05,91.8600006103516,91.870002746582,91.1399993896484,91.6100006103516,53.0144462585449,1309300
2008-05-06,92.0100021362305,92.0800018310547,90.7900009155273,90.9499969482422,52.632495880127,4037500
2008-05-07,90.7300033569336,91.4300003051758,90.620002746582,91.3399963378906,52.8581924438477,3876200
2008-05-08,91.4400024414062,92.1999969482422,91.4199981689453,92.1600036621094,53.3327217102051,2829500
2008-05-09,92.7300033569336,92.870002746582,92.2099990844727,92.5,53.5295104980469,2064300
2008-05-12,92.7600021362305,93.1600036621094,92.3499984741211,92.3600006103516,53.4484939575195,1947400
2008-05-13,91.8300018310547,92.0500030517578,91.3099975585938,91.3499984741211,52.8639869689941,2123300
2008-05-14,92,92.0100021362305,90.7200012207031,91.3899993896484,52.8871307373047,2600900
2008-05-15,91.1699981689453,92.3300018310547,91.0899963378906,92.2200012207031,53.3674545288086,2164300
2008-05-16,91.879997253418,92.8899993896484,91.7799987792969,91.8399963378906,53.1475486755371,1902600
2008-05-19,92.2600021362305,92.2600021362305,91.3000030517578,91.9599990844727,53.2170219421387,1348200
2008-05-20,92.4400024414062,92.5,91.9000015258789,92.4400024414062,53.4947547912598,1466000
2008-05-21,92.0500030517578,92.6699981689453,91.8600006103516,92.4599990844727,53.5063591003418,1762100
2008-05-22,91.9300003051758,91.9300003051758,90.8399963378906,91.370002746582,52.875560760498,2855900
2008-05-23,91.8300018310547,92.3000030517578,91.6999969482422,91.7699966430664,53.1070251464844,1802000
2008-05-27,91.379997253418,91.5599975585938,90.9800033569336,91.1500015258789,52.7482299804688,1985800
2008-05-28,90.5400009155273,90.6600036621094,90.1399993896484,90.3399963378906,52.2795028686523,3250700
2008-05-29,90.0100021362305,90.0999984741211,89.1399993896484,89.6900024414062,51.9033241271973,3302400
2008-05-30,90.129997253418,90.4400024414062,90.0599975585938,90.2799987792969,52.2448234558105,2514600
2008-06-02,89.9800033569336,90.6399993896484,89.620002746582,90.3000030517578,52.4463233947754,3076400
2008-06-03,90.0599975585938,91.4100036621094,89.8099975585938,90.9499969482422,52.8238487243652,2447700
2008-06-04,91.3899993896484,91.3899993896484,89.9000015258789,90.1399993896484,52.3533897399902,2813000
2008-06-05,89.8199996948242,90.0299987792969,89.4499969482422,89.5999984741211,52.0397987365723,2632200
2008-06-06,90.4400024414062,91.0899963378906,90.2099990844727,90.7600021362305,52.7134704589844,3864800
2008-06-09,90.4800033569336,91.3899993896484,90.1900024414062,90.7600021362305,52.7134704589844,1812000
2008-06-10,90.6500015258789,90.7099990844727,89.6999969482422,90.1699981689453,52.3708114624023,1935300
2008-06-11,90.0500030517578,90.7200012207031,89.7099990844727,89.9599990844727,52.2488441467285,2265400
2008-06-12,89.5599975585938,89.6399993896484,88.8199996948242,89.0599975585938,51.7261161804199,4413100
2008-06-13,88.9700012207031,89.5400009155273,88.6800003051758,88.870002746582,51.615779876709,1983600
2008-06-16,89.1100006103516,89.1800003051758,88.620002746582,88.8899993896484,51.627384185791,1756800
2008-06-17,89.1500015258789,89.2699966430664,88.5899963378906,89.0699996948242,51.7319488525391,1712200
2008-06-18,89.2900009155273,89.9700012207031,89.0899963378906,89.8199996948242,52.1675491333008,2590000
2008-06-19,89.5199966430664,89.75,89.0299987792969,89.2900009155273,51.8597564697266,1700500
2008-06-20,89.9400024414062,90.0699996948242,89.6900024414062,89.8099975585938,52.1616897583008,4580900
2008-06-23,90.0800018310547,90.4300003051758,89.8300018310547,90,52.2721214294434,1594100
2008-06-24,90.379997253418,90.8099975585938,90.1399993896484,90.5999984741211,52.6205673217773,3118400
2008-06-25,90.6500015258789,90.7600021362305,89.8099975585938,90.6399993896484,52.6438407897949,3251600
2008-06-26,91,91.4400024414062,90.7900009155273,91.25,52.9980430603027,4052300
2008-06-27,91.7300033569336,92.4400024414062,91.4499969482422,92.3199996948242,53.6195297241211,4144800
2008-06-30,92.4100036621094,92.8199996948242,92.0800018310547,92.3399963378906,53.6311569213867,3743000
2008-07-01,92.6900024414062,92.7699966430664,91.6800003051758,91.7900009155273,53.5040588378906,3805100
2008-07-02,91.9599990844727,92.379997253418,91.870002746582,92.2699966430664,53.7838439941406,2413700
2008-07-03,91.7099990844727,92.3000030517578,91.5400009155273,92.0699996948242,53.6672782897949,1405100
2008-07-07,92.0699996948242,93.1500015258789,91.5800018310547,92.4899978637695,53.9120979309082,3528400
2008-07-08,92.5,93.1399993896484,92.4199981689453,93.0899963378906,54.2618217468262,2176600
2008-07-09,92.9400024414062,93.6399993896484,92.9199981689453,93.5,54.5008087158203,1582000
2008-07-10,93.3300018310547,93.7600021362305,92.9400024414062,93.4899978637695,54.4949989318848,2723600
2008-07-11,93.5199966430664,93.7399978637695,91.8600006103516,92.1600036621094,53.7197647094727,5466000
2008-07-14,92.379997253418,93.2600021362305,92.2900009155273,92.9700012207031,54.1919288635254,4135400
2008-07-15,93.0699996948242,93.4300003051758,92.6999969482422,92.9400024414062,54.1744384765625,4541400
2008-07-16,92.0800018310547,92.2399978637695,91.2099990844727,91.2600021362305,53.195182800293,3435900
2008-07-17,91.2600021362305,91.6100006103516,90.5599975585938,90.7900009155273,52.9211654663086,5899900
2008-07-18,90.7600021362305,91.1999969482422,90.3000030517578,90.4499969482422,52.7229957580566,3475200
2008-07-21,90.4499969482422,90.9000015258789,90.25,90.8000030517578,52.9269905090332,3657200
2008-07-22,90.6399993896484,90.7600021362305,90.0299987792969,90.3499984741211,52.6646881103516,2675200
2008-07-23,90.2200012207031,90.370002746582,89.75,90.1699981689453,52.5597877502441,2871900
2008-07-24,90.3499984741211,91.25,90.3499984741211,91.0500030517578,53.0727195739746,2613300
2008-07-25,90.5500030517578,90.8399963378906,90,90.1399993896484,52.5423049926758,3765300
2008-07-28,90.9499969482422,91.4700012207031,90.6999969482422,91.0500030517578,53.0727195739746,1275900
2008-07-29,90.6600036621094,90.9899978637695,90.3099975585938,90.6800003051758,52.8570976257324,1349100
2008-07-30,90.0899963378906,91.2900009155273,90.0299987792969,90.7699966430664,52.9095268249512,1667500
2008-07-31,91.7200012207031,92.0500030517578,91.2699966430664,91.6699981689453,53.4341430664062,3898700
2008-08-01,90.9700012207031,91.5599975585938,90.8300018310547,91.5400009155273,53.5523262023926,1804800
2008-08-04,91.0899963378906,91.6399993896484,91.0100021362305,91.3300018310547,53.4294776916504,2029900
2008-08-05,91.3499984741211,91.5999984741211,90.620002746582,90.6500015258789,53.0316314697266,2191200
2008-08-06,90.4100036621094,90.4100036621094,89.8199996948242,90.2799987792969,52.8151893615723,3139500
2008-08-07,90.629997253418,91.9000015258789,90.4300003051758,91.75,53.6751518249512,2765600
2008-08-08,91.8899993896484,92.0800018310547,91.5400009155273,92,53.8214149475098,1035400
2008-08-11,91.7799987792969,91.7799987792969,90.5999984741211,91.120002746582,53.3066024780273,3939400
2008-08-12,91.8099975585938,92.0299987792969,91.6999969482422,91.9700012207031,53.8038864135742,1315000
2008-08-13,92.3000030517578,92.3499984741211,91.4599990844727,91.6500015258789,53.6166610717773,1940300
2008-08-14,92.2600021362305,92.5999984741211,92.0699996948242,92.2399978637695,53.9618110656738,2605300
2008-08-15,92.6699981689453,93.1999969482422,92.5699996948242,93.0400009155273,54.4298477172852,1964900
2008-08-18,93.0800018310547,93.5400009155273,92.9599990844727,93.4100036621094,54.6463012695312,1262200
2008-08-19,93.4400024414062,93.5299987792969,92.8899993896484,93.0500030517578,54.4357109069824,1944700
2008-08-20,93.379997253418,93.7099990844727,93.1500015258789,93.3099975585938,54.5877990722656,2500000
2008-08-21,93.629997253418,93.629997253418,92.75,93.1399993896484,54.488395690918,2267000
2008-08-22,93.1100006103516,93.1699981689453,92.6399993896484,93.0800018310547,54.4532432556152,1990000
2008-08-25,94.120002746582,94.3300018310547,93.8499984741211,94.0100021362305,54.9973220825195,2028300
2008-08-26,93.9599990844727,94.1999969482422,93.7099990844727,94.0899963378906,55.0441246032715,1270900
2008-08-27,93.4899978637695,94.2900009155273,93.4400024414062,94.25,55.1377220153809,1555300
2008-08-28,93.9100036621094,94.4100036621094,93.6900024414062,94.2600021362305,55.1435356140137,1886500
2008-08-29,94.0199966430664,94.1600036621094,93.5100021362305,93.8399963378906,54.8978614807129,1739100
2008-09-02,92.9800033569336,94.4100036621094,92.8399963378906,94.370002746582,55.4086227416992,2916000
2008-09-03,94.2699966430664,94.8899993896484,94.2600021362305,94.7699966430664,55.6434745788574,2105000
2008-09-04,95,95.5599975585938,94.8099975585938,95.5299987792969,56.0897789001465,3049800
2008-09-05,96.0199966430664,96.3099975585938,95.4100036621094,95.4800033569336,56.0604057312012,4167800
2008-09-08,94.9000015258789,95.879997253418,94.5599975585938,95.879997253418,56.2952346801758,5426200
2008-09-09,95.8300018310547,96.879997253418,95.5400009155273,96.8300018310547,56.8530311584473,3890200
2008-09-10,95.9800033569336,96.6600036621094,95.8199996948242,96.2300033569336,56.5007553100586,2407900
2008-09-11,96.7900009155273,96.8600006103516,96,96.1800003051758,56.4713897705078,3592000
2008-09-12,96.2099990844727,96.3300018310547,94.75,94.9400024414062,55.7433242797852,4138200
2008-09-15,96.2799987792969,98.1699981689453,96.0699996948242,98.0199966430664,57.5517272949219,5889900
2008-09-16,100.709999084473,100.860000610352,97.9100036621094,98,57.5399475097656,6684400
2008-09-17,98.9199981689453,99.379997253418,97.7300033569336,98.4899978637695,57.8276824951172,4371300
2008-09-18,97.9499969482422,98.4899978637695,96.9199981689453,97.0500030517578,56.9822006225586,4188300
2008-09-19,93.8600006103516,95.0199966430664,93.6999969482422,93.9700012207031,55.1737785339355,7169200
2008-09-22,92.9300003051758,93.9599990844727,92.5999984741211,93.9599990844727,55.1679229736328,4726300
2008-09-23,93.6100006103516,94.0999984741211,93.129997253418,93.5999984741211,54.9565582275391,2236000
2008-09-24,93.9700012207031,94.75,93.5999984741211,94.0100021362305,55.1972885131836,1014900
2008-09-25,94.5899963378906,94.5899963378906,93.1500015258789,93.8199996948242,55.0857467651367,1881200
2008-09-26,94.0699996948242,94.7900009155273,94.0699996948242,94.5,55.484977722168,1992800
2008-09-29,95.1699981689453,97.9300003051758,95.1600036621094,97.25,57.0996360778809,4799800
2008-09-30,97.0400009155273,97.2900009155273,94.5999984741211,94.879997253418,55.7081146240234,1358100
2008-10-01,96.0400009155273,96.9000015258789,94.9499969482422,95.7799987792969,56.4089508056641,1767800
2008-10-02,96.5699996948242,96.8499984741211,96.0699996948242,96.5500030517578,56.8624229431152,931900
2008-10-03,97.379997253418,97.7900009155273,95.4899978637695,97.4000015258789,57.3629837036133,1903100
2008-10-06,98.7399978637695,99.8600006103516,98.620002746582,99.1699981689453,58.4054489135742,2906200
2008-10-07,98.3199996948242,99.6699981689453,97.9800033569336,98.870002746582,58.2288055419922,1972000
2008-10-08,99.6800003051758,99.9400024414062,96.6800003051758,97.4499969482422,57.3924827575684,3386300
2008-10-09,97.370002746582,97.6999969482422,96.2200012207031,96.629997253418,56.9095306396484,1785400
2008-10-10,96.6100006103516,96.9100036621094,95.5100021362305,95.9499969482422,56.5090713500977,2200000
2008-10-13,95.1100006103516,95.9499969482422,94.2600021362305,94.7200012207031,55.7846641540527,1532100
2008-10-14,94.25,95.2600021362305,93.9000015258789,94.1100006103516,55.4253883361816,2100000
2008-10-15,94.120002746582,95.0400009155273,93.4199981689453,95.0100021362305,55.9554405212402,1449500
2008-10-16,94.9899978637695,95.2699966430664,94.1800003051758,94.5199966430664,55.6668815612793,1063200
2008-10-17,94.6900024414062,94.9000015258789,93.0199966430664,93.870002746582,55.2840766906738,1691800
2008-10-20,93.4400024414062,94.9400024414062,93.3600006103516,94.620002746582,55.7257347106934,1146800
2008-10-21,95.0899963378906,95.9899978637695,94.7399978637695,95.120002746582,56.0202598571777,1243700
2008-10-22,96.120002746582,97.4899978637695,95.8499984741211,97.0500030517578,57.1568870544434,1069800
2008-10-23,97.9499969482422,98.8899993896484,96.8199996948242,97.7699966430664,57.580924987793,1802000
2008-10-24,98.8199996948242,99.0500030517578,96.4499969482422,96.7300033569336,56.9684562683105,1495400
2008-10-27,97.7699966430664,98.2099990844727,96.2900009155273,96.8000030517578,57.009651184082,1534100
2008-10-28,96.1800003051758,96.9000015258789,95.1500015258789,95.3899993896484,56.1792831420898,1505500
2008-10-29,95.7699966430664,96.0100021362305,94.4300003051758,94.9100036621094,55.8965530395508,1745800
2008-10-30,94.5,94.8000030517578,93.8000030517578,94.0500030517578,55.390079498291,1326000
2008-10-31,94.6399993896484,94.9199981689453,92.6500015258789,92.8300018310547,54.6716003417969,2282500
2008-11-03,92.7200012207031,93.1100006103516,92.3499984741211,92.7099990844727,54.8194007873535,1111600
2008-11-04,92.9599990844727,94.7099990844727,92.5899963378906,94.4499969482422,55.848217010498,1608800
2008-11-05,94.8899993896484,95.6699981689453,94.4000015258789,95.5699996948242,56.5104637145996,1931700
2008-11-06,94.5999984741211,95.0500030517578,93.8099975585938,94.879997253418,56.102466583252,919700
2008-11-07,94.5199966430664,94.5199966430664,93.5500030517578,94.2600021362305,55.735897064209,1277100
2008-11-10,93.8000030517578,95.0999984741211,93.6800003051758,94.7200012207031,56.0079116821289,1352100
2008-11-11,95.2099990844727,95.8099975585938,94.9599990844727,95,56.1734504699707,696000
2008-11-12,95.5800018310547,96.0699996948242,95.1600036621094,95.6100006103516,56.5341567993164,1199400
2008-11-13,94.9100036621094,95.25,93.25,93.3199996948242,55.1800537109375,1631900
2008-11-14,95.1100006103516,95.4599990844727,94.7900009155273,95.1699981689453,56.273998260498,1059300
2008-11-17,95.6800003051758,96.0299987792969,95.2900009155273,95.5899963378906,56.522331237793,490300
2008-11-18,96.379997253418,97,95.9599990844727,96.8199996948242,57.2496299743652,924800
2008-11-19,97.4700012207031,99.370002746582,97.2099990844727,99.3000030517578,58.7161102294922,2090400
2008-11-20,101.819999694824,104.440002441406,101.099998474121,104.430000305176,61.7494659423828,5459800
2008-11-21,103.25,103.980003356934,101.449996948242,102.919998168945,60.8565063476562,3249300
2008-11-24,102.150001525879,102.290000915527,101,101.309997558594,59.904541015625,1587300
2008-11-25,103.949996948242,104.470001220703,102.680000305176,104.290000915527,61.666618347168,2632700
2008-11-26,104.720001220703,105.620002746582,104.089996337891,104.430000305176,61.7494659423828,2577600
2008-11-28,105.25,105.970001220703,104.940002441406,105.720001220703,62.5121765136719,986400
2008-12-01,107.75,110.410003662109,107.129997253418,109.400001525879,64.9060974121094,4031600
2008-12-02,108.559997558594,110.370002746582,108.190002441406,109.819999694824,65.1552658081055,3289300
2008-12-03,110.269996643066,110.809997558594,108.559997558594,110.129997253418,65.339225769043,2951000
2008-12-04,111.129997253418,112.48999786377,110.370002746582,112.300003051758,66.6266555786133,2825400
2008-12-05,111.949996948242,113,110.419998168945,110.480003356934,65.5469055175781,4557600
2008-12-08,110.480003356934,111.25,109.690002441406,110.23999786377,65.4045104980469,2119500
2008-12-09,110.580001831055,112.529998779297,110.25,112.419998168945,66.6978759765625,2055500
2008-12-10,111.370002746582,112.150001525879,111.120002746582,112.150001525879,66.5376968383789,2414900
2008-12-11,112.180000305176,112.430000305176,110.870002746582,112.370002746582,66.6682281494141,2416900
2008-12-12,112.540000915527,112.559997558594,110.339996337891,112.370002746582,66.6682281494141,2547100
2008-12-15,112.349998474121,113.940002441406,112.050003051758,113.650001525879,67.427619934082,1707700
2008-12-16,116.459999084473,116.900001525879,113.970001220703,116.459999084473,69.0947723388672,4015100
2008-12-17,120.769996643066,121.129997253418,119.26000213623,119.620002746582,70.9695587158203,6407500
2008-12-18,120.73999786377,123.150001525879,120.449996948242,122.129997253418,72.458740234375,4442000
2008-12-19,121.440002441406,122.98999786377,121.279998779297,122.26000213623,72.5358810424805,2668500
2008-12-22,122.389999389648,122.389999389648,120.730003356934,121.319999694824,71.978157043457,2221400
2008-12-23,120.139999389648,121.5,119.900001525879,121.160003662109,71.8832244873047,1746400
2008-12-24,120.730003356934,121.319999694824,120.620002746582,120.900001525879,71.7289581298828,717200
2008-12-26,121.589996337891,121.970001220703,121.199996948242,121.300003051758,71.9663009643555,454400
2008-12-29,121.430000305176,122.01000213623,120.610000610352,120.75,71.8799819946289,1416000
2008-12-30,120.48999786377,121.919998168945,120.069999694824,121.900001525879,72.564567565918,2590500
2008-12-31,121.410003662109,122,118.849998474121,119.349998474121,71.0466003417969,2738000
2009-01-02,120.050003051758,120.449996948242,116.349998474121,116.349998474121,69.2607574462891,3464200
2009-01-05,115.599998474121,116.160003662109,112.599998474121,113.349998474121,67.4749069213867,5395200
2009-01-06,111.620002746582,113.26000213623,111,112.209999084473,66.7962799072266,4109300
2009-01-07,111.959999084473,112.680000305176,111.400001525879,112.650001525879,67.0581817626953,2565600
2009-01-08,112.639999389648,112.919998168945,111.98999786377,112.559997558594,67.0046463012695,2603600
2009-01-09,111.459999084473,113.349998474121,111.269996643066,112.730003356934,67.1058578491211,2727900
2009-01-12,111.569999694824,114.050003051758,111.569999694824,113.900001525879,67.8023223876953,2462800
2009-01-13,113.5,114.080001831055,112.959999084473,114.019996643066,67.8737869262695,1767400
2009-01-14,114.650001525879,116.040000915527,114.650001525879,115.900001525879,68.9929122924805,2494800
2009-01-15,116.199996948242,116.919998168945,115.580001831055,116.089996337891,69.1060028076172,2827200
2009-01-16,113.419998168945,116.089996337891,113.360000610352,114.300003051758,68.0404510498047,2994800
2009-01-20,112.290000915527,114.629997253418,112.230003356934,114.279998779297,68.0285339355469,3268300
2009-01-21,111.930000305176,113.040000915527,110.400001525879,110.669998168945,65.8795318603516,2838100
2009-01-22,110.599998474121,110.769996643066,107.879997253418,108.540000915527,64.6116714477539,4016600
2009-01-23,107.919998168945,108.319999694824,106.690002441406,107.690002441406,64.1056518554688,2676200
2009-01-26,107.430000305176,107.819999694824,106.300003051758,106.75,63.5461044311523,2240900
2009-01-27,107.800003051758,109.589996337891,107.629997253418,109.26000213623,65.0402221679688,3420800
2009-01-28,109.309997558594,109.809997558594,105.720001220703,106.529998779297,63.4151077270508,4348100
2009-01-29,105.559997558594,106.309997558594,103.660003662109,104.080001831055,61.9566917419434,3724400
2009-01-30,104.550003051758,104.870002746582,103.440002441406,103.75,61.76025390625,2630000
2009-02-02,104.019996643066,105.680000305176,103.389999389648,105.389999389648,62.9093360900879,2700200
2009-02-03,104.300003051758,104.830001831055,102.75,102.879997253418,61.4110527038574,2846400
2009-02-04,102.75,102.870002746582,101.620002746582,102.519996643066,61.1960830688477,2305400
2009-02-05,103.23999786377,103.879997253418,102.209999084473,102.610000610352,61.2498779296875,2279500
2009-02-06,102.25,102.860000610352,101.900001525879,102.290000915527,61.0588684082031,1667500
2009-02-09,101.690002441406,102.669998168945,101.059997558594,102.620002746582,61.2558174133301,2257300
2009-02-10,104.110000610352,104.959999084473,103.449996948242,104.849998474121,62.5869483947754,3782800
2009-02-11,105.709999084473,106.5,105.529998779297,106.209999084473,63.3987197875977,2774200
2009-02-12,105.980003356934,106.180000305176,104.73999786377,105.209999084473,62.8018341064453,1818400
2009-02-13,103.949996948242,103.949996948242,102.230003356934,102.410003662109,61.130500793457,2466800
2009-02-17,104.550003051758,105.660003662109,104.349998474121,105.599998474121,63.0346832275391,2813900
2009-02-18,106.059997558594,106.559997558594,104.300003051758,104.699996948242,62.4974517822266,2768600
2009-02-19,102.690002441406,104.059997558594,102.230003356934,102.919998168945,61.4348754882812,3219400
2009-02-20,104.269996643066,105.160003662109,103.300003051758,103.919998168945,62.0317840576172,4272000
2009-02-23,103.599998474121,104.879997253418,103.169998168945,104.879997253418,62.6048622131348,2688700
2009-02-24,105.699996948242,106.680000305176,104.769996643066,104.769996643066,62.5392036437988,4197100
2009-02-25,105.23999786377,105.48999786377,103.029998779297,103.559997558594,61.816951751709,3908100
2009-02-26,102.870002746582,103.26000213623,101.980003356934,102.470001220703,61.1663055419922,2611100
2009-02-27,102.569999694824,103.01000213623,101.209999084473,101.879997253418,60.814151763916,3267700
2009-03-02,102.220001220703,103.279998779297,102.089996337891,103.279998779297,61.820972442627,3302000
2009-03-03,102.230003356934,103.569999694824,101.809997558594,102.589996337891,61.4079055786133,3084900
2009-03-04,101.48999786377,102.25,101.160003662109,102.120002746582,61.1266021728516,3178400
2009-03-05,104.019996643066,105.440002441406,103.440002441406,104.959999084473,62.8265266418457,4562400
2009-03-06,104.26000213623,105.970001220703,104.089996337891,104.26000213623,62.4075317382812,3125900
2009-03-09,104.51000213623,104.550003051758,103.120002746582,103.650001525879,62.0424156188965,2070500
2009-03-10,102.430000305176,102.75,101.51000213623,101.660003662109,60.8512496948242,2602600
2009-03-11,101.290000915527,102.76000213623,100.930000305176,102.76000213623,61.5096778869629,3101500
2009-03-12,102.660003662109,103.970001220703,102.309997558594,103.25,61.8029670715332,3558900
2009-03-13,102.75,103.879997253418,102.330001831055,102.730003356934,61.4916915893555,2504000
2009-03-16,100.819999694824,101.449996948242,100.5,101.110000610352,60.5220108032227,3265600
2009-03-17,101.720001220703,102.330001831055,100.389999389648,100.559997558594,60.1927604675293,3076200
2009-03-18,101.120002746582,108.069999694824,100.900001525879,104.370002746582,62.4733543395996,8578800
2009-03-19,105.620002746582,105.660003662109,104.220001220703,104.5,62.5511703491211,3650900
2009-03-20,104.620002746582,105,103.779998779297,103.919998168945,62.2039642333984,3479700
2009-03-23,104.290000915527,104.419998168945,102.970001220703,103.019996643066,61.6652412414551,2097000
2009-03-24,102.190002441406,105.160003662109,101.930000305176,104,62.2518844604492,5477100
2009-03-25,103.290000915527,103.720001220703,102.309997558594,102.599998474121,61.4139213562012,2549600
2009-03-26,102.440002441406,104.059997558594,102.160003662109,103.790000915527,62.126220703125,2385300
2009-03-27,104.150001525879,104.930000305176,103.559997558594,104.559997558594,62.5870780944824,1853900
2009-03-30,105.440002441406,105.870002746582,103.940002441406,104.959999084473,62.8265266418457,2300100
2009-03-31,105.040000915527,105.800003051758,105,105.709999084473,63.2754592895508,1094600
2009-04-01,106.120002746582,106.559997558594,105.529998779297,106.370002746582,63.8529281616211,2383400
2009-04-02,105.889999389648,106.069999694824,104.839996337891,105.069999694824,63.0725059509277,1766300
2009-04-03,104.910003662109,105.160003662109,102.660003662109,102.919998168945,61.7819366455078,3316800
2009-04-06,103.540000915527,103.589996337891,102.220001220703,102.480003356934,61.5177841186523,1418100
2009-04-07,102.540000915527,103.309997558594,102.480003356934,102.73999786377,61.6738777160645,1312600
2009-04-08,103.069999694824,103.860000610352,102.949996948242,103.650001525879,62.2201347351074,1007800
2009-04-09,102.470001220703,103.180000305176,101.980003356934,102.349998474121,61.4397659301758,1088800
2009-04-13,102.959999084473,103.51000213623,102.930000305176,103.290000915527,62.0040245056152,946600
2009-04-14,103.25,104.209999084473,102.930000305176,103.830001831055,62.3282241821289,1336000
2009-04-15,104.129997253418,104.300003051758,102.879997253418,103.650001525879,62.2201347351074,1152500
2009-04-16,102.849998474121,103.449996948242,102.779998779297,102.830001831055,61.7279281616211,1055600
2009-04-17,102.470001220703,102.709999084473,101.370002746582,101.699996948242,61.0495719909668,2582800
2009-04-20,102.629997253418,103.400001525879,102.449996948242,103.23999786377,61.9740753173828,1714400
2009-04-21,104.040000915527,104.209999084473,102.220001220703,102.220001220703,61.3617477416992,909100
2009-04-22,102.449996948242,102.559997558594,101.110000610352,101.599998474121,60.9895248413086,2278100
2009-04-23,101.349998474121,101.75,100.940002441406,101.589996337891,60.9835395812988,1688300
2009-04-24,100.790000915527,100.980003356934,100.099998474121,100.569999694824,60.3712196350098,2830000
2009-04-27,101.069999694824,101.190002441406,100.059997558594,101,60.6293640136719,2294600
2009-04-28,101.5,101.580001831055,99.0899963378906,99.3499984741211,59.6389236450195,2332500
2009-04-29,99.6699981689453,100.080001831055,98.1500015258789,98.4700012207031,59.1106872558594,3752600
2009-04-30,97.9800033569336,98.3600006103516,97.3899993896484,98.0800018310547,58.8765029907227,2778100
2009-05-01,97.120002746582,97.2900009155273,96.5699996948242,97.1100006103516,58.4712791442871,2772200
2009-05-04,97.3600006103516,97.8199996948242,96.7900009155273,97.4300003051758,58.6639823913574,2246700
2009-05-05,97.4599990844727,97.8300018310547,96.7600021362305,97.3099975585938,58.5917549133301,1369000
2009-05-06,97.120002746582,98,97,97.0800018310547,58.4532203674316,2045900
2009-05-07,95.9400024414062,96.6999969482422,94.3300018310547,94.7099990844727,57.0262107849121,5755200
2009-05-08,95.0199966430664,95.3899993896484,94.6399993896484,94.9400024414062,57.1647415161133,2193400
2009-05-11,96.0500030517578,96.4499969482422,95.7900009155273,96.2900009155273,57.9775924682617,2167400
2009-05-12,96.1800003051758,97.0199966430664,95.8000030517578,96.6399993896484,58.1882934570312,2304800
2009-05-13,97.3600006103516,97.9300003051758,97.2399978637695,97.6900024414062,58.8205070495605,1917500
2009-05-14,97.5999984741211,98.25,97.3000030517578,98.0699996948242,59.0493469238281,1704600
2009-05-15,98,98.0500030517578,97.4599990844727,98.0400009155273,59.0312576293945,2306600
2009-05-18,98.0100021362305,98.1100006103516,96.370002746582,96.5199966430664,58.1160888671875,2234700
2009-05-19,96.1900024414062,96.4700012207031,95.7099990844727,96.0100021362305,57.8089981079102,1624300
2009-05-20,95.9300003051758,97.1600036621094,95.8300018310547,97.0199966430664,58.4170951843262,2825700
2009-05-21,97.5500030517578,97.6399993896484,94.3499984741211,94.5800018310547,56.9479598999023,4771700
2009-05-22,93.8199996948242,94.4899978637695,93.3499984741211,93.5299987792969,56.315731048584,4483400
2009-05-26,94.0500030517578,94.0999984741211,92.120002746582,92.120002746582,55.4667701721191,3633100
2009-05-27,92.2399978637695,92.5800018310547,90.379997253418,90.4899978637695,54.4853210449219,7490200
2009-05-28,91.7699966430664,91.9800033569336,90.2300033569336,91.8000030517578,55.2741203308105,9824300
2009-05-29,91.6999969482422,94.2300033569336,91.6399993896484,94.1699981689453,56.7011260986328,4746700
2009-06-01,92.3399963378906,92.379997253418,90.5699996948242,91.0899963378906,55.0248107910156,6987000
2009-06-02,91.6100006103516,91.7699966430664,90.7799987792969,91.5800018310547,55.3208198547363,5063600
2009-06-03,91.9599990844727,92.6100006103516,91.3300018310547,92.4400024414062,55.8402976989746,6727200
2009-06-04,91.4300003051758,91.7200012207031,90.2399978637695,90.5299987792969,54.6864929199219,5438600
2009-06-05,89.9100036621094,90.9000015258789,89.5500030517578,89.8399963378906,54.2696952819824,8439600
2009-06-08,90.4100036621094,90.7300033569336,89.4800033569336,89.6100006103516,54.130729675293,4084000
2009-06-09,90.1900024414062,90.3099975585938,89.25,89.5999984741211,54.1247367858887,6046300
2009-06-10,88.870002746582,89.4300003051758,87.5599975585938,88.1900024414062,53.2729835510254,12142000
2009-06-11,87.7600021362305,89.5199966430664,87.6900024414062,89.1699981689453,53.8649826049805,10692800
2009-06-12,89.4199981689453,90.6500015258789,89.4199981689453,89.9700012207031,54.3482322692871,6606800
2009-06-15,90.5400009155273,91.1500015258789,90.4800033569336,90.7799987792969,54.8375549316406,4518700
2009-06-16,90.9599990844727,92.4300003051758,90.8000030517578,92.3600006103516,55.7919502258301,5376000
2009-06-17,92.4499969482422,93.3300018310547,91.8399963378906,91.8399963378906,55.4778480529785,7197200
2009-06-18,91.25,91.5800018310547,90.1100006103516,90.4499969482422,54.638240814209,6794000
2009-06-19,90.3300018310547,91.6999969482422,90.2099990844727,91.6900024414062,55.3872604370117,4750700
2009-06-22,92.4400024414062,92.9100036621094,92.0599975585938,92.5800018310547,55.9248657226562,3952300
2009-06-23,92.7699966430664,93.8099975585938,92.5800018310547,93.6699981689453,56.5832633972168,5356900
2009-06-24,93.6500015258789,94.0699996948242,92.6600036621094,92.7300033569336,56.0154724121094,6550400
2009-06-25,93.2200012207031,94.5,92.6699981689453,94.4300003051758,57.042407989502,7140000
2009-06-26,94.620002746582,94.9000015258789,94.2099990844727,94.5899963378906,57.1390914916992,4050400
2009-06-29,95.0699996948242,95.370002746582,94.5800018310547,94.7300033569336,57.2236213684082,4334900
2009-06-30,94.1900024414062,95.1100006103516,93.8099975585938,94.5699996948242,57.1269340515137,3743700
2009-07-01,93.4199981689453,94.0899963378906,93.2399978637695,94.0800018310547,57.0136184692383,3379900
2009-07-02,94.3300018310547,94.6100006103516,94,94.3000030517578,57.1469459533691,2645100
2009-07-06,94.0500030517578,94.2900009155273,93.3899993896484,94.120002746582,57.0378799438477,1886700
2009-07-07,93.620002746582,94.879997253418,93.6100006103516,94.75,57.4196357727051,2592400
2009-07-08,95.120002746582,96.8099975585938,94.8899993896484,96.5,58.4801750183105,7912900
2009-07-09,95.3499984741211,95.7300033569336,94.4499969482422,95.3499984741211,57.7832870483398,5241400
2009-07-10,95.620002746582,96.3300018310547,95.4300003051758,96.2300033569336,58.316577911377,3981900
2009-07-13,96.3199996948242,96.5999984741211,95.5599975585938,95.6900024414062,57.9893112182617,2604300
2009-07-14,94.7600021362305,95.129997253418,93.6999969482422,94.0999984741211,57.0257377624512,3629100
2009-07-15,92.6600036621094,93,91.6699981689453,91.6800003051758,55.5592308044434,4664200
2009-07-16,92.8099975585938,93.1800003051758,92.5,92.6699981689453,56.1591720581055,4225200
2009-07-17,91.9000015258789,92.3600006103516,91.2399978637695,91.2399978637695,55.2925605773926,3845700
2009-07-20,90.8499984741211,92.4899978637695,90.8000030517578,91.7200012207031,55.5834503173828,4436500
2009-07-21,91.4499969482422,93.6999969482422,91.2900009155273,93.5500030517578,56.6924591064453,3895300
2009-07-22,93.4000015258789,93.5299987792969,92.3600006103516,92.7099990844727,56.183406829834,1986700
2009-07-23,92.7600021362305,92.8000030517578,90.5699996948242,91.0100021362305,55.1532135009766,3818800
2009-07-24,91,91.4499969482422,90.7699966430664,91.4499969482422,55.4198150634766,1765300
2009-07-27,90.2300033569336,90.6600036621094,89.9400024414062,90.4000015258789,54.7834968566895,2755900
2009-07-28,90.7200012207031,91.8199996948242,90.4300003051758,91.1999969482422,55.2683067321777,3324800
2009-07-29,92.1699981689453,92.2900009155273,90.9400024414062,91.6999969482422,55.5713195800781,2910200
2009-07-30,91.5400009155273,93.1500015258789,91.2300033569336,93,56.3591728210449,4040700
2009-07-31,93.8499984741211,94.8600006103516,93.2799987792969,94.8099975585938,57.4560165405273,5697000
2009-08-03,93.8099975585938,93.870002746582,92.6100006103516,93.0599975585938,56.5853080749512,4029300
2009-08-04,93.629997253418,93.7200012207031,91.6699981689453,92.3199996948242,56.1353149414062,3832200
2009-08-05,91.3099975585938,92.75,90.870002746582,90.9400024414062,55.2961883544922,4458300
2009-08-06,90.9000015258789,91.8899993896484,90.4199981689453,91.25,55.4847068786621,3228500
2009-08-07,90.4199981689453,90.9300003051758,90.2200012207031,90.4899978637695,55.0226287841797,3543200
2009-08-10,90.5100021362305,91.6399993896484,90.4100036621094,91.620002746582,55.709716796875,3150100
2009-08-11,92.3899993896484,92.870002746582,91.9899978637695,92.6800003051758,56.3542404174805,3677800
2009-08-12,92.9499969482422,93.0699996948242,91.0899963378906,91.6900024414062,55.752311706543,4729200
2009-08-13,91.8000030517578,93.1500015258789,91.5,92.9899978637695,56.5427322387695,3922300
2009-08-14,93.3000030517578,94.1999969482422,93.2099990844727,93.3499984741211,56.7616424560547,4410400
2009-08-17,93.9499969482422,94.75,93.870002746582,94.7300033569336,57.6007766723633,3569700
2009-08-18,94.6600036621094,94.7699966430664,94.0100021362305,94.1800003051758,57.2663078308105,2557900
2009-08-19,95.1699981689453,95.370002746582,94.4100036621094,94.9599990844727,57.7406158447266,3518200
2009-08-20,95.379997253418,95.870002746582,94.7799987792969,95.7399978637695,58.2149124145508,3282700
2009-08-21,95.6399993896484,95.7300033569336,93.75,93.7699966430664,57.0170097351074,6258300
2009-08-24,93.4899978637695,95.4700012207031,93.4599990844727,95.4700012207031,58.0506935119629,4460200
2009-08-25,95.370002746582,96.0899963378906,94.9100036621094,96.0100021362305,58.3790512084961,3359700
2009-08-26,96.1800003051758,96.5500030517578,95.9100036621094,96.4499969482422,58.6466293334961,3225800
2009-08-27,96.1800003051758,96.620002746582,95.7300033569336,96.0699996948242,58.4154815673828,2514000
2009-08-28,95.4400024414062,96.5100021362305,95.3099975585938,96.5100021362305,58.6830978393555,2072500
2009-08-31,96.3600006103516,96.8600006103516,95.7600021362305,96.5999984741211,58.7377891540527,2899800
2009-09-01,95.8199996948242,96.5800018310547,95.1399993896484,96.0599975585938,58.5956802368164,3304200
2009-09-02,96.4800033569336,97.6600036621094,96.2399978637695,97.4599990844727,59.4496879577637,4345000
2009-09-03,96.8399963378906,97.120002746582,96.5500030517578,96.8600006103516,59.0837020874023,2703800
2009-09-04,96.4400024414062,96.5999984741211,95.0599975585938,95.2099990844727,58.0772018432617,3643000
2009-09-08,94.4800033569336,95.370002746582,94.3600006103516,94.5400009155273,57.6684875488281,2468900
2009-09-09,93.8899993896484,94.4300003051758,93.5199966430664,94.4300003051758,57.6014175415039,3182400
2009-09-10,94.9300003051758,96.7099990844727,94.9100036621094,96.1699981689453,58.6627464294434,4417300
2009-09-11,96.8199996948242,97.6800003051758,96.5999984741211,96.6999969482422,58.9860534667969,4826200
2009-09-14,96.0199966430664,96.6699981689453,95.6500015258789,95.7399978637695,58.400520324707,2119500
2009-09-15,95.1900024414062,95.7699966430664,95.0699996948242,95.25,58.1015548706055,2187900
2009-09-16,95.3399963378906,95.9499969482422,94.5999984741211,95.4199981689453,58.2053337097168,3732300
2009-09-17,95.6900024414062,96.7300033569336,95.1699981689453,96.620002746582,58.9373245239258,2832000
2009-09-18,96.1999969482422,96.5299987792969,95.6699981689453,95.7600021362305,58.4127044677734,2813300
2009-09-21,96.0999984741211,96.4899978637695,95.3600006103516,95.9800033569336,58.5469207763672,3050200
2009-09-22,95.6500015258789,96.370002746582,95.5100021362305,96.1800003051758,58.6688690185547,2068000
2009-09-23,95.9400024414062,96.5800018310547,95.1999969482422,96.4700012207031,58.8457717895508,5712000
2009-09-24,96.5,97.0899963378906,96.1699981689453,96.75,59.0166130065918,4658400
2009-09-25,97.3600006103516,98.0599975585938,96.7699966430664,97.9800033569336,59.7668342590332,3854500
2009-09-28,98.3199996948242,98.9300003051758,98.1100006103516,98.8399963378906,60.2914543151855,4263300
2009-09-29,98.3199996948242,99.1699981689453,98.1500015258789,98.75,60.2365570068359,3123200
2009-09-30,98.5599975585938,99.129997253418,98.3600006103516,98.6600036621094,60.1816787719727,2744800
2009-10-01,98.9599990844727,100.059997558594,98.8000030517578,99.6999969482422,61.0058364868164,5754400
2009-10-02,100.279998779297,100.309997558594,98.879997253418,99.0100021362305,60.5836334228516,4827700
2009-10-05,99.4700012207031,99.6600036621094,98.7699966430664,99.0199966430664,60.5897903442383,2910100
2009-10-06,98.7600021362305,98.8000030517578,97.9800033569336,98.0400009155273,59.9901428222656,3936200
2009-10-07,98.6699981689453,99.3300018310547,98.5999984741211,99.1900024414062,60.6937980651855,3591000
2009-10-08,99.7099990844727,99.7600021362305,97.6800003051758,98.1500015258789,60.0574188232422,5871600
2009-10-09,97.620002746582,97.7099990844727,95.5,95.9000015258789,58.6806526184082,8135900
2009-10-12,96.0299987792969,96.3300018310547,95.5999984741211,96.0500030517578,58.7724685668945,1939700
2009-10-13,96.620002746582,96.8499984741211,96.2600021362305,96.5500030517578,59.0783996582031,2886500
2009-10-14,95.5100021362305,96.0999984741211,94.9000015258789,95.120002746582,58.203426361084,5421000
2009-10-15,94.5699996948242,95.4199981689453,94.370002746582,94.6800003051758,57.9341659545898,3736900
2009-10-16,95.1900024414062,95.5299987792969,94.7300033569336,95.4499969482422,58.405330657959,3716800
2009-10-19,95.5899963378906,96.2099990844727,95.379997253418,96.1999969482422,58.8642234802246,3163800
2009-10-20,97.0199966430664,97.25,96.5400009155273,96.7200012207031,59.1824111938477,2912400
2009-10-21,96.1600036621094,96.2099990844727,95.5100021362305,96.1399993896484,58.8275413513184,3355200
2009-10-22,95.379997253418,95.8300018310547,95.3300018310547,95.6699981689453,58.5399436950684,2572200
2009-10-23,94.879997253418,95.4199981689453,94.870002746582,94.9499969482422,58.0993804931641,2996200
2009-10-26,94.4400024414062,94.5100021362305,93.5500030517578,93.7200012207031,57.3467330932617,4127400
2009-10-27,93.9700012207031,95.1100006103516,93.9199981689453,95,58.129955291748,4476300
2009-10-28,95.1399993896484,95.8000030517578,94.9599990844727,95.4499969482422,58.405330657959,4585400
2009-10-29,94.8199996948242,95.0599975585938,93.9499969482422,94.4100036621094,57.7689971923828,4645300
2009-10-30,95.0999984741211,96.0100021362305,94.870002746582,95.7799987792969,58.6072273254395,5118000
2009-11-02,95.5100021362305,95.5800018310547,94.8000030517578,95.0500030517578,58.3482284545898,3463800
2009-11-03,95.2799987792969,95.3600006103516,94,94.0999984741211,57.7649993896484,4470700
2009-11-04,93.6100006103516,94.0699996948242,92.8000030517578,93.2399978637695,57.2370567321777,5349500
2009-11-05,92.870002746582,93.2399978637695,92.8000030517578,93.2399978637695,57.2370567321777,2852000
2009-11-06,93.379997253418,93.4499969482422,92.4599990844727,93.3300018310547,57.2923583984375,3381100
2009-11-09,93.2799987792969,93.6999969482422,93.129997253418,93.4400024414062,57.3598823547363,1697800
2009-11-10,94.0500030517578,94.0999984741211,92.9100036621094,93.2699966430664,57.2554893493652,2549900
2009-11-11,93.629997253418,94.1600036621094,93.4800033569336,93.6600036621094,57.4949111938477,1771100
2009-11-12,93.2399978637695,93.5899963378906,92.4499969482422,93.4899978637695,57.390552520752,3431300
2009-11-13,93.8300018310547,94.0599975585938,93.4499969482422,93.9199981689453,57.6545372009277,1594200
2009-11-16,94.6500015258789,95.4499969482422,94.5199966430664,95.0199966430664,58.3297843933105,5175700
2009-11-17,94.9899978637695,95.8000030517578,94.8099975585938,95.5299987792969,58.6428413391113,3174400
2009-11-18,95.4400024414062,95.5299987792969,94.7399978637695,94.9700012207031,58.299072265625,2413600
2009-11-19,95.2399978637695,95.8199996948242,94.9100036621094,95.1399993896484,58.4034309387207,2969800
2009-11-20,95,95.370002746582,94.5899963378906,95.120002746582,58.3911972045898,4136300
2009-11-23,94.5400009155273,95.0999984741211,94.3399963378906,95,58.3174934387207,3219300
2009-11-24,95.1100006103516,95.6999969482422,94.9899978637695,95.5999984741211,58.6858100891113,2895200
2009-11-25,95.4899978637695,96.2300033569336,94.9700012207031,96.0400009155273,58.9559288024902,2789300
2009-11-27,96.4000015258789,96.5599975585938,96.0899963378906,96.4000015258789,59.1769371032715,2249100
2009-11-30,96.1999969482422,96.7300033569336,96,96.629997253418,59.3180770874023,3115800
2009-12-01,95.7600021362305,95.9300003051758,95.1900024414062,95.25,58.6572875976562,3979100
2009-12-02,95.2900009155273,95.9599990844727,94.9899978637695,95.3300018310547,58.7065696716309,2193900
2009-12-03,94.4300003051758,94.8399963378906,94.2399978637695,94.3399963378906,58.0969276428223,3947300
2009-12-04,93.2900009155273,93.6500015258789,92.9100036621094,93.3399963378906,57.4811134338379,6108100
2009-12-07,93.2699966430664,93.7399978637695,93.0899963378906,93.4599990844727,57.555046081543,2774200
2009-12-08,94.0500030517578,94.370002746582,93.370002746582,93.5999984741211,57.6412353515625,2378600
2009-12-09,93.6900024414062,94.0500030517578,92.6800003051758,93.1699981689453,57.3764114379883,3494300
2009-12-10,92.6900024414062,92.8000030517578,91.9499969482422,92.0999984741211,56.717472076416,4446300
2009-12-11,91.8399963378906,92.2600021362305,91.3099975585938,92.0899963378906,56.7113189697266,3053400
2009-12-14,92.3499984741211,92.5,92.0500030517578,92.1999969482422,56.779052734375,2380400
2009-12-15,91.5699996948242,92,91.4899978637695,91.7900009155273,56.5265502929688,2993900
2009-12-16,91.9300003051758,92.25,91.3600006103516,91.6800003051758,56.458812713623,3301600
2009-12-17,92.5,93.2300033569336,92.1900024414062,93.1900024414062,57.3887367248535,4428900
2009-12-18,93.1999969482422,93.5,92.6500015258789,92.7900009155273,57.1423988342285,3789500
2009-12-21,92.0599975585938,92.1999969482422,91.1399993896484,91.1399993896484,56.126277923584,3524000
2009-12-22,90.8000030517578,90.870002746582,90.4199981689453,90.629997253418,55.8122062683105,3078800
2009-12-23,90.9599990844727,91.3899993896484,90.5,90.6500015258789,55.824535369873,2336000
2009-12-24,90.3300018310547,90.3600006103516,89.6699981689453,89.7099990844727,55.2456550598145,1698900
2009-12-28,89.4599990844727,89.629997253418,89.3000030517578,89.4599990844727,55.0917282104492,3170900
2009-12-29,89.2600021362305,89.8899993896484,89.1999969482422,89.7300033569336,55.4551010131836,2617000
2009-12-30,89.9199981689453,90.4800033569336,89.8600006103516,90.3199996948242,55.8197555541992,1919100
2009-12-31,89.7600021362305,90.1100006103516,89.0500030517578,89.8899993896484,55.5539512634277,3242400
2010-01-04,89.8399963378906,90.0999984741211,89.5800018310547,89.8099975585938,55.5045547485352,2829100
2010-01-05,90.0500030517578,90.629997253418,90,90.3899993896484,55.8629951477051,2841600
2010-01-06,90.1699981689453,90.2600021362305,89.120002746582,89.1800003051758,55.1151390075684,4099600
2010-01-07,89.2200012207031,89.6399993896484,89.120002746582,89.3300018310547,55.2078704833984,2793200
2010-01-08,89.5100021362305,89.5599975585938,88.7600021362305,89.2900009155273,55.1831665039062,2910700
2010-01-11,88.9899978637695,89.3600006103516,88.7699966430664,88.8000030517578,54.8803329467773,2181300
2010-01-12,90.1600036621094,90.3899993896484,89.8399963378906,90.3199996948242,55.8197555541992,4321200
2010-01-13,89.9300003051758,90.2799987792969,89.2200012207031,89.2699966430664,55.1708221435547,4755000
2010-01-14,89.6900024414062,90.5199966430664,89.5400009155273,90.5199966430664,55.9433364868164,4188800
2010-01-15,91.0299987792969,91.3300018310547,90.9800033569336,91.0800018310547,56.2894020080566,4142800
2010-01-19,90.7200012207031,91.120002746582,90.4199981689453,90.8199996948242,56.1287307739258,2496000
2010-01-20,91.3199996948242,91.7699966430664,91.2699966430664,91.7399978637695,56.697338104248,2800500
2010-01-21,91.5500030517578,92.3899993896484,91.4599990844727,92.1600036621094,56.9568672180176,4363100
2010-01-22,92.0899963378906,92.3099975585938,91.7699966430664,92,56.8580017089844,3666900
2010-01-25,91.5400009155273,91.9199981689453,91.4899978637695,91.5800018310547,56.5984420776367,2419500
2010-01-26,92.0199966430664,92.1100006103516,91.3099975585938,91.6100006103516,56.6169700622559,3138100
2010-01-27,91.75,92.0899963378906,91.370002746582,91.5599975585938,56.5860557556152,3325700
2010-01-28,91.129997253418,91.6999969482422,91.0599975585938,91.5100021362305,56.5551986694336,3058200
2010-01-29,91.4100036621094,92.3600006103516,91.25,92.3099975585938,57.0495834350586,4930600
2010-02-01,91.7099990844727,91.7300033569336,91.0500030517578,91.1500015258789,56.5317192077637,3598500
2010-02-02,91.1800003051758,91.4499969482422,91.0400009155273,91.4100036621094,56.6929893493652,3047500
2010-02-03,90.8099975585938,90.9700012207031,90.2699966430664,90.3499984741211,56.0355377197266,5343700
2010-02-04,90.9899978637695,91.8199996948242,90.9000015258789,91.7799987792969,56.9224739074707,6095000
2010-02-05,91.370002746582,92.4199981689453,91.2099990844727,91.9800033569336,57.0464897155762,6875800
2010-02-08,91.870002746582,92.1500015258789,91.6500015258789,92.0999984741211,57.1209335327148,3386000
2010-02-09,91.7399978637695,92.2200012207031,91.1399993896484,91.1800003051758,56.5503425598145,4790000
2010-02-10,91.3199996948242,91.5999984741211,90.1999969482422,90.3099975585938,56.0107307434082,5068000
2010-02-11,90.1999969482422,90.2799987792969,89.379997253418,89.8199996948242,55.706844329834,5087500
2010-02-12,90.3099975585938,90.4199981689453,89.9499969482422,90.1900024414062,55.9362831115723,2833800
2010-02-16,89.7300033569336,90.4400024414062,89.7300033569336,90.3600006103516,56.0417442321777,2440900
2010-02-17,89.9199981689453,90.0899963378906,89.0800018310547,89.3300018310547,55.4029159545898,4368200
2010-02-18,89.4599990844727,89.5,88.5100021362305,88.9700012207031,55.1797103881836,5121800
2010-02-19,89.2399978637695,89.5100021362305,88.9000015258789,89.4499969482422,55.4773788452148,3502500
2010-02-22,89.120002746582,89.3199996948242,88.9199981689453,89.0800018310547,55.2479133605957,3382600
2010-02-23,89.3399963378906,90.5400009155273,89.3000030517578,90.4700012207031,56.1099472045898,5474500
2010-02-24,90.5500030517578,90.879997253418,90.1800003051758,90.6900024414062,56.2464370727539,4423200
2010-02-25,91.1800003051758,91.2900009155273,90.9000015258789,91.1999969482422,56.5627288818359,3707700
2010-02-26,91.4599990844727,92.0599975585938,91.4100036621094,91.6699981689453,56.854190826416,4349100
2010-03-01,91.3300018310547,91.5299987792969,90.9599990844727,91.3399963378906,56.8293495178223,2415200
2010-03-02,90.879997253418,91.2799987792969,90.6999969482422,91.2200012207031,56.7546997070312,2260600
2010-03-03,91.0100021362305,91.0800018310547,90.6999969482422,90.9899978637695,56.6115455627441,2156100
2010-03-04,90.9599990844727,91.6800003051758,90.8300018310547,91.4700012207031,56.9102172851562,2374700
2010-03-05,90.8300018310547,90.870002746582,90.120002746582,90.2699966430664,56.1636276245117,3823200
2010-03-08,89.9000015258789,89.9700012207031,89.6999969482422,89.8000030517578,55.8712310791016,2850400
2010-03-09,89.9800033569336,90,89.4000015258789,89.8199996948242,55.8836517333984,2573700
2010-03-10,89.4899978637695,89.6999969482422,89.1900024414062,89.5899963378906,55.7405395507812,3216200
2010-03-11,89.3899993896484,90.1399993896484,89.370002746582,89.9199981689453,55.9458465576172,2621000
2010-03-12,89.7699966430664,90.6500015258789,89.7300033569336,90.4800033569336,56.294303894043,3099100
2010-03-15,90.3499984741211,90.4700012207031,90.0500030517578,90.3600006103516,56.219596862793,1936800
2010-03-16,90.5599975585938,91.0899963378906,90.5400009155273,91.0800018310547,56.6675720214844,3932600
2010-03-17,91.3099975585938,91.4700012207031,91.0699996948242,91.4700012207031,56.9102172851562,3481200
2010-03-18,91.4199981689453,91.4800033569336,91.0100021362305,91.1699981689453,56.7235374450684,2750300
2010-03-19,91.2600021362305,91.5800018310547,90.870002746582,91.2600021362305,56.7795486450195,2976300
2010-03-22,91.3499984741211,91.4899978637695,91.2200012207031,91.3600006103516,56.8417549133301,2452300
2010-03-23,91.0699996948242,91.3199996948242,90.9100036621094,90.9300003051758,56.5742492675781,2910000
2010-03-24,89.8399963378906,90.25,89.0599975585938,89.2699966430664,55.5414619445801,8049300
2010-03-25,89.129997253418,89.2399978637695,88.370002746582,88.6999969482422,55.1867942810059,8268400
2010-03-26,88.5400009155273,89.120002746582,88.4899978637695,88.9499969482422,55.3423728942871,4110700
2010-03-29,88.7799987792969,88.8499984741211,88.3099975585938,88.6100006103516,55.1308364868164,3245100
2010-03-30,88.5199966430664,88.9499969482422,88.2699966430664,88.8899993896484,55.3050537109375,3254600
2010-03-31,89.2200012207031,89.5199966430664,88.9499969482422,89.5,55.6845550537109,4263900
2010-04-01,88.7699966430664,89.0299987792969,88.4300003051758,88.9499969482422,55.5483856201172,2912400
2010-04-05,87.9800033569336,88.1399993896484,87.4100036621094,87.4700012207031,54.6241683959961,5652000
2010-04-06,87.8000030517578,87.8499984741211,87.3499984741211,87.6100006103516,54.7116165161133,3584600
2010-04-07,87.4499969482422,88.9199981689453,87.3000030517578,88.7300033569336,55.411018371582,6389900
2010-04-08,88.8899993896484,89.129997253418,88.4800033569336,88.7699966430664,55.4359664916992,3797600
2010-04-09,88.6100006103516,89.0599975585938,88.4100036621094,88.9800033569336,55.5671195983887,2311300
2010-04-12,89.1699981689453,89.5599975585938,89.0899963378906,89.4499969482422,55.8606376647949,2939600
2010-04-13,89.8899993896484,89.9499969482422,89.5199966430664,89.7399978637695,56.0417366027832,3090900
2010-04-14,89.7600021362305,89.870002746582,89.1100006103516,89.1100006103516,55.6483306884766,3570100
2010-04-15,88.8499984741211,89.5,88.6800003051758,89.2099990844727,55.7107467651367,3698000
2010-04-16,89.4000015258789,89.9899978637695,89.2399978637695,89.8600006103516,56.1166725158691,8303900
2010-04-19,89.870002746582,90.0299987792969,89.5199966430664,89.6399993896484,55.9793090820312,3211500
2010-04-20,89.8499984741211,89.9899978637695,89.6399993896484,89.9599990844727,56.1791343688965,2285000
2010-04-21,90.2699966430664,90.8300018310547,90.2600021362305,90.6999969482422,56.641227722168,4162200
2010-04-22,90.9000015258789,91.0899963378906,90.3300018310547,90.4300003051758,56.47265625,2841400
2010-04-23,90.2099990844727,90.3600006103516,89.870002746582,90.1100006103516,56.2727737426758,4776000
2010-04-26,90.5100021362305,90.6500015258789,89.9400024414062,90.2099990844727,56.3352355957031,4753900
2010-04-27,90.8499984741211,91.9199981689453,90.6999969482422,91.4800033569336,57.1283531188965,13199200
2010-04-28,91.129997253418,91.3499984741211,90.4800033569336,90.6999969482422,56.641227722168,8379500
2010-04-29,90.8600006103516,91.2200012207031,90.5199966430664,91.0800018310547,56.8785400390625,4067200
2010-04-30,91.2799987792969,92.1699981689453,91.1100006103516,92.129997253418,57.5342903137207,6924800
2010-05-03,91.4199981689453,92.0199966430664,91.2799987792969,91.6900024414062,57.4590682983398,4211800
2010-05-04,92.8099975585938,93.4700012207031,92.5599975585938,93.3399963378906,58.4930953979492,11054800
2010-05-05,94.0599975585938,94.8499984741211,93.3499984741211,93.8899993896484,58.8377532958984,12219100
2010-05-06,94.1600036621094,100,93.7799987792969,96.7900009155273,60.6551094055176,19578200
2010-05-07,95.879997253418,98.0899963378906,95.2699966430664,95.5800018310547,59.8967971801758,18740600
2010-05-10,93.1600036621094,93.9400024414062,93.0899963378906,93.5999984741211,58.6560249328613,10240100
2010-05-11,93.9800033569336,94.0199966430664,92.9899978637695,93.3600006103516,58.5056076049805,7729100
2010-05-12,93.1399993896484,93.2600021362305,92.6100006103516,92.6500015258789,58.0606842041016,5530800
2010-05-13,93.2600021362305,93.5500030517578,92.1999969482422,93.2600021362305,58.4429550170898,6849700
2010-05-14,94.120002746582,95.5,94.0899963378906,94.879997253418,59.458137512207,9796500
2010-05-17,94.7200012207031,95.7099990844727,94.4700012207031,94.5299987792969,59.2388000488281,6302200
2010-05-18,94.9000015258789,96.1699981689453,94.7699966430664,95.9800033569336,60.1474609375,9904100
2010-05-19,95.9400024414062,96.9499969482422,95.9300003051758,96.3000030517578,60.3480072021484,14121200
2010-05-20,97.9100036621094,98.5699996948242,97.5299987792969,98.3300018310547,61.6201782226562,17666900
2010-05-21,99.6100006103516,99.75,97.8600006103516,98.4300003051758,61.6828079223633,18670600
2010-05-24,98.7399978637695,98.870002746582,97.9000015258789,98.0899963378906,61.4697570800781,7721100
2010-05-25,99.6500015258789,99.8899993896484,98.4000015258789,98.5699996948242,61.7705154418945,12952700
2010-05-26,98.2200012207031,98.4000015258789,97.4000015258789,98.2900009155273,61.5951042175293,12644800
2010-05-27,96.8300018310547,96.9899978637695,95.879997253418,96.0599975585938,60.1976203918457,7653200
2010-05-28,96.4899978637695,96.7799987792969,96.0199966430664,96.5,60.4733505249023,5805500
2010-06-01,97.2300033569336,97.2900009155273,96.25,96.8499984741211,60.8984069824219,5536200
2010-06-02,96.9899978637695,97.1900024414062,95.8199996948242,95.9300003051758,60.3199119567871,5656400
2010-06-03,95.2099990844727,95.9100036621094,95.0999984741211,95.2300033569336,59.8797225952148,8499500
2010-06-04,96.9400024414062,97.9499969482422,96.6999969482422,97.7900009155273,61.4894485473633,7479600
2010-06-07,97.5199966430664,98.5899963378906,97.3300018310547,98.5400009155273,61.9610557556152,5288200
2010-06-08,97.9300003051758,98.5100021362305,97.7600021362305,98.0500030517578,61.6529426574707,5510800
2010-06-09,97.5999984741211,98.120002746582,97.2099990844727,97.9400024414062,61.5838050842285,5598000
2010-06-10,97.1999969482422,97.2900009155273,96.0899963378906,96.1900024414062,60.4834175109863,6075100
2010-06-11,97.0899963378906,97.8099975585938,96.6100006103516,97.4100036621094,61.2505645751953,6266700
2010-06-14,96.3199996948242,97.0400009155273,96.2200012207031,96.9100036621094,60.9361228942871,5310400
2010-06-15,97.1100006103516,97.25,96.0500030517578,96.5100021362305,60.6846122741699,4920100
2010-06-16,97.1900024414062,97.2200012207031,96.3899993896484,97.0599975585938,61.030445098877,4011100
2010-06-17,97.1500015258789,98.2300033569336,97.0699996948242,97.8499984741211,61.5271949768066,5650900
2010-06-18,97.8899993896484,98.1100006103516,97.5699996948242,97.6900024414062,61.426586151123,4171700
2010-06-21,96.4599990844727,97.5500030517578,96.4100036621094,97.4100036621094,61.2505645751953,5740900
2010-06-22,97.6800003051758,98.5999984741211,97.4199981689453,98.5699996948242,61.9799003601074,5658900
2010-06-23,98.6100006103516,99.5699996948242,98.5699996948242,99.2399978637695,62.4012451171875,9137800
2010-06-24,99.3499984741211,99.5899963378906,98.3499984741211,98.6500015258789,62.030200958252,6184600
2010-06-25,98.3199996948242,99.3300018310547,98.1600036621094,99.0500030517578,62.2817153930664,5148300
2010-06-28,99.5999984741211,100,99.4199981689453,99.9800033569336,62.8665351867676,5436000
2010-06-29,100.319999694824,101.129997253418,100.160003662109,101.069999694824,63.5519180297852,7334200
2010-06-30,101.410003662109,101.790000915527,100.800003051758,101.75,63.9794998168945,7205700
2010-07-01,101.569999694824,102.660003662109,101.379997253418,101.599998474121,64.0804290771484,12893400
2010-07-02,101.110000610352,101.440002441406,100.160003662109,100.790000915527,63.5694923400879,6297600
2010-07-06,100.830001831055,101.75,100.73999786377,101.620002746582,64.0930404663086,6620400
2010-07-07,101.459999084473,101.51000213623,100.339996337891,100.430000305176,63.3424110412598,5727800
2010-07-08,99.8199996948242,100.160003662109,99.5500030517578,99.7900009155273,62.9388046264648,6260600
2010-07-09,99.4000015258789,99.6399993896484,99.1800003051758,99.2200012207031,62.5793151855469,4286000
2010-07-12,99.3300018310547,99.8399963378906,99.0400009155273,99.1800003051758,62.5540580749512,4062100
2010-07-13,98.8499984741211,98.8899993896484,98.1800003051758,98.3300018310547,62.0179595947266,5842500
2010-07-14,98.7200012207031,99.4899978637695,98.3899993896484,99.3199996948242,62.6423606872559,5417300
2010-07-15,99.7399978637695,100.589996337891,99.6999969482422,100.309997558594,63.2667770385742,6996100
2010-07-16,100.309997558594,101.129997253418,100.269996643066,100.800003051758,63.5758590698242,7512400
2010-07-19,100.559997558594,100.75,99.9800033569336,100.180000305176,63.1847496032715,4305800
2010-07-20,100.669998168945,100.900001525879,100.180000305176,100.330001831055,63.2794036865234,5076600
2010-07-21,100.449996948242,102.279998779297,100.410003662109,102.029998779297,64.3515701293945,7894200
2010-07-22,101.51000213623,101.519996643066,100.819999694824,100.849998474121,63.6074066162109,5759700
2010-07-23,100.800003051758,100.970001220703,99.6900024414062,99.7799987792969,62.9325561523438,6259100
2010-07-26,99.629997253418,99.8099975585938,99,99.6100006103516,62.8252944946289,4856400
2010-07-27,98.7799987792969,99.1800003051758,98.5699996948242,98.6500015258789,62.2197761535645,5328000
2010-07-28,98.4899978637695,99.1900024414062,98.2699966430664,98.9700012207031,62.4216423034668,5507200
2010-07-29,98.0999984741211,99.0199966430664,97.9199981689453,98.9400024414062,62.4027061462402,6305500
2010-07-30,100.199996948242,100.610000610352,99.8499984741211,100.480003356934,63.3739776611328,7683200
2010-08-02,99.2399978637695,99.3300018310547,98.75,98.75,62.4843444824219,5769200
2010-08-03,99.1999969482422,99.6600036621094,98.9300003051758,99.3199996948242,62.8449783325195,4363500
2010-08-04,99.5,99.5100021362305,98.5599975585938,98.5599975585938,62.3641204833984,3820400
2010-08-05,99.3399963378906,99.4899978637695,98.8399963378906,99.0199966430664,62.6551704406738,3704200
2010-08-06,99.7900009155273,100.209999084473,99.4899978637695,100.099998474121,63.3385734558105,6042400
2010-08-09,99.7399978637695,99.9800033569336,99.6100006103516,99.7300033569336,63.1044578552246,2578500
2010-08-10,100.059997558594,101.01000213623,99.4700012207031,99.9400024414062,63.2373199462891,11251000
2010-08-11,100.309997558594,101.389999389648,100.309997558594,101.279998779297,64.0852508544922,6778300
2010-08-12,101.580001831055,101.940002441406,100.870002746582,101.029998779297,63.9270324707031,7590100
2010-08-13,101.620002746582,102.449996948242,101.480003356934,102.290000915527,64.7242660522461,7843600
2010-08-16,104.209999084473,104.889999389648,104.069999694824,104.849998474121,66.3441543579102,7976200
2010-08-17,104.849998474121,104.860000610352,104,104.25,65.964485168457,6756800
2010-08-18,105,105.650001525879,104.48999786377,104.529998779297,66.1416549682617,7721600
2010-08-19,104.790000915527,106.610000610352,104.639999389648,106.160003662109,67.1730270385742,13128500
2010-08-20,106.410003662109,106.830001831055,105.839996337891,106.040000915527,67.0971145629883,7040300
2010-08-23,105.650001525879,106.190002441406,105.25,106.059997558594,67.1098022460938,6360100
2010-08-24,107.040000915527,108.129997253418,106.669998168945,107.76000213623,68.1854095458984,9812100
2010-08-25,108.800003051758,109.339996337891,107.069999694824,107.410003662109,67.9639587402344,13299800
2010-08-26,107.559997558594,108.48999786377,107.290000915527,108.419998168945,68.6030578613281,7039900
2010-08-27,107.769996643066,108.330001831055,105.199996948242,105.349998474121,66.6605453491211,13514000
2010-08-30,106.209999084473,107.400001525879,105.819999694824,107.370002746582,67.9387054443359,5535300
2010-08-31,108.220001220703,108.650001525879,107.620002746582,108.559997558594,68.6916351318359,8397000
2010-09-01,107.019996643066,107.050003051758,105.089996337891,106,67.2713623046875,12480700
2010-09-02,105.199996948242,105.300003051758,104.400001525879,104.879997253418,66.5605545043945,8167600
2010-09-03,102.720001220703,103.940002441406,102.699996948242,103.580001831055,65.7354888916016,9210700
2010-09-07,105.089996337891,105.779998779297,104.809997558594,105.699996948242,67.0809631347656,6018400
2010-09-08,105.089996337891,105.209999084473,104.360000610352,104.860000610352,66.5478744506836,6698400
2010-09-09,103.699996948242,103.839996337891,102.639999389648,102.790000915527,65.2341766357422,8588900
2010-09-10,102.25,102.699996948242,101.849998474121,102.319999694824,64.9358825683594,6910300
2010-09-13,101.800003051758,103.050003051758,101.769996643066,102.819999694824,65.2532043457031,7054800
2010-09-14,103.029998779297,103.819999694824,102.970001220703,103.809997558594,65.881477355957,5978100
2010-09-15,102.75,103.26000213623,102.139999389648,102.269996643066,64.9041442871094,7919100
2010-09-16,101.529998779297,101.819999694824,100.849998474121,101.26000213623,64.2631607055664,17116200
2010-09-17,101.830001831055,102.160003662109,101.319999694824,101.669998168945,64.5233840942383,9203600
2010-09-20,102.150001525879,102.449996948242,101.690002441406,102.26000213623,64.8977890014648,5277800
2010-09-21,102.669998168945,104.019996643066,102.26000213623,103.680000305176,65.7989501953125,12664000
2010-09-22,104.550003051758,105.069999694824,103.849998474121,104.610000610352,66.3892288208008,8229400
2010-09-23,105.410003662109,105.459999084473,104.23999786377,104.910003662109,66.57958984375,7412200
2010-09-24,103.959999084473,104.110000610352,103.5,103.5,65.6847839355469,8942500
2010-09-27,104.529998779297,105.449996948242,104.480003356934,105.300003051758,66.8271102905273,7061600
2010-09-28,105.379997253418,106.319999694824,105.339996337891,106.019996643066,67.2839660644531,8262900
2010-09-29,106.169998168945,106.269996643066,105.349998474121,105.580001831055,67.0047760009766,5507100
2010-09-30,105.400001525879,105.589996337891,104.029998779297,105.51000213623,66.9603729248047,10618400
2010-10-01,104.230003356934,105.139999389648,103.980003356934,104.610000610352,66.6368103027344,9368400
2010-10-04,104.620002746582,104.930000305176,104.410003662109,104.879997253418,66.8087539672852,4422700
2010-10-05,104.730003356934,104.809997558594,103.930000305176,104.25,66.4074630737305,8491800
2010-10-06,104.900001525879,106.099998474121,104.860000610352,105.559997558594,67.2419052124023,6476100
2010-10-07,105.169998168945,105.379997253418,104.669998168945,104.680000305176,66.6813659667969,5780700
2010-10-08,104.870002746582,105.459999084473,104.220001220703,104.220001220703,66.3883514404297,6128700
2010-10-11,104.110000610352,104.430000305176,103.940002441406,104.23999786377,66.4010467529297,1474200
2010-10-12,104.410003662109,104.76000213623,103.180000305176,103.209999084473,65.7449569702148,6122400
2010-10-13,102.349998474121,103.120002746582,102.040000915527,103.050003051758,65.6430511474609,8168400
2010-10-14,103.290000915527,103.650001525879,101.470001220703,101.51000213623,64.6620559692383,10945000
2010-10-15,100.599998474121,101.050003051758,99.8899993896484,100.269996643066,63.8722038269043,12694700
2010-10-18,101.199996948242,101.449996948242,100.779998779297,101.080001831055,64.3881301879883,5592200
2010-10-19,100.580001831055,102.089996337891,100.550003051758,101.690002441406,64.7767105102539,8017500
2010-10-20,101.370002746582,102.279998779297,101.209999084473,101.910003662109,64.9168853759766,5515800
2010-10-21,101.690002441406,101.910003662109,100.690002441406,100.699996948242,64.1460876464844,6836100
2010-10-22,100.440002441406,101.470001220703,100.410003662109,101.379997253418,64.5792465209961,4770700
2010-10-25,102.120002746582,102.290000915527,101.550003051758,101.669998168945,64.7640075683594,5632300
2010-10-26,100.860000610352,101.059997558594,100.050003051758,100.099998474121,63.763916015625,8432000
2010-10-27,99.6800003051758,100.169998168945,99.2200012207031,99.2200012207031,63.2033042907715,9245200
2010-10-28,99.5800018310547,99.8300018310547,99.1600036621094,99.4899978637695,63.3753242492676,8052600
2010-10-29,99.8199996948242,100.459999084473,99.620002746582,100.419998168945,63.967700958252,6753800
2010-11-01,100.800003051758,100.809997558594,99.4899978637695,99.6699981689453,63.6923065185547,5921000
2010-11-02,100.459999084473,101.089996337891,100.419998168945,100.980003356934,64.5294723510742,6537400
2010-11-03,101.730003356934,102.269996643066,98.4300003051758,98.9199981689453,63.213005065918,25541800
2010-11-04,99.1699981689453,99.870002746582,99.0800018310547,99.6900024414062,63.705078125,13246500
2010-11-05,98.3499984741211,98.8000030517578,97.9800033569336,97.9800033569336,62.6123352050781,12435000
2010-11-08,98.5899963378906,98.9199981689453,97.8199996948242,98.4199981689453,62.8935470581055,6795200
2010-11-09,98.4899978637695,98.5199966430664,96.1900024414062,96.25,61.5068321228027,15061700
2010-11-10,96.3499984741211,96.7399978637695,95,96.379997253418,61.5899085998535,18540400
2010-11-11,96.4499969482422,96.629997253418,96.1399993896484,96.3300018310547,61.5579376220703,3368100
2010-11-12,96.2099990844727,96.7399978637695,95.8099975585938,95.8099975585938,61.2256317138672,11739500
2010-11-15,95.3300018310547,95.7200012207031,93.8099975585938,93.8099975585938,59.9475784301758,14978700
2010-11-16,94.9100036621094,96.25,93.9899978637695,96.1399993896484,61.4365234375,19901300
2010-11-17,95.8000030517578,96.7600021362305,95.3399963378906,95.6100006103516,61.097827911377,9915600
2010-11-18,95.6800003051758,96,94.8000030517578,96,61.3470687866211,12424800
2010-11-19,96.0899963378906,96.5899963378906,95.7900009155273,96.5899963378906,61.7241020202637,8359500
2010-11-22,97.370002746582,97.620002746582,96.2399978637695,97,61.9860763549805,10413500
2010-11-23,97.6699981689453,97.9499969482422,97.2399978637695,97.4800033569336,62.2927894592285,9566900
2010-11-24,96.8099975585938,96.9899978637695,95.5800018310547,95.7399978637695,61.1809196472168,11467600
2010-11-26,96.7200012207031,97.120002746582,96.5500030517578,97.0699996948242,62.0308456420898,4848900
2010-11-29,97.5599975585938,97.9499969482422,97.0899963378906,97.9000015258789,62.5611953735352,8950000
2010-11-30,99.2099990844727,99.2699966430664,98.1100006103516,98.4100036621094,62.8871383666992,11947600
2010-12-01,96.6500015258789,97.1100006103516,95.8899993896484,95.8899993896484,61.4892539978027,15441200
2010-12-02,95.9599990844727,96.5400009155273,95.5299987792969,95.6399993896484,61.3288841247559,9318700
2010-12-03,96.2799987792969,96.3300018310547,94.8499984741211,94.8899993896484,60.847957611084,10194800
2010-12-06,95.5199966430664,96.25,95.3099975585938,96.2300033569336,61.7072448730469,7001800
2010-12-07,94.7200012207031,94.9199981689453,93.1600036621094,94.1699981689453,60.3862800598145,18533100
2010-12-08,93.7200012207031,93.8000030517578,92.1100006103516,93.2600021362305,59.8027610778809,19275900
2010-12-09,93.5999984741211,94.2699966430664,92.7300033569336,93.7200012207031,60.0977058410645,17477100
2010-12-10,93.2900009155273,93.8600006103516,93.1399993896484,93.1500015258789,59.7322235107422,7078500
2010-12-13,93.0500030517578,94.0299987792969,92.5599975585938,93.5,59.956615447998,12399900
2010-12-14,92.4000015258789,93.0199966430664,91.4400024414062,92.1399993896484,59.0845336914062,23516400
2010-12-15,92.0800018310547,92.2399978637695,90.4700012207031,90.9400024414062,58.3150405883789,26084000
2010-12-16,91.0299987792969,91.5800018310547,90.5699996948242,91.5699996948242,58.7190055847168,17939000
2010-12-17,91.879997253418,93.7699966430664,91.8600006103516,93.2399978637695,59.789909362793,16849700
2010-12-20,93.75,94.2300033569336,92.6399993896484,93.1399993896484,59.7257652282715,13703500
2010-12-21,93.129997253418,93.7900009155273,92.4899978637695,93.7900009155273,60.1425933837891,8985100
2010-12-22,93.4700012207031,93.5500030517578,92.9300003051758,93.120002746582,59.712963104248,6440900
2010-12-23,93.1800003051758,93.2300033569336,92.5299987792969,92.9300003051758,59.5911140441895,7091800
2010-12-27,92.7600021362305,93.879997253418,92.3000030517578,93.7600021362305,60.1233596801758,5285900
2010-12-28,92.9300003051758,93.0699996948242,91.3099975585938,91.6100006103516,58.9458656311035,13972100
2010-12-29,91.7600021362305,93.5199966430664,91.4700012207031,93.1600036621094,59.9431343078613,13115400
2010-12-30,92.879997253418,93.2799987792969,92.4100036621094,93.0899963378906,59.8981246948242,7029900
2010-12-31,93.5100021362305,94.6999969482422,93.4400024414062,94.120002746582,60.5608787536621,8516000
2011-01-03,93.1999969482422,94.3099975585938,92.9499969482422,93.4100036621094,60.104076385498,13799400
2011-01-04,93.4100036621094,93.7699966430664,92.9100036621094,93.5199966430664,60.1748580932617,10466900
2011-01-05,92.4899978637695,92.6900024414062,91.1900024414062,91.4599990844727,58.8493576049805,17568000
2011-01-06,91.5400009155273,92.120002746582,91.1600036621094,91.8600006103516,59.1067085266113,9317500
2011-01-07,91.5100021362305,92.629997253418,91.0299987792969,92.3499984741211,59.4220314025879,12694600
2011-01-10,92.5800018310547,92.9899978637695,92.1800003051758,92.8499984741211,59.7437705993652,8295200
2011-01-11,92.4899978637695,92.5999984741211,91.6900024414062,92.3300018310547,59.4090957641602,9495400
2011-01-12,91.7399978637695,92.1699981689453,91.4499969482422,91.6100006103516,58.9458656311035,9522900
2011-01-13,91.620002746582,92.7699966430664,91.4499969482422,92.4300003051758,59.4734764099121,14502400
2011-01-14,92.7799987792969,92.9000015258789,91.7600021362305,91.8399963378906,59.0938034057617,8960700
2011-01-18,91.2900009155273,91.7099990844727,90.7300033569336,91.4100036621094,58.817138671875,10663600
2011-01-19,91.4100036621094,92.0699996948242,91.3600006103516,92.0699996948242,59.2418365478516,8886900
2011-01-20,91.5,91.6100006103516,90.3899993896484,90.8000030517578,58.4246788024902,14203400
2011-01-21,90.6900024414062,91.5199966430664,90.5100021362305,91.5199966430664,58.8879089355469,9085600
2011-01-24,91.870002746582,91.9000015258789,91.379997253418,91.5599975585938,58.9136619567871,7700200
2011-01-25,91.9400024414062,92.9000015258789,91.3199996948242,92.4300003051758,59.4734764099121,13438100
2011-01-26,92.2200012207031,92.2600021362305,90.8899993896484,91.0299987792969,58.5726432800293,13322900
2011-01-27,91.0699996948242,91.6500015258789,90.6699981689453,91.4400024414062,58.8365058898926,10868700
2011-01-28,90.8099975585938,92.2799987792969,90.7699966430664,91.9199981689453,59.1453399658203,11993200
2011-01-31,91.6600036621094,91.9800033569336,91.0500030517578,91.2200012207031,58.6949005126953,8647600
2011-02-01,90.5500030517578,90.8399963378906,90.1399993896484,90.4499969482422,58.4043464660645,11508400
2011-02-02,90.9000015258789,91,89.9000015258789,90.4700012207031,58.4172821044922,13624600
2011-02-03,89.9599990844727,90.5699996948242,89.7099990844727,89.7200012207031,57.9329528808594,12785800
2011-02-04,89.5,89.6500015258789,88.7699966430664,88.8099975585938,57.345386505127,17172200
2011-02-07,88.6999969482422,89.3000030517578,88.5699996948242,89.2699966430664,57.6424293518066,8554800
2011-02-08,89.3099975585938,89.5400009155273,88.3600006103516,88.4499969482422,57.1129302978516,10454200
2011-02-09,88.6900024414062,89.6600036621094,88.1399993896484,89.2200012207031,57.6101493835449,13078600
2011-02-10,88.9000015258789,89.1399993896484,88.1800003051758,88.1900024414062,56.9450187683105,10486800
2011-02-11,89.0299987792969,89.5299987792969,88.7399978637695,89.4599990844727,57.7651138305664,11333400
2011-02-14,89.3099975585938,89.9300003051758,89.3099975585938,89.5199966430664,57.803840637207,8033500
2011-02-15,89.5599975585938,89.9700012207031,89.370002746582,89.9199981689453,58.062126159668,7298000
2011-02-16,89.870002746582,90.3199996948242,89.3399963378906,89.629997253418,57.8748779296875,8446300
2011-02-17,90.0199966430664,90.1800003051758,89.6600036621094,89.7699966430664,57.9652328491211,6732500
2011-02-18,89.4199981689453,89.5500030517578,89.0800018310547,89.4899978637695,57.7844467163086,6080700
2011-02-22,89.9100036621094,90.9400024414062,89.7099990844727,90.8300018310547,58.6497268676758,11905700
2011-02-23,91.0999984741211,91.5500030517578,90.7399978637695,91.1600036621094,58.8628005981445,14522600
2011-02-24,91.629997253418,92.0400009155273,91.4400024414062,91.7399978637695,59.2373046875,12110900
2011-02-25,91.7399978637695,92.2799987792969,91.6399993896484,92.2799987792969,59.585994720459,6841700
2011-02-28,92.3000030517578,92.5199966430664,92.0800018310547,92.4000015258789,59.663444519043,9682500
2011-03-01,91.5199966430664,92.4000015258789,91.4700012207031,92.370002746582,59.8364295959473,8048700
2011-03-02,91.8399963378906,91.9899978637695,90.9400024414062,90.9499969482422,58.9165916442871,8526400
2011-03-03,90.5299987792969,90.7799987792969,89.9800033569336,90.0599975585938,58.3400115966797,10607600
2011-03-04,90.0999984741211,90.8499984741211,90,90.8099975585938,58.8259048461914,9316200
2011-03-07,90.0199966430664,90.8600006103516,89.8499984741211,90.2300033569336,58.4501304626465,7522300
2011-03-08,90.1100006103516,90.3399963378906,89.6500015258789,89.6800003051758,58.0938606262207,8498700
2011-03-09,90.0899963378906,90.8199996948242,89.8499984741211,90.5500030517578,58.6574478149414,8904800
2011-03-10,90.870002746582,92.0999984741211,90.6399993896484,92.0699996948242,59.6420822143555,13385800
2011-03-11,92.0400009155273,92.0800018310547,91.3300018310547,91.5500030517578,59.305248260498,8407600
2011-03-14,91.4800033569336,91.9199981689453,91.3199996948242,91.5100021362305,59.2793655395508,6765200
2011-03-15,92.8000030517578,93.0500030517578,92.3600006103516,92.879997253418,60.166820526123,14893800
2011-03-16,93.370002746582,94.9400024414062,93.0800018310547,93.9300003051758,60.8469924926758,24294200
2011-03-17,93.2399978637695,93.6100006103516,92.7600021362305,93.2099990844727,60.3805618286133,10528500
2011-03-18,92.75,93.4800033569336,92.6900024414062,93.4599990844727,60.5424957275391,7260900
2011-03-21,93.129997253418,93.1800003051758,92.5699996948242,92.9100036621094,60.186222076416,10542900
2011-03-22,92.8099975585938,93.2900009155273,92.7399978637695,93.2200012207031,60.3870697021484,6904700
2011-03-23,93.8499984741211,93.879997253418,92.9300003051758,93.0999984741211,60.3093185424805,8358000
2011-03-24,92.7600021362305,92.879997253418,92.3899993896484,92.4000015258789,59.8558502197266,9477600
2011-03-25,92.8600006103516,92.9599990844727,92.0199966430664,92.1699981689453,59.7068634033203,6447200
2011-03-28,92.120002746582,92.6699981689453,92,92.3000030517578,59.7910499572754,3996800
2011-03-29,91.9800033569336,92.5,91.5699996948242,91.5899963378906,59.3311462402344,6487200
2011-03-30,91.7200012207031,92.3199996948242,91.5599975585938,92.3199996948242,59.8040351867676,5048300
2011-03-31,92.6699981689453,92.7200012207031,91.6100006103516,92.129997253418,59.6809692382812,9654300
2011-04-01,91.5,92.2699966430664,91.4199981689453,92.1900024414062,59.9710960388184,7860400
2011-04-04,92.1999969482422,92.5800018310547,92.129997253418,92.2900009155273,60.036190032959,4469100
2011-04-05,92.1600036621094,92.379997253418,91.6699981689453,91.9199981689453,59.7954406738281,9951600
2011-04-06,91.7699966430664,91.7900009155273,90.5400009155273,90.5400009155273,58.8977966308594,9090900
2011-04-07,90.5299987792969,90.7600021362305,90.129997253418,90.3600006103516,58.7806816101074,9265100
2011-04-08,89.9300003051758,90.3199996948242,89.8499984741211,89.879997253418,58.4683990478516,7605700
2011-04-11,89.8300018310547,90.2200012207031,89.6500015258789,89.9599990844727,58.5204124450684,5734000
2011-04-12,90.6100006103516,91.2399978637695,90.5599975585938,90.9300003051758,59.1514778137207,7686500
2011-04-13,90.5400009155273,91.5,90.4400024414062,91.5,59.5222434997559,7959300
2011-04-14,91.5400009155273,91.7699966430664,91.2200012207031,91.4300003051758,59.476692199707,7609600
2011-04-15,92.2600021362305,92.7099990844727,92.0699996948242,92.6699981689453,60.283332824707,10222900
2011-04-18,91.9899978637695,93.0999984741211,91.4499969482422,92.879997253418,60.4199562072754,12036700
2011-04-19,92.8600006103516,93.2799987792969,92.7600021362305,93.2799987792969,60.6801567077637,5295100
2011-04-20,93.0699996948242,93.2600021362305,92.6100006103516,92.6800003051758,60.2898597717285,6754100
2011-04-21,92.8899993896484,93.2300033569336,92.5599975585938,92.5999984741211,60.2377662658691,3365600
2011-04-25,92.629997253418,92.9700012207031,92.5,92.9499969482422,60.4654655456543,3626900
2011-04-26,93.2699966430664,93.870002746582,93.1800003051758,93.8499984741211,61.0509910583496,7506300
2011-04-27,93.4400024414062,93.5699996948242,92.75,92.8899993896484,60.4264640808105,8869300
2011-04-28,93.2200012207031,93.5999984741211,92.9700012207031,93.5999984741211,60.8883666992188,8110200
2011-04-29,93.4700012207031,93.9199981689453,93.3499984741211,93.8899993896484,61.0769462585449,5900000
2011-05-02,93.3199996948242,93.6800003051758,93.1699981689453,93.6399993896484,61.1749534606934,5285100
2011-05-03,93.9599990844727,94.1699981689453,93.5800018310547,94.1699981689453,61.521240234375,6486600
2011-05-04,94.3099975585938,94.7200012207031,94.2699966430664,94.5899963378906,61.7955932617188,7406300
2011-05-05,94.9199981689453,95.629997253418,94.8099975585938,95.4899978637695,62.3835906982422,9600000
2011-05-06,94.5100021362305,95.4899978637695,94.3499984741211,95.0699996948242,62.1091651916504,9451500
2011-05-09,94.9000015258789,95.1999969482422,94.8399963378906,94.9700012207031,62.043888092041,3731200
2011-05-10,94.6999969482422,94.8899993896484,94.2900009155273,94.2900009155273,61.5996017456055,5458300
2011-05-11,94.3199996948242,95.0899963378906,94.1800003051758,94.8300018310547,61.9524040222168,6078700
2011-05-12,94.9499969482422,95.1100006103516,93.9100036621094,94.2300033569336,61.5604095458984,8015800
2011-05-13,94.6500015258789,95.4899978637695,94.5299987792969,95.0800018310547,62.1156539916992,8380000
2011-05-16,95.0299987792969,95.7900009155273,94.7600021362305,95.6100006103516,62.4619560241699,6053600
2011-05-17,96.0299987792969,96.5999984741211,95.9800033569336,96.5899963378906,63.1021919250488,9826900
2011-05-18,96.2699966430664,96.3899993896484,95.2799987792969,95.3099975585938,62.2659950256348,7707600
2011-05-19,94.4599990844727,95.3199996948242,94.4599990844727,95.2699966430664,62.239860534668,8052400
2011-05-20,95.0199966430664,95.4100036621094,94.7200012207031,95.3199996948242,62.2725448608398,5602300
2011-05-23,95.7300033569336,96.1900024414062,95.5899963378906,95.7799987792969,62.5730514526367,6300000
2011-05-24,95.6399993896484,96.1399993896484,95.4599990844727,96.1399993896484,62.808162689209,5549100
2011-05-25,96.1500015258789,96.2799987792969,95.5400009155273,95.6900024414062,62.5142478942871,5664500
2011-05-26,95.9700012207031,96.5500030517578,95.8899993896484,96.5100021362305,63.0498924255371,8307900
2011-05-27,96.129997253418,96.5100021362305,95.879997253418,96.4700012207031,63.0238304138184,5390600
2011-05-31,96.1800003051758,96.7600021362305,96.0899963378906,96.6900024414062,63.167537689209,7003900
2011-06-01,96.9199981689453,97.7200012207031,96.8899993896484,97.6399993896484,64.0212860107422,12746400
2011-06-02,96.4899978637695,96.9100036621094,95.7799987792969,95.7799987792969,62.8016471862793,15738700
2011-06-03,96.5800018310547,96.5999984741211,95.5699996948242,96.3300018310547,63.1622848510742,10644100
2011-06-06,95.4700012207031,95.9899978637695,95.2099990844727,95.5999984741211,62.6836242675781,8776900
2011-06-07,95.2300033569336,96.0599975585938,95.120002746582,96.0400009155273,62.9721488952637,7399200
2011-06-08,96.2600021362305,96.8399963378906,96.1699981689453,96.7900009155273,63.4639167785645,7401800
2011-06-09,97.0999984741211,97.3300018310547,95.9300003051758,96.4000015258789,63.2081680297852,9963000
2011-06-10,96.9100036621094,97.3899993896484,96.8000030517578,97.1399993896484,63.6934127807617,7710800
2011-06-13,96.7399978637695,97.2900009155273,96.6399993896484,96.6500015258789,63.3720741271973,5540000
2011-06-14,95.7399978637695,95.9000015258789,95.129997253418,95.1900024414062,62.4148254394531,8672400
2011-06-15,95.379997253418,96.9400024414062,95.370002746582,96.9199981689453,63.5491523742676,12979100
2011-06-16,97.0999984741211,97.5299987792969,96.8000030517578,97.3600006103516,63.8376655578613,10961200
2011-06-17,96.8600006103516,97.1500015258789,96.6399993896484,96.9000015258789,63.5360336303711,9622900
2011-06-20,97.3300018310547,97.3600006103516,96.5899963378906,97.0199966430664,63.6147193908691,6613800
2011-06-21,96.6999969482422,97.0299987792969,96.2699966430664,96.5899963378906,63.3327445983887,7894900
2011-06-22,96.9599990844727,97.0599975585938,96.4100036621094,96.6500015258789,63.3720741271973,5503700
2011-06-23,97.2399978637695,97.7399978637695,97.1500015258789,97.3899993896484,63.8573341369629,8586800
2011-06-24,97.3600006103516,97.6900024414062,96.9800033569336,96.9800033569336,63.5885009765625,7960900
2011-06-27,96.8499984741211,96.870002746582,95.5500030517578,95.6500015258789,62.7164115905762,9331300
2011-06-28,95.4800033569336,95.6800003051758,94.7200012207031,94.879997253418,62.2115058898926,12634300
2011-06-29,94.9499969482422,95.1999969482422,94.0199966430664,94.25,61.7984886169434,11084900
2011-06-30,94.2300033569336,94.3099975585938,93.1399993896484,94.0999984741211,61.7000923156738,11555600
2011-07-01,94.129997253418,94.2300033569336,93.3600006103516,93.629997253418,61.6014366149902,6637200
2011-07-05,94.0400009155273,94.1699981689453,93.6900024414062,93.8399963378906,61.7395324707031,4615600
2011-07-06,94.1900024414062,94.4499969482422,93.8399963378906,94.3199996948242,62.0553817749023,5652700
2011-07-07,93.8300018310547,94.1399993896484,93.5500030517578,94.0400009155273,61.8711776733398,6823700
2011-07-08,94.8399963378906,95.6100006103516,94.8300018310547,95.370002746582,62.7461891174316,12129300
2011-07-11,96.0400009155273,96.8000030517578,95.75,96.8000030517578,63.6870384216309,9760800
2011-07-12,97.3000030517578,97.3099975585938,96.5599975585938,97.129997253418,63.904182434082,9083900
2011-07-13,96.7099990844727,97.4300003051758,96.1100006103516,97.4000015258789,64.0817794799805,13112200
2011-07-14,96.620002746582,97.9000015258789,96.0100021362305,96.0100021362305,63.1673011779785,11471500
2011-07-15,95.2900009155273,96.1999969482422,95.2399978637695,96.1699981689453,63.2725448608398,7086200
2011-07-18,96.0599975585938,96.1699981689453,95.1999969482422,95.2399978637695,62.6606597900391,8206500
2011-07-19,95.3199996948242,97.2699966430664,95.1699981689453,97.2200012207031,63.96337890625,15249400
2011-07-20,96.7200012207031,96.8399963378906,95.870002746582,96.0699996948242,63.2067527770996,9673300
2011-07-21,95.2399978637695,95.8600006103516,94.9000015258789,95.3300018310547,62.7198753356934,11099200
2011-07-22,95.6900024414062,96.0899963378906,95.5299987792969,96.0500030517578,63.193660736084,4974500
2011-07-25,94.9700012207031,96.0500030517578,94.8300018310547,95,62.5027465820312,10869400
2011-07-26,95.3000030517578,95.870002746582,95.2399978637695,95.6500015258789,62.9304122924805,7682800
2011-07-27,95.3399963378906,95.8399963378906,95.0999984741211,95.6600036621094,62.9369354248047,11224200
2011-07-28,96.1100006103516,96.3099975585938,95.7099990844727,96.0199966430664,63.1738471984863,7081600
2011-07-29,96.8899993896484,98.5299987792969,96.7799987792969,97.9199981689453,64.4239273071289,19582400
2011-08-01,97.3899993896484,98.9400024414062,97.3499984741211,98.5800018310547,65.074104309082,14348200
2011-08-02,99.2200012207031,101.569999694824,98.8899993896484,101.540000915527,67.0280990600586,20850600
2011-08-03,101.569999694824,103.419998168945,101.360000610352,101.73999786377,67.1600952148438,21179700
2011-08-04,102.379997253418,105.550003051758,102.269996643066,105.360000610352,69.5497131347656,34076600
2011-08-05,103.440002441406,105.5,102.279998779297,102.319999694824,67.54296875,41677700
2011-08-08,103.180000305176,105.790000915527,102.949996948242,105.550003051758,69.6751174926758,38259500
2011-08-09,105.01000213623,109.370002746582,103,105.870002746582,69.8862915039062,39881400
2011-08-10,107.629997253418,109.069999694824,106.940002441406,109.019996643066,71.9656829833984,46221000
2011-08-11,107.339996337891,107.809997558594,103.199996948242,103.519996643066,68.3351058959961,37790100
2011-08-12,104.440002441406,105.660003662109,104.069999694824,105.569999694824,69.6883392333984,15590800
2011-08-15,104.940002441406,105.480003356934,104.470001220703,104.5,68.9819564819336,10051700
2011-08-16,104.660003662109,106.639999389648,104.629997253418,106.230003356934,70.1239624023438,15993200
2011-08-17,106.319999694824,108.099998474121,105.769996643066,108.089996337891,71.3518218994141,15906600
2011-08-18,110.089996337891,112.139999389648,109.279998779297,110.309997558594,72.8172836303711,27274600
2011-08-19,110.650001525879,111.410003662109,110.230003356934,111.199996948242,73.4047698974609,15708400
2011-08-22,110.459999084473,111.26000213623,110.389999389648,110.919998168945,73.2199172973633,13157700
2011-08-23,109.76000213623,111.169998168945,109.349998474121,109.389999389648,72.2099685668945,16017800
2011-08-24,109.290000915527,109.410003662109,106.150001525879,106.279998779297,70.1570358276367,14621600
2011-08-25,106.690002441406,107.900001525879,106.360000610352,107.430000305176,70.9161071777344,10565900
2011-08-26,108.690002441406,109.269996643066,107.330001831055,108.48999786377,71.6158294677734,11504800
2011-08-29,106.699996948242,107.400001525879,106.599998474121,106.98999786377,70.6256866455078,6764300
2011-08-30,108.430000305176,109.150001525879,108.25,108.709999084473,71.7610931396484,9508700
2011-08-31,108.809997558594,108.959999084473,107.029998779297,107.029998779297,70.6520614624023,12186000
2011-09-01,107.470001220703,108.980003356934,106.080001831055,108.970001220703,72.1497497558594,10686600
2011-09-02,111.389999389648,112.580001831055,110.660003662109,112.51000213623,74.4936141967773,16557100
2011-09-06,114.419998168945,114.930000305176,113.389999389648,113.680000305176,75.2683029174805,14016200
2011-09-07,112.279998779297,112.370002746582,111.309997558594,111.51000213623,73.8314819335938,11524300
2011-09-08,112.300003051758,112.629997253418,111.339996337891,112.51000213623,74.4936141967773,11480900
2011-09-09,112.540000915527,114.180000305176,112.209999084473,113.709999084473,75.2881469726562,11492700
2011-09-12,113.569999694824,114.25,113.099998474121,113.830001831055,75.3676071166992,7602200
2011-09-13,113.400001525879,113.589996337891,112.110000610352,112.209999084473,74.2950134277344,9282400
2011-09-14,111.970001220703,113.349998474121,111.819999694824,113.160003662109,74.9240036010742,11948500
2011-09-15,111.980003356934,112.48999786377,111.430000305176,111.430000305176,73.7785415649414,8884000
2011-09-16,111.309997558594,112.589996337891,111.25,112.23999786377,74.3148803710938,10053500
2011-09-19,114.199996948242,115.190002441406,114.120002746582,114.379997253418,75.7317657470703,13033500
2011-09-20,114.370002746582,114.870002746582,114.050003051758,114.860000610352,76.0495681762695,6360600
2011-09-21,114.629997253418,118.790000915527,114.199996948242,118.660003662109,78.5655975341797,18687100
2011-09-22,121.410003662109,123.870002746582,121.230003356934,123.120002746582,81.5185852050781,25041400
2011-09-23,123.120002746582,123.360000610352,120.830001831055,120.830001831055,80.0023803710938,15173800
2011-09-26,120.120002746582,120.569999694824,118.580001831055,118.889999389648,78.7178649902344,15110100
2011-09-27,116.75,117.300003051758,116.26000213623,117.069999694824,77.512809753418,13589600
2011-09-28,116.900001525879,117.110000610352,115.76000213623,117.029998779297,77.4863586425781,12642600
2011-09-29,117.610000610352,118.819999694824,117.089996337891,117.839996337891,78.0226593017578,12341800
2011-09-30,120.019996643066,120.910003662109,118.98999786377,120.800003051758,79.9824676513672,13546400
2011-10-03,121.879997253418,123.809997558594,121.110000610352,123.809997558594,82.1836624145508,15882000
2011-10-04,124.370002746582,125.029998779297,122.180000305176,122.23999786377,81.1414794921875,17301400
2011-10-05,121.660003662109,121.779998779297,120.660003662109,121.360000610352,80.5572814941406,14275000
2011-10-06,120.639999389648,121.01000213623,119.120002746582,119.120002746582,79.070426940918,9681600
2011-10-07,117.75,119.050003051758,116.849998474121,118.23999786377,78.4862899780273,11564600
2011-10-10,116.819999694824,116.910003662109,115.800003051758,116.569999694824,77.3778228759766,3567600
2011-10-11,117.290000915527,117.360000610352,115.900001525879,116.180000305176,77.1189041137695,7520200
2011-10-12,114.699996948242,115.120002746582,113.480003356934,114.48999786377,75.9971542358398,14033400
2011-10-13,115.029998779297,116.550003051758,114.959999084473,115.629997253418,76.7538299560547,11263300
2011-10-14,113.879997253418,114.610000610352,113.610000610352,113.949996948242,75.638671875,8411000
2011-10-17,114.300003051758,115.970001220703,114.220001220703,115.919998168945,76.9463729858398,9664000
2011-10-18,116.139999389648,116.819999694824,114.300003051758,115.199996948242,76.468391418457,12495600
2011-10-19,114.540000915527,115.73999786377,114.160003662109,115.160003662109,76.4418487548828,6629300
2011-10-20,114.459999084473,115.669998168945,114.069999694824,114.339996337891,75.8975372314453,7832100
2011-10-21,113.860000610352,114.199996948242,113.129997253418,113.129997253418,75.0943832397461,9906300
2011-10-24,113.930000305176,114.080001831055,113.050003051758,113.319999694824,75.2204818725586,6344500
2011-10-25,113.379997253418,116.349998474121,113.349998474121,116.199996948242,77.1321640014648,11791200
2011-10-26,115.389999389648,116.209999084473,114.069999694824,114.169998168945,75.7846832275391,12747000
2011-10-27,112.519996643066,112.849998474121,109.819999694824,110.300003051758,73.2158508300781,19471400
2011-10-28,110.900001525879,111.959999084473,110.76000213623,111.459999084473,73.9858474731445,10127900
2011-10-31,113.610000610352,115.879997253418,113.459999084473,115.879997253418,76.919792175293,15242100
2011-11-01,118.709999084473,119.48999786377,117.169998168945,119.449996948242,79.4945678710938,24400600
2011-11-02,116.629997253418,118.360000610352,116.419998168945,117.959999084473,78.503059387207,13181100
2011-11-03,116.339996337891,117.349998474121,115.98999786377,116.339996337891,77.4248657226562,8386700
2011-11-04,115.720001220703,117.050003051758,115.529998779297,116.480003356934,77.5180740356445,7583700
2011-11-07,116.639999389648,118.349998474121,116.319999694824,117.220001220703,78.0105743408203,9279700
2011-11-08,116.75,117.540000915527,115.5,115.720001220703,77.0122833251953,7539400
2011-11-09,118.26000213623,119.129997253418,117.069999694824,118.120002746582,78.609489440918,13004500
2011-11-10,116.779998779297,117.610000610352,115.209999084473,116.360000610352,77.4381942749023,11644600
2011-11-11,115.830001831055,116.169998168945,115.5,115.650001525879,76.9657135009766,2483900
2011-11-14,116.389999389648,117.599998474121,116.209999084473,117.51000213623,78.2035598754883,9252600
2011-11-15,117.699996948242,118.459999084473,116.720001220703,117.349998474121,78.097053527832,7587500
2011-11-16,117.959999084473,118.430000305176,117.180000305176,118.419998168945,78.809196472168,7470000
2011-11-17,118.040000915527,120.160003662109,118.040000915527,119.370002746582,79.44140625,9907900
2011-11-18,119.180000305176,119.550003051758,118.319999694824,119.339996337891,79.4213790893555,6792600
2011-11-21,120.379997253418,120.730003356934,119.910003662109,120.050003051758,79.8939361572266,7345600
2011-11-22,120.349998474121,121.410003662109,119.849998474121,121.389999389648,80.7856903076172,7866300
2011-11-23,121.160003662109,123.050003051758,121.029998779297,122.580001831055,81.5776443481445,10129300
2011-11-25,121.800003051758,121.870002746582,120.73999786377,120.800003051758,80.3930740356445,4311900
2011-11-28,118.629997253418,121.150001525879,118.580001831055,120.73999786377,80.3531646728516,7661900
2011-11-29,120.029998779297,120.919998168945,119.080001831055,119.75,79.6942443847656,8952800
2011-11-30,118.339996337891,118.559997558594,117.26000213623,117.879997253418,78.4498291015625,11806800
2011-12-01,116.290000915527,117.23999786377,115.800003051758,117,78.0561294555664,9647200
2011-12-02,116.620002746582,118.680000305176,116.559997558594,118.639999389648,79.1502532958984,7764900
2011-12-05,117,118.830001831055,116.879997253418,118.400001525879,78.9901580810547,7862800
2011-12-06,117.809997558594,118.290000915527,116.769996643066,117.269996643066,78.2362823486328,8506300
2011-12-07,117.330001831055,118.23999786377,116.849998474121,117.690002441406,78.5164947509766,6588300
2011-12-08,117.720001220703,119.330001831055,117.410003662109,119.160003662109,79.4972686767578,8800500
2011-12-09,119.069999694824,119.129997253418,116.629997253418,116.709999084473,77.8626937866211,9855100
2011-12-12,117.910003662109,118.48999786377,117.610000610352,118.01000213623,78.7300186157227,5734600
2011-12-13,117.279998779297,119.629997253418,117.160003662109,119.110000610352,79.4638366699219,8901800
2011-12-14,119.790000915527,121.389999389648,119.48999786377,121.360000610352,80.9649276733398,11247700
2011-12-15,120.660003662109,121.319999694824,120.370002746582,120.910003662109,80.6646881103516,5438700
2011-12-16,121.379997253418,122.620002746582,121.290000915527,122.319999694824,81.6053695678711,9321900
2011-12-19,122.319999694824,124.019996643066,122.26000213623,123.870002746582,82.6394195556641,7845100
2011-12-20,122.660003662109,122.669998168945,120.610000610352,120.779998779297,80.5779647827148,13945400
2011-12-21,120.629997253418,120.830001831055,119.069999694824,119.099998474121,79.4571380615234,11600100
2011-12-22,120,120.419998168945,119.349998474121,119.599998474121,79.7907562255859,5247400
2011-12-23,118.559997558594,118.709999084473,117.73999786377,118.269996643066,78.9034423828125,5409700
2011-12-27,117.940002441406,118.449996948242,117.620002746582,118.449996948242,79.2782821655273,4270300
2011-12-28,118.73999786377,121.050003051758,118.449996948242,120.639999389648,80.7439651489258,8302300
2011-12-29,120.480003356934,121.089996337891,120.059997558594,120.860000610352,80.8913192749023,4305000
2011-12-30,121.110000610352,121.76000213623,120.889999389648,121.25,81.1522598266602,5948800
2012-01-03,119.419998168945,120.199996948242,118.930000305176,119.430000305176,79.9341812133789,9076900
2012-01-04,119.26000213623,119.279998779297,117.680000305176,118.01000213623,78.983757019043,8417100
2012-01-05,118.169998168945,119.099998474121,117.569999694824,117.800003051758,78.8432159423828,6465800
2012-01-06,117.75,118.959999084473,117.709999084473,118.730003356934,79.465690612793,7348500
2012-01-09,118.470001220703,119.540000915527,118.300003051758,118.519996643066,79.3250961303711,5582400
2012-01-10,117.730003356934,118.870002746582,117.680000305176,118.319999694824,79.1912612915039,8932500
2012-01-11,119.040000915527,120.059997558594,118.980003356934,119.860000610352,80.2219924926758,8634500
2012-01-12,119.949996948242,120.190002441406,119.23999786377,119.690002441406,80.1081771850586,7205400
2012-01-13,121.099998474121,121.639999389648,120.809997558594,120.879997253418,80.9046478271484,9819000
2012-01-17,120.949996948242,121.629997253418,120.830001831055,121.440002441406,81.2794494628906,5449900
2012-01-18,121.529998779297,121.610000610352,119.910003662109,119.970001220703,80.2955627441406,5804000
2012-01-19,119.330001831055,119.559997558594,117.919998168945,118.319999694824,79.1912612915039,8625700
2012-01-20,117.709999084473,117.959999084473,116.970001220703,116.980003356934,78.2943954467773,6548200
2012-01-23,116.129997253418,116.639999389648,115.550003051758,116.23999786377,77.7990875244141,7274800
2012-01-24,116.709999084473,116.709999084473,115.779998779297,116.449996948242,77.9396667480469,5776500
2012-01-25,116.059997558594,118.529998779297,115.889999389648,116.169998168945,77.7522811889648,12867600
2012-01-26,116.650001525879,117.709999084473,116.589996337891,117.709999084473,78.782958984375,7638500
2012-01-27,117.830001831055,118.330001831055,117.01000213623,118.080001831055,79.0306396484375,5165300
2012-01-30,119.839996337891,120.389999389648,119.339996337891,119.470001220703,79.9609451293945,8388400
2012-01-31,119.26000213623,120.910003662109,119.190002441406,120.849998474121,80.8845901489258,7998300
2012-02-01,119.75,119.900001525879,118.809997558594,119.180000305176,79.9580001831055,7925200
2012-02-02,118.959999084473,119.480003356934,118.639999389648,119.129997253418,79.9245071411133,5596900
2012-02-03,116.459999084473,116.800003051758,115.970001220703,116.569999694824,78.2069625854492,12467400
2012-02-06,116.690002441406,117.800003051758,116.339996337891,117.730003356934,78.9851913452148,6180600
2012-02-07,116.620002746582,116.879997253418,115.769996643066,116.269996643066,78.005744934082,8794800
2012-02-08,116.199996948242,116.790000915527,115.980003356934,116.360000610352,78.0660705566406,7613400
2012-02-09,115.860000610352,116.040000915527,114.620002746582,115.48999786377,77.4823837280273,11477700
2012-02-10,116.800003051758,117.330001831055,116.519996643066,116.98999786377,78.4888229370117,7193100
2012-02-13,116.599998474121,117.370002746582,116.430000305176,117.139999389648,78.58935546875,6422900
2012-02-14,117.440002441406,118.279998779297,117.230003356934,117.76000213623,79.00537109375,8271200
2012-02-15,117.660003662109,118.269996643066,117.48999786377,117.550003051758,78.8644561767578,6846100
2012-02-16,117.269996643066,117.599998474121,116.129997253418,116.610000610352,78.2338104248047,9036200
2012-02-17,115.860000610352,116.610000610352,115.76000213623,116.580001831055,78.2137298583984,6338000
2012-02-21,115.769996643066,115.919998168945,114.949996948242,115.290000915527,77.3482437133789,8338300
2012-02-22,115.889999389648,116.76000213623,115.809997558594,116.73999786377,78.3210678100586,7736800
2012-02-23,116.139999389648,117.220001220703,115.930000305176,116.73999786377,78.3210678100586,5163900
2012-02-24,117.230003356934,117.580001831055,116.949996948242,117.5,78.830940246582,5676900
2012-02-27,118.5,118.849998474121,118.120002746582,118.540000915527,79.5286636352539,8180700
2012-02-28,118.870002746582,119.139999389648,117.940002441406,118.150001525879,79.2670516967773,6615700
2012-02-29,118.370002746582,118.419998168945,116.959999084473,117.430000305176,78.7839736938477,14235000
2012-03-01,116.169998168945,116.680000305176,115.540000915527,116.059997558594,78.0422744750977,12265600
2012-03-02,116.599998474121,117.480003356934,116.550003051758,117.150001525879,78.7751922607422,6669600
2012-03-05,116.959999084473,117.440002441406,116.220001220703,116.220001220703,78.1498870849609,6921900
2012-03-06,117.449996948242,118.110000610352,117.440002441406,117.629997253418,79.0979766845703,6299700
2012-03-07,117.459999084473,117.610000610352,116.809997558594,116.910003662109,78.6138153076172,5567500
2012-03-08,116.319999694824,116.569999694824,115.639999389648,115.73999786377,77.8271255493164,7982100
2012-03-09,115.48999786377,115.98999786377,114.900001525879,115.970001220703,77.9817657470703,6975600
2012-03-12,116.319999694824,116.519996643066,115.870002746582,115.949996948242,77.9683227539062,5280000
2012-03-13,115.269996643066,115.410003662109,113.889999389648,113.910003662109,76.5965423583984,14413600
2012-03-14,112.699996948242,112.75,110.949996948242,111.040000915527,74.6666564941406,24515300
2012-03-15,110.900001525879,111.73999786377,110.879997253418,111.209999084473,74.7809906005859,14154000
2012-03-16,110.5,111.440002441406,110.199996948242,111.430000305176,74.9289016723633,13427200
2012-03-19,111.360000610352,111.480003356934,109.690002441406,110.099998474121,74.0345840454102,14011400
2012-03-20,110.430000305176,110.870002746582,109.849998474121,110.540000915527,74.3304824829102,9443800
2012-03-21,110.860000610352,111.889999389648,110.809997558594,111.790000915527,75.1709747314453,10242000
2012-03-22,112.290000915527,112.370002746582,111.870002746582,112.150001525879,75.4130554199219,8009800
2012-03-23,112.690002441406,113.389999389648,112.660003662109,113.209999084473,76.1258544921875,8465300
2012-03-26,112.830001831055,113.01000213623,111.800003051758,112.629997253418,75.7357788085938,8118600
2012-03-27,112.779998779297,113.699996948242,112.699996948242,113.440002441406,76.2805099487305,6972300
2012-03-28,112.919998168945,113.940002441406,112.849998474121,113.279998779297,76.1729431152344,7886000
2012-03-29,114.019996643066,114.190002441406,113.580001831055,114.129997253418,76.744499206543,7692900
2012-03-30,114.209999084473,114.269996643066,112.190002441406,112.199996948242,75.4466934204102,9467500
2012-04-02,113,113.300003051758,112.199996948242,112.529998779297,75.8646774291992,8944000
2012-04-03,113.01000213623,113.440002441406,110.569999694824,110.580001831055,74.550048828125,14774300
2012-04-04,111.769996643066,112.120002746582,111.410003662109,112.099998474121,75.5747604370117,10095600
2012-04-05,113,113.069999694824,112.330001831055,112.910003662109,76.120849609375,6364100
2012-04-09,115.540000915527,115.769996643066,115.23999786377,115.550003051758,77.9006805419922,14374600
2012-04-10,115.949996948242,117.290000915527,115.779998779297,116.860000610352,78.783805847168,14421300
2012-04-11,115.709999084473,116.059997558594,115.349998474121,115.459999084473,77.8399887084961,8713000
2012-04-12,115.669998168945,115.75,114.819999694824,114.980003356934,77.5164337158203,9008500
2012-04-13,116.150001525879,116.900001525879,116.120002746582,116.839996337891,78.7704010009766,8607700
2012-04-16,116.699996948242,117.599998474121,116.569999694824,116.669998168945,78.65576171875,7735000
2012-04-17,116.529998779297,116.830001831055,116.25,116.599998474121,78.6085586547852,5398600
2012-04-18,117.050003051758,117.120002746582,116.730003356934,116.940002441406,78.8378067016602,4074400
2012-04-19,117.25,117.470001220703,117.019996643066,117.050003051758,78.9119491577148,5374300
2012-04-20,116.559997558594,117.129997253418,116.330001831055,117.069999694824,78.9254837036133,5043300
2012-04-23,118.110000610352,118.410003662109,117.790000915527,117.919998168945,79.4984512329102,5170100
2012-04-24,117.610000610352,117.76000213623,117.080001831055,117.089996337891,78.93896484375,4336600
2012-04-25,116.410003662109,117.319999694824,115.690002441406,116.48999786377,78.5344314575195,8859500
2012-04-26,117.419998168945,117.459999084473,116.589996337891,117.190002441406,79.0063323974609,5133000
2012-04-27,117.019996643066,117.360000610352,116.790000915527,117.290000915527,79.0737609863281,3112900
2012-04-30,117.569999694824,117.75,117.190002441406,117.319999694824,79.0939331054688,4198400
2012-05-01,117.430000305176,117.620002746582,116.069999694824,116.430000305176,78.6837387084961,7214300
2012-05-02,117.220001220703,117.319999694824,116.800003051758,117.25,79.2379150390625,3565700
2012-05-03,116.639999389648,117.370002746582,116.559997558594,117.220001220703,79.2176666259766,3522900
2012-05-04,117.480003356934,118.190002441406,117.400001525879,118.139999389648,79.8393936157227,6367300
2012-05-07,118.319999694824,118.459999084473,118.019996643066,118.160003662109,79.8529281616211,3228200
2012-05-08,118.690002441406,119.51000213623,118.660003662109,118.790000915527,80.2787017822266,6051600
2012-05-09,119.449996948242,119.569999694824,118.440002441406,118.870002746582,80.3327102661133,5828900
2012-05-10,118.019996643066,118.620002746582,117.440002441406,118.519996643066,80.0961608886719,6300000
2012-05-11,119.48999786377,119.599998474121,118.959999084473,119.5,80.7584609985352,5234300
2012-05-14,120.870002746582,121.300003051758,120.599998474121,121.169998168945,81.8871078491211,8789400
2012-05-15,121.089996337891,121.730003356934,120.819999694824,121.660003662109,82.2181777954102,6766400
2012-05-16,120.980003356934,122.180000305176,120.720001220703,122.01000213623,82.4547271728516,6462300
2012-05-17,122.029998779297,124.279998779297,122.019996643066,124.169998168945,83.9144897460938,14863400
2012-05-18,123.269996643066,124.440002441406,123.110000610352,124.199996948242,83.9347610473633,10137700
2012-05-21,123.900001525879,124.449996948242,123.620002746582,123.940002441406,83.7590408325195,9583500
2012-05-22,122.75,122.879997253418,122.059997558594,122.559997558594,82.8264770507812,12475500
2012-05-23,123.550003051758,124.519996643066,123.360000610352,123.410003662109,83.4008636474609,11744900
2012-05-24,123.230003356934,123.790000915527,122.75,122.940002441406,83.0832366943359,10256200
2012-05-25,123.430000305176,123.540000915527,123.139999389648,123.400001525879,83.3940887451172,4723600
2012-05-29,123.389999389648,123.809997558594,123,123.019996643066,83.1373138427734,5874100
2012-05-30,125.319999694824,126.319999694824,125.300003051758,126.139999389648,85.2458038330078,17170800
2012-05-31,127.029998779297,129.080001831055,126.669998168945,127.599998474121,86.2324600219727,31174500
2012-06-01,128.869995117188,130.380004882812,128.529998779297,130.360000610352,88.2796401977539,23526000
2012-06-04,129.309997558594,130.179992675781,128.940002441406,129.330001831055,87.5820999145508,11681200
2012-06-05,128.529998779297,128.639999389648,127.589996337891,127.599998474121,86.4105529785156,12482800
2012-06-06,127.559997558594,127.599998474121,125.050003051758,125.050003051758,84.6837387084961,20806700
2012-06-07,124.650001525879,125.73999786377,124.389999389648,125.23999786377,84.8124160766602,18898200
2012-06-08,126.75,126.949996948242,124.569999694824,125.209999084473,84.7920761108398,11239600
2012-06-11,124.790000915527,126.209999084473,124.769996643066,125.779998779297,85.1780471801758,10693800
2012-06-12,124.970001220703,125.629997253418,124.5,124.629997253418,84.3993148803711,10921700
2012-06-13,124.849998474121,126.279998779297,124.379997253418,125.860000610352,85.2322769165039,11100000
2012-06-14,125.949996948242,126.279998779297,125.190002441406,125.699996948242,85.123893737793,7688200
2012-06-15,126.580001831055,126.849998474121,126.139999389648,126.400001525879,85.5979537963867,6421400
2012-06-18,127.150001525879,127.339996337891,126.26000213623,127.080001831055,86.0584030151367,6698400
2012-06-19,126.279998779297,126.370002746582,125.330001831055,125.419998168945,84.9343185424805,8227900
2012-06-20,124.569999694824,126.51000213623,124.089996337891,126.040000915527,85.354133605957,13720300
2012-06-21,125.949996948242,127.25,125.889999389648,126.709999084473,85.8078918457031,9776600
2012-06-22,125.900001525879,126.220001220703,125.01000213623,125.019996643066,84.6634216308594,7830400
2012-06-25,126.360000610352,127.019996643066,126.269996643066,126.839996337891,85.8959045410156,6113800
2012-06-26,126.110000610352,126.949996948242,125.940002441406,126.339996337891,85.5572967529297,5359700
2012-06-27,126.559997558594,126.790000915527,126.029998779297,126.540000915527,85.6927642822266,5860700
2012-06-28,127.300003051758,127.480003356934,126.790000915527,126.849998474121,85.9026565551758,5257800
2012-06-29,125.029998779297,125.629997253418,124.629997253418,125.199996948242,84.7852478027344,8881900
2012-07-02,125.449996948242,127.209999084473,125.370002746582,126.220001220703,85.6600952148438,7818500
2012-07-03,125.949996948242,126,125.209999084473,125.25,85.0017929077148,5773100
2012-07-05,125.349998474121,126.319999694824,125.25,125.889999389648,85.436164855957,5974700
2012-07-06,126.669998168945,127.209999084473,126.610000610352,127.059997558594,86.2301559448242,5818300
2012-07-09,127.379997253418,128.259994506836,127.110000610352,128.179992675781,86.9902648925781,5647000
2012-07-10,127.860000610352,128.740005493164,127.720001220703,128.440002441406,87.1666946411133,4288000
2012-07-11,128.589996337891,129.470001220703,128.259994506836,128.600006103516,87.2753143310547,5960900
2012-07-12,129.050003051758,129.559997558594,128.899993896484,129.509994506836,87.8928375244141,6421000
2012-07-13,129.229995727539,129.240005493164,128.600006103516,129.169998168945,87.6620788574219,4175300
2012-07-16,130.300003051758,130.610000610352,129.610000610352,129.770004272461,88.0693359375,5283500
2012-07-17,129.259994506836,129.820007324219,128.639999389648,128.75,87.3771057128906,5590900
2012-07-18,129.259994506836,129.339996337891,128.789993286133,128.820007324219,87.4246444702148,4011000
2012-07-19,128.460006713867,129.100006103516,128.110000610352,128.490005493164,87.2006225585938,5246300
2012-07-20,129.600006103516,130.300003051758,129.419998168945,130.059997558594,88.2661666870117,6365900
2012-07-23,131.309997558594,131.440002441406,130.509994506836,130.789993286133,88.7615280151367,6141100
2012-07-24,130.350006103516,132.039993286133,130.279998779297,131.820007324219,89.4606094360352,6748800
2012-07-25,131.630004882812,132.210006713867,131.479995727539,132.160003662109,89.6913299560547,5328000
2012-07-26,131.529998779297,131.779998779297,130.899993896484,130.949996948242,88.8701400756836,6606200
2012-07-27,129.889999389648,130.009994506836,126.959999084473,128.479995727539,87.1939086914062,14685100
2012-07-30,128.389999389648,129.479995727539,128.25,129.440002441406,87.845344543457,6025300
2012-07-31,129.809997558594,129.880004882812,128.580001831055,129.699996948242,88.0218124389648,7448600
2012-08-01,128.529998779297,129.740005493164,128.149993896484,128.779998779297,87.5817794799805,7972000
2012-08-02,129.589996337891,130.690002441406,129.130004882812,129.509994506836,88.0782775878906,7972000
2012-08-03,127.839996337891,128.029998779297,126.769996643066,127.419998168945,86.6569061279297,9084800
2012-08-06,127.669998168945,128.139999389648,127.370002746582,127.470001220703,86.69091796875,3673600
2012-08-07,125.959999084473,126.129997253418,125.430000305176,125.830001831055,85.575569152832,6613600
2012-08-08,126.160003662109,126.389999389648,125.040000915527,125.160003662109,85.1198883056641,7250700
2012-08-09,124.769996643066,125.300003051758,123.75,125.069999694824,85.0586700439453,7553500
2012-08-10,126.199996948242,126.319999694824,125.599998474121,125.699996948242,85.4871063232422,4670500
2012-08-13,126.110000610352,126.379997253418,125.48999786377,125.48999786377,85.3442916870117,3543700
2012-08-14,123.959999084473,124.410003662109,123.75,123.790000915527,84.1881637573242,7994000
2012-08-15,123.019996643066,123.199996948242,121.900001525879,122.050003051758,83.0047988891602,11191000
2012-08-16,122.209999084473,122.5,120.519996643066,121.01000213623,82.2975311279297,13240000
2012-08-17,121.400001525879,122.120002746582,121.319999694824,121.599998474121,82.6987228393555,6341100
2012-08-20,121.550003051758,122.190002441406,121.5,121.849998474121,82.8687591552734,4427100
2012-08-21,121.470001220703,122.449996948242,120.660003662109,122.389999389648,83.2360305786133,9532700
2012-08-22,123.519996643066,124.51000213623,123.209999084473,124.410003662109,84.6097946166992,11384400
2012-08-23,124.73999786377,125.139999389648,124.650001525879,124.930000305176,84.963493347168,7139100
2012-08-24,125.470001220703,125.559997558594,124.669998168945,124.809997558594,84.8818130493164,5001400
2012-08-27,125.339996337891,125.800003051758,125.269996643066,125.540000915527,85.3783187866211,3906100
2012-08-28,125.75,126.360000610352,125.589996337891,125.839996337891,85.5823440551758,3412600
2012-08-29,125.610000610352,125.629997253418,124.949996948242,125.290000915527,85.2083129882812,3762700
2012-08-30,126.269996643066,126.440002441406,125.730003356934,125.940002441406,85.6503448486328,3886400
2012-08-31,125.779998779297,127.720001220703,125.730003356934,127.720001220703,86.8609085083008,9192600
2012-09-04,126.919998168945,127.629997253418,126.76000213623,127.319999694824,86.773681640625,6009300
2012-09-05,126.819999694824,127.190002441406,126.550003051758,126.720001220703,86.3647308349609,3466700
2012-09-06,125.529998779297,125.529998779297,124.550003051758,124.610000610352,84.9267272949219,6505100
2012-09-07,126.139999389648,126.180000305176,123.919998168945,124.029998779297,84.531379699707,7335300
2012-09-10,123.690002441406,124.330001831055,123.51000213623,124.330001831055,84.7359161376953,4912100
2012-09-11,124.019996643066,124.099998474121,123.290000915527,123.550003051758,84.2042694091797,3523300
2012-09-12,122.220001220703,122.410003662109,121.680000305176,122.01000213623,83.1547012329102,7040900
2012-09-13,122.389999389648,123.089996337891,120.269996643066,121.529998779297,82.8275451660156,12280200
2012-09-14,119.76000213623,119.849998474121,118.050003051758,118.300003051758,80.6261978149414,16871600
2012-09-17,118.870002746582,119.900001525879,118.800003051758,119.720001220703,81.5939712524414,5573300
2012-09-18,120.709999084473,120.900001525879,119.959999084473,120.319999694824,82.0028762817383,5366200
2012-09-19,121.339996337891,121.379997253418,120.610000610352,121.110000610352,82.5413436889648,5903300
2012-09-20,122.139999389648,122.319999694824,120.980003356934,121.410003662109,82.7457809448242,4604200
2012-09-21,120.75,121.639999389648,120.669998168945,121.550003051758,82.8411483764648,4144300
2012-09-24,122.25,122.699996948242,122.180000305176,122.5,83.4886627197266,3627400
2012-09-25,122.800003051758,123.73999786377,122.129997253418,123.709999084473,84.3133163452148,5893500
2012-09-26,124.559997558594,125.089996337891,124.449996948242,125.040000915527,85.2197265625,7193400
2012-09-27,124.550003051758,124.800003051758,123.769996643066,124.150001525879,84.6132049560547,5147700
2012-09-28,124.75,125.23999786377,123.809997558594,124.220001220703,84.660888671875,7173400
2012-10-01,123.970001220703,124.470001220703,123.379997253418,124.419998168945,84.9750823974609,4842600
2012-10-02,123.910003662109,124.519996643066,123.809997558594,124.25,84.8589401245117,3540100
2012-10-03,123.860000610352,124.300003051758,123.620002746582,124.290000915527,84.8863143920898,3800900
2012-10-04,123.459999084473,123.800003051758,122.569999694824,122.73999786377,83.8276519775391,6214800
2012-10-05,121.569999694824,121.680000305176,120.919998168945,121.150001525879,82.7417678833008,8340700
2012-10-08,121.980003356934,122.269996643066,121.690002441406,122.169998168945,83.4383926391602,1568400
2012-10-09,121.470001220703,122.180000305176,121.379997253418,121.949996948242,83.2881240844727,4752700
2012-10-10,121.459999084473,122.959999084473,121.26000213623,122.809997558594,83.8755264282227,5429800
2012-10-11,121.959999084473,123.660003662109,121.889999389648,123.660003662109,84.4559783935547,5194100
2012-10-12,124.069999694824,124.779998779297,123.779998779297,123.970001220703,84.6677398681641,4934900
2012-10-15,123.779998779297,124.139999389648,123.430000305176,123.690002441406,84.4765014648438,3036100
2012-10-16,122.900001525879,122.940002441406,121.940002441406,121.980003356934,83.3086318969727,5398700
2012-10-17,121.169998168945,121.26000213623,120.569999694824,120.849998474121,82.5368194580078,6932500
2012-10-18,121.120002746582,121.529998779297,119.870002746582,120.110000610352,82.0315170288086,8558600
2012-10-19,120.339996337891,121.809997558594,120.279998779297,121.73999786377,83.1446838378906,7616700
2012-10-22,121.430000305176,121.839996337891,120.940002441406,120.959999084473,82.6119537353516,6910600
2012-10-23,122.099998474121,122.730003356934,122.019996643066,122.690002441406,83.7935104370117,5760600
2012-10-24,121.860000610352,122.290000915527,121.480003356934,121.480003356934,82.9671249389648,6824500
2012-10-25,120.559997558594,121.540000915527,120.330001831055,120.860000610352,82.5436859130859,5292500
2012-10-26,121.440002441406,122.650001525879,121.269996643066,122.639999389648,83.7593841552734,5889400
2012-10-31,122.680000305176,123.699996948242,122.629997253418,123.360000610352,84.2511367797852,5025600
2012-11-01,122.769996643066,122.879997253418,122.080001831055,122.349998474121,83.5612869262695,3659700
2012-11-02,121.279998779297,122.309997558594,121.23999786377,122.26000213623,83.4998626708984,3527800
2012-11-05,122.819999694824,123.25,122.790000915527,122.949996948242,83.9710922241211,2935700
2012-11-06,122.550003051758,122.860000610352,121.779998779297,121.790000915527,83.1788635253906,4484600
2012-11-07,123.949996948242,124.529998779297,123.76000213623,124,84.6882705688477,10071000
2012-11-08,123.790000915527,125.860000610352,123.430000305176,125.839996337891,85.9448699951172,8579500
2012-11-09,125.629997253418,125.980003356934,125.180000305176,125.980003356934,86.0405197143555,5036900
2012-11-12,125.839996337891,126.379997253418,125.790000915527,126.190002441406,86.1839370727539,2072200
2012-11-13,126.800003051758,126.819999694824,125.98999786377,126.610000610352,86.4707794189453,2863800
2012-11-14,125.720001220703,126.790000915527,125.599998474121,126.730003356934,86.552734375,4694600
2012-11-15,126.099998474121,127.019996643066,126,126.480003356934,86.3820190429688,5549600
2012-11-16,126.360000610352,127.190002441406,126.279998779297,126.370002746582,86.3068923950195,4591100
2012-11-19,125.459999084473,125.809997558594,125.300003051758,125.660003662109,85.8219528198242,3621600
2012-11-20,125.480003356934,125.669998168945,124.379997253418,124.400001525879,84.9614028930664,4659300
2012-11-21,124.190002441406,124.419998168945,124.019996643066,124.330001831055,84.9136123657227,2422800
2012-11-23,124.300003051758,124.449996948242,124.110000610352,124.209999084473,84.8316879272461,987200
2012-11-26,125.160003662109,125.519996643066,124.75,124.800003051758,85.2345733642578,2799000
2012-11-27,124.940002441406,125.389999389648,124.699996948242,125.290000915527,85.5692596435547,2544400
2012-11-28,125.970001220703,126.199996948242,125.089996337891,125.110000610352,85.4463729858398,3569700
2012-11-29,124.860000610352,125.440002441406,124.660003662109,125.129997253418,85.4599838256836,2761000
2012-11-30,125.480003356934,125.540000915527,124.709999084473,124.790000915527,85.2277603149414,3702300
2012-12-03,123.720001220703,124.790000915527,123.620002746582,124.660003662109,85.3064651489258,5427800
2012-12-04,125.019996643066,125.410003662109,124.839996337891,125.379997253418,85.7991714477539,2586300
2012-12-05,125.400001525879,125.809997558594,125.169998168945,125.319999694824,85.7581100463867,1978200
2012-12-06,125.860000610352,126.080001831055,125.51000213623,125.589996337891,85.9428787231445,2301200
2012-12-07,124.5,124.959999084473,124.339996337891,124.430000305176,85.1490936279297,4020900
2012-12-10,124.959999084473,125.080001831055,124.540000915527,124.980003356934,85.5254440307617,2134300
2012-12-11,124.26000213623,124.309997558594,123.830001831055,124.029998779297,84.8753204345703,3777900
2012-12-12,123.830001831055,124.339996337891,122.569999694824,122.589996337891,83.8899307250977,7119700
2012-12-13,122.290000915527,123.180000305176,122.129997253418,122.680000305176,83.951545715332,6381500
2012-12-14,123.190002441406,123.709999084473,123.080001831055,123.599998474121,84.5811157226562,3832800
2012-12-17,123.5,123.519996643066,121.709999084473,121.75,83.3151016235352,6870000
2012-12-18,121.400001525879,121.779998779297,119.900001525879,120.51000213623,82.4665222167969,12024200
2012-12-19,120.970001220703,121.650001525879,120.720001220703,120.910003662109,82.7402648925781,4880500
2012-12-20,121.290000915527,121.639999389648,120.620002746582,120.930000305176,82.7539901733398,4567900
2012-12-21,122.309997558594,122.430000305176,121.949996948242,122.25,83.6573104858398,6087700
2012-12-24,122,122.080001831055,121.870002746582,122.029998779297,83.5067443847656,1071100
2012-12-26,121.949996948242,122.209999084473,121.809997558594,122.199996948242,83.80712890625,2247800
2012-12-27,121.879997253418,123.290000915527,121.830001831055,122.610000610352,84.0882873535156,4262700
2012-12-28,123.139999389648,123.339996337891,122.779998779297,123.309997558594,84.5683975219727,3928200
2012-12-31,122.870002746582,122.970001220703,120.910003662109,121.180000305176,83.1075668334961,6423000
2013-01-02,119.76000213623,119.900001525879,119.410003662109,119.559997558594,81.9964828491211,7472700
2013-01-03,119.379997253418,119.48999786377,117.900001525879,117.940002441406,80.8855285644531,10004300
2013-01-04,117.660003662109,118.440002441406,117.360000610352,118.400001525879,81.2010192871094,9574600
2013-01-07,118.370002746582,118.730003356934,118,118.449996948242,81.2352447509766,4193100
2013-01-08,119.040000915527,119.290000915527,118.819999694824,119.230003356934,81.7702255249023,4380900
2013-01-09,119.25,119.540000915527,118.870002746582,119.120002746582,81.6947402954102,3870300
2013-01-10,118.629997253418,119.300003051758,118.360000610352,118.790000915527,81.4684906005859,5602800
2013-01-11,118.519996643066,119.860000610352,118.349998474121,119.849998474121,82.1953887939453,4770700
2013-01-14,120.040000915527,120.279998779297,119.370002746582,119.519996643066,81.969108581543,3064600
2013-01-15,120.610000610352,120.699996948242,119.970001220703,120.069999694824,82.346305847168,5357800
2013-01-16,120.629997253418,120.680000305176,120.01000213623,120.319999694824,82.5177612304688,4286100
2013-01-17,119.330001831055,119.550003051758,118.75,119.120002746582,81.6947402954102,7019200
2013-01-18,119.569999694824,120.209999084473,119.459999084473,120.040000915527,82.3257598876953,4660000
2013-01-22,119.550003051758,120.300003051758,119.379997253418,120.269996643066,82.4834899902344,3874100
2013-01-23,120.339996337891,120.580001831055,119.949996948242,120.089996337891,82.3600540161133,2848800
2013-01-24,119.870002746582,119.970001220703,119.26000213623,119.669998168945,82.0719757080078,4178900
2013-01-25,118.419998168945,118.599998474121,117.769996643066,118.029998779297,80.9472274780273,8750700
2013-01-28,117.019996643066,117.720001220703,117,117.599998474121,80.65234375,6059900
2013-01-29,117.620002746582,118.080001831055,116.870002746582,116.949996948242,80.2065277099609,5553900
2013-01-30,116.669998168945,116.959999084473,116.160003662109,116.75,80.0694046020508,9586800
2013-01-31,117.029998779297,117.339996337891,116.550003051758,117.319999694824,80.4602813720703,6789200
2013-02-01,117.730003356934,117.849998474121,115.51000213623,115.540000915527,79.4155578613281,10928600
2013-02-04,116.589996337891,117.279998779297,116.419998168945,117.019996643066,80.4328460693359,9291900
2013-02-05,116.269996643066,116.430000305176,115.860000610352,115.980003356934,79.718017578125,6676500
2013-02-06,116.519996643066,116.970001220703,116.050003051758,116.930000305176,80.3709564208984,5892000
2013-02-07,116.769996643066,117.589996337891,116.620002746582,116.669998168945,80.192253112793,5951700
2013-02-08,116.800003051758,117.160003662109,116.230003356934,117.120002746582,80.5015411376953,5603400
2013-02-11,117.050003051758,117.379997253418,116.919998168945,117.029998779297,80.4396896362305,3679900
2013-02-12,116.690002441406,117.019996643066,116.459999084473,116.73999786377,80.2403564453125,4513700
2013-02-13,115.800003051758,116.269996643066,115.550003051758,115.790000915527,79.5873718261719,6586400
2013-02-14,116.290000915527,117.040000915527,115.98999786377,116.839996337891,80.3090972900391,7096000
2013-02-15,116.660003662109,116.73999786377,116.069999694824,116.5,80.0753936767578,5861800
2013-02-19,116.860000610352,116.900001525879,115.839996337891,115.919998168945,79.6767654418945,7383600
2013-02-20,115.690002441406,116.370002746582,115.569999694824,116.269996643066,79.9173278808594,9603900
2013-02-21,116.900001525879,117.309997558594,116.73999786377,116.949996948242,80.3846893310547,8297400
2013-02-22,116.980003356934,117.339996337891,116.879997253418,117.029998779297,80.4396896362305,5316900
2013-02-25,116.349998474121,119.349998474121,116.290000915527,119.330001831055,82.0205688476562,15948700
2013-02-26,118.730003356934,119.669998168945,118.589996337891,118.639999389648,81.5463104248047,9822100
2013-02-27,119.48999786377,119.540000915527,118,118.290000915527,81.3057708740234,7459600
2013-02-28,118.430000305176,118.660003662109,117.980003356934,118.51000213623,81.4569625854492,6023400
2013-03-01,118.839996337891,119.209999084473,118.540000915527,118.900001525879,81.9005966186523,7786800
2013-03-04,118.790000915527,118.970001220703,118.26000213623,118.269996643066,81.4665603637695,4511400
2013-03-05,118.069999694824,118.199996948242,117.680000305176,117.930000305176,81.2324142456055,6539300
2013-03-06,117.110000610352,117.5,116.849998474121,116.860000610352,80.4953918457031,6514900
2013-03-07,116.410003662109,116.51000213623,115.910003662109,115.959999084473,79.8753814697266,8526700
2013-03-08,114.870002746582,115.360000610352,114.620002746582,114.75,79.0419616699219,15423600
2013-03-11,115.120002746582,115.230003356934,114.73999786377,114.860000610352,79.1177444458008,5815800
2013-03-12,115.25,115.790000915527,115.230003356934,115.690002441406,79.6894760131836,9264200
2013-03-13,115.23999786377,115.73999786377,115.029998779297,115.569999694824,79.606803894043,7371500
2013-03-14,115.089996337891,115.639999389648,114.980003356934,115.220001220703,79.3657150268555,9352100
2013-03-15,115.330001831055,115.879997253418,115.300003051758,115.76000213623,79.737663269043,9673400
2013-03-18,116.830001831055,116.879997253418,116.150001525879,116.639999389648,80.3437805175781,9152200
2013-03-19,116.779998779297,117.889999389648,116.699996948242,117.430000305176,80.8879928588867,11986200
2013-03-20,116.709999084473,116.98999786377,116.080001831055,116.120002746582,79.9856643676758,8543900
2013-03-21,116.860000610352,117.25,116.529998779297,117.23999786377,80.7571258544922,6119400
2013-03-22,117.300003051758,117.5,116.769996643066,117.330001831055,80.8191452026367,6323800
2013-03-25,116.769996643066,117.779998779297,116.669998168945,117.220001220703,80.7433395385742,5839800
2013-03-26,116.870002746582,117.910003662109,116.779998779297,117.360000610352,80.8397750854492,5093200
2013-03-27,118.300003051758,118.769996643066,118.180000305176,118.360000610352,81.5285873413086,7742900
2013-03-28,118.120002746582,118.449996948242,117.680000305176,117.76000213623,81.115348815918,5826400
2013-04-01,117.519996643066,118.419998168945,117.48999786377,118.389999389648,81.7262191772461,6113800
2013-04-02,118.069999694824,118.139999389648,117.75,117.910003662109,81.3949127197266,5438000
2013-04-03,118.309997558594,119.290000915527,118.25,118.970001220703,82.1266326904297,9527400
2013-04-04,119.589996337891,120.410003662109,119.470001220703,120.389999389648,83.1068572998047,9365700
2013-04-05,122.879997253418,123.430000305176,122.629997253418,122.819999694824,84.7842864990234,18626200
2013-04-08,122.669998168945,122.870002746582,121.779998779297,121.879997253418,84.1354522705078,8020300
2013-04-09,122.029998779297,122.23999786377,121.379997253418,121.580001831055,83.928352355957,7176100
2013-04-10,120.589996337891,120.660003662109,119.900001525879,119.910003662109,82.7754745483398,10765200
2013-04-11,120.169998168945,120.48999786377,119.889999389648,120.139999389648,82.9342803955078,7501800
2013-04-12,121.330001831055,121.940002441406,120.900001525879,121.930000305176,84.1699371337891,9253000
2013-04-15,122.129997253418,123.029998779297,121.870002746582,122.98999786377,84.9016723632812,12948400
2013-04-16,121.919998168945,122.519996643066,121.879997253418,121.980003356934,84.2044372558594,6553500
2013-04-17,122.300003051758,123.529998779297,122.300003051758,122.790000915527,84.7635803222656,9020900
2013-04-18,122.809997558594,123.220001220703,122.599998474121,123.089996337891,84.9707107543945,7009500
2013-04-19,122.940002441406,122.980003356934,122.629997253418,122.830001831055,84.7912063598633,5474300
2013-04-22,122.839996337891,123.290000915527,122.669998168945,122.919998168945,84.8532943725586,4519400
2013-04-23,123.26000213623,123.790000915527,122.379997253418,122.48999786377,84.5564880371094,8042900
2013-04-24,122.470001220703,122.819999694824,122.300003051758,122.800003051758,84.7705001831055,3673600
2013-04-25,122.25,122.370002746582,122.099998474121,122.269996643066,84.4046249389648,4297800
2013-04-26,123.199996948242,123.51000213623,123.01000213623,123.389999389648,85.1778030395508,4898800
2013-04-29,123.580001831055,123.730003356934,122.76000213623,122.940002441406,84.8671417236328,4916000
2013-04-30,123.26000213623,123.690002441406,122.669998168945,123.01000213623,84.9155044555664,4477400
2013-05-01,123.459999084473,124.26000213623,123.430000305176,124.01000213623,85.7878112792969,10724600
2013-05-02,123.589996337891,123.970001220703,123.51000213623,123.849998474121,85.6771469116211,4171800
2013-05-03,122.160003662109,122.190002441406,120.830001831055,120.930000305176,83.6571426391602,11283600
2013-05-06,121.150001525879,121.25,120.319999694824,120.629997253418,83.4496231079102,5121900
2013-05-07,120.190002441406,120.5,120.050003051758,120.160003662109,83.12451171875,5049200
2013-05-08,120.269996643066,120.830001831055,120.169998168945,120.349998474121,83.2558975219727,5732900
2013-05-09,120.51000213623,121.319999694824,119.980003356934,120.040000915527,83.0414352416992,7527000
2013-05-10,119.76000213623,119.790000915527,117.849998474121,118.75,82.1490631103516,11689000
2013-05-13,117.879997253418,118.190002441406,117.629997253418,117.839996337891,81.5195083618164,8050800
2013-05-14,118.349998474121,118.440002441406,116.540000915527,116.559997558594,80.6340560913086,9236100
2013-05-15,117.529998779297,117.720001220703,116.419998168945,117.339996337891,81.1736297607422,14608600
2013-05-16,117.970001220703,118.940002441406,117.930000305176,118.559997558594,82.0176086425781,8458400
2013-05-17,117.949996948242,118.150001525879,116.980003356934,117.059997558594,80.9798965454102,7435500
2013-05-20,117.629997253418,117.669998168945,116.790000915527,116.919998168945,80.8830947875977,5839800
2013-05-21,116.930000305176,117.870002746582,116.419998168945,117.839996337891,81.5195083618164,7781800
2013-05-22,118.019996643066,118.550003051758,115.800003051758,116.089996337891,80.3089141845703,18361500
2013-05-23,117.150001525879,117.23999786377,115.769996643066,116.639999389648,80.6893920898438,9207100
2013-05-24,116.980003356934,117.419998168945,116.709999084473,116.800003051758,80.8000717163086,5357600
2013-05-28,116.089996337891,116.269996643066,113.819999694824,113.839996337891,78.7523956298828,13567500
2013-05-29,114.620002746582,115.180000305176,114.459999084473,115.120002746582,79.6378631591797,11298600
2013-05-30,115.25,115.370002746582,114.529998779297,114.839996337891,79.4441986083984,10011800
2013-05-31,114.970001220703,115.019996643066,113.169998168945,114.449996948242,79.1743927001953,18158800
2013-06-03,113.779998779297,115.48999786377,113.699996948242,114.779998779297,79.5939025878906,15564500
2013-06-04,113.959999084473,114.48999786377,113.660003662109,113.720001220703,78.8589019775391,7504300
2013-06-05,114.290000915527,115.319999694824,114.129997253418,115.290000915527,79.9475631713867,8056100
2013-06-06,114.879997253418,116.790000915527,114.410003662109,115.220001220703,79.899040222168,8925200
2013-06-07,114.220001220703,114.830001831055,113.160003662109,113.160003662109,78.4705352783203,10459300
2013-06-10,112.699996948242,113.120002746582,112.379997253418,112.620002746582,78.0961151123047,7892600
2013-06-11,112.269996643066,113.959999084473,112.120002746582,113.959999084473,79.0253067016602,12841200
2013-06-12,113,113.830001831055,112.269996643066,112.330001831055,77.8949584960938,10193200
2013-06-13,113.069999694824,114.169998168945,112.889999389648,114.089996337891,79.115478515625,12506300
2013-06-14,114.099998474121,114.660003662109,113.819999694824,113.819999694824,78.92822265625,6679100
2013-06-17,114.019996643066,114.080001831055,113,113.220001220703,78.5121231079102,5982100
2013-06-18,112.849998474121,113.680000305176,112.720001220703,113.279998779297,78.5538024902344,5192700
2013-06-19,113.73999786377,113.790000915527,111.620002746582,112.110000610352,77.742431640625,17138200
2013-06-20,110.75,111.209999084473,109.279998779297,110.269996643066,76.4664535522461,27898500
2013-06-21,110.150001525879,110.410003662109,108.370002746582,108.400001525879,75.1696929931641,19781000
2013-06-24,107.830001831055,109.389999389648,107.76000213623,108.849998474121,75.481803894043,24588900
2013-06-25,108.900001525879,109.019996643066,107.860000610352,107.879997253418,74.8091735839844,11078000
2013-06-26,109,109.050003051758,108.040000915527,108.580001831055,75.294563293457,13582200
2013-06-27,109.540000915527,109.970001220703,108.949996948242,109.690002441406,76.0642929077148,12026000
2013-06-28,109.01000213623,110.480003356934,108.720001220703,110.440002441406,76.584342956543,12017000
2013-07-01,109.730003356934,110.5,109.430000305176,110.410003662109,76.7386703491211,5500400
2013-07-02,110.5,110.800003051758,110.23999786377,110.339996337891,76.6899871826172,5333900
2013-07-03,110.309997558594,110.650001525879,110.01000213623,110.01000213623,76.4606399536133,3839000
2013-07-05,107.279998779297,107.5,106.169998168945,106.26000213623,73.8542327880859,14511900
2013-07-08,107.069999694824,107.559997558594,106.949996948242,107.290000915527,74.5701675415039,8044200
2013-07-09,107.48999786377,107.620002746582,107.069999694824,107.400001525879,74.6466445922852,4700400
2013-07-10,107.389999389648,107.389999389648,106.300003051758,106.559997558594,74.0627746582031,10792200
2013-07-11,107.449996948242,107.870002746582,106.940002441406,107.809997558594,74.9315414428711,10035500
2013-07-12,108.339996337891,108.470001220703,107.339996337891,107.720001220703,74.8689651489258,4730800
2013-07-15,107.800003051758,108.319999694824,107.699996948242,108.290000915527,75.2651748657227,4574800
2013-07-16,108.430000305176,108.76000213623,108.269996643066,108.660003662109,75.5223770141602,3650200
2013-07-17,109.190002441406,109.360000610352,108.660003662109,108.860000610352,75.6613311767578,5932000
2013-07-18,108.610000610352,108.669998168945,107.480003356934,107.5,74.7160949707031,9066400
2013-07-19,108.309997558594,109.209999084473,108.25,109.199996948242,75.8976516723633,8523800
2013-07-22,109.360000610352,109.690002441406,109.129997253418,109.360000610352,76.0088958740234,3972600
2013-07-23,108.669998168945,109,108.319999694824,108.900001525879,75.6891632080078,5015500
2013-07-24,107.650001525879,107.889999389648,106.790000915527,107.519996643066,74.7299957275391,8853100
2013-07-25,106.970001220703,107.599998474121,106.809997558594,107.480003356934,74.7022476196289,6443400
2013-07-26,108.040000915527,108.279998779297,107.639999389648,108.139999389648,75.1609497070312,6795500
2013-07-29,107.650001525879,107.819999694824,107.069999694824,107.349998474121,74.61181640625,6397800
2013-07-30,107.709999084473,107.76000213623,107.050003051758,107.309997558594,74.5840301513672,3635400
2013-07-31,106.059997558594,107.919998168945,105.849998474121,107.699996948242,74.8550720214844,10483100
2013-08-01,106.48999786377,106.48999786377,105,105.360000610352,73.4127731323242,13568600
2013-08-02,106.01000213623,106.610000610352,105.980003356934,106.519996643066,74.2210464477539,9568400
2013-08-05,106.190002441406,106.25,105.540000915527,105.699996948242,73.6496963500977,6611800
2013-08-06,105.529998779297,106.01000213623,105.339996337891,106.01000213623,73.8656997680664,4589000
2013-08-07,106.169998168945,106.940002441406,106.169998168945,106.800003051758,74.4161376953125,7183400
2013-08-08,106.980003356934,107.599998474121,106.790000915527,107.089996337891,74.6182098388672,5510900
2013-08-09,106.599998474121,107.269996643066,106.480003356934,107.26000213623,74.7366485595703,3623400
2013-08-12,107.610000610352,107.629997253418,106.470001220703,106.529998779297,74.2279968261719,7562800
2013-08-13,105.330001831055,105.360000610352,104.800003051758,104.98999786377,73.1549758911133,11485600
2013-08-14,104.940002441406,105.360000610352,104.870002746582,105.150001525879,73.266487121582,6431600
2013-08-15,104.099998474121,104.629997253418,103.690002441406,103.730003356934,72.2770233154297,11846300
2013-08-16,103.959999084473,103.970001220703,102.669998168945,103.370002746582,72.0261688232422,10175900
2013-08-19,102.930000305176,103.01000213623,102.209999084473,102.470001220703,71.3990783691406,9022000
2013-08-20,102.889999389648,103.360000610352,102.849998474121,103.26000213623,71.9495391845703,10050100
2013-08-21,102.769996643066,103.199996948242,102.110000610352,102.129997253418,71.1621246337891,13248800
2013-08-22,102.459999084473,103.230003356934,102.23999786377,103.169998168945,71.8868103027344,8751200
2013-08-23,103.01000213623,104.389999389648,102.73999786377,104.290000915527,72.667236328125,17441200
2013-08-26,104.559997558594,104.889999389648,104.330001831055,104.809997558594,73.0295333862305,5879100
2013-08-27,105.290000915527,106.25,105.040000915527,106.129997253418,73.9492874145508,11573300
2013-08-28,105.410003662109,105.569999694824,104.940002441406,105.269996643066,73.3500823974609,7497900
2013-08-29,104.879997253418,106.309997558594,104.790000915527,106.110000610352,73.9353866577148,6672400
2013-08-30,106.019996643066,106.680000305176,105.73999786377,105.98999786377,73.8517456054688,8987600
2013-09-03,104.589996337891,104.669998168945,103.51000213623,104.220001220703,72.8101272583008,12084300
2013-09-04,104.449996948242,104.650001525879,103.949996948242,103.98999786377,72.6494293212891,4579600
2013-09-05,103.470001220703,103.599998474121,102.529998779297,102.540000915527,71.6364135742188,12290600
2013-09-06,103.25,103.819999694824,102.809997558594,103.050003051758,71.9927673339844,9478400
2013-09-09,103.800003051758,103.809997558594,103.080001831055,103.099998474121,72.0276565551758,6874900
2013-09-10,102.730003356934,103.339996337891,102.360000610352,102.379997253418,71.5246734619141,8069000
2013-09-11,102.919998168945,103.309997558594,102.190002441406,103.290000915527,72.1604309082031,8962400
2013-09-12,103.849998474121,104,103.059997558594,103.150001525879,72.0625915527344,6254400
2013-09-13,103.51000213623,103.830001831055,103.230003356934,103.550003051758,72.3419876098633,6106200
2013-09-16,104.330001831055,104.410003662109,102.849998474121,102.860000610352,71.8599700927734,8231600
2013-09-17,103.370002746582,103.73999786377,102.970001220703,103.709999084473,72.4538116455078,8795300
2013-09-18,103.629997253418,105.550003051758,102.980003356934,104.98999786377,73.3480529785156,19749200
2013-09-19,105.050003051758,105.089996337891,104.160003662109,104.370002746582,72.914924621582,11627800
2013-09-20,104.690002441406,105.180000305176,104.449996948242,104.919998168945,73.2991485595703,8421000
2013-09-23,105.209999084473,105.730003356934,105.110000610352,105.690002441406,73.8370742797852,10242100
2013-09-24,105.98999786377,106.839996337891,105.839996337891,106.830001831055,74.6334762573242,11446600
2013-09-25,106.540000915527,107.279998779297,106.389999389648,107.050003051758,74.7871856689453,8130900
2013-09-26,106.480003356934,106.620002746582,106.190002441406,106.300003051758,74.2632369995117,5117100
2013-09-27,106.290000915527,106.819999694824,106.25,106.559997558594,74.4448623657227,6460000
2013-09-30,106.660003662109,106.900001525879,106.180000305176,106.400001525879,74.3330993652344,8438800
2013-10-01,105.900001525879,106.029998779297,105.529998779297,105.800003051758,74.1075286865234,7592500
2013-10-02,105.930000305176,106.480003356934,105.76000213623,105.959999084473,74.2196273803711,5967200
2013-10-03,105.75,106.410003662109,105.699996948242,105.790000915527,74.1005477905273,6648900
2013-10-04,105.669998168945,105.779998779297,105.349998474121,105.709999084473,74.044563293457,5545300
2013-10-07,106.199996948242,106.360000610352,105.980003356934,106.139999389648,74.3457260131836,5761100
2013-10-08,105.980003356934,106.51000213623,105.830001831055,106.169998168945,74.3667144775391,5904000
2013-10-09,105.870002746582,105.940002441406,105.300003051758,105.319999694824,73.7713317871094,8439000
2013-10-10,104.800003051758,105.529998779297,104.51000213623,105.48999786377,73.8904037475586,9944100
2013-10-11,106.160003662109,106.230003356934,105.410003662109,105.459999084473,73.8693923950195,6500800
2013-10-14,105.389999389648,105.639999389648,104.330001831055,104.610000610352,73.2740249633789,4205600
2013-10-15,105.150001525879,105.300003051758,104.529998779297,104.540000915527,73.2249984741211,8291000
2013-10-16,104.470001220703,105.860000610352,104.269996643066,105.849998474121,74.1426315307617,14460200
2013-10-17,106.519996643066,107.120002746582,106.290000915527,106.809997558594,74.8149795532227,11303400
2013-10-18,107.110000610352,107.480003356934,106.980003356934,107.040000915527,74.9761199951172,9487800
2013-10-21,106.910003662109,106.919998168945,106.459999084473,106.699996948242,74.7379379272461,6161600
2013-10-22,107.599998474121,108.120002746582,107.559997558594,107.889999389648,75.5714797973633,9708500
2013-10-23,108.069999694824,108.730003356934,108.040000915527,108.309997558594,75.8656692504883,9163100
2013-10-24,108.610000610352,108.669998168945,107.870002746582,107.889999389648,75.5714797973633,7631400
2013-10-25,108.129997253418,108.449996948242,108.080001831055,108.290000915527,75.8516311645508,4429500
2013-10-28,108.01000213623,108.379997253418,107.910003662109,107.919998168945,75.5925140380859,6466400
2013-10-29,107.620002746582,108.069999694824,107.51000213623,108.059997558594,75.6905670166016,5270500
2013-10-30,107.930000305176,108.209999084473,107.209999084473,107.410003662109,75.2352676391602,10199300
2013-10-31,107.910003662109,108.01000213623,107.139999389648,107.639999389648,75.3963775634766,11452100
2013-11-01,106.970001220703,107,106.139999389648,106.190002441406,74.5802612304688,11349500
2013-11-04,106.470001220703,106.669998168945,106.220001220703,106.290000915527,74.6505432128906,4733200
2013-11-05,105.790000915527,105.830001831055,104.98999786377,105.019996643066,73.758544921875,8753400
2013-11-06,104.940002441406,105.139999389648,104.690002441406,105.069999694824,73.7936553955078,5643000
2013-11-07,105.050003051758,106.050003051758,104.970001220703,105.959999084473,74.4187393188477,7893700
2013-11-08,103.970001220703,104.110000610352,103.389999389648,103.410003662109,72.6277694702148,16889900
2013-11-11,103.529998779297,103.580001831055,102.959999084473,103.019996643066,72.3538818359375,4927200
2013-11-12,103.209999084473,103.589996337891,103.180000305176,103.5,72.6910018920898,4839500
2013-11-13,103.870002746582,104.040000915527,103.73999786377,103.879997253418,72.9578475952148,5782900
2013-11-14,104.309997558594,105.120002746582,104.150001525879,104.519996643066,73.4073791503906,8895500
2013-11-15,104.660003662109,104.73999786377,104.309997558594,104.730003356934,73.5549011230469,6344800
2013-11-18,104.650001525879,105.410003662109,104.650001525879,105.360000610352,73.9973602294922,5451300
2013-11-19,104.949996948242,105.139999389648,104.410003662109,104.559997558594,73.4354629516602,7251100
2013-11-20,104.419998168945,104.839996337891,102.650001525879,102.779998779297,72.1853256225586,14190900
2013-11-21,102.51000213623,103.190002441406,102.160003662109,102.949996948242,72.3047332763672,8903000
2013-11-22,103.48999786377,104.129997253418,103.480003356934,103.910003662109,72.9789733886719,7950700
2013-11-25,103.839996337891,104.419998168945,103.839996337891,104.209999084473,73.1896286010742,3755500
2013-11-26,104.48999786377,104.930000305176,104.480003356934,104.599998474121,73.4636459350586,6659200
2013-11-27,104.680000305176,104.699996948242,103.959999084473,104.419998168945,73.3371124267578,6063000
2013-11-29,104.080001831055,104.599998474121,103.949996948242,104.449996948242,73.3582458496094,5084400
2013-12-02,103.800003051758,103.910003662109,103.220001220703,103.330001831055,72.7876358032227,7527800
2013-12-03,103.699996948242,103.959999084473,103.459999084473,103.709999084473,73.0553436279297,5076900
2013-12-04,102.75,103.050003051758,102.379997253418,102.720001220703,72.3579406738281,8502700
2013-12-05,102.480003356934,102.849998474121,102.220001220703,102.430000305176,72.1537017822266,7445700
2013-12-06,102.559997558594,102.98999786377,102.360000610352,102.919998168945,72.4988174438477,7352000
2013-12-09,102.900001525879,103.230003356934,102.830001831055,103.160003662109,72.6678848266602,5678800
2013-12-10,103.839996337891,103.949996948242,103.449996948242,103.900001525879,73.1891250610352,7040400
2013-12-11,103.550003051758,103.769996643066,103.019996643066,103.099998474121,72.6255950927734,8190900
2013-12-12,103.029998779297,103.160003662109,102.629997253418,102.709999084473,72.3509063720703,6208600
2013-12-13,103.139999389648,103.300003051758,102.790000915527,103.209999084473,72.7031097412109,6471300
2013-12-16,103.580001831055,103.690002441406,102.730003356934,102.830001831055,72.4354248046875,6376400
2013-12-17,102.610000610352,103.400001525879,102.589996337891,103.290000915527,72.7594833374023,6014400
2013-12-18,102.830001831055,103.720001220703,102.459999084473,102.769996643066,72.3931503295898,12973200
2013-12-19,102.860000610352,103.01000213623,102.449996948242,102.669998168945,72.3227310180664,6708400
2013-12-20,103.720001220703,104.290000915527,103.300003051758,104.25,73.4357147216797,12425700
2013-12-23,104.050003051758,104.410003662109,103.660003662109,103.660003662109,73.0200881958008,6378600
2013-12-24,103.230003356934,103.349998474121,102.800003051758,102.830001831055,72.4354248046875,4897000
2013-12-26,102.349998474121,102.360000610352,102.01000213623,102.099998474121,72.1563339233398,4645300
2013-12-27,102.069999694824,102.309997558594,101.690002441406,101.809997558594,71.9513320922852,4755000
2013-12-30,102.150001525879,102.580001831055,102.080001831055,102.51000213623,72.446044921875,4491700
2013-12-31,102.290000915527,102.550003051758,101.169998168945,101.860000610352,71.9866561889648,7218600
2014-01-02,101.720001220703,102.389999389648,101.690002441406,102.169998168945,72.2057495117188,8580800
2014-01-03,101.809997558594,102.449996948242,101.76000213623,102.169998168945,72.2057495117188,4083800
2014-01-06,102.379997253418,103,102.370002746582,102.599998474121,72.5096664428711,7796200
2014-01-07,102.819999694824,102.98999786377,102.559997558594,102.860000610352,72.6933822631836,4428100
2014-01-08,102.449996948242,102.690002441406,102.099998474121,102.580001831055,72.495475769043,8513000
2014-01-09,102.970001220703,103.209999084473,102.51000213623,103.180000305176,72.919548034668,6991100
2014-01-10,103.769996643066,104.540000915527,103.690002441406,104.410003662109,73.7887649536133,13197400
2014-01-13,104.51000213623,105.139999389648,104.470001220703,104.930000305176,74.1563110351562,9667400
2014-01-14,104.650001525879,104.830001831055,104.389999389648,104.449996948242,73.8170700073242,10343100
2014-01-15,104.040000915527,104.51000213623,103.930000305176,104.339996337891,73.7393417358398,7507500
2014-01-16,104.849998474121,105.069999694824,104.720001220703,105.040000915527,74.2340316772461,7137700
2014-01-17,104.860000610352,105.519996643066,104.790000915527,105.480003356934,74.5450286865234,7588600
2014-01-21,105.449996948242,105.73999786377,105.400001525879,105.559997558594,74.6015319824219,6436000
2014-01-22,105.370002746582,105.75,105.23999786377,105.300003051758,74.4177932739258,4646700
2014-01-23,105.879997253418,107.089996337891,105.879997253418,106.790000915527,75.4708251953125,12960600
2014-01-24,107.190002441406,107.48999786377,106.98999786377,107.480003356934,75.9584808349609,11122200
2014-01-27,107.220001220703,107.599998474121,106.699996948242,106.730003356934,75.4284286499023,9218200
2014-01-28,106.910003662109,106.98999786377,106.550003051758,106.98999786377,75.6121368408203,5661500
2014-01-29,107.370002746582,108.150001525879,106.98999786377,107.870002746582,76.2340698242188,11709400
2014-01-30,107.470001220703,107.669998168945,107.110000610352,107.559997558594,76.0149993896484,5956900
2014-01-31,108.199996948242,108.410003662109,107.849998474121,108.279998779297,76.5238265991211,14690900
2014-02-03,107.790000915527,109.339996337891,107.610000610352,109.319999694824,77.4562301635742,20780300
2014-02-04,108.519996643066,108.669998168945,107.970001220703,108.160003662109,76.6343460083008,9573500
2014-02-05,107.690002441406,107.779998779297,107.01000213623,107.160003662109,75.9258041381836,10312200
2014-02-06,106.970001220703,107.019996643066,106.519996643066,106.699996948242,75.5998840332031,5708700
2014-02-07,106.459999084473,107.220001220703,106.440002441406,106.790000915527,75.6636581420898,7039200
2014-02-10,106.610000610352,107.120002746582,106.569999694824,107.089996337891,75.8762359619141,4370500
2014-02-11,106.610000610352,106.690002441406,106.160003662109,106.470001220703,75.4369430541992,5904900
2014-02-12,106.169998168945,106.209999084473,105.620002746582,105.919998168945,75.047248840332,6723300
2014-02-13,106.589996337891,106.730003356934,106.300003051758,106.519996643066,75.4723510742188,6874600
2014-02-14,106.569999694824,106.639999389648,106.269996643066,106.580001831055,75.5149230957031,4989100
2014-02-18,106.660003662109,107.199996948242,106.620002746582,106.819999694824,75.6849517822266,4855800
2014-02-19,107.180000305176,107.180000305176,106.300003051758,106.370002746582,75.366081237793,5522500
2014-02-20,106.319999694824,106.629997253418,105.690002441406,106.110000610352,75.1818542480469,5103200
2014-02-21,105.949996948242,106.680000305176,105.949996948242,106.669998168945,75.5786361694336,5250700
2014-02-24,106.699996948242,106.73999786377,106.169998168945,106.400001525879,75.3873825073242,3816700
2014-02-25,106.910003662109,107.360000610352,106.889999389648,107.349998474121,76.0604400634766,6225400
2014-02-26,107.309997558594,107.919998168945,107.23999786377,107.919998168945,76.4642944335938,7203900
2014-02-27,108.279998779297,108.559997558594,108.099998474121,108.51000213623,76.8823623657227,5394700
2014-02-28,108.279998779297,108.73999786377,107.779998779297,108.569999694824,76.9248123168945,8462600
2014-03-03,108.879997253418,109.180000305176,108.639999389648,109.029998779297,77.4383392333984,11089400
2014-03-04,108.349998474121,108.349998474121,107.360000610352,107.389999389648,76.2735900878906,8068100
2014-03-05,107.339996337891,107.779998779297,107.199996948242,107.620002746582,76.436882019043,4798500
2014-03-06,106.76000213623,106.970001220703,106.519996643066,106.559997558594,75.6840209960938,7418200
2014-03-07,105.639999389648,106.169998168945,105.599998474121,105.889999389648,75.2081604003906,8270300
2014-03-10,105.940002441406,106.110000610352,105.779998779297,106.040000915527,75.3147125244141,3744300
2014-03-11,105.980003356934,106.339996337891,105.779998779297,106.319999694824,75.5135726928711,3815700
2014-03-12,106.919998168945,107.26000213623,106.779998779297,107.059997558594,76.0391464233398,6430500
2014-03-13,106.699996948242,108.529998779297,106.650001525879,108.5,77.0619277954102,11815500
2014-03-14,108.970001220703,108.980003356934,108.319999694824,108.519996643066,77.0761108398438,9232800
2014-03-17,108.180000305176,108.300003051758,107.669998168945,107.709999084473,76.5008316040039,7381900
2014-03-18,107.680000305176,108.150001525879,107.599998474121,108.099998474121,76.7778244018555,4819500
2014-03-19,107.919998168945,107.980003356934,106.809997558594,107.26000213623,76.1812210083008,11557600
2014-03-20,107.089996337891,107.629997253418,106.98999786377,107.069999694824,76.0462875366211,5224400
2014-03-21,107.410003662109,108.319999694824,107.370002746582,108.230003356934,76.8701171875,8986200
2014-03-24,108.050003051758,109.089996337891,107.949996948242,109,77.4170761108398,7536400
2014-03-25,108.410003662109,108.819999694824,108.169998168945,108.589996337891,77.125846862793,5032000
2014-03-26,108.550003051758,109.480003356934,108.480003356934,109.440002441406,77.7295684814453,7147200
2014-03-27,109.639999389648,110.389999389648,109.419998168945,109.98999786377,78.1201705932617,9772200
2014-03-28,109.860000610352,109.889999389648,109.019996643066,109.370002746582,77.6798553466797,6027000
2014-03-31,108.73999786377,111.069999694824,108.339996337891,109.099998474121,77.4880676269531,7488400
2014-04-01,108.26000213623,108.360000610352,107.839996337891,107.889999389648,76.825813293457,9067300
2014-04-02,107.389999389648,107.550003051758,107.169998168945,107.269996643066,76.384391784668,6887200
2014-04-03,107.519996643066,107.940002441406,107.440002441406,107.73999786377,76.7190170288086,4937400
2014-04-04,107.870002746582,108.690002441406,107.849998474121,108.459999084473,77.2317428588867,8977500
2014-04-07,108.620002746582,109.290000915527,108.599998474121,109.110000610352,77.6946029663086,7562500
2014-04-08,109.029998779297,109.470001220703,108.720001220703,109.370002746582,77.8796844482422,4213800
2014-04-09,108.879997253418,109.349998474121,108.639999389648,108.830001831055,77.4951782226562,5771500
2014-04-10,108.919998168945,110.220001220703,108.900001525879,109.839996337891,78.2144012451172,12706400
2014-04-11,110.540000915527,110.790000915527,110.129997253418,110.730003356934,78.8481597900391,10267000
2014-04-14,110.480003356934,110.699996948242,110.300003051758,110.440002441406,78.6416397094727,4142600
2014-04-15,110.610000610352,111.51000213623,110.349998474121,111.129997253418,79.1329574584961,7752000
2014-04-16,110.430000305176,111.269996643066,110.379997253418,111.269996643066,79.2326278686523,5523000
2014-04-17,111.370002746582,111.449996948242,109.699996948242,110.050003051758,78.3639373779297,8622500
2014-04-21,110.370002746582,110.620002746582,109.839996337891,109.959999084473,78.2998352050781,4316300
2014-04-22,109.660003662109,110.48999786377,109.610000610352,110.330001831055,78.5632781982422,5748700
2014-04-23,110.599998474121,111.050003051758,110.529998779297,110.959999084473,79.0119018554688,5748600
2014-04-24,110.449996948242,111.209999084473,110.449996948242,111.169998168945,79.1614761352539,6337800
2014-04-25,111.48999786377,111.98999786377,111.319999694824,111.330001831055,79.2753829956055,5976500
2014-04-28,111.110000610352,111.279998779297,110.550003051758,110.790000915527,78.8908767700195,7606000
2014-04-29,110.169998168945,110.730003356934,110.040000915527,110.639999389648,78.7840881347656,5235200
2014-04-30,110.720001220703,111.26000213623,110.379997253418,111.099998474121,79.1116027832031,7721400
2014-05-01,110.879997253418,112.080001831055,110.839996337891,112.019996643066,79.9603576660156,11556500
2014-05-02,111.540000915527,113.099998474121,111.300003051758,112.709999084473,80.4528427124023,12702100
2014-05-05,112.76000213623,112.809997558594,111.889999389648,112.029998779297,79.9674606323242,8043000
2014-05-06,112.110000610352,112.699996948242,112.040000915527,112.480003356934,80.2886734008789,6522600
2014-05-07,112.309997558594,112.569999694824,111.940002441406,112.080001831055,80.0031433105469,8199200
2014-05-08,112.339996337891,112.76000213623,111.459999084473,111.599998474121,79.6605224609375,10878800
2014-05-09,111.529998779297,111.809997558594,110.980003356934,111.23999786377,79.4035568237305,6000600
2014-05-12,111.01000213623,111.129997253418,110.540000915527,110.790000915527,79.0823287963867,4563800
2014-05-13,111.440002441406,111.75,111.330001831055,111.75,79.7675704956055,5501000
2014-05-14,112.629997253418,113.230003356934,112.559997558594,112.959999084473,80.6312789916992,8851400
2014-05-15,113.779998779297,114.410003662109,113.599998474121,113.860000610352,81.2737350463867,12627900
2014-05-16,113.610000610352,114,113.419998168945,113.540000915527,81.0453109741211,5019200
2014-05-19,113.930000305176,113.959999084473,112.620002746582,112.699996948242,80.445671081543,7403300
2014-05-20,112.599998474121,113.480003356934,112.589996337891,112.949996948242,80.6241989135742,6549800
2014-05-21,112.220001220703,112.400001525879,111.870002746582,112.26000213623,80.1316528320312,8224600
2014-05-22,112.26000213623,112.400001525879,111.790000915527,112.099998474121,80.0175094604492,6495700
2014-05-23,112.519996643066,112.910003662109,112.449996948242,112.699996948242,80.445671081543,3835000
2014-05-27,112.849998474121,113.400001525879,112.400001525879,113.360000610352,80.9167938232422,6658300
2014-05-28,114.099998474121,114.839996337891,114.089996337891,114.76000213623,81.9161148071289,10361000
2014-05-29,114.870002746582,115.190002441406,114.129997253418,114.150001525879,81.4807205200195,10692000
2014-05-30,113.959999084473,114.400001525879,113.809997558594,114.099998474121,81.4450454711914,6518900
2014-06-02,113.040000915527,113.680000305176,112.550003051758,112.959999084473,80.839599609375,11728200
2014-06-03,112.410003662109,112.540000915527,111.51000213623,111.569999694824,79.8448791503906,12694100
2014-06-04,111.76000213623,111.819999694824,111.269996643066,111.540000915527,79.8233947753906,7882000
2014-06-05,111.129997253418,111.970001220703,111.019996643066,111.589996337891,79.8591613769531,6915600
2014-06-06,112.129997253418,112.410003662109,111.48999786377,111.589996337891,79.8591613769531,7832800
2014-06-09,111.449996948242,111.639999389648,111.199996948242,111.430000305176,79.7446441650391,5162800
2014-06-10,111.040000915527,111.269996643066,110.830001831055,111.019996643066,79.4512100219727,5986000
2014-06-11,111.26000213623,111.540000915527,110.849998474121,111.220001220703,79.5944213867188,5569700
2014-06-12,111.300003051758,112.349998474121,111,112.209999084473,80.3028717041016,9775900
2014-06-13,111.569999694824,112.620002746582,111.529998779297,112.150001525879,80.2599258422852,5412500
2014-06-16,112.209999084473,112.629997253418,112.099998474121,112.430000305176,80.4602584838867,5184600
2014-06-17,112.069999694824,112.089996337891,111.480003356934,111.540000915527,79.8233947753906,6668800
2014-06-18,111.800003051758,112.76000213623,111.559997558594,112.400001525879,80.438835144043,11256500
2014-06-19,112.51000213623,112.559997558594,110.73999786377,110.959999084473,79.408317565918,14215500
2014-06-20,110.970001220703,111.800003051758,110.900001525879,111.800003051758,80.0094604492188,7319100
2014-06-23,112.080001831055,112.180000305176,111.410003662109,111.449996948242,79.7589416503906,5821700
2014-06-24,112.150001525879,112.650001525879,111.819999694824,112.580001831055,80.5676345825195,9698300
2014-06-25,113.099998474121,113.360000610352,112.690002441406,112.870002746582,80.7751922607422,5699300
2014-06-26,113.209999084473,113.800003051758,113.209999084473,113.410003662109,81.1616744995117,6628900
2014-06-27,113.680000305176,113.819999694824,113.169998168945,113.23999786377,81.0399856567383,7216500
2014-06-30,113.559997558594,113.800003051758,113.089996337891,113.519996643066,81.2403335571289,5593100
2014-07-01,112.5,112.73999786377,112.199996948242,112.279998779297,80.5601806640625,8019200
2014-07-02,111.629997253418,111.669998168945,110.970001220703,111.080001831055,79.6991958618164,9382500
2014-07-03,110.379997253418,110.860000610352,110.339996337891,110.680000305176,79.4121780395508,6173900
2014-07-07,111.269996643066,111.809997558594,111.230003356934,111.48999786377,79.9933395385742,5928900
2014-07-08,112.23999786377,112.860000610352,112.23999786377,112.73999786377,80.890251159668,6352100
2014-07-09,112.660003662109,113.139999389648,112.379997253418,112.830001831055,80.9548187255859,6395200
2014-07-10,113.540000915527,113.660003662109,112.819999694824,112.860000610352,80.9763336181641,7196900
2014-07-11,113.349998474121,113.680000305176,113.279998779297,113.580001831055,81.4929504394531,4676500
2014-07-14,113.279998779297,113.410003662109,112.930000305176,113.089996337891,81.1413345336914,4743300
2014-07-15,112.830001831055,113.470001220703,112.5,112.860000610352,80.9763336181641,7720000
2014-07-16,113,113.580001831055,112.940002441406,113.459999084473,81.4067993164062,4615800
2014-07-17,114.230003356934,115.050003051758,113.940002441406,114.889999389648,82.4328460693359,10901000
2014-07-18,114.879997253418,114.959999084473,114.110000610352,114.519996643066,82.1673355102539,6677900
2014-07-21,115.01000213623,115.629997253418,115.01000213623,115.089996337891,82.5762939453125,5724100
2014-07-22,115.089996337891,115.459999084473,114.650001525879,115.330001831055,82.7485427856445,5753200
2014-07-23,115.51000213623,115.629997253418,115.169998168945,115.180000305176,82.6408767700195,3489600
2014-07-24,114.519996643066,114.580001831055,114.25,114.319999694824,82.0238342285156,6609000
2014-07-25,115.339996337891,115.680000305176,115.160003662109,115.669998168945,82.9924697875977,7041800
2014-07-28,115.589996337891,115.900001525879,115.120002746582,115.51000213623,82.8776702880859,5138300
2014-07-29,115.870002746582,116.069999694824,115.419998168945,115.930000305176,83.1790008544922,6579300
2014-07-30,115.150001525879,115.379997253418,114.169998168945,114.319999694824,82.0238342285156,12251200
2014-07-31,113.529998779297,114.580001831055,113.470001220703,113.980003356934,81.779914855957,18254000
2014-08-01,113.580001831055,114.870002746582,113.050003051758,114.559997558594,82.4129867553711,14951200
2014-08-04,114.529998779297,114.809997558594,114.26000213623,114.26000213623,82.1971740722656,5183800
2014-08-05,114.069999694824,114.800003051758,113.680000305176,114.629997253418,82.4633255004883,8032000
2014-08-06,115.470001220703,115.470001220703,114.599998474121,114.699996948242,82.513671875,7289200
2014-08-07,114.839996337891,115.769996643066,114.569999694824,115.769996643066,83.2834167480469,9745500
2014-08-08,115.930000305176,116.419998168945,115.379997253418,115.519996643066,83.1035919189453,9536700
2014-08-11,115.650001525879,115.819999694824,115.290000915527,115.51000213623,83.0963821411133,6668800
2014-08-12,115.410003662109,115.440002441406,114.730003356934,114.76000213623,82.5568466186523,8122400
2014-08-13,114.870002746582,115.519996643066,114.779998779297,115.51000213623,83.0963821411133,8210500
2014-08-14,115.930000305176,116.5,115.389999389648,116.440002441406,83.7654418945312,9028200
2014-08-15,116.709999084473,118.360000610352,116.690002441406,117.709999084473,84.6790161132812,17606700
2014-08-18,117.209999084473,117.300003051758,116.389999389648,116.540000915527,83.8373565673828,7595300
2014-08-19,117.080001831055,117.150001525879,115.980003356934,116.180000305176,83.5783767700195,5936900
2014-08-20,116.040000915527,116.110000610352,115.569999694824,115.98999786377,83.4417037963867,7275600
2014-08-21,116.069999694824,116.76000213623,116.019996643066,116.639999389648,83.9092636108398,6790700
2014-08-22,116.73999786377,117.430000305176,116.209999084473,117.290000915527,84.3768844604492,10149900
2014-08-25,117.449996948242,117.779998779297,117.209999084473,117.730003356934,84.693473815918,5760700
2014-08-26,117.940002441406,117.98999786377,117.209999084473,117.349998474121,84.4200744628906,5487600
2014-08-27,117.699996948242,118.410003662109,117.400001525879,118.349998474121,85.1394729614258,7265800
2014-08-28,119.129997253418,119.370002746582,118.669998168945,118.970001220703,85.5854797363281,9463600
2014-08-29,118.919998168945,119.430000305176,118.75,119.050003051758,85.6430587768555,8512900
2014-09-02,117.279998779297,117.379997253418,116.699996948242,116.730003356934,84.1657028198242,10506000
2014-09-03,116.400001525879,117.379997253418,116.309997558594,117.379997253418,84.63427734375,6553900
2014-09-04,116.620002746582,116.879997253418,115.930000305176,115.949996948242,83.6032562255859,12528900
2014-09-05,116.440002441406,116.599998474121,115.440002441406,115.730003356934,83.4446258544922,6886000
2014-09-08,116.410003662109,116.629997253418,115.449996948242,115.779998779297,83.4806289672852,9326400
2014-09-09,115.48999786377,115.889999389648,115.449996948242,115.690002441406,83.4157638549805,5353100
2014-09-10,114.970001220703,115.120002746582,114.790000915527,114.959999084473,82.8894500732422,8729400
2014-09-11,115.26000213623,115.540000915527,114.569999694824,114.580001831055,82.6154327392578,9274800
2014-09-12,113.690002441406,113.919998168945,113.220001220703,113.379997253418,81.7501983642578,11114900
2014-09-15,113.849998474121,114.069999694824,113.360000610352,113.550003051758,81.8727569580078,5510700
2014-09-16,113.610000610352,113.860000610352,113.080001831055,113.089996337891,81.5410614013672,9304700
2014-09-17,113.529998779297,113.830001831055,112.730003356934,112.800003051758,81.3319473266602,12917000
2014-09-18,113.180000305176,113.480003356934,112.849998474121,113.160003662109,81.5915756225586,7031200
2014-09-19,113.580001831055,114.680000305176,113.199996948242,114.599998474121,82.6298446655273,13236900
2014-09-22,114.660003662109,115.040000915527,114.440002441406,114.73999786377,82.7308120727539,6617200
2014-09-23,114.910003662109,115.470001220703,114.769996643066,115.449996948242,83.2427139282227,6362400
2014-09-24,115.290000915527,115.550003051758,114.639999389648,114.809997558594,82.7812957763672,5223300
2014-09-25,115.309997558594,116.180000305176,115.309997558594,116.169998168945,83.761833190918,8947800
2014-09-26,116.019996643066,116.290000915527,115.620002746582,116,83.639289855957,7799600
2014-09-29,117,117.169998168945,116.660003662109,116.930000305176,84.3098526000977,6791800
2014-09-30,116.660003662109,117.040000915527,116.129997253418,116.269996643066,83.8339767456055,7277500
2014-10-01,116.889999389648,118.26000213623,116.830001831055,118.230003356934,85.459587097168,17194900
2014-10-02,117.830001831055,118.199996948242,117.139999389648,117.199996948242,84.7150650024414,8251800
2014-10-03,117,117.769996643066,116.830001831055,117.699996948242,85.0764999389648,8561500
2014-10-06,117.620002746582,118.190002441406,117.360000610352,117.769996643066,85.1270980834961,4485500
2014-10-07,118.309997558594,119.430000305176,118.180000305176,119.360000610352,86.2763977050781,8837700
2014-10-08,119.449996948242,119.519996643066,118.51000213623,119.389999389648,86.298095703125,9391300
2014-10-09,119.269996643066,119.669998168945,118.779998779297,118.870002746582,85.9221878051758,10291700
2014-10-10,119.519996643066,120.080001831055,119.309997558594,120.050003051758,86.775146484375,8774400
2014-10-13,120.160003662109,121.169998168945,120.050003051758,120.779998779297,87.3028259277344,6450700
2014-10-14,121.309997558594,121.779998779297,120.680000305176,121.569999694824,87.8738327026367,11285400
2014-10-15,124.580001831055,127.680000305176,121.839996337891,122.529998779297,88.5677719116211,37407500
2014-10-16,124.120002746582,124.129997253418,121.440002441406,121.75,88.0039443969727,18096600
2014-10-17,121.190002441406,121.709999084473,120.480003356934,121.069999694824,87.5124359130859,8524300
2014-10-20,121.779998779297,121.849998474121,120.940002441406,121.51000213623,87.830436706543,7742500
2014-10-21,120.839996337891,121.23999786377,120.529998779297,120.540000915527,87.1293106079102,9754700
2014-10-22,120.470001220703,120.849998474121,120.220001220703,120.669998168945,87.2232437133789,9260200
2014-10-23,120.040000915527,120.180000305176,119.059997558594,119.599998474121,86.4498901367188,10936300
2014-10-24,119.930000305176,120.410003662109,119.470001220703,119.720001220703,86.5365753173828,5704900
2014-10-27,119.889999389648,120.269996643066,119.660003662109,119.940002441406,86.695671081543,3391900
2014-10-28,119.480003356934,119.650001525879,119.080001831055,119.190002441406,86.1534881591797,5141300
2014-10-29,118.959999084473,119.819999694824,118.419998168945,119.459999084473,86.3486633300781,9105100
2014-10-30,120.319999694824,120.459999084473,119.51000213623,119.559997558594,86.4209289550781,7024400
2014-10-31,119.339996337891,119.709999084473,118.830001831055,119.25,86.1969146728516,6664200
2014-11-03,118.900001525879,119.160003662109,118.209999084473,118.959999084473,86.1968841552734,9726600
2014-11-04,119.419998168945,119.910003662109,119.080001831055,119.330001831055,86.4649963378906,3664800
2014-11-05,118.910003662109,119.370002746582,118.819999694824,119.160003662109,86.3418045043945,4799600
2014-11-06,118.599998474121,118.930000305176,118.309997558594,118.389999389648,85.7838363647461,5901900
2014-11-07,118.720001220703,119.75,118.680000305176,119.75,86.7693099975586,8550500
2014-11-10,119.580001831055,119.580001831055,118.559997558594,118.650001525879,85.9722442626953,4787300
2014-11-11,118.480003356934,118.809997558594,118.339996337891,118.730003356934,86.0302047729492,2416500
2014-11-12,119.199996948242,119.529998779297,118.449996948242,118.629997253418,85.9577713012695,4040800
2014-11-13,118.699996948242,119.180000305176,118.440002441406,118.910003662109,86.1606674194336,4475900
2014-11-14,118.839996337891,119.589996337891,118.680000305176,119.48999786377,86.5808563232422,5191200
2014-11-17,119.779998779297,119.790000915527,118.879997253418,119.190002441406,86.363525390625,4726200
2014-11-18,119.319999694824,119.580001831055,119.160003662109,119.519996643066,86.6026229858398,4471200
2014-11-19,118.879997253418,119.580001831055,118.76000213623,118.76000213623,86.0519409179688,5792500
2014-11-20,119.900001525879,119.949996948242,119.059997558594,119.379997253418,86.5011749267578,5683600
2014-11-21,119.569999694824,120.160003662109,119.519996643066,120.099998474121,87.0228881835938,3640100
2014-11-24,119.669998168945,120.269996643066,119.550003051758,120.199996948242,87.0953521728516,4033900
2014-11-25,120.370002746582,121.269996643066,120.309997558594,121.199996948242,87.8199081420898,6770000
2014-11-26,121.639999389648,121.870002746582,121.470001220703,121.529998779297,88.0590896606445,4339100
2014-11-28,122.129997253418,122.669998168945,122.129997253418,122.48999786377,88.7546997070312,4562200
2014-12-01,122.680000305176,122.809997558594,121.459999084473,121.5,88.2368698120117,7728600
2014-12-02,120.839996337891,120.849998474121,120.290000915527,120.319999694824,87.3799133300781,5757200
2014-12-03,120.300003051758,120.800003051758,120.129997253418,120.790000915527,87.7212524414062,4868600
2014-12-04,120.75,121.800003051758,120.620002746582,121.800003051758,88.4547271728516,4250500
2014-12-05,121.569999694824,121.599998474121,120.519996643066,121.089996337891,87.9390869140625,8030700
2014-12-08,121.419998168945,122.839996337891,121.139999389648,122.569999694824,89.0139083862305,6021800
2014-12-09,123.599998474121,123.970001220703,122.959999084473,123.199996948242,89.4714431762695,6639700
2014-12-10,123.180000305176,124.400001525879,123.080001831055,124.099998474121,90.1250610351562,6439200
2014-12-11,123.73999786377,124.610000610352,123.290000915527,124.610000610352,90.4954452514648,7863500
2014-12-12,125.449996948242,126.349998474121,125.019996643066,126.300003051758,91.7227935791016,9317400
2014-12-15,125.639999389648,126.699996948242,125.430000305176,126.040000915527,91.5339050292969,9387400
2014-12-16,127.360000610352,127.720001220703,126.360000610352,127.599998474121,92.6669006347656,7426400
2014-12-17,126.910003662109,127.190002441406,125.699996948242,126.449996948242,91.8316650390625,11558800
2014-12-18,124.930000305176,125.099998474121,124.199996948242,124.199996948242,90.1976928710938,12758200
2014-12-19,124.580001831055,125.949996948242,124.440002441406,125.870002746582,91.4104995727539,7894500
2014-12-22,125.449996948242,126.190002441406,125.319999694824,126.040000915527,91.5339050292969,4118800
2014-12-23,125.449996948242,125.599998474121,123.48999786377,123.540000915527,89.7183609008789,7406100
2014-12-24,123.059997558594,124.059997558594,122.930000305176,123.949996948242,90.2067031860352,4871400
2014-12-26,124.550003051758,124.589996337891,124.019996643066,124.410003662109,90.5414733886719,2921300
2014-12-29,124.910003662109,125.660003662109,124.809997558594,125.339996337891,91.2183227539062,4070700
2014-12-30,125.980003356934,126.209999084473,125.529998779297,125.680000305176,91.4657669067383,4372600
2014-12-31,125.699996948242,126.169998168945,125.650001525879,125.919998168945,91.6404113769531,4993300
2015-01-02,126.290000915527,127.660003662109,126.150001525879,127.319999694824,92.6592712402344,9432000
2015-01-05,128.009994506836,129.630004882812,127.959999084473,129.320007324219,94.1148529052734,9789500
2015-01-06,130.699996948242,132.490005493164,130.190002441406,131.649993896484,95.8104934692383,18331300
2015-01-07,130.699996948242,131.970001220703,130.169998168945,131.389999389648,95.621337890625,9762900
2015-01-08,130.360000610352,130.369995117188,129.419998168945,129.649993896484,94.3549499511719,8055300
2015-01-09,129.199996948242,131.110000610352,129.039993286133,131.070007324219,95.3884201049805,9398800
2015-01-12,131,132.309997558594,130.919998168945,131.820007324219,95.9342041015625,6658100
2015-01-13,131.389999389648,132.610000610352,131.139999389648,131.820007324219,95.9342041015625,8260800
2015-01-14,133.720001220703,134.119995117188,132.699996948242,132.820007324219,96.6620025634766,12324500
2015-01-15,132.850006103516,135.029998779297,132.679992675781,134.910003662109,98.1830291748047,11454200
2015-01-16,134.330001831055,134.679992675781,133.029998779297,133.190002441406,96.9312744140625,9390500
2015-01-20,134.130004882812,135.110000610352,134.070007324219,134.960006713867,98.2194366455078,7758700
2015-01-21,135.199996948242,135.589996337891,132.960006713867,133.399993896484,97.0840835571289,9803900
2015-01-22,134,134.179992675781,132.279998779297,132.919998168945,96.7347640991211,10200000
2015-01-23,134.300003051758,135.119995117188,134.149993896484,134.770004272461,98.0811386108398,7334600
2015-01-26,134.839996337891,135.190002441406,134.050003051758,134.360000610352,97.7827835083008,5966500
2015-01-27,135.729995727539,136.130004882812,134.149993896484,134.570007324219,97.9355926513672,8079600
2015-01-28,134.75,137.410003662109,134.699996948242,136.770004272461,99.5366516113281,12230300
2015-01-29,136.119995117188,136.669998168945,135.460006713867,135.869995117188,98.8816757202148,8881400
2015-01-30,137.710006713867,138.5,137.179992675781,138.279998779297,100.635604858398,14871200
2015-02-02,136.699996948242,137.919998168945,136.660003662109,137.479995727539,100.255699157715,13689900
2015-02-03,135.649993896484,135.789993286133,134.369995117188,134.570007324219,98.1335830688477,14008700
2015-02-04,133.490005493164,134.990005493164,133.119995117188,134.800003051758,98.3012924194336,11360400
2015-02-05,134,134.229995727539,133.110000610352,133.320007324219,97.2220916748047,8334600
2015-02-06,132.050003051758,132.350006103516,130.589996337891,130.960006713867,95.5010223388672,13685600
2015-02-09,131.970001220703,131.979995727539,130.75,130.75,95.3479156494141,8025500
2015-02-10,130.139999389648,130.470001220703,129.440002441406,129.710006713867,94.5894927978516,8290700
2015-02-11,129.699996948242,130.270004272461,128.960006713867,129.949996948242,94.7645263671875,6506400
2015-02-12,129.660003662109,130.539993286133,129.449996948242,129.520004272461,94.4509201049805,12548300
2015-02-13,129.509994506836,129.529998779297,128.089996337891,128.190002441406,93.4810104370117,8325200
2015-02-17,127.800003051758,127.930000305176,125.919998168945,126.26000213623,92.0736389160156,14968800
2015-02-18,126.819999694824,127.73999786377,126.470001220703,127.01000213623,92.6205749511719,14009200
2015-02-19,126.779998779297,127.449996948242,126.169998168945,126.169998168945,92.0080108642578,8584800
2015-02-20,127.050003051758,128.009994506836,126,126.540000915527,92.2778167724609,12502500
2015-02-23,127.190002441406,128.169998168945,127.160003662109,127.98999786377,93.335205078125,7500500
2015-02-24,127.650001525879,129.789993286133,127.180000305176,129.669998168945,94.5603256225586,11958300
2015-02-25,129.460006713867,130.389999389648,129.080001831055,130.229995727539,94.9686813354492,8019800
2015-02-26,129.699996948242,130.300003051758,128.399993896484,128.449996948242,93.6706314086914,11020500
2015-02-27,129.020004272461,129.619995117188,128.270004272461,129.529998779297,94.4582290649414,9225100
2015-03-02,129,129.070007324219,126.769996643066,126.870002746582,92.6988143920898,11324000
2015-03-03,126.889999389648,127.370002746582,126.379997253418,126.410003662109,92.3627014160156,8599000
2015-03-04,126.940002441406,127.040000915527,126.160003662109,126.449996948242,92.3918991088867,6478900
2015-03-05,126.529998779297,126.879997253418,125.900001525879,126.290000915527,92.2750015258789,6045000
2015-03-06,124.669998168945,124.830001831055,122.970001220703,123.5,90.2364883422852,20022900
2015-03-09,124.680000305176,124.870002746582,124.129997253418,124.639999389648,91.0694351196289,8889100
2015-03-10,125.970001220703,126.440002441406,125.76000213623,126.279998779297,92.267692565918,9277900
2015-03-11,126.26000213623,127.459999084473,126.120002746582,127.199996948242,92.9399185180664,6663100
2015-03-12,128.199996948242,128.199996948242,126.720001220703,127.110000610352,92.8741683959961,10295900
2015-03-13,126.76000213623,127.589996337891,126.48999786377,126.720001220703,92.5892028808594,7247200
2015-03-16,127.940002441406,128.149993896484,127.269996643066,127.940002441406,93.4806060791016,6374600
2015-03-17,128.550003051758,129.110000610352,128.279998779297,129,94.2551116943359,6314000
2015-03-18,129.910003662109,131.529998779297,128.610000610352,131.490005493164,96.0745010375977,13981900
2015-03-19,131.199996948242,131.619995117188,130.270004272461,130.820007324219,95.5848922729492,9543800
2015-03-20,131.220001220703,131.699996948242,131.139999389648,131.509994506836,96.0890197753906,5953800
2015-03-23,131.699996948242,131.75,130.990005493164,131.350006103516,95.9721374511719,5555500
2015-03-24,131.830001831055,132.639999389648,131.479995727539,132.619995117188,96.9000701904297,6713000
2015-03-25,132.720001220703,132.759994506836,131.460006713867,131.5,96.0817565917969,5635800
2015-03-26,131.050003051758,131.139999389648,129.179992675781,129.449996948242,94.5838928222656,9536300
2015-03-27,130.029998779297,131.130004882812,129.979995727539,131.059997558594,95.7602767944336,7907900
2015-03-30,130.899993896484,131,130.089996337891,130.410003662109,95.2853469848633,7010600
2015-03-31,130.240005493164,130.960006713867,129.910003662109,130.690002441406,95.4899368286133,6844300
2015-04-01,131.330001831055,132.479995727539,131.300003051758,132.130004882812,96.7441482543945,9273900
2015-04-02,131.929992675781,131.970001220703,130.610000610352,130.729995727539,95.7190780639648,6663400
2015-04-06,131.429992675781,131.479995727539,129.720001220703,130,95.1845855712891,5923800
2015-04-07,130.229995727539,131.220001220703,129.850006103516,131.089996337891,95.9826736450195,4764900
2015-04-08,131.020004272461,131.360000610352,130.020004272461,131.130004882812,96.0119781494141,5378900
2015-04-09,130.869995117188,130.919998168945,129.130004882812,129.429992675781,94.767219543457,6484200
2015-04-10,130.320007324219,130.449996948242,129.550003051758,129.619995117188,94.9063415527344,4843000
2015-04-13,129.529998779297,129.979995727539,129.389999389648,129.800003051758,95.0381393432617,4010600
2015-04-14,131.309997558594,131.860000610352,130.479995727539,130.720001220703,95.711784362793,6075500
2015-04-15,131.050003051758,131.270004272461,130.320007324219,130.610000610352,95.631217956543,4425200
2015-04-16,130.830001831055,130.860000610352,129.410003662109,129.960006713867,95.1552886962891,7085500
2015-04-17,129.770004272461,131.699996948242,129.699996948242,131.449996948242,96.2462692260742,7268800
2015-04-20,130.940002441406,131.009994506836,129.929992675781,130.289993286133,95.3969116210938,4949400
2015-04-21,130.229995727539,130.449996948242,129.559997558594,129.699996948242,94.9648971557617,4563800
2015-04-22,129.5,129.550003051758,127.540000915527,127.720001220703,93.5151901245117,9707600
2015-04-23,127.800003051758,128.850006103516,127.610000610352,128.270004272461,93.9179229736328,6843400
2015-04-24,128.639999389648,129.429992675781,128.589996337891,129.070007324219,94.5036849975586,4773000
2015-04-27,129.070007324219,129.5,128.369995117188,129.070007324219,94.5036849975586,4334900
2015-04-28,128.169998168945,128.740005493164,127.26000213623,127.290000915527,93.2003784179688,7464300
2015-04-29,125.809997558594,126.440002441406,125.279998779297,125.730003356934,92.0581588745117,11554800
2015-04-30,125.040000915527,126.169998168945,124.51000213623,125.949996948242,92.2191925048828,12876000
2015-05-01,124.730003356934,125.040000915527,123.690002441406,124,90.9778137207031,12378500
2015-05-04,124.300003051758,124.529998779297,122.720001220703,122.830001831055,90.1194381713867,9144700
2015-05-05,122.860000610352,123.029998779297,121.690002441406,122.660003662109,89.9946670532227,13935500
2015-05-06,121.98999786377,122.059997558594,120.370002746582,120.559997558594,88.4538803100586,14355000
2015-05-07,121.430000305176,122.569999694824,121.349998474121,122.180000305176,89.6424865722656,11933700
2015-05-08,123.379997253418,123.550003051758,122.309997558594,122.51000213623,89.8846054077148,11716400
2015-05-11,121.620002746582,121.650001525879,119.5,119.529998779297,87.6982498168945,13738600
2015-05-12,119.139999389648,120.629997253418,118.819999694824,119.839996337891,87.9256820678711,15861700
2015-05-13,120.650001525879,120.720001220703,118.639999389648,118.879997253418,87.2212905883789,15760000
2015-05-14,118.919998168945,119.830001831055,118.690002441406,119.199996948242,87.4560928344727,9128400
2015-05-15,120.379997253418,121.910003662109,120.290000915527,121.589996337891,89.2096557617188,12630600
2015-05-18,120.319999694824,120.430000305176,119.470001220703,119.550003051758,87.7128601074219,10208300
2015-05-19,118.269996643066,119.839996337891,118.129997253418,118.48999786377,86.9352111816406,8435300
2015-05-20,118.769996643066,119.449996948242,118.180000305176,118.690002441406,87.0819244384766,7789700
2015-05-21,119.580001831055,120.610000610352,119.449996948242,120.349998474121,88.2998504638672,11760700
2015-05-22,120.650001525879,120.75,119.800003051758,120.400001525879,88.3365020751953,5417900
2015-05-26,120.839996337891,122.550003051758,120.73999786377,122.459999084473,89.8478927612305,10469700
2015-05-27,122.180000305176,122.860000610352,121.610000610352,122.73999786377,90.0533828735352,6490300
2015-05-28,122.5,123.029998779297,122.220001220703,122.440002441406,89.8332595825195,6237600
2015-05-29,123.230003356934,123.569999694824,122.51000213623,122.709999084473,90.031364440918,7912000
2015-06-01,122.110000610352,122.379997253418,120.690002441406,121.129997253418,89.0637512207031,13108100
2015-06-02,120.169998168945,120.26000213623,119.110000610352,119.440002441406,87.8211288452148,10076200
2015-06-03,118.389999389648,118.599998474121,117.199996948242,117.519996643066,86.4093780517578,14810900
2015-06-04,118.26000213623,119.290000915527,118.139999389648,119.050003051758,87.5343322753906,10859300
2015-06-05,117.839996337891,118.569999694824,117.379997253418,117.599998474121,86.4682388305664,11200200
2015-06-08,117.959999084473,118.160003662109,117.370002746582,117.470001220703,86.3726348876953,5334000
2015-06-09,117.059997558594,117.129997253418,116.110000610352,116.540000915527,85.6888427734375,12393900
2015-06-10,115.919998168945,116.129997253418,115.26000213623,115.519996643066,84.9388732910156,12183600
2015-06-11,116.559997558594,117.970001220703,116.23999786377,117.949996948242,86.7255554199219,13849300
2015-06-12,117.589996337891,119.069999694824,117.550003051758,117.949996948242,86.7255554199219,7863100
2015-06-15,118.889999389648,119.059997558594,117.73999786377,118.139999389648,86.8652877807617,8194200
2015-06-16,118.610000610352,119.080001831055,117.940002441406,119.069999694824,87.5490951538086,7046400
2015-06-17,118.5,118.629997253418,117.25,118.150001525879,86.8726425170898,13626100
2015-06-18,117.370002746582,117.73999786377,116.75,117.569999694824,86.4461441040039,10123300
2015-06-19,118.51000213623,119.190002441406,118.48999786377,119.080001831055,87.5564498901367,10439200
2015-06-22,117.839996337891,118.139999389648,116.589996337891,116.650001525879,85.7697219848633,9769000
2015-06-23,115.730003356934,116.959999084473,115.690002441406,115.949996948242,85.255012512207,8945100
2015-06-24,116.51000213623,117.169998168945,116.160003662109,116.949996948242,85.9902648925781,8600400
2015-06-25,116.589996337891,117.080001831055,116.190002441406,116.540000915527,85.6888427734375,8287800
2015-06-26,115.669998168945,115.870002746582,114.879997253418,115.230003356934,84.7256317138672,11673000
2015-06-29,116.959999084473,118.669998168945,116.459999084473,118.279998779297,86.9682464599609,17132900
2015-06-30,117.400001525879,118.699996948242,117.330001831055,117.459999084473,86.3652877807617,13469000
2015-07-01,115.819999694824,116.360000610352,115.430000305176,115.620002746582,85.1995162963867,12451500
2015-07-02,116.319999694824,116.660003662109,115.879997253418,116,85.4795761108398,6682100
2015-07-06,118.050003051758,118.650001525879,117.059997558594,118.150001525879,87.063850402832,10605800
2015-07-07,119.660003662109,120.48999786377,118.949996948242,119.26000213623,87.8818664550781,16160100
2015-07-08,120.019996643066,120.569999694824,119.5,120.290000915527,88.6407928466797,9951800
2015-07-09,118.699996948242,119.120002746582,117.849998474121,117.919998168945,86.8943710327148,11108900
2015-07-10,116.040000915527,116.720001220703,115.76000213623,116.050003051758,85.5163650512695,13636600
2015-07-13,115.389999389648,116.459999084473,115.389999389648,115.690002441406,85.2511138916016,8006700
2015-07-14,116.019996643066,116.269996643066,115.660003662109,116.069999694824,85.5310897827148,4227800
2015-07-15,116.110000610352,117.550003051758,116.040000915527,117.300003051758,86.4375228881836,8720400
2015-07-16,116.889999389648,118.160003662109,116.870002746582,118.110000610352,87.0343627929688,7306500
2015-07-17,118.370002746582,118.889999389648,118.360000610352,118.720001220703,87.4838562011719,7404900
2015-07-20,118.290000915527,118.650001525879,117.900001525879,118.220001220703,87.1154556274414,5941000
2015-07-21,117.680000305176,118.930000305176,117.660003662109,118.860000610352,87.5870742797852,5627500
2015-07-22,119.01000213623,119.900001525879,118.949996948242,119.599998474121,88.1323547363281,6228900
2015-07-23,119.599998474121,121.199996948242,119.449996948242,121.089996337891,89.2303619384766,9087700
2015-07-24,121.5,121.550003051758,120.919998168945,121.389999389648,89.451416015625,7307900
2015-07-27,122.190002441406,122.290000915527,121.480003356934,122.040000915527,89.9303817749023,8172000
2015-07-28,121.160003662109,121.569999694824,120.900001525879,121.150001525879,89.2745208740234,9128200
2015-07-29,121.019996643066,121.169998168945,120.419998168945,120.699996948242,88.9429473876953,6706400
2015-07-30,121.209999084473,121.940002441406,121.150001525879,121.629997253418,89.6282653808594,6146600
2015-07-31,122.440002441406,122.900001525879,122.059997558594,122.529998779297,90.2914428710938,9178400
2015-08-03,122.319999694824,123.75,122.319999694824,123.550003051758,91.2418975830078,11753700
2015-08-04,123.160003662109,123.319999694824,122.459999084473,122.569999694824,90.5181350708008,6448800
2015-08-05,121.769996643066,121.910003662109,121.190002441406,121.650001525879,89.8387451171875,7574400
2015-08-06,122,122.870002746582,122,122.730003356934,90.6363296508789,6118100
2015-08-07,123.300003051758,124.5,123.23999786377,124.339996337891,91.8253173828125,8317000
2015-08-10,123.410003662109,123.569999694824,122.519996643066,122.800003051758,90.6880340576172,7461700
2015-08-11,124.300003051758,125.129997253418,124.160003662109,124.75,92.1280746459961,11145700
2015-08-12,124.930000305176,125.709999084473,124,124.069999694824,91.6259384155273,8455200
2015-08-13,123.830001831055,124.419998168945,123.220001220703,123.669998168945,91.3305358886719,7691400
2015-08-14,123.470001220703,124.370002746582,123.199996948242,123.959999084473,91.5446929931641,4324700
2015-08-17,124.709999084473,125.099998474121,124.389999389648,124.519996643066,91.9582595825195,7880300
2015-08-18,123.800003051758,124.290000915527,123.379997253418,123.540000915527,91.2345352172852,5024300
2015-08-19,123.059997558594,124.930000305176,122.98999786377,124.76000213623,92.1354904174805,10736000
2015-08-20,125.370002746582,126.099998474121,125.180000305176,126.019996643066,93.0660018920898,9078300
2015-08-21,126.160003662109,126.73999786377,125.589996337891,126.400001525879,93.3466262817383,10718300
2015-08-24,128.309997558594,128.919998168945,125.819999694824,126.360000610352,93.3171157836914,16663400
2015-08-25,124.550003051758,124.790000915527,123.559997558594,124.330001831055,91.8179550170898,15354800
2015-08-26,123,123.51000213623,121.360000610352,121.930000305176,90.0455322265625,16429900
2015-08-27,121.819999694824,122.870002746582,121.650001525879,122,90.0972366333008,9127000
2015-08-28,123.150001525879,123.470001220703,122.230003356934,122.360000610352,90.3630828857422,9946200
2015-08-31,123.360000610352,123.470001220703,121.339996337891,121.419998168945,89.6688995361328,8617600
2015-09-01,121.639999389648,122.089996337891,120.980003356934,122.029998779297,90.3150405883789,15298200
2015-09-02,121.419998168945,121.980003356934,120.860000610352,120.980003356934,89.5379333496094,9515200
2015-09-03,121.379997253418,121.669998168945,120.709999084473,121.569999694824,89.9745483398438,7042500
2015-09-04,122.449996948242,122.930000305176,121.819999694824,122.680000305176,90.7960891723633,7951300
2015-09-08,121.379997253418,121.559997558594,120.76000213623,120.870002746582,89.4564666748047,7049500
2015-09-09,119.629997253418,121.709999084473,119.559997558594,121.449996948242,89.8857498168945,7441900
2015-09-10,121.019996643066,121.190002441406,120.449996948242,120.629997253418,89.2788543701172,6789700
2015-09-11,121.470001220703,122.080001831055,121.330001831055,121.389999389648,89.8413467407227,5890900
2015-09-14,121.949996948242,122.150001525879,121.279998779297,121.580001831055,89.9819564819336,4221700
2015-09-15,120.889999389648,121.050003051758,119.120002746582,119.25,88.2575073242188,11895000
2015-09-16,118.959999084473,119.440002441406,118.550003051758,118.800003051758,87.9244613647461,6949800
2015-09-17,118.879997253418,120.370002746582,118.730003356934,120.25,88.9976196289062,19843600
2015-09-18,121.209999084473,122.199996948242,121.129997253418,122.099998474121,90.3667755126953,14963300
2015-09-21,121.01000213623,121.110000610352,119.779998779297,120.110000610352,88.8940200805664,10085600
2015-09-22,121.440002441406,122.389999389648,121.139999389648,121.779998779297,90.1299896240234,9968200
2015-09-23,121.620002746582,122.069999694824,120.98999786377,121.769996643066,90.1225814819336,6769900
2015-09-24,123.169998168945,123.680000305176,122.48999786377,122.599998474121,90.7368927001953,9605800
2015-09-25,121.650001525879,121.930000305176,121.269996643066,121.540000915527,89.9524002075195,8383700
2015-09-28,122.199996948242,123.769996643066,122.199996948242,123.620002746582,91.4917831420898,9833400
2015-09-29,123.540000915527,124.290000915527,123.25,123.970001220703,91.7507934570312,9006100
2015-09-30,123.410003662109,123.800003051758,123.120002746582,123.540000915527,91.4325790405273,9832600
2015-10-01,124.080001831055,124.519996643066,123.660003662109,123.809997558594,91.8226318359375,9069400
2015-10-02,125.589996337891,126.209999084473,124.180000305176,124.559997558594,92.3788528442383,13000400
2015-10-05,123.720001220703,123.830001831055,122.779998779297,122.870002746582,91.1255187988281,11362700
2015-10-06,122.550003051758,123.599998474121,122.410003662109,123.400001525879,91.5185775756836,5687800
2015-10-07,122.809997558594,123.330001831055,122.51000213623,122.98999786377,91.2145309448242,6712800
2015-10-08,123.290000915527,123.370002746582,121.660003662109,121.959999084473,90.4506072998047,12882300
2015-10-09,121.970001220703,122.639999389648,121.900001525879,122.279998779297,90.6879577636719,9038100
2015-10-12,123.029998779297,123.430000305176,122.910003662109,123.209999084473,91.3776931762695,4241000
2015-10-13,123.529998779297,123.599998474121,122.800003051758,123.419998168945,91.5334014892578,6147200
2015-10-14,123.699996948242,124.550003051758,123.300003051758,124.5,92.3343658447266,9738100
2015-10-15,124.309997558594,124.459999084473,123.779998779297,123.889999389648,91.8820037841797,6924300
2015-10-16,124.25,124.470001220703,123.870002746582,123.930000305176,91.9116744995117,8048300
2015-10-19,123.790000915527,123.970001220703,122.910003662109,123.589996337891,91.6594772338867,6238400
2015-10-20,122.800003051758,122.970001220703,122.550003051758,122.830001831055,91.0958480834961,6431300
2015-10-21,123.610000610352,124.220001220703,123.470001220703,124.050003051758,92.0006866455078,6603800
2015-10-22,124.099998474121,124.779998779297,123.51000213623,124.26000213623,92.1563949584961,6934100
2015-10-23,123.099998474121,123.459999084473,122.849998474121,123.199996948242,91.3703079223633,7058200
2015-10-26,123.870002746582,124.199996948242,123.809997558594,124.019996643066,91.9784164428711,5859800
2015-10-27,124.51000213623,124.900001525879,124.160003662109,124.330001831055,92.2083587646484,7156800
2015-10-28,124.269996643066,124.339996337891,123.300003051758,123.830001831055,91.8375396728516,8468700
2015-10-29,123.180000305176,123.220001220703,121.699996948242,121.860000610352,90.3764495849609,12108000
2015-10-30,122.23999786377,122.809997558594,122.019996643066,122.779998779297,91.0587921142578,11861400
2015-11-02,121.779998779297,122.180000305176,121.680000305176,121.949996948242,90.6403198242188,8751000
2015-11-03,121.650001525879,121.73999786377,120.790000915527,120.949996948242,89.8970718383789,8921600
2015-11-04,121.099998474121,121.540000915527,120.699996948242,121.089996337891,90.0011444091797,5980800
2015-11-05,121.050003051758,121.059997558594,120.300003051758,120.769996643066,89.763298034668,7268400
2015-11-06,119.48999786377,119.529998779297,118.73999786377,119,88.4477081298828,10604700
2015-11-09,118.099998474121,118.900001525879,118,118.330001831055,87.9497375488281,9159500
2015-11-10,118.5,119.209999084473,118.379997253418,118.680000305176,88.2098617553711,6712500
2015-11-11,118.349998474121,118.580001831055,118.269996643066,118.430000305176,88.024040222168,2857900
2015-11-12,118.75,119.440002441406,118.699996948242,119,88.4477081298828,6805700
2015-11-13,119.319999694824,119.900001525879,119.220001220703,119.680000305176,88.9531555175781,7906600
2015-11-16,119.790000915527,120,119.129997253418,119.569999694824,88.8713836669922,5485300
2015-11-17,119,120.129997253418,118.660003662109,119.769996643066,89.0199890136719,5122900
2015-11-18,119.580001831055,120.190002441406,119.360000610352,120.019996643066,89.205810546875,5233900
2015-11-19,120.879997253418,121.150001525879,120.680000305176,120.819999694824,89.8004302978516,6643000
2015-11-20,120.930000305176,121.040000915527,120.279998779297,120.449996948242,89.5253982543945,5971000
2015-11-23,120.529998779297,121.120002746582,120.319999694824,120.819999694824,89.8004302978516,5436300
2015-11-24,120.900001525879,121.199996948242,120.580001831055,120.809997558594,89.7929840087891,3371500
2015-11-25,121.169998168945,121.419998168945,120.949996948242,121.089996337891,90.0011444091797,3280900
2015-11-27,121.25,121.319999694824,120.959999084473,120.970001220703,89.9119491577148,2570600
2015-11-30,121.099998474121,121.529998779297,121.059997558594,121.449996948242,90.2686996459961,5179800
2015-12-01,121.26000213623,122.849998474121,121.26000213623,122.830001831055,91.4879760742188,12766600
2015-12-02,122.660003662109,123.040000915527,122.190002441406,122.870002746582,91.5177841186523,7345800
2015-12-03,121.360000610352,121.400001525879,118.98999786377,119.529998779297,89.0300216674805,16612200
2015-12-04,119.529998779297,120.930000305176,119.470001220703,120.580001831055,89.8121032714844,11843800
2015-12-07,120.809997558594,122.459999084473,120.800003051758,121.75,90.68359375,9016700
2015-12-08,122.279998779297,122.430000305176,121.449996948242,121.809997558594,90.728271484375,7257500
2015-12-09,121.349998474121,122.150001525879,120.51000213623,121.680000305176,90.6314315795898,8993900
2015-12-10,121.790000915527,122.029998779297,121.48999786377,121.839996337891,90.7505950927734,5606900
2015-12-11,123.029998779297,124.099998474121,122.870002746582,123.76000213623,92.1806869506836,12300000
2015-12-14,123.080001831055,123.150001525879,121.75,122.160003662109,90.9889984130859,10661100
2015-12-15,121.019996643066,121.599998474121,120.830001831055,121.440002441406,90.4526748657227,8795500
2015-12-16,121.069999694824,122.169998168945,120.5,121.180000305176,90.2590179443359,10988600
2015-12-17,121.779998779297,122.779998779297,121.639999389648,122.550003051758,91.2794036865234,9923000
2015-12-18,123.080001831055,123.519996643066,122.819999694824,123.230003356934,91.7859115600586,10171700
2015-12-21,123.430000305176,123.779998779297,122.919998168945,123.199996948242,91.7635955810547,7494900
2015-12-22,122.650001525879,122.800003051758,121.98999786377,122.309997558594,91.1006774902344,5445800
2015-12-23,121.230003356934,121.610000610352,120.870002746582,121.389999389648,90.4154510498047,7287100
2015-12-24,121.470001220703,121.870002746582,121.400001525879,121.830001831055,90.9334411621094,3364600
2015-12-28,121.98999786377,122.669998168945,121.849998474121,122.190002441406,91.2021255493164,7586600
2015-12-29,121.690002441406,121.73999786377,120.01000213623,120.160003662109,89.6869506835938,7787500
2015-12-30,119.919998168945,120.540000915527,119.669998168945,120.040000915527,89.5973739624023,5508900
2015-12-31,120.569999694824,120.860000610352,120.25,120.580001831055,90.0004196166992,7897700
2016-01-04,121.930000305176,122.449996948242,121.319999694824,121.449996948242,90.6497955322266,10591900
2016-01-05,120.879997253418,121.5,120.660003662109,120.959999084473,90.2840576171875,6242600
2016-01-06,122.300003051758,122.620002746582,122.050003051758,122.589996337891,91.5006332397461,8916900
2016-01-07,122.680000305176,122.930000305176,121.790000915527,122.809997558594,91.6648483276367,10202200
2016-01-08,122.430000305176,123.470001220703,122.230003356934,123.360000610352,92.0754013061523,9577200
2016-01-11,122.040000915527,122.790000915527,121.860000610352,122.01000213623,91.0677795410156,10040300
2016-01-12,122.339996337891,124.319999694824,122.150001525879,123.769996643066,92.3814163208008,12897700
2016-01-13,123.529998779297,125.5,123.269996643066,124.98999786377,93.2920608520508,15577600
2016-01-14,124.470001220703,124.970001220703,123.339996337891,123.819999694824,92.4187469482422,12873800
2016-01-15,125.400001525879,125.959999084473,125.080001831055,125.75,93.8592910766602,13976300
2016-01-19,125.129997253418,126.069999694824,124.949996948242,125.360000610352,93.5681762695312,8926600
2016-01-20,126.980003356934,127.919998168945,126.419998168945,126.680000305176,94.553466796875,17283300
2016-01-21,126.940002441406,127.290000915527,125.669998168945,125.819999694824,93.9115447998047,11001600
2016-01-22,124.910003662109,125.529998779297,124.519996643066,125.339996337891,93.5532989501953,10164300
2016-01-25,125.949996948242,126.269996643066,125.650001525879,126.019996643066,94.0608139038086,5738200
2016-01-26,125.98999786377,126.459999084473,125.75,126.080001831055,94.1056518554688,5692600
2016-01-27,125.75,126.290000915527,125.190002441406,126.050003051758,94.0831909179688,7957800
2016-01-28,125.540000915527,126.410003662109,125.459999084473,126.230003356934,94.2175598144531,10575400
2016-01-29,127.410003662109,127.860000610352,126.919998168945,127.300003051758,95.0162353515625,13170700
2016-02-01,126.790000915527,127.069999694824,126.290000915527,126.669998168945,94.7252883911133,9948400
2016-02-02,128.100006103516,129.039993286133,128,129.020004272461,96.4826812744141,10400000
2016-02-03,128.279998779297,129.940002441406,127.919998168945,127.949996948242,95.682502746582,13309000
2016-02-04,128.220001220703,128.589996337891,127.51000213623,128.570007324219,96.1461639404297,9953500
2016-02-05,127.889999389648,129,127.589996337891,128.720001220703,96.2583160400391,9200800
2016-02-08,129.720001220703,131.630004882812,129.679992675781,131.490005493164,98.3297729492188,14452200
2016-02-09,132.039993286133,132.059997558594,130.960006713867,131.630004882812,98.4344482421875,15232100
2016-02-10,131.699996948242,132.839996337891,131.110000610352,132.789993286133,99.3019638061523,12797100
2016-02-11,134.440002441406,135.25,133.009994506836,133.720001220703,99.9973983764648,21620200
2016-02-12,132.639999389648,133.130004882812,130.929992675781,131.5,98.3372039794922,13888400
2016-02-16,130.720001220703,130.75,129.809997558594,130.110000610352,97.2977828979492,11766000
2016-02-17,129.639999389648,129.830001831055,128.710006713867,129.309997558594,96.6995468139648,13157300
2016-02-18,129.410003662109,131,129.360000610352,130.899993896484,97.8885192871094,10196700
2016-02-19,130.940002441406,131.820007324219,130.729995727539,131.009994506836,97.970817565918,8188700
2016-02-22,131.100006103516,131.110000610352,130.699996948242,130.940002441406,97.9184722900391,5054300
2016-02-23,129.880004882812,131.740005493164,129.779998779297,131.470001220703,98.3147735595703,8320700
2016-02-24,132.399993896484,133.389999389648,130.949996948242,131.210006713867,98.1203918457031,9091200
2016-02-25,131.479995727539,132.559997558594,131.320007324219,131.679992675781,98.4718627929688,6097200
2016-02-26,130.309997558594,130.809997558594,130.039993286133,130.410003662109,97.5221328735352,9245000
2016-02-29,130.470001220703,131.169998168945,130.419998168945,130.979995727539,97.9483642578125,8016100
2016-03-01,130.820007324219,130.850006103516,128.320007324219,128.429992675781,96.2236633300781,13729100
2016-03-02,128.320007324219,128.970001220703,128.210006713867,128.960006713867,96.6207580566406,7047700
2016-03-03,129.070007324219,129.940002441406,128.770004272461,129.429992675781,96.9728775024414,6394800
2016-03-04,128.75,129.130004882812,127.76000213623,128.600006103516,96.3509826660156,8687000
2016-03-07,128.449996948242,128.669998168945,128.050003051758,128.559997558594,96.3210372924805,5493300
2016-03-08,130.350006103516,130.990005493164,129.949996948242,129.979995727539,97.3849487304688,7175400
2016-03-09,129.080001831055,129.690002441406,128.809997558594,129.190002441406,96.7930603027344,7194700
2016-03-10,129.5,129.839996337891,127.919998168945,128.660003662109,96.3959884643555,10091600
2016-03-11,128.820007324219,128.880004882812,127.209999084473,127.360000610352,95.4219665527344,8927000
2016-03-14,127.819999694824,128.389999389648,127.660003662109,127.76000213623,95.7216339111328,5177000
2016-03-15,128.5,128.660003662109,127.610000610352,127.879997253418,95.8116149902344,6413200
2016-03-16,127.75,128.520004272461,127.370002746582,128.259994506836,96.0963134765625,9728900
2016-03-17,128.509994506836,129.339996337891,128.490005493164,128.789993286133,96.4933471679688,7805500
2016-03-18,129.039993286133,129.509994506836,128.699996948242,129.059997558594,96.6957092285156,8198600
2016-03-21,128.25,128.619995117188,127.75,128.070007324219,95.9539566040039,5514800
2016-03-22,128.830001831055,129.020004272461,127.919998168945,128.039993286133,95.9314651489258,4997900
2016-03-23,128.410003662109,129.820007324219,128.289993286133,129.490005493164,97.0178298950195,10628200
2016-03-24,130.580001831055,130.639999389648,129,129.539993286133,97.0552368164062,6343300
2016-03-28,129.380004882812,130.160003662109,129.279998779297,129.710006713867,97.1826553344727,5058700
2016-03-29,130.380004882812,131.089996337891,130.020004272461,131.070007324219,98.2016220092773,9396700
2016-03-30,130.029998779297,130.070007324219,128.979995727539,129.690002441406,97.1676712036133,8478700
2016-03-31,129.979995727539,130.809997558594,129.789993286133,130.610000610352,97.8569946289062,7832300
2016-04-01,130.979995727539,131.130004882812,129.899993896484,130.679992675781,98.1122741699219,9341400
2016-04-04,130.789993286133,130.970001220703,130.270004272461,130.759994506836,98.1722793579102,5145100
2016-04-05,132.009994506836,132.360000610352,131.779998779297,132.190002441406,99.2459335327148,6482800
2016-04-06,131.529998779297,131.669998168945,130.740005493164,131.229995727539,98.5251388549805,6393700
2016-04-07,132.190002441406,132.990005493164,132.009994506836,132.850006103516,99.741455078125,5963300
2016-04-08,132.169998168945,132.399993896484,131.639999389648,132.009994506836,99.1108093261719,5584800
2016-04-11,131.320007324219,132.179992675781,131.110000610352,131.839996337891,98.9831771850586,4805500
2016-04-12,131.080001831055,131.550003051758,130.529998779297,130.929992675781,98.2999114990234,4276000
2016-04-13,130.690002441406,131.580001831055,130.520004272461,131.389999389648,98.6453170776367,5207900
2016-04-14,130.910003662109,131.309997558594,130.490005493164,130.759994506836,98.1722793579102,6967000
2016-04-15,131.289993286133,132.160003662109,131.25,131.880004882812,99.0131912231445,5831100
2016-04-18,131.330001831055,131.440002441406,130.660003662109,131.309997558594,98.5852355957031,4486600
2016-04-19,131.080001831055,131.309997558594,130.289993286133,130.899993896484,98.2774047851562,5212200
2016-04-20,131.160003662109,131.649993896484,129.270004272461,129.460006713867,97.1962738037109,10920700
2016-04-21,128.440002441406,129.070007324219,128.289993286133,128.690002441406,96.6181640625,11154200
2016-04-22,128.850006103516,128.910003662109,128.240005493164,128.360000610352,96.3704223632812,5826400
2016-04-25,128.059997558594,128.520004272461,127.830001831055,127.830001831055,95.9724960327148,5539500
2016-04-26,127.76000213623,127.76000213623,127.120002746582,127.25,95.5370635986328,7840000
2016-04-27,127.919998168945,128.820007324219,127.620002746582,128.520004272461,96.4905471801758,8380100
2016-04-28,128.210006713867,129.139999389648,128.039993286133,129.050003051758,96.8884735107422,7974600
2016-04-29,128.449996948242,129.710006713867,128.199996948242,129.380004882812,97.1362609863281,7416300
2016-05-02,128.660003662109,128.899993896484,127.800003051758,127.819999694824,96.1581878662109,11035200
2016-05-03,129.550003051758,130.020004272461,129.350006103516,129.429992675781,97.3694534301758,10736700
2016-05-04,129.679992675781,130.169998168945,129.190002441406,130.139999389648,97.9035263061523,7211200
2016-05-05,130.059997558594,131.070007324219,129.699996948242,131.009994506836,98.5580749511719,7870400
2016-05-06,130.850006103516,130.860000610352,130.289993286133,130.449996948242,98.1367263793945,7232500
2016-05-09,130.460006713867,130.889999389648,130.320007324219,130.860000610352,98.4451904296875,4950800
2016-05-10,130.850006103516,131.119995117188,130.649993896484,130.869995117188,98.4527130126953,4331900
2016-05-11,130.830001831055,132,130.660003662109,131.610000610352,99.0094451904297,9256000
2016-05-12,130.660003662109,131.169998168945,130.589996337891,131.009994506836,98.5580749511719,6087400
2016-05-13,131.479995727539,132.320007324219,131.229995727539,132.279998779297,99.5134811401367,8707300
2016-05-16,131.639999389648,131.660003662109,130.979995727539,131.139999389648,98.6558456420898,5137000
2016-05-17,131.210006713867,131.830001831055,131.210006713867,131.360000610352,98.8213882446289,4449100
2016-05-18,130.809997558594,130.850006103516,128.910003662109,129.490005493164,97.4145889282227,12681000
2016-05-19,129.679992675781,130.330001831055,129.649993896484,130.050003051758,97.8358306884766,6209400
2016-05-20,129.649993896484,130.399993896484,129.550003051758,130.149993896484,97.9110641479492,5348900
2016-05-23,130.360000610352,130.729995727539,129.919998168945,130.440002441406,98.1292495727539,6979700
2016-05-24,129.970001220703,130.190002441406,129.240005493164,129.860000610352,97.6929397583008,5968200
2016-05-25,129.830001831055,130.25,129.309997558594,129.369995117188,97.3243103027344,6367400
2016-05-26,129.809997558594,130.449996948242,129.800003051758,130.039993286133,97.8283615112305,5419300
2016-05-27,130.070007324219,130.259994506836,129.699996948242,129.850006103516,97.6853561401367,5267600
2016-05-31,129.020004272461,130.440002441406,128.979995727539,130.160003662109,97.918571472168,8344300
2016-06-01,130.630004882812,131.270004272461,130.110000610352,130.419998168945,98.3158950805664,9874900
2016-06-02,130.899993896484,131.690002441406,130.869995117188,131.360000610352,99.0244827270508,5835400
2016-06-03,132.860000610352,133.229995727539,132.600006103516,133.229995727539,100.434211730957,11077200
2016-06-06,132.779998779297,132.889999389648,132.100006103516,132.240005493164,99.6879043579102,7573700
2016-06-07,132.639999389648,132.979995727539,132.539993286133,132.559997558594,99.9290924072266,4680200
2016-06-08,132.869995117188,133.429992675781,132.710006713867,133.270004272461,100.464332580566,5313200
2016-06-09,134.320007324219,134.539993286133,133.929992675781,134.130004882812,101.112663269043,6820300
2016-06-10,134.789993286133,135.330001831055,134.259994506836,134.779998779297,101.602638244629,6984600
2016-06-13,135.089996337891,135.389999389648,134.770004272461,135.380004882812,102.054901123047,7283300
2016-06-14,136.190002441406,136.220001220703,135.220001220703,135.279998779297,101.979522705078,9012500
2016-06-15,135.520004272461,136.229995727539,135.309997558594,135.800003051758,102.37149810791,7953200
2016-06-16,136.740005493164,137.559997558594,136.179992675781,136.460006713867,102.869041442871,10372700
2016-06-17,136.199996948242,136.270004272461,135.259994506836,135.610000610352,102.228302001953,8489900
2016-06-20,134.240005493164,134.550003051758,134.009994506836,134.160003662109,101.135284423828,7365900
2016-06-21,134.289993286133,134.580001831055,133.460006713867,133.539993286133,100.667831420898,6005800
2016-06-22,133.5,133.990005493164,133.25,133.759994506836,100.833709716797,5773700
2016-06-23,132.610000610352,133.320007324219,132.080001831055,132.229995727539,99.680305480957,9029100
2016-06-24,136.610000610352,136.610000610352,135.300003051758,135.779998779297,102.356452941895,17155000
2016-06-27,138.440002441406,139.589996337891,138.399993896484,139.169998168945,104.912033081055,16577100
2016-06-28,139.440002441406,139.899993896484,138.880004882812,139.460006713867,105.130592346191,14006400
2016-06-29,139.679992675781,140.130004882812,138.259994506836,138.389999389648,104.32398223877,12999800
2016-06-30,138.809997558594,139.940002441406,138.089996337891,138.899993896484,104.708450317383,14698500
2016-07-01,140.809997558594,140.820007324219,139.190002441406,140.570007324219,106.162200927734,15430200
2016-07-05,141.850006103516,142.910003662109,141.699996948242,142.330001831055,107.49146270752,8840800
2016-07-06,142.789993286133,143,141.960006713867,142.559997558594,107.665138244629,14352800
2016-07-07,142.089996337891,143.190002441406,141.779998779297,142.550003051758,107.657600402832,9676400
2016-07-08,142.919998168945,143.619995117188,142.360000610352,143.600006103516,108.450607299805,10355300
2016-07-11,143.050003051758,143.470001220703,142.240005493164,142.339996337891,107.499015808105,8099000
2016-07-12,140.419998168945,140.860000610352,139.639999389648,140,105.73176574707,15810600
2016-07-13,141.369995117188,141.770004272461,140.949996948242,141.649993896484,106.977920532227,8181700
2016-07-14,139.279998779297,139.839996337891,139.089996337891,139.589996337891,105.422157287598,10817000
2016-07-15,138.889999389648,139.110000610352,138.179992675781,138.389999389648,104.515853881836,9958600
2016-07-18,139.070007324219,139.259994506836,137.729995727539,138.259994506836,104.417671203613,5955900
2016-07-19,138.940002441406,139.309997558594,138.399993896484,139.039993286133,105.006744384766,8073900
2016-07-20,138.229995727539,138.509994506836,137.910003662109,138.279998779297,104.432792663574,6942500
2016-07-21,137.039993286133,138.619995117188,136.990005493164,138.559997558594,104.644256591797,10398400
2016-07-22,137.929992675781,139.240005493164,137.869995117188,138.800003051758,104.825485229492,5811400
2016-07-25,138.940002441406,139.259994506836,138.589996337891,138.699996948242,104.750022888184,4243800
2016-07-26,139.520004272461,139.520004272461,138.460006713867,138.919998168945,104.916175842285,5243400
2016-07-27,139.550003051758,140.649993896484,139.399993896484,140.649993896484,106.222671508789,8508100
2016-07-28,139.800003051758,140.839996337891,139.710006713867,140.389999389648,106.026329040527,7336100
2016-07-29,140.449996948242,141.679992675781,140.220001220703,141.559997558594,106.909889221191,8766700
2016-08-01,139.779998779297,140.5,139.610000610352,139.770004272461,105.750846862793,9809300
2016-08-02,137.830001831055,139.259994506836,137.5,138.330001831055,104.661315917969,10051200
2016-08-03,138.600006103516,138.779998779297,137.910003662109,138.410003662109,104.721855163574,4930600
2016-08-04,139.460006713867,140.160003662109,139.270004272461,139.449996948242,105.508689880371,5646000
2016-08-05,139.050003051758,139.179992675781,137.820007324219,138,104.41162109375,7778600
2016-08-08,137.600006103516,138.539993286133,137.320007324219,138.259994506836,104.608360290527,5185200
2016-08-09,138.710006713867,139.720001220703,138.619995117188,139.619995117188,105.637313842773,5503200
2016-08-10,139.899993896484,140.509994506836,139.470001220703,140.160003662109,106.045906066895,5843500
2016-08-11,140.059997558594,140.080001831055,138.539993286133,138.910003662109,105.100120544434,7624600
2016-08-12,140.410003662109,140.860000610352,139.869995117188,140.080001831055,105.9853515625,7989600
2016-08-15,139.339996337891,139.630004882812,138.75,138.759994506836,104.986671447754,5108600
2016-08-16,138.979995727539,139.149993896484,138.229995727539,138.389999389648,104.706726074219,6182700
2016-08-17,138.630004882812,139.440002441406,138.5,139.220001220703,105.334663391113,5002000
2016-08-18,139.199996948242,139.759994506836,138.789993286133,139.440002441406,105.501174926758,3805200
2016-08-19,138.639999389648,139.050003051758,138.100006103516,138.710006713867,104.948867797852,5516300
2016-08-22,139.649993896484,140.139999389648,139.369995117188,139.880004882812,105.833984375,5549700
2016-08-23,140.270004272461,140.589996337891,139.669998168945,140.029998779297,105.947540283203,6841400
2016-08-24,140.100006103516,140.190002441406,139.389999389648,139.699996948242,105.697875976562,6027800
2016-08-25,139.259994506836,139.779998779297,138.960006713867,139.169998168945,105.296844482422,5855500
2016-08-26,139.729995727539,140.690002441406,138.220001220703,138.360000610352,104.684036254883,12962500
2016-08-29,139.380004882812,140.350006103516,139.210006713867,140.210006713867,106.083755493164,7310400
2016-08-30,140.169998168945,140.259994506836,139.669998168945,139.669998168945,105.675155639648,5161800
2016-08-31,139.660003662109,140.169998168945,139.339996337891,139.869995117188,105.826515197754,7349700
2016-09-01,138.619995117188,140.100006103516,138.570007324219,139.770004272461,105.943206787109,9149100
2016-09-02,138.960006713867,139.050003051758,138.169998168945,138.630004882812,105.079093933105,8397000
2016-09-06,138.710006713867,140.080001831055,138.509994506836,139.639999389648,105.844635009766,8542600
2016-09-07,140.369995117188,140.419998168945,139.539993286133,139.539993286133,105.768951416016,5421800
2016-09-08,138.860000610352,139.270004272461,137.259994506836,137.789993286133,104.442390441895,14301500
2016-09-09,136.070007324219,136.119995117188,135.410003662109,135.520004272461,102.721786499023,13347700
2016-09-12,135.320007324219,135.830001831055,135.160003662109,135.589996337891,102.774810791016,9096600
2016-09-13,135.869995117188,136,133.360000610352,134.050003051758,101.607536315918,15645400
2016-09-14,134.050003051758,134.910003662109,134.050003051758,134.25,101.759140014648,7037700
2016-09-15,133.610000610352,134.050003051758,133.029998779297,133.669998168945,101.319526672363,9874500
2016-09-16,134.580001831055,134.809997558594,134.220001220703,134.75,102.138107299805,7507900
2016-09-19,134.520004272461,134.869995117188,134.25,134.309997558594,101.80460357666,7105900
2016-09-20,135.149993896484,135.580001831055,134.669998168945,134.779998779297,102.160842895508,6054800
2016-09-21,134.600006103516,135.889999389648,134.179992675781,135.869995117188,102.987083435059,10698100
2016-09-22,136.669998168945,137.289993286133,136.5,136.949996948242,103.805641174316,12426200
2016-09-23,137.029998779297,137.339996337891,136.710006713867,136.820007324219,103.707122802734,5928800
2016-09-26,137.070007324219,137.830001831055,137.020004272461,137.690002441406,104.366561889648,8661300
2016-09-27,138.589996337891,138.800003051758,137.949996948242,138.699996948242,105.132171630859,9450400
2016-09-28,138.5,139.149993896484,138.220001220703,138.399993896484,104.904747009277,7958700
2016-09-29,137.559997558594,139.070007324219,137.449996948242,138.75,105.170059204102,8319800
2016-09-30,138.550003051758,138.639999389648,136.869995117188,137.509994506836,104.230072021484,11747100
2016-10-03,137.679992675781,137.770004272461,136.759994506836,136.809997558594,103.886184692383,7588800
2016-10-04,136.619995117188,136.839996337891,135.160003662109,135.210006713867,102.671211242676,12048700
2016-10-05,135.020004272461,135.080001831055,134.119995117188,134.580001831055,102.192848205566,8917700
2016-10-06,133.970001220703,134.690002441406,133.679992675781,133.830001831055,101.623268127441,7839900
2016-10-07,133.929992675781,134.289993286133,133.089996337891,133.919998168945,101.691635131836,9953200
2016-10-10,132.850006103516,133.160003662109,132.509994506836,133.130004882812,101.091827392578,6089100
2016-10-11,132.860000610352,133.550003051758,132.570007324219,132.830001831055,100.863990783691,9670400
2016-10-12,132.669998168945,133.020004272461,132.240005493164,132.960006713867,100.962677001953,7582400
2016-10-13,133.639999389648,133.929992675781,133.369995117188,133.460006713867,101.342338562012,7080600
2016-10-14,132.270004272461,132.949996948242,131.529998779297,131.589996337891,99.9223861694336,11415100
2016-10-17,132.100006103516,132.740005493164,132.089996337891,132.429992675781,100.560256958008,10595900
2016-10-18,131.860000610352,132.889999389648,131.830001831055,132.860000610352,100.886756896973,7151000
2016-10-19,132.369995117188,133.270004272461,132.320007324219,132.970001220703,100.97029876709,6941300
2016-10-20,133.639999389648,133.75,132.899993896484,133.110000610352,101.076614379883,6082300
2016-10-21,133.520004272461,133.720001220703,132.869995117188,133.309997558594,101.228507995605,9222700
2016-10-24,133.410003662109,133.449996948242,132.289993286133,132.729995727539,100.788017272949,6507500
2016-10-25,132.529998779297,133.559997558594,132.490005493164,133.080001831055,101.053802490234,5134700
2016-10-26,132.460006713867,132.800003051758,131.990005493164,132.179992675781,100.370376586914,5842500
2016-10-27,131.070007324219,131.070007324219,130.059997558594,130.740005493164,99.2769317626953,10044700
2016-10-28,130.389999389648,130.929992675781,130.330001831055,130.449996948242,99.0567321777344,7541000
2016-10-31,130.889999389648,131.289993286133,130.710006713867,131.25,99.6641845703125,7047500
2016-11-01,130.160003662109,131.600006103516,129.880004882812,131.009994506836,99.6717834472656,12622400
2016-11-02,131.300003051758,132.110000610352,131.029998779297,131.580001831055,100.105484008789,8666200
2016-11-03,130.75,131.050003051758,130.440002441406,130.570007324219,99.3370666503906,6085400
2016-11-04,131.270004272461,131.789993286133,131.130004882812,131.740005493164,100.227172851562,7622600
2016-11-07,130.75,131,130.440002441406,130.619995117188,99.3751220703125,5386700
2016-11-08,131.020004272461,131.210006713867,129.710006713867,130.089996337891,98.9719161987305,7576500
2016-11-09,127.220001220703,127.370002746582,124.220001220703,124.569999694824,94.7722930908203,31233500
2016-11-10,123.970001220703,124.959999084473,122.720001220703,122.730003356934,93.372444152832,22961200
2016-11-11,122.959999084473,123.050003051758,121.650001525879,122.040000915527,92.8475036621094,10040200
2016-11-14,121.279998779297,122.660003662109,120.730003356934,121.309997558594,92.2921295166016,21174400
2016-11-15,122.220001220703,122.809997558594,121.779998779297,121.910003662109,92.7485733032227,11963700
2016-11-16,122.300003051758,123.139999389648,122.169998168945,123.01000213623,93.5854568481445,9149500
2016-11-17,121.949996948242,122.110000610352,120.98999786377,121.199996948242,92.2084274291992,11221600
2016-11-18,121.629997253418,121.970001220703,120.339996337891,120.849998474121,91.9421463012695,13577700
2016-11-21,121.209999084473,121.480003356934,120.889999389648,121.150001525879,92.1703720092773,6488100
2016-11-22,121.660003662109,121.76000213623,120.879997253418,121.110000610352,92.1399459838867,9989900
2016-11-23,119.98999786377,120.910003662109,119.25,120.639999389648,91.782341003418,13563500
2016-11-25,121.190002441406,121.290000915527,120.400001525879,120.819999694824,91.9193496704102,3126300
2016-11-28,121.410003662109,121.730003356934,121.089996337891,121.709999084473,92.596435546875,8555000
2016-11-29,121.440002441406,122.400001525879,121.209999084473,122.220001220703,92.9844207763672,8363000
2016-11-30,119.970001220703,121.01000213623,119.480003356934,120.23999786377,91.4780502319336,21163500
2016-12-01,118.51000213623,118.98999786377,117.639999389648,118.730003356934,90.5121841430664,21715700
2016-12-02,119.169998168945,120.209999084473,119.139999389648,119.599998474121,91.1754150390625,12487500
2016-12-05,118.930000305176,120.400001525879,118.449996948242,119.470001220703,91.0762939453125,12100100
2016-12-06,119.339996337891,119.940002441406,119.120002746582,119.379997253418,91.0077209472656,11526600
2016-12-07,119.819999694824,120.620002746582,119.819999694824,120.400001525879,91.785285949707,10392200
2016-12-08,119.150001525879,119.309997558594,118.779998779297,118.980003356934,90.7027740478516,12041100
2016-12-09,118.639999389648,118.860000610352,117.279998779297,117.5,89.5745162963867,14646400
2016-12-12,117.269996643066,117.800003051758,116.879997253418,117.720001220703,89.7422256469727,9496300
2016-12-13,118.400001525879,118.48999786377,117.440002441406,118.139999389648,90.0624237060547,12189200
2016-12-14,119.080001831055,119.209999084473,116.800003051758,116.819999694824,89.0561218261719,16618400
2016-12-15,117.559997558594,118.290000915527,117.029998779297,117.410003662109,89.5059051513672,12400500
2016-12-16,117.610000610352,117.919998168945,116.800003051758,117.139999389648,89.300048828125,14924600
2016-12-19,117.980003356934,118.580001831055,117.73999786377,118.400001525879,90.2606201171875,10868300
2016-12-20,117.629997253418,117.900001525879,117.379997253418,117.809997558594,89.8108367919922,7030600
2016-12-21,117.919998168945,118.400001525879,117.730003356934,118.330001831055,90.2072372436523,4624700
2016-12-22,117.529998779297,118,117.5,117.809997558594,90.0459899902344,5177800
2016-12-23,118.23999786377,118.389999389648,117.949996948242,118.050003051758,90.2294387817383,4461600
2016-12-27,117.419998168945,117.699996948242,117.230003356934,117.669998168945,89.9389495849609,5276600
2016-12-28,117.860000610352,118.879997253418,117.699996948242,118.529998779297,90.5962829589844,7578600
2016-12-29,118.800003051758,119.269996643066,118.660003662109,118.949996948242,90.9173049926758,8581400
2016-12-30,118.779998779297,119.650001525879,118.720001220703,119.129997253418,91.0548706054688,10613900
2017-01-03,118.410003662109,119.98999786377,118.180000305176,119.639999389648,91.4446792602539,13217300
2017-01-04,119.76000213623,120.23999786377,119.449996948242,120.099998474121,91.7963180541992,6699600
2017-01-05,120.449996948242,122.029998779297,120.169998168945,121.980003356934,93.2332611083984,13265800
2017-01-06,121.129997253418,121.540000915527,120.75,120.860000610352,92.3772277832031,8369300
2017-01-09,121.879997253418,122,121.459999084473,121.830001831055,93.1185531616211,8839100
2017-01-10,121.550003051758,121.910003662109,121.279998779297,121.75,93.0574264526367,8417900
2017-01-11,121.940002441406,122.690002441406,121.410003662109,122.160003662109,93.3708267211914,9402500
2017-01-12,122.800003051758,123.139999389648,121.830001831055,121.889999389648,93.1644287109375,9977600
2017-01-13,121.330001831055,121.75,120.620002746582,121.309997558594,92.7211151123047,9820000
2017-01-17,122.809997558594,122.940002441406,121.98999786377,122.580001831055,93.6918334960938,7853300
2017-01-18,121.769996643066,121.959999084473,120.910003662109,121.01000213623,92.4918518066406,9064700
2017-01-19,120.48999786377,120.580001831055,119.550003051758,120.180000305176,91.8574066162109,11795600
2017-01-20,119.839996337891,120.309997558594,119.290000915527,119.940002441406,91.6740036010742,16953200
2017-01-23,120.339996337891,121.870002746582,120.019996643066,121.139999389648,92.5912017822266,13118400
2017-01-24,120.769996643066,121.129997253418,119.800003051758,120.309997558594,91.9568023681641,8395000
2017-01-25,119.279998779297,119.599998474121,118.559997558594,118.800003051758,90.8026962280273,11115100
2017-01-26,118.910003662109,119.26000213623,118.330001831055,119.199996948242,91.1084060668945,7827900
2017-01-27,119.400001525879,119.830001831055,119.25,119.629997253418,91.4370269775391,7197800
2017-01-30,119.440002441406,119.879997253418,119.199996948242,119.269996643066,91.1618804931641,6569500
2017-01-31,119.330001831055,120.400001525879,119.25,120.099998474121,91.7963180541992,13298500
2017-02-01,119.099998474121,119.529998779297,118.580001831055,119.099998474121,91.2286605834961,10975500
2017-02-02,119.930000305176,120.139999389648,119,119.050003051758,91.1903762817383,6978600
2017-02-03,119.440002441406,119.870002746582,118.470001220703,119,91.1521072387695,10275600
2017-02-06,119.76000213623,120.129997253418,119.120002746582,119.720001220703,91.7036285400391,8433800
2017-02-07,119.779998779297,121.01000213623,119.470001220703,120.599998474121,92.3776626586914,8418400
2017-02-08,121.419998168945,122.269996643066,121.410003662109,122.23999786377,93.6338653564453,15734200
2017-02-09,121.410003662109,121.589996337891,120.660003662109,120.830001831055,92.553825378418,16890600
2017-02-10,120.110000610352,120.949996948242,120.110000610352,120.76000213623,92.5002365112305,7978500
2017-02-13,120.25,120.410003662109,119.879997253418,120.379997253418,92.2091293334961,11536800
2017-02-14,120.23999786377,120.300003051758,118.830001831055,119.51000213623,91.5427322387695,13210500
2017-02-15,118.76000213623,119.220001220703,118.650001525879,118.959999084473,91.1214904785156,8481000
2017-02-16,119.220001220703,120.209999084473,119.120002746582,119.610000610352,91.6193389892578,10005800
2017-02-17,120.610000610352,120.699996948242,120.129997253418,120.319999694824,92.163215637207,7886400
2017-02-21,119.680000305176,120.610000610352,119.599998474121,120.110000610352,92.0023422241211,8703800
2017-02-22,120.800003051758,120.819999694824,119.589996337891,120.309997558594,92.1555328369141,8101500
2017-02-23,120.569999694824,120.73999786377,120.330001831055,120.669998168945,92.4312973022461,5330800
2017-02-24,121.349998474121,122.139999389648,121.26000213623,122.01000213623,93.4576797485352,11336000
2017-02-27,121.809997558594,121.900001525879,121.230003356934,121.290000915527,92.9061584472656,11039800
2017-02-28,121.5,122.080001831055,121.319999694824,121.73999786377,93.2509231567383,8410500
2017-03-01,119.440002441406,119.550003051758,118.949996948242,119.470001220703,91.688346862793,10717100
2017-03-02,119.01000213623,119.209999084473,118.620002746582,119.040000915527,91.3583602905273,8201200
2017-03-03,119.230003356934,119.349998474121,118.550003051758,119.349998474121,91.5962066650391,9515200
2017-03-06,119.120002746582,119.120002746582,118.519996643066,118.779998779297,91.1587905883789,4489200
2017-03-07,118.480003356934,118.680000305176,118.25,118.419998168945,90.8825149536133,7080100
2017-03-08,117.309997558594,117.949996948242,117.230003356934,117.779998779297,90.3913269042969,11336300
2017-03-09,117.339996337891,117.480003356934,116.769996643066,116.839996337891,89.6699295043945,10575400
2017-03-10,117.139999389648,117.319999694824,116.680000305176,117.25,89.984619140625,9218500
2017-03-13,116.830001831055,117.089996337891,116.48999786377,116.51000213623,89.4166641235352,6993100
2017-03-14,116.769996643066,117.349998474121,116.709999084473,117.069999694824,89.8464584350586,9869200
2017-03-15,117.559997558594,118.830001831055,117.430000305176,118.5,90.9439239501953,14600500
2017-03-16,117.98999786377,118.150001525879,117.629997253418,117.900001525879,90.4834671020508,8018200
2017-03-17,118.110000610352,118.75,118.029998779297,118.639999389648,91.0513458251953,7266800
2017-03-20,118.550003051758,119.230003356934,118.5,119.150001525879,91.442741394043,5497800
2017-03-21,119.050003051758,120.300003051758,119.019996643066,120.139999389648,92.2025375366211,12540700
2017-03-22,120.720001220703,121.169998168945,120.430000305176,120.620002746582,92.5708770751953,11661400
2017-03-23,120.830001831055,121.019996643066,120.059997558594,120.449996948242,92.4404144287109,6746500
2017-03-24,120.529998779297,121.099998474121,120.400001525879,120.879997253418,92.7704544067383,5819600
2017-03-27,121.830001831055,121.970001220703,121.190002441406,121.430000305176,93.1926040649414,6878500
2017-03-28,121.790000915527,121.819999694824,120.48999786377,120.620002746582,92.5708770751953,6811200
2017-03-29,120.940002441406,121.379997253418,120.879997253418,121.339996337891,93.1234970092773,6291000
2017-03-30,121.069999694824,121.089996337891,120.319999694824,120.360000610352,92.3713684082031,7042400
2017-03-31,120.279998779297,120.809997558594,120.209999084473,120.709999084473,92.6399688720703,5144800
2017-04-03,120.449996948242,121.870002746582,120.400001525879,121.669998168945,93.5744400024414,12996500
2017-04-04,121.370002746582,121.589996337891,120.949996948242,121.01000213623,93.0668182373047,6976700
2017-04-05,120.559997558594,121.519996643066,120.360000610352,121.379997253418,93.3514099121094,8555200
2017-04-06,121.23999786377,121.410003662109,120.519996643066,121.199996948242,93.2129135131836,6497000
2017-04-07,121.839996337891,122.25,120.690002441406,120.709999084473,92.8360900878906,10270000
2017-04-10,121.139999389648,121.620002746582,121,121.269996643066,93.2668151855469,5314500
2017-04-11,121.800003051758,122.650001525879,121.720001220703,122.419998168945,94.1512756347656,11297400
2017-04-12,122.51000213623,123.190002441406,122.290000915527,123.089996337891,94.6665191650391,11532500
2017-04-13,123.449996948242,123.73999786377,122.910003662109,123.470001220703,94.9588012695312,8396700
2017-04-17,123.459999084473,123.550003051758,122.860000610352,123.089996337891,94.6665191650391,8015000
2017-04-18,123.860000610352,124.980003356934,123.550003051758,124.699996948242,95.9047470092773,11529700
2017-04-19,124.099998474121,124.169998168945,123.699996948242,124.019996643066,95.3817825317383,7344000
2017-04-20,123.519996643066,123.919998168945,123.139999389648,123.540000915527,95.0125961303711,7932900
2017-04-21,123.819999694824,124.23999786377,123.48999786377,123.540000915527,95.0125961303711,9798500
2017-04-24,122.550003051758,123.160003662109,122.459999084473,122.930000305176,94.54345703125,8066400
2017-04-25,122.209999084473,122.459999084473,121.379997253418,121.449996948242,93.4052276611328,8122300
2017-04-26,121.519996643066,122.139999389648,121.430000305176,122.120002746582,93.9205474853516,5766200
2017-04-27,121.75,122.349998474121,121.580001831055,122.080001831055,93.8897476196289,4978300
2017-04-28,121.599998474121,122.440002441406,121.550003051758,122.349998474121,94.0973815917969,8166300
2017-05-01,121.690002441406,122.139999389648,120.709999084473,121.080001831055,93.3151550292969,8795900
2017-05-02,120.970001220703,121.779998779297,120.940002441406,121.699996948242,93.7929534912109,6727800
2017-05-03,122.220001220703,122.389999389648,121.550003051758,121.779998779297,93.854621887207,8932900
2017-05-04,121.01000213623,121.220001220703,120.669998168945,121.180000305176,93.392219543457,9707200
2017-05-05,121.379997253418,121.470001220703,120.889999389648,121.290000915527,93.4769821166992,5605400
2017-05-08,121.110000610352,121.139999389648,120.529998779297,120.629997253418,92.9683609008789,8057800
2017-05-09,120.379997253418,120.629997253418,120.139999389648,120.620002746582,92.9606323242188,5536700
2017-05-10,120.910003662109,121.059997558594,120.160003662109,120.480003356934,92.8527450561523,6517000
2017-05-11,120,120.569999694824,119.910003662109,120.480003356934,92.8527450561523,7479800
2017-05-12,121.01000213623,121.48999786377,120.980003356934,121.389999389648,93.5541152954102,7463900
2017-05-15,121.059997558594,121.209999084473,120.75,121.059997558594,93.2997360229492,5173200
2017-05-16,121.110000610352,121.889999389648,121.110000610352,121.51000213623,93.6465530395508,6722700
2017-05-17,122.629997253418,123.540000915527,122.389999389648,123.279998779297,95.0106811523438,11236400
2017-05-18,123.75,123.940002441406,123.190002441406,123.419998168945,95.1185836791992,8350500
2017-05-19,123.360000610352,123.779998779297,123.01000213623,123.709999084473,95.3421020507812,11277400
2017-05-22,123.410003662109,123.559997558594,123.26000213623,123.370002746582,95.0800476074219,4062900
2017-05-23,123.51000213623,123.620002746582,122.480003356934,122.540000915527,94.4403686523438,7901300
2017-05-24,122.800003051758,123.26000213623,122.540000915527,123.230003356934,94.9721374511719,7355200
2017-05-25,123.019996643066,123.279998779297,122.76000213623,123.269996643066,95.0030059814453,6464800
2017-05-26,123.550003051758,123.73999786377,123.25,123.480003356934,95.1648178100586,2963800
2017-05-30,124.029998779297,124.139999389648,123.73999786377,124.089996337891,95.6349029541016,4819400
2017-05-31,124.050003051758,124.650001525879,124.029998779297,124.400001525879,95.8738403320312,8000200
2017-06-01,123.699996948242,124.190002441406,123.660003662109,124.150001525879,95.8838882446289,9037300
2017-06-02,125.220001220703,125.769996643066,125.050003051758,125.620002746582,97.0192108154297,13245000
2017-06-05,124.900001525879,125.160003662109,124.779998779297,124.839996337891,96.4168090820312,6775500
2017-06-06,125.690002441406,125.870002746582,125.400001525879,125.519996643066,96.9419860839844,12841500
2017-06-07,125.23999786377,125.519996643066,124.790000915527,124.919998168945,96.4785842895508,12852400
2017-06-08,124.879997253418,124.879997253418,124.300003051758,124.589996337891,96.2237243652344,8758600
2017-06-09,124.080001831055,124.639999389648,123.980003356934,124.400001525879,96.0769958496094,5130500
2017-06-12,124.209999084473,124.98999786377,124.139999389648,124.360000610352,96.0461196899414,4335800
2017-06-13,124.01000213623,124.519996643066,123.98999786377,124.379997253418,96.0615310668945,4742600
2017-06-14,125.919998168945,126.709999084473,125.730003356934,126.300003051758,97.5443801879883,20212300
2017-06-15,126.089996337891,126.330001831055,125.830001831055,126.099998474121,97.3899230957031,5863700
2017-06-16,126.080001831055,126.440002441406,126.01000213623,126.349998474121,97.5830078125,6672500
2017-06-19,126.319999694824,126.480003356934,126.029998779297,126.169998168945,97.4440002441406,5641300
2017-06-20,126.790000915527,127.400001525879,126.790000915527,127.300003051758,98.3167037963867,8405700
2017-06-21,127.110000610352,127.639999389648,126.910003662109,127.559997558594,98.5175399780273,5914800
2017-06-22,127.709999084473,127.870002746582,127.309997558594,127.839996337891,98.7337646484375,6608100
2017-06-23,127.470001220703,127.900001525879,127.400001525879,127.779998779297,98.6874465942383,4329900
2017-06-26,128.270004272461,128.570007324219,128.160003662109,128.259994506836,99.0581207275391,5541600
2017-06-27,127.430000305176,127.48999786377,126.620002746582,126.889999389648,98.0000839233398,8354200
2017-06-28,126.669998168945,126.709999084473,125.980003356934,126.470001220703,97.6756362915039,7357900
2017-06-29,125.01000213623,125.720001220703,124.900001525879,125.410003662109,96.8570098876953,9115800
2017-06-30,125.190002441406,125.389999389648,124.849998474121,125.120002746582,96.6330642700195,10189800
2017-07-03,125,125.040000915527,124.019996643066,124.459999084473,96.3219451904297,11021100
2017-07-05,124.199996948242,124.650001525879,124.120002746582,124.48999786377,96.3451385498047,11394500
2017-07-06,123.519996643066,123.639999389648,122.930000305176,123.459999084473,95.5480041503906,10853100
2017-07-07,122.839996337891,123.029998779297,122.589996337891,122.720001220703,94.9753341674805,9401800
2017-07-10,122.870002746582,123.099998474121,122.680000305176,122.900001525879,95.1146087646484,3859200
2017-07-11,122.860000610352,123.330001831055,122.709999084473,123.110000610352,95.2771453857422,4425600
2017-07-12,123.889999389648,124.040000915527,123.48999786377,123.959999084473,95.9349517822266,7839900
2017-07-13,123.599998474121,123.650001525879,122.809997558594,123.180000305176,95.3313293457031,7449300
2017-07-14,124.099998474121,124.160003662109,123.120002746582,123.330001831055,95.447380065918,6566800
2017-07-17,123.330001831055,123.98999786377,123.269996643066,123.669998168945,95.7105178833008,4737300
2017-07-18,124.430000305176,124.769996643066,124.230003356934,124.75,96.5463562011719,9163000
2017-07-19,124.779998779297,125.01000213623,124.589996337891,124.800003051758,96.5850677490234,5140900
2017-07-20,125.48999786377,125.730003356934,124.970001220703,125.160003662109,96.8636932373047,12239100
2017-07-21,125.730003356934,126.029998779297,125.569999694824,125.690002441406,97.2738723754883,6201500
2017-07-24,125.449996948242,125.660003662109,125.160003662109,125.199996948242,96.8945999145508,5378500
2017-07-25,124.139999389648,124.190002441406,123.470001220703,123.569999694824,95.6331481933594,9743300
2017-07-26,123.269996643066,124.089996337891,123.080001831055,123.769996643066,95.787956237793,8459500
2017-07-27,123.110000610352,123.379997253418,122.819999694824,123.160003662109,95.3158645629883,6390800
2017-07-28,123.269996643066,123.98999786377,123.26000213623,123.889999389648,95.8807830810547,5491800
2017-07-31,123.459999084473,124.050003051758,123.400001525879,124.040000915527,95.9968795776367,5464600
2017-08-01,123.180000305176,124.709999084473,123.160003662109,124.639999389648,96.6708755493164,9676800
2017-08-02,124.769996643066,125.169998168945,124.680000305176,124.709999084473,96.7251663208008,5745600
2017-08-03,125.290000915527,126.019996643066,125.26000213623,126,97.7256774902344,10324500
2017-08-04,125.150001525879,125.180000305176,124.440002441406,124.930000305176,96.8958282470703,8485500
2017-08-07,124.839996337891,125.099998474121,124.610000610352,125.069999694824,97.0044097900391,4684600
2017-08-08,124.870002746582,124.980003356934,124.150001525879,124.620002746582,96.6553573608398,6197400
2017-08-09,125.930000305176,125.949996948242,125.199996948242,125.300003051758,97.1827926635742,9221800
2017-08-10,125.620002746582,126.440002441406,125.519996643066,126.370002746582,98.0127029418945,10378200
2017-08-11,125.769996643066,126.459999084473,125.550003051758,126.430000305176,98.0592346191406,5717800
2017-08-14,125.98999786377,126.279998779297,125.730003356934,125.779998779297,97.5551147460938,5111000
2017-08-15,124.730003356934,125.540000915527,124.709999084473,125.25,97.1440124511719,7473200
2017-08-16,124.830001831055,126.019996643066,124.809997558594,125.709999084473,97.5007781982422,5283800
2017-08-17,125.699996948242,126.680000305176,125.51000213623,126.650001525879,98.229850769043,9364700
2017-08-18,126.980003356934,127.150001525879,126.26000213623,126.620002746582,98.2065582275391,8382500
2017-08-21,126.769996643066,127.019996643066,126.5,126.930000305176,98.4469909667969,7669800
2017-08-22,126.790000915527,126.809997558594,126.269996643066,126.440002441406,98.0669784545898,6140700
2017-08-23,127.040000915527,127.309997558594,126.76000213623,127.300003051758,98.7339859008789,7446400
2017-08-24,126.879997253418,127.309997558594,126.720001220703,126.830001831055,98.3694458007812,5569400
2017-08-25,127.019996643066,127.449996948242,126.870002746582,127.319999694824,98.7494964599609,7303300
2017-08-28,126.919998168945,127.389999389648,126.730003356934,127.23999786377,98.6874542236328,4448500
2017-08-29,128.460006713867,128.520004272461,127.309997558594,127.650001525879,99.0054550170898,7659400
2017-08-30,127.459999084473,127.73999786377,127.339996337891,127.610000610352,98.9744262695312,4735200
2017-08-31,127.639999389648,128.029998779297,127.569999694824,127.98999786377,99.2691345214844,7978400
2017-09-01,127.309997558594,127.339996337891,126.430000305176,126.75,98.5097961425781,14128600
2017-09-05,127.690002441406,128.800003051758,127.690002441406,128.759994506836,100.071998596191,15215700
2017-09-06,128.720001220703,129,127.73999786377,127.970001220703,99.4580307006836,9066400
2017-09-07,128.330001831055,129.570007324219,128.330001831055,129.279998779297,100.476135253906,13618900
2017-09-08,129.110000610352,129.160003662109,128.570007324219,129,100.25853729248,9808500
2017-09-11,127.870002746582,128.050003051758,127.26000213623,127.459999084473,99.0616607666016,17856700
2017-09-12,127.050003051758,127.089996337891,126.529998779297,126.790000915527,98.5409164428711,7557400
2017-09-13,126.910003662109,126.919998168945,126.279998779297,126.290000915527,98.15234375,6740000
2017-09-14,126.370002746582,126.830001831055,126.330001831055,126.809997558594,98.5564575195312,6674500
2017-09-15,127,127.01000213623,126.540000915527,126.860000610352,98.5953063964844,9769200
2017-09-18,126.5,126.569999694824,125.839996337891,126.129997253418,98.0279159545898,6863000
2017-09-19,126.279998779297,126.309997558594,125.730003356934,125.819999694824,97.7870559692383,5554900
2017-09-20,125.970001220703,126.050003051758,125.330001831055,125.910003662109,97.8569641113281,8037000
2017-09-21,126.160003662109,126.559997558594,125.819999694824,125.839996337891,97.8025817871094,6147800
2017-09-22,126.5,126.730003356934,126.059997558594,126.199996948242,98.0823211669922,5660700
2017-09-25,126.319999694824,127.269996643066,126.199996948242,126.98999786377,98.6963653564453,9679000
2017-09-26,126.769996643066,126.889999389648,126.430000305176,126.76000213623,98.5176239013672,7251900
2017-09-27,124.870002746582,125.300003051758,124.610000610352,124.849998474121,97.0331420898438,12145700
2017-09-28,124.209999084473,124.650001525879,123.970001220703,124.480003356934,96.7455673217773,8883700
2017-09-29,124.76000213623,125.029998779297,124.269996643066,124.76000213623,96.9631729125977,11285500
2017-10-02,124.809997558594,125,124.23999786377,124.279998779297,96.7856369018555,7860700
2017-10-03,123.919998168945,124.51000213623,123.919998168945,124.400001525879,96.8790740966797,6219800
2017-10-04,124.529998779297,124.589996337891,123.879997253418,124.410003662109,96.8869094848633,7447000
2017-10-05,124.269996643066,124.300003051758,123.690002441406,123.940002441406,96.520866394043,8180300
2017-10-06,123.290000915527,124.099998474121,123.029998779297,123.589996337891,96.2482833862305,10375000
2017-10-09,123.779998779297,124.059997558594,123.639999389648,123.980003356934,96.5520095825195,3590900
2017-10-10,124.139999389648,124.870002746582,124.019996643066,124.180000305176,96.7077865600586,6666800
2017-10-11,124.569999694824,124.660003662109,124.26000213623,124.419998168945,96.8946304321289,4385900
2017-10-12,124.550003051758,124.980003356934,124.23999786377,124.949996948242,97.3074493408203,7141600
2017-10-13,125.580001831055,125.940002441406,125.169998168945,125.849998474121,98.0083084106445,7746900
2017-10-16,125.529998779297,125.900001525879,125.379997253418,125.76000213623,97.9382171630859,5737300
2017-10-17,125.389999389648,126.089996337891,125.389999389648,125.919998168945,98.0628280639648,4969600
2017-10-18,125.050003051758,125.180000305176,124.680000305176,125.089996337891,97.4164733886719,5943800
2017-10-19,125.73999786377,126.01000213623,125.269996643066,125.309997558594,97.587776184082,8966500
2017-10-20,124,124.279998779297,123.639999389648,123.980003356934,96.5520095825195,12326900
2017-10-23,124.160003662109,124.48999786377,124.019996643066,124.199996948242,96.7233428955078,6871100
2017-10-24,123.370002746582,123.690002441406,123.150001525879,123.430000305176,96.1236724853516,6842800
2017-10-25,122.529998779297,122.980003356934,122.419998168945,122.839996337891,95.6642150878906,9961400
2017-10-26,123.059997558594,123.059997558594,122.430000305176,122.430000305176,95.3449249267578,8179400
2017-10-27,122.940002441406,123.330001831055,122.75,123.23999786377,95.975715637207,10480900
2017-10-30,123.860000610352,124.459999084473,123.559997558594,124.419998168945,96.8946304321289,9051600
2017-10-31,124.529998779297,124.660003662109,124.400001525879,124.459999084473,96.9258117675781,4424300
2017-11-01,124.349998474121,125.139999389648,124.300003051758,124.75,97.3573760986328,8940400
2017-11-02,125,125.519996643066,124.919998168945,125.300003051758,97.7866516113281,7222700
2017-11-03,125.470001220703,125.699996948242,125.139999389648,125.639999389648,98.0519561767578,10984100
2017-11-06,125.930000305176,126.220001220703,125.720001220703,126.110000610352,98.4187622070312,6246700
2017-11-07,126.230003356934,126.779998779297,126.129997253418,126.639999389648,98.8323822021484,6422700
2017-11-08,126.589996337891,126.800003051758,126.209999084473,126.360000610352,98.6138381958008,3356200
2017-11-09,125.870002746582,126.23999786377,125.550003051758,126,98.3329086303711,6280400
2017-11-10,124.709999084473,124.839996337891,123.959999084473,124.099998474121,96.8501052856445,11981000
2017-11-13,124.800003051758,124.809997558594,124.309997558594,124.360000610352,97.0530700683594,5880800
2017-11-14,124.769996643066,125.23999786377,124.769996643066,125.199996948242,97.7085876464844,6195900
2017-11-15,126.059997558594,126.669998168945,125.639999389648,126.559997558594,98.7699356079102,9568200
2017-11-16,126.01000213623,126.330001831055,125.449996948242,125.459999084473,97.9114990234375,5894900
2017-11-17,126.069999694824,126.440002441406,125.959999084473,126.389999389648,98.6372756958008,6938800
2017-11-20,125.910003662109,126.379997253418,125.910003662109,126.339996337891,98.5982666015625,4232300
2017-11-21,127.089996337891,127.290000915527,126.309997558594,126.73999786377,98.9104080200195,5818400
2017-11-22,126.620002746582,127.199996948242,126.51000213623,127.150001525879,99.2303924560547,4140700
2017-11-24,126.930000305176,127.029998779297,126.690002441406,126.800003051758,98.9572601318359,3141400
2017-11-27,126.860000610352,127.050003051758,126.419998168945,126.620002746582,98.8167495727539,6079900
2017-11-28,126.769996643066,127.180000305176,126.470001220703,126.790000915527,98.9494323730469,5983000
2017-11-29,125.559997558594,125.680000305176,125.099998474121,125.540000915527,97.9739379882812,14547100
2017-11-30,125.309997558594,125.519996643066,124.440002441406,125.120002746582,97.6461639404297,9630000
2017-12-01,125.870002746582,127.690002441406,125.099998474121,126.550003051758,98.9638442993164,24583100
2017-12-04,125.919998168945,126.669998168945,125.809997558594,126.610000610352,99.0107650756836,9609200
2017-12-05,126.470001220703,127.5,126.449996948242,127.23999786377,99.5034255981445,10958900
2017-12-06,127.870002746582,128.229995727539,127.660003662109,127.680000305176,99.8475112915039,11834200
2017-12-07,127.930000305176,128.100006103516,126.300003051758,126.680000305176,99.0655212402344,13056800
2017-12-08,126.589996337891,126.73999786377,126.23999786377,126.690002441406,99.0733032226562,4786100
2017-12-11,126.860000610352,127.089996337891,126.410003662109,126.430000305176,98.8699645996094,3863800
2017-12-12,126.169998168945,126.410003662109,125.669998168945,126.379997253418,98.8308868408203,7502400
2017-12-13,126.809997558594,127.389999389648,126.589996337891,127.330001831055,99.5737991333008,8532900
2017-12-14,127.050003051758,127.980003356934,126.790000915527,127.870002746582,99.9960861206055,6885000
2017-12-15,127.809997558594,128.589996337891,127.559997558594,128.350006103516,100.371467590332,7239400
2017-12-18,127.970001220703,128,126.910003662109,127.180000305176,99.4565048217773,7239700
2017-12-19,126.319999694824,126.379997253418,125.069999694824,125.529998779297,98.1661605834961,11045800
2017-12-20,124.309997558594,124.709999084473,123.949996948242,124.139999389648,97.0792083740234,10005800
2017-12-21,124.029998779297,124.860000610352,124,124.599998474121,97.6449890136719,7026900
2017-12-22,124.699996948242,124.839996337891,124.529998779297,124.769996643066,97.7782287597656,3974300
2017-12-26,124.980003356934,125.529998779297,124.970001220703,125.139999389648,98.0681686401367,3168400
2017-12-27,125.709999084473,126.980003356934,125.699996948242,126.769996643066,99.3455429077148,9059700
2017-12-28,126.529998779297,126.830001831055,126.370002746582,126.660003662109,99.2593307495117,5297100
2017-12-29,126.5,127.120002746582,126.480003356934,126.860000610352,99.4161071777344,7580500
2018-01-02,126.48999786377,126.51000213623,125.069999694824,125.48999786377,98.3424835205078,16238200
2018-01-03,126,126.199996948242,125.48999786377,126.089996337891,98.812629699707,8605100
2018-01-04,125.650001525879,126.160003662109,125.370002746582,126.069999694824,98.7969818115234,9217900
2018-01-05,125.870002746582,126.180000305176,125.360000610352,125.709999084473,98.5148544311523,10915400
2018-01-08,125.98999786377,126.029998779297,125.169998168945,125.629997253418,98.4521942138672,8850600
2018-01-09,124.809997558594,124.830001831055,123.809997558594,123.949996948242,97.135612487793,16226400
2018-01-10,122.809997558594,123.930000305176,122.660003662109,123.800003051758,97.0180358886719,14302600
2018-01-11,123.51000213623,124.589996337891,123.309997558594,124.309997558594,97.4177169799805,12511000
2018-01-12,124.099998474121,124.790000915527,123.910003662109,124.519996643066,97.5822982788086,9987100
2018-01-16,125.169998168945,125.279998779297,124.559997558594,125.040000915527,97.9898223876953,9125900
2018-01-17,125.080001831055,125.639999389648,124.599998474121,124.870002746582,97.856559753418,8327000
2018-01-18,123.930000305176,124.269996643066,123.540000915527,123.709999084473,96.9475555419922,10843900
2018-01-19,123.400001525879,123.559997558594,122.980003356934,123.059997558594,96.4381408691406,11374300
2018-01-22,123.449996948242,123.709999084473,122.98999786377,123.180000305176,96.5321578979492,8984700
2018-01-23,123.809997558594,124.199996948242,123.23999786377,123.709999084473,96.9475555419922,12325700
2018-01-24,122.849998474121,123.129997253418,122.540000915527,123.040000915527,96.422477722168,9038900
2018-01-25,123.160003662109,124.150001525879,122.800003051758,124.050003051758,97.2140197753906,12173300
2018-01-26,123.879997253418,123.910003662109,123.099998474121,123.589996337891,96.8534545898438,6462900
2018-01-29,122.970001220703,122.970001220703,122.300003051758,122.730003356934,96.179573059082,12223000
2018-01-30,122.279998779297,122.370002746582,121.699996948242,122.01000213623,95.6153106689453,12064400
2018-01-31,122.870002746582,122.930000305176,121.940002441406,122.730003356934,96.179573059082,18045100
2018-02-01,122.480003356934,122.529998779297,120.629997253418,120.699996948242,94.7856216430664,18632800
2018-02-02,120.150001525879,120.26000213623,119.23999786377,119.580001831055,93.9060974121094,23944400
2018-02-05,119.169998168945,121.819999694824,118.639999389648,120.709999084473,94.7935104370117,28606200
2018-02-06,120.419998168945,120.870002746582,119.720001220703,119.959999084473,94.2045059204102,10935400
2018-02-07,120.129997253418,120.330001831055,118.559997558594,118.819999694824,93.3092880249023,16271100
2018-02-08,118.01000213623,119.180000305176,117.849998474121,118.690002441406,93.2071990966797,15155100
2018-02-09,118.110000610352,119.089996337891,117.790000915527,117.940002441406,92.6181869506836,15661600
2018-02-12,118.559997558594,119.300003051758,118.190002441406,118.459999084473,93.0265655517578,10944600
2018-02-13,118.610000610352,119.01000213623,118.389999389648,118.98999786377,93.4427871704102,8157600
2018-02-14,118.459999084473,118.540000915527,117.470001220703,117.669998168945,92.4061813354492,12043300
2018-02-15,118.190002441406,118.800003051758,117.98999786377,118.069999694824,92.7203063964844,8222400
2018-02-16,119.040000915527,119.209999084473,118.339996337891,118.709999084473,93.2229080200195,8454100
2018-02-20,118.279998779297,118.51000213623,117.779998779297,118.190002441406,92.8145141601562,8268800
2018-02-21,118.23999786377,118.290000915527,116.51000213623,116.73999786377,91.6758499145508,12054300
2018-02-22,117.23999786377,117.660003662109,117,117.089996337891,91.95068359375,9317900
2018-02-23,117.879997253418,118.309997558594,117.720001220703,118.129997253418,92.7674026489258,9072900
2018-02-26,118.680000305176,118.910003662109,118.040000915527,118.169998168945,92.798828125,8771600
2018-02-27,118.519996643066,118.660003662109,117.26000213623,118,92.6653213500977,12525700
2018-02-28,118.470001220703,118.830001831055,118.25,118.75,93.2543182373047,9311600
2018-03-01,118.430000305176,119.620002746582,118.150001525879,119.319999694824,93.8909072875977,12287700
2018-03-02,118.849998474121,118.930000305176,118.120002746582,118.349998474121,93.1275787353516,10064300
2018-03-05,118.75,118.800003051758,117.629997253418,118.029998779297,92.8758163452148,5658200
2018-03-06,118.360000610352,118.680000305176,118.120002746582,118.139999389648,92.9623565673828,5452000
2018-03-07,118.569999694824,118.680000305176,117.959999084473,118.01000213623,92.8600769042969,4461800
2018-03-08,118.309997558594,118.98999786377,118.26000213623,118.690002441406,93.3951721191406,7086700
2018-03-09,117.98999786377,118.269996643066,117.589996337891,117.910003662109,92.7814025878906,6570400
2018-03-12,118.309997558594,118.660003662109,118.190002441406,118.589996337891,93.3164596557617,5801300
2018-03-13,118.309997558594,119.370002746582,118.190002441406,119.190002441406,93.7886047363281,7455300
2018-03-14,119.400001525879,120.400001525879,119.370002746582,120.23999786377,94.6148147583008,10175000
2018-03-15,120.169998168945,120.48999786377,119.930000305176,120.23999786377,94.6148147583008,6757900
2018-03-16,119.800003051758,120.01000213623,119.550003051758,119.809997558594,94.2764434814453,6084300
2018-03-19,119.209999084473,119.970001220703,119.199996948242,119.430000305176,93.9774703979492,8491200
2018-03-20,118.910003662109,119.220001220703,118.830001831055,118.949996948242,93.5997161865234,5446000
2018-03-21,118.660003662109,119.419998168945,118.110000610352,119.080001831055,93.7020263671875,9742400
2018-03-22,120.309997558594,120.819999694824,119.669998168945,120.26000213623,94.6305541992188,12136600
2018-03-23,119.680000305176,120.309997558594,119.620002746582,120.169998168945,94.5597381591797,7250400
2018-03-26,120,120.449996948242,119.669998168945,119.709999084473,94.19775390625,8237900
2018-03-27,119.830001831055,121.120002746582,119.809997558594,120.98999786377,95.2049789428711,9168500
2018-03-28,121.449996948242,121.639999389648,120.949996948242,121.309997558594,95.4567413330078,7412500
2018-03-29,121.540000915527,122.290000915527,121.51000213623,121.900001525879,95.9211044311523,9694300
2018-04-02,121.349998474121,122.360000610352,121.160003662109,121.879997253418,96.1102981567383,12036500
2018-04-03,121.360000610352,121.480003356934,120.830001831055,120.940002441406,95.3690719604492,9855000
2018-04-04,121.349998474121,121.459999084473,120.599998474121,120.690002441406,95.1719131469727,6654300
2018-04-05,120.099998474121,120.269996643066,119.769996643066,119.790000915527,94.4621963500977,7603700
2018-04-06,120.660003662109,121.150001525879,120.220001220703,121.099998474121,95.4952392578125,8831200
2018-04-09,120.639999389648,121.300003051758,120.349998474121,121.300003051758,95.6529388427734,6307500
2018-04-10,121.199996948242,121.379997253418,120.779998779297,121.080001831055,95.4794158935547,6046000
2018-04-11,121.849998474121,121.889999389648,121.269996643066,121.51000213623,95.8185501098633,5901300
2018-04-12,121.040000915527,121.069999694824,120.410003662109,120.620002746582,95.1166839599609,6622800
2018-04-13,120.519996643066,121.129997253418,120.5,120.900001525879,95.3374938964844,4964000
2018-04-16,120.230003356934,120.970001220703,120.180000305176,120.940002441406,95.3690719604492,4491300
2018-04-17,120.919998168945,121.580001831055,120.819999694824,121.269996643066,95.6292877197266,5590400
2018-04-18,121.290000915527,121.339996337891,120.279998779297,120.300003051758,94.8643569946289,8138400
2018-04-19,119.419998168945,119.529998779297,118.809997558594,119.319999694824,94.0915679931641,9875800
2018-04-20,118.889999389648,119.129997253418,118.430000305176,118.459999084473,93.4134216308594,7579400
2018-04-23,118.330001831055,118.620002746582,118.080001831055,118.48999786377,93.4370880126953,7073200
2018-04-24,118.209999084473,118.449996948242,117.76000213623,117.949996948242,93.0112457275391,8190800
2018-04-25,117.410003662109,117.650001525879,116.940002441406,117.160003662109,92.388298034668,6603800
2018-04-26,117.730003356934,118.129997253418,117.589996337891,117.980003356934,93.0348968505859,6528600
2018-04-27,118.470001220703,118.949996948242,118.440002441406,118.889999389648,93.7525100708008,5401800
2018-04-30,119.080001831055,119.559997558594,118.940002441406,119.099998474121,93.9180755615234,8321100
2018-05-01,118.769996643066,118.839996337891,118.230003356934,118.410003662109,93.5798797607422,7979200
2018-05-02,118.639999389648,118.870002746582,118.26000213623,118.279998779297,93.4771118164062,4644000
2018-05-03,118.839996337891,119.309997558594,118.680000305176,118.809997558594,93.8959732055664,6345300
2018-05-04,119.230003356934,119.230003356934,118.48999786377,118.98999786377,94.0382080078125,4283500
2018-05-07,118.970001220703,119.019996643066,118.73999786377,118.800003051758,93.888053894043,3647800
2018-05-08,118.550003051758,119,118.300003051758,118.690002441406,93.8011322021484,6091200
2018-05-09,118.120002746582,118.419998168945,117.980003356934,117.980003356934,93.2399826049805,7832500
2018-05-10,118.550003051758,118.980003356934,118.349998474121,118.930000305176,93.9908142089844,7101500
2018-05-11,119.319999694824,119.360000610352,118.819999694824,119.230003356934,94.2278671264648,4273400
2018-05-14,118.800003051758,118.98999786377,118.589996337891,118.599998474121,93.72998046875,4996200
2018-05-15,117.559997558594,117.580001831055,116.699996948242,117.25,92.6630859375,12901000
2018-05-16,117.419998168945,117.529998779297,116.790000915527,116.800003051758,92.3074645996094,6518000
2018-05-17,116.629997253418,116.819999694824,116.089996337891,116.209999084473,91.8411560058594,7330300
2018-05-18,116.51000213623,117.290000915527,116.51000213623,117.209999084473,92.6314926147461,9606500
2018-05-21,117.129997253418,117.379997253418,116.949996948242,117.269996643066,92.6788940429688,4448500
2018-05-22,117.290000915527,117.349998474121,116.849998474121,117.089996337891,92.5366134643555,4700700
2018-05-23,117.75,118.110000610352,117.660003662109,117.940002441406,93.208381652832,9634000
2018-05-24,118.690002441406,119.059997558594,118.639999389648,118.879997253418,93.9512939453125,8204100
2018-05-25,119.559997558594,119.839996337891,119.470001220703,119.620002746582,94.5361328125,8482800
2018-05-29,120.790000915527,122.519996643066,120.430000305176,122.23999786377,96.6067199707031,21668100
2018-05-30,121,121.480003356934,120.73999786377,121.419998168945,95.9586410522461,11616300
2018-05-31,121.559997558594,121.980003356934,120.949996948242,121.220001220703,95.8005905151367,10769900
2018-06-01,120.169998168945,120.709999084473,119.849998474121,120.300003051758,95.2943878173828,8718800
2018-06-04,120.110000610352,120.139999389648,119.370002746582,119.430000305176,94.6052322387695,7156500
2018-06-05,119.959999084473,120.160003662109,119.620002746582,119.709999084473,94.8270721435547,5635900
2018-06-06,119.080001831055,119.099998474121,118.419998168945,118.73999786377,94.0586700439453,7813300
2018-06-07,118.690002441406,120.48999786377,118.680000305176,119.889999389648,94.9696197509766,13238300
2018-06-08,119.559997558594,119.849998474121,119.440002441406,119.529998779297,94.684455871582,6790600
2018-06-11,119.069999694824,119.389999389648,118.940002441406,119.309997558594,94.5102157592773,6844200
2018-06-12,118.930000305176,119.459999084473,118.889999389648,119.339996337891,94.5339508056641,6048200
2018-06-13,119.449996948242,119.639999389648,118.629997253418,119.279998779297,94.4864196777344,8834700
2018-06-14,119.779998779297,120.300003051758,119.480003356934,120.269996643066,95.2706527709961,10078800
2018-06-15,120.830001831055,121.089996337891,120.300003051758,120.379997253418,95.3577880859375,7992800
2018-06-18,120.480003356934,120.559997558594,120.040000915527,120.269996643066,95.2706527709961,4893700
2018-06-19,120.970001220703,121.230003356934,120.699996948242,120.970001220703,95.8251495361328,6133300
2018-06-20,120.769996643066,120.790000915527,119.900001525879,119.910003662109,94.985466003418,6879100
2018-06-21,120.360000610352,120.75,120.220001220703,120.540000915527,95.4845275878906,7235800
2018-06-22,120.089996337891,120.620002746582,120.059997558594,120.529998779297,95.4766082763672,4082500
2018-06-25,120.660003662109,121.110000610352,120.639999389648,120.800003051758,95.6904830932617,8363700
2018-06-26,120.769996643066,121.029998779297,120.660003662109,120.970001220703,95.8251495361328,5450000
2018-06-27,121.75,122.180000305176,121.550003051758,122.110000610352,96.7281799316406,8173400
2018-06-28,122.129997253418,122.25,121.830001831055,122.139999389648,96.7519226074219,7109500
2018-06-29,122.169998168945,122.5,121.650001525879,121.720001220703,96.4192733764648,11164700
2018-07-02,121.73999786377,121.75,121.290000915527,121.349998474121,96.3438034057617,9662000
2018-07-03,121.529998779297,122.029998779297,121.529998779297,122,96.8598785400391,3808800
2018-07-05,122.059997558594,122.529998779297,122.01000213623,122.349998474121,97.1377868652344,3860400
2018-07-06,122.75,122.919998168945,122.480003356934,122.75,97.4553146362305,4679900
2018-07-09,122.069999694824,122.209999084473,121.900001525879,121.959999084473,96.8280944824219,5952700
2018-07-10,121.870002746582,122.129997253418,121.809997558594,121.949996948242,96.8201675415039,5759700
2018-07-11,122.449996948242,122.550003051758,122.089996337891,122.419998168945,97.1933441162109,6869100
2018-07-12,122.169998168945,122.470001220703,122.139999389648,122.410003662109,97.1854019165039,4824700
2018-07-13,122.610000610352,122.870002746582,122.470001220703,122.720001220703,97.4314956665039,4079000
2018-07-16,122.209999084473,122.290000915527,121.639999389648,122.209999084473,97.0266265869141,5517100
2018-07-17,122.290000915527,122.389999389648,121.900001525879,121.980003356934,96.8440322875977,3764300
2018-07-18,122.019996643066,122.040000915527,121.389999389648,121.48999786377,96.4549789428711,6330000
2018-07-19,121.800003051758,122.449996948242,121.769996643066,122.26000213623,97.0662841796875,6166700
2018-07-20,121.580001831055,121.589996337891,120.699996948242,120.76000213623,95.8753814697266,10469500
2018-07-23,120.379997253418,120.379997253418,119.180000305176,119.269996643066,94.6924285888672,11571800
2018-07-24,119.279998779297,119.819999694824,119.139999389648,119.680000305176,95.0179824829102,9053500
2018-07-25,120.019996643066,120.26000213623,119.26000213623,119.48999786377,94.8670654296875,7357900
2018-07-26,119.709999084473,119.879997253418,119.160003662109,119.26000213623,94.6844940185547,6821100
2018-07-27,119.849998474121,119.870002746582,119.400001525879,119.459999084473,94.8433227539062,4542000
2018-07-30,118.98999786377,119.410003662109,118.970001220703,119.050003051758,94.5177764892578,7111200
2018-07-31,119.790000915527,119.860000610352,119.559997558594,119.699996948242,95.0338134765625,6797400
2018-08-01,118.290000915527,118.839996337891,118.069999694824,118.459999084473,94.2596282958984,13312600
2018-08-02,118.620002746582,118.73999786377,118.300003051758,118.629997253418,94.3948745727539,4451100
2018-08-03,118.830001831055,119.290000915527,118.809997558594,119.220001220703,94.8643569946289,6162400
2018-08-06,119.540000915527,119.839996337891,119.269996643066,119.290000915527,94.9200210571289,4200200
2018-08-07,119.029998779297,119.099998474121,118.569999694824,118.669998168945,94.4267044067383,5346900
2018-08-08,118.660003662109,119.029998779297,118.610000610352,118.790000915527,94.5221786499023,5640900
2018-08-09,119.230003356934,119.830001831055,119.120002746582,119.790000915527,95.3179092407227,7144100
2018-08-10,120.370002746582,121.050003051758,120.279998779297,120.660003662109,96.0101852416992,8457900
2018-08-13,120.25,120.699996948242,120.209999084473,120.410003662109,95.8112487792969,7923200
2018-08-14,120.540000915527,120.559997558594,120.029998779297,120.139999389648,95.5963973999023,4251200
2018-08-15,120.660003662109,121.129997253418,120.569999694824,120.839996337891,96.1533889770508,7649800
2018-08-16,120.809997558594,120.930000305176,120.279998779297,120.830001831055,96.1454391479492,5400400
2018-08-17,121.089996337891,121.389999389648,120.75,120.980003356934,96.2647705078125,3537600
2018-08-20,121.639999389648,121.910003662109,121.540000915527,121.790000915527,96.9093551635742,5603700
2018-08-21,121.370002746582,121.529998779297,121.069999694824,121.379997253418,96.5830612182617,4695000
2018-08-22,122,122.050003051758,121.580001831055,121.860000610352,96.9650115966797,5309600
2018-08-23,122,122.129997253418,121.779998779297,122.050003051758,97.1161880493164,5328700
2018-08-24,121.620002746582,122.330001831055,121.48999786377,122.290000915527,97.3071899414062,6092200
2018-08-27,121.779998779297,121.870002746582,121.519996643066,121.589996337891,96.7501602172852,6407400
2018-08-28,121,121.089996337891,120.680000305176,120.860000610352,96.1693420410156,4929300
2018-08-29,120.940002441406,121.150001525879,120.620002746582,121.019996643066,96.2966156005859,5613300
2018-08-30,121.309997558594,121.459999084473,121.080001831055,121.279998779297,96.5035095214844,5302900
2018-08-31,121.889999389648,121.919998168945,120.889999389648,121,96.2807312011719,9677500
2018-09-04,119.959999084473,120.099998474121,119.75,120.029998779297,95.7240676879883,18343600
2018-09-05,119.76000213623,119.900001525879,119.550003051758,119.709999084473,95.4688491821289,9422600
2018-09-06,119.76000213623,120.400001525879,119.690002441406,120.150001525879,95.8197631835938,9566000
2018-09-07,119.330001831055,119.400001525879,118.98999786377,119.129997253418,95.0063018798828,11212600
2018-09-10,119.169998168945,119.599998474121,119.169998168945,119.569999694824,95.3572006225586,6386400
2018-09-11,119.080001831055,119.169998168945,118.599998474121,118.660003662109,94.6315078735352,5440000
2018-09-12,119.050003051758,119.169998168945,118.900001525879,118.940002441406,94.8547592163086,3347200
2018-09-13,119.339996337891,119.569999694824,118.980003356934,119.120002746582,94.9983215332031,4833000
2018-09-14,118.410003662109,118.910003662109,118.300003051758,118.550003051758,94.5437393188477,5579500
2018-09-17,118.180000305176,118.819999694824,118.120002746582,118.550003051758,94.5437393188477,5433000
2018-09-18,118.059997558594,118.069999694824,117.160003662109,117.309997558594,93.5548477172852,10182300
2018-09-19,117.110000610352,117.110000610352,116.190002441406,116.610000610352,92.9965667724609,13379600
2018-09-20,116.580001831055,117.300003051758,116.470001220703,117.150001525879,93.42724609375,8657300
2018-09-21,116.870002746582,117.279998779297,116.839996337891,117.099998474121,93.3874130249023,6173800
2018-09-24,116.73999786377,117.269996643066,116.720001220703,116.800003051758,93.1481704711914,5505500
2018-09-25,116.480003356934,116.73999786377,116.400001525879,116.680000305176,93.0524444580078,6650900
2018-09-26,116.930000305176,117.580001831055,116.660003662109,117.5,93.7063903808594,9512700
2018-09-27,117.23999786377,117.650001525879,117.099998474121,117.580001831055,93.7701568603516,5758500
2018-09-28,117.849998474121,117.910003662109,117.220001220703,117.269996643066,93.52294921875,12807700
2018-10-01,116.660003662109,116.830001831055,116.120002746582,116.150001525879,92.8363494873047,22442400
2018-10-02,116.669998168945,117.129997253418,116.599998474121,116.860000610352,93.4038619995117,8266900
2018-10-03,116.269996643066,116.360000610352,114.23999786377,114.830001831055,91.7813262939453,20829200
2018-10-04,114.129997253418,114.389999389648,113.709999084473,114.019996643066,91.1338806152344,16207400
2018-10-05,113.389999389648,113.720001220703,112.620002746582,113.040000915527,90.3505935668945,18096500
2018-10-08,112.98999786377,113.110000610352,112.639999389648,112.660003662109,90.046875,5855900
2018-10-09,113.139999389648,113.849998474121,113.069999694824,113.800003051758,90.9580764770508,11530800
2018-10-10,113.139999389648,113.580001831055,112.790000915527,113.48999786377,90.7102737426758,15290100
2018-10-11,114,115.150001525879,113.790000915527,114.870002746582,91.8132858276367,16086800
2018-10-12,114.389999389648,115.01000213623,114.279998779297,114.470001220703,91.4935836791992,6794100
2018-10-15,114.660003662109,114.819999694824,114.290000915527,114.419998168945,91.4536285400391,7146300
2018-10-16,114.389999389648,114.720001220703,114.160003662109,114.680000305176,91.6614608764648,4762300
2018-10-17,114.660003662109,114.790000915527,113.980003356934,114,91.1179351806641,5880700
2018-10-18,113.620002746582,114.389999389648,113.550003051758,113.959999084473,91.0859527587891,5728800
2018-10-19,113.849998474121,113.949996948242,113.410003662109,113.709999084473,90.8861618041992,10892400
2018-10-22,113.949996948242,114.080001831055,113.529998779297,113.559997558594,90.7662353515625,3244200
2018-10-23,114.76000213623,115.019996643066,113.839996337891,113.919998168945,91.0539627075195,10330700
2018-10-24,114.360000610352,114.819999694824,114.23999786377,114.779998779297,91.7413558959961,16008000
2018-10-25,114.540000915527,114.73999786377,114.230003356934,114.300003051758,91.3577346801758,12613200
2018-10-26,114.930000305176,115.319999694824,114.790000915527,114.98999786377,91.9092102050781,18582500
2018-10-29,114.839996337891,115.019996643066,114.26000213623,114.730003356934,91.7014007568359,7679900
2018-10-30,114.26000213623,114.540000915527,114.019996643066,114.160003662109,91.2457962036133,9939500
2018-10-31,113.73999786377,113.959999084473,113.209999084473,113.580001831055,90.7822265625,8706400
2018-11-01,112.849998474121,113.559997558594,112.839996337891,113.410003662109,90.8663635253906,6100200
2018-11-02,113.169998168945,113.26000213623,111.900001525879,112,89.7366561889648,11314800
2018-11-05,112.480003356934,112.709999084473,112.349998474121,112.440002441406,90.0891418457031,4760200
2018-11-06,112.599998474121,112.730003356934,112.330001831055,112.370002746582,90.0331192016602,3159900
2018-11-07,113.190002441406,113.400001525879,112.410003662109,112.519996643066,90.1532440185547,9313100
2018-11-08,112.959999084473,112.970001220703,112.410003662109,112.51000213623,90.1452941894531,6905100
2018-11-09,112.75,113.5,112.720001220703,113.349998474121,90.8182601928711,6465300
2018-11-12,113.949996948242,114.309997558594,113.910003662109,114.089996337891,91.4111785888672,6840000
2018-11-13,113.709999084473,114.019996643066,113.480003356934,114.019996643066,91.3550872802734,6525800
2018-11-14,113.480003356934,114.519996643066,113.300003051758,114.089996337891,91.4111785888672,8690800
2018-11-15,114.440002441406,114.540000915527,113.680000305176,114.040000915527,91.3711166381836,7879600
2018-11-16,114.199996948242,114.809997558594,113.919998168945,114.699996948242,91.8999328613281,9236700
2018-11-19,114.410003662109,115.019996643066,114.410003662109,115.019996643066,92.1562805175781,7027200
2018-11-20,115.23999786377,115.459999084473,114.930000305176,115.059997558594,92.188346862793,6332600
2018-11-21,114.889999389648,115.089996337891,114.540000915527,115.019996643066,92.1562805175781,4951100
2018-11-23,115.669998168945,115.76000213623,115.089996337891,115.139999389648,92.2524795532227,3027900
2018-11-26,114.860000610352,115.059997558594,114.779998779297,114.879997253418,92.0441284179688,6599000
2018-11-27,114.809997558594,115.25,114.76000213623,115.01000213623,92.148323059082,5967200
2018-11-28,114.849998474121,115.019996643066,114.360000610352,114.449996948242,91.6996307373047,7814000
2018-11-29,114.919998168945,115.25,114.589996337891,114.900001525879,92.0601501464844,7295600
2018-11-30,115.309997558594,115.419998168945,114.980003356934,115.330001831055,92.4046859741211,9127800
2018-12-03,114.680000305176,115.879997253418,114.660003662109,115.879997253418,93.060791015625,9763800
2018-12-04,116.809997558594,118.669998168945,116.629997253418,117.819999694824,94.6187973022461,18100500
2018-12-06,118.540000915527,119.199996948242,118.129997253418,118.190002441406,94.9159088134766,15319400
2018-12-07,117.809997558594,118.529998779297,117.519996643066,118.410003662109,95.0926132202148,8608400
2018-12-10,118.870002746582,119.279998779297,118.440002441406,118.900001525879,95.4861068725586,8777700
2018-12-11,118.970001220703,119.379997253418,118.610000610352,118.879997253418,95.4700546264648,8071900
2018-12-12,118.580001831055,118.720001220703,118.23999786377,118.349998474121,95.0444107055664,6182200
2018-12-13,118.459999084473,118.580001831055,117.980003356934,118.069999694824,94.8195419311523,5564200
2018-12-14,118.550003051758,118.769996643066,118.220001220703,118.480003356934,95.1488494873047,8169200
2018-12-17,118.589996337891,119.300003051758,118.580001831055,119.169998168945,95.7029495239258,9726800
2018-12-18,119.069999694824,119.790000915527,118.940002441406,119.599998474121,96.2760772705078,10018800
2018-12-19,120.110000610352,121.660003662109,119.919998168945,121.180000305176,97.5479736328125,23046300
2018-12-20,122.01000213623,122.029998779297,120.669998168945,120.73999786377,97.1937484741211,18543700
2018-12-21,121.139999389648,121.209999084473,120.389999389648,120.720001220703,97.1776580810547,9945100
2018-12-24,121.129997253418,121.419998168945,120.910003662109,121.319999694824,97.6606521606445,8377500
2018-12-26,120.98999786377,121.389999389648,119.970001220703,120.019996643066,96.6141662597656,11700400
2018-12-27,121.26000213623,121.379997253418,119.980003356934,120.040000915527,96.6302947998047,12146500
2018-12-28,120.400001525879,121.050003051758,120.290000915527,121.050003051758,97.4433288574219,9879100
2018-12-31,120.650001525879,121.559997558594,120.459999084473,121.51000213623,97.8135986328125,17409000
2019-01-02,121.660003662109,122.160003662109,121.339996337891,122.150001525879,98.3287963867188,19841500
2019-01-03,122.290000915527,123.860000610352,122.230003356934,123.540000915527,99.4477310180664,21187000
2019-01-04,122.339996337891,122.559997558594,121.650001525879,122.110000610352,98.2965850830078,12970200
2019-01-07,122.620002746582,122.650001525879,121.620002746582,121.75,98.0067901611328,8498100
2019-01-08,121.690002441406,121.940002441406,121.389999389648,121.430000305176,97.7492218017578,7737100
2019-01-09,121.26000213623,121.430000305176,120.800003051758,121.23999786377,97.5962677001953,9349200
2019-01-10,121.279998779297,121.410003662109,120.339996337891,120.459999084473,96.9683837890625,8222900
2019-01-11,120.830001831055,121.269996643066,120.680000305176,120.930000305176,97.3467102050781,5786900
2019-01-14,120.900001525879,121.01000213623,120.23999786377,120.480003356934,96.9844589233398,6730500
2019-01-15,120.559997558594,120.569999694824,119.949996948242,120.040000915527,96.6302947998047,8997400
2019-01-16,119.589996337891,120.389999389648,119.51000213623,120.160003662109,96.7268676757812,6048400
2019-01-17,120.220001220703,120.529998779297,119.889999389648,120.190002441406,96.7510604858398,8153400
2019-01-18,119.839996337891,120.120002746582,119.389999389648,119.559997558594,96.2439193725586,14106400
2019-01-22,120.309997558594,120.720001220703,120.069999694824,120.370002746582,96.8958740234375,8881100
2019-01-23,119.879997253418,120.620002746582,119.830001831055,120.319999694824,96.8556900024414,5776800
2019-01-24,120.910003662109,121.26000213623,120.709999084473,121.110000610352,97.491584777832,7121900
2019-01-25,120.589996337891,120.75,120.319999694824,120.529998779297,97.0247268676758,6460800
2019-01-28,120.540000915527,120.940002441406,120.410003662109,120.410003662109,96.9281311035156,6435800
2019-01-29,120.529998779297,121.040000915527,120.389999389648,121.019996643066,97.4192047119141,5750100
2019-01-30,120.839996337891,120.980003356934,120.330001831055,120.930000305176,97.3467102050781,10571300
2019-01-31,121.550003051758,122.180000305176,121.5,121.970001220703,98.1839065551758,11843400
2019-02-01,121.480003356934,121.569999694824,120.839996337891,120.959999084473,97.5908584594727,12024600
2019-02-04,120.440002441406,120.550003051758,120.019996643066,120.419998168945,97.1552276611328,8966200
2019-02-05,120.730003356934,121.230003356934,120.660003662109,120.970001220703,97.5989761352539,6983300
2019-02-06,121.360000610352,121.410003662109,120.730003356934,121.029998779297,97.6473693847656,5184000
2019-02-07,121.459999084473,121.910003662109,121.230003356934,121.830001831055,98.2928466796875,8781000
2019-02-08,122.26000213623,122.470001220703,122.069999694824,122.349998474121,98.7123413085938,5885400
2019-02-11,121.860000610352,122.180000305176,121.75,121.870002746582,98.3250961303711,4352800
2019-02-12,121.660003662109,121.75,121.199996948242,121.559997558594,98.0749664306641,7939600
2019-02-13,121.150001525879,121.389999389648,120.910003662109,121.099998474121,97.7038955688477,4757700
2019-02-14,122.139999389648,122.199996948242,121.580001831055,121.790000915527,98.2605438232422,5868900
2019-02-15,121.559997558594,122.019996643066,121.540000915527,121.980003356934,98.4138488769531,5527200
2019-02-19,122.419998168945,122.540000915527,121.949996948242,122.290000915527,98.6639404296875,5872800
2019-02-20,121.949996948242,122.080001831055,121.589996337891,121.940002441406,98.3815689086914,4455800
2019-02-21,121.069999694824,121.160003662109,120.699996948242,120.849998474121,97.5021743774414,7382500
2019-02-22,121.470001220703,121.949996948242,121.419998168945,121.569999694824,98.0830688476562,6374600
2019-02-25,121.169998168945,121.300003051758,120.919998168945,121.209999084473,97.7925720214844,6293500
2019-02-26,121.730003356934,121.819999694824,121.360000610352,121.809997558594,98.2766876220703,6028900
2019-02-27,121.120002746582,121.129997253418,120.279998779297,120.430000305176,97.1632843017578,7737300
2019-02-28,120.559997558594,120.620002746582,119.709999084473,120.019996643066,96.8325119018555,9533400
2019-03-01,119.330001831055,119.529998779297,118.639999389648,118.660003662109,95.9375076293945,13541100
2019-03-04,119.290000915527,119.769996643066,119.059997558594,119.589996337891,96.6894073486328,9808500
2019-03-05,119.279998779297,119.870002746582,119.269996643066,119.839996337891,96.8915252685547,5595200
2019-03-06,119.919998168945,120.519996643066,119.889999389648,120.279998779297,97.2472534179688,7766700
2019-03-07,120.639999389648,121.26000213623,120.610000610352,121.059997558594,97.8779067993164,8187200
2019-03-08,121.120002746582,121.690002441406,120.849998474121,121.569999694824,98.2902297973633,7517600
2019-03-11,121.400001525879,121.419998168945,120.980003356934,121.209999084473,97.999137878418,5157800
2019-03-12,121.300003051758,122.230003356934,121.26000213623,122.059997558594,98.686408996582,6422300
2019-03-13,121.660003662109,121.959999084473,121.620002746582,121.830001831055,98.5004806518555,4386300
2019-03-14,121.690002441406,121.76000213623,120.919998168945,120.949996948242,97.7889556884766,8188400
2019-03-15,121.73999786377,121.949996948242,121.400001525879,121.75,98.4357528686523,4302000
2019-03-18,121.569999694824,121.870002746582,121.519996643066,121.680000305176,98.3791885375977,3893300
2019-03-19,121.089996337891,121.620002746582,120.889999389648,121.410003662109,98.1609115600586,5220200
2019-03-20,121.73999786377,122.849998474121,121.730003356934,122.680000305176,99.1877136230469,10123700
2019-03-21,122.959999084473,123.089996337891,122.73999786377,122.949996948242,99.4059600830078,7182600
2019-03-22,124.209999084473,125.279998779297,124.059997558594,124.860000610352,100.950241088867,13077000
2019-03-25,124.809997558594,125.940002441406,124.51000213623,125.059997558594,101.111938476562,9736300
2019-03-26,124.699996948242,125.290000915527,124.620002746582,124.970001220703,101.039169311523,7502000
2019-03-27,125.419998168945,126.339996337891,125.309997558594,126.120002746582,101.968978881836,14207200
2019-03-28,126.25,126.690002441406,126.01000213623,126.559997558594,102.324676513672,9143200
2019-03-29,125.680000305176,126.470001220703,125.639999389648,126.440002441406,102.22770690918,10841400
2019-04-01,125.290000915527,125.360000610352,124.190002441406,124.370002746582,100.775634765625,16501500
2019-04-02,124.480003356934,124.73999786377,124.25,124.599998474121,100.961975097656,9725000
2019-04-03,123.610000610352,123.870002746582,123.370002746582,123.519996643066,100.086868286133,10407000
2019-04-04,123.599998474121,123.889999389648,123.440002441406,123.870002746582,100.370452880859,7503400
2019-04-05,123.620002746582,124.169998168945,123.580001831055,124.029998779297,100.500129699707,6321800
2019-04-08,123.830001831055,123.949996948242,123.519996643066,123.589996337891,100.143608093262,4446400
2019-04-09,124.220001220703,124.339996337891,123.769996643066,123.980003356934,100.459617614746,7020300
2019-04-10,124.269996643066,124.519996643066,124.099998474121,124.279998779297,100.702690124512,7519900
2019-04-11,123.930000305176,124.019996643066,123.410003662109,123.550003051758,100.111213684082,8679300
2019-04-12,122.889999389648,123.059997558594,122.629997253418,122.669998168945,99.3981628417969,7005500
2019-04-15,122.779998779297,122.98999786377,122.720001220703,122.980003356934,99.6493377685547,3070000
2019-04-16,122.51000213623,122.629997253418,122.139999389648,122.209999084473,99.0254058837891,8927300
2019-04-17,122.129997253418,122.569999694824,122.110000610352,122.26000213623,99.0659561157227,6118500
2019-04-18,122.809997558594,123.099998474121,122.779998779297,122.900001525879,99.5845108032227,27589400
2019-04-22,122.470001220703,122.569999694824,122.23999786377,122.309997558594,99.1064300537109,6241200
2019-04-23,122.610000610352,122.699996948242,122.389999389648,122.569999694824,99.3171081542969,6239700
2019-04-24,123.110000610352,123.589996337891,123.089996337891,123.569999694824,100.127433776855,7302000
2019-04-25,123.48999786377,123.620002746582,123.099998474121,123.389999389648,99.981559753418,5380900
2019-04-26,123.980003356934,124.019996643066,123.639999389648,123.809997558594,100.321838378906,5950700
2019-04-29,123.230003356934,123.349998474121,122.849998474121,123.019996643066,99.6817321777344,10246000
2019-04-30,122.949996948242,123.73999786377,122.930000305176,123.650001525879,100.192230224609,7957400
2019-05-01,123.690002441406,124.449996948242,123.599998474121,123.900001525879,100.605560302734,14371900
2019-05-02,123.680000305176,123.809997558594,123.040000915527,123.309997558594,100.126502990723,6612800
2019-05-03,123.660003662109,123.879997253418,123.370002746582,123.660003662109,100.410682678223,6191700
2019-05-06,124.309997558594,124.379997253418,123.930000305176,124,100.686729431152,4482500
2019-05-07,124.529998779297,125.139999389648,124.389999389648,124.949996948242,101.458129882812,8984900
2019-05-08,125.150001525879,125.300003051758,124.300003051758,124.410003662109,101.019638061523,6907600
2019-05-09,125.110000610352,125.300003051758,124.309997558594,124.919998168945,101.433792114258,9411900
2019-05-10,124.889999389648,125.449996948242,124.589996337891,124.75,101.295715332031,6037800
2019-05-13,125.400001525879,125.930000305176,125.25,125.730003356934,102.091484069824,10501600
2019-05-14,125.51000213623,125.650001525879,125.199996948242,125.360000610352,101.791030883789,5690400
2019-05-15,126.209999084473,126.269996643066,125.769996643066,126.129997253418,102.416282653809,9566300
2019-05-16,125.809997558594,125.830001831055,125.529998779297,125.709999084473,102.07527923584,7666400
2019-05-17,126.279998779297,126.300003051758,125.690002441406,125.98999786377,102.302604675293,4747100
2019-05-20,126.120002746582,126.379997253418,125.650001525879,125.730003356934,102.091484069824,6043100
2019-05-21,125.599998474121,125.720001220703,125.300003051758,125.529998779297,101.929061889648,4021800
2019-05-22,125.769996643066,126.330001831055,125.720001220703,126.25,102.513710021973,5675300
2019-05-23,126.889999389648,128.089996337891,126.879997253418,127.669998168945,103.666725158691,9743700
2019-05-24,127.559997558594,127.779998779297,127.389999389648,127.779998779297,103.756034851074,4981900
2019-05-28,128.270004272461,128.899993896484,128.089996337891,128.699996948242,104.50309753418,8098600
2019-05-29,129.669998168945,129.899993896484,129,129.089996337891,104.81974029541,13260600
2019-05-30,129.330001831055,130.229995727539,128.889999389648,130.199996948242,105.721054077148,13024800
2019-05-31,130.899993896484,131.899993896484,130.809997558594,131.830001831055,107.044609069824,18933600
2019-06-03,131.910003662109,132.580001831055,131.550003051758,132.440002441406,107.760620117188,17822400
2019-06-04,131.389999389648,131.759994506836,130.550003051758,130.929992675781,106.532020568848,14250000
2019-06-05,130.520004272461,130.949996948242,130.119995117188,130.190002441406,105.929901123047,8815200
2019-06-06,130.970001220703,131.589996337891,130.320007324219,130.610000610352,106.271644592285,9621100
2019-06-07,131.789993286133,132.070007324219,131.440002441406,131.740005493164,107.191101074219,11378500
2019-06-10,130.679992675781,130.699996948242,130.320007324219,130.5,106.182174682617,8288700
2019-06-11,130.419998168945,130.759994506836,130.320007324219,130.580001831055,106.247230529785,5115100
2019-06-12,130.389999389648,130.75,130.300003051758,130.679992675781,106.328582763672,5278700
2019-06-13,130.800003051758,131.25,130.789993286133,131.130004882812,106.694717407227,5560400
2019-06-14,131.100006103516,131.710006713867,131.089996337891,131.460006713867,106.963256835938,5838800
2019-06-17,131.389999389648,131.759994506836,131.130004882812,131.690002441406,107.150444030762,6046400
2019-06-18,132.740005493164,132.860000610352,131.949996948242,132.350006103516,107.687423706055,10320700
2019-06-19,131.860000610352,132.720001220703,131.580001831055,132.539993286133,107.841979980469,11962500
2019-06-20,132.910003662109,133.509994506836,132.589996337891,132.889999389648,108.126800537109,10721500
2019-06-21,132.509994506836,132.529998779297,131.380004882812,131.429992675781,106.938804626465,14495000
2019-06-24,132.160003662109,132.529998779297,132.080001831055,132.410003662109,107.736213684082,6378800
2019-06-25,132.789993286133,133.089996337891,132.720001220703,132.820007324219,108.069816589355,9604600
2019-06-26,132.679992675781,132.699996948242,131.880004882812,131.970001220703,107.378227233887,12766800
2019-06-27,132.309997558594,133.089996337891,131.990005493164,132.899993896484,108.134864807129,9724200
2019-06-28,132.580001831055,133.080001831055,132.449996948242,132.809997558594,108.061706542969,8149200
2019-07-01,132.570007324219,132.75,131.589996337891,132.240005493164,107.808982849121,14131200
2019-07-02,132.570007324219,133.389999389648,132.460006713867,133.259994506836,108.640495300293,10494300
2019-07-03,133.520004272461,134.289993286133,133.509994506836,134.210006713867,109.415016174316,5380300
2019-07-05,132.539993286133,132.550003051758,131.669998168945,132.429992675781,107.963813781738,12180100
2019-07-08,133.050003051758,133.220001220703,132.610000610352,132.610000610352,108.110572814941,6490000
2019-07-09,132.679992675781,132.710006713867,132.160003662109,132.559997558594,108.06982421875,6215700
2019-07-10,132.350006103516,132.440002441406,131.509994506836,131.830001831055,107.474685668945,9470000
2019-07-11,131.309997558594,131.410003662109,129.759994506836,130.070007324219,106.03987121582,14126800
2019-07-12,129.919998168945,130.449996948242,129.679992675781,130.220001220703,106.162147521973,6992000
2019-07-15,130.449996948242,131.050003051758,130.449996948242,130.970001220703,106.773590087891,6055500
2019-07-16,130.169998168945,130.600006103516,129.960006713867,130.580001831055,106.455627441406,6172700
2019-07-17,131.059997558594,132.020004272461,131.050003051758,131.990005493164,107.605133056641,9662200
2019-07-18,131.470001220703,132.320007324219,131.240005493164,132,107.613288879395,5724900
2019-07-19,131.589996337891,131.929992675781,131.509994506836,131.690002441406,107.360610961914,5804800
2019-07-22,132.470001220703,132.490005493164,131.740005493164,131.940002441406,107.564346313477,5204100
2019-07-23,131.600006103516,131.740005493164,130.970001220703,131.220001220703,106.977386474609,8108900
2019-07-24,131.600006103516,131.899993896484,131.470001220703,131.789993286133,107.442077636719,6389700
2019-07-25,131.25,131.410003662109,130.509994506836,131.160003662109,106.928482055664,8893100
2019-07-26,131.699996948242,131.779998779297,131.25,131.470001220703,107.181228637695,6188400
2019-07-29,131.820007324219,131.949996948242,131.399993896484,131.509994506836,107.213813781738,6231800
2019-07-30,132,132.100006103516,131.429992675781,131.830001831055,107.474685668945,5678500
2019-07-31,131.699996948242,133.330001831055,131.660003662109,132.889999389648,108.338897705078,15798700
2019-08-01,133.389999389648,135.389999389648,133.259994506836,135.259994506836,110.490478515625,26664800
2019-08-02,135.660003662109,136.509994506836,135.399993896484,136.509994506836,111.511596679688,15143100
2019-08-05,138.139999389648,138.889999389648,137.660003662109,138.869995117188,113.439422607422,18543000
2019-08-06,138.199996948242,139.979995727539,138.089996337891,139.979995727539,114.346138000488,12747400
2019-08-07,142.399993896484,143.059997558594,139.779998779297,140.029998779297,114.386978149414,32582000
2019-08-08,139.139999389648,140.429992675781,137.979995727539,140.330001831055,114.632057189941,14746000
2019-08-09,140.669998168945,141.550003051758,139.869995117188,140.050003051758,114.403343200684,10626000
2019-08-12,141.720001220703,143.429992675781,141.509994506836,142.970001220703,116.788688659668,14094300
2019-08-13,143.809997558594,143.910003662109,141.949996948242,142.479995727539,116.388313293457,15974900
2019-08-14,145.160003662109,145.729995727539,144.710006713867,145.690002441406,119.010475158691,15068900
2019-08-15,145.949996948242,148.600006103516,145.580001831055,147.309997558594,120.333885192871,23588700
2019-08-16,146.059997558594,146.509994506836,144.839996337891,146.130004882812,119.36994934082,17150500
2019-08-19,143.570007324219,144.660003662109,143.509994506836,144.039993286133,117.662719726562,13614700
2019-08-20,145.279998779297,145.619995117188,144.839996337891,145.529998779297,118.879814147949,7451500
2019-08-21,144.720001220703,145.789993286133,144.289993286133,144.559997558594,118.087509155273,9372000
2019-08-22,144,144.699996948242,143.479995727539,143.600006103516,117.303268432617,13878800
2019-08-23,143.520004272461,146.270004272461,143.429992675781,145.960006713867,119.231048583984,16191800
2019-08-26,145.869995117188,146.289993286133,145.289993286133,145.369995117188,118.749153137207,12174500
2019-08-27,146.630004882812,147.720001220703,146.479995727539,147.610000610352,120.578941345215,11332300
2019-08-28,148.779998779297,148.899993896484,147.660003662109,147.800003051758,120.734153747559,10095900
2019-08-29,147.25,147.339996337891,146.130004882812,147.240005493164,120.276718139648,8884900
2019-08-30,146.610000610352,147.479995727539,146.360000610352,147.279998779297,120.309410095215,13550800
2019-09-03,147.089996337891,148.669998168945,146.570007324219,147.210006713867,120.464836120605,15660800
2019-09-04,146.529998779297,147.619995117188,146.479995727539,147.429992675781,120.644882202148,7962200
2019-09-05,145.660003662109,145.800003051758,143.889999389648,144.759994506836,118.459999084473,19382900
2019-09-06,145.259994506836,146.029998779297,145.080001831055,145.789993286133,119.30290222168,9466400
2019-09-09,143.830001831055,144,143.190002441406,143.199996948242,117.183372497559,15862700
2019-09-10,142.839996337891,143.289993286133,140.660003662109,140.690002441406,115.129341125488,13851400
2019-09-11,140.399993896484,141.149993896484,140.389999389648,140.440002441406,114.924896240234,10941700
2019-09-12,141.5,141.800003051758,139.059997558594,139.520004272461,114.17195892334,19163300
2019-09-13,138.279998779297,138.710006713867,136.539993286133,136.539993286133,111.733352661133,18922200
2019-09-16,137.880004882812,138.570007324219,137.25,138.279998779297,113.157241821289,10971600
2019-09-17,138.360000610352,139.600006103516,138.020004272461,139.029998779297,113.770950317383,9081200
2019-09-18,139.929992675781,140.660003662109,139.529998779297,139.619995117188,114.253799438477,10984600
2019-09-19,140.759994506836,140.990005493164,139.970001220703,140.039993286133,114.597511291504,13176200
2019-09-20,140.770004272461,141.979995727539,140.440002441406,141.889999389648,116.11141204834,11519800
2019-09-23,142.240005493164,143.160003662109,141.699996948242,141.860000610352,116.086837768555,15246700
2019-09-24,142.419998168945,143.850006103516,142.410003662109,143.570007324219,117.486183166504,12421600
2019-09-25,143.259994506836,143.550003051758,141.139999389648,141.470001220703,115.767692565918,14147100
2019-09-26,142.270004272461,142.990005493164,141.899993896484,142.380004882812,116.512367248535,9636500
2019-09-27,142.320007324219,142.979995727539,142.139999389648,142.729995727539,116.798782348633,10386900
2019-09-30,141.880004882812,143.089996337891,141.839996337891,143.080001831055,117.085151672363,8006900
2019-10-01,141.259994506836,143.910003662109,141.139999389648,143.259994506836,117.43766784668,16613700
2019-10-02,143.460006713867,144.270004272461,143.240005493164,143.610000610352,117.724563598633,12891500
2019-10-03,143.979995727539,145.669998168945,143.919998168945,144.919998168945,118.798431396484,13470500
2019-10-04,145.350006103516,146.029998779297,145.199996948242,145.990005493164,119.675567626953,11516200
2019-10-07,145.160003662109,145.529998779297,144.710006713867,144.779998779297,118.683654785156,11013900
2019-10-08,145.820007324219,145.929992675781,144.619995117188,145.169998168945,119.003463745117,14529700
2019-10-09,144.600006103516,144.610000610352,143.800003051758,144.350006103516,118.331146240234,8608800
2019-10-10,143.119995117188,143.179992675781,141.729995727539,142.199996948242,116.568771362305,15054200
2019-10-11,140.979995727539,141.100006103516,139.710006713867,140.440002441406,115.126045227051,26294000
2019-10-14,141.479995727539,141.509994506836,141.080001831055,141.460006713867,115.962112426758,5936900
2019-10-15,140.669998168945,140.949996948242,139.550003051758,139.75,114.560356140137,11832300
2019-10-16,139.639999389648,140.059997558594,139.350006103516,139.919998168945,114.699714660645,7729500
2019-10-17,139.520004272461,140.380004882812,139.300003051758,139.580001831055,114.420967102051,6219300
2019-10-18,139.809997558594,140.229995727539,139.449996948242,139.580001831055,114.420967102051,6456100
2019-10-21,138.570007324219,138.990005493164,138.229995727539,138.529998779297,113.560241699219,8038000
2019-10-22,139.380004882812,139.529998779297,138.639999389648,139.339996337891,114.224250793457,6683300
2019-10-23,140.029998779297,140.309997558594,139.360000610352,139.479995727539,114.339012145996,5995400
2019-10-24,139.679992675781,140.240005493164,139.029998779297,139.199996948242,114.109512329102,6161700
2019-10-25,139.529998779297,139.550003051758,138.309997558594,138.520004272461,113.552055358887,5669800
2019-10-28,137.580001831055,137.580001831055,136.990005493164,137.259994506836,112.519187927246,11402100
2019-10-29,137.619995117188,137.740005493164,137.169998168945,137.350006103516,112.592948913574,5296600
2019-10-30,137.770004272461,139.449996948242,137.770004272461,139.360000610352,114.240699768066,10914100
2019-10-31,140.479995727539,141.679992675781,140.429992675781,141.240005493164,115.781776428223,15834100
2019-11-01,140.729995727539,141.270004272461,139.789993286133,140.559997558594,115.425354003906,11425500
2019-11-04,138.970001220703,139.139999389648,138.529998779297,138.710006713867,113.906181335449,11124300
2019-11-05,137.220001220703,137.440002441406,136.729995727539,137.149993896484,112.625144958496,13493000
2019-11-06,138.020004272461,138.410003662109,137.339996337891,137.979995727539,113.306762695312,9351900
2019-11-07,136.350006103516,136.360000610352,134.449996948242,135.479995727539,111.253768920898,19209800
2019-11-08,135.149993896484,135.949996948242,134.779998779297,134.910003662109,110.785713195801,10222900
2019-11-11,135.380004882812,135.389999389648,134.639999389648,135,110.85962677002,4577000
2019-11-12,135.279998779297,135.949996948242,134.789993286133,135.619995117188,111.368690490723,5772900
2019-11-13,136.809997558594,136.960006713867,136.169998168945,136.5,112.091377258301,6672400
2019-11-14,137.800003051758,138.440002441406,137.669998168945,137.910003662109,113.249229431152,10213300
2019-11-15,137.479995727539,138.160003662109,137.429992675781,137.759994506836,113.126052856445,4657600
2019-11-18,138.210006713867,138.610000610352,137.929992675781,138.009994506836,113.331359863281,5943900
2019-11-19,138.369995117188,139.240005493164,138.369995117188,139.160003662109,114.275741577148,7893100
2019-11-20,139.910003662109,140.600006103516,139.770004272461,140.600006103516,115.458213806152,7905500
2019-11-21,139.639999389648,140.080001831055,139.119995117188,139.720001220703,114.735565185547,5980900
2019-11-22,140.100006103516,140.279998779297,139.679992675781,139.899993896484,114.88338470459,4664800
2019-11-25,140.300003051758,140.529998779297,140.179992675781,140.309997558594,115.220069885254,4157300
2019-11-26,141,141.309997558594,140.940002441406,141.130004882812,115.893501281738,4281100
2019-11-27,140.600006103516,140.910003662109,140.419998168945,140.720001220703,115.556747436523,4095700
2019-11-29,140.619995117188,140.679992675781,139.779998779297,140.419998168945,115.310371398926,6251100
2019-12-02,138.139999389648,138.669998168945,137.949996948242,138.309997558594,113.772972106934,17702200
2019-12-03,140.039993286133,141.770004272461,139.929992675781,141.210006713867,116.158508300781,13062400
2019-12-04,140.339996337891,140.5,139.210006713867,139.800003051758,114.998626708984,8586300
2019-12-05,138.660003662109,139.440002441406,138.600006103516,139.119995117188,114.439308166504,7273800
2019-12-06,138.029998779297,139.119995117188,137.860000610352,138.350006103516,113.805877685547,7931100
2019-12-09,138.990005493164,139.110000610352,138.570007324219,138.649993896484,114.05265045166,4016900
2019-12-10,139.179992675781,139.350006103516,138.410003662109,138.660003662109,114.060890197754,4947600
2019-12-11,139.300003051758,140.139999389648,139.229995727539,139.75,114.957542419434,6256700
2019-12-12,139.190002441406,139.279998779297,136.610000610352,137.449996948242,113.065559387207,14857000
2019-12-13,138.119995117188,139.610000610352,137.229995727539,139.039993286133,114.373458862305,11335100
2019-12-16,138.399993896484,138.460006713867,137.429992675781,137.789993286133,113.345184326172,9156600
2019-12-17,138.210006713867,138.339996337891,137.210006713867,137.600006103516,113.188957214355,6179700
2019-12-18,137.300003051758,137.449996948242,136.279998779297,136.470001220703,112.259437561035,6244700
2019-12-19,136,136.860000610352,135.759994506836,136.470001220703,112.439025878906,6591100
2019-12-20,136.130004882812,136.690002441406,135.929992675781,136.649993896484,112.58731842041,5455700
2019-12-23,136.809997558594,136.970001220703,136,136.449996948242,112.422508239746,5175000
2019-12-24,135.919998168945,137.059997558594,135.889999389648,136.839996337891,112.743881225586,4667400
2019-12-26,136.910003662109,137.220001220703,136.509994506836,137.169998168945,113.015769958496,5290200
2019-12-27,137.440002441406,137.630004882812,137.289993286133,137.320007324219,113.139381408691,7300500
2019-12-30,135.889999389648,136.899993896484,135.660003662109,136.820007324219,112.72737121582,7979700
2019-12-31,136.210006713867,136.460006713867,135.380004882812,135.479995727539,111.623344421387,10707400
2020-01-02,136.789993286133,137.529998779297,136.669998168945,137.009994506836,112.883918762207,11034100
2020-01-03,138.270004272461,139.160003662109,137.880004882812,139.119995117188,114.622406005859,12366000
2020-01-06,139.690002441406,139.710006713867,138.149993896484,138.330001831055,113.971519470215,11369800
2020-01-07,138.220001220703,138.470001220703,137.639999389648,137.649993896484,113.411247253418,8381200
2020-01-08,137.929992675781,138.309997558594,136.320007324219,136.740005493164,112.661506652832,10621700
2020-01-09,136,137.440002441406,135.910003662109,137.220001220703,113.056945800781,7411500
2020-01-10,137.669998168945,138.470001220703,137.630004882812,138.440002441406,114.062133789062,8776000
2020-01-13,137.880004882812,138.089996337891,137.389999389648,138.020004272461,113.716064453125,5966900
2020-01-14,138.179992675781,138.820007324219,138.139999389648,138.729995727539,114.30103302002,13920300
2020-01-15,139.520004272461,139.759994506836,139.020004272461,139.649993896484,115.05908203125,6290500
2020-01-16,139.259994506836,139.529998779297,138.740005493164,139.210006713867,114.696533203125,6798600
2020-01-17,137.580001831055,138.139999389648,137.360000610352,138.020004272461,113.716064453125,9693100
2020-01-21,138.809997558594,139.649993896484,138.770004272461,139.470001220703,114.910743713379,6794900
2020-01-22,139.720001220703,140.139999389648,139.589996337891,139.960006713867,115.314468383789,6317000
2020-01-23,140.850006103516,141.380004882812,140.779998779297,140.940002441406,116.121925354004,9747400
2020-01-24,141.419998168945,142.550003051758,141.300003051758,142.080001831055,117.061157226562,8585000
2020-01-27,143.949996948242,144.289993286133,143.5,144.289993286133,118.881980895996,10935200
2020-01-28,143.929992675781,144.089996337891,142.820007324219,143.160003662109,117.950996398926,10612900
2020-01-29,143.440002441406,144.699996948242,143.429992675781,144.559997558594,119.104415893555,9566800
2020-01-30,144.899993896484,145.669998168945,144.289993286133,144.580001831055,119.120918273926,14711800
2020-01-31,145.169998168945,145.990005493164,145.089996337891,145.899993896484,120.208457946777,14538100
2020-02-03,144.949996948242,145.759994506836,144.119995117188,145.539993286133,120.111083984375,15309000
2020-02-04,143.990005493164,144.139999389648,143.059997558594,143.580001831055,118.493537902832,11388300
2020-02-05,142.300003051758,142.699996948242,141.899993896484,142.009994506836,117.197845458984,10782600
2020-02-06,142.179992675781,142.880004882812,142,142.649993896484,117.726043701172,6683100
2020-02-07,144.220001220703,144.740005493164,143.869995117188,144.429992675781,119.19499206543,11374800
2020-02-10,145.100006103516,145.25,144.679992675781,144.830001831055,119.52515411377,6699300
2020-02-11,144.589996337891,144.720001220703,143.940002441406,144.100006103516,118.922691345215,7784100
2020-02-12,143.369995117188,143.550003051758,142.990005493164,143.369995117188,118.320297241211,5595500
2020-02-13,143.440002441406,144.199996948242,143.270004272461,143.919998168945,118.774147033691,7883400
2020-02-14,144.759994506836,145.080001831055,144.449996948242,144.550003051758,119.294075012207,7137400
2020-02-18,145.339996337891,146.050003051758,144.919998168945,145.539993286133,120.111083984375,6909200
2020-02-19,145.119995117188,145.619995117188,144.979995727539,145.529998779297,120.102844238281,5707700
2020-02-20,146.080001831055,146.940002441406,146,146.669998168945,121.043647766113,9332900
2020-02-21,147.800003051758,148.880004882812,147.649993896484,148.039993286133,122.174285888672,13860300
2020-02-24,150.830001831055,150.960006713867,150,150.25,123.99813079834,15929300
2020-02-25,150.210006713867,151.759994506836,150.139999389648,151.050003051758,124.65843963623,20802900
2020-02-26,149.949996948242,151.720001220703,149.580001831055,150.25,123.99813079834,22589500
2020-02-27,152.699996948242,153.080001831055,150.830001831055,151.880004882812,125.343399047852,30687900
2020-02-28,154.449996948242,155.979995727539,154.160003662109,155.309997558594,128.174041748047,44935200
2020-03-02,155.300003051758,156.5,153.759994506836,153.940002441406,127.231109619141,28152400
2020-03-03,153.809997558594,159.699996948242,152.360000610352,156.330001831055,129.206420898438,38608000
2020-03-04,156.410003662109,157.350006103516,154.190002441406,154.669998168945,127.834403991699,23463700
2020-03-05,157.130004882812,158.820007324219,156.809997558594,158.520004272461,131.016418457031,17786200
2020-03-06,167.300003051758,169.330001831055,164.110000610352,166.770004272461,137.834976196289,76288300
2020-03-09,179.100006103516,179.699996948242,170.339996337891,171.289993286133,141.570770263672,41552800
2020-03-10,169.639999389648,172.929992675781,162.029998779297,162.509994506836,134.314147949219,37728300
2020-03-11,165.429992675781,167.029998779297,155.630004882812,156.529998779297,129.371673583984,29519300
2020-03-12,163.509994506836,166.360000610352,155.660003662109,157.5,130.173324584961,24361800
2020-03-13,155,158.199996948242,152.190002441406,153.940002441406,127.231109619141,19812900
2020-03-16,160.380004882812,166.149993896484,157.809997558594,163.910003662109,135.47119140625,30496700
2020-03-17,163.5,165.630004882812,152.710006713867,152.979995727539,126.437591552734,18570900
2020-03-18,152.839996337891,154.139999389648,139.009994506836,144.350006103516,119.304946899414,47061000
2020-03-19,146.949996948242,153.449996948242,145.25,148.279998779297,122.553092956543,21175300
2020-03-20,153.300003051758,159.429992675781,152.110000610352,159.429992675781,131.768493652344,20863100
2020-03-23,157.5,166.690002441406,156.570007324219,166,137.19856262207,19971800
2020-03-24,161.25,165.449996948242,160.410003662109,162.910003662109,134.644729614258,11948600
2020-03-25,163.589996337891,166.679992675781,161.619995117188,162.539993286133,134.338897705078,10750600
2020-03-26,164,165.679992675781,162.270004272461,163.339996337891,135.000091552734,10576200
2020-03-27,165.520004272461,168.25,164.589996337891,167.699996948242,138.603622436523,12550000
2020-03-30,168.300003051758,170.110000610352,165.940002441406,166.320007324219,137.463088989258,13473200
2020-03-31,165.699996948242,166.919998168945,164.559997558594,164.970001220703,136.347320556641,11464800
2020-04-01,168.479995727539,168.960006713867,166.399993896484,167.039993286133,138.257629394531,11334700
2020-04-02,168.830001831055,169.220001220703,167.259994506836,168.100006103516,139.135009765625,5771200
2020-04-03,168.550003051758,170.330001831055,168.139999389648,168.5,139.466079711914,6570800
2020-04-06,167,168.270004272461,166.529998779297,168.059997558594,139.10188293457,9434800
2020-04-07,164.960006713867,166.419998168945,163.710006713867,166.300003051758,137.645156860352,13811400
2020-04-08,165.110000610352,166.190002441406,164.130004882812,165.089996337891,136.643661499023,10147100
2020-04-09,164.279998779297,165.789993286133,163.779998779297,165.389999389648,136.891952514648,14259100
2020-04-13,164.75,165.710006713867,163.880004882812,163.880004882812,135.642150878906,8750300
2020-04-14,163.839996337891,164.740005493164,163.479995727539,163.839996337891,135.608978271484,9019100
2020-04-15,166.800003051758,168.600006103516,166.740005493164,168.179992675781,139.201171875,10027800
2020-04-16,169.259994506836,170.320007324219,169.020004272461,170.089996337891,140.782073974609,8265400
2020-04-17,169.820007324219,170.839996337891,167.270004272461,167.809997558594,138.894897460938,8612100
2020-04-20,168.440002441406,169.289993286133,167.960006713867,169.160003662109,140.012313842773,6462600
2020-04-21,171.929992675781,172.149993896484,170.779998779297,171.289993286133,141.775314331055,7850700
2020-04-22,169.970001220703,170.389999389648,168.710006713867,169.539993286133,140.32682800293,6230200
2020-04-23,169.869995117188,170.929992675781,169.610000610352,170.440002441406,141.071807861328,5968600
2020-04-24,169.610000610352,170.839996337891,169.570007324219,170.839996337891,141.402816772461,6211800
2020-04-27,169.660003662109,169.75,167.440002441406,167.660003662109,138.770858764648,9039500
2020-04-28,168.550003051758,169.850006103516,168.449996948242,169.589996337891,140.368225097656,9905400
2020-04-29,169.529998779297,170.259994506836,167.960006713867,168.710006713867,139.639862060547,8619600
2020-04-30,168.740005493164,169.229995727539,166.710006713867,166.740005493164,138.009292602539,11606100
2020-05-01,167.5,168.110000610352,166.440002441406,167.949996948242,139.191116333008,10209400
2020-05-04,167.559997558594,167.679992675781,166.479995727539,167.160003662109,138.536407470703,8300900
2020-05-05,165.570007324219,166.270004272461,165.270004272461,166.089996337891,137.649642944336,7831800
2020-05-06,163.229995727539,163.639999389648,162.050003051758,163.410003662109,135.428527832031,14721500
2020-05-07,163.559997558594,166.369995117188,163.339996337891,166.139999389648,137.691070556641,9164800
2020-05-08,164.490005493164,165.399993896484,163.679992675781,163.979995727539,135.90087890625,8129800
2020-05-11,163.660003662109,164.220001220703,162.100006103516,162.699996948242,134.84016418457,8713500
2020-05-12,163.160003662109,164.929992675781,163.130004882812,164.369995117188,136.224075317383,10057300
2020-05-13,165.089996337891,166.289993286133,164.830001831055,165.520004272461,137.177230834961,13305600
2020-05-14,167.320007324219,168.149993896484,167.050003051758,167.139999389648,138.519775390625,10080000
2020-05-15,168.300003051758,168.490005493164,166.330001831055,166.710006713867,138.163528442383,7225600
2020-05-18,164.929992675781,165.059997558594,162.419998168945,163.050003051758,135.130187988281,10073100
2020-05-19,162.520004272461,163.699996948242,162.479995727539,163.660003662109,135.635803222656,8639100
2020-05-20,163.169998168945,164.699996948242,162.880004882812,164.149993896484,136.041778564453,10927300
2020-05-21,164.860000610352,165.360000610352,164.289993286133,164.559997558594,136.381683349609,8920000
2020-05-22,164.720001220703,165.679992675781,164.610000610352,165.550003051758,137.202072143555,4956700
2020-05-26,163.710006713867,163.789993286133,162.979995727539,163.330001831055,135.3623046875,8098900
2020-05-27,162.789993286133,163.910003662109,162.589996337891,163.029998779297,135.11360168457,8047400
2020-05-28,161.960006713867,162.570007324219,161.660003662109,162.429992675781,134.616302490234,10272600
2020-05-29,162.710006713867,164.089996337891,162.350006103516,163.589996337891,135.577743530273,14632700
2020-06-01,162.100006103516,162.440002441406,161.669998168945,162.279998779297,134.664916992188,13341400
2020-06-02,161.669998168945,162.089996337891,161.25,161.690002441406,134.175354003906,11517100
2020-06-03,160.179992675781,160.330001831055,158.940002441406,159.539993286133,132.391220092773,12255700
2020-06-04,158.919998168945,159.009994506836,157.190002441406,157.229995727539,130.474243164062,14038600
2020-06-05,154.610000610352,156.160003662109,153.160003662109,156.110000610352,129.544906616211,17778500
2020-06-08,155.070007324219,156.850006103516,155.050003051758,156.710006713867,130.042739868164,10346700
2020-06-09,159.050003051758,159.639999389648,158.300003051758,158.490005493164,131.519912719727,9095300
2020-06-10,159.240005493164,160.899993896484,159.050003051758,160.839996337891,133.469955444336,13135500
2020-06-11,163.25,164.229995727539,162.630004882812,163.880004882812,135.992645263672,17086400
2020-06-12,162.410003662109,163.660003662109,162.050003051758,162.300003051758,134.681579589844,9716100
2020-06-15,163.889999389648,164.220001220703,162.139999389648,162.389999389648,134.756256103516,7759800
2020-06-16,159.410003662109,161.229995727539,158.699996948242,159.899993896484,132.689880371094,13698900
2020-06-17,160.270004272461,160.770004272461,159.339996337891,160.559997558594,133.23762512207,7113900
2020-06-18,162.039993286133,162.479995727539,161.610000610352,162.259994506836,134.648284912109,7691400
2020-06-19,161,162.5,160.910003662109,162.389999389648,134.756256103516,8565500
2020-06-22,163.190002441406,163.419998168945,162.070007324219,162.410003662109,134.772750854492,9319700
2020-06-23,161.479995727539,162.059997558594,161.119995117188,161.300003051758,133.851669311523,9088600
2020-06-24,161.529998779297,163.089996337891,161.520004272461,163.029998779297,135.287261962891,11436500
2020-06-25,164.210006713867,164.350006103516,163.399993896484,163.5,135.677337646484,10968000
2020-06-26,164.25,165.320007324219,164.179992675781,165.25,137.129455566406,12119300
2020-06-29,164.850006103516,165.270004272461,164.380004882812,164.729995727539,136.698059082031,7274400
2020-06-30,165.229995727539,165.289993286133,163.479995727539,163.929992675781,136.034118652344,14841700
2020-07-01,162.809997558594,163.559997558594,162.149993896484,163.419998168945,135.769927978516,13181000
2020-07-02,162.699996948242,163.740005493164,162.240005493164,163.589996337891,135.911209106445,7599800
2020-07-06,162.330001831055,163.020004272461,161.75,162.919998168945,135.354568481445,7972700
2020-07-07,163.419998168945,165.339996337891,163.199996948242,165.210006713867,137.257141113281,12791900
2020-07-08,164.320007324219,164.919998168945,163.830001831055,164.550003051758,136.708740234375,7253900
2020-07-09,164.660003662109,167.449996948242,164.600006103516,167.169998168945,138.885482788086,13373100
2020-07-10,167.949996948242,168.210006713867,166.160003662109,166.330001831055,138.187622070312,8478000
2020-07-13,165.5,166.960006713867,165.229995727539,166.880004882812,138.644454956055,8054000
2020-07-14,167.929992675781,168.139999389648,166.979995727539,167.119995117188,138.843948364258,11344600
2020-07-15,165.919998168945,166.949996948242,165.830001831055,166.339996337891,138.195922851562,7840300
2020-07-16,167.399993896484,167.770004272461,167.039993286133,167.130004882812,138.852264404297,9107400
2020-07-17,167.270004272461,167.399993896484,166.470001220703,166.779998779297,138.561462402344,8549900
2020-07-20,167.509994506836,167.619995117188,166.800003051758,167.190002441406,138.902084350586,6907200
2020-07-21,167.300003051758,167.720001220703,167.080001831055,167.289993286133,138.985153198242,8454400
2020-07-22,168.259994506836,168.460006713867,167.690002441406,167.789993286133,139.400497436523,6592100
2020-07-23,168.919998168945,169.880004882812,168.479995727539,169.75,141.028961181641,10471800
2020-07-24,169.009994506836,169.919998168945,168.869995117188,169.740005493164,141.020645141602,7520700
2020-07-27,170.25,170.300003051758,168.990005493164,169.110000610352,140.497207641602,6146400
2020-07-28,169.539993286133,170.339996337891,169.429992675781,170.279998779297,141.469284057617,8520700
2020-07-29,170.050003051758,170.389999389648,168.979995727539,169.990005493164,141.228332519531,6733700
2020-07-30,171.050003051758,171.259994506836,170.75,171.110000610352,142.158843994141,9376100
2020-07-31,170.149993896484,171.460006713867,169.940002441406,171,142.067413330078,8886000
2020-08-03,169.240005493164,169.990005493164,168.970001220703,169.949996948242,141.35221862793,9066200
2020-08-04,170.830001831055,171.580001831055,170.720001220703,171.570007324219,142.699569702148,9878900
2020-08-05,170.059997558594,170.559997558594,169.690002441406,170.070007324219,141.451934814453,6954100
2020-08-06,171.380004882812,172.25,170.619995117188,171.020004272461,142.242080688477,9481800
2020-08-07,171.279998779297,171.5,169.580001831055,169.880004882812,141.293869018555,8176900
2020-08-10,170.220001220703,170.25,169.070007324219,169.119995117188,140.661834716797,6408500
2020-08-11,167.169998168945,167.490005493164,165.880004882812,167.110000610352,138.990036010742,19234200
2020-08-12,165.699996948242,166.070007324219,164.990005493164,165.589996337891,137.725799560547,11744800
2020-08-13,165.309997558594,165.580001831055,163.169998168945,163.820007324219,136.253646850586,12744700
2020-08-14,163.809997558594,164.149993896484,163.160003662109,163.179992675781,135.72135925293,6398100
2020-08-17,163.970001220703,164.460006713867,163.429992675781,163.589996337891,136.062393188477,6901500
2020-08-18,164.360000610352,164.869995117188,164.089996337891,164.759994506836,137.035400390625,8140600
2020-08-19,165.369995117188,165.610000610352,163.300003051758,163.729995727539,136.178802490234,12497700
2020-08-20,165.389999389648,165.649993896484,164.929992675781,165.210006713867,137.409759521484,10319900
2020-08-21,165.770004272461,166.330001831055,165.009994506836,166.199996948242,138.233169555664,6836000
2020-08-24,166.320007324219,166.970001220703,165.860000610352,165.929992675781,138.008514404297,6490600
2020-08-25,164.350006103516,165.089996337891,163.830001831055,164.660003662109,136.952331542969,10518300
2020-08-26,164.050003051758,164.330001831055,163.279998779297,164.029998779297,136.428268432617,8276600
2020-08-27,164.759994506836,164.820007324219,161.160003662109,161.240005493164,134.107803344727,19860100
2020-08-28,161.770004272461,162.050003051758,160.639999389648,161.119995117188,134.007995605469,8415400
2020-08-31,161.600006103516,163.25,161.559997558594,162.190002441406,134.897872924805,11388100
2020-09-01,161.759994506836,164.070007324219,161.179992675781,163.860000610352,136.440841674805,10587000
2020-09-02,163.509994506836,165.559997558594,163.490005493164,165.419998168945,137.739837646484,15167700
2020-09-03,165.75,167.240005493164,165.440002441406,165.889999389648,138.131271362305,16416600
2020-09-04,164.410003662109,164.699996948242,162.449996948242,162.740005493164,135.508331298828,13780300
2020-09-08,164.369995117188,165.259994506836,163.740005493164,163.740005493164,136.340957641602,13790400
2020-09-09,163.940002441406,164.25,162.759994506836,163.300003051758,135.974609375,9558900
2020-09-10,162.460006713867,164.350006103516,161.949996948242,164.130004882812,136.665634155273,8847700
2020-09-11,164.309997558594,164.570007324219,164.080001831055,164.479995727539,136.957138061523,5458200
2020-09-14,164.789993286133,165.080001831055,164.229995727539,164.470001220703,136.948822021484,4274900
2020-09-15,164.169998168945,164.470001220703,163.789993286133,164.070007324219,136.615783691406,6928500
2020-09-16,164.779998779297,164.889999389648,162.979995727539,163.580001831055,136.207702636719,8815200
2020-09-17,164.899993896484,164.960006713867,163.800003051758,164.080001831055,136.624099731445,7813900
2020-09-18,164.169998168945,164.240005493164,163.339996337891,163.570007324219,136.19938659668,7246300
2020-09-21,164.889999389648,165.399993896484,164.139999389648,164.399993896484,136.890548706055,11086900
2020-09-22,164.440002441406,164.880004882812,163.869995117188,164.270004272461,136.782318115234,10524100
2020-09-23,164.300003051758,164.529998779297,163.479995727539,164.490005493164,136.965423583984,6224800
2020-09-24,164.960006713867,165.119995117188,164.619995117188,165.119995117188,137.490020751953,8278100
2020-09-25,165.110000610352,165.419998168945,164.710006713867,165.119995117188,137.490020751953,5140300
2020-09-28,164.869995117188,164.899993896484,164.369995117188,164.649993896484,137.098724365234,4470100
2020-09-29,164.800003051758,165.240005493164,164.559997558594,164.839996337891,137.256866455078,10297600
2020-09-30,164,164,162.550003051758,163.259994506836,135.941299438477,12971000
2020-10-01,162.509994506836,163.740005493164,162.100006103516,163.360000610352,136.165496826172,11523900
2020-10-02,163.610000610352,163.669998168945,162.179992675781,162.75,135.657119750977,8828800
2020-10-05,160.949996948242,160.949996948242,159.520004272461,159.570007324219,133.006454467773,14726000
2020-10-06,159.330001831055,161.410003662109,158.679992675781,160.429992675781,133.723205566406,22419400
2020-10-07,159.559997558594,160.419998168945,158.860000610352,159.259994506836,132.748046875,9429200
2020-10-08,159.970001220703,160.25,159.660003662109,160.119995117188,133.46484375,8431500
2020-10-09,159.520004272461,160.270004272461,158.809997558594,160.089996337891,133.439865112305,8441500
2020-10-12,160.429992675781,160.679992675781,160.110000610352,160.600006103516,133.864929199219,3962000
2020-10-13,161.210006713867,161.830001831055,161.179992675781,161.75,134.823471069336,7914300
2020-10-14,162.330001831055,162.75,161.970001220703,162.119995117188,135.131927490234,6954800
2020-10-15,163.039993286133,163.190002441406,161.639999389648,161.839996337891,134.898544311523,9458800
2020-10-16,161.660003662109,162.320007324219,161.100006103516,161.389999389648,134.523391723633,8416300
2020-10-19,160.5,160.979995727539,160.050003051758,160.779998779297,134.014984130859,9286600
2020-10-20,159.860000610352,160.009994506836,158.949996948242,159.25,132.739654541016,11189000
2020-10-21,158.789993286133,159.369995117188,158.369995117188,158.699996948242,132.281173706055,10453700
2020-10-22,158.289993286133,158.630004882812,156.970001220703,157.050003051758,130.905944824219,12664900
2020-10-23,156.809997558594,158.210006713867,156.75,158.009994506836,131.706100463867,8783800
2020-10-26,159.210006713867,160.020004272461,159.009994506836,159.479995727539,132.931411743164,7227300
2020-10-27,160.229995727539,160.699996948242,159.899993896484,160.550003051758,133.8232421875,6062300
2020-10-28,161.380004882812,161.460006713867,160.199996948242,160.699996948242,133.9482421875,11765800
2020-10-29,160.729995727539,160.830001831055,158.470001220703,159.139999389648,132.647979736328,11932400
2020-10-30,159.029998779297,159.350006103516,157.570007324219,157.570007324219,131.33935546875,13095400
2020-11-02,158.699996948242,159.190002441406,158.330001831055,158.580001831055,132.323135375977,10810500
2020-11-03,157.850006103516,157.979995727539,157.039993286133,157.660003662109,131.555465698242,16228700
2020-11-04,161.639999389648,162.169998168945,160.539993286133,161.080001831055,134.4091796875,21570800
2020-11-05,161.639999389648,161.740005493164,160.580001831055,161.360000610352,134.642837524414,18537500
2020-11-06,159.619995117188,159.919998168945,158.940002441406,159.410003662109,133.015701293945,12408400
2020-11-09,155.970001220703,156.149993896484,154.630004882812,156.059997558594,130.220306396484,23245000
2020-11-10,154.960006713867,155.809997558594,154.779998779297,155.160003662109,129.469467163086,12561000
2020-11-11,155.020004272461,155.940002441406,154.970001220703,155.720001220703,129.93669128418,5888200
2020-11-12,156.940002441406,158.399993896484,156.710006713867,158.369995117188,132.147903442383,15999700
2020-11-13,158.360000610352,158.5,157.910003662109,158.160003662109,131.972671508789,7344600
2020-11-16,157.729995727539,158.279998779297,157.610000610352,157.779998779297,131.655548095703,6310400
2020-11-17,158.770004272461,159.160003662109,158.589996337891,158.809997558594,132.515060424805,7444600
2020-11-18,159.440002441406,159.570007324219,158.350006103516,159.270004272461,132.898910522461,10333300
2020-11-19,159.970001220703,160.720001220703,159.839996337891,160.089996337891,133.583129882812,10637200
2020-11-20,160.529998779297,161.539993286133,160.389999389648,161.509994506836,134.768081665039,7246800
2020-11-23,160.820007324219,160.990005493164,160.279998779297,160.770004272461,134.150543212891,11300000
2020-11-24,159.990005493164,160.020004272461,159.009994506836,159.169998168945,132.8154296875,10891700
2020-11-25,159.25,159.910003662109,158.619995117188,158.679992675781,132.406616210938,9145800
2020-11-27,159.610000610352,160.270004272461,159.580001831055,160.220001220703,133.691635131836,4708200
2020-11-30,160.029998779297,160.529998779297,159.759994506836,160.020004272461,133.524719238281,13071600
2020-12-01,158.550003051758,158.740005493164,156.679992675781,157.5,131.555999755859,13662800
2020-12-02,156.880004882812,156.929992675781,155.479995727539,156.25,130.51188659668,12114300
2020-12-03,156.940002441406,157.820007324219,156.580001831055,157.509994506836,131.564361572266,9626500
2020-12-04,155.690002441406,155.789993286133,154.770004272461,155.199996948242,129.634796142578,12734500
2020-12-07,156.350006103516,156.880004882812,156.179992675781,156.600006103516,130.804214477539,9316100
2020-12-08,157.570007324219,158.070007324219,157.199996948242,157.339996337891,131.422348022461,7397200
2020-12-09,156.550003051758,157.320007324219,156.009994506836,156.820007324219,130.987991333008,7750100
2020-12-10,157.240005493164,158.289993286133,156.830001831055,158.210006713867,132.149002075195,10025100
2020-12-11,158.649993896484,159.389999389648,158.320007324219,158.770004272461,132.616821289062,8135900
2020-12-14,157.490005493164,158.690002441406,157.110000610352,158.330001831055,132.249282836914,7535900
2020-12-15,157.779998779297,158.389999389648,157.309997558594,157.800003051758,131.806564331055,6847500
2020-12-16,156.580001831055,157.889999389648,156.389999389648,157.380004882812,131.455673217773,9954200
2020-12-17,158.130004882812,158.460006713867,156.429992675781,156.800003051758,131.107940673828,9422700
2020-12-18,157.119995117188,157.380004882812,156.179992675781,156.330001831055,130.714874267578,6505000
2020-12-21,157.199996948242,157.339996337891,156.449996948242,156.949996948242,131.233337402344,8988200
2020-12-22,157.559997558594,157.830001831055,157.080001831055,157.759994506836,131.910583496094,7370800
2020-12-23,156.619995117188,156.690002441406,155.460006713867,156.669998168945,130.999084472656,9266600
2020-12-24,156.899993896484,157.429992675781,156.850006103516,157.289993286133,131.517608642578,3117100
2020-12-28,156.380004882812,157.449996948242,156.100006103516,157.360000610352,131.576141357422,7791100
2020-12-29,156.389999389648,157.289993286133,156.360000610352,157.160003662109,131.408874511719,9030900
2020-12-30,156.820007324219,157.529998779297,156.679992675781,157.5,131.693176269531,9097300
2020-12-31,157.460006713867,158.080001831055,157.449996948242,157.729995727539,131.885513305664,7742100
2021-01-04,156.669998168945,158.179992675781,156.539993286133,157.539993286133,131.726654052734,13152900
2021-01-05,156.949996948242,156.949996948242,155.660003662109,156.369995117188,130.748382568359,10458100
2021-01-06,153.820007324219,153.850006103516,152.289993286133,153.160003662109,128.064331054688,22827300
2021-01-07,151.789993286133,152.169998168945,151.259994506836,151.809997558594,126.935508728027,14651900
2021-01-08,151.479995727539,151.960006713867,150.660003662109,151.320007324219,126.52579498291,13622500
2021-01-11,151,151.210006713867,150.490005493164,151.070007324219,126.316749572754,8370700
2021-01-12,150.789993286133,151.160003662109,149.929992675781,150.949996948242,126.216445922852,12186300
2021-01-13,151.660003662109,153.070007324219,151.570007324219,152.649993896484,127.637847900391,12533300
2021-01-14,152.580001831055,152.639999389648,150.789993286133,151.220001220703,126.442153930664,14835500
2021-01-15,152.190002441406,152.360000610352,151.470001220703,151.820007324219,126.943870544434,11624700
2021-01-19,151.619995117188,152.360000610352,151.509994506836,152.309997558594,127.353561401367,9575600
2021-01-20,151.990005493164,152.479995727539,151.789993286133,152.460006713867,127.47900390625,5368900
2021-01-21,151.440002441406,151.75,151.100006103516,151.389999389648,126.584358215332,8162700
2021-01-22,151.850006103516,152.009994506836,151.419998168945,151.880004882812,126.994140625,9507200
2021-01-25,152.759994506836,153.690002441406,152.639999389648,153.669998168945,128.490768432617,8712600
2021-01-26,153.100006103516,153.600006103516,152.919998168945,153.380004882812,128.248306274414,7690300
2021-01-27,154.070007324219,154.5,153.529998779297,153.770004272461,128.574340820312,7895200
2021-01-28,153.399993896484,153.460006713867,152.160003662109,152.919998168945,127.863632202148,10667800
2021-01-29,151.419998168945,152.490005493164,151.300003051758,152,127.094367980957,14965900
2021-02-01,151.660003662109,152.360000610352,151.490005493164,152,127.241722106934,8165500
2021-02-02,150.740005493164,151.089996337891,150.520004272461,151.020004272461,126.421348571777,9177500
2021-02-03,150.429992675781,150.589996337891,149.580001831055,149.679992675781,125.299621582031,9633100
2021-02-04,149.160003662109,149.490005493164,148.800003051758,149.279998779297,124.964744567871,8262600
2021-02-05,149.100006103516,149.570007324219,148.020004272461,148.029998779297,123.918411254883,10258900
2021-02-08,148.300003051758,149.259994506836,148.039993286133,148.679992675781,124.462471008301,11574800
2021-02-09,149.220001220703,149.669998168945,148.660003662109,148.789993286133,124.554542541504,5218300
2021-02-10,149.279998779297,149.779998779297,149.139999389648,149.779998779297,125.383316040039,8079800
2021-02-11,149.679992675781,149.789993286133,148.75,148.960006713867,124.696884155273,11962700
2021-02-12,147.699996948242,148.080001831055,147.029998779297,147.110000610352,123.148231506348,14088400
2021-02-16,145.220001220703,145.660003662109,144.660003662109,144.869995117188,121.273063659668,17789100
2021-02-17,145.949996948242,146.380004882812,144.979995727539,145.789993286133,122.04322052002,11199100
2021-02-18,144.610000610352,145.600006103516,144.320007324219,145.199996948242,121.549308776855,10755300
2021-02-19,144.059997558594,144.320007324219,142.850006103516,143.270004272461,119.933700561523,12741700
2021-02-22,143.029998779297,143.740005493164,141.720001220703,142.179992675781,119.02123260498,13203900
2021-02-23,141.520004272461,142.5,141.139999389648,141.770004272461,118.678016662598,12658500
2021-02-24,139.350006103516,141.179992675781,139.160003662109,140.839996337891,117.899482727051,17363100
2021-02-25,139.520004272461,139.919998168945,136.610000610352,138.539993286133,115.97412109375,52621700
2021-02-26,140.770004272461,143.300003051758,139.679992675781,143.119995117188,119.808097839355,45423300
2021-03-01,140.660003662109,141.410003662109,140.089996337891,141.059997558594,118.225761413574,22048000
2021-03-02,140.399993896484,141.130004882812,140.289993286133,141.070007324219,118.23412322998,12482200
2021-03-03,139.380004882812,140.149993896484,138.759994506836,139.539993286133,116.951766967773,19763700
2021-03-04,139.630004882812,139.940002441406,137.960006713867,138.639999389648,116.197448730469,22366600
2021-03-05,138.169998168945,139.339996337891,137.990005493164,138.910003662109,116.423736572266,20598000
2021-03-08,138.830001831055,138.899993896484,137.830001831055,137.830001831055,115.518585205078,15236600
2021-03-09,139.270004272461,139.820007324219,138.970001220703,139.740005493164,117.119430541992,14463400
2021-03-10,139.800003051758,140.149993896484,139.279998779297,140.020004272461,117.354080200195,12387600
2021-03-11,139.169998168945,139.380004882812,138.460006713867,139.009994506836,116.507553100586,14150700
2021-03-12,136.399993896484,136.460006713867,135.649993896484,136.059997558594,114.035110473633,20402700
2021-03-15,136.490005493164,137.089996337891,136.410003662109,136.860000610352,114.705673217773,11366500
2021-03-16,137.020004272461,137.119995117188,135.75,136.309997558594,114.244636535645,15567900
2021-03-17,135.149993896484,135.529998779297,134.149993896484,135.289993286133,113.389755249023,27107500
2021-03-18,133.309997558594,134.470001220703,133.190002441406,133.919998168945,112.241569519043,21615100
2021-03-19,134.080001831055,134.830001831055,133.800003051758,134.75,112.937202453613,18685000
2021-03-22,135.690002441406,136.410003662109,135.369995117188,136.259994506836,114.202758789062,17047500
2021-03-23,136.589996337891,137.539993286133,136.149993896484,137.490005493164,115.233657836914,16768400
2021-03-24,137.059997558594,138.279998779297,136.949996948242,138.229995727539,115.85383605957,13863000
2021-03-25,138.389999389648,138.660003662109,137.089996337891,137.139999389648,114.940307617188,20782000
2021-03-26,136.419998168945,137.240005493164,136.220001220703,136.660003662109,114.538032531738,8433300
2021-03-29,136.830001831055,136.850006103516,134.970001220703,135.5,113.565788269043,13968100
2021-03-30,135.300003051758,136.509994506836,135.009994506836,136.210006713867,114.160827636719,15020800
2021-03-31,136.339996337891,136.589996337891,134.979995727539,135.449996948242,113.523887634277,19271300
2021-04-01,136.550003051758,137.619995117188,136.300003051758,137.509994506836,115.40803527832,14885900
2021-04-05,136.550003051758,136.970001220703,135.940002441406,136.910003662109,114.904487609863,8243000
2021-04-06,137.160003662109,137.979995727539,137.009994506836,137.839996337891,115.684967041016,9282400
2021-04-07,137.449996948242,138.100006103516,136.880004882812,136.880004882812,114.879318237305,11052700
2021-04-08,137.389999389648,138.070007324219,137.360000610352,138.009994506836,115.827674865723,7847900
2021-04-09,137.5,138.190002441406,137.089996337891,137.509994506836,115.40803527832,8717800
2021-04-12,137.460006713867,137.529998779297,137.100006103516,137.449996948242,115.357696533203,7659000
2021-04-13,137.300003051758,138.509994506836,137.199996948242,138.479995727539,116.222091674805,13232800
2021-04-14,138.029998779297,138.240005493164,137.570007324219,138.039993286133,115.852867126465,7293200
2021-04-15,139.490005493164,140.979995727539,139.460006713867,140.350006103516,117.791534423828,23896700
2021-04-16,139.100006103516,139.729995727539,138.929992675781,139.259994506836,116.876754760742,15238400
2021-04-19,138.740005493164,139.309997558594,138.550003051758,138.860000610352,116.541061401367,13886800
2021-04-20,138.449996948242,139.759994506836,138.429992675781,139.5,117.078170776367,11476500
2021-04-21,139.539993286133,139.910003662109,139.070007324219,139.779998779297,117.313179016113,11902200
2021-04-22,140,140.389999389648,139.199996948242,140.389999389648,117.825187683105,14156400
2021-04-23,140.380004882812,140.470001220703,139.490005493164,140.059997558594,117.548156738281,12302200
2021-04-26,140.149993896484,140.509994506836,139.850006103516,139.860000610352,117.380363464355,9103500
2021-04-27,139.589996337891,139.820007324219,138.529998779297,138.639999389648,116.356422424316,14137300
2021-04-28,138.649993896484,138.889999389648,137.960006713867,138.729995727539,116.431953430176,15263700
2021-04-29,137.449996948242,138.360000610352,137.130004882812,138.320007324219,116.087860107422,17178200
2021-04-30,138.509994506836,138.729995727539,137.979995727539,138.639999389648,116.356422424316,15692000
2021-05-03,138.699996948242,139.649993896484,138.279998779297,138.520004272461,116.426177978516,16447700
2021-05-04,139.490005493164,140.160003662109,139.160003662109,139.460006713867,117.216270446777,18639700
2021-05-05,139.029998779297,139.850006103516,138.919998168945,139.690002441406,117.409530639648,11127900
2021-05-06,139.25,140.190002441406,139.199996948242,139.919998168945,117.602844238281,21907600
2021-05-07,140.100006103516,140.600006103516,138.910003662109,139.229995727539,117.022926330566,18346900
2021-05-10,138.949996948242,139.25,137.690002441406,137.820007324219,115.837829589844,15146200
2021-05-11,137.229995727539,137.479995727539,136.770004272461,137.039993286133,115.182235717773,15158600
2021-05-12,136.669998168945,136.800003051758,135.360000610352,135.600006103516,113.971939086914,20859400
2021-05-13,135.929992675781,136.369995117188,135.630004882812,135.809997558594,114.148422241211,13073900
2021-05-14,136.529998779297,137.080001831055,136.220001220703,137.080001831055,115.215812683105,17566700
2021-05-17,136.830001831055,137.169998168945,136.570007324219,136.789993286133,114.972061157227,6113800
2021-05-18,136.399993896484,136.570007324219,136.070007324219,136.440002441406,114.677955627441,11423100
2021-05-19,136.539993286133,137.300003051758,135.619995117188,136.110000610352,114.400581359863,14296000
2021-05-20,136.759994506836,137.490005493164,136.669998168945,137.229995727539,115.341918945312,13310500
2021-05-21,137.660003662109,137.699996948242,137.059997558594,137.669998168945,115.711769104004,10171600
2021-05-24,137.990005493164,138.580001831055,137.889999389648,138.179992675781,116.140411376953,6868700
2021-05-25,138.630004882812,139.5,138.619995117188,139.460006713867,117.216270446777,12346900
2021-05-26,139.589996337891,139.910003662109,138.880004882812,139.220001220703,117.014541625977,9793700
2021-05-27,138.5,138.690002441406,137.990005493164,138.660003662109,116.543876647949,10695200
2021-05-28,138.580001831055,139.300003051758,138.339996337891,138.440002441406,116.358947753906,10258000
2021-06-01,137.820007324219,138.259994506836,137.25,138.210006713867,116.332824707031,11778500
2021-06-02,138.550003051758,138.789993286133,138.320007324219,138.529998779297,116.602157592773,7347900
2021-06-03,138.509994506836,138.509994506836,137.850006103516,138.009994506836,116.164474487305,10994000
2021-06-04,138.520004272461,139.899993896484,138.520004272461,139.899993896484,117.755340576172,15773700
2021-06-07,139.589996337891,139.710006713867,139.320007324219,139.470001220703,117.393402099609,7799800
2021-06-08,140.660003662109,140.660003662109,140.210006713867,140.449996948242,118.218299865723,11230900
2021-06-09,141.759994506836,142.149993896484,141.25,141.690002441406,119.26197052002,12768300
2021-06-10,140.830001831055,142.559997558594,140.679992675781,142.539993286133,119.977424621582,19698300
2021-06-11,142.309997558594,142.399993896484,141.839996337891,142.309997558594,119.783821105957,8646700
2021-06-14,142.100006103516,142.100006103516,141.009994506836,141.220001220703,118.866409301758,9401300
2021-06-15,140.800003051758,141.089996337891,140.479995727539,141.050003051758,118.723251342773,18207300
2021-06-16,141.399993896484,141.669998168945,140.210006713867,140.929992675781,118.622268676758,19676300
2021-06-17,141.860000610352,144.929992675781,141.639999389648,143.039993286133,120.398292541504,35225800
2021-06-18,144.279998779297,146.039993286133,144.119995117188,145.729995727539,122.66251373291,26616900
2021-06-21,144.389999389648,144.490005493164,143.020004272461,143.289993286133,120.608726501465,16485000
2021-06-22,142.169998168945,143.679992675781,142.119995117188,143.639999389648,120.903312683105,14530200
2021-06-23,143.110000610352,143.5,142.710006713867,143.270004272461,120.591865539551,12040900
2021-06-24,143.419998168945,143.899993896484,143.330001831055,143.5,120.785484313965,8788400
2021-06-25,143.259994506836,143.399993896484,141.369995117188,142.009994506836,119.531318664551,15562200
2021-06-28,142.720001220703,143.800003051758,142.699996948242,143.470001220703,120.760223388672,11460700
2021-06-29,143.100006103516,143.720001220703,143.039993286133,143.710006713867,120.96223449707,11217900
2021-06-30,144.25,144.929992675781,144.070007324219,144.350006103516,121.500915527344,15708900
2021-07-01,143.979995727539,144.309997558594,143.529998779297,144.169998168945,121.507682800293,10810000
2021-07-02,144.229995727539,145.039993286133,144.110000610352,145.039993286133,122.240928649902,9650200
2021-07-06,145.720001220703,146.990005493164,145.720001220703,146.740005493164,123.673683166504,20037200
2021-07-07,147.570007324219,148.559997558594,147.220001220703,148.039993286133,124.769371032715,20964400
2021-07-08,148.880004882812,149.440002441406,148.169998168945,148.619995117188,125.258163452148,17487800
2021-07-09,146.869995117188,146.990005493164,146.490005493164,146.529998779297,123.496757507324,14483600
2021-07-12,147.089996337891,147.229995727539,146.169998168945,146.339996337891,123.336578369141,10610400
2021-07-13,146.820007324219,147.460006713867,144.639999389648,145.220001220703,122.392646789551,23340200
2021-07-14,146.009994506836,146.919998168945,145.809997558594,146.869995117188,123.783256530762,16038600
2021-07-15,147.949996948242,148.600006103516,147.029998779297,148.490005493164,125.14860534668,18462400
2021-07-16,147.339996337891,148.339996337891,147.320007324219,148.210006713867,124.912635803223,12787900
2021-07-19,150.949996948242,151.949996948242,150.619995117188,151.460006713867,127.651779174805,40203900
2021-07-20,152.529998779297,152.710006713867,149.759994506836,150,126.42121887207,25674800
2021-07-21,148.179992675781,148.5,146.669998168945,148.100006103516,124.819969177246,19988900
2021-07-22,148.110000610352,149.809997558594,148.059997558594,149.5,125.999855041504,18136900
2021-07-23,147.940002441406,148.660003662109,147.889999389648,148.5,125.157043457031,12639300
2021-07-26,149,149.059997558594,147.880004882812,148.059997558594,124.786247253418,10737700
2021-07-27,149.330001831055,149.690002441406,148.990005493164,149.639999389648,126.117774963379,13036500
2021-07-28,148.669998168945,149.669998168945,148.270004272461,149.649993896484,126.12622833252,14346700
2021-07-29,148.779998779297,149.220001220703,148.529998779297,148.820007324219,125.426750183105,11532000
2021-07-30,149.130004882812,149.720001220703,149.059997558594,149.520004272461,126.016700744629,14342100
2021-08-02,149.449996948242,151.229995727539,149.179992675781,150.669998168945,127.140625,21232700
2021-08-03,150.75,151.229995727539,150.389999389648,150.75,127.208236694336,13361900
2021-08-04,151.5,151.820007324219,149.720001220703,151.059997558594,127.46981048584,18267900
2021-08-05,150.759994506836,150.919998168945,150,150.289993286133,126.820053100586,15345400
2021-08-06,148.320007324219,148.759994506836,147.690002441406,147.779998779297,124.701995849609,21144300
2021-08-09,148.149993896484,148.559997558594,147.229995727539,147.25,124.254768371582,12942400
2021-08-10,147.490005493164,147.570007324219,146.559997558594,146.570007324219,123.680976867676,13716900
2021-08-11,146.410003662109,147.229995727539,145.710006713867,146.479995727539,123.604995727539,17227600
2021-08-12,146.089996337891,146.440002441406,145.429992675781,146.240005493164,123.402542114258,14709400
2021-08-13,146.830001831055,148.559997558594,146.809997558594,148.550003051758,125.351745605469,18653800
2021-08-16,149.190002441406,150.020004272461,148.809997558594,148.910003662109,125.65550994873,19170900
2021-08-17,148.880004882812,149.470001220703,148.669998168945,148.850006103516,125.604949951172,14126900
2021-08-18,148.710006713867,149.470001220703,148.449996948242,149.350006103516,126.026832580566,13144000
2021-08-19,150.309997558594,150.460006713867,149.809997558594,150.449996948242,126.954986572266,15474300
2021-08-20,150.589996337891,150.809997558594,150.110000610352,150.550003051758,127.039451599121,12388400
2021-08-23,150.199996948242,150.5,149.919998168945,150.449996948242,126.954986572266,10615000
2021-08-24,149.759994506836,150.070007324219,149.279998779297,149.279998779297,125.967750549316,13835900
2021-08-25,149.210006713867,149.369995117188,147.580001831055,148.039993286133,124.921432495117,16743800
2021-08-26,147.970001220703,148.570007324219,147.509994506836,148.449996948242,125.267349243164,16657400
2021-08-27,148.570007324219,149.490005493164,148.330001831055,149.460006713867,126.11971282959,15384700
2021-08-30,148.990005493164,149.899993896484,148.929992675781,149.850006103516,126.448791503906,10596300
2021-08-31,149.669998168945,150.089996337891,148.5,148.830001831055,125.588081359863,15262400
2021-09-01,149.270004272461,149.389999389648,148.490005493164,148.889999389648,125.798431396484,10807100
2021-09-02,149.240005493164,149.550003051758,148.75,149.539993286133,126.34757232666,9765900
2021-09-03,148.270004272461,148.509994506836,147.940002441406,148.179992675781,125.198501586914,12928000
2021-09-07,147.259994506836,147.520004272461,146.660003662109,146.929992675781,124.14241027832,15547800
2021-09-08,147.660003662109,148.190002441406,147.389999389648,147.929992675781,124.987297058105,14533700
2021-09-09,148.169998168945,149.889999389648,147.850006103516,149.720001220703,126.49967956543,20324600
2021-09-10,148.899993896484,149.169998168945,148.160003662109,148.399993896484,125.384422302246,14894600
2021-09-13,149.039993286133,149.490005493164,148.949996948242,149.300003051758,126.14485168457,15036100
2021-09-14,149.729995727539,151.570007324219,149.580001831055,151.110000610352,127.674163818359,19918400
2021-09-15,151.210006713867,151.25,149.929992675781,150.580001831055,127.22632598877,11940300
2021-09-16,149.669998168945,150.449996948242,149.5,149.889999389648,126.643348693848,13328900
2021-09-17,149.179992675781,149.360000610352,148.699996948242,149.169998168945,126.03498840332,13782900
2021-09-20,150.570007324219,151.369995117188,150.229995727539,151.020004272461,127.598037719727,14660400
2021-09-21,150.710006713867,150.960006713867,150.199996948242,150.889999389648,127.488220214844,10035800
2021-09-22,150.789993286133,151.789993286133,150.440002441406,151.789993286133,128.248718261719,22277800
2021-09-23,150.419998168945,150.449996948242,148.339996337891,148.360000610352,125.3505859375,23853300
2021-09-24,147.839996337891,147.850006103516,146.740005493164,146.910003662109,124.125495910645,20203900
2021-09-27,146.059997558594,146.869995117188,145.880004882812,146.369995117188,123.669288635254,13464300
2021-09-28,144.330001831055,145.070007324219,143.639999389648,144.089996337891,121.742866516113,26613500
2021-09-29,144.800003051758,145.429992675781,143.690002441406,144.339996337891,121.9541015625,23569400
2021-09-30,144.100006103516,144.509994506836,143.649993896484,144.320007324219,121.93724822998,22567600
2021-10-01,144.850006103516,145.399993896484,144.199996948242,145.350006103516,122.963409423828,26151800
2021-10-04,144.669998168945,145.460006713867,144.100006103516,144.979995727539,122.650367736816,28027600
2021-10-05,144.600006103516,144.699996948242,143.460006713867,143.580001831055,121.465995788574,22659200
2021-10-06,144.229995727539,144.720001220703,144.029998779297,144.389999389648,122.151268005371,18696500
2021-10-07,143.190002441406,143.339996337891,142.589996337891,142.880004882812,120.873802185059,14856000
2021-10-08,142.259994506836,142.350006103516,141.529998779297,141.880004882812,120.027793884277,17257800
2021-10-11,141.600006103516,141.899993896484,141.449996948242,141.520004272461,119.72322845459,7213400
2021-10-12,142.630004882812,144.009994506836,142.479995727539,143.940002441406,121.770545959473,17968700
2021-10-13,144.610000610352,145.529998779297,144.580001831055,145.339996337891,122.954902648926,23584600
2021-10-14,145.369995117188,145.960006713867,144.949996948242,145.880004882812,123.411758422852,12946400
2021-10-15,145,145.139999389648,144.470001220703,145.029998779297,122.692649841309,11811500
2021-10-18,145,146,144.520004272461,145.710006713867,123.267890930176,12115900
2021-10-19,144.660003662109,144.729995727539,143.649993896484,143.699996948242,121.567504882812,12156300
2021-10-20,143.25,143.679992675781,142.509994506836,142.729995727539,120.746841430664,12782500
2021-10-21,143,143.149993896484,142.229995727539,142.559997558594,120.603088378906,13660000
2021-10-22,143.449996948242,144.399993896484,143.210006713867,144.130004882812,121.931266784668,13740000
2021-10-25,143.669998168945,144.300003051758,143.630004882812,143.910003662109,121.745170593262,8137900
2021-10-26,144.619995117188,145.100006103516,143.740005493164,145.100006103516,122.751892089844,13671000
2021-10-27,146.399993896484,148.179992675781,145.929992675781,147.740005493164,124.985313415527,22092300
2021-10-28,147.789993286133,148.330001831055,146.839996337891,147.240005493164,124.56224822998,17497600
2021-10-29,146.470001220703,148,146.320007324219,147.690002441406,124.942993164062,19087300
2021-11-01,145.800003051758,146.759994506836,145.699996948242,146.440002441406,124.043388366699,18035500
2021-11-02,146.5,147.570007324219,146.5,147.089996337891,124.593971252441,9836700
2021-11-03,147.820007324219,147.979995727539,145.529998779297,145.570007324219,123.306434631348,20639400
2021-11-04,145.869995117188,147.360000610352,145.850006103516,147.100006103516,124.602424621582,15922400
2021-11-05,148.520004272461,149.580001831055,148.130004882812,149.300003051758,126.466033935547,21513000
2021-11-08,148.960006713867,149.279998779297,148.509994506836,149.020004272461,126.228797912598,12083800
2021-11-09,150.800003051758,151.770004272461,150.639999389648,150.960006713867,127.872093200684,23430200
2021-11-10,150.830001831055,150.929992675781,147.029998779297,148.199996948242,125.534225463867,28170600
2021-11-11,148.509994506836,148.660003662109,147.889999389648,147.979995727539,125.347846984863,5552500
2021-11-12,148,148.509994506836,146.759994506836,147.330001831055,124.797210693359,12712000
2021-11-15,146.889999389648,146.960006713867,145.220001220703,145.479995727539,123.230201721191,15232700
2021-11-16,145.690002441406,146.380004882812,144.850006103516,145.110000610352,122.916839599609,12998700
2021-11-17,144.570007324219,146.289993286133,144.460006713867,146.259994506836,123.89094543457,14239900
2021-11-18,145.990005493164,146.899993896484,145.949996948242,146.809997558594,124.356811523438,11054600
2021-11-19,147.580001831055,148.600006103516,147.580001831055,148.360000610352,125.669776916504,14022100
2021-11-22,147.399993896484,147.639999389648,146.130004882812,146.619995117188,124.195861816406,15266000
2021-11-23,145.929992675781,146.110000610352,144.5,144.5,122.400115966797,15318500
2021-11-24,144.940002441406,146.820007324219,144.789993286133,146.820007324219,124.365234375,13769700
2021-11-26,148.830001831055,150.679992675781,148.669998168945,150.529998779297,127.507835388184,20064800
2021-11-29,148.309997558594,149.639999389648,148.169998168945,149.320007324219,126.482948303223,23234200
2021-11-30,150.830001831055,152.070007324219,150.25,151.589996337891,128.405731201172,31481100
2021-12-01,150.490005493164,152.410003662109,149.789993286133,152.339996337891,129.197860717773,30826500
2021-12-02,152.929992675781,152.990005493164,150.759994506836,152.529998779297,129.359008789062,17754200
2021-12-03,151.679992675781,155.119995117188,151.350006103516,154.350006103516,130.902496337891,34427100
2021-12-06,154.050003051758,154.350006103516,151.929992675781,152.229995727539,129.104583740234,30924200
2021-12-07,151.720001220703,152.529998779297,150.860000610352,151,128.061416625977,22115900
2021-12-08,150.470001220703,150.479995727539,148.360000610352,148.389999389648,125.847938537598,33633900
2021-12-09,149.339996337891,149.839996337891,148.479995727539,149.220001220703,126.551795959473,17544900
2021-12-10,149.919998168945,150.240005493164,148.809997558594,148.860000610352,126.246543884277,14298700
2021-12-13,150.389999389648,151.309997558594,150.309997558594,151.059997558594,128.112274169922,17860500
2021-12-14,150.369995117188,150.929992675781,149.309997558594,150.699996948242,127.806938171387,14015500
2021-12-15,149.610000610352,150.789993286133,149.130004882812,149.25,126.577301025391,25383900
2021-12-16,148.75,149.880004882812,148.729995727539,149.139999389648,126.626487731934,18677900
2021-12-17,150.339996337891,150.979995727539,150.160003662109,150.830001831055,128.061401367188,18093500
2021-12-20,150.75,151.020004272461,149.600006103516,149.699996948242,127.10196685791,17147300
2021-12-21,148.139999389648,149.199996948242,147.619995117188,149.130004882812,126.617935180664,16598200
2021-12-22,149.729995727539,149.860000610352,149.020004272461,149.820007324219,127.20384979248,12253900
2021-12-23,149.589996337891,149.600006103516,148.029998779297,148.520004272461,126.100067138672,11642500
2021-12-27,148.460006713867,149.009994506836,148.320007324219,148.880004882812,126.405746459961,7821800
2021-12-28,149.600006103516,149.779998779297,148.009994506836,148.289993286133,125.904769897461,9174600
2021-12-29,146.910003662109,147.309997558594,146.410003662109,146.669998168945,124.529411315918,11771200
2021-12-30,147.25,147.970001220703,146.449996948242,147.899993896484,125.57364654541,10355000
2021-12-31,147.809997558594,149.029998779297,147.429992675781,148.190002441406,125.819900512695,13402300
2022-01-03,146.410003662109,146.940002441406,144.279998779297,144.300003051758,122.517127990723,33860400
2022-01-04,143.610000610352,144.130004882812,142.740005493164,143.699996948242,122.007698059082,21996400
2022-01-05,144.139999389648,144.160003662109,142.710006713867,142.919998168945,121.345428466797,20911700
2022-01-06,142.589996337891,143.440002441406,142.289993286133,143.289993286133,121.659606933594,18996400
2022-01-07,143.130004882812,143.240005493164,141.559997558594,142.259994506836,120.785110473633,18756800
2022-01-10,141.649993896484,142.809997558594,141.360000610352,142.610000610352,121.082252502441,13775800
2022-01-11,142.880004882812,143.630004882812,142.699996948242,143.559997558594,121.888824462891,24388700
2022-01-12,143.899993896484,144.009994506836,143,143.009994506836,121.421867370605,14440600
2022-01-13,143.389999389648,144.419998168945,143.029998779297,144.279998779297,122.500099182129,15166000
2022-01-14,143.419998168945,143.460006713867,141.789993286133,142.100006103516,120.649223327637,22997500
2022-01-18,140.960006713867,141.309997558594,140.020004272461,140.100006103516,118.951194763184,21171700
2022-01-19,140.529998779297,141.710006713867,140.309997558594,141.070007324219,119.774711608887,17930500
2022-01-20,141.369995117188,141.990005493164,141.089996337891,141.940002441406,120.513374328613,13959000
2022-01-21,143.399993896484,144.100006103516,142.669998168945,143.630004882812,121.9482421875,28916600
2022-01-24,144.300003051758,144.369995117188,142.429992675781,142.449996948242,120.946395874023,25001600
2022-01-25,143.110000610352,143.710006713867,141.800003051758,142.220001220703,120.751113891602,15599000
2022-01-26,142.259994506836,142.570007324219,140.490005493164,140.5,119.290786743164,23655500
2022-01-27,142.410003662109,143.369995117188,142.330001831055,143.080001831055,121.481338500977,21501800
2022-01-28,142.089996337891,143.460006713867,141.850006103516,143.130004882812,121.523735046387,12826500
2022-01-31,142.179992675781,142.949996948242,141.960006713867,142.389999389648,120.89542388916,13998400
2022-02-01,142.279998779297,142.360000610352,141.059997558594,141.720001220703,120.494125366211,20806100
2022-02-02,141.949996948242,143.570007324219,141.929992675781,142.199996948242,120.90225982666,18404600
2022-02-03,140.440002441406,141.479995727539,140.179992675781,141.089996337891,119.958534240723,17234100
2022-02-04,139.850006103516,140.139999389648,138.779998779297,139.009994506836,118.189979553223,23609800
2022-02-07,138.910003662109,139.309997558594,138.550003051758,139.100006103516,118.266525268555,12962400
2022-02-08,138.210006713867,138.580001831055,137.820007324219,138.169998168945,117.475883483887,16269200
2022-02-09,138.720001220703,139.369995117188,138.190002441406,138.429992675781,117.696846008301,14349100
2022-02-10,137.660003662109,137.830001831055,135.839996337891,136.229995727539,115.826416015625,30896200
2022-02-11,136.869995117188,138.509994506836,135.360000610352,138.25,117.543838500977,43210300
2022-02-14,137.130004882812,137.740005493164,135.970001220703,136.529998779297,116.081489562988,23157400
2022-02-15,135.600006103516,135.839996337891,134.940002441406,134.979995727539,114.763633728027,18198500
2022-02-16,135.949996948242,136.070007324219,134.509994506836,135.779998779297,115.443794250488,16473700
2022-02-17,136.449996948242,137.570007324219,135.899993896484,136.789993286133,116.302513122559,24508200
2022-02-18,137.520004272461,138.369995117188,137.160003662109,138.229995727539,117.52685546875,17522600
2022-02-22,137.690002441406,138.669998168945,137.470001220703,138.589996337891,117.832946777344,19534000
2022-02-23,137.679992675781,137.850006103516,136.570007324219,136.679992675781,116.208976745605,17757800
2022-02-24,139.100006103516,139.369995117188,136.25,136.770004272461,116.285552978516,28150400
2022-02-25,136.860000610352,137.309997558594,136.179992675781,136.869995117188,116.370574951172,15025400
2022-02-28,138.429992675781,140.039993286133,138.320007324219,139.869995117188,118.921241760254,25817700
2022-03-01,140.360000610352,142.330001831055,140,141.300003051758,120.29613494873,35664400
2022-03-02,139.839996337891,140.419998168945,136.410003662109,136.470001220703,116.184120178223,30397400
2022-03-03,137.490005493164,138.699996948242,137.020004272461,137.860000610352,117.367546081543,20649100
2022-03-04,140.360000610352,140.820007324219,139.309997558594,140.240005493164,119.393730163574,25853100
2022-03-07,139.119995117188,140.639999389648,138.770004272461,139.169998168945,118.482788085938,23710900
2022-03-08,137.509994506836,138.25,137.25,137.770004272461,117.290893554688,28331300
2022-03-09,137.070007324219,137.339996337891,136.130004882812,136.419998168945,116.141593933105,18819200
2022-03-10,134.830001831055,135.169998168945,133.720001220703,134.460006713867,114.472938537598,26868900
2022-03-11,134.330001831055,135.449996948242,134.210006713867,134.910003662109,114.85604095459,15583800
2022-03-14,132.699996948242,132.889999389648,131.720001220703,131.759994506836,112.17423248291,24385000
2022-03-15,132.860000610352,133.149993896484,131.190002441406,131.529998779297,111.978424072266,17518800
2022-03-16,131.830001831055,133.130004882812,130.320007324219,132.820007324219,113.076690673828,25857700
2022-03-17,132.820007324219,133.339996337891,131.070007324219,131.830001831055,112.233810424805,19330600
2022-03-18,132.570007324219,133.539993286133,132.570007324219,133.440002441406,113.604507446289,55891700
2022-03-21,131.279998779297,131.669998168945,129.75,130.350006103516,110.973831176758,26122000
2022-03-22,128.960006713867,129.339996337891,128.339996337891,128.679992675781,109.552101135254,21830900
2022-03-23,129.369995117188,131.600006103516,128.860000610352,131.5,111.95288848877,21266100
2022-03-24,129.649993896484,131.179992675781,129.600006103516,130.470001220703,111.076042175293,17141600
2022-03-25,129.5,129.520004272461,127.650001525879,128.660003662109,109.53507232666,25684500
2022-03-28,129.389999389648,130.559997558594,129.039993286133,129.759994506836,110.471557617188,17657800
2022-03-29,130.559997558594,131.550003051758,129.740005493164,130.740005493164,111.305877685547,19319700
2022-03-30,130.070007324219,132.009994506836,129.990005493164,131.759994506836,112.17423248291,16310200
2022-03-31,131.979995727539,132.669998168945,131.660003662109,132.080001831055,112.446678161621,19901000
2022-04-01,130.009994506836,132.960006713867,129.710006713867,132.380004882812,112.874732971191,23489700
2022-04-04,131.929992675781,131.979995727539,130.710006713867,131.460006713867,112.090286254883,13609900
2022-04-05,130.759994506836,130.779998779297,128.289993286133,128.490005493164,109.557876586914,25196900
2022-04-06,126.430000305176,128.300003051758,126.400001525879,127.449996948242,108.671112060547,22952000
2022-04-07,126.110000610352,126.669998168945,125.410003662109,126.48999786377,107.852592468262,23458800
2022-04-08,125.449996948242,125.830001831055,124.26000213623,125.120002746582,106.684440612793,26859200
2022-04-11,123.919998168945,124.190002441406,122.559997558594,123.139999389648,104.996154785156,30020700
2022-04-12,124.050003051758,124.160003662109,122.669998168945,122.970001220703,104.851249694824,23124200
2022-04-13,123.050003051758,124.300003051758,122.889999389648,123.220001220703,105.064399719238,17189500
2022-04-14,122.860000610352,122.930000305176,120.379997253418,120.75,102.958320617676,34274500
2022-04-18,120.870002746582,121.080001831055,119.690002441406,120.150001525879,102.446723937988,18784300
2022-04-19,119.150001525879,119.720001220703,118.669998168945,119.25,101.679374694824,26012300
2022-04-20,120.220001220703,121.970001220703,119.919998168945,121.650001525879,103.725723266602,31423200
2022-04-21,120.830001831055,120.910003662109,119.169998168945,120.75,102.958320617676,23323200
2022-04-22,120.069999694824,121.440002441406,119.809997558594,119.98999786377,102.310287475586,19773400
2022-04-25,121.379997253418,122.190002441406,121.129997253418,121.190002441406,103.333488464355,25418900
2022-04-26,122.440002441406,123.029998779297,121.76000213623,122.410003662109,104.373733520508,26931300
2022-04-27,122.190002441406,122.319999694824,120.769996643066,120.839996337891,103.03507232666,14560500
2022-04-28,120.389999389648,121.069999694824,120.01000213623,121.019996643066,103.188529968262,16892500
2022-04-29,119.309997558594,120.970001220703,119.110000610352,119.449996948242,101.849876403809,26153400
2022-05-02,117.860000610352,118.269996643066,116.930000305176,117.180000305176,100.084411621094,29233900
2022-05-03,119.040000915527,119.309997558594,117.889999389648,117.970001220703,100.759185791016,21256700
2022-05-04,117.970001220703,118.970001220703,117.349998474121,118.620002746582,101.314346313477,25575700
2022-05-05,116.349998474121,116.470001220703,114.019996643066,115.370002746582,98.5384902954102,48384500
2022-05-06,114.139999389648,115.040000915527,113.309997558594,113.669998168945,97.0865173339844,32790500
2022-05-09,112.860000610352,114.709999084473,112.620002746582,114.669998168945,97.9406127929688,26773000
2022-05-10,115.889999389648,116.959999084473,115.480003356934,115.709999084473,98.8288726806641,33640800
2022-05-11,114.73999786377,117.940002441406,114.440002441406,117.940002441406,100.733558654785,34173600
2022-05-12,118.019996643066,118.889999389648,117.660003662109,117.720001220703,100.545623779297,26405700
2022-05-13,116.980003356934,117.150001525879,115.900001525879,115.980003356934,99.0595169067383,20782700
2022-05-16,116.209999084473,116.940002441406,115.849998474121,115.860000610352,98.9570159912109,11050600
2022-05-17,114.709999084473,115.349998474121,114.360000610352,114.459999084473,97.7612533569336,15040800
2022-05-18,114.720001220703,117,114.610000610352,116.900001525879,99.8453140258789,21337300
2022-05-19,118.639999389648,118.720001220703,116.849998474121,117.180000305176,100.084411621094,21937500
2022-05-20,117.089996337891,119.019996643066,117.059997558594,118.51000213623,101.220405578613,22780900
2022-05-23,117.709999084473,118.25,116.540000915527,116.559997558594,99.5549011230469,15925200
2022-05-24,117.900001525879,119.639999389648,117.860000610352,118.860000610352,101.519340515137,23388200
2022-05-25,119.610000610352,119.620002746582,118.589996337891,119.330001831055,101.920768737793,14410800
2022-05-26,119.019996643066,119.089996337891,117.800003051758,118.790000915527,101.459541320801,14912900
2022-05-27,119.360000610352,119.73999786377,118.73999786377,119.080001831055,101.707229614258,11190400
2022-05-31,117.180000305176,117.230003356934,115.930000305176,116.559997558594,99.5549011230469,28393700
2022-06-01,117.029998779297,117.339996337891,115.690002441406,116.220001220703,99.4410705566406,15544800
2022-06-02,116.629997253418,116.709999084473,115.459999084473,116.279998779297,99.4924163818359,9832000
2022-06-03,115.089996337891,116.059997558594,114.870002746582,116.029998779297,99.2784881591797,15330400
2022-06-06,115.150001525879,115.51000213623,113.809997558594,113.889999389648,97.4474639892578,20815400
2022-06-07,114.610000610352,115.779998779297,114.580001831055,115.120002746582,98.499870300293,14278700
2022-06-08,114.680000305176,115.129997253418,114.080001831055,114.099998474121,97.6271743774414,11476100
2022-06-09,113.839996337891,114.709999084473,113.680000305176,114.480003356934,97.952262878418,15527300
2022-06-10,114.360000610352,114.610000610352,112.970001220703,113.769996643066,97.3447952270508,21917100
2022-06-13,111.48999786377,111.669998168945,109.23999786377,110.199996948242,94.2901763916016,36968300
2022-06-14,110.529998779297,110.980003356934,108.589996337891,108.809997558594,93.1008682250977,21865900
2022-06-15,110.089996337891,110.98999786377,109.029998779297,110.839996337891,94.8377990722656,25202800
2022-06-16,108.449996948242,111.720001220703,108.120002746582,111.720001220703,95.5907287597656,26067300
2022-06-17,112.01000213623,112.830001831055,110.959999084473,112.080001831055,95.8987808227539,21614300
2022-06-21,110.089996337891,111.019996643066,109.809997558594,110.180000305176,94.2731170654297,17663800
2022-06-22,112.690002441406,113.309997558594,112.379997253418,113.209999084473,96.8656387329102,23703800
2022-06-23,113.900001525879,115.169998168945,113.48999786377,114.139999389648,97.6613616943359,20669200
2022-06-24,113.459999084473,114.169998168945,112.5,112.559997558594,96.3094863891602,18161300
2022-06-27,111.220001220703,112.220001220703,111.160003662109,111.599998474121,95.4880981445312,12053000
2022-06-28,111.290000915527,112.180000305176,110.870002746582,112.120002746582,95.9330062866211,13706600
2022-06-29,112.379997253418,113.900001525879,112.169998168945,113.870002746582,97.4303512573242,12925400
2022-06-30,114.860000610352,115.769996643066,114.75,114.870002746582,98.2859725952148,25802100
2022-07-01,115.900001525879,117.589996337891,115.220001220703,115.819999694824,99.295051574707,21858800
2022-07-05,116.889999389648,117.75,116.169998168945,116.730003356934,100.075225830078,16689700
2022-07-06,117.389999389648,117.540000915527,114.769996643066,114.769996643066,98.3948364257812,20205400
2022-07-07,115.099998474121,115.169998168945,113.51000213623,113.76000213623,97.5289688110352,13088000
2022-07-08,113.5,113.5,112.050003051758,112.5,96.4487228393555,15320000
2022-07-11,113.790000915527,114.790000915527,113.699996948242,114.440002441406,98.1119689941406,13639900
2022-07-12,115.51000213623,116.230003356934,114.970001220703,115.120002746582,98.6949310302734,18547300
2022-07-13,113.769996643066,116.650001525879,113.449996948242,116.440002441406,99.8266143798828,20594800
2022-07-14,115.080001831055,116.160003662109,114.470001220703,115.48999786377,99.0121154785156,15665000
2022-07-15,115.839996337891,116.819999694824,115.599998474121,116.139999389648,99.5694122314453,16022600
2022-07-18,115.25,115.319999694824,114.180000305176,114.930000305176,98.5320205688477,15838300
2022-07-19,114.910003662109,115.150001525879,113.660003662109,114.309997558594,98.0004959106445,9276800
2022-07-20,115.480003356934,115.550003051758,114.050003051758,114.610000610352,98.257682800293,9117300
2022-07-21,115.190002441406,116.720001220703,115.01000213623,116.589996337891,99.9552001953125,14754900
2022-07-22,118.290000915527,119.269996643066,117.970001220703,118.550003051758,101.635528564453,17715300
2022-07-25,116.709999084473,117.540000915527,116.470001220703,117.389999389648,100.64102935791,24868100
2022-07-26,118.860000610352,119.23999786377,117.400001525879,117.480003356934,100.718200683594,13536000
2022-07-27,118.01000213623,118.48999786377,116.709999084473,116.819999694824,100.152359008789,15725600
2022-07-28,118.050003051758,118.919998168945,117.319999694824,117.75,100.949684143066,16637900
2022-07-29,117.699996948242,119.309997558594,117.330001831055,117.430000305176,100.675346374512,16655900
2022-08-01,118.25,120.099998474121,118.080001831055,120.040000915527,103.099952697754,17974600
2022-08-02,120.150001525879,120.690002441406,117.290000915527,117.5,100.918426513672,17896300
2022-08-03,117.169998168945,119.48999786377,116.330001831055,119.349998474121,102.507331848145,16731200
2022-08-04,118.980003356934,119.550003051758,118.540000915527,119.309997558594,102.472953796387,11003000
2022-08-05,117.069999694824,117.110000610352,115.889999389648,116.470001220703,100.033737182617,19492300
2022-08-08,117.639999389648,118.529998779297,117.559997558594,118.349998474121,101.648452758789,17476300
2022-08-09,117.730003356934,118.360000610352,117.459999084473,117.889999389648,101.25333404541,8223200
2022-08-10,117.730003356934,118.910003662109,116.730003356934,117.120002746582,100.592025756836,14665300
2022-08-11,116.870002746582,117.059997558594,114.089996337891,114.389999389648,98.2472991943359,20663800
2022-08-12,115.099998474121,115.569999694824,114.430000305176,115.550003051758,99.2435760498047,12178400
2022-08-15,116.330001831055,116.75,115.449996948242,115.449996948242,99.1576843261719,9031800
2022-08-16,115.25,116.019996643066,114.23999786377,115.930000305176,99.5699768066406,11066000
2022-08-17,115.059997558594,115.099998474121,114.309997558594,114.720001220703,98.5307083129883,14131300
2022-08-18,114.970001220703,115.639999389648,114.589996337891,114.889999389648,98.6767120361328,10738200
2022-08-19,113.230003356934,113.339996337891,112.73999786377,113.040000915527,97.0877914428711,16330900
2022-08-22,112.860000610352,112.959999084473,112.129997253418,112.660003662109,96.7614440917969,10457200
2022-08-23,112.190002441406,113.480003356934,111.73999786377,112.040000915527,96.2289199829102,17813200
2022-08-24,111.48999786377,111.870002746582,110.860000610352,111.220001220703,95.5246353149414,13971600
2022-08-25,111.319999694824,113.089996337891,110.98999786377,112.769996643066,96.8558807373047,21429700
2022-08-26,112.300003051758,113.98999786377,112.01000213623,113.620002746582,97.5859298706055,18764400
2022-08-29,112.940002441406,113.01000213623,112.129997253418,112.680000305176,96.7786026000977,14278300
2022-08-30,112.620002746582,113.51000213623,112.209999084473,112.959999084473,97.0190811157227,14346600
2022-08-31,112.690002441406,113.339996337891,111.580001831055,111.879997253418,96.0914916992188,13623500
2022-09-01,109.870002746582,110.25,108.940002441406,109.599998474121,94.3322448730469,22490400
2022-09-02,109.680000305176,110.559997558594,109.470001220703,110.220001220703,94.8658599853516,13024400
2022-09-06,108.900001525879,108.970001220703,107.419998168945,107.48999786377,92.5161437988281,24648500
2022-09-07,108.319999694824,109.480003356934,108.209999084473,109.190002441406,93.9793472290039,17050100
2022-09-08,108.839996337891,109.519996643066,108.050003051758,108.069999694824,93.0153732299805,14671400
2022-09-09,108.330001831055,108.800003051758,107.629997253418,108.309997558594,93.221923828125,12529800
2022-09-12,108.629997253418,108.889999389648,106.919998168945,107.419998168945,92.455924987793,14806900
2022-09-13,106.559997558594,107.73999786377,106.23999786377,107.669998168945,92.6710891723633,22158900
2022-09-14,107.339996337891,108.209999084473,107.120002746582,108.040000915527,92.9895401000977,13077800
2022-09-15,107.849998474121,108.190002441406,107.580001831055,107.970001220703,92.9292831420898,10260200
2022-09-16,107.029998779297,108.050003051758,106.769996643066,107.069999694824,92.1546630859375,18903800
2022-09-19,106.959999084473,107.819999694824,106.800003051758,107.319999694824,92.3698501586914,11084400
2022-09-20,105.690002441406,106.839996337891,105.400001525879,106.25,91.4488754272461,20133800
2022-09-21,106.699996948242,108.040000915527,105.970001220703,108.029998779297,92.9809417724609,23132900
2022-09-22,105.790000915527,105.959999084473,104.730003356934,105.269996643066,90.6054153442383,29030600
2022-09-23,105.339996337891,106.430000305176,104.559997558594,105.699996948242,90.9754791259766,23042200
2022-09-26,105.360000610352,105.410003662109,103.220001220703,103.680000305176,89.2369079589844,25104600
2022-09-27,102.709999084473,102.980003356934,100.900001525879,100.949996948242,86.8872299194336,34609500
2022-09-28,103.129997253418,104.449996948242,102.480003356934,104.330001831055,89.7963943481445,39283100
2022-09-29,102.900001525879,104.230003356934,102.800003051758,103.790000915527,89.3316040039062,19127100
2022-09-30,104.269996643066,104.860000610352,102.230003356934,102.449996948242,88.1782379150391,26485700
2022-10-03,103.849998474121,104.680000305176,103.150001525879,103.830001831055,89.5793991088867,27192200
2022-10-04,104.150001525879,104.650001525879,103.300003051758,103.540000915527,89.3291625976562,13788700
2022-10-05,102.730003356934,102.839996337891,101.580001831055,102.550003051758,88.4750747680664,20522100
2022-10-06,102.589996337891,102.839996337891,101.529998779297,101.980003356934,87.9832611083984,13965700
2022-10-07,100.809997558594,101.620002746582,100.470001220703,100.98999786377,87.1291198730469,14814800
2022-10-10,100.5,100.51000213623,98.8000030517578,99.4199981689453,85.7746276855469,15652600
2022-10-11,99.7399978637695,100.900001525879,98.9899978637695,99.8600006103516,86.1542510986328,33246700
2022-10-12,99.2799987792969,100.540000915527,99.1900024414062,100.349998474121,86.5769729614258,21447600
2022-10-13,98.3600006103516,100.379997253418,98.3399963378906,99.3899993896484,85.7487411499023,30292500
2022-10-14,100.190002441406,100.190002441406,98.25,98.5699996948242,85.0412902832031,18728200
2022-10-17,99.2900009155273,99.6600036621094,97.9400024414062,98.0899963378906,84.6271743774414,18969900
2022-10-18,97.9499969482422,98.4599990844727,96.870002746582,98.3199996948242,84.8256072998047,16931500
2022-10-19,97.1900024414062,97.4199981689453,96.3199996948242,96.5299987792969,83.2812805175781,25431600
2022-10-20,95.9300003051758,96.3300018310547,94.7399978637695,94.879997253418,81.8577499389648,25434900
2022-10-21,93.0199966430664,93.9300003051758,92.2600021362305,93.1699981689453,80.382438659668,46280300
2022-10-24,92.8199996948242,93.5500030517578,91.8499984741211,92.4000015258789,79.7181625366211,31332600
2022-10-25,94.5800018310547,95.2300033569336,94.4400024414062,95.0899963378906,82.0389099121094,31213100
2022-10-26,95.7699966430664,96.6900024414062,95.7699966430664,96.4599990844727,83.2209014892578,24843900
2022-10-27,96.9800033569336,97.9000015258789,96.2200012207031,97.4700012207031,84.0922698974609,20270000
2022-10-28,96.8600006103516,97.629997253418,96.4100036621094,96.8000030517578,83.514274597168,22244100
2022-10-31,96.3600006103516,96.620002746582,95.0299987792969,96.1100006103516,82.9189376831055,23956700
2022-11-01,97.379997253418,97.4199981689453,96.2099990844727,96.7699966430664,83.6938705444336,17585100
2022-11-02,96.9100036621094,97.629997253418,95.9599990844727,96.3499984741211,83.3305969238281,25010500
2022-11-03,95.1699981689453,96.379997253418,95.0899963378906,95.8300018310547,82.8808746337891,29097500
2022-11-04,95.0999984741211,95.6600036621094,94.2200012207031,94.2200012207031,81.4884338378906,23561400
2022-11-07,94.8000030517578,94.8600006103516,93.2399978637695,93.2799987792969,80.6754302978516,14522800
2022-11-08,93.8000030517578,94.9599990844727,93.7699966430664,94.3000030517578,81.5575942993164,20360600
2022-11-09,93.8199996948242,95.0199966430664,93.6900024414062,94.6100006103516,81.8257293701172,15637500
2022-11-10,96.7300033569336,98.4300003051758,96.6399993896484,98.25,84.9738845825195,45380900
2022-11-11,97.5699996948242,98.370002746582,97.5400009155273,97.8899993896484,84.6625442504883,15943100
2022-11-14,97.9100036621094,97.9899978637695,97.0899963378906,97.6500015258789,84.4549407958984,13741100
2022-11-15,98.25,99.3000030517578,98.1100006103516,99.2300033569336,85.8214721679688,26608200
2022-11-16,100.019996643066,101.449996948242,99.7399978637695,101.400001525879,87.6982345581055,28507700
2022-11-17,100.199996948242,100.569999694824,99.7799987792969,100.330001831055,86.7728118896484,24528900
2022-11-18,100.599998474121,100.889999389648,99.5500030517578,99.6399993896484,86.1760635375977,14941300
2022-11-21,100.690002441406,100.819999694824,99.8000030517578,100.059997558594,86.5392913818359,15534000
2022-11-22,100.650001525879,101.620002746582,100.529998779297,101.480003356934,87.7674331665039,18103100
2022-11-23,102.139999389648,103.25,102.080001831055,103.25,89.2982330322266,23234600
2022-11-25,102.610000610352,102.930000305176,102.430000305176,102.900001525879,88.9955139160156,9486100
2022-11-28,103.610000610352,103.809997558594,102.690002441406,103.190002441406,89.2463607788086,14563200
2022-11-29,102.150001525879,102.959999084473,101.910003662109,101.980003356934,88.1998596191406,16576400
2022-11-30,101.620002746582,102.730003356934,101.370002746582,102.730003356934,88.8485107421875,21581700
2022-12-01,103.150001525879,105.809997558594,103.099998474121,105.76000213623,91.6868438720703,53156800
2022-12-02,105.300003051758,107.099998474121,104.610000610352,107.089996337891,92.8398742675781,24479500
2022-12-05,105.839996337891,105.98999786377,104.900001525879,105.589996337891,91.5394744873047,20159700
2022-12-06,106.5,107.389999389648,106.190002441406,106.949996948242,92.7184906005859,21754500
2022-12-07,108.370002746582,109.680000305176,108.199996948242,109.470001220703,94.903190612793,30546700
2022-12-08,108.699996948242,109.449996948242,108.470001220703,109.169998168945,94.6431045532227,13377300
2022-12-09,107.940002441406,108.169998168945,106.269996643066,106.330001831055,92.1810073852539,25872200
2022-12-12,107.860000610352,108.110000610352,106.26000213623,106.669998168945,92.4757690429688,16897100
2022-12-13,109.040000915527,109.080001831055,107.459999084473,107.699996948242,93.3686904907227,23854700
2022-12-14,107.660003662109,108.319999694824,106.889999389648,108.160003662109,93.7674865722656,19517500
2022-12-15,108.389999389648,109.120002746582,108.160003662109,108.319999694824,94.1333618164062,20246200
2022-12-16,106.599998474121,107.830001831055,106.309997558594,107.110000610352,93.0818099975586,20838300
2022-12-19,105.830001831055,105.839996337891,104.980003356934,105.309997558594,91.5175476074219,26126800
2022-12-20,103.379997253418,103.809997558594,103.099998474121,103.440002441406,89.8924789428711,28869000
2022-12-21,104.290000915527,104.400001525879,102.959999084473,103.699996948242,90.1184463500977,15894100
2022-12-22,103.669998168945,104.120002746582,103.379997253418,103.680000305176,90.1010360717773,11322500
2022-12-23,102.580001831055,102.809997558594,102.019996643066,102.160003662109,88.780143737793,15408900
2022-12-27,100.48999786377,101.069999694824,100.01000213623,100.139999389648,87.0246734619141,26475700
2022-12-28,100.650001525879,100.779998779297,99.3499984741211,99.5500030517578,86.511962890625,17302900
2022-12-29,99.8600006103516,100.98999786377,99.7900009155273,100.680000305176,87.4939651489258,16593000
2022-12-30,99.870002746582,100.550003051758,99.370002746582,99.5599975585938,86.5206604003906,20810200
2023-01-03,102.199996948242,102.339996337891,100.839996337891,101.459999084473,88.1718292236328,25313200
2023-01-04,103.220001220703,103.480003356934,102.209999084473,102.849998474121,89.379768371582,21678200
2023-01-05,101.870002746582,103.290000915527,101.779998779297,103.279998779297,89.75341796875,14771100
2023-01-06,102.699996948242,105.300003051758,102.639999389648,105.180000305176,91.4046020507812,27473700
2023-01-09,104.410003662109,105.930000305176,104.269996643066,105.73999786377,91.8912658691406,21472200
2023-01-10,104.529998779297,104.819999694824,103.5,103.98999786377,90.3704605102539,20545200
2023-01-11,104.970001220703,105.720001220703,104.699996948242,105.680000305176,91.8391189575195,18794000
2023-01-12,105.819999694824,107.809997558594,104.559997558594,107.76000213623,93.6466827392578,32029600
2023-01-13,107.099998474121,107.800003051758,106.379997253418,106.75,92.7689819335938,17750800
2023-01-17,105.669998168945,106.660003662109,105.650001525879,106.059997558594,92.1693420410156,13911700
2023-01-18,108.459999084473,108.769996643066,107.120002746582,108.629997253418,94.4027404785156,35497200
2023-01-19,108.099998474121,108.370002746582,107.440002441406,107.949996948242,93.8118057250977,17194700
2023-01-20,106.959999084473,107.23999786377,106.110000610352,106.199996948242,92.2910003662109,22754100
2023-01-23,105.569999694824,106.199996948242,105.48999786377,105.699996948242,91.8564834594727,12961500
2023-01-24,106.120002746582,107.449996948242,105.389999389648,107.220001220703,93.1774291992188,16417200
2023-01-25,107.370002746582,107.910003662109,106.639999389648,107.480003356934,93.4033737182617,11906500
2023-01-26,107.139999389648,107.650001525879,106.48999786377,106.980003356934,92.9688415527344,15549400
2023-01-27,106.190002441406,106.959999084473,106.110000610352,106.709999084473,92.7342224121094,11845500
2023-01-30,106.459999084473,107.160003662109,106.190002441406,106.319999694824,92.3952713012695,11459700
2023-01-31,106.980003356934,107.279998779297,105.870002746582,107.169998168945,93.1339797973633,13705300
2023-02-01,107.550003051758,108.589996337891,106.419998168945,108.180000305176,94.253532409668,25305800
2023-02-02,108.919998168945,109.349998474121,108.089996337891,108.319999694824,94.3755340576172,19548400
2023-02-03,106.769996643066,107.110000610352,106.080001831055,106.699996948242,92.9640731811523,20619500
2023-02-06,105.75,106.309997558594,105.680000305176,105.910003662109,92.2757797241211,15182400
2023-02-07,105.330001831055,106.230003356934,105,105.059997558594,91.5352096557617,18290300
2023-02-08,105.040000915527,105.580001831055,104.389999389648,105.559997558594,91.9708251953125,13530700
2023-02-09,106.470001220703,106.620002746582,104.389999389648,104.559997558594,91.0995407104492,20469900
2023-02-10,104.400001525879,104.440002441406,103.120002746582,103.389999389648,90.0801696777344,16598300
2023-02-13,103.709999084473,104.419998168945,103.580001831055,104.26000213623,90.8381958007812,13134300
2023-02-14,104.199996948242,104.830001831055,103.139999389648,104.019996643066,90.6290664672852,15440300
2023-02-15,103.550003051758,103.949996948242,102.5,103.050003051758,89.7839508056641,15246900
2023-02-16,102.069999694824,102.220001220703,101.330001831055,101.589996337891,88.5119018554688,19267300
2023-02-17,101.099998474121,102.379997253418,100.970001220703,102.379997253418,89.2002029418945,19560900
2023-02-21,101.01000213623,101.199996948242,100.279998779297,100.389999389648,87.4663619995117,22728000
2023-02-22,100.98999786377,101.690002441406,100.949996948242,101.309997558594,88.267936706543,15165400
2023-02-23,101.540000915527,102.589996337891,101.470001220703,102.300003051758,89.130500793457,15829100
2023-02-24,101.440002441406,101.800003051758,100.559997558594,100.970001220703,87.9717407226562,21403600
2023-02-27,101.290000915527,101.699996948242,100.910003662109,101.25,88.2156600952148,14209200
2023-02-28,100.569999694824,101.720001220703,100.279998779297,101.709999084473,88.6164398193359,14955700
2023-03-01,100.819999694824,101.029998779297,99.9599990844727,100.370002746582,87.6644287109375,1.9e+07
2023-03-02,99.0599975585938,99.6500015258789,98.879997253418,99.4800033569336,86.8871078491211,23763600
2023-03-03,100.930000305176,101.900001525879,100.569999694824,101.889999389648,88.9920425415039,30877300
2023-03-06,102.220001220703,102.339996337891,100.98999786377,101.099998474121,88.3020095825195,16631900
2023-03-07,101.459999084473,102.370002746582,100.879997253418,101.720001220703,88.8435745239258,23096500
2023-03-08,102.400001525879,102.970001220703,101.419998168945,101.819999694824,88.9308776855469,20252400
2023-03-09,101.550003051758,102.519996643066,101.330001831055,102.069999694824,89.1492462158203,21550400
2023-03-10,104.029998779297,105.690002441406,104,105.589996337891,92.2236557006836,43921500
2023-03-13,108.199996948242,109.099998474121,105.040000915527,105.830001831055,92.4332733154297,51502500
2023-03-14,105.139999389648,105.610000610352,103.75,104.089996337891,90.9135360717773,38417800
2023-03-15,106.779998779297,107.709999084473,105.349998474121,106.099998474121,92.6690979003906,45164100
2023-03-16,107.379997253418,108.029998779297,105.040000915527,105.269996643066,91.9441528320312,43089300
2023-03-17,106.650001525879,107.730003356934,106.459999084473,106.849998474121,93.3241271972656,38129000
2023-03-20,106.879997253418,106.959999084473,105.720001220703,105.910003662109,92.5031433105469,24242800
2023-03-21,105.080001831055,105.419998168945,104.540000915527,105,91.7083129882812,18934900
2023-03-22,104.660003662109,106.449996948242,104.440002441406,106.400001525879,92.9311294555664,26388500
2023-03-23,105.360000610352,106.550003051758,104.819999694824,106.400001525879,92.9311294555664,25475100
2023-03-24,107.089996337891,107.430000305176,106.26000213623,106.849998474121,93.3241271972656,23652700
2023-03-27,105.050003051758,105.76000213623,104.330001831055,104.339996337891,91.1318817138672,22224500
2023-03-28,104.23999786377,104.680000305176,104.019996643066,104.529998779297,91.2978363037109,17794300
2023-03-29,103.699996948242,104.449996948242,103.599998474121,104.319999694824,91.1144256591797,16804400
2023-03-30,104.459999084473,105.050003051758,104.269996643066,104.800003051758,91.5336761474609,14315800
2023-03-31,105.349998474121,106.559997558594,105.080001831055,106.370002746582,92.904914855957,25396700
2023-04-03,105.879997253418,107.099998474121,105.699996948242,106.599998474121,93.3418273925781,18234800
2023-04-04,105.779998779297,107.800003051758,105.75,107.129997253418,93.8059387207031,18052400
2023-04-05,107.769996643066,108.370002746582,107.410003662109,108.25,94.7865982055664,23047700
2023-04-06,108.419998168945,108.870002746582,108.389999389648,108.529998779297,95.0318069458008,16447300
2023-04-10,107.639999389648,107.76000213623,106.559997558594,106.779998779297,93.4994583129883,19134400
2023-04-11,107.050003051758,107.089996337891,106.51000213623,107,93.6921081542969,13971200
2023-04-12,107.050003051758,107.169998168945,105.879997253418,106.889999389648,93.5957717895508,20563000
2023-04-13,107.050003051758,107.389999389648,105.879997253418,106.050003051758,92.8602676391602,22079400
2023-04-14,105.389999389648,105.550003051758,104.769996643066,105.080001831055,92.0109100341797,19801900
2023-04-17,104.419998168945,104.589996337891,103.709999084473,103.830001831055,90.9163818359375,19528800
2023-04-18,103.809997558594,104.589996337891,103.800003051758,104.199996948242,91.240348815918,15922600
2023-04-19,103.910003662109,104.23999786377,103.480003356934,104.099998474121,91.1528091430664,16093900
2023-04-20,104.830001831055,105.279998779297,104.75,104.98999786377,91.9320831298828,16450100
2023-04-21,105.300003051758,105.459999084473,104.269996643066,104.400001525879,91.4154891967773,15244700
2023-04-24,104.959999084473,105.48999786377,104.839996337891,105.410003662109,92.2998809814453,17034300
2023-04-25,106.330001831055,107.129997253418,106.279998779297,106.959999084473,93.6570587158203,21899900
2023-04-26,106.790000915527,107.23999786377,105.669998168945,105.819999694824,92.6588516235352,19610400
2023-04-27,105.199996948242,105.269996643066,104.610000610352,104.769996643066,91.7394409179688,20247600
2023-04-28,106.209999084473,106.76000213623,105.860000610352,106.459999084473,93.2192611694336,26954100
2023-05-01,105.269996643066,105.419998168945,102.839996337891,103.129997253418,90.5313262939453,32487300
2023-05-02,104,105.699996948242,103.889999389648,105.699996948242,92.7873687744141,30057800
2023-05-03,106,106.599998474121,105.279998779297,106.290000915527,93.3052978515625,23656200
2023-05-04,105.220001220703,106.449996948242,105.150001525879,105.23999786377,92.3835525512695,25110500
2023-05-05,104.349998474121,104.900001525879,104.110000610352,104.889999389648,92.0763168334961,15096500
2023-05-08,103.519996643066,103.870002746582,103.319999694824,103.419998168945,90.7859115600586,20587000
2023-05-09,103.5,103.639999389648,103,103.050003051758,90.4610977172852,19182500
2023-05-10,103.669998168945,104.23999786377,103.639999389648,104.050003051758,91.3389587402344,22886800
2023-05-11,105.300003051758,105.519996643066,104.720001220703,105.150001525879,92.3045654296875,19147200
2023-05-12,105.050003051758,105.25,104.25,104.269996643066,91.5320587158203,14198500
2023-05-15,103.389999389648,103.470001220703,103.120002746582,103.190002441406,90.5840225219727,20085300
2023-05-16,102.400001525879,102.900001525879,102.110000610352,102.879997253418,90.3118515014648,29251700
2023-05-17,103.080001831055,103.160003662109,102.349998474121,102.580001831055,90.0485076904297,21340900
2023-05-18,102.199996948242,102.26000213623,101.75,101.819999694824,89.3813781738281,25536600
2023-05-19,101.26000213623,101.860000610352,100.930000305176,101.099998474121,88.7493133544922,29038000
2023-05-22,101.25,101.709999084473,100.669998168945,100.73999786377,88.4332885742188,20131100
2023-05-23,100.430000305176,101.25,100.279998779297,101.029998779297,88.6878509521484,21749500
2023-05-24,101.279998779297,101.360000610352,100.529998779297,100.529998779297,88.2489471435547,18473400
2023-05-25,100.699996948242,100.800003051758,100.029998779297,100.279998779297,88.0294799804688,22492800
2023-05-26,100.120002746582,101.169998168945,100,101.089996337891,88.7405242919922,17030300
2023-05-30,101.400001525879,102.23999786377,101.25,102.099998474121,89.6271591186523,23125200
2023-05-31,101.98999786377,103.180000305176,101.870002746582,102.98999786377,90.4084320068359,23787000
2023-06-01,103.279998779297,103.629997253418,102.629997253418,103.120002746582,90.7631454467773,21040400
2023-06-02,103,103.069999694824,101.940002441406,101.98999786377,89.7685623168945,19136500
2023-06-05,101.349998474121,102.440002441406,101.209999084473,101.800003051758,89.6013259887695,14433200
2023-06-06,101.839996337891,102.470001220703,101.389999389648,102.400001525879,90.1294326782227,14332100
2023-06-07,102.169998168945,102.430000305176,100.779998779297,100.879997253418,88.7915725708008,25251100
2023-06-08,100.870002746582,102.139999389648,100.800003051758,102.059997558594,89.8301773071289,23845100
2023-06-09,101.599998474121,102.269996643066,101.339996337891,101.919998168945,89.7069320678711,22147400
2023-06-12,102.23999786377,102.300003051758,101.120002746582,102.220001220703,89.9709777832031,19010300
2023-06-13,102.110000610352,102.330001831055,100.970001220703,101.209999084473,89.0820159912109,25910800
2023-06-14,101.629997253418,102.290000915527,101.459999084473,102.019996643066,89.7949295043945,29094200
2023-06-15,103.029998779297,103.629997253418,102.599998474121,103,90.6575393676758,25732000
2023-06-16,102.440002441406,102.830001831055,102.029998779297,102.599998474121,90.3054351806641,16759100
2023-06-20,103.110000610352,103.660003662109,103.110000610352,103.309997558594,90.9303817749023,17162900
2023-06-21,102.809997558594,103.650001525879,102.339996337891,103.559997558594,91.1504211425781,19720100
2023-06-22,102.800003051758,103.25,102.199996948242,102.309997558594,90.050163269043,23630700
2023-06-23,103.830001831055,103.949996948242,102.980003356934,103.330001831055,90.9479751586914,22901900
2023-06-26,103.620002746582,103.800003051758,103.160003662109,103.440002441406,91.044792175293,12894900
2023-06-27,103.589996337891,103.949996948242,102.76000213623,103.169998168945,90.8071441650391,18105700
2023-06-28,103.410003662109,103.839996337891,102.830001831055,103.610000610352,91.1944122314453,23826800
2023-06-29,102.169998168945,102.339996337891,101.449996948242,101.73999786377,89.5484848022461,41091600
2023-06-30,102.059997558594,103.059997558594,101.870002746582,102.940002441406,90.6046829223633,32024900
2023-07-03,102.839996337891,103.26000213623,102.059997558594,102.080001831055,90.0910949707031,16011800
2023-07-05,101.889999389648,102,100.73999786377,101.110000610352,89.2350082397461,28170300
2023-07-06,100.199996948242,100.379997253418,99.4700012207031,99.6800003051758,87.9729309082031,41375700
2023-07-07,99.1800003051758,99.5999984741211,98.9899978637695,99.0800018310547,87.4433975219727,28996500
2023-07-10,98.8600006103516,99.5299987792969,98.8499984741211,99.2099990844727,87.5581130981445,24665200
2023-07-11,99.5699996948242,99.9700012207031,99.2900009155273,99.7200012207031,88.0082473754883,20485500
2023-07-12,100.099998474121,101.120002746582,99.7699966430664,100.830001831055,88.9878921508789,31928000
2023-07-13,101.309997558594,101.970001220703,101.029998779297,101.889999389648,89.9233627319336,32441500
2023-07-14,101.720001220703,101.940002441406,101.23999786377,101.290000915527,89.3938598632812,18569000
2023-07-17,101.230003356934,101.48999786377,100.919998168945,101.339996337891,89.4379730224609,18822000
2023-07-18,101.800003051758,102.069999694824,101.569999694824,101.800003051758,89.8439559936523,15407400
2023-07-19,102,102.980003356934,101.730003356934,102.949996948242,90.8588943481445,27192500
2023-07-20,102.220001220703,102.309997558594,101.279998779297,101.699996948242,89.7556915283203,56951200
2023-07-21,102.160003662109,102.349998474121,101.629997253418,101.730003356934,89.7821731567383,20657500
2023-07-24,101.98999786377,102.150001525879,101.300003051758,101.360000610352,89.4556274414062,17546700
2023-07-25,100.830001831055,101.5,100.800003051758,101.169998168945,89.2879638671875,17160600
2023-07-26,101.680000305176,101.690002441406,100.930000305176,101.269996643066,89.3761901855469,19310700
2023-07-27,100.709999084473,100.930000305176,98.9100036621094,99.3000030517578,87.6375961303711,44794400
2023-07-28,99.4000015258789,99.8600006103516,99.1500015258789,99.8099975585938,88.0876617431641,27434000
2023-07-31,99.6500015258789,100.330001831055,99.620002746582,100.050003051758,88.2994842529297,28663800
2023-08-01,98.8399963378906,98.9199981689453,97.9000015258789,98.1399993896484,86.8525314331055,34943400
2023-08-02,97.0400009155273,97.2399978637695,96.4100036621094,97.0899963378906,85.9232864379883,38121300
2023-08-03,95.1900024414062,95.3199996948242,94.5400009155273,94.8499984741211,83.9409027099609,59394800
2023-08-04,95.1500015258789,96.6800003051758,95.129997253418,96.5299987792969,85.4276962280273,42071800
2023-08-07,96.1100006103516,96.1999969482422,95.5,95.5800018310547,84.5869750976562,35862900
2023-08-08,96.8600006103516,97.370002746582,96.4400024414062,96.6900024414062,85.5693130493164,24010500
2023-08-09,96.879997253418,97.2900009155273,96.8399963378906,97.1900024414062,86.0118026733398,20151100
2023-08-10,97.0400009155273,97.3600006103516,95.5899963378906,95.5899963378906,84.5958023071289,37253200
2023-08-11,95.3000030517578,95.870002746582,95.1999969482422,95.370002746582,84.4011154174805,26753500
2023-08-14,95.2099990844727,95.9300003051758,94.9000015258789,95.1600036621094,84.2152709960938,19072000
2023-08-15,94.8000030517578,95.1999969482422,94.5599975585938,94.5800018310547,83.7019805908203,24125000
2023-08-16,94.2799987792969,94.7900009155273,93.7200012207031,93.8399963378906,83.0470657348633,23076700
2023-08-17,93.5,93.6100006103516,93.0199966430664,93.4400024414062,82.6930694580078,32244900
2023-08-18,93.4300003051758,94.1900024414062,93.3000030517578,93.7699966430664,82.9851303100586,24181700
2023-08-21,92.6600036621094,92.7600021362305,92.2300033569336,92.5199966430664,81.8788833618164,29254100
2023-08-22,92.6399993896484,93.2799987792969,92.4599990844727,93.2300033569336,82.5072326660156,21308700
2023-08-23,94.3000030517578,95.5500030517578,94.2300033569336,95.5400009155273,84.5515594482422,38294700
2023-08-24,95.129997253418,95.5500030517578,94.8899993896484,94.9100036621094,83.994026184082,22300800
2023-08-25,94.6600036621094,95.5100021362305,94.5100021362305,95.2200012207031,84.2683792114258,23865200
2023-08-28,95.6500015258789,95.6600036621094,94.8899993896484,95.3199996948242,84.3568572998047,16037300
2023-08-29,94.9700012207031,96.5100021362305,94.9400024414062,96.3099975585938,85.2329864501953,28478100
2023-08-30,96.1600036621094,96.4000015258789,95.879997253418,96.2099990844727,85.1445159912109,17550100
2023-08-31,96.5400009155273,97.0500030517578,96.4300003051758,96.6399993896484,85.5250473022461,26959700
2023-09-01,95.8000030517578,95.8199996948242,94.620002746582,94.8499984741211,84.1926727294922,32469700
2023-09-05,94.2799987792969,94.2900009155273,93.4899978637695,93.5199966430664,83.0121536254883,29435900
2023-09-06,94.0899963378906,94.1100006103516,93.4599990844727,93.75,83.2163238525391,23636300
2023-09-07,94,94.0699996948242,93.6800003051758,94.0100021362305,83.4470825195312,18091500
2023-09-08,94.379997253418,94.9000015258789,94.1699981689453,94.370002746582,83.7666320800781,17052100
2023-09-11,93.6999969482422,93.9800033569336,93.5500030517578,93.6900024414062,83.1630249023438,17061500
2023-09-12,93.8899993896484,94.2399978637695,93.5800018310547,94.2300033569336,83.642333984375,20034300
2023-09-13,93.9199981689453,94.5299987792969,93.8199996948242,94.2099990844727,83.6246185302734,23332300
2023-09-14,93.9400024414062,94.2099990844727,93.4000015258789,93.5299987792969,83.0210189819336,27800600
2023-09-15,93.4599990844727,93.4800033569336,92.9599990844727,92.9599990844727,82.5150604248047,25642900
2023-09-18,92.8499984741211,93.5299987792969,92.8199996948242,93.4899978637695,82.9855194091797,17963400
2023-09-19,93.0800018310547,93.4300003051758,92.8000030517578,92.8000030517578,82.3730545043945,24941800
2023-09-20,93.2900009155273,93.5999984741211,93.0400009155273,93.0899963378906,82.6304397583008,29451200
2023-09-21,91.2900009155273,91.370002746582,90.6900024414062,90.6999969482422,80.5089874267578,59958700
2023-09-22,90.8099975585938,91.6100006103516,90.6699981689453,91.4300003051758,81.156982421875,29524500
2023-09-25,89.6600036621094,90.0400009155273,89.1500015258789,89.1800003051758,79.1597747802734,45587900
2023-09-26,89.4300003051758,89.620002746582,88.7099990844727,88.870002746582,78.8846054077148,38104100
2023-09-27,89.5400009155273,89.620002746582,88.0899963378906,88.4100036621094,78.4762878417969,47111200
2023-09-28,87.620002746582,88.7300033569336,87.0999984741211,88.6800003051758,78.715950012207,60238000
2023-09-29,89.2699966430664,89.4899978637695,88.129997253418,88.6900024414062,78.7248306274414,49010100
2023-10-02,87.8199996948242,87.9300003051758,86.7099990844727,86.9300003051758,77.4069671630859,44704300
2023-10-03,86.3099975585938,86.6500015258789,84.8899993896484,85.0599975585938,75.7418212890625,71362600
2023-10-04,85.7699966430664,86.3099975585938,85.370002746582,86.2600021362305,76.8103942871094,56281600
2023-10-05,86.1100006103516,86.1900024414062,85.6399993896484,85.8300018310547,76.4274673461914,35758800
2023-10-06,84.1999969482422,85.6900024414062,84.0599975585938,84.7900009155273,75.5014114379883,62787900
2023-10-09,85.5,86.8000030517578,84.9499969482422,86.7799987792969,77.2733993530273,29424900
2023-10-10,85.8499984741211,87.1699981689453,85.5199966430664,86.6600036621094,77.1665496826172,54743900
2023-10-11,87.8499984741211,88.4700012207031,87.5999984741211,88.4700012207031,78.7782516479492,58517700
2023-10-12,88.0500030517578,88.1900024414062,85.9300003051758,86.0699996948242,76.6411819458008,66986700
2023-10-13,87.5999984741211,87.8300018310547,87.1699981689453,87.6100006103516,78.0124588012695,44183800
2023-10-16,86.1900024414062,86.370002746582,85.9000015258789,86.1999969482422,76.7569427490234,38309800
2023-10-17,84.8899993896484,85.629997253418,84.5,85.25,75.911003112793,52949100
2023-10-18,84.379997253418,84.7200012207031,83.8499984741211,84.5,75.2431793212891,63724600
2023-10-19,83.879997253418,84.5699996948242,82.7399978637695,82.7699966430664,73.7026672363281,87696900
2023-10-20,82.9899978637695,83.5400009155273,82.7699966430664,83.2399978637695,74.1211853027344,52188800
2023-10-23,82.8099975585938,84.8600006103516,82.4199981689453,84.2399978637695,75.0116500854492,70890400
2023-10-24,84.4400024414062,85.3499984741211,84.0899963378906,85.3499984741211,76.0000762939453,46267700
2023-10-25,84.0199966430664,84.129997253418,83.129997253418,83.4499969482422,74.3082046508789,60737200
2023-10-26,83.4800033569336,84.8199996948242,83.4000015258789,84.7300033569336,75.4479827880859,49704100
2023-10-27,84.1900024414062,84.9700012207031,83.7399978637695,84.370002746582,75.1273956298828,32362300
2023-10-30,83.8099975585938,84.5,83.2399978637695,83.9899978637695,74.7890396118164,45026900
2023-10-31,84.370002746582,84.7699966430664,83.5500030517578,83.5800018310547,74.423957824707,37269200
2023-11-01,84.0400009155273,85.120002746582,84.0199966430664,85.0999984741211,76.0376434326172,72308500
2023-11-02,86.6800003051758,87.3099975585938,86.2200012207031,87.0400009155273,77.7710418701172,69739400
2023-11-03,88.8099975585938,89.0500030517578,87.5800018310547,87.629997253418,78.298210144043,77692300
2023-11-06,87.0699996948242,87.1999969482422,86.5999984741211,86.7799987792969,77.5387268066406,41341900
2023-11-07,87.6100006103516,88.5,87.5899963378906,88.0599975585938,78.6824188232422,37834200
2023-11-08,88.4800033569336,89.620002746582,88.4499969482422,89.5599975585938,80.0226974487305,53893400
2023-11-09,88.9400024414062,89.0299987792969,86.7399978637695,87.5,78.1820373535156,88975100
2023-11-10,88.2300033569336,88.4300003051758,87.7699966430664,87.9899978637695,78.6198577880859,36516400
2023-11-13,87.2200012207031,87.9400024414062,86.9000015258789,87.7900009155273,78.4411468505859,25661500
2023-11-14,90,90.1500015258789,89.2900009155273,89.7799987792969,80.2192611694336,65666800
2023-11-15,89.0100021362305,89.1399993896484,88.3099975585938,88.5199966430664,79.0934448242188,56205300
2023-11-16,89.3000030517578,89.9599990844727,89.25,89.620002746582,80.0762786865234,49473900
2023-11-17,90.1600036621094,90.4300003051758,89.6399993896484,90.0400009155273,80.4515762329102,44091400
2023-11-20,89.620002746582,90.6600036621094,89.6100006103516,90.5899963378906,80.942985534668,40477800
2023-11-21,90.5,90.8000030517578,89.8899993896484,90.5500030517578,80.9072723388672,27721000
2023-11-22,91.120002746582,91.3199996948242,90.379997253418,90.870002746582,81.1931991577148,31197500
2023-11-24,90.0999984741211,90.2600021362305,89.7900009155273,89.8000030517578,80.2371444702148,20199600
2023-11-27,90.3000030517578,91.3399963378906,90.2099990844727,91.3000030517578,81.5773849487305,39804400
2023-11-28,90.9100036621094,91.5299987792969,90.7900009155273,91.4800033569336,81.7382354736328,44989300
2023-11-29,92.1100006103516,92.6999969482422,91.7799987792969,92.629997253418,82.765739440918,61647800
2023-11-30,91.9700012207031,92.2900009155273,91.1600036621094,91.5599975585938,81.8096923828125,60520900
2023-12-01,91.3099975585938,93.0599975585938,91.129997253418,92.9899978637695,83.3504943847656,64172200
2023-12-04,92.4899978637695,92.8300018310547,92.0899963378906,92.620002746582,83.0188598632812,33766300
2023-12-05,93.629997253418,94.620002746582,93.5699996948242,94.6100006103516,84.8025665283203,73588600
2023-12-06,95.0800018310547,96.0500030517578,94.870002746582,95.870002746582,85.9319839477539,61606100
2023-12-07,95.1800003051758,96.0800018310547,95.0599975585938,95.3199996948242,85.4389572143555,47970200
2023-12-08,94.4199981689453,94.7200012207031,93.9100036621094,94.5400009155273,84.7398223876953,44809200
2023-12-11,94.0100021362305,94.4400024414062,93.5299987792969,94.3399963378906,84.560546875,33909700
2023-12-12,94.1500015258789,94.6999969482422,93.9000015258789,94.620002746582,84.8115463256836,36996900
2023-12-13,95.1699981689453,96.9800033569336,95.0199966430664,96.8399963378906,86.8014068603516,70828500
2023-12-14,97.6600036621094,99.0400009155273,97.4199981689453,99.0400009155273,89.0593795776367,87798600
2023-12-15,98.6900024414062,99.3499984741211,98.5800018310547,99.1500015258789,89.1582946777344,59941300
2023-12-18,98.5,98.5,98.0199966430664,98.3600006103516,88.4478988647461,34746000
2023-12-19,98.8600006103516,99.2600021362305,98.6600036621094,98.8899993896484,88.9244995117188,30018400
2023-12-20,99.1100006103516,99.6900024414062,98.5800018310547,99.5599975585938,89.526969909668,51229400
2023-12-21,99.7399978637695,99.8399963378906,98.75,98.9300003051758,88.9604568481445,65231200
2023-12-22,99.379997253418,99.379997253418,98.2399978637695,98.4800033569336,88.5558166503906,29244200
2023-12-26,98.5400009155273,98.870002746582,98.4800033569336,98.7600021362305,88.8075942993164,24019700
2023-12-27,99.7799987792969,100.529998779297,99.5,100.51000213623,90.381233215332,45082800
2023-12-28,100.089996337891,100.569999694824,99.5599975585938,99.7799987792969,89.7247924804688,36213000
2023-12-29,99.129997253418,99.8199996948242,98.8000030517578,98.879997253418,88.9154815673828,41616200
